{"type":"FeatureCollection","features":[{"type":"Feature","properties":{"fid":144,"ID":"COMMUNE_0000000009750600","NOM":"Saint-Gaudent","NOM_M":"SAINT-GAUDENT","INSEE_COM":"86220","STATUT":"Commune simple","POPULATION":312,"INSEE_CAN":"06","INSEE_ARR":"2","INSEE_DEP":"86","INSEE_REG":"75","SIREN_EPCI":"200070035"},"geometry":{"type":"MultiPolygon","coordinates":[[[[0.268353483978635,46.13135137146303],[0.268944538783511,46.13140163250805],[0.270061784169208,46.13098249555761],[0.270213297501803,46.13114111528506],[0.274015465483464,46.13002329946119],[0.274925421390709,46.13012353471772],[0.277208173765516,46.12958903731894],[0.277637011895942,46.13013993567488],[0.282302159446593,46.13064185190393],[0.284812338502025,46.13064334797444],[0.28647777216217,46.130745337406594],[0.288919167495543,46.1304865061445],[0.290132178070168,46.130145148253646],[0.291709070902406,46.1295989179443],[0.294029977763905,46.128286518519154],[0.295075468066048,46.12787173823448],[0.295451587556807,46.12744460758563],[0.296268662677336,46.12700995862572],[0.297054945314157,46.126752972029315],[0.298058458163129,46.12666333354316],[0.299081186373851,46.12676245557719],[0.299226821668331,46.12688395344645],[0.299296693218468,46.12717574252797],[0.299568876166292,46.12733268697872],[0.301546938939794,46.12776896157621],[0.301635308693849,46.12755301674136],[0.302852723012752,46.12680257091165],[0.30440180341423,46.126052780843025],[0.305314179238718,46.12546986280992],[0.306156511723029,46.125151975360765],[0.306627488047481,46.1248757281213],[0.306840913565455,46.12454020924736],[0.307279626359273,46.12428752136237],[0.307607264521332,46.12397453266254],[0.308016111236038,46.12380222477831],[0.308347347088021,46.12338930714378],[0.308641277693689,46.123234995448854],[0.309828547524699,46.12293697299208],[0.311641063256231,46.12280962289658],[0.312170288571468,46.12248067268228],[0.312465969175168,46.12258137870779],[0.312532638079459,46.12092870284088],[0.31291344895137,46.11931680157797],[0.31298596564485,46.11825893059459],[0.310487793317922,46.115856233000095],[0.310331562132903,46.11584532266387],[0.310151300108167,46.11571671113908],[0.308841339663328,46.11305019862994],[0.307287248756902,46.111533874446145],[0.306497380282441,46.11054924500048],[0.303083801269535,46.10751735384264],[0.301873685045942,46.106704705521615],[0.302588934588791,46.1044331322481],[0.302957003460175,46.10226683188891],[0.305598745948761,46.09977161450413],[0.304338135471074,46.09943622842353],[0.303437087840462,46.09919046521829],[0.30054929448184,46.09862713962696],[0.29961905388867,46.09836983863534],[0.298765118525372,46.09803595805054],[0.296100402675069,46.09670565542832],[0.295324908645267,46.09614746170294],[0.293324445101305,46.09492843105052],[0.291381691135925,46.093486386901084],[0.288449800916421,46.09529317674394],[0.285205904740993,46.093190104405615],[0.283444011100972,46.093961553128764],[0.283550009448311,46.094593905937884],[0.283415171830526,46.094649243860275],[0.282789082130637,46.09405849709609],[0.282577852798456,46.09432284375269],[0.281846877052517,46.09391518995404],[0.281462556192783,46.093856425191355],[0.281093941023199,46.09387282045592],[0.280035142810788,46.094985434274896],[0.279162379148949,46.094773489955834],[0.276517617967733,46.09461992989394],[0.274207299417868,46.09479961407109],[0.27187777001022,46.095495979201935],[0.268941824389947,46.09575421889794],[0.267370797758691,46.09611915059087],[0.266265351372499,46.09652321205699],[0.26471770407742,46.0972499842676],[0.262250823851524,46.09825460244303],[0.266023287642558,46.100448570063016],[0.266435118440126,46.10237498121883],[0.270107842789102,46.10116502029881],[0.274752291594625,46.10889663919231],[0.272299118063152,46.109566630691276],[0.269786237261201,46.10989905100498],[0.267875358594336,46.109535900981925],[0.268311087119028,46.11254681296448],[0.265276403283518,46.11224576743999],[0.262712967786314,46.11278315277209],[0.26309739158312,46.11336187492221],[0.265785726759824,46.11978523207976],[0.263931528375363,46.11955223605388],[0.262905162685784,46.1197635601475],[0.261962873313377,46.12054905729768],[0.261512006418888,46.121145474668296],[0.264934079679457,46.123849076334565],[0.263591860740393,46.12431229398505],[0.264216874436878,46.12651325475074],[0.264461260546458,46.127823833488875],[0.263665066391617,46.127964126801224],[0.261746111162083,46.1286080445357],[0.260712548577867,46.128856121623876],[0.258131873551685,46.12925514911446],[0.259351574034928,46.12966573699384],[0.261333300289392,46.13005054631711],[0.262905298689694,46.13046598901281],[0.264657384633824,46.13103892335334],[0.265324477018566,46.13114960224131],[0.268353483978635,46.13135137146303]]]]}},{"type":"Feature","properties":{"fid":566,"ID":"COMMUNE_0000000009749881","NOM":"Sommières-du-Clain","NOM_M":"SOMMIERES-DU-CLAIN","INSEE_COM":"86264","STATUT":"Commune simple","POPULATION":738,"INSEE_CAN":"06","INSEE_ARR":"2","INSEE_DEP":"86","INSEE_REG":"75","SIREN_EPCI":"200070035"},"geometry":{"type":"MultiPolygon","coordinates":[[[[0.35978076396265,46.30741889833487],[0.361781444079955,46.307179647562116],[0.362757858853475,46.306693208131875],[0.364272932133224,46.30608948674096],[0.365191328691666,46.30583503747311],[0.368772717342761,46.30451591472782],[0.37060286863824,46.303926598508795],[0.37220468531056,46.30316440456072],[0.373998491373059,46.303601306040626],[0.380925086389444,46.303297703525466],[0.380227760414001,46.30222302506661],[0.386949235904397,46.29521384061405],[0.390520420133458,46.29601740673309],[0.391280779221524,46.29588166351648],[0.395281457453049,46.29481910574437],[0.396660719389116,46.29470559093253],[0.397217058242416,46.29478678175944],[0.398738461108608,46.29367912314052],[0.400286385977219,46.29296937608881],[0.402142011322653,46.29226572836971],[0.405053772454886,46.291297816988944],[0.410342334156736,46.28690080102687],[0.411116111749751,46.287054442783386],[0.411614005725877,46.28589721725813],[0.411850930682447,46.285696283359314],[0.413085806328311,46.285277471746916],[0.414121151200814,46.28476311860393],[0.416481438228238,46.28304902094183],[0.416274333503441,46.28242626325373],[0.416477038972023,46.2794811236588],[0.411776756029721,46.27740035315268],[0.409293538933704,46.27638794662465],[0.408933384012053,46.275816648114606],[0.407776036271714,46.2748217639905],[0.40696169895912,46.27393739111598],[0.406078252041154,46.272154077102414],[0.405941065936079,46.2717590315374],[0.405857525155175,46.270917429333956],[0.405551377732287,46.27014012731937],[0.404687105385668,46.26847526281921],[0.403731246893665,46.267455194007105],[0.40443264394039,46.267375689140685],[0.404862938052052,46.26701340274671],[0.405710797096758,46.267132738840765],[0.406377234302812,46.267050623353065],[0.406912075930525,46.26689432977037],[0.407535668459759,46.26648237973084],[0.40798412275852,46.26584570191498],[0.408108188883585,46.265557516151254],[0.408061085990259,46.26501586531913],[0.407782932480805,46.26455274172877],[0.407378430025444,46.26426152612909],[0.407005809797775,46.26384580137761],[0.40692885878309,46.26346834608175],[0.406413486231801,46.26244662131425],[0.405856009225348,46.259956262275495],[0.40619593755003,46.259416224016434],[0.406109337143814,46.25907819024989],[0.406177532071853,46.258872522727934],[0.406871262764587,46.25812972066945],[0.407708873315613,46.2575848007702],[0.409168572516515,46.257068455604745],[0.410047871673274,46.256629881215794],[0.406199111158595,46.25334469297647],[0.405149385323296,46.252254916953696],[0.404613677935244,46.25133632712596],[0.401693368901854,46.251899453430305],[0.401318515824454,46.252026037969465],[0.398929741702809,46.24856129145331],[0.398172411382087,46.2488115632067],[0.39758420150325,46.24998468668484],[0.397107955444634,46.250714389302495],[0.396469088570966,46.25142234988282],[0.394663783568618,46.25270635380963],[0.393567866902457,46.25327409372622],[0.393287130488369,46.25349650916116],[0.392876596181365,46.25467187948621],[0.392709515434207,46.25482572103561],[0.391096659944081,46.25318412468127],[0.390303063121124,46.253620916747565],[0.386087780673484,46.25458730944886],[0.385712755977075,46.25362816747806],[0.385035364947877,46.252337725018144],[0.384796135732482,46.25114654574463],[0.382552775079639,46.25267707231459],[0.379396807766798,46.25449377574108],[0.378200856598203,46.25337604545747],[0.375712168639967,46.25581888560787],[0.374466934065325,46.255269396091684],[0.373523488732659,46.25460252374643],[0.371230815524677,46.253417051141334],[0.370154468467422,46.25297682823471],[0.367533834661819,46.25210534700665],[0.365387287774989,46.25177455867783],[0.361419243146654,46.25051403590427],[0.360880264013482,46.25019069654662],[0.360498540444411,46.250026872734246],[0.359170233466519,46.25061322378594],[0.358671042421214,46.25102690069146],[0.358511223750821,46.2514322370387],[0.358422950826227,46.25240054693913],[0.358868877439326,46.25341459392944],[0.359467412696306,46.254065480148824],[0.35953747740783,46.25428244094885],[0.359470063259434,46.25449531049871],[0.359042740667229,46.25500706255256],[0.358742138703408,46.255207311532054],[0.357693023903927,46.2553613495999],[0.356404423376182,46.25579452553183],[0.355778429135501,46.2559277420592],[0.355205351714769,46.25612165011387],[0.354396835745378,46.25661821853354],[0.354193689603518,46.25730094663946],[0.3541858539514,46.257973799968],[0.354542493857698,46.258603770781235],[0.35450852156188,46.258849850740724],[0.354364464846939,46.25898164936416],[0.352297927748647,46.260457152253196],[0.351805286485093,46.26035649174608],[0.351191864137636,46.2608728958594],[0.350478757215672,46.26119416517215],[0.350371916492071,46.261093470217915],[0.350153292845721,46.261182082350366],[0.350408691033577,46.261702491804684],[0.350317926715741,46.26202112948918],[0.349198186848033,46.262691515392454],[0.348106138233954,46.26292375572629],[0.34490556122746,46.263186100141766],[0.343746552836182,46.26345908355381],[0.343533377902537,46.26509480719962],[0.343035657899983,46.26616887945482],[0.341956253158749,46.26785104857779],[0.341137059019112,46.26869506134262],[0.34058413500925,46.26945969659641],[0.340547300159239,46.270003934145414],[0.339793749587859,46.27176848078294],[0.3396123265856,46.272640902762916],[0.338457231282669,46.27480600617282],[0.335031862333232,46.27435916025075],[0.327919824218406,46.274269915531214],[0.327979126408191,46.27555702484736],[0.328199289150244,46.27631722475242],[0.328167363309592,46.27747695426449],[0.327663422780155,46.27965453797073],[0.327963544554166,46.28141221150965],[0.328249060796833,46.28171263608645],[0.329703442612155,46.28277298865896],[0.330245992511295,46.283319100013685],[0.330533469713349,46.28344657391844],[0.331332379607825,46.28321302621068],[0.33147020619772,46.28331806887715],[0.331672494252123,46.28324712699299],[0.332564321084841,46.282386857073334],[0.333201277038479,46.28251620514916],[0.333469953497467,46.282949567893176],[0.333537734513943,46.28358545257412],[0.334493006980664,46.28555756403038],[0.335620421936103,46.28557043862838],[0.336384184330569,46.285445052447386],[0.336319490878344,46.28530568758673],[0.337089363351574,46.285081330992746],[0.337527702800692,46.28536728511843],[0.338019423420676,46.28591847512093],[0.338384688317099,46.2860504501053],[0.338740785039763,46.28578307190099],[0.339033240068927,46.28580882827679],[0.339432636194153,46.285399202948646],[0.340096087895204,46.285599407413656],[0.340700131128161,46.28672803907716],[0.341338726038982,46.28709253581202],[0.341728627918631,46.28722597597092],[0.341755705027904,46.28768521037489],[0.342083398422281,46.28832355118914],[0.3424325508672,46.28809203892898],[0.342495912866348,46.288339487117106],[0.34283890161363,46.28868986685374],[0.342974867833659,46.28923543346769],[0.343519855282286,46.289521148613986],[0.343987580774969,46.28995282040697],[0.345060894091663,46.29019859350714],[0.346788044889967,46.29079115602207],[0.350684131450898,46.293672218302575],[0.351522829927691,46.2935845116386],[0.351904664560623,46.2937249354392],[0.352346825053568,46.29431094471222],[0.354255039528023,46.296377999825175],[0.355065751926792,46.297569008592696],[0.356724939037997,46.300920435549315],[0.357479650660961,46.301820008657195],[0.35811772544628,46.305189156381346],[0.358471680811884,46.30631277753909],[0.358662917500566,46.30657939731065],[0.35978076396265,46.30741889833487]]]]}},{"type":"Feature","properties":{"fid":576,"ID":"COMMUNE_0000000009749671","NOM":"Saint-Secondin","NOM_M":"SAINT-SECONDIN","INSEE_COM":"86248","STATUT":"Commune simple","POPULATION":531,"INSEE_CAN":"10","INSEE_ARR":"2","INSEE_DEP":"86","INSEE_REG":"75","SIREN_EPCI":"200070035"},"geometry":{"type":"MultiPolygon","coordinates":[[[[0.550393153438467,46.33176960604736],[0.546119492635527,46.32924791288135],[0.546528055059951,46.328199946632694],[0.546560646413023,46.3278213665461],[0.546542057034883,46.3275110542878],[0.546302608343857,46.32705094022425],[0.541086563156746,46.32360693663761],[0.538852976773617,46.32203617319511],[0.536185850238613,46.319873999479626],[0.535738123334649,46.31968143116349],[0.53517288450679,46.319643978323356],[0.534829449651602,46.319445554384124],[0.533362567063749,46.316450703130464],[0.531956448431585,46.31683827325602],[0.529327624726457,46.31884798915048],[0.528723462442572,46.3188952467798],[0.527544505622692,46.31917417642359],[0.527143856471108,46.319407826986065],[0.526677092584885,46.319838242202984],[0.525527123485651,46.320165529415306],[0.524418830505015,46.31974414906099],[0.523384770814916,46.31949284257548],[0.522094489731069,46.31944406578788],[0.521037180254629,46.319218358552156],[0.520774679793088,46.31930093639125],[0.52051130101304,46.31739517019022],[0.520448199244589,46.315918994965614],[0.52085980402885,46.31535767226352],[0.519512463343936,46.315336451672565],[0.51849357160194,46.315526878596835],[0.517841418466123,46.316001869764435],[0.516078127794269,46.314918370823214],[0.508650007496747,46.311524556613385],[0.505490629889722,46.31195452605718],[0.505677405505962,46.31133697894393],[0.504930742657998,46.31157378632444],[0.503442777983165,46.312527696798995],[0.501277529724157,46.31103063419622],[0.501122740251964,46.31114616075655],[0.499944728974668,46.31038065273655],[0.500042266419691,46.31023774442908],[0.499891971467615,46.30997047464059],[0.499994732305726,46.30971326348714],[0.499891994097053,46.30960019474261],[0.49914788777618,46.30918384918966],[0.496512284753629,46.307345721770005],[0.492792687166307,46.30513861714444],[0.488484078390533,46.3032526420668],[0.48588731465321,46.30154484409387],[0.48498645724284,46.300669069032445],[0.484685389182255,46.30048854024684],[0.484470523123632,46.2994792552561],[0.484207321472966,46.29898423509787],[0.483887481726528,46.29861859807755],[0.483951518484563,46.29807404779619],[0.483535392687249,46.2966368751329],[0.482495700482716,46.29508050743954],[0.479597183537777,46.29403887838583],[0.471075652298416,46.28963716553664],[0.469687497032576,46.28916306460922],[0.46796318481756,46.28845533563989],[0.467796420287571,46.288604786742724],[0.466880670654504,46.2881456600215],[0.465508579136727,46.29016026035933],[0.465047453358543,46.28942563952949],[0.463752965627525,46.28900670578064],[0.462726752200958,46.28922079031965],[0.461717802933521,46.288698280521174],[0.460200652038846,46.28831758666952],[0.459222410809024,46.287918266962656],[0.456747139303908,46.287713448436534],[0.454980970867167,46.287770385622835],[0.452485775925532,46.288105595636516],[0.450389892879667,46.28865601036279],[0.449229935614424,46.28911744247226],[0.44994344538153,46.28953524612112],[0.450167317745837,46.28977901025567],[0.450215591119305,46.289998120096875],[0.450386792367567,46.29006141608567],[0.450965161553845,46.29243213878334],[0.447204618667095,46.29224879111602],[0.445188189142869,46.29195580731162],[0.445443877669132,46.293048986937684],[0.444643868905876,46.296180748463684],[0.444831330072026,46.296786787407505],[0.445350651853092,46.29741198323642],[0.443228943192551,46.29672559597456],[0.44085044783554,46.296055921230135],[0.439423112416746,46.2960319445636],[0.437348799706303,46.29638981039704],[0.438709483975484,46.29786554481258],[0.441717064818446,46.30148378347926],[0.442994720003696,46.3031558036822],[0.444172687533264,46.30423635158909],[0.445408560615464,46.30499654723193],[0.445304707247334,46.306663670553945],[0.44460848296763,46.3084877842425],[0.445460664656714,46.30894746182194],[0.444697527135243,46.309642992473385],[0.444487028274708,46.3100022521651],[0.447038302914515,46.314282188978154],[0.44660631455685,46.316656405825555],[0.445928166628166,46.317479082356634],[0.445203377060081,46.318743073093266],[0.445259389499171,46.319353367682815],[0.445414748677314,46.3194514505906],[0.445499972326194,46.31977049396185],[0.445464206190367,46.32020214530032],[0.445284931775617,46.32056030505935],[0.444309692595782,46.32167272172034],[0.444158141475811,46.322299983300155],[0.444292047039046,46.32291292656286],[0.446339212250368,46.324967032473225],[0.446979373372274,46.3267147931058],[0.447572218911966,46.32733170676337],[0.446328294630358,46.328236311235464],[0.446383056025593,46.33115749480486],[0.446814238709216,46.33183925989915],[0.447437750089532,46.33377854204773],[0.447573325166892,46.33391131443199],[0.448051729174429,46.33550498363253],[0.448215106089781,46.336407781841686],[0.45094517583567,46.33825274157719],[0.452583090678595,46.33964347701992],[0.45454204818766,46.34009176793072],[0.461593431780168,46.34486183031313],[0.46187054823361,46.34494548197474],[0.462287240686785,46.3446006924875],[0.463433524929438,46.344232499562224],[0.464375292518935,46.34445886749836],[0.465308507660638,46.34444899246397],[0.467078377836616,46.344716273478255],[0.468656758774513,46.344652235356875],[0.469484879606463,46.34435529723539],[0.470218133363889,46.34464635863538],[0.469889395984101,46.34511565527889],[0.470885587212901,46.34576931751382],[0.47092649093279,46.345728782218565],[0.472212609326617,46.3462744464843],[0.477294135450019,46.34743030135757],[0.479243391729142,46.347619375414915],[0.479670745971851,46.34960906669487],[0.480409563079916,46.35124977313591],[0.482965419053982,46.35061612556417],[0.483862499554764,46.35043232056923],[0.484345610082432,46.350423162737876],[0.485787112146011,46.34991531055601],[0.486987321751112,46.34936338167468],[0.488354227788728,46.34911872567528],[0.489372003462464,46.34905375691654],[0.490032387008354,46.34889532233287],[0.49116331774365,46.348349032758584],[0.494643772861532,46.34879676307677],[0.496881285942298,46.34871618605865],[0.497585956064215,46.34886859802782],[0.498033414905717,46.34875679570161],[0.498612726424622,46.34849292654773],[0.499408532014083,46.34833110357544],[0.499428108436948,46.34852883485364],[0.500922122540403,46.34928684047663],[0.500556727146361,46.3500509184931],[0.502787301789969,46.35017998693414],[0.502962311509189,46.35056400897369],[0.503729411296278,46.351543892952776],[0.50626089303935,46.353691232091236],[0.506845202324876,46.354544569010585],[0.507661848048218,46.3552966736801],[0.50799995618273,46.35595723018536],[0.508609904411484,46.3568201262909],[0.510373187522375,46.356816302488646],[0.510909545814192,46.35695324133015],[0.511369459826498,46.35728310686144],[0.512427823246956,46.35752963161565],[0.513110923256894,46.35744453259565],[0.513352338986694,46.357343490351425],[0.514966847253753,46.357435450772435],[0.515304053029386,46.357316672235434],[0.516139469951439,46.35674297534878],[0.520533163656045,46.35683771457335],[0.522012573801741,46.35646536987292],[0.522622522076347,46.35598402485115],[0.525927763800813,46.35660986111291],[0.529361546724643,46.35813569169001],[0.530220226160198,46.35905971021142],[0.530330830817998,46.35931886526209],[0.531618574692466,46.35356742012806],[0.532219422266564,46.34904885350492],[0.532978797456573,46.34611751420274],[0.538196263196773,46.34763122963929],[0.542277217268661,46.34798145625538],[0.542857762914325,46.34699036245817],[0.545376572408661,46.345913994465555],[0.54491808148969,46.345723939017624],[0.544389410723152,46.34492425831709],[0.544107986653638,46.34464431965047],[0.543881592996059,46.3445583599509],[0.54541612277727,46.34004994986486],[0.545485362287598,46.339869458004664],[0.545699459019778,46.33970740098725],[0.546348491686434,46.33976642082169],[0.547335505404456,46.34009127055588],[0.547631703406868,46.33928773038869],[0.548282577473655,46.33675307267854],[0.547799287809615,46.33407239026772],[0.549325427523349,46.33281332118264],[0.550393153438467,46.33176960604736]]]]}},{"type":"Feature","properties":{"fid":622,"ID":"COMMUNE_0000000009749678","NOM":"Anché","NOM_M":"ANCHE","INSEE_COM":"86003","STATUT":"Commune simple","POPULATION":329,"INSEE_CAN":"09","INSEE_ARR":"2","INSEE_DEP":"86","INSEE_REG":"75","SIREN_EPCI":"200070035"},"geometry":{"type":"MultiPolygon","coordinates":[[[[0.302766696179234,46.35409624556303],[0.303107178769664,46.353024008495886],[0.30488241711704,46.349005212549635],[0.302378336897268,46.34735932350423],[0.301759853563654,46.34623555781398],[0.300995173053052,46.34520112872694],[0.300199781538686,46.34449933508473],[0.299825221269569,46.34439135230389],[0.297807067472957,46.34418674853213],[0.297680192773488,46.34375306338094],[0.297457405340538,46.34375949380491],[0.295216602317508,46.34390095325735],[0.292991775688972,46.34450766427693],[0.291134277302008,46.34484195179519],[0.29079569021777,46.34482219101911],[0.290346606307629,46.34461689916902],[0.289107528519301,46.343472895715315],[0.288506991798576,46.34317389349908],[0.28748943994639,46.342391036630005],[0.286406529471666,46.342112977194404],[0.2841910852304,46.341875500396355],[0.283569439545653,46.34153091784961],[0.282528801069895,46.340455538477066],[0.281627257847937,46.34048179113787],[0.281247466113061,46.340218648136876],[0.280561847399122,46.340271667314745],[0.278578865524386,46.339939614189156],[0.277133075211325,46.339870841866706],[0.275726058340001,46.33952006178646],[0.275482482603976,46.338899751988755],[0.275550580146456,46.33719397119023],[0.274895598289794,46.33571957890194],[0.277241224408055,46.33558373307764],[0.280129484027778,46.335522060500125],[0.283222335578433,46.335321932993445],[0.284123107732105,46.33434058685366],[0.283910710269876,46.33395530064471],[0.284668328352609,46.33349852705496],[0.285447546253766,46.333863978813554],[0.287742691151969,46.33361589346754],[0.288416313046239,46.33361931091055],[0.288633912782727,46.33316587835328],[0.288823254945952,46.333019916017854],[0.288617003167858,46.33235277154573],[0.287989372359428,46.331658479186274],[0.287399900582209,46.33134891879299],[0.287322996057343,46.33116868931479],[0.287713900021185,46.33060405567068],[0.287960765627468,46.33000625948821],[0.287969580589948,46.32969742517068],[0.286864440240127,46.327775403596895],[0.286171241508613,46.32819407994561],[0.285763350341564,46.3286817184084],[0.285188389337612,46.32975733493016],[0.285161590869447,46.33003510678045],[0.284443526905265,46.330010787790016],[0.28368439872442,46.33013234913928],[0.28216975788733,46.33095669167728],[0.278801007630104,46.33082493294795],[0.278684171540985,46.33055904865113],[0.277314575888194,46.32964424434348],[0.275891971498695,46.32908945932001],[0.275727217437888,46.32889811056341],[0.275716880278025,46.32866179925446],[0.270698931283616,46.32980943221429],[0.270480797878153,46.32928072007425],[0.2704820177636,46.328891512871],[0.270722723086452,46.32847290304829],[0.270762786033823,46.32803507071598],[0.270947238271155,46.32783135548694],[0.271210736755854,46.32706009474053],[0.271158504052288,46.32672546997839],[0.270876856974777,46.326218663264434],[0.27144896047343,46.325231343226555],[0.271552727021092,46.32429857958148],[0.271317220039698,46.32383162202332],[0.271366925142441,46.32359134166837],[0.269169773100947,46.32357654083479],[0.267527747022958,46.32372187799156],[0.266858329098353,46.32348056777185],[0.265818177619324,46.3228249011024],[0.265740702351372,46.32276177286144],[0.264666514345403,46.3230990956768],[0.263721801003235,46.32329175216853],[0.262241259162056,46.32384814998577],[0.260518269705795,46.324259042569736],[0.260154951421394,46.32426832624872],[0.259214874533281,46.3245493572112],[0.259200103779167,46.32593386210729],[0.259372522704216,46.32747604209945],[0.25897872501207,46.32913074357537],[0.259129767573691,46.330321013346186],[0.259015271531745,46.33055522597566],[0.256812559971732,46.33201952716983],[0.255795353803134,46.33331592312483],[0.255625403625521,46.33369566282165],[0.255289421416101,46.333962380355864],[0.252207410037331,46.33448908119936],[0.250294213821055,46.3344059893306],[0.247424628778686,46.334923272003486],[0.246362463076773,46.335014742483494],[0.245341433360017,46.33501259051027],[0.244897060913405,46.334692797747266],[0.245171017093801,46.33521930939019],[0.242615015345012,46.33599093318824],[0.239490874893634,46.33708932622381],[0.239609706928459,46.33726069580855],[0.238610015172934,46.337865389219026],[0.237958321884978,46.33855960130779],[0.237105302300174,46.33901556440881],[0.236916022811405,46.33910558268008],[0.235570874375483,46.33923424359002],[0.234971380887772,46.339461173967585],[0.234511309818256,46.339529300502754],[0.23326832865022,46.339952345583995],[0.232490918452635,46.340095653701674],[0.232293632344378,46.34036927906664],[0.231817914940053,46.34054063281006],[0.231716271897925,46.34067241649478],[0.232051394373482,46.340759846531206],[0.232900269945497,46.3414409112074],[0.23353221800876,46.34178152270086],[0.233558645483134,46.341902000338166],[0.233313261781138,46.34225194793578],[0.233336401403547,46.34272014089707],[0.234154193608834,46.3432193347331],[0.234279011612589,46.34363232927857],[0.234894717321824,46.34426897463949],[0.235694707983184,46.344889362556266],[0.235906140731824,46.34497918653863],[0.236298689383677,46.34496077430101],[0.236611549973158,46.3452575883651],[0.237122344811569,46.34537088626589],[0.23765689614263,46.345477549429994],[0.237862946298002,46.34533928077034],[0.23797782625471,46.345357382162305],[0.238160039547604,46.34545910802453],[0.238362419021848,46.34580549895463],[0.23849296586633,46.34584830697895],[0.238605630769704,46.34583301625793],[0.238747099525172,46.34558235574329],[0.239353453988892,46.34573580140251],[0.239497449101767,46.34589876975432],[0.239879795558594,46.346314389860744],[0.240508199467433,46.34667559770524],[0.240403267362623,46.346846954063786],[0.240969645948427,46.346967887061446],[0.241077839557472,46.34740209457666],[0.241359914691563,46.34769094121748],[0.241366745960133,46.347993849191624],[0.242033162058908,46.34824694448866],[0.24214692352294,46.34854523145555],[0.242087204924304,46.348723089362885],[0.242136808693971,46.34879727213891],[0.242360088255917,46.348833308974065],[0.242425707007269,46.348951127994106],[0.242422012288606,46.34905015071986],[0.24223859716512,46.349178163031],[0.242919394527539,46.34932708241134],[0.243127724302899,46.34947898749649],[0.244749521355879,46.35117157006802],[0.24658607362942,46.35273596382806],[0.246410181497547,46.35294705814975],[0.246562316692285,46.353285010413686],[0.247511727278145,46.353579145314974],[0.24758132182497,46.353670026394596],[0.24740005944811,46.354504496043084],[0.247681130011126,46.35471130834347],[0.24801626694963,46.35513657006911],[0.249141402789893,46.35568901888579],[0.249664806483783,46.355838602358325],[0.252509819440683,46.355443184406134],[0.252803067437721,46.35553765017883],[0.255201747534993,46.35757675892509],[0.255394374154351,46.35760211994673],[0.255858763106347,46.35747634537213],[0.256017845502591,46.35754775055059],[0.256055860769214,46.3577495914241],[0.255910221084645,46.35834345735602],[0.25601547773753,46.35863161192236],[0.256777597285798,46.359133796818845],[0.257339051766487,46.359900551556436],[0.258025439461808,46.3604342428388],[0.258198274712157,46.36080240826293],[0.258839682237425,46.36145484686791],[0.258822638012587,46.361613015047624],[0.258377730908431,46.3620762490562],[0.258387367322226,46.362325159919514],[0.258518744275041,46.36245626266731],[0.259445910376368,46.36291284057245],[0.259766995121933,46.36408826799366],[0.260125925424539,46.36445729816841],[0.261021647851562,46.36598350620277],[0.261729632084439,46.366478046447845],[0.262461110851383,46.36793272077599],[0.263124036088106,46.368262185917274],[0.263072470247388,46.3689538239171],[0.263333760815825,46.369194357594914],[0.263209350979013,46.36954727002687],[0.262661388526549,46.370352232758925],[0.26243406143461,46.3709405401151],[0.262528194342273,46.371140120890175],[0.263199927754444,46.37137248705839],[0.263220776530931,46.371527960881785],[0.262563079899603,46.37205458110342],[0.262420103313521,46.37254400040723],[0.26182221299306,46.37330541376862],[0.261269026744337,46.37356423401233],[0.260852112462218,46.37429845377518],[0.26038729816841,46.374637780510206],[0.259800123848748,46.374847123039345],[0.26115117807605,46.37508410856142],[0.262674819463689,46.376085671458725],[0.263522047207493,46.376350177627074],[0.263863465256057,46.376369181778095],[0.264522839001681,46.376641787102876],[0.265077529755226,46.376717260497095],[0.26495936147078,46.37626932903655],[0.264311831769168,46.37544829676834],[0.264275537892835,46.375185232921815],[0.270463785650777,46.375243417921105],[0.272013554150405,46.37434345685444],[0.272727958779087,46.37413979861331],[0.276206250224435,46.37421662493577],[0.275435853667042,46.37191507863798],[0.275807801293393,46.37142571015574],[0.277021886745902,46.371328567859926],[0.277355031082523,46.37122569933377],[0.278788379421604,46.37114278347284],[0.279764882672056,46.37069305659562],[0.280650287947781,46.37055649980542],[0.282626799547987,46.370674797464545],[0.285196481568994,46.370460299461875],[0.287426216557258,46.37011872581719],[0.288606861893213,46.37006481481701],[0.289143675069018,46.37013253897347],[0.290533405542385,46.36966821859747],[0.291129460918304,46.36964363737135],[0.292247610088128,46.3684078979431],[0.292527159631598,46.36770455027465],[0.293071629071829,46.367144443228526],[0.293524041760803,46.36605146146151],[0.293591525159756,46.365319651657735],[0.293872579372435,46.36466408975935],[0.293973764705396,46.363619532640676],[0.294335857338288,46.36329836106673],[0.295283373147841,46.3630343256762],[0.295779281826583,46.36279651289823],[0.296379565053277,46.36223771548092],[0.297180032437614,46.36081510070911],[0.297707363206893,46.360283399358394],[0.298289695527505,46.35906013329988],[0.299308930504324,46.357421945634584],[0.29931991008574,46.35648877403056],[0.298998979014903,46.355715323975865],[0.298845185830116,46.35364028949061],[0.298510766930536,46.35292958738583],[0.301906647398232,46.35367314782608],[0.302766696179234,46.35409624556303]]]]}},{"type":"Feature","properties":{"fid":623,"ID":"COMMUNE_0000000009749884","NOM":"Brux","NOM_M":"BRUX","INSEE_COM":"86039","STATUT":"Commune simple","POPULATION":765,"INSEE_CAN":"09","INSEE_ARR":"2","INSEE_DEP":"86","INSEE_REG":"75","SIREN_EPCI":"200070035"},"geometry":{"type":"MultiPolygon","coordinates":[[[[0.139487571584496,46.240118024381005],[0.13816871118095,46.243437739867346],[0.137916567818935,46.24450997940064],[0.137636884465411,46.245015652437495],[0.137315845044951,46.245616698928984],[0.136277030333628,46.24844424969925],[0.13599084516323,46.24954536448649],[0.135294729714755,46.251207437635486],[0.135233882233103,46.253164836741846],[0.134929482424236,46.25366988212802],[0.134274245041472,46.25435081082896],[0.133553351376664,46.2557644563705],[0.1310089949043,46.262450271291996],[0.130658183095778,46.263640754781406],[0.130252687265665,46.263470138821006],[0.130289302865602,46.26396124608021],[0.129978452232036,46.264959004839234],[0.12880505944705,46.26748935707201],[0.13044208639487,46.26751532679967],[0.131244056246041,46.267757208787025],[0.132679378557839,46.26776454550474],[0.132801873730073,46.2669638754069],[0.135586070631311,46.26661859157789],[0.13795890256271,46.26651159133949],[0.139671354502786,46.26616267885376],[0.141479908875985,46.265988259161546],[0.14229884463244,46.26612956916264],[0.142366603100434,46.26625021158378],[0.141860356355899,46.26756026692583],[0.143560119923866,46.26795255570194],[0.145693621405819,46.26815025409643],[0.148860889709748,46.26760881004415],[0.150827260099666,46.26734808850142],[0.152274706004733,46.26702208824699],[0.153030496586123,46.267029283547906],[0.154159031260818,46.266914239956705],[0.154540898817876,46.266991367951235],[0.154911238730231,46.26724030946683],[0.155408102217505,46.26737977932809],[0.155892260532782,46.267238699027224],[0.156356137562104,46.26736292334511],[0.157140257382618,46.267350074647766],[0.157666206560325,46.267004588747334],[0.158494494985778,46.2671919685296],[0.158785731169497,46.266912702120216],[0.159056631822017,46.266950100945714],[0.159480305168985,46.26679758415036],[0.159670361692432,46.26654011888386],[0.163701310121821,46.26813100178873],[0.165265262433553,46.268890813603754],[0.165736919049403,46.26949275344049],[0.165960500746909,46.27026872570634],[0.1662667748717,46.27085302873187],[0.167473668097425,46.27042983910417],[0.167608158358288,46.27044219667228],[0.167900852623198,46.27149020133271],[0.167936764750179,46.273056231056486],[0.168367295652069,46.27420317522912],[0.168782424712049,46.27466853540196],[0.17013031073794,46.27571664322034],[0.171486759332593,46.2771280717026],[0.172000808854127,46.27784276582565],[0.172297401146162,46.278767407672184],[0.175212102409233,46.2784424094467],[0.178680386377678,46.278242789862226],[0.180572418469379,46.27784004349366],[0.182972590680967,46.276729002369756],[0.183954715967986,46.27597659848111],[0.185787151109448,46.27432974652626],[0.186235866586838,46.27401826411925],[0.187271596272948,46.27351044211147],[0.187432443668696,46.273692824497836],[0.188246818274844,46.27402831189624],[0.190220698540617,46.27574759764182],[0.191639522254696,46.275117639204765],[0.192586579191147,46.275375273656],[0.1933264722468,46.27546650475722],[0.194147175817359,46.27545159748473],[0.195260211068408,46.27528530384723],[0.197107398789249,46.27397743503682],[0.204106490367621,46.2743730299177],[0.204634890203382,46.2743310443195],[0.205633025848043,46.273970807969974],[0.206930230136381,46.27302051207024],[0.210214494000893,46.27198556971767],[0.211524295401941,46.27183115098557],[0.21309075266636,46.27135682593461],[0.216518488462805,46.27135420464306],[0.217090451669511,46.271297909900426],[0.217688940743979,46.27112873008654],[0.218147587737358,46.26977396901145],[0.217990473066819,46.267905883041806],[0.218158000113747,46.26721708041115],[0.218505174256858,46.26677684936982],[0.219609991476625,46.26615329728627],[0.220429001188292,46.26514522070348],[0.220999861604952,46.264750992457614],[0.221814199621632,46.264627610127924],[0.222937453157406,46.2645865465944],[0.224458937651562,46.26394248131163],[0.226620357557964,46.26333381642748],[0.227626233193189,46.263326789163564],[0.22835821080713,46.263495091333766],[0.229041835374737,46.26225750066907],[0.234287998790826,46.26191478199635],[0.235535334241383,46.26160179693182],[0.236925549271487,46.26100574021818],[0.239556861028032,46.26006405098917],[0.241695432796567,46.259489693321164],[0.244082346028794,46.25914206301748],[0.248270411164761,46.258675768074205],[0.248239118436539,46.25854886773144],[0.250061580140028,46.257308062261366],[0.250193930566895,46.25710402485729],[0.251497698440354,46.25680124357243],[0.251278420568189,46.2560201644559],[0.249465396781978,46.253480512291986],[0.247156954134166,46.25123969525267],[0.245454331176673,46.248603527754305],[0.244487155369866,46.247588976155804],[0.244015530625207,46.24699909208817],[0.243603868996514,46.24588896294438],[0.243601576355377,46.24534108186819],[0.243883542189969,46.24420270563372],[0.243592814467997,46.2428576337638],[0.243220236290705,46.242519729907976],[0.241637515783699,46.24171458764944],[0.23937240881742,46.239995437249746],[0.238974291841482,46.23959833148207],[0.238546536312302,46.238758999280684],[0.238181686194271,46.23729047028212],[0.237652872798392,46.2359323887112],[0.23755837459046,46.235334511555706],[0.236894145716791,46.2348597523671],[0.233078304006229,46.23256666677687],[0.233019796489677,46.23123171286228],[0.23275011609016,46.23068453108094],[0.226161215402049,46.229629296519796],[0.225821711200258,46.22951379231201],[0.226606339380178,46.226992004079115],[0.226445614521937,46.22678174691931],[0.225436573315445,46.22645438522667],[0.225801467738896,46.225247787354576],[0.226226189678956,46.222936173737665],[0.223918820754699,46.22222931975613],[0.223841366072547,46.22206704400549],[0.222613157576332,46.222812847647944],[0.222358986639443,46.222807540641085],[0.222025924216404,46.22269398323513],[0.219780629005143,46.221276738296325],[0.219356814577302,46.22121231315752],[0.215987123364925,46.221130765293545],[0.21390684700172,46.22081220588556],[0.213464161855081,46.22060853557139],[0.212331007388746,46.21966259864404],[0.211502876782167,46.2193809909069],[0.206233401449916,46.21878039874133],[0.203833803282508,46.21882053149957],[0.202529238134997,46.218998387957164],[0.201392227445485,46.21879290302853],[0.199816718673064,46.21997954141725],[0.199615045722763,46.22003945044027],[0.199542962299119,46.22020527023648],[0.198043827258447,46.2211153425965],[0.196387273683178,46.22225939247175],[0.194123431628055,46.22410657441531],[0.192718121547939,46.22510719906956],[0.191140822246329,46.22637207304956],[0.190232732881788,46.22696596002189],[0.188012530102689,46.22808155190932],[0.187134115181459,46.228728410379716],[0.185487501422446,46.22959413239717],[0.185274943339166,46.22968798787051],[0.184697322824036,46.22915468380078],[0.18332298918552,46.228309705645906],[0.181401753103301,46.228834276482296],[0.179896637227885,46.22879065701062],[0.179056727359465,46.22972134215143],[0.178348523297595,46.23016151046908],[0.178936688118078,46.23094289996574],[0.179109519891455,46.23230147392931],[0.17944565918146,46.23379204706732],[0.177915774076971,46.23367210177792],[0.177680098932544,46.23340765076973],[0.177095400472684,46.23323905974383],[0.176348865339542,46.2333133375778],[0.175468228531419,46.23359602887195],[0.175812983238605,46.235094037232024],[0.172820554615099,46.23483137498139],[0.17236753669961,46.23490391215452],[0.171251502347378,46.23531858166579],[0.171740006402182,46.23576594100241],[0.1732604270262,46.23760495154274],[0.168610367934543,46.23938782960656],[0.16791668864708,46.23961835238924],[0.164549953760687,46.240210275829845],[0.160622042393186,46.2411295981389],[0.157217754852357,46.24119054580727],[0.155418446169991,46.24147895956125],[0.152462142588059,46.24136534762964],[0.150971572007344,46.241410022253014],[0.14912232583753,46.241160050526354],[0.145066470718494,46.24081504175178],[0.142215099418039,46.240756958865845],[0.140596552251873,46.24049191801993],[0.139487571584496,46.240118024381005]]]]}},{"type":"Feature","properties":{"fid":625,"ID":"COMMUNE_0000000009749675","NOM":"Champagné-Saint-Hilaire","NOM_M":"CHAMPAGNE-SAINT-HILAIRE","INSEE_COM":"86052","STATUT":"Commune simple","POPULATION":994,"INSEE_CAN":"06","INSEE_ARR":"2","INSEE_DEP":"86","INSEE_REG":"75","SIREN_EPCI":"200070035"},"geometry":{"type":"MultiPolygon","coordinates":[[[[0.265818177619324,46.3228249011024],[0.266858329098353,46.32348056777185],[0.267527747022958,46.32372187799156],[0.269169773100947,46.32357654083479],[0.271366925142441,46.32359134166837],[0.271317220039698,46.32383162202332],[0.271552727021092,46.32429857958148],[0.27144896047343,46.325231343226555],[0.270876856974777,46.326218663264434],[0.271158504052288,46.32672546997839],[0.271210736755854,46.32706009474053],[0.270947238271155,46.32783135548694],[0.270762786033823,46.32803507071598],[0.270722723086452,46.32847290304829],[0.2704820177636,46.328891512871],[0.270480797878153,46.32928072007425],[0.270698931283616,46.32980943221429],[0.275716880278025,46.32866179925446],[0.275727217437888,46.32889811056341],[0.275891971498695,46.32908945932001],[0.277314575888194,46.32964424434348],[0.278684171540985,46.33055904865113],[0.278801007630104,46.33082493294795],[0.28216975788733,46.33095669167728],[0.28368439872442,46.33013234913928],[0.284443526905265,46.330010787790016],[0.285161590869447,46.33003510678045],[0.285188389337612,46.32975733493016],[0.285763350341564,46.3286817184084],[0.286171241508613,46.32819407994561],[0.286864440240127,46.327775403596895],[0.287969580589948,46.32969742517068],[0.287960765627468,46.33000625948821],[0.287713900021185,46.33060405567068],[0.287322996057343,46.33116868931479],[0.287399900582209,46.33134891879299],[0.287989372359428,46.331658479186274],[0.288617003167858,46.33235277154573],[0.288823254945952,46.333019916017854],[0.288633912782727,46.33316587835328],[0.288416313046239,46.33361931091055],[0.287742691151969,46.33361589346754],[0.285447546253766,46.333863978813554],[0.284668328352609,46.33349852705496],[0.283910710269876,46.33395530064471],[0.284123107732105,46.33434058685366],[0.283222335578433,46.335321932993445],[0.280129484027778,46.335522060500125],[0.277241224408055,46.33558373307764],[0.274895598289794,46.33571957890194],[0.275550580146456,46.33719397119023],[0.275482482603976,46.338899751988755],[0.275726058340001,46.33952006178646],[0.277133075211325,46.339870841866706],[0.278578865524386,46.339939614189156],[0.280561847399122,46.340271667314745],[0.281247466113061,46.340218648136876],[0.281627257847937,46.34048179113787],[0.282528801069895,46.340455538477066],[0.283569439545653,46.34153091784961],[0.2841910852304,46.341875500396355],[0.286406529471666,46.342112977194404],[0.28748943994639,46.342391036630005],[0.288506991798576,46.34317389349908],[0.289107528519301,46.343472895715315],[0.290346606307629,46.34461689916902],[0.29079569021777,46.34482219101911],[0.291134277302008,46.34484195179519],[0.292991775688972,46.34450766427693],[0.295216602317508,46.34390095325735],[0.297457405340538,46.34375949380491],[0.297680192773488,46.34375306338094],[0.297807067472957,46.34418674853213],[0.299825221269569,46.34439135230389],[0.300199781538686,46.34449933508473],[0.300995173053052,46.34520112872694],[0.301759853563654,46.34623555781398],[0.302378336897268,46.34735932350423],[0.30488241711704,46.349005212549635],[0.303107178769664,46.353024008495886],[0.302766696179234,46.35409624556303],[0.302656390457008,46.35477568865933],[0.305610387973652,46.35559066860467],[0.314237862901577,46.35707185934794],[0.315111881339941,46.35731949641198],[0.317332382449424,46.358237620498514],[0.318125119363588,46.358657211734005],[0.318810608181526,46.35919410634663],[0.32191126314678,46.362549279453035],[0.322846864801478,46.363189328646406],[0.323971512150619,46.363716678666755],[0.329578599794626,46.36527890419953],[0.333744592223853,46.36562687174098],[0.335593929962271,46.36448080707793],[0.339710093681979,46.362991196847574],[0.345303455526019,46.36047629863021],[0.344823901914649,46.359632627713914],[0.344553340754523,46.3588803163244],[0.343659059279848,46.357600816068576],[0.347894517323164,46.356292099462465],[0.349086053070689,46.35568372343505],[0.350443889542741,46.35443590371346],[0.351799677787441,46.353443898665915],[0.353015259528257,46.352766667312366],[0.354061429020785,46.35220171725259],[0.354679389639079,46.35223047497759],[0.355184732623258,46.35216651900044],[0.361211003766,46.35029430712238],[0.362958818693869,46.34963830342153],[0.363909552012526,46.3491872839955],[0.36645800477627,46.3483308054184],[0.362852287828082,46.34378312148093],[0.361626484714561,46.34263033758564],[0.360807285574976,46.342379820594026],[0.361020677604707,46.341651369197635],[0.361031305287573,46.34124257318662],[0.360180125272733,46.34041558807507],[0.359882490313919,46.339763595975896],[0.360154483367598,46.33933022109833],[0.360199253111171,46.33888797873504],[0.360422057705528,46.338314713896516],[0.361872492858321,46.33575349411608],[0.362783531835358,46.334583493627406],[0.362871404070453,46.33421792984597],[0.362835338600415,46.33294311806664],[0.363097841041974,46.332435637633445],[0.362984625548996,46.33211317192358],[0.362606779828405,46.33161429731858],[0.363074192699711,46.33001327200669],[0.362615307087847,46.325990611635646],[0.363731882632764,46.323116215082884],[0.363846282697567,46.323117060179406],[0.364436867554679,46.32195314992397],[0.366760143278632,46.32223571854749],[0.368155748908551,46.32171747171628],[0.370076682704534,46.32152397375611],[0.367418683139808,46.31771363411523],[0.365622700319165,46.314235799089765],[0.364621662519876,46.31318012676674],[0.362704324263311,46.310796817836184],[0.361712569183535,46.309847646985915],[0.359698298062629,46.30743050138037],[0.35978076396265,46.30741889833487],[0.358662917500566,46.30657939731065],[0.358471680811884,46.30631277753909],[0.35811772544628,46.305189156381346],[0.357479650660961,46.301820008657195],[0.356724939037997,46.300920435549315],[0.355065751926792,46.297569008592696],[0.354255039528023,46.296377999825175],[0.352346825053568,46.29431094471222],[0.351904664560623,46.2937249354392],[0.351522829927691,46.2935845116386],[0.350684131450898,46.293672218302575],[0.346788044889967,46.29079115602207],[0.345060894091663,46.29019859350714],[0.343987580774969,46.28995282040697],[0.343519855282286,46.289521148613986],[0.342974867833659,46.28923543346769],[0.34283890161363,46.28868986685374],[0.342495912866348,46.288339487117106],[0.3424325508672,46.28809203892898],[0.342083398422281,46.28832355118914],[0.341755705027904,46.28768521037489],[0.341728627918631,46.28722597597092],[0.341338726038982,46.28709253581202],[0.340700131128161,46.28672803907716],[0.340096087895204,46.285599407413656],[0.339432636194153,46.285399202948646],[0.339033240068927,46.28580882827679],[0.338740785039763,46.28578307190099],[0.338384688317099,46.2860504501053],[0.338019423420676,46.28591847512093],[0.337527702800692,46.28536728511843],[0.337089363351574,46.285081330992746],[0.336319490878344,46.28530568758673],[0.336384184330569,46.285445052447386],[0.335620421936103,46.28557043862838],[0.334493006980664,46.28555756403038],[0.333537734513943,46.28358545257412],[0.333469953497467,46.282949567893176],[0.333201277038479,46.28251620514916],[0.332564321084841,46.282386857073334],[0.331672494252123,46.28324712699299],[0.33147020619772,46.28331806887715],[0.331332379607825,46.28321302621068],[0.330533469713349,46.28344657391844],[0.329695797272797,46.28378192005962],[0.329452742231238,46.28367620887571],[0.329019605315169,46.28363090922585],[0.327101275454688,46.28360841204228],[0.323878246235539,46.28379758889567],[0.32337655473646,46.2839317560452],[0.322899741372472,46.284168318393476],[0.321764381259776,46.28442452763263],[0.321409596649071,46.28469008341554],[0.32082739272646,46.285433219980405],[0.320462897129275,46.28565799974935],[0.319625779765617,46.285847325808504],[0.319311858610279,46.28583542989307],[0.318814617567664,46.28561288811546],[0.31831289702354,46.28574703293403],[0.317113304278875,46.285827791793366],[0.316062197595103,46.28606070304739],[0.314915214907279,46.28644631523929],[0.313992469605773,46.2870291190521],[0.312518035904513,46.28852421981808],[0.311417766328174,46.28988848415724],[0.31066142176794,46.29102390008536],[0.310529462101004,46.29225424998055],[0.310604600799687,46.292893931458096],[0.310433413506801,46.293811609273625],[0.310570767945504,46.2944284331899],[0.310860609447224,46.294746122706314],[0.311504064473314,46.29495683303988],[0.311527475692018,46.29590883923615],[0.311862833027678,46.296252828347065],[0.312233160093816,46.29630842164172],[0.312377828433101,46.29640644085884],[0.312474808120503,46.2969195950606],[0.312149271760865,46.29769848226949],[0.311490463473825,46.29843436221636],[0.311417947147529,46.29919579490373],[0.31109454830669,46.29948098350021],[0.310537795853965,46.2997002936814],[0.309433836899035,46.2997859405113],[0.30871654356414,46.29964825764627],[0.308425845233527,46.299506237601726],[0.307225532194685,46.29848586197444],[0.306636821646448,46.29761148548981],[0.306573369895174,46.297157683071354],[0.305922411666838,46.296465633774176],[0.305681495494066,46.295735529987816],[0.304785088875043,46.29530346063912],[0.304139851176008,46.2944962072895],[0.303716975957394,46.294610533069495],[0.302764450076429,46.29444741844985],[0.302152164698539,46.29458067780386],[0.301001121082461,46.29501651595834],[0.300596884344225,46.29541148375268],[0.299951463079353,46.29579442471244],[0.29934606105507,46.29641977993398],[0.299108050347735,46.29673849581022],[0.298462179740958,46.298156670075926],[0.298593004275962,46.2984030442152],[0.298334977327534,46.298626678638946],[0.298385908022598,46.298937831735195],[0.298251148214605,46.29992934129905],[0.298060068605498,46.30045549830927],[0.297854077641994,46.30086236893548],[0.297476799036042,46.300947120740894],[0.29719381648616,46.30091247394504],[0.296172120824105,46.300358431481925],[0.294090745555989,46.29944132881205],[0.293739721455152,46.299100517028045],[0.292376543272983,46.29825090256509],[0.292328958719958,46.29532510908258],[0.292582376920585,46.29490586030034],[0.290791968788993,46.29407669885858],[0.289047622063261,46.2936306313378],[0.288156849412956,46.293481477412456],[0.286484703426065,46.29359841688768],[0.284881253819593,46.29322141553248],[0.282460850844607,46.296077539110385],[0.28165242837569,46.298011631194676],[0.281266426515858,46.29832407655488],[0.280526499529584,46.298669515729905],[0.28000437291336,46.298791296256944],[0.279077861091814,46.298862867643535],[0.277413823715262,46.29834285751989],[0.275766286330639,46.29798810210822],[0.27408562089228,46.29788120865941],[0.27219541485183,46.29793595842805],[0.270643385669155,46.29783029327162],[0.26966918961521,46.29765917346496],[0.27085924922667,46.30033037229985],[0.270776148200042,46.30165737495438],[0.271888898484026,46.30228411085822],[0.271838610204601,46.30271899621599],[0.271724557387636,46.30318118642239],[0.270804489460175,46.30364298542096],[0.270154678422099,46.30439417360595],[0.269552141372016,46.30453650594073],[0.268152991477318,46.30459395583016],[0.269140113465161,46.30583670029088],[0.270050816271792,46.30725690481301],[0.271272042999209,46.30855209173781],[0.270354353779627,46.3101888661285],[0.269580579790987,46.31243186129974],[0.269086400447578,46.31321470739545],[0.268486123693746,46.313934639641474],[0.268028565873708,46.31486882899385],[0.266722397416769,46.31618270788435],[0.266074768650336,46.316469907180995],[0.265456043988517,46.31646496740069],[0.265599631053963,46.31723427558251],[0.265536593208954,46.31906722560034],[0.265793569607331,46.320143797157016],[0.265676813601174,46.32068430575368],[0.265917391573155,46.3218289599773],[0.266105492662124,46.322124501127874],[0.265818177619324,46.3228249011024]]]]}},{"type":"Feature","properties":{"fid":626,"ID":"COMMUNE_0000002200276652","NOM":"Valence-en-Poitou","NOM_M":"VALENCE-EN-POITOU","INSEE_COM":"86082","STATUT":"Commune simple","POPULATION":4323,"INSEE_CAN":"09","INSEE_ARR":"2","INSEE_DEP":"86","INSEE_REG":"75","SIREN_EPCI":"200070035"},"geometry":{"type":"MultiPolygon","coordinates":[[[[0.21957626430248,46.37007655098655],[0.218559533741701,46.36984902334143],[0.217548443564763,46.36866743661593],[0.216956072924936,46.36726449669488],[0.216906801075821,46.366110879984205],[0.216822326241411,46.365929513495146],[0.216306452715187,46.365299715701966],[0.215442230490039,46.36476322425986],[0.21574720997446,46.363758817715954],[0.215746690860394,46.363232604546],[0.216223923572274,46.36301089172309],[0.217070775094657,46.36278918951525],[0.218262726384975,46.36276782065221],[0.218910325918249,46.36262503884395],[0.22085982254654,46.361731905508535],[0.221165632621007,46.361323085590094],[0.221417810561275,46.361277873449744],[0.221761623374297,46.36104297529054],[0.223037571979499,46.359828844371535],[0.223785384317539,46.35937762318383],[0.22482092232474,46.35843693703094],[0.225089615678146,46.357938002543285],[0.225782506958346,46.35713223055415],[0.22591673509593,46.356718322456224],[0.226528538646359,46.35589435474633],[0.228409515160856,46.355036375352626],[0.228684807697756,46.354816911290605],[0.229218141354985,46.354666790652466],[0.23186094927597,46.354360676944815],[0.23246762236058,46.35422673869525],[0.232996503393519,46.35429273803831],[0.232889423291592,46.353657621020766],[0.231557261906795,46.352212471176536],[0.230074134005339,46.35200164210275],[0.229885050947895,46.351906944809144],[0.229718409119732,46.35147220551884],[0.229753117826944,46.350992803256865],[0.228782201081383,46.35099713426509],[0.228405925970473,46.351155576231264],[0.228034998058423,46.35100329351525],[0.228005704600249,46.34991324215173],[0.228591838511305,46.34985000686301],[0.229058003928595,46.34963788625109],[0.229894697932404,46.349714086816874],[0.23037622351238,46.34966091447347],[0.231120961892474,46.349060905858344],[0.233193117727111,46.34771013368418],[0.236285788374303,46.3460651144901],[0.236739764747574,46.3460671115079],[0.23758410231714,46.3465317822998],[0.237859648702773,46.346588917483054],[0.239497449101767,46.34589876975432],[0.239353453988892,46.34573580140251],[0.238747099525172,46.34558235574329],[0.238605630769704,46.34583301625793],[0.23849296586633,46.34584830697895],[0.238362419021848,46.34580549895463],[0.238160039547604,46.34545910802453],[0.23797782625471,46.345357382162305],[0.237862946298002,46.34533928077034],[0.23765689614263,46.345477549429994],[0.237122344811569,46.34537088626589],[0.236611549973158,46.3452575883651],[0.236298689383677,46.34496077430101],[0.235906140731824,46.34497918653863],[0.235694707983184,46.344889362556266],[0.234894717321824,46.34426897463949],[0.234279011612589,46.34363232927857],[0.234154193608834,46.3432193347331],[0.233336401403547,46.34272014089707],[0.233313261781138,46.34225194793578],[0.233558645483134,46.341902000338166],[0.23353221800876,46.34178152270086],[0.232900269945497,46.3414409112074],[0.232051394373482,46.340759846531206],[0.231716271897925,46.34067241649478],[0.231817914940053,46.34054063281006],[0.232293632344378,46.34036927906664],[0.232490918452635,46.340095653701674],[0.23326832865022,46.339952345583995],[0.234511309818256,46.339529300502754],[0.234971380887772,46.339461173967585],[0.235570874375483,46.33923424359002],[0.236916022811405,46.33910558268008],[0.237105302300174,46.33901556440881],[0.237958321884978,46.33855960130779],[0.238610015172934,46.337865389219026],[0.239609706928459,46.33726069580855],[0.239490874893634,46.33708932622381],[0.242615015345012,46.33599093318824],[0.245171017093801,46.33521930939019],[0.244897060913405,46.334692797747266],[0.245341433360017,46.33501259051027],[0.246362463076773,46.335014742483494],[0.247424628778686,46.334923272003486],[0.250294213821055,46.3344059893306],[0.252207410037331,46.33448908119936],[0.255289421416101,46.333962380355864],[0.255625403625521,46.33369566282165],[0.255795353803134,46.33331592312483],[0.256812559971732,46.33201952716983],[0.259015271531745,46.33055522597566],[0.259129767573691,46.330321013346186],[0.25897872501207,46.32913074357537],[0.259372522704216,46.32747604209945],[0.259200103779167,46.32593386210729],[0.259214874533281,46.3245493572112],[0.260154951421394,46.32426832624872],[0.260518269705795,46.324259042569736],[0.262241259162056,46.32384814998577],[0.263721801003235,46.32329175216853],[0.264666514345403,46.3230990956768],[0.265740702351372,46.32276177286144],[0.265818177619324,46.3228249011024],[0.266105492662124,46.322124501127874],[0.265917391573155,46.3218289599773],[0.265676813601174,46.32068430575368],[0.265793569607331,46.320143797157016],[0.265536593208954,46.31906722560034],[0.265599631053963,46.31723427558251],[0.265456043988517,46.31646496740069],[0.266074768650336,46.316469907180995],[0.266722397416769,46.31618270788435],[0.268028565873708,46.31486882899385],[0.268486123693746,46.313934639641474],[0.269086400447578,46.31321470739545],[0.269580579790987,46.31243186129974],[0.270354353779627,46.3101888661285],[0.271272042999209,46.30855209173781],[0.270050816271792,46.30725690481301],[0.269140113465161,46.30583670029088],[0.268152991477318,46.30459395583016],[0.269552141372016,46.30453650594073],[0.270154678422099,46.30439417360595],[0.270804489460175,46.30364298542096],[0.271724557387636,46.30318118642239],[0.271838610204601,46.30271899621599],[0.271888898484026,46.30228411085822],[0.270776148200042,46.30165737495438],[0.27085924922667,46.30033037229985],[0.26966918961521,46.29765917346496],[0.270643385669155,46.29783029327162],[0.27219541485183,46.29793595842805],[0.27408562089228,46.29788120865941],[0.275766286330639,46.29798810210822],[0.277413823715262,46.29834285751989],[0.279077861091814,46.298862867643535],[0.28000437291336,46.298791296256944],[0.280526499529584,46.298669515729905],[0.281266426515858,46.29832407655488],[0.28165242837569,46.298011631194676],[0.282460850844607,46.296077539110385],[0.284881253819593,46.29322141553248],[0.28600617777475,46.29200394165562],[0.286927447285347,46.29156367985242],[0.287191844776808,46.29134292558349],[0.28731395911875,46.29102958130419],[0.28743823384035,46.28972878416265],[0.287374018844298,46.28905780564895],[0.286474759375579,46.287613685827395],[0.286451155711501,46.28722478875934],[0.285887577396147,46.28614095724994],[0.285135139536651,46.28619239508004],[0.284091041924462,46.28591430958363],[0.282790129007565,46.28580938621964],[0.281026738589034,46.28554383623559],[0.281055429654078,46.28378935290912],[0.28095824156296,46.28349600532727],[0.280443528386819,46.28292238122234],[0.27947851231265,46.28246683913201],[0.279271627771308,46.281949219511944],[0.278097666483493,46.28046962659666],[0.280206557250385,46.27997672069893],[0.279930521340901,46.279281752669206],[0.279255315976039,46.27848714288098],[0.277834876377847,46.27726204613623],[0.276330245432922,46.276868352719895],[0.274711629052368,46.27607636490334],[0.273375915199483,46.275083896500064],[0.271888757463355,46.27376792118734],[0.27039465880385,46.272670704964675],[0.269701990642455,46.27220448485031],[0.268605125967365,46.271636657632044],[0.268248878979707,46.27135510001886],[0.267576261673274,46.27059201165448],[0.266801408256525,46.26878038236484],[0.266130275235435,46.268014616609285],[0.265016711852298,46.26705530855059],[0.262628627995796,46.26448675426412],[0.260427063384264,46.261673952443395],[0.259778762207259,46.26138983937552],[0.257272084165634,46.26055006822064],[0.253897195593405,46.25793409769927],[0.252520609472592,46.25740981040966],[0.251689522672313,46.25673199276746],[0.251497698440354,46.25680124357243],[0.250193930566895,46.25710402485729],[0.250061580140028,46.257308062261366],[0.248239118436539,46.25854886773144],[0.248270411164761,46.258675768074205],[0.244082346028794,46.25914206301748],[0.241695432796567,46.259489693321164],[0.239556861028032,46.26006405098917],[0.236925549271487,46.26100574021818],[0.235535334241383,46.26160179693182],[0.234287998790826,46.26191478199635],[0.229041835374737,46.26225750066907],[0.22835821080713,46.263495091333766],[0.227626233193189,46.263326789163564],[0.226620357557964,46.26333381642748],[0.224458937651562,46.26394248131163],[0.222937453157406,46.2645865465944],[0.221814199621632,46.264627610127924],[0.220999861604952,46.264750992457614],[0.220429001188292,46.26514522070348],[0.219609991476625,46.26615329728627],[0.218505174256858,46.26677684936982],[0.218158000113747,46.26721708041115],[0.217990473066819,46.267905883041806],[0.218147587737358,46.26977396901145],[0.217688940743979,46.27112873008654],[0.217090451669511,46.271297909900426],[0.216518488462805,46.27135420464306],[0.21309075266636,46.27135682593461],[0.211524295401941,46.27183115098557],[0.210214494000893,46.27198556971767],[0.206930230136381,46.27302051207024],[0.205633025848043,46.273970807969974],[0.204634890203382,46.2743310443195],[0.204106490367621,46.2743730299177],[0.197107398789249,46.27397743503682],[0.195260211068408,46.27528530384723],[0.194147175817359,46.27545159748473],[0.1933264722468,46.27546650475722],[0.192586579191147,46.275375273656],[0.191639522254696,46.275117639204765],[0.190220698540617,46.27574759764182],[0.188246818274844,46.27402831189624],[0.187432443668696,46.273692824497836],[0.187271596272948,46.27351044211147],[0.186235866586838,46.27401826411925],[0.185787151109448,46.27432974652626],[0.183954715967986,46.27597659848111],[0.182972590680967,46.276729002369756],[0.180572418469379,46.27784004349366],[0.178680386377678,46.278242789862226],[0.175212102409233,46.2784424094467],[0.172297401146162,46.278767407672184],[0.171728136813293,46.27912089561658],[0.170229875684738,46.280350544301655],[0.168328541360689,46.28138182854475],[0.170800951626289,46.28403473581726],[0.170960067477278,46.284426143528954],[0.170605727870367,46.28484443760661],[0.169290248461312,46.28570288010271],[0.16836479013039,46.286759330200496],[0.167430022236757,46.28726679891357],[0.165979085618786,46.28787764916949],[0.165544359126248,46.288240765488496],[0.16367385385784,46.28944755279317],[0.163124698009931,46.29003667840423],[0.162787312038093,46.29062747470189],[0.162952799285119,46.291822796177826],[0.162902227205511,46.292071128929],[0.162543802705111,46.29203967091988],[0.162036681988854,46.29216849810019],[0.161330344676958,46.292654581833695],[0.160548340492501,46.29397225329684],[0.160007465208627,46.29452552972762],[0.158732284526222,46.29552633064854],[0.157730840320305,46.29656188419391],[0.156497612041088,46.297078939283004],[0.155414356185125,46.29721137129638],[0.156165359693206,46.298769139112544],[0.156210057573602,46.29938477784502],[0.156750668988769,46.301389617565],[0.156802662686082,46.30199011982471],[0.15648113531613,46.302473169082496],[0.155786640800287,46.3031280162076],[0.155641194117546,46.30317484291586],[0.155403700111389,46.30311664954763],[0.154943631673487,46.30273842570043],[0.154659690572483,46.30264843431141],[0.153977401450822,46.302768346375586],[0.152906779502346,46.303080384165696],[0.152065973407762,46.30312333603496],[0.1525113896044,46.303732778075094],[0.152997950455498,46.30470096753313],[0.154274004917331,46.305688884193245],[0.15446143510637,46.306009839204265],[0.154549263476306,46.30659592001672],[0.15472933045035,46.30680856337148],[0.155289792698177,46.30708206870175],[0.156555851584101,46.30751375446773],[0.158162221259709,46.307777310213126],[0.160357326034722,46.3065435496894],[0.162350891458908,46.305684072417705],[0.162848486459505,46.30529009316207],[0.163178028449036,46.30485227950781],[0.163518995752389,46.30492114293097],[0.164255274423654,46.30523952984073],[0.165116405140021,46.30570789159691],[0.166241283201938,46.305678218664774],[0.16708741509173,46.306135379060535],[0.167481828118483,46.30672907206699],[0.169755257435452,46.30540878139491],[0.169788283066862,46.30559972432582],[0.16918583053945,46.306438048878945],[0.169112645158725,46.30667140470388],[0.169514243787262,46.30805639317068],[0.169399020057386,46.30859956770495],[0.16958933835819,46.310650588412145],[0.169421996481378,46.311547482552065],[0.167436738392175,46.31420309138202],[0.166463747005026,46.315715187729914],[0.164874707629746,46.3178715174501],[0.16578106334657,46.31857526789029],[0.167353050672066,46.31961003131697],[0.169270242030083,46.32033347634014],[0.170875449082618,46.32196010300378],[0.171701972453952,46.32267623670084],[0.172395352830485,46.32355305046475],[0.173765016555283,46.32460702486387],[0.175459618872373,46.32652233073948],[0.17669390031508,46.32758101938367],[0.177056891956362,46.32808288692004],[0.176864492224352,46.32873588471392],[0.176886612373291,46.32946628153039],[0.176473624811255,46.330310241413166],[0.176648517274848,46.33055064974704],[0.174463795126501,46.33154711611951],[0.173280957297809,46.33120331211373],[0.17281806023881,46.33150178841179],[0.172524961578933,46.33186214371991],[0.173687852039806,46.33259201044945],[0.174190459198997,46.33311086532265],[0.172165822918423,46.334002233902986],[0.170626052630168,46.33411989288018],[0.1696805748812,46.33436672751316],[0.168754158837828,46.335024006115304],[0.167323092111002,46.33633190742],[0.1662638664457,46.336965141520686],[0.166082084456331,46.337234540561866],[0.164604473596802,46.33753117379031],[0.163091318571171,46.33806117704787],[0.160808360374448,46.33933517643863],[0.158537914404449,46.34106718000294],[0.158092484928671,46.34170212895626],[0.156763863303062,46.34313320322589],[0.155184776634887,46.34422552257058],[0.154099506554748,46.34475347783125],[0.137728312175037,46.34933898889747],[0.140270657962758,46.35842061421794],[0.140955081719503,46.361184209778436],[0.140953192893418,46.36154368494991],[0.140321858465665,46.36321192996208],[0.140279594770853,46.36354696487573],[0.140031620774085,46.364504877817176],[0.139278029391816,46.36532485767896],[0.139792107026771,46.36537559983519],[0.140238327625605,46.36528046821608],[0.140800281358377,46.36493864405361],[0.141524573771746,46.36472793676078],[0.142394204377875,46.364600160994556],[0.146249538237123,46.363103658628084],[0.147497571871217,46.36283213652419],[0.147655965782726,46.363064066644675],[0.14979572473889,46.36443582412593],[0.152622565102419,46.366412186652475],[0.152156357478259,46.36788998459967],[0.151522574073048,46.36926087462986],[0.153677049645426,46.36890740129277],[0.154752592420797,46.368950464117795],[0.15646481248652,46.36889045759159],[0.1592629714656,46.368297933471545],[0.161252184754939,46.36866824991775],[0.162864106584204,46.365400618143205],[0.164785965568984,46.366089071332716],[0.168200369527548,46.36769038827283],[0.168527999535787,46.36611538530051],[0.176482591373175,46.366910945389016],[0.187254594607677,46.367747550197585],[0.187836477455009,46.36817638110427],[0.189448938955665,46.368611694704796],[0.189815986850072,46.3688144647872],[0.188960014617914,46.369664669416046],[0.189980955573103,46.37001060372228],[0.19102148021657,46.369975872151834],[0.192507825600398,46.36975117770264],[0.193721901431782,46.370544241936756],[0.197144965528371,46.36854704428975],[0.202487347533934,46.375020612756806],[0.203900413264365,46.37678885399303],[0.204207413150746,46.37704776857595],[0.204574347650021,46.37705135754819],[0.207440262240911,46.37543574557321],[0.208919030882809,46.37530976318739],[0.20978037720471,46.37485960340018],[0.210806896582644,46.37453962160752],[0.213772921258757,46.373379523417476],[0.218641950025796,46.37053130856482],[0.21957626430248,46.37007655098655]]]]}},{"type":"Feature","properties":{"fid":1150,"ID":"COMMUNE_0000000009749676","NOM":"Voulon","NOM_M":"VOULON","INSEE_COM":"86296","STATUT":"Commune simple","POPULATION":468,"INSEE_CAN":"09","INSEE_ARR":"2","INSEE_DEP":"86","INSEE_REG":"75","SIREN_EPCI":"200070035"},"geometry":{"type":"MultiPolygon","coordinates":[[[[0.259800123848748,46.374847123039345],[0.26038729816841,46.374637780510206],[0.260852112462218,46.37429845377518],[0.261269026744337,46.37356423401233],[0.26182221299306,46.37330541376862],[0.262420103313521,46.37254400040723],[0.262563079899603,46.37205458110342],[0.263220776530931,46.371527960881785],[0.263199927754444,46.37137248705839],[0.262528194342273,46.371140120890175],[0.26243406143461,46.3709405401151],[0.262661388526549,46.370352232758925],[0.263209350979013,46.36954727002687],[0.263333760815825,46.369194357594914],[0.263072470247388,46.3689538239171],[0.263124036088106,46.368262185917274],[0.262461110851383,46.36793272077599],[0.261729632084439,46.366478046447845],[0.261021647851562,46.36598350620277],[0.260125925424539,46.36445729816841],[0.259766995121933,46.36408826799366],[0.259445910376368,46.36291284057245],[0.258518744275041,46.36245626266731],[0.258387367322226,46.362325159919514],[0.258377730908431,46.3620762490562],[0.258822638012587,46.361613015047624],[0.258839682237425,46.36145484686791],[0.258198274712157,46.36080240826293],[0.258025439461808,46.3604342428388],[0.257339051766487,46.359900551556436],[0.256777597285798,46.359133796818845],[0.25601547773753,46.35863161192236],[0.255910221084645,46.35834345735602],[0.256055860769214,46.3577495914241],[0.256017845502591,46.35754775055059],[0.255858763106347,46.35747634537213],[0.255394374154351,46.35760211994673],[0.255201747534993,46.35757675892509],[0.252803067437721,46.35553765017883],[0.252509819440683,46.355443184406134],[0.249664806483783,46.355838602358325],[0.249141402789893,46.35568901888579],[0.24801626694963,46.35513657006911],[0.247681130011126,46.35471130834347],[0.24740005944811,46.354504496043084],[0.24758132182497,46.353670026394596],[0.247511727278145,46.353579145314974],[0.246562316692285,46.353285010413686],[0.246410181497547,46.35294705814975],[0.24658607362942,46.35273596382806],[0.244749521355879,46.35117157006802],[0.243127724302899,46.34947898749649],[0.242919394527539,46.34932708241134],[0.24223859716512,46.349178163031],[0.242422012288606,46.34905015071986],[0.242425707007269,46.348951127994106],[0.242360088255917,46.348833308974065],[0.242136808693971,46.34879727213891],[0.242087204924304,46.348723089362885],[0.24214692352294,46.34854523145555],[0.242033162058908,46.34824694448866],[0.241366745960133,46.347993849191624],[0.241359914691563,46.34769094121748],[0.241077839557472,46.34740209457666],[0.240969645948427,46.346967887061446],[0.240403267362623,46.346846954063786],[0.240508199467433,46.34667559770524],[0.239879795558594,46.346314389860744],[0.239497449101767,46.34589876975432],[0.237859648702773,46.346588917483054],[0.23758410231714,46.3465317822998],[0.236739764747574,46.3460671115079],[0.236285788374303,46.3460651144901],[0.233193117727111,46.34771013368418],[0.231120961892474,46.349060905858344],[0.23037622351238,46.34966091447347],[0.229894697932404,46.349714086816874],[0.229058003928595,46.34963788625109],[0.228591838511305,46.34985000686301],[0.228005704600249,46.34991324215173],[0.228034998058423,46.35100329351525],[0.228405925970473,46.351155576231264],[0.228782201081383,46.35099713426509],[0.229753117826944,46.350992803256865],[0.229718409119732,46.35147220551884],[0.229885050947895,46.351906944809144],[0.230074134005339,46.35200164210275],[0.231557261906795,46.352212471176536],[0.232889423291592,46.353657621020766],[0.232996503393519,46.35429273803831],[0.23246762236058,46.35422673869525],[0.23186094927597,46.354360676944815],[0.229218141354985,46.354666790652466],[0.228684807697756,46.354816911290605],[0.228409515160856,46.355036375352626],[0.226528538646359,46.35589435474633],[0.22591673509593,46.356718322456224],[0.225782506958346,46.35713223055415],[0.225089615678146,46.357938002543285],[0.22482092232474,46.35843693703094],[0.223785384317539,46.35937762318383],[0.223037571979499,46.359828844371535],[0.221761623374297,46.36104297529054],[0.221417810561275,46.361277873449744],[0.221165632621007,46.361323085590094],[0.22085982254654,46.361731905508535],[0.218910325918249,46.36262503884395],[0.218262726384975,46.36276782065221],[0.217070775094657,46.36278918951525],[0.216223923572274,46.36301089172309],[0.215746690860394,46.363232604546],[0.21574720997446,46.363758817715954],[0.215442230490039,46.36476322425986],[0.216306452715187,46.365299715701966],[0.216822326241411,46.365929513495146],[0.216906801075821,46.366110879984205],[0.216956072924936,46.36726449669488],[0.217548443564763,46.36866743661593],[0.218559533741701,46.36984902334143],[0.21957626430248,46.37007655098655],[0.222195743886504,46.370347630496525],[0.22379146400431,46.37037568051081],[0.224771145066926,46.371205043909065],[0.226105878627146,46.37255391571702],[0.229329684282161,46.37461814327687],[0.230847121770795,46.376244402336894],[0.232877871795476,46.37768487049751],[0.233257741646756,46.37804998975956],[0.236521948347673,46.37906979736473],[0.237789639065272,46.37938522984655],[0.238730882403249,46.38031264421751],[0.240201163368213,46.38138620334007],[0.241062690032691,46.3818827838448],[0.24217546882279,46.38225118178017],[0.243072005661025,46.38267380859239],[0.244218110920959,46.38163380456727],[0.24519968357821,46.38114484070251],[0.246130161343026,46.38089430477168],[0.246440788744484,46.38038822691917],[0.247176275700185,46.379924840700994],[0.24746538841808,46.37945788564256],[0.247808735690441,46.379258037769794],[0.248599359682534,46.37901762280473],[0.250022376312755,46.378757313734006],[0.251324654642081,46.378360727470806],[0.253429553592661,46.37813122545591],[0.253882859927535,46.378022307257304],[0.25471527328583,46.37767473589323],[0.255420743469997,46.377651170600565],[0.256796244049609,46.37696165522601],[0.257453503230534,46.37647199672944],[0.258957399062575,46.37566120493676],[0.259464523374379,46.37528325603064],[0.259800123848748,46.374847123039345]]]]}},{"type":"Feature","properties":{"fid":1172,"ID":"COMMUNE_0000000009749674","NOM":"Magné","NOM_M":"MAGNE","INSEE_COM":"86141","STATUT":"Commune simple","POPULATION":672,"INSEE_CAN":"06","INSEE_ARR":"2","INSEE_DEP":"86","INSEE_REG":"75","SIREN_EPCI":"200070035"},"geometry":{"type":"MultiPolygon","coordinates":[[[[0.437954421879067,46.342635541594774],[0.437413948257663,46.342481942650345],[0.43324770411155,46.34061513043598],[0.432357942380854,46.340282459865385],[0.429803091932859,46.3389545358684],[0.429162278745929,46.33872295381777],[0.425980341918155,46.337234838860574],[0.420615042045492,46.336124284549165],[0.413210259683198,46.336116813993144],[0.412324439487321,46.33537503836042],[0.411445456431062,46.334928923927635],[0.409518338596175,46.334231038978054],[0.408985127555198,46.33395493643648],[0.40883176086674,46.33370548810361],[0.408430223110887,46.33391709144256],[0.40819384081649,46.33415677565676],[0.406897922685006,46.334631830140154],[0.406210831538399,46.33472070434678],[0.405531768436806,46.334448473205356],[0.404229809302968,46.334803533056245],[0.400605481267422,46.33631922100781],[0.397797507070309,46.33650290175184],[0.396269928842033,46.33695002463237],[0.395032132914716,46.33759385466055],[0.393348234511963,46.337662566145596],[0.393146995892043,46.33773634678327],[0.392873106754487,46.33747871295093],[0.39233382126203,46.33735825896179],[0.391711760837133,46.33700976628637],[0.391461097030846,46.33664724772674],[0.391150866291961,46.335815765131606],[0.39009925291225,46.33506550937775],[0.389654535268708,46.33435437370394],[0.388916657941195,46.3341987206192],[0.387472655745166,46.33297815352832],[0.383613789874,46.332972507389506],[0.381913766482001,46.333353312304155],[0.381138096334293,46.33368866772177],[0.380765086772163,46.333736855666295],[0.380100145547054,46.33216830223466],[0.380846778641343,46.33200437150556],[0.37990521796211,46.33002041820022],[0.375957430504628,46.32325338873647],[0.375850036450743,46.32318784732684],[0.371100857757055,46.32299637411334],[0.370863684772293,46.32254672204741],[0.370076682704534,46.32152397375611],[0.368155748908551,46.32171747171628],[0.366760143278632,46.32223571854749],[0.364436867554679,46.32195314992397],[0.363846282697567,46.323117060179406],[0.363731882632764,46.323116215082884],[0.362615307087847,46.325990611635646],[0.363074192699711,46.33001327200669],[0.362606779828405,46.33161429731858],[0.362984625548996,46.33211317192358],[0.363097841041974,46.332435637633445],[0.362835338600415,46.33294311806664],[0.362871404070453,46.33421792984597],[0.362783531835358,46.334583493627406],[0.361872492858321,46.33575349411608],[0.360422057705528,46.338314713896516],[0.360199253111171,46.33888797873504],[0.360154483367598,46.33933022109833],[0.359882490313919,46.339763595975896],[0.360180125272733,46.34041558807507],[0.361031305287573,46.34124257318662],[0.361020677604707,46.341651369197635],[0.360807285574976,46.342379820594026],[0.361626484714561,46.34263033758564],[0.362852287828082,46.34378312148093],[0.36645800477627,46.3483308054184],[0.363909552012526,46.3491872839955],[0.362958818693869,46.34963830342153],[0.361211003766,46.35029430712238],[0.355184732623258,46.35216651900044],[0.354679389639079,46.35223047497759],[0.354061429020785,46.35220171725259],[0.353015259528257,46.352766667312366],[0.353502458424371,46.35315819085722],[0.354322063115525,46.35415567468475],[0.355382063518896,46.35763460618649],[0.355530006359781,46.35861108993848],[0.356059703708612,46.359147742209196],[0.356268937967135,46.36009501270787],[0.356609150641265,46.36054077435657],[0.35719199136173,46.36172825422408],[0.358744304630932,46.36326794893409],[0.361520153673903,46.36537201787419],[0.361926662129179,46.366117516976935],[0.362653664962095,46.366694738529326],[0.363218854667793,46.36698440772333],[0.36418740057261,46.366467120200745],[0.366814080038105,46.36594848672696],[0.369497997762686,46.36937645157432],[0.374004082955119,46.36948301479796],[0.375354624108759,46.36965556006935],[0.383575347769236,46.37191038664976],[0.385760329197613,46.372300160331136],[0.386019618739041,46.372403407945114],[0.3866886046238,46.37292147670456],[0.387252338097902,46.3715306978414],[0.388451311722552,46.37117255151604],[0.389250221357348,46.37106921546691],[0.389897386513989,46.370818247195594],[0.390777197797753,46.3702743814034],[0.391060166213768,46.36999074697534],[0.392053442033976,46.369523346421836],[0.394927340172769,46.367938483426016],[0.398712760978244,46.365738274796364],[0.399341723352231,46.366140934354476],[0.39981405376895,46.36679949390653],[0.399964574886229,46.369270644787456],[0.400091373099473,46.369942946039984],[0.402626492107082,46.37000432226987],[0.402896049268423,46.369371684942394],[0.40334511940046,46.36876836179532],[0.405101098719453,46.3674208659673],[0.404977061089033,46.365894529447914],[0.405850392026755,46.36616757014168],[0.406126718689758,46.36607655349364],[0.405814005047973,46.36490540653366],[0.407065335268372,46.364260857292685],[0.409355487973502,46.36273084145146],[0.409820231471541,46.3619314435271],[0.41292841833183,46.36293720067999],[0.415064007022062,46.36345953785812],[0.422205928455763,46.36095172029431],[0.423600562896245,46.36120848093303],[0.425679925814975,46.36088065587765],[0.425518416623159,46.359944528513815],[0.423843652755741,46.35914359535044],[0.422743643672015,46.35926288596806],[0.421423917838585,46.357364476624],[0.423129247128514,46.35561104805915],[0.426209942472613,46.3533570973917],[0.427283358666296,46.35239028525145],[0.42870573463586,46.35014478293196],[0.429718443552852,46.35007932938354],[0.430899845545682,46.349746484095135],[0.431202683401182,46.34972537970798],[0.435896129571728,46.34832737447164],[0.435243761485672,46.34764599836456],[0.434014557719781,46.346920100853886],[0.4370737606607,46.343328389313314],[0.437954421879067,46.342635541594774]]]]}},{"type":"Feature","properties":{"fid":1293,"ID":"COMMUNE_0000000009749880","NOM":"Château-Garnier","NOM_M":"CHATEAU-GARNIER","INSEE_COM":"86064","STATUT":"Commune simple","POPULATION":601,"INSEE_CAN":"06","INSEE_ARR":"2","INSEE_DEP":"86","INSEE_REG":"75","SIREN_EPCI":"200070035"},"geometry":{"type":"MultiPolygon","coordinates":[[[[0.430694996577678,46.222129978253356],[0.430051601370587,46.222120846153196],[0.428206687500808,46.221770109980326],[0.425387994421143,46.22137027263238],[0.423740599109262,46.220795090194365],[0.421792184552049,46.22041127050332],[0.420425140757307,46.22113347375454],[0.418904900316984,46.22229635922221],[0.417289375428137,46.2233588568116],[0.416211315268797,46.2240335168326],[0.414649335599002,46.2254170379737],[0.41428433268019,46.22627456685939],[0.414145862315066,46.22640295942207],[0.411013020297709,46.22781287374695],[0.410646837790349,46.23045157456605],[0.409350783969923,46.23213479793382],[0.409242832725478,46.23364866467874],[0.408172160033731,46.23473696648582],[0.408378909532359,46.23500475928953],[0.406507084773075,46.235681969170514],[0.406972404450702,46.2360826959238],[0.405918025190451,46.236660501645],[0.405502272371975,46.23641947127986],[0.404772471560361,46.23707944972429],[0.404452562455913,46.236898264000054],[0.403641023899306,46.23802217076735],[0.404013185610957,46.23918300165723],[0.404094083867771,46.24027051326506],[0.403964964922582,46.24118655334217],[0.403785625402461,46.24132661544001],[0.40311543429702,46.2415491741376],[0.40153796168872,46.241544687696496],[0.400975269867695,46.2416633751487],[0.401362063144814,46.24210467585788],[0.401484782675522,46.24241921393335],[0.399660238431517,46.24296855987209],[0.399654535931077,46.243362152813255],[0.399153290142837,46.24478413600683],[0.398905996577727,46.245315459788856],[0.39845761740937,46.24581515612104],[0.398372218584564,46.24605466297772],[0.398409333866416,46.246886204928295],[0.398538118157685,46.24707294730749],[0.398635893465657,46.24788515372037],[0.398929741702809,46.24856129145331],[0.401318515824454,46.252026037969465],[0.401693368901854,46.251899453430305],[0.404613677935244,46.25133632712596],[0.405149385323296,46.252254916953696],[0.406199111158595,46.25334469297647],[0.410047871673274,46.256629881215794],[0.409168572516515,46.257068455604745],[0.407708873315613,46.2575848007702],[0.406871262764587,46.25812972066945],[0.406177532071853,46.258872522727934],[0.406109337143814,46.25907819024989],[0.40619593755003,46.259416224016434],[0.405856009225348,46.259956262275495],[0.406413486231801,46.26244662131425],[0.40692885878309,46.26346834608175],[0.407005809797775,46.26384580137761],[0.407378430025444,46.26426152612909],[0.407782932480805,46.26455274172877],[0.408061085990259,46.26501586531913],[0.408108188883585,46.265557516151254],[0.40798412275852,46.26584570191498],[0.407535668459759,46.26648237973084],[0.406912075930525,46.26689432977037],[0.406377234302812,46.267050623353065],[0.405710797096758,46.267132738840765],[0.404862938052052,46.26701340274671],[0.40443264394039,46.267375689140685],[0.403731246893665,46.267455194007105],[0.404687105385668,46.26847526281921],[0.405551377732287,46.27014012731937],[0.405857525155175,46.270917429333956],[0.405941065936079,46.2717590315374],[0.406078252041154,46.272154077102414],[0.40696169895912,46.27393739111598],[0.407776036271714,46.2748217639905],[0.408933384012053,46.275816648114606],[0.409293538933704,46.27638794662465],[0.411776756029721,46.27740035315268],[0.416477038972023,46.2794811236588],[0.416274333503441,46.28242626325373],[0.416481438228238,46.28304902094183],[0.414121151200814,46.28476311860393],[0.413085806328311,46.285277471746916],[0.411850930682447,46.285696283359314],[0.411614005725877,46.28589721725813],[0.411116111749751,46.287054442783386],[0.415257841698466,46.28826573035405],[0.422441285355426,46.28971694150881],[0.424199881585024,46.290679315795614],[0.427540359131613,46.29039535225954],[0.428772352905078,46.29047993901654],[0.433513641246739,46.291557229391586],[0.434380280853128,46.29181190769976],[0.435272927634259,46.29209419352884],[0.436116335201891,46.29262312490021],[0.438219492364074,46.293311936015016],[0.440646092618358,46.29447827228939],[0.441026507364429,46.294709355869145],[0.443228943192551,46.29672559597456],[0.445350651853092,46.29741198323642],[0.444831330072026,46.296786787407505],[0.444643868905876,46.296180748463684],[0.445443877669132,46.293048986937684],[0.445188189142869,46.29195580731162],[0.447204618667095,46.29224879111602],[0.450965161553845,46.29243213878334],[0.450386792367567,46.29006141608567],[0.450215591119305,46.289998120096875],[0.450167317745837,46.28977901025567],[0.44994344538153,46.28953524612112],[0.449229935614424,46.28911744247226],[0.450389892879667,46.28865601036279],[0.452485775925532,46.288105595636516],[0.454980970867167,46.287770385622835],[0.456747139303908,46.287713448436534],[0.459222410809024,46.287918266962656],[0.460200652038846,46.28831758666952],[0.461717802933521,46.288698280521174],[0.462726752200958,46.28922079031965],[0.463752965627525,46.28900670578064],[0.465047453358543,46.28942563952949],[0.465508579136727,46.29016026035933],[0.466880670654504,46.2881456600215],[0.467990105515717,46.28714326574152],[0.469244265199036,46.28730989337721],[0.473131248368172,46.287562895852055],[0.473771960487017,46.28773117338385],[0.476029071585393,46.28804610459293],[0.480321950809582,46.28848894438082],[0.480592018854271,46.2875345240478],[0.481579523146792,46.285024744446936],[0.484908565008716,46.276971909608704],[0.485159626803315,46.27574948296481],[0.485599834590906,46.27552856794358],[0.486450454524825,46.275339237493874],[0.485531495207748,46.27500812042732],[0.48439035163706,46.27445135691537],[0.483019392903784,46.273609309330496],[0.482146327959171,46.27343954508575],[0.480519331076723,46.272939563613775],[0.477810832680273,46.27245253824629],[0.477967668767572,46.27217852463242],[0.478430063000429,46.272322107334126],[0.478962390953268,46.27086266856995],[0.479870326491757,46.269116938302105],[0.480746588858437,46.26692904182073],[0.480723947586876,46.26668708967172],[0.478666089797975,46.26245936963661],[0.483396291405602,46.259957656790384],[0.483763048709039,46.25966485387101],[0.483969151900673,46.25936309247458],[0.484851943558324,46.25869429159622],[0.484269867912575,46.25782193247942],[0.483764552431281,46.257371103544166],[0.482581966907213,46.256707085516155],[0.482036410000318,46.25617157094356],[0.47999264602926,46.25497403049452],[0.479668466609191,46.25465242352912],[0.479701610502008,46.254468465318055],[0.478046503191923,46.25315336339655],[0.477237402154699,46.252222776779206],[0.476807286183671,46.25110057983116],[0.476431297321234,46.250579607003786],[0.475985274425673,46.25019762582297],[0.475429587031698,46.249433913840974],[0.474715662200347,46.24937032123807],[0.4721158669364,46.24607640955664],[0.471279175290488,46.24563527475614],[0.469865847472493,46.24528041502795],[0.469038061429584,46.245152989164865],[0.467447627062134,46.245623927502635],[0.465841509263409,46.24399169182734],[0.46505436649949,46.24337953265731],[0.46316441220307,46.242804046135596],[0.462584890035914,46.24289653276342],[0.460692290904095,46.242575011993615],[0.460328947293204,46.241757851802895],[0.45976820829887,46.24099754700587],[0.459313194576683,46.24081350332952],[0.458709994580009,46.24080093127802],[0.457844717186958,46.2405320365861],[0.456003928709385,46.23884575599242],[0.454673740970791,46.23735015771483],[0.455171081654047,46.23706937754675],[0.454759620021213,46.236424102171355],[0.454420726591997,46.2365922039145],[0.45385987361533,46.2366192935253],[0.453683479933877,46.236559486343346],[0.453535704707169,46.23644265878632],[0.453456713880388,46.23618682282024],[0.452775503964368,46.23564721820481],[0.452242958106221,46.23509382097831],[0.450895549710391,46.234614059894895],[0.450203354719959,46.23383724263126],[0.449934272142498,46.23364921846423],[0.44705952881855,46.232681079543084],[0.445044640008589,46.23042580195086],[0.444650729639472,46.23015928032929],[0.443568687845485,46.22903219849587],[0.442786319345976,46.228410971860164],[0.44282071256003,46.22606115665666],[0.441148780356819,46.223447722734655],[0.441096178167567,46.22318436133191],[0.439565791640733,46.22235076879162],[0.435484504508993,46.221164144412256],[0.434373956942847,46.221374244962135],[0.432476674478556,46.22155936761126],[0.43149929900815,46.2219463320792],[0.430694996577678,46.222129978253356]]]]}},{"type":"Feature","properties":{"fid":1353,"ID":"COMMUNE_0000000009750601","NOM":"Lizant","NOM_M":"LIZANT","INSEE_COM":"86136","STATUT":"Commune simple","POPULATION":381,"INSEE_CAN":"06","INSEE_ARR":"2","INSEE_DEP":"86","INSEE_REG":"75","SIREN_EPCI":"200070035"},"geometry":{"type":"MultiPolygon","coordinates":[[[[0.314330065654205,46.06510138203336],[0.311604524687244,46.06305546881542],[0.310846031431079,46.06183913531069],[0.310070523081942,46.061050373614144],[0.306845897579731,46.06121980387301],[0.300840122221356,46.061066181163916],[0.298353509279398,46.06062402635601],[0.29856149918183,46.05902607105078],[0.292845240093892,46.05935825931969],[0.29132458207409,46.059539987829275],[0.289149942162301,46.05983400698845],[0.28774179095862,46.06012199549902],[0.283667768497024,46.06076871139328],[0.280994502968992,46.06075329145741],[0.27760282747096,46.05985107099222],[0.277336282739217,46.060842106769385],[0.277879548337635,46.062312109983104],[0.276191615659725,46.06168770902336],[0.275640289347297,46.06113835231773],[0.272927175946876,46.062290418460464],[0.272681767077514,46.062723316469246],[0.275447294460817,46.06670116022715],[0.273518428302509,46.06753870684014],[0.272561057167788,46.067788695487174],[0.271181858848214,46.06845200951487],[0.2695775294682,46.069607255149705],[0.269296354170459,46.06945632011247],[0.263613172377564,46.07109886254648],[0.261579746170978,46.07187151986896],[0.26078234612294,46.07244153729854],[0.260567885430813,46.07297787754074],[0.260533396706514,46.07387717587556],[0.258402846422354,46.075503415194504],[0.256449357960523,46.07728887857037],[0.257121607410327,46.077671859035746],[0.257250408621121,46.07820388061027],[0.256676151703712,46.0793325029873],[0.256639706150394,46.079932610997204],[0.256424726244203,46.08014095604893],[0.255673456351018,46.080457965768744],[0.255272346246832,46.080530254113306],[0.25503565319096,46.08049929716296],[0.254543701998393,46.080161215803365],[0.254042623919345,46.08000582126023],[0.252309659139061,46.080017013831984],[0.251350963927521,46.08023526261759],[0.251088397257651,46.08022980037339],[0.25012965379674,46.079828124871575],[0.249352811338403,46.079698460376456],[0.248892980842216,46.07983147370363],[0.248404332941443,46.080307081226174],[0.248106398680478,46.08030976444065],[0.247489564415093,46.08008755831185],[0.247142549422709,46.08006201674521],[0.245812032771326,46.080464917386855],[0.245604859291319,46.08067163046215],[0.245383582051998,46.0807464490923],[0.244980610206975,46.08070062019321],[0.244284466196323,46.0803818609346],[0.243727002690165,46.080370117483774],[0.243447705825832,46.08051740762362],[0.243298863387382,46.08105801773273],[0.242443266854659,46.08154270278737],[0.242013387603175,46.08151693317292],[0.240917859679808,46.08113257661178],[0.239927095005062,46.081266153579605],[0.239589705305469,46.08143544798091],[0.239182716409166,46.081958958422575],[0.239040334380013,46.08231861209915],[0.239196348040615,46.08279545590843],[0.239518067699785,46.08317000953141],[0.239816585757556,46.08343947686541],[0.240074426718443,46.08384851587573],[0.240121951800963,46.084577712686816],[0.240713640094508,46.08514624699666],[0.240369609113635,46.085473064661194],[0.240621863583896,46.08565850825214],[0.240832912357653,46.0857104961024],[0.241148247469717,46.08554246317363],[0.241553500494325,46.08582713583854],[0.242706899875413,46.087356309054215],[0.243081851074771,46.08770331189345],[0.244025058468475,46.088338937268816],[0.244217409249379,46.08878962421856],[0.244533453608592,46.089149607356795],[0.245691366059238,46.088061341279726],[0.248137711803626,46.089169519503685],[0.248724969960533,46.08959643850979],[0.249761555909828,46.09080012905838],[0.250156823295103,46.091673804292476],[0.25019602903831,46.09298576172989],[0.249952400627237,46.093764658579175],[0.251103338315964,46.09395383692035],[0.251018098752731,46.094492392796354],[0.251533445127858,46.09454632628413],[0.25361649193701,46.09422554446585],[0.25634391955887,46.09391580515229],[0.256859314018235,46.095679876402535],[0.257774766389919,46.09713645078349],[0.258442240247271,46.09896906253592],[0.26006488753927,46.0988704009669],[0.261161546966319,46.0986184598605],[0.262250823851524,46.09825460244303],[0.26471770407742,46.0972499842676],[0.266265351372499,46.09652321205699],[0.267370797758691,46.09611915059087],[0.268941824389947,46.09575421889794],[0.27187777001022,46.095495979201935],[0.274207299417868,46.09479961407109],[0.276517617967733,46.09461992989394],[0.279162379148949,46.094773489955834],[0.280035142810788,46.094985434274896],[0.281093941023199,46.09387282045592],[0.281462556192783,46.093856425191355],[0.281846877052517,46.09391518995404],[0.282577852798456,46.09432284375269],[0.282789082130637,46.09405849709609],[0.283415171830526,46.094649243860275],[0.283550009448311,46.094593905937884],[0.283444011100972,46.093961553128764],[0.285205904740993,46.093190104405615],[0.288449800916421,46.09529317674394],[0.291381691135925,46.093486386901084],[0.293324445101305,46.09492843105052],[0.295324908645267,46.09614746170294],[0.296100402675069,46.09670565542832],[0.298765118525372,46.09803595805054],[0.29961905388867,46.09836983863534],[0.30054929448184,46.09862713962696],[0.303437087840462,46.09919046521829],[0.304338135471074,46.09943622842353],[0.304478417054419,46.099217010633986],[0.307099721345913,46.09737180906024],[0.307955990874114,46.09699838625499],[0.309013174214777,46.096013430118894],[0.309561987859578,46.09572911155869],[0.308968091974369,46.09500412776864],[0.308041155345672,46.09454784973678],[0.307969584834396,46.09442271275335],[0.308050908378314,46.094190378995684],[0.307448990321456,46.09357692163143],[0.307254896099983,46.093203800574535],[0.306868271636656,46.0932180497853],[0.30677358812404,46.09298334063106],[0.306433561623656,46.09270766709867],[0.306196535746217,46.09270834640122],[0.305720423548127,46.092514134558726],[0.305318652859219,46.09246765073469],[0.3051554615619,46.09267911684464],[0.304408259278036,46.09278390359315],[0.303813377812219,46.09279319393431],[0.303315218755923,46.09265250875744],[0.303551280442937,46.09230221881212],[0.303712081435383,46.09163838865675],[0.303554117099451,46.090714698059024],[0.304284241055428,46.090957303372484],[0.305206239082015,46.089717788214294],[0.305329743745171,46.08981352639841],[0.306065461464575,46.08930841165009],[0.306590681397379,46.089556948458664],[0.309611914572229,46.087784266373916],[0.31080657602641,46.08718729069923],[0.311063487762061,46.08744115912172],[0.312533532155722,46.08685249517617],[0.31444643454977,46.084674102896166],[0.316089538011909,46.08427780367457],[0.315208826280226,46.08248106991974],[0.313911899391926,46.08297475360345],[0.312970749427969,46.08143606026198],[0.311950680915916,46.08026760545957],[0.313058407667494,46.079511774008566],[0.313684199969761,46.07884092736077],[0.313298219142133,46.07823531532723],[0.312094213092389,46.077202159927666],[0.312039330856457,46.077000834563094],[0.31214137396733,46.076741058385274],[0.314182152627836,46.0758856897992],[0.314835200292086,46.07571554461014],[0.315438947975345,46.07597130796807],[0.315960117674835,46.075055601931815],[0.317294480077352,46.07432131431878],[0.31764945932646,46.073706211638175],[0.317575264852392,46.0733963113395],[0.31661469933001,46.072123886029544],[0.316206797333246,46.07061585293508],[0.316108340080783,46.06820602190335],[0.315367616708926,46.06609273632277],[0.315150768381816,46.065762337141535],[0.314330065654205,46.06510138203336]]]]}},{"type":"Feature","properties":{"fid":1478,"ID":"COMMUNE_0000000009750105","NOM":"Blanzay","NOM_M":"BLANZAY","INSEE_COM":"86029","STATUT":"Commune simple","POPULATION":804,"INSEE_CAN":"06","INSEE_ARR":"2","INSEE_DEP":"86","INSEE_REG":"75","SIREN_EPCI":"200070035"},"geometry":{"type":"MultiPolygon","coordinates":[[[[0.213660448720354,46.20378275455061],[0.213989016558259,46.20418636585969],[0.215150139301474,46.20628721629274],[0.216155127970822,46.20775890552402],[0.216334380379397,46.20885445744919],[0.216499369151543,46.20928559126613],[0.218089889201269,46.21075537597834],[0.218900929885311,46.21277823326985],[0.219728679407675,46.21352651870605],[0.220756144969854,46.214227419154476],[0.221664457788691,46.2152308507213],[0.222080242882531,46.21693766772201],[0.222601510511395,46.21825420566303],[0.227283793701693,46.2188144907306],[0.226313327661475,46.21944587701888],[0.225320420463572,46.220468659559984],[0.224396363061073,46.22159222901749],[0.223841366072547,46.22206704400549],[0.223918820754699,46.22222931975613],[0.226226189678956,46.222936173737665],[0.225801467738896,46.225247787354576],[0.225436573315445,46.22645438522667],[0.226445614521937,46.22678174691931],[0.226606339380178,46.226992004079115],[0.225821711200258,46.22951379231201],[0.226161215402049,46.229629296519796],[0.23275011609016,46.23068453108094],[0.233019796489677,46.23123171286228],[0.233078304006229,46.23256666677687],[0.236894145716791,46.2348597523671],[0.23755837459046,46.235334511555706],[0.237652872798392,46.2359323887112],[0.238181686194271,46.23729047028212],[0.238546536312302,46.238758999280684],[0.238974291841482,46.23959833148207],[0.23937240881742,46.239995437249746],[0.241637515783699,46.24171458764944],[0.243220236290705,46.242519729907976],[0.243592814467997,46.2428576337638],[0.243883542189969,46.24420270563372],[0.243601576355377,46.24534108186819],[0.243603868996514,46.24588896294438],[0.244015530625207,46.24699909208817],[0.244487155369866,46.247588976155804],[0.24549472840656,46.24694841653776],[0.246296185597465,46.246274026859],[0.24755699467468,46.24462502256307],[0.248571909979691,46.243061062656814],[0.251293510598077,46.24089411241401],[0.253869466460601,46.239711109577414],[0.257259439966586,46.23865850720273],[0.259672956092324,46.23747326356158],[0.260149758571677,46.23700089985565],[0.260165591312278,46.23455590463626],[0.260374083710595,46.23287961740375],[0.265665495650576,46.23289522061021],[0.266203712912959,46.23233510889297],[0.267707174070053,46.231841435759655],[0.267973047757866,46.23192531020401],[0.268818686952086,46.23199517570197],[0.270274428221289,46.23193731791325],[0.270625297850927,46.232139457409055],[0.271703760923921,46.2331915924316],[0.274770949444967,46.234696840248475],[0.276408173083135,46.234959507351],[0.27740797627708,46.23493298611976],[0.277842028028273,46.23484696602997],[0.280522229818193,46.23400465637623],[0.278809532561929,46.22977306906824],[0.285160967110565,46.22746418683646],[0.29172983648005,46.22478982488545],[0.292252631438205,46.225769058824945],[0.292285843179661,46.22677808106826],[0.29258768840022,46.228944990385585],[0.292951583994236,46.22896356347898],[0.295257439745725,46.229802302196255],[0.296907556513101,46.23024968906616],[0.298219365338958,46.230423217919565],[0.299654582041276,46.230437480054185],[0.300383536472045,46.23063588726015],[0.299649839253881,46.22974359129895],[0.299075550167509,46.228199141639564],[0.298224419793471,46.22687246286352],[0.297821546754429,46.226354722284825],[0.29651089095482,46.22518649929256],[0.295475870554034,46.22395814044745],[0.29544189031071,46.223673514140835],[0.29492582520957,46.222452083841276],[0.293797517013862,46.22035471562476],[0.292641067017743,46.21869725844314],[0.29226332464984,46.21793591927425],[0.291728276347264,46.21736364856982],[0.290978110699393,46.216758318802384],[0.289896641097545,46.21482149973721],[0.289647651317782,46.21400375200036],[0.289586244194952,46.21277871225251],[0.288686826942874,46.211283209534905],[0.288710219032399,46.21065305775166],[0.288535920824855,46.21011009481631],[0.288234152973092,46.20986142581726],[0.28749032146335,46.20860658902815],[0.286786924684624,46.20616877799206],[0.285845726761102,46.2040532528748],[0.287497340854851,46.20332591006096],[0.289139594262375,46.20294431048045],[0.290378502161399,46.20232151375601],[0.291684576273651,46.2019670043412],[0.294792202507161,46.20089311097788],[0.298692256598147,46.19908742765467],[0.300126069033165,46.19853403359662],[0.299699655590296,46.19744449420591],[0.299505802477314,46.195163936126164],[0.299146344676207,46.193427256423156],[0.298644976385918,46.19249090396297],[0.297881321897316,46.19166454381401],[0.299105463031264,46.19086020557775],[0.299772103924268,46.19052194860167],[0.298764726036347,46.190324115095905],[0.296817419760779,46.189271385242165],[0.296530038329157,46.18865366317335],[0.295819651083512,46.18772223454506],[0.297243887854471,46.18751554451967],[0.296709548676349,46.185934173076824],[0.29625714067664,46.18545398295467],[0.294801373049767,46.183172211383486],[0.295177623640579,46.18309196730596],[0.294082229451107,46.18189457142936],[0.290810135317243,46.18004431116379],[0.290648246483657,46.17990800205906],[0.29065433026649,46.17954864206985],[0.290265569188473,46.17954117395229],[0.290340046110021,46.17895278495482],[0.290034021553837,46.178924763518374],[0.288517995720917,46.179129168388265],[0.286928542085632,46.17979492267401],[0.286840705346008,46.179472964505024],[0.28345443971207,46.17977769487563],[0.280154257153226,46.18098720703675],[0.279244502436891,46.18235570105974],[0.278663381431213,46.1814407661218],[0.27757155221205,46.18028383289636],[0.275703364094246,46.18125631109573],[0.275012949558563,46.18032341800353],[0.275300415383719,46.17986358241352],[0.275435894489844,46.17938208157613],[0.275116403479982,46.17821570702802],[0.273250473675867,46.17823041211931],[0.271127449397669,46.1785632807142],[0.26808148586926,46.17859730962367],[0.267896008960616,46.17831082950128],[0.265979327915519,46.17851070721795],[0.26441829969443,46.178289326686134],[0.261524230262444,46.178788162087805],[0.259959103548062,46.178830622307714],[0.258092135857416,46.17868377012491],[0.255571455870107,46.178018325515886],[0.256312107906649,46.17978060395745],[0.254292644951899,46.18013999034716],[0.24664246681318,46.18090816849746],[0.246360801033191,46.18034360402043],[0.24574561269556,46.179679049534926],[0.244357648261933,46.17983461501791],[0.243981407300258,46.17988766138529],[0.242619507915651,46.18047903755713],[0.240507979617711,46.18078368770172],[0.238691284034682,46.181157635649186],[0.234384314691092,46.182244964256824],[0.229215206782087,46.1828308614866],[0.227164173910728,46.18324396656501],[0.225567123879109,46.18370866714448],[0.223257773806634,46.184226224224204],[0.222118714384233,46.18438129693559],[0.220744761555499,46.18433328548239],[0.219548692816663,46.1841030940198],[0.218519416306399,46.18362828441626],[0.216641994336424,46.18228030585418],[0.215193945973912,46.18315578409928],[0.21300442244135,46.184249136282325],[0.21109875301664,46.184682640623855],[0.210506561027465,46.1849501330854],[0.211128424471802,46.18613945977879],[0.212950511302378,46.18671307496562],[0.212869566655462,46.18677416297514],[0.210635146116911,46.187343765868114],[0.209059139763914,46.18756817769705],[0.208291513315663,46.187815132159606],[0.206910457272908,46.18846509297167],[0.206544823321234,46.18894447413587],[0.205659560480373,46.18946243866685],[0.205408557869704,46.189779743166966],[0.205961102800452,46.19151342967909],[0.206334471919912,46.19230832180224],[0.207445132877506,46.195414495649324],[0.20805167331195,46.196396219689795],[0.208623325152511,46.19689141898063],[0.208807959411301,46.19718969431039],[0.208883119761111,46.19754835436948],[0.208711541630017,46.19808927414262],[0.208789839372948,46.19833538046355],[0.209523528714091,46.199395004038585],[0.209972881761732,46.19969346808693],[0.210280713077858,46.2000190925966],[0.210859254126805,46.201246998088955],[0.211970733578365,46.20215188243989],[0.212884739462015,46.20313841373137],[0.213660448720354,46.20378275455061]]]]}},{"type":"Feature","properties":{"fid":1498,"ID":"COMMUNE_0000000009750101","NOM":"Saint-Romain","NOM_M":"SAINT-ROMAIN","INSEE_COM":"86242","STATUT":"Commune simple","POPULATION":390,"INSEE_CAN":"06","INSEE_ARR":"2","INSEE_DEP":"86","INSEE_REG":"75","SIREN_EPCI":"200070035"},"geometry":{"type":"MultiPolygon","coordinates":[[[[0.351560604333897,46.23155346335667],[0.353140421531125,46.23531942384777],[0.353608476726379,46.23581684712317],[0.354453337678101,46.23636267585544],[0.354720389633876,46.23666711294156],[0.355517486488432,46.23798757118846],[0.355977217820607,46.23895420352525],[0.357560736588282,46.24112002537463],[0.3586817194197,46.242001092289115],[0.361876024083978,46.24610080383581],[0.361363547203007,46.24641417413054],[0.361659022480592,46.246615638813026],[0.361709675174856,46.24680421782476],[0.361628938557368,46.247509616976],[0.36189036898115,46.248552710020306],[0.361852906604165,46.24900683751691],[0.361436572582424,46.24964228671257],[0.360880264013482,46.25019069654662],[0.361419243146654,46.25051403590427],[0.365387287774989,46.25177455867783],[0.367533834661819,46.25210534700665],[0.370154468467422,46.25297682823471],[0.371230815524677,46.253417051141334],[0.373523488732659,46.25460252374643],[0.374466934065325,46.255269396091684],[0.375712168639967,46.25581888560787],[0.378200856598203,46.25337604545747],[0.379396807766798,46.25449377574108],[0.382552775079639,46.25267707231459],[0.384796135732482,46.25114654574463],[0.385035364947877,46.252337725018144],[0.385712755977075,46.25362816747806],[0.386087780673484,46.25458730944886],[0.390303063121124,46.253620916747565],[0.391096659944081,46.25318412468127],[0.392709515434207,46.25482572103561],[0.392876596181365,46.25467187948621],[0.393287130488369,46.25349650916116],[0.393567866902457,46.25327409372622],[0.394663783568618,46.25270635380963],[0.396469088570966,46.25142234988282],[0.397107955444634,46.250714389302495],[0.39758420150325,46.24998468668484],[0.398172411382087,46.2488115632067],[0.398929741702809,46.24856129145331],[0.398635893465657,46.24788515372037],[0.398538118157685,46.24707294730749],[0.398409333866416,46.246886204928295],[0.398372218584564,46.24605466297772],[0.39845761740937,46.24581515612104],[0.398905996577727,46.245315459788856],[0.399153290142837,46.24478413600683],[0.399654535931077,46.243362152813255],[0.399660238431517,46.24296855987209],[0.401484782675522,46.24241921393335],[0.401362063144814,46.24210467585788],[0.400975269867695,46.2416633751487],[0.40153796168872,46.241544687696496],[0.40311543429702,46.2415491741376],[0.403785625402461,46.24132661544001],[0.403964964922582,46.24118655334217],[0.404094083867771,46.24027051326506],[0.404013185610957,46.23918300165723],[0.403641023899306,46.23802217076735],[0.404452562455913,46.236898264000054],[0.404772471560361,46.23707944972429],[0.405502272371975,46.23641947127986],[0.405918025190451,46.236660501645],[0.406972404450702,46.2360826959238],[0.406507084773075,46.235681969170514],[0.408378909532359,46.23500475928953],[0.408172160033731,46.23473696648582],[0.409242832725478,46.23364866467874],[0.409350783969923,46.23213479793382],[0.410646837790349,46.23045157456605],[0.411013020297709,46.22781287374695],[0.414145862315066,46.22640295942207],[0.41428433268019,46.22627456685939],[0.414649335599002,46.2254170379737],[0.416211315268797,46.2240335168326],[0.417289375428137,46.2233588568116],[0.416763465230485,46.222729751882106],[0.41333549619567,46.221873399792436],[0.411411070675781,46.22161428049624],[0.409556138346373,46.22161528865795],[0.408267339464443,46.22172196992547],[0.406228682981377,46.21951677099327],[0.40547039854059,46.218398489357845],[0.404441222739346,46.21782090697324],[0.404063601159049,46.21743568190044],[0.403056232734669,46.21601527662257],[0.402403465298177,46.215466091477325],[0.402058210018813,46.215384324257094],[0.401529585305228,46.21492716602579],[0.400759043663789,46.214453663672174],[0.400058444933181,46.21414753371036],[0.399703449550969,46.213861015955466],[0.399067179803208,46.21200848211868],[0.397801422617597,46.21084159315883],[0.396495812554467,46.20988640567955],[0.396245171754863,46.20950766341391],[0.396114635314298,46.20873163940696],[0.396102376429321,46.20666813112078],[0.396214767965846,46.20615985367366],[0.394251587432556,46.20724739802043],[0.391359383237859,46.204704293639345],[0.392444625244771,46.20382281039503],[0.393507284927184,46.20256959845705],[0.391068512535249,46.20310019041827],[0.387774089349577,46.203531787167314],[0.386685794610376,46.20374102878693],[0.386023521670171,46.20399609575873],[0.385413439568464,46.20340183702527],[0.384679850691517,46.203574168047965],[0.384026113860221,46.202535616097805],[0.382691845758868,46.20270582270174],[0.38260376114266,46.20188750841571],[0.380345531008586,46.20230400062363],[0.37927025773803,46.201480948964225],[0.38219184045124,46.19812364592199],[0.380974654776918,46.19785504662471],[0.379225551078639,46.1971786412263],[0.377140551783741,46.196716999895614],[0.374670967470801,46.195779729039295],[0.371351671740209,46.19530207783464],[0.370828041662162,46.19510166153569],[0.367864858703841,46.195098853430295],[0.368538594049129,46.19571270654713],[0.370071348798057,46.19662213466929],[0.369635381333695,46.19764997984366],[0.369404828487242,46.19910153483337],[0.369384185123747,46.19993716971821],[0.369652491984478,46.200970499360054],[0.369096974738947,46.20132524521735],[0.365730415955938,46.20482148684737],[0.361678286465792,46.20934056705614],[0.35816116109398,46.212816893130466],[0.356536497819259,46.21458741401902],[0.355024168543628,46.215883904461755],[0.353408383305534,46.21752034395598],[0.353123333256689,46.21823540072883],[0.352370715230702,46.22290482097498],[0.351606946766722,46.22428446967894],[0.349891977927396,46.2268636937628],[0.349583301568735,46.22811878607548],[0.351560604333897,46.23155346335667]]]]}},{"type":"Feature","properties":{"fid":1502,"ID":"COMMUNE_0000000009750597","NOM":"Surin","NOM_M":"SURIN","INSEE_COM":"86266","STATUT":"Commune simple","POPULATION":124,"INSEE_CAN":"06","INSEE_ARR":"2","INSEE_DEP":"86","INSEE_REG":"75","SIREN_EPCI":"200070035"},"geometry":{"type":"MultiPolygon","coordinates":[[[[0.402769948619019,46.06312961519545],[0.398775203750305,46.06459043304114],[0.396946817699488,46.06509897476564],[0.395201297469735,46.06511475287522],[0.393009118745566,46.06494184190464],[0.392418237884435,46.06520125332606],[0.391554622730169,46.065861632351584],[0.390549315933081,46.06683408869342],[0.389356353519723,46.067668871520354],[0.389163612312056,46.06766623615391],[0.387948614176751,46.06683998533604],[0.386701924147539,46.065456182217545],[0.385291871992494,46.06435150620507],[0.382476076793037,46.063196350199526],[0.378652508755341,46.06187096718967],[0.378498411132697,46.062171037285836],[0.377397744576795,46.063158295071425],[0.376429241869646,46.06370801792566],[0.374747877374175,46.06444034966013],[0.372830023587603,46.06500139667384],[0.372276670828156,46.06525887187759],[0.368823359689771,46.0644471907221],[0.367593980221296,46.06444208336943],[0.366214097691522,46.06374240638016],[0.365514604948285,46.063700028145284],[0.364540793340799,46.06381795376033],[0.362587970524831,46.064188808232615],[0.361993058566202,46.06458311955417],[0.360500671145512,46.06673870669408],[0.357931206567612,46.065717508099155],[0.357129000051959,46.06503838475795],[0.354998830296206,46.0638480560995],[0.353129577114615,46.06487392121777],[0.352966182607743,46.06506832639443],[0.351671228783791,46.06661123126933],[0.35103389602289,46.068178496455594],[0.350437687304758,46.06910701134946],[0.349381903902246,46.070062624689754],[0.348617320019669,46.07091151171163],[0.348262433377672,46.07110323571715],[0.347557257065211,46.071284063392845],[0.347733570008864,46.07200267883774],[0.347216294353271,46.072876261951805],[0.346254561313021,46.07394577278566],[0.344798332687915,46.07442435779062],[0.345329059572943,46.07477375553387],[0.345132888121069,46.074975492471474],[0.344954204061627,46.075699317180366],[0.345104064662465,46.07583977719661],[0.345169193661314,46.07644767431868],[0.345398472,46.077061215434945],[0.346380913592174,46.077279722257124],[0.347186489748752,46.07772924438036],[0.348378457530881,46.07781838518271],[0.349178045119097,46.07844615013923],[0.349900560758827,46.08010825531565],[0.349509347326779,46.08083703120797],[0.349440858010419,46.08129043452784],[0.349866919435886,46.082147327364545],[0.350158194471111,46.082470382274835],[0.350568815221116,46.08276198611319],[0.35154302103577,46.08310008551469],[0.352073769263713,46.08337106242773],[0.353558340105937,46.08437698160902],[0.355494574105194,46.08627638556341],[0.357729509095958,46.087998908071214],[0.358500054899589,46.08896650032366],[0.358904597221371,46.08976338761737],[0.359337952828721,46.0900690014565],[0.359963720711998,46.09078994420667],[0.361888152942134,46.09237811112261],[0.362111532711363,46.09252656298407],[0.363115737657321,46.09283822495516],[0.36561007230082,46.093861132707545],[0.366933405039841,46.09432432790519],[0.367224285712989,46.09460497930334],[0.368845699102508,46.0975239575347],[0.369399615272596,46.097991800919694],[0.369855867309787,46.09852495169383],[0.369565432303297,46.09869391179938],[0.369583243147199,46.098754690976364],[0.373009412212283,46.10090994289862],[0.373147072795842,46.102634917247336],[0.374415044984441,46.10179661265095],[0.375349148157063,46.101357818585676],[0.376919753109708,46.10022916177694],[0.378162217453661,46.09967854361953],[0.378583064537356,46.09940896165249],[0.380007108507161,46.09746779395557],[0.38066595437349,46.09674239600354],[0.38125940767155,46.09581276372008],[0.381841581425801,46.095227945581364],[0.38420343460928,46.09333179342639],[0.385071291479724,46.09213096680311],[0.387744310516092,46.089159838038825],[0.388846891694651,46.088248199800624],[0.389896684820615,46.08716595250103],[0.391395864795734,46.08610844692605],[0.394288185045806,46.085242406124735],[0.395982032668123,46.085019116875635],[0.397222755590925,46.08430248182573],[0.397323272000884,46.08409395898831],[0.397166662434171,46.08379214144855],[0.39731833125066,46.08346045720958],[0.397760350352009,46.08312191934203],[0.397800913460868,46.082948960915814],[0.399559322696438,46.08075846324806],[0.399992753551937,46.08084678431441],[0.400179132676426,46.079890613461856],[0.401113707304376,46.079183139569125],[0.401944380591349,46.07878321495013],[0.40373977790685,46.07761161033509],[0.402893248556282,46.07741653926698],[0.402757750083944,46.077325140771244],[0.401796687162161,46.07733466345674],[0.401872298215959,46.07704988455588],[0.402071434720658,46.07680847908113],[0.403129604403103,46.07589479445677],[0.404322229485482,46.07391561929372],[0.404591332536595,46.07312441328483],[0.404877408129821,46.072658847805755],[0.403511519688093,46.07178607199547],[0.401489716780172,46.07005763902519],[0.401015065660836,46.069063794765995],[0.401662495494139,46.06894979077431],[0.401525382919129,46.06777087251354],[0.402908718967293,46.067450279447],[0.402793013043558,46.06677640102838],[0.403151517340867,46.065270968770484],[0.403151913180526,46.06452316629152],[0.402769948619019,46.06312961519545]]]]}},{"type":"Feature","properties":{"fid":1532,"ID":"COMMUNE_0000000009750602","NOM":"Voulême","NOM_M":"VOULEME","INSEE_COM":"86295","STATUT":"Commune simple","POPULATION":394,"INSEE_CAN":"06","INSEE_ARR":"2","INSEE_DEP":"86","INSEE_REG":"75","SIREN_EPCI":"200070035"},"geometry":{"type":"MultiPolygon","coordinates":[[[[0.262712967786314,46.11278315277209],[0.265276403283518,46.11224576743999],[0.268311087119028,46.11254681296448],[0.267875358594336,46.109535900981925],[0.269786237261201,46.10989905100498],[0.272299118063152,46.109566630691276],[0.274752291594625,46.10889663919231],[0.270107842789102,46.10116502029881],[0.266435118440126,46.10237498121883],[0.266023287642558,46.100448570063016],[0.262250823851524,46.09825460244303],[0.261161546966319,46.0986184598605],[0.26006488753927,46.0988704009669],[0.258442240247271,46.09896906253592],[0.257774766389919,46.09713645078349],[0.256859314018235,46.095679876402535],[0.25634391955887,46.09391580515229],[0.25361649193701,46.09422554446585],[0.251533445127858,46.09454632628413],[0.251018098752731,46.094492392796354],[0.251103338315964,46.09395383692035],[0.249952400627237,46.093764658579175],[0.25019602903831,46.09298576172989],[0.250156823295103,46.091673804292476],[0.249761555909828,46.09080012905838],[0.248724969960533,46.08959643850979],[0.248137711803626,46.089169519503685],[0.245691366059238,46.088061341279726],[0.244533453608592,46.089149607356795],[0.244217409249379,46.08878962421856],[0.244025058468475,46.088338937268816],[0.243081851074771,46.08770331189345],[0.242706899875413,46.087356309054215],[0.241553500494325,46.08582713583854],[0.241148247469717,46.08554246317363],[0.240832912357653,46.0857104961024],[0.240621863583896,46.08565850825214],[0.240369609113635,46.085473064661194],[0.240713640094508,46.08514624699666],[0.240121951800963,46.084577712686816],[0.240074426718443,46.08384851587573],[0.239816585757556,46.08343947686541],[0.239518067699785,46.08317000953141],[0.238580815051016,46.083191346865085],[0.23622206173216,46.08436562222225],[0.234939851709281,46.08537417610181],[0.234810519544715,46.085371023391495],[0.233945667660513,46.08598517225032],[0.233203696088354,46.086781619742794],[0.232773191638633,46.08789832327316],[0.23243776353044,46.08820730741919],[0.231583863203269,46.08855139409838],[0.230550123732234,46.08853246882094],[0.229958223349874,46.08879103320314],[0.229240178458465,46.088957310242684],[0.227362326133843,46.08916462185401],[0.227123163184011,46.08946423042418],[0.226777489636331,46.09033429959853],[0.226027082442589,46.09101246080458],[0.223536921048218,46.0929293400518],[0.223079171845425,46.09317133049958],[0.22278926105731,46.09257855346486],[0.222564498536358,46.09266946300962],[0.221089920588308,46.09345240459973],[0.21918967862016,46.09481418073864],[0.217492023961135,46.09493654764819],[0.213356410539164,46.09491523580214],[0.212177818872063,46.09529806086412],[0.210488209688148,46.095490803484424],[0.21016468612048,46.095485551549466],[0.209405030054242,46.09506590064885],[0.208307493019066,46.09500015370981],[0.207464478604057,46.09507401711886],[0.205571875474031,46.095488755564205],[0.20395707686831,46.095457980733606],[0.203110464183006,46.09557677616744],[0.19883936468137,46.0972960411621],[0.198518173202147,46.097244859968875],[0.19845774833122,46.09710911052401],[0.197891237574331,46.09673830190505],[0.197586500749404,46.096237897042684],[0.197618780731433,46.095427743283054],[0.197448814686307,46.095408226851724],[0.1970543407706,46.095904875698906],[0.196476336941912,46.09631769530496],[0.195637516240169,46.09666369476649],[0.19488795748529,46.0967073377178],[0.194364756065937,46.09688362278288],[0.193668925780467,46.09754851454925],[0.193429576531958,46.09799943061738],[0.1932285102783,46.09818277791591],[0.192148933878105,46.100804277575484],[0.190702851965251,46.10499174718041],[0.19141652734109,46.10491750590068],[0.193346624416352,46.10494363677775],[0.198160619320108,46.1052166864426],[0.200187253387788,46.104975668762094],[0.202751848019849,46.1048794321086],[0.203022594417358,46.10518435502467],[0.203424132336992,46.10543933850082],[0.20437510230942,46.10589437614249],[0.205152218381223,46.10615139713595],[0.208564672286167,46.10683279101528],[0.20906120879812,46.106825181265904],[0.211472073386177,46.10651772312225],[0.211896593107665,46.106550680673635],[0.21407708374482,46.107463835882946],[0.214320628487351,46.10766804564633],[0.215241355580422,46.107878963373714],[0.215058328372814,46.10773300701419],[0.215052571771823,46.10754004120591],[0.216208305925331,46.10434264432759],[0.21647110500349,46.10432025772452],[0.221179675736541,46.10503846493238],[0.221370660604556,46.10569279650431],[0.223678014201716,46.10540597450397],[0.223669128196275,46.106222104616506],[0.225640526691446,46.10627752885373],[0.227507988648963,46.10723682989056],[0.228109118747612,46.107312786154296],[0.229929546893232,46.10720316028805],[0.231046139881053,46.108771194804895],[0.231416107810952,46.109501055553956],[0.231572611463918,46.11009685851558],[0.232892309819412,46.10979656035569],[0.232952164712938,46.11020258763154],[0.232834520884824,46.110994438078734],[0.232724932227684,46.11121522428233],[0.232309182772317,46.11152135153565],[0.231788881330204,46.11235924523557],[0.231630783152804,46.113053696583535],[0.231754449252153,46.1136072499303],[0.232264652144978,46.113920641584755],[0.233083969372276,46.11427040069999],[0.235802841966729,46.116134229459625],[0.237016447332232,46.11668277932792],[0.237577067554522,46.11702530520587],[0.237901365396756,46.116760182804974],[0.237658804840131,46.1163794470177],[0.237601445118293,46.11610323382522],[0.237879857271569,46.1158487082912],[0.238310959867295,46.1162160107638],[0.239123064795636,46.11658176769545],[0.240074281091148,46.11616519559842],[0.240277827328835,46.11639450374559],[0.241794324198979,46.11576369859965],[0.242265450342514,46.11685639255384],[0.245296433281909,46.11558204693987],[0.248147481806138,46.114250099922245],[0.248029513750954,46.11414812556638],[0.251777763565671,46.1137830279627],[0.252695996637642,46.11384130075111],[0.253745676650766,46.11412079695533],[0.254387955661397,46.114127326446216],[0.259630617758153,46.113359311614694],[0.260892798695452,46.113249220539664],[0.262712967786314,46.11278315277209]]]]}},{"type":"Feature","properties":{"fid":1752,"ID":"COMMUNE_0000000009749450","NOM":"Gençay","NOM_M":"GENCAY","INSEE_COM":"86103","STATUT":"Commune simple","POPULATION":1681,"INSEE_CAN":"10","INSEE_ARR":"2","INSEE_DEP":"86","INSEE_REG":"75","SIREN_EPCI":"200070035"},"geometry":{"type":"MultiPolygon","coordinates":[[[[0.3866886046238,46.37292147670456],[0.385838638011361,46.37381917342088],[0.386765793238975,46.37424675629824],[0.38681056360807,46.37450815971312],[0.387851189534449,46.374386945946505],[0.388234566324356,46.37445428912322],[0.388662283574853,46.37476500442604],[0.389358451951801,46.37504222149539],[0.390383400607665,46.37571256840783],[0.391144341509715,46.37662372898622],[0.391789298873961,46.3780016304475],[0.392589797804001,46.37884881554994],[0.392855498383592,46.37933690190178],[0.393384819455437,46.37970217589118],[0.394465589120281,46.37996922879523],[0.395294884817728,46.379804376036105],[0.395704009838688,46.38004256174127],[0.396024751865171,46.379922850376865],[0.39656099977172,46.37910531201675],[0.397005742738905,46.378814544089835],[0.397000302626646,46.37851890640084],[0.397415781449086,46.377066137017536],[0.398635256005799,46.376606542538376],[0.399024539123616,46.37624963351591],[0.399345808551047,46.37611821303801],[0.399915685824887,46.375905067318],[0.400578047033785,46.37590935511162],[0.400727540028655,46.37569473137073],[0.401056854575311,46.37569502898501],[0.401332964499937,46.37558239493389],[0.403519246175007,46.37649800864264],[0.403840068610659,46.37615664336205],[0.40420132182696,46.37627928761554],[0.405223870736095,46.37681249693011],[0.405331684487752,46.37703658428972],[0.405704698062058,46.377295534988356],[0.406027977969114,46.377011880669215],[0.406336968151304,46.376563026191285],[0.408040150734881,46.377319806580026],[0.408395392655831,46.377377431999804],[0.408501573117342,46.377361825759095],[0.408286907802833,46.37648122250818],[0.408324479151715,46.37599105752884],[0.408447736943081,46.37556050064316],[0.408637526432729,46.375373811514926],[0.409278425440002,46.37519917281475],[0.411197618733253,46.37499589466723],[0.411756141054567,46.37469143729251],[0.412641661705305,46.37438088245308],[0.413856618031119,46.374452587424],[0.414100473100666,46.37452568838105],[0.414585742845219,46.374861032806145],[0.415001217129207,46.37496595180279],[0.415177733112347,46.3753069078648],[0.415425226500205,46.37552333926594],[0.417738805828108,46.37680734503901],[0.418261439401856,46.37728947234189],[0.41938824958662,46.377768151529196],[0.419489926667928,46.37804073643063],[0.419657287339268,46.37819047655756],[0.421637396942875,46.37901457783032],[0.422518849702768,46.379093963970504],[0.423336051054419,46.378852055862],[0.423690488095706,46.37851319868337],[0.423743039932054,46.3778404782292],[0.423556163401869,46.37708306577636],[0.423299521280249,46.3767286014695],[0.422917654653048,46.37640734472498],[0.423026948290176,46.376215209951226],[0.423522250292239,46.375980442431135],[0.423719495611568,46.37511007958798],[0.424289507811868,46.37444994824639],[0.426821695258588,46.37438458285688],[0.427812345918976,46.37446549255364],[0.428877555374014,46.374317432784125],[0.432349401487964,46.374282135624775],[0.435141529343668,46.37475129127119],[0.436191561408555,46.374537954384806],[0.437078383798751,46.37458491605952],[0.438293115019602,46.37424552581969],[0.438471336458939,46.374247727176304],[0.438857724459366,46.37441857466602],[0.439424409121715,46.374047499128935],[0.440954410026708,46.37261781442673],[0.440511831612354,46.37189613907076],[0.440105123208075,46.371520327167495],[0.440123135570905,46.37127477471345],[0.438271884714874,46.36981241792488],[0.436010238873431,46.36752905216134],[0.435574957638524,46.36687599052309],[0.435185725516582,46.36587980248567],[0.433447286802518,46.36401717492043],[0.429902337908076,46.36354541273798],[0.429501327534129,46.36377061867872],[0.427342400052592,46.362027246241645],[0.425679925814975,46.36088065587765],[0.423600562896245,46.36120848093303],[0.422205928455763,46.36095172029431],[0.415064007022062,46.36345953785812],[0.41292841833183,46.36293720067999],[0.409820231471541,46.3619314435271],[0.409355487973502,46.36273084145146],[0.407065335268372,46.364260857292685],[0.405814005047973,46.36490540653366],[0.406126718689758,46.36607655349364],[0.405850392026755,46.36616757014168],[0.404977061089033,46.365894529447914],[0.405101098719453,46.3674208659673],[0.40334511940046,46.36876836179532],[0.402896049268423,46.369371684942394],[0.402626492107082,46.37000432226987],[0.400091373099473,46.369942946039984],[0.399964574886229,46.369270644787456],[0.39981405376895,46.36679949390653],[0.399341723352231,46.366140934354476],[0.398712760978244,46.365738274796364],[0.394927340172769,46.367938483426016],[0.392053442033976,46.369523346421836],[0.391060166213768,46.36999074697534],[0.390777197797753,46.3702743814034],[0.389897386513989,46.370818247195594],[0.389250221357348,46.37106921546691],[0.388451311722552,46.37117255151604],[0.387252338097902,46.3715306978414],[0.3866886046238,46.37292147670456]]]]}},{"type":"Feature","properties":{"fid":1830,"ID":"COMMUNE_0000000009750103","NOM":"Champniers","NOM_M":"CHAMPNIERS","INSEE_COM":"86054","STATUT":"Commune simple","POPULATION":354,"INSEE_CAN":"06","INSEE_ARR":"2","INSEE_DEP":"86","INSEE_REG":"75","SIREN_EPCI":"200070035"},"geometry":{"type":"MultiPolygon","coordinates":[[[[0.367864858703841,46.195098853430295],[0.366166459301617,46.19358820228284],[0.364384972160948,46.19240445656116],[0.360999079156796,46.193881895786596],[0.36069008049499,46.19359000909529],[0.357737750021085,46.1950053426348],[0.357955311858629,46.195390616892],[0.356533531870809,46.19592428170687],[0.355002470918368,46.19662477243417],[0.352127254117751,46.19590010785897],[0.350438125177861,46.195655320646104],[0.348869622856027,46.195652985310225],[0.346596368663506,46.19487824610103],[0.345905292321942,46.19481525961233],[0.343804297895411,46.19490493386523],[0.342884041352042,46.19459150266597],[0.334799597500349,46.19464819506543],[0.331150117959889,46.19555005625921],[0.331921487717178,46.19716203092297],[0.331817075629856,46.19824077756988],[0.331388599640489,46.199312817735674],[0.331126684241565,46.199655354859615],[0.332534829817055,46.201568789014146],[0.332958496029501,46.20248873684812],[0.332934276045539,46.203119767610254],[0.332817585241462,46.20330443725835],[0.332538584565475,46.20346457546624],[0.326037777943625,46.205477854421446],[0.326265348895036,46.20576071470301],[0.32334937623528,46.20701026115061],[0.320860628963981,46.20538479745407],[0.317147127319428,46.202113978374065],[0.316685276004255,46.20110476559481],[0.314490275139529,46.20133224258579],[0.312396905076537,46.20144494982568],[0.311218387623196,46.20163602477427],[0.310672328974233,46.20057343570375],[0.310005618097778,46.19996029343403],[0.307347749098034,46.200999297344225],[0.307088486867164,46.2009940568289],[0.30628934390999,46.199855170146655],[0.305511160204838,46.19963670298394],[0.3041395648636,46.197501228208445],[0.304077786580802,46.196989792054985],[0.303981536386323,46.19691542846452],[0.302669368628756,46.19718703704839],[0.302224245741306,46.1973467641221],[0.300126069033165,46.19853403359662],[0.298692256598147,46.19908742765467],[0.294792202507161,46.20089311097788],[0.291684576273651,46.2019670043412],[0.290378502161399,46.20232151375601],[0.289139594262375,46.20294431048045],[0.287497340854851,46.20332591006096],[0.285845726761102,46.2040532528748],[0.286786924684624,46.20616877799206],[0.28749032146335,46.20860658902815],[0.288234152973092,46.20986142581726],[0.288535920824855,46.21011009481631],[0.288710219032399,46.21065305775166],[0.288686826942874,46.211283209534905],[0.289586244194952,46.21277871225251],[0.289647651317782,46.21400375200036],[0.289896641097545,46.21482149973721],[0.290978110699393,46.216758318802384],[0.291728276347264,46.21736364856982],[0.29226332464984,46.21793591927425],[0.292641067017743,46.21869725844314],[0.293797517013862,46.22035471562476],[0.29492582520957,46.222452083841276],[0.29544189031071,46.223673514140835],[0.295475870554034,46.22395814044745],[0.29651089095482,46.22518649929256],[0.297821546754429,46.226354722284825],[0.298224419793471,46.22687246286352],[0.299075550167509,46.228199141639564],[0.299649839253881,46.22974359129895],[0.300383536472045,46.23063588726015],[0.301825178417684,46.23091517045952],[0.304254316585938,46.23109981259517],[0.305863765578669,46.231373109922934],[0.30899209569182,46.23212562434205],[0.307319404329808,46.233164539988636],[0.306908024992946,46.23382064302295],[0.305343963645847,46.23523602078962],[0.306944566139251,46.23767240224793],[0.307942900639878,46.23899708328124],[0.30853665919791,46.23877867438943],[0.309428141989446,46.23826186469266],[0.310438340398857,46.237812727608535],[0.31180218839919,46.23759178469705],[0.313897659825074,46.23693490059031],[0.314887646379168,46.23644650504151],[0.315708150077045,46.23586580372077],[0.31653020408982,46.23554462172423],[0.316960204832597,46.235248425005466],[0.319503244837129,46.236771605098326],[0.3195832043879,46.236650052345176],[0.320227855810543,46.23629222742455],[0.321836599853775,46.23493807257941],[0.322380638510138,46.234964395706385],[0.323090848788344,46.235363135406715],[0.323484277773613,46.2351768770061],[0.324228415789843,46.23597104478672],[0.32633073154367,46.234690607525465],[0.327513835618762,46.23439225017492],[0.328420183707896,46.23377833903208],[0.329361668310635,46.23446718555734],[0.330757001229778,46.2356748363003],[0.330566928981781,46.23589832771692],[0.331564791119587,46.2370569948572],[0.332542222702073,46.236556441919454],[0.334125611394314,46.236063777154435],[0.335318759810084,46.23593225822983],[0.33789935560077,46.23583861234829],[0.338935838790439,46.23567095348441],[0.340260204669465,46.23556407669384],[0.340487644113968,46.2353991071868],[0.341876237216463,46.23503873296126],[0.341837805358676,46.23459995309311],[0.343847969071079,46.23416578243039],[0.344279125260689,46.233735265569464],[0.345612397400945,46.233389773418715],[0.345850317521658,46.233222335361816],[0.346391374814588,46.23333677123937],[0.34872936913751,46.23202899694629],[0.349871663484329,46.2328385766897],[0.351560604333897,46.23155346335667],[0.349583301568735,46.22811878607548],[0.349891977927396,46.2268636937628],[0.351606946766722,46.22428446967894],[0.352370715230702,46.22290482097498],[0.353123333256689,46.21823540072883],[0.353408383305534,46.21752034395598],[0.355024168543628,46.215883904461755],[0.356536497819259,46.21458741401902],[0.35816116109398,46.212816893130466],[0.361678286465792,46.20934056705614],[0.365730415955938,46.20482148684737],[0.369096974738947,46.20132524521735],[0.369652491984478,46.200970499360054],[0.369384185123747,46.19993716971821],[0.369404828487242,46.19910153483337],[0.369635381333695,46.19764997984366],[0.370071348798057,46.19662213466929],[0.368538594049129,46.19571270654713],[0.367864858703841,46.195098853430295]]]]}},{"type":"Feature","properties":{"fid":1878,"ID":"COMMUNE_0000000009749673","NOM":"La Ferrière-Airoux","NOM_M":"LA FERRIERE-AIROUX","INSEE_COM":"86097","STATUT":"Commune simple","POPULATION":334,"INSEE_CAN":"06","INSEE_ARR":"2","INSEE_DEP":"86","INSEE_REG":"75","SIREN_EPCI":"200070035"},"geometry":{"type":"MultiPolygon","coordinates":[[[[0.35978076396265,46.30741889833487],[0.359698298062629,46.30743050138037],[0.361712569183535,46.309847646985915],[0.362704324263311,46.310796817836184],[0.364621662519876,46.31318012676674],[0.365622700319165,46.314235799089765],[0.367418683139808,46.31771363411523],[0.370076682704534,46.32152397375611],[0.370863684772293,46.32254672204741],[0.371100857757055,46.32299637411334],[0.375850036450743,46.32318784732684],[0.375957430504628,46.32325338873647],[0.37990521796211,46.33002041820022],[0.380846778641343,46.33200437150556],[0.380100145547054,46.33216830223466],[0.380765086772163,46.333736855666295],[0.381138096334293,46.33368866772177],[0.381913766482001,46.333353312304155],[0.383613789874,46.332972507389506],[0.387472655745166,46.33297815352832],[0.388916657941195,46.3341987206192],[0.389654535268708,46.33435437370394],[0.39009925291225,46.33506550937775],[0.391150866291961,46.335815765131606],[0.391461097030846,46.33664724772674],[0.391711760837133,46.33700976628637],[0.39233382126203,46.33735825896179],[0.392873106754487,46.33747871295093],[0.393146995892043,46.33773634678327],[0.393348234511963,46.337662566145596],[0.395032132914716,46.33759385466055],[0.396269928842033,46.33695002463237],[0.397797507070309,46.33650290175184],[0.400605481267422,46.33631922100781],[0.404229809302968,46.334803533056245],[0.405531768436806,46.334448473205356],[0.406210831538399,46.33472070434678],[0.406897922685006,46.334631830140154],[0.40819384081649,46.33415677565676],[0.408430223110887,46.33391709144256],[0.40883176086674,46.33370548810361],[0.408985127555198,46.33395493643648],[0.409518338596175,46.334231038978054],[0.411445456431062,46.334928923927635],[0.412324439487321,46.33537503836042],[0.413210259683198,46.336116813993144],[0.420615042045492,46.336124284549165],[0.425980341918155,46.337234838860574],[0.429162278745929,46.33872295381777],[0.429803091932859,46.3389545358684],[0.432357942380854,46.340282459865385],[0.43324770411155,46.34061513043598],[0.437413948257663,46.342481942650345],[0.437954421879067,46.342635541594774],[0.439929993490758,46.34331239597148],[0.441458893182324,46.34252686839255],[0.441885941904773,46.34171299189457],[0.443612452326096,46.339370538094286],[0.443968408612333,46.33918572010057],[0.445253883193928,46.33817755820163],[0.447606879950343,46.33670318418055],[0.448215106089781,46.336407781841686],[0.448051729174429,46.33550498363253],[0.447573325166892,46.33391131443199],[0.447437750089532,46.33377854204773],[0.446814238709216,46.33183925989915],[0.446383056025593,46.33115749480486],[0.446328294630358,46.328236311235464],[0.447572218911966,46.32733170676337],[0.446979373372274,46.3267147931058],[0.446339212250368,46.324967032473225],[0.444292047039046,46.32291292656286],[0.444158141475811,46.322299983300155],[0.444309692595782,46.32167272172034],[0.445284931775617,46.32056030505935],[0.445464206190367,46.32020214530032],[0.445499972326194,46.31977049396185],[0.445414748677314,46.3194514505906],[0.445259389499171,46.319353367682815],[0.445203377060081,46.318743073093266],[0.445928166628166,46.317479082356634],[0.44660631455685,46.316656405825555],[0.447038302914515,46.314282188978154],[0.444487028274708,46.3100022521651],[0.444697527135243,46.309642992473385],[0.445460664656714,46.30894746182194],[0.44460848296763,46.3084877842425],[0.445304707247334,46.306663670553945],[0.445408560615464,46.30499654723193],[0.444172687533264,46.30423635158909],[0.442994720003696,46.3031558036822],[0.441717064818446,46.30148378347926],[0.438709483975484,46.29786554481258],[0.437348799706303,46.29638981039704],[0.439423112416746,46.2960319445636],[0.44085044783554,46.296055921230135],[0.443228943192551,46.29672559597456],[0.441026507364429,46.294709355869145],[0.440646092618358,46.29447827228939],[0.438219492364074,46.293311936015016],[0.436116335201891,46.29262312490021],[0.435272927634259,46.29209419352884],[0.434380280853128,46.29181190769976],[0.433513641246739,46.291557229391586],[0.428772352905078,46.29047993901654],[0.427540359131613,46.29039535225954],[0.424199881585024,46.290679315795614],[0.422441285355426,46.28971694150881],[0.415257841698466,46.28826573035405],[0.411116111749751,46.287054442783386],[0.410342334156736,46.28690080102687],[0.405053772454886,46.291297816988944],[0.402142011322653,46.29226572836971],[0.400286385977219,46.29296937608881],[0.398738461108608,46.29367912314052],[0.397217058242416,46.29478678175944],[0.396660719389116,46.29470559093253],[0.395281457453049,46.29481910574437],[0.391280779221524,46.29588166351648],[0.390520420133458,46.29601740673309],[0.386949235904397,46.29521384061405],[0.380227760414001,46.30222302506661],[0.380925086389444,46.303297703525466],[0.373998491373059,46.303601306040626],[0.37220468531056,46.30316440456072],[0.37060286863824,46.303926598508795],[0.368772717342761,46.30451591472782],[0.365191328691666,46.30583503747311],[0.364272932133224,46.30608948674096],[0.362757858853475,46.306693208131875],[0.361781444079955,46.307179647562116],[0.35978076396265,46.30741889833487]]]]}},{"type":"Feature","properties":{"fid":1914,"ID":"COMMUNE_0000000009749672","NOM":"Brion","NOM_M":"BRION","INSEE_COM":"86038","STATUT":"Commune simple","POPULATION":221,"INSEE_CAN":"10","INSEE_ARR":"2","INSEE_DEP":"86","INSEE_REG":"75","SIREN_EPCI":"200070035"},"geometry":{"type":"MultiPolygon","coordinates":[[[[0.440954410026708,46.37261781442673],[0.441706255336256,46.3717941065612],[0.442659759732469,46.37105510037906],[0.442639454459456,46.3704600247484],[0.442897108829979,46.370210836759966],[0.442637011873465,46.37009508933031],[0.442717072255004,46.369913993989286],[0.443065967500396,46.369550630569414],[0.44431350325381,46.369035330803584],[0.445519802292571,46.36842719833593],[0.446475661652149,46.367440457005266],[0.446753942666426,46.36699982288678],[0.447001058096225,46.36622334118662],[0.446681646671675,46.365316151221734],[0.444341235291692,46.36457449930208],[0.441812364819351,46.36430156364649],[0.441506586441477,46.36418929264558],[0.441143857228728,46.363903662954044],[0.440912874118996,46.36388946953734],[0.440428341235299,46.3635371367317],[0.440259296910185,46.36353424273335],[0.439945824338231,46.363197460159974],[0.439737192487035,46.36270626699575],[0.439681196450012,46.362262647139076],[0.439817316754211,46.361773789484076],[0.439729741727334,46.36150424322337],[0.440097407157009,46.36123951340677],[0.440190989156487,46.360964124435824],[0.44090012997263,46.36082688363264],[0.44137660971091,46.360350168195545],[0.442037135955506,46.36002803753907],[0.442496092986572,46.359647325313944],[0.443599854835597,46.35922431209789],[0.444758921115938,46.358981815225654],[0.444856246112258,46.358987600242635],[0.445151438515317,46.359882542626444],[0.44571727523738,46.36083400021913],[0.445839392528713,46.361673708985236],[0.449920985928112,46.361772278806505],[0.452558516752541,46.36208530366912],[0.457902918030403,46.36452359369881],[0.462399763632574,46.36546523302391],[0.462786076107331,46.36560987063782],[0.462916116283771,46.36555600538578],[0.463593774129893,46.36570441959215],[0.465108027209998,46.36611017817712],[0.469295641744462,46.36639959877286],[0.471158654072402,46.366076054844726],[0.472663336455149,46.36590220184181],[0.47315762236861,46.36579513477761],[0.473491424550836,46.36561243547038],[0.474157773219608,46.364710953555075],[0.476366104364441,46.36553104579545],[0.477417013472909,46.365798451485624],[0.477815016462031,46.36563427776883],[0.47868886973532,46.36562117037153],[0.479795738988537,46.36580420318323],[0.480497167893301,46.36549446968118],[0.481155906567504,46.36503783892316],[0.481663210222689,46.36493012217261],[0.483937525243967,46.3648001452972],[0.486704312962024,46.365252165494525],[0.487785766003671,46.36553546360599],[0.490037005626822,46.36587964292189],[0.490765806657985,46.366191185827326],[0.491790189515706,46.36715158364785],[0.49404928145184,46.366361594325724],[0.496151834922917,46.36481135080138],[0.497670811352711,46.36628346565561],[0.498935088819628,46.3668959002678],[0.505447399414987,46.369206160416994],[0.506085801423972,46.36936246898447],[0.507238153462935,46.36935072758091],[0.50792063239664,46.369539521299544],[0.509106565477936,46.37050418644764],[0.511757867362109,46.3719305573639],[0.515783926027662,46.373868806811984],[0.51601880802602,46.37408473660415],[0.516481961185422,46.37489123020478],[0.516990679122077,46.37584105769325],[0.517043081509285,46.37617733786319],[0.517319142245789,46.37611758112031],[0.518300163740637,46.37500918928993],[0.519208197686615,46.37631004095314],[0.520339949085112,46.37689862348701],[0.522351425468992,46.377578381612835],[0.525132061993611,46.37883696313629],[0.524160281044963,46.37635368698736],[0.522117266591247,46.37220837316848],[0.521372382099931,46.37029486696935],[0.520140357950409,46.36867797239095],[0.522463882355152,46.36760684409785],[0.525028725909574,46.36686613700178],[0.524211045045631,46.36472043536328],[0.523812518186921,46.36334870308982],[0.525979838379842,46.36184077852766],[0.527647983592362,46.36054902118632],[0.530330830817998,46.35931886526209],[0.530220226160198,46.35905971021142],[0.529361546724643,46.35813569169001],[0.525927763800813,46.35660986111291],[0.522622522076347,46.35598402485115],[0.522012573801741,46.35646536987292],[0.520533163656045,46.35683771457335],[0.516139469951439,46.35674297534878],[0.515304053029386,46.357316672235434],[0.514966847253753,46.357435450772435],[0.513352338986694,46.357343490351425],[0.513110923256894,46.35744453259565],[0.512427823246956,46.35752963161565],[0.511369459826498,46.35728310686144],[0.510909545814192,46.35695324133015],[0.510373187522375,46.356816302488646],[0.508609904411484,46.3568201262909],[0.50799995618273,46.35595723018536],[0.507661848048218,46.3552966736801],[0.506845202324876,46.354544569010585],[0.50626089303935,46.353691232091236],[0.503729411296278,46.351543892952776],[0.502962311509189,46.35056400897369],[0.502787301789969,46.35017998693414],[0.500556727146361,46.3500509184931],[0.500922122540403,46.34928684047663],[0.499428108436948,46.34852883485364],[0.499408532014083,46.34833110357544],[0.498612726424622,46.34849292654773],[0.498033414905717,46.34875679570161],[0.497585956064215,46.34886859802782],[0.496881285942298,46.34871618605865],[0.494643772861532,46.34879676307677],[0.49116331774365,46.348349032758584],[0.490032387008354,46.34889532233287],[0.489372003462464,46.34905375691654],[0.488354227788728,46.34911872567528],[0.486987321751112,46.34936338167468],[0.485787112146011,46.34991531055601],[0.484345610082432,46.350423162737876],[0.483862499554764,46.35043232056923],[0.482965419053982,46.35061612556417],[0.480409563079916,46.35124977313591],[0.479670745971851,46.34960906669487],[0.479243391729142,46.347619375414915],[0.477294135450019,46.34743030135757],[0.472212609326617,46.3462744464843],[0.47092649093279,46.345728782218565],[0.470885587212901,46.34576931751382],[0.469889395984101,46.34511565527889],[0.470218133363889,46.34464635863538],[0.469484879606463,46.34435529723539],[0.468656758774513,46.344652235356875],[0.467078377836616,46.344716273478255],[0.465308507660638,46.34444899246397],[0.464375292518935,46.34445886749836],[0.463433524929438,46.344232499562224],[0.462287240686785,46.3446006924875],[0.46187054823361,46.34494548197474],[0.461593431780168,46.34486183031313],[0.45454204818766,46.34009176793072],[0.452583090678595,46.33964347701992],[0.45094517583567,46.33825274157719],[0.448215106089781,46.336407781841686],[0.447606879950343,46.33670318418055],[0.445253883193928,46.33817755820163],[0.443968408612333,46.33918572010057],[0.443612452326096,46.339370538094286],[0.441885941904773,46.34171299189457],[0.441458893182324,46.34252686839255],[0.439929993490758,46.34331239597148],[0.437954421879067,46.342635541594774],[0.4370737606607,46.343328389313314],[0.434014557719781,46.346920100853886],[0.435243761485672,46.34764599836456],[0.435896129571728,46.34832737447164],[0.431202683401182,46.34972537970798],[0.430899845545682,46.349746484095135],[0.429718443552852,46.35007932938354],[0.42870573463586,46.35014478293196],[0.427283358666296,46.35239028525145],[0.426209942472613,46.3533570973917],[0.423129247128514,46.35561104805915],[0.421423917838585,46.357364476624],[0.422743643672015,46.35926288596806],[0.423843652755741,46.35914359535044],[0.425518416623159,46.359944528513815],[0.425679925814975,46.36088065587765],[0.427342400052592,46.362027246241645],[0.429501327534129,46.36377061867872],[0.429902337908076,46.36354541273798],[0.433447286802518,46.36401717492043],[0.435185725516582,46.36587980248567],[0.435574957638524,46.36687599052309],[0.436010238873431,46.36752905216134],[0.438271884714874,46.36981241792488],[0.440123135570905,46.37127477471345],[0.440105123208075,46.371520327167495],[0.440511831612354,46.37189613907076],[0.440954410026708,46.37261781442673]]]]}},{"type":"Feature","properties":{"fid":2245,"ID":"COMMUNE_0000000009750104","NOM":"Romagne","NOM_M":"ROMAGNE","INSEE_COM":"86211","STATUT":"Commune simple","POPULATION":803,"INSEE_CAN":"09","INSEE_ARR":"2","INSEE_DEP":"86","INSEE_REG":"75","SIREN_EPCI":"200070035"},"geometry":{"type":"MultiPolygon","coordinates":[[[[0.360880264013482,46.25019069654662],[0.361436572582424,46.24964228671257],[0.361852906604165,46.24900683751691],[0.36189036898115,46.248552710020306],[0.361628938557368,46.247509616976],[0.361709675174856,46.24680421782476],[0.361659022480592,46.246615638813026],[0.361363547203007,46.24641417413054],[0.361876024083978,46.24610080383581],[0.3586817194197,46.242001092289115],[0.357560736588282,46.24112002537463],[0.355977217820607,46.23895420352525],[0.355517486488432,46.23798757118846],[0.354720389633876,46.23666711294156],[0.354453337678101,46.23636267585544],[0.353608476726379,46.23581684712317],[0.353140421531125,46.23531942384777],[0.351560604333897,46.23155346335667],[0.349871663484329,46.2328385766897],[0.34872936913751,46.23202899694629],[0.346391374814588,46.23333677123937],[0.345850317521658,46.233222335361816],[0.345612397400945,46.233389773418715],[0.344279125260689,46.233735265569464],[0.343847969071079,46.23416578243039],[0.341837805358676,46.23459995309311],[0.341876237216463,46.23503873296126],[0.340487644113968,46.2353991071868],[0.340260204669465,46.23556407669384],[0.338935838790439,46.23567095348441],[0.33789935560077,46.23583861234829],[0.335318759810084,46.23593225822983],[0.334125611394314,46.236063777154435],[0.332542222702073,46.236556441919454],[0.331564791119587,46.2370569948572],[0.330566928981781,46.23589832771692],[0.330757001229778,46.2356748363003],[0.329361668310635,46.23446718555734],[0.328420183707896,46.23377833903208],[0.327513835618762,46.23439225017492],[0.32633073154367,46.234690607525465],[0.324228415789843,46.23597104478672],[0.323484277773613,46.2351768770061],[0.323090848788344,46.235363135406715],[0.322380638510138,46.234964395706385],[0.321836599853775,46.23493807257941],[0.320227855810543,46.23629222742455],[0.3195832043879,46.236650052345176],[0.319503244837129,46.236771605098326],[0.316960204832597,46.235248425005466],[0.31653020408982,46.23554462172423],[0.315708150077045,46.23586580372077],[0.314887646379168,46.23644650504151],[0.313897659825074,46.23693490059031],[0.31180218839919,46.23759178469705],[0.310438340398857,46.237812727608535],[0.309428141989446,46.23826186469266],[0.30853665919791,46.23877867438943],[0.307942900639878,46.23899708328124],[0.306944566139251,46.23767240224793],[0.305343963645847,46.23523602078962],[0.306908024992946,46.23382064302295],[0.307319404329808,46.233164539988636],[0.30899209569182,46.23212562434205],[0.305863765578669,46.231373109922934],[0.304254316585938,46.23109981259517],[0.301825178417684,46.23091517045952],[0.300383536472045,46.23063588726015],[0.299654582041276,46.230437480054185],[0.298219365338958,46.230423217919565],[0.296907556513101,46.23024968906616],[0.295257439745725,46.229802302196255],[0.292951583994236,46.22896356347898],[0.29258768840022,46.228944990385585],[0.292285843179661,46.22677808106826],[0.292252631438205,46.225769058824945],[0.29172983648005,46.22478982488545],[0.285160967110565,46.22746418683646],[0.278809532561929,46.22977306906824],[0.280522229818193,46.23400465637623],[0.277842028028273,46.23484696602997],[0.27740797627708,46.23493298611976],[0.276408173083135,46.234959507351],[0.274770949444967,46.234696840248475],[0.271703760923921,46.2331915924316],[0.270625297850927,46.232139457409055],[0.270274428221289,46.23193731791325],[0.268818686952086,46.23199517570197],[0.267973047757866,46.23192531020401],[0.267707174070053,46.231841435759655],[0.266203712912959,46.23233510889297],[0.265665495650576,46.23289522061021],[0.260374083710595,46.23287961740375],[0.260165591312278,46.23455590463626],[0.260149758571677,46.23700089985565],[0.259672956092324,46.23747326356158],[0.257259439966586,46.23865850720273],[0.253869466460601,46.239711109577414],[0.251293510598077,46.24089411241401],[0.248571909979691,46.243061062656814],[0.24755699467468,46.24462502256307],[0.246296185597465,46.246274026859],[0.24549472840656,46.24694841653776],[0.244487155369866,46.247588976155804],[0.245454331176673,46.248603527754305],[0.247156954134166,46.25123969525267],[0.249465396781978,46.253480512291986],[0.251278420568189,46.2560201644559],[0.251497698440354,46.25680124357243],[0.251689522672313,46.25673199276746],[0.252520609472592,46.25740981040966],[0.253897195593405,46.25793409769927],[0.257272084165634,46.26055006822064],[0.259778762207259,46.26138983937552],[0.260427063384264,46.261673952443395],[0.262628627995796,46.26448675426412],[0.265016711852298,46.26705530855059],[0.266130275235435,46.268014616609285],[0.266801408256525,46.26878038236484],[0.267576261673274,46.27059201165448],[0.268248878979707,46.27135510001886],[0.268605125967365,46.271636657632044],[0.269701990642455,46.27220448485031],[0.27039465880385,46.272670704964675],[0.271888757463355,46.27376792118734],[0.273375915199483,46.275083896500064],[0.274711629052368,46.27607636490334],[0.276330245432922,46.276868352719895],[0.277834876377847,46.27726204613623],[0.279255315976039,46.27848714288098],[0.279930521340901,46.279281752669206],[0.280206557250385,46.27997672069893],[0.278097666483493,46.28046962659666],[0.279271627771308,46.281949219511944],[0.27947851231265,46.28246683913201],[0.280443528386819,46.28292238122234],[0.28095824156296,46.28349600532727],[0.281055429654078,46.28378935290912],[0.281026738589034,46.28554383623559],[0.282790129007565,46.28580938621964],[0.284091041924462,46.28591430958363],[0.285135139536651,46.28619239508004],[0.285887577396147,46.28614095724994],[0.286451155711501,46.28722478875934],[0.286474759375579,46.287613685827395],[0.287374018844298,46.28905780564895],[0.28743823384035,46.28972878416265],[0.28731395911875,46.29102958130419],[0.287191844776808,46.29134292558349],[0.286927447285347,46.29156367985242],[0.28600617777475,46.29200394165562],[0.284881253819593,46.29322141553248],[0.286484703426065,46.29359841688768],[0.288156849412956,46.293481477412456],[0.289047622063261,46.2936306313378],[0.290791968788993,46.29407669885858],[0.292582376920585,46.29490586030034],[0.292328958719958,46.29532510908258],[0.292376543272983,46.29825090256509],[0.293739721455152,46.299100517028045],[0.294090745555989,46.29944132881205],[0.296172120824105,46.300358431481925],[0.29719381648616,46.30091247394504],[0.297476799036042,46.300947120740894],[0.297854077641994,46.30086236893548],[0.298060068605498,46.30045549830927],[0.298251148214605,46.29992934129905],[0.298385908022598,46.298937831735195],[0.298334977327534,46.298626678638946],[0.298593004275962,46.2984030442152],[0.298462179740958,46.298156670075926],[0.299108050347735,46.29673849581022],[0.29934606105507,46.29641977993398],[0.299951463079353,46.29579442471244],[0.300596884344225,46.29541148375268],[0.301001121082461,46.29501651595834],[0.302152164698539,46.29458067780386],[0.302764450076429,46.29444741844985],[0.303716975957394,46.294610533069495],[0.304139851176008,46.2944962072895],[0.304785088875043,46.29530346063912],[0.305681495494066,46.295735529987816],[0.305922411666838,46.296465633774176],[0.306573369895174,46.297157683071354],[0.306636821646448,46.29761148548981],[0.307225532194685,46.29848586197444],[0.308425845233527,46.299506237601726],[0.30871654356414,46.29964825764627],[0.309433836899035,46.2997859405113],[0.310537795853965,46.2997002936814],[0.31109454830669,46.29948098350021],[0.311417947147529,46.29919579490373],[0.311490463473825,46.29843436221636],[0.312149271760865,46.29769848226949],[0.312474808120503,46.2969195950606],[0.312377828433101,46.29640644085884],[0.312233160093816,46.29630842164172],[0.311862833027678,46.296252828347065],[0.311527475692018,46.29590883923615],[0.311504064473314,46.29495683303988],[0.310860609447224,46.294746122706314],[0.310570767945504,46.2944284331899],[0.310433413506801,46.293811609273625],[0.310604600799687,46.292893931458096],[0.310529462101004,46.29225424998055],[0.31066142176794,46.29102390008536],[0.311417766328174,46.28988848415724],[0.312518035904513,46.28852421981808],[0.313992469605773,46.2870291190521],[0.314915214907279,46.28644631523929],[0.316062197595103,46.28606070304739],[0.317113304278875,46.285827791793366],[0.31831289702354,46.28574703293403],[0.318814617567664,46.28561288811546],[0.319311858610279,46.28583542989307],[0.319625779765617,46.285847325808504],[0.320462897129275,46.28565799974935],[0.32082739272646,46.285433219980405],[0.321409596649071,46.28469008341554],[0.321764381259776,46.28442452763263],[0.322899741372472,46.284168318393476],[0.32337655473646,46.2839317560452],[0.323878246235539,46.28379758889567],[0.327101275454688,46.28360841204228],[0.329019605315169,46.28363090922585],[0.329452742231238,46.28367620887571],[0.329695797272797,46.28378192005962],[0.330533469713349,46.28344657391844],[0.330245992511295,46.283319100013685],[0.329703442612155,46.28277298865896],[0.328249060796833,46.28171263608645],[0.327963544554166,46.28141221150965],[0.327663422780155,46.27965453797073],[0.328167363309592,46.27747695426449],[0.328199289150244,46.27631722475242],[0.327979126408191,46.27555702484736],[0.327919824218406,46.274269915531214],[0.335031862333232,46.27435916025075],[0.338457231282669,46.27480600617282],[0.3396123265856,46.272640902762916],[0.339793749587859,46.27176848078294],[0.340547300159239,46.270003934145414],[0.34058413500925,46.26945969659641],[0.341137059019112,46.26869506134262],[0.341956253158749,46.26785104857779],[0.343035657899983,46.26616887945482],[0.343533377902537,46.26509480719962],[0.343746552836182,46.26345908355381],[0.34490556122746,46.263186100141766],[0.348106138233954,46.26292375572629],[0.349198186848033,46.262691515392454],[0.350317926715741,46.26202112948918],[0.350408691033577,46.261702491804684],[0.350153292845721,46.261182082350366],[0.350371916492071,46.261093470217915],[0.350478757215672,46.26119416517215],[0.351191864137636,46.2608728958594],[0.351805286485093,46.26035649174608],[0.352297927748647,46.260457152253196],[0.354364464846939,46.25898164936416],[0.35450852156188,46.258849850740724],[0.354542493857698,46.258603770781235],[0.3541858539514,46.257973799968],[0.354193689603518,46.25730094663946],[0.354396835745378,46.25661821853354],[0.355205351714769,46.25612165011387],[0.355778429135501,46.2559277420592],[0.356404423376182,46.25579452553183],[0.357693023903927,46.2553613495999],[0.358742138703408,46.255207311532054],[0.359042740667229,46.25500706255256],[0.359470063259434,46.25449531049871],[0.35953747740783,46.25428244094885],[0.359467412696306,46.254065480148824],[0.358868877439326,46.25341459392944],[0.358422950826227,46.25240054693913],[0.358511223750821,46.2514322370387],[0.358671042421214,46.25102690069146],[0.359170233466519,46.25061322378594],[0.360498540444411,46.250026872734246],[0.360880264013482,46.25019069654662]]]]}},{"type":"Feature","properties":{"fid":2374,"ID":"COMMUNE_0000000009750099","NOM":"Payroux","NOM_M":"PAYROUX","INSEE_COM":"86189","STATUT":"Commune simple","POPULATION":463,"INSEE_CAN":"06","INSEE_ARR":"2","INSEE_DEP":"86","INSEE_REG":"75","SIREN_EPCI":"200070035"},"geometry":{"type":"MultiPolygon","coordinates":[[[[0.484851943558324,46.25869429159622],[0.485817735689132,46.25870662341804],[0.487988460050412,46.258020298344675],[0.489108052170184,46.25802068149318],[0.490458955374669,46.25679998380934],[0.493817834775177,46.2542432829863],[0.494480229875939,46.25350469008041],[0.495115883913953,46.252072687823386],[0.496062904125689,46.25209533319967],[0.496214249328802,46.25162567407452],[0.497939645484775,46.25092756585689],[0.498387935414273,46.250353618923825],[0.499022613073134,46.24922428898599],[0.499163255982784,46.24739578657576],[0.497671599804348,46.24707379091318],[0.495741217409101,46.246833113834185],[0.495606862801475,46.24630671453025],[0.495021635091637,46.24524694674813],[0.491530024400765,46.2422095458954],[0.493454801525686,46.241433921347436],[0.494544691258828,46.24111106978325],[0.496267333730947,46.24109133508819],[0.497859680425115,46.24071193938354],[0.498534856188945,46.24031416029941],[0.499022048268101,46.240194236666426],[0.501308460156953,46.238659740113874],[0.504352909812319,46.23729769396152],[0.505085728048414,46.236402027029584],[0.505701067308699,46.23646056771684],[0.506776391971349,46.23505616749181],[0.507151458827809,46.2347454584822],[0.508735224051978,46.23357831587769],[0.510178595911906,46.232727909307194],[0.511941919367495,46.231834933321274],[0.513825389347333,46.23026705978176],[0.515442202695029,46.22908073127692],[0.517176229894668,46.22734016727621],[0.517782613263886,46.226219136272746],[0.519169662855407,46.22451241419342],[0.519521739725547,46.223846200844065],[0.519926492861708,46.22399467148096],[0.520221405195311,46.22373082441843],[0.520753917022601,46.223580267583856],[0.521318264855032,46.22329976797774],[0.521228082585462,46.223198700622056],[0.522186337285241,46.222359198723325],[0.522144040108766,46.22231863644925],[0.522209457040137,46.22224978955678],[0.523027866680409,46.22191895963352],[0.523152817028096,46.222026188322744],[0.523473133610971,46.22186018652699],[0.522784685100365,46.221326259601504],[0.522939896844777,46.22125216086587],[0.522620252355576,46.22088662987277],[0.522626704521766,46.22062910580044],[0.521496173972966,46.220399962144775],[0.521674154813141,46.2203389743458],[0.521938698654367,46.22002851433311],[0.522470820490383,46.21979956129299],[0.522401527397897,46.21960975823171],[0.522767413699862,46.21903843412903],[0.522974942581235,46.21889790572876],[0.522792988826537,46.21878853399995],[0.523517102126207,46.21818807272668],[0.523687353680085,46.215454769514714],[0.523872433419029,46.21523627132985],[0.524998183957995,46.2129255821754],[0.522679639851741,46.21170749177582],[0.521179494685466,46.20992790093661],[0.51994584116358,46.20920097854735],[0.516265076709014,46.20823952406646],[0.515703465360313,46.20746056376087],[0.516113855714531,46.20690915267228],[0.515143135008806,46.206653699481855],[0.514553782933334,46.205943497941675],[0.514068882443691,46.204647269962926],[0.513591146978575,46.20399445985368],[0.51335609346512,46.20394156958114],[0.513276052498744,46.20381819331193],[0.512574254771771,46.20410014739564],[0.51083036562355,46.20544220450395],[0.510285260836924,46.20564469007029],[0.508579068527075,46.205983902724455],[0.507459552303709,46.2047214838922],[0.506936701420252,46.20429198708706],[0.50543124312227,46.20361389610367],[0.503559215989643,46.20295115961585],[0.502730581784992,46.201715798839054],[0.501765249182062,46.201516204253686],[0.501015056695181,46.20152133825143],[0.500942889356851,46.201425153706744],[0.498804282082444,46.20072133892408],[0.497431894620851,46.2004577929609],[0.496488386824031,46.20015052076106],[0.495347186878136,46.19954157585787],[0.495017262747918,46.19949286309486],[0.494459955046373,46.19919588489007],[0.494832494826124,46.19842568589497],[0.494982362428132,46.1977866205548],[0.495018175409557,46.19748559588636],[0.494891477614109,46.1969080060184],[0.494553255539159,46.19653026660956],[0.492617152139922,46.194950576105185],[0.492167761543819,46.1941108981423],[0.491733684616208,46.193872481885],[0.491746036830481,46.193659232066004],[0.492448670873535,46.19341526472961],[0.492490191047535,46.19318824334599],[0.492091829480991,46.193019988459625],[0.491940310304469,46.192758976835165],[0.49100575550424,46.19271312514484],[0.490766291972684,46.19258801413796],[0.489670067639958,46.19131330485063],[0.488874891886696,46.19077409560627],[0.488293754595967,46.19054683111433],[0.488084385613838,46.19018993663406],[0.488119553120607,46.19007359166048],[0.484570546064357,46.18842836486893],[0.484640584466961,46.18772177505958],[0.483836196008879,46.18529395035103],[0.483904053815884,46.18517202367671],[0.484034543647492,46.18515509185913],[0.485636210154295,46.18318143979977],[0.485825634835188,46.182529745426606],[0.485376277185007,46.18225943103485],[0.485305006394891,46.182031717637386],[0.48489537529359,46.18185687914637],[0.484626936196732,46.18182751322497],[0.484249608684316,46.181485812145326],[0.483256384820117,46.1809421742847],[0.483050010713851,46.18066281611661],[0.48212086258356,46.1804755583634],[0.47996046864294,46.179196079868674],[0.478526101225446,46.1790246150279],[0.477705281200544,46.178823506886815],[0.477078430611446,46.178606878618744],[0.47653862009853,46.17813360851961],[0.476041150672028,46.17826220652755],[0.47586556450949,46.17824479217866],[0.474935869195667,46.17798628735767],[0.474213888332571,46.177920689641475],[0.473147886732358,46.1775807576947],[0.472767861302857,46.1772434608994],[0.472232953831048,46.177030651800216],[0.470588559357008,46.17573453516444],[0.469459882943147,46.17579859839778],[0.46903284952668,46.175665657499444],[0.467803475303217,46.174680559307795],[0.467458115070803,46.17421157660938],[0.466667535048346,46.173638968325996],[0.466102876694209,46.17336960684031],[0.465619337110724,46.17328134074086],[0.464085565718209,46.17324441624751],[0.462268383103361,46.17274616140314],[0.461934525648644,46.172786454570115],[0.460882045258063,46.17319449493637],[0.460141363042403,46.17333830975584],[0.45958407521959,46.17327449679143],[0.458758729142696,46.173062335666955],[0.458584965607902,46.17261427989351],[0.458570731643792,46.17185806285655],[0.458444528154631,46.171391249587685],[0.458611331485682,46.17070214866783],[0.457695713673101,46.170368132921006],[0.455265940318947,46.16974433507691],[0.453283851645989,46.16908727426403],[0.445801775220199,46.17027885535452],[0.438958314040413,46.17092305025187],[0.437375847468931,46.171485605965565],[0.436373253826697,46.17129450866866],[0.436621402008815,46.17289390582446],[0.437524624458064,46.176988418602996],[0.438557904959018,46.1801065094297],[0.437987955436012,46.18075676665913],[0.436968679135876,46.18152932895379],[0.441784654273897,46.18581108192163],[0.443762079847925,46.18824761593911],[0.448657442540408,46.20425494765795],[0.448518044165251,46.2054654034194],[0.448529596916808,46.20711260530214],[0.448934727987048,46.2084172669598],[0.449052713390551,46.21017587138522],[0.449822592850087,46.21086615336026],[0.452423524165093,46.21035866231405],[0.457074489705866,46.21061323670248],[0.460201812047194,46.210562409965604],[0.459766337714261,46.21122208656637],[0.46298218060653,46.21214708462763],[0.463176117458149,46.21199464684989],[0.466029858192643,46.21295021778373],[0.47044285138848,46.21690361976294],[0.470983119561512,46.217121052067206],[0.472750662430599,46.21810994336091],[0.473563954130628,46.21916229802815],[0.47478622013633,46.219029979286546],[0.475023964441511,46.21894065940803],[0.476042592714278,46.217931693463576],[0.476731867033193,46.21753525953532],[0.477621782008901,46.21881361838649],[0.478426508435699,46.21937743573431],[0.479244209453439,46.21974422851371],[0.480885300946369,46.22100407087195],[0.481583141792289,46.221324945635445],[0.481768015942938,46.22148219936281],[0.481496242459636,46.221690604742854],[0.481660136782948,46.22188072878127],[0.481488001969639,46.222349910351646],[0.48110174162008,46.22256388791834],[0.481288801376818,46.223068953607964],[0.480813751760271,46.22315303035329],[0.480462549879276,46.223310122320484],[0.480112058031508,46.223903284132994],[0.479950755813206,46.22467271689853],[0.479723016018195,46.22516498948385],[0.479822101737019,46.22549422654245],[0.480189772332068,46.225797881567026],[0.48016634578716,46.22596854117361],[0.479934895056095,46.22623099221995],[0.480003785247226,46.226567668416024],[0.479873673469831,46.22688461924339],[0.47945513359408,46.227122202121116],[0.47880309120372,46.2271023442975],[0.47886180816358,46.227434291073834],[0.477869860946282,46.227663661059374],[0.477455889307381,46.22785809302246],[0.478611288899773,46.22884411529523],[0.4775090457842,46.22946655063617],[0.474185803498305,46.230872146735805],[0.473556073139057,46.23124016041742],[0.472803984130299,46.23093965576832],[0.472403877487001,46.2313109630547],[0.470532632989704,46.23143423757484],[0.470587061335735,46.232251702529965],[0.47078256746276,46.23254435173541],[0.470902825366995,46.23314525186913],[0.470786695259419,46.23343907998902],[0.470191414304372,46.23362224780541],[0.470050138278119,46.23378578018069],[0.470112284825687,46.234267365148575],[0.470594151396641,46.23448800099611],[0.470330811008137,46.23498937586841],[0.470050812467159,46.235064233611496],[0.468155256735173,46.23520495012849],[0.467748668695365,46.23518148456993],[0.467298704862092,46.235029117711434],[0.466990250579318,46.2352700091329],[0.465905157183786,46.23554405382501],[0.465560045401424,46.235987738437395],[0.464598585381883,46.236367233367744],[0.464000949896117,46.23676834619378],[0.463790810210939,46.237324950146544],[0.46372135472047,46.238460394517034],[0.463904318368692,46.238883413103736],[0.464213450006337,46.23916148878819],[0.464714619868168,46.23935825377944],[0.464814396590819,46.23969923260683],[0.464705932834147,46.23985448074023],[0.465332715152114,46.24022702349857],[0.465429408716024,46.24001745589266],[0.467198720292079,46.241178536902765],[0.466320751691279,46.24196893533835],[0.467725370668626,46.24338045435795],[0.468468646674599,46.24398711358652],[0.468770384327269,46.24442627985535],[0.469038061429584,46.245152989164865],[0.469865847472493,46.24528041502795],[0.471279175290488,46.24563527475614],[0.4721158669364,46.24607640955664],[0.474715662200347,46.24937032123807],[0.475429587031698,46.249433913840974],[0.475985274425673,46.25019762582297],[0.476431297321234,46.250579607003786],[0.476807286183671,46.25110057983116],[0.477237402154699,46.252222776779206],[0.478046503191923,46.25315336339655],[0.479701610502008,46.254468465318055],[0.479668466609191,46.25465242352912],[0.47999264602926,46.25497403049452],[0.482036410000318,46.25617157094356],[0.482581966907213,46.256707085516155],[0.483764552431281,46.257371103544166],[0.484269867912575,46.25782193247942],[0.484851943558324,46.25869429159622]]]]}},{"type":"Feature","properties":{"fid":2423,"ID":"COMMUNE_0000000009750102","NOM":"La Chapelle-Bâton","NOM_M":"LA CHAPELLE-BATON","INSEE_COM":"86055","STATUT":"Commune simple","POPULATION":350,"INSEE_CAN":"06","INSEE_ARR":"2","INSEE_DEP":"86","INSEE_REG":"75","SIREN_EPCI":"200070035"},"geometry":{"type":"MultiPolygon","coordinates":[[[[0.417289375428137,46.2233588568116],[0.418904900316984,46.22229635922221],[0.420425140757307,46.22113347375454],[0.421792184552049,46.22041127050332],[0.423740599109262,46.220795090194365],[0.425387994421143,46.22137027263238],[0.428206687500808,46.221770109980326],[0.430051601370587,46.222120846153196],[0.430694996577678,46.222129978253356],[0.433018271620447,46.219197569842116],[0.432469105299767,46.21842476312704],[0.430807830234658,46.21786919027598],[0.429532661518205,46.2155303123564],[0.429389370806379,46.21299627705618],[0.431573056665255,46.213312308626584],[0.431898550063676,46.21279169866616],[0.434026904447814,46.2130145355383],[0.439069047369629,46.214177824329276],[0.442374434640077,46.21484955421782],[0.445442642821557,46.21356709496],[0.448981880391979,46.21250594786162],[0.450611928506963,46.211724442989606],[0.449822592850087,46.21086615336026],[0.449052713390551,46.21017587138522],[0.448934727987048,46.2084172669598],[0.448529596916808,46.20711260530214],[0.448518044165251,46.2054654034194],[0.448657442540408,46.20425494765795],[0.443762079847925,46.18824761593911],[0.441784654273897,46.18581108192163],[0.436968679135876,46.18152932895379],[0.437987955436012,46.18075676665913],[0.438557904959018,46.1801065094297],[0.437524624458064,46.176988418602996],[0.436621402008815,46.17289390582446],[0.436373253826697,46.17129450866866],[0.437375847468931,46.171485605965565],[0.438958314040413,46.17092305025187],[0.437334850295784,46.169671049087476],[0.4362592525242,46.16984949895152],[0.435251314443359,46.16974566355975],[0.434106307283385,46.17013245028533],[0.433496295484848,46.169977221107246],[0.432661127222625,46.16961778840826],[0.431184757754358,46.16880057997533],[0.430069933670885,46.16923485876548],[0.43006765532042,46.1677338034008],[0.429947240370976,46.167508541655074],[0.428979713267034,46.16798217995811],[0.426539763884746,46.16667189417968],[0.424278686823665,46.16528272013698],[0.421909632510951,46.16453794154972],[0.42059626898346,46.165306384830004],[0.417322477696051,46.16328861826912],[0.413180341691164,46.159838260740216],[0.407158424995773,46.16042804927305],[0.405489913174851,46.160698084787],[0.403388167633941,46.160587893942754],[0.399347172940314,46.161015312299384],[0.39825996320719,46.16102915827109],[0.39686539472926,46.16093504157317],[0.39633325706714,46.16086428240824],[0.394925350933068,46.16039593084822],[0.393775610869811,46.160252430632504],[0.392822961144892,46.16021795578106],[0.391450712962603,46.159736863839406],[0.389571329009825,46.15849719027538],[0.388380826668388,46.15817610557162],[0.387144319129656,46.15759626970656],[0.384683901364962,46.15973623575261],[0.384651990360173,46.159861638266456],[0.379455068670294,46.16393683730778],[0.37655888847718,46.165143980755566],[0.376557451206879,46.16536378740874],[0.374116466233278,46.16645884863484],[0.372854092990472,46.16693241218955],[0.372434426313887,46.16719300192974],[0.369821786986744,46.16910570297908],[0.368446395918867,46.17028387708295],[0.368420875480957,46.17041032495369],[0.368074006707225,46.17063924931528],[0.366381222643144,46.17229477786697],[0.365173293092058,46.17311550147708],[0.364238931421178,46.17396418327653],[0.363587272312918,46.17427341969376],[0.3639171667148,46.17501898243858],[0.365607763827764,46.17503206364561],[0.366788010036799,46.17522069853337],[0.369642299499025,46.17598417300985],[0.3724089797409,46.177061793334],[0.373108104737269,46.1776023306221],[0.375729188299311,46.180478465317286],[0.378363767207507,46.18212860859487],[0.376734704429006,46.18329202298574],[0.377166452411175,46.18370292540791],[0.376459811115959,46.184320004151914],[0.37519035009686,46.185150227407796],[0.375373684887518,46.18576442659078],[0.37777489386044,46.18833899996446],[0.377790143290542,46.18861685395435],[0.37528830394357,46.189552885961604],[0.375067451058232,46.18958652758604],[0.374482563450233,46.18933876216642],[0.373363009479241,46.191125670477284],[0.371282976536408,46.19116137262051],[0.36704850885785,46.19151204665909],[0.365636341729041,46.19193071762821],[0.364384972160948,46.19240445656116],[0.366166459301617,46.19358820228284],[0.367864858703841,46.195098853430295],[0.370828041662162,46.19510166153569],[0.371351671740209,46.19530207783464],[0.374670967470801,46.195779729039295],[0.377140551783741,46.196716999895614],[0.379225551078639,46.1971786412263],[0.380974654776918,46.19785504662471],[0.38219184045124,46.19812364592199],[0.37927025773803,46.201480948964225],[0.380345531008586,46.20230400062363],[0.38260376114266,46.20188750841571],[0.382691845758868,46.20270582270174],[0.384026113860221,46.202535616097805],[0.384679850691517,46.203574168047965],[0.385413439568464,46.20340183702527],[0.386023521670171,46.20399609575873],[0.386685794610376,46.20374102878693],[0.387774089349577,46.203531787167314],[0.391068512535249,46.20310019041827],[0.393507284927184,46.20256959845705],[0.392444625244771,46.20382281039503],[0.391359383237859,46.204704293639345],[0.394251587432556,46.20724739802043],[0.396214767965846,46.20615985367366],[0.396102376429321,46.20666813112078],[0.396114635314298,46.20873163940696],[0.396245171754863,46.20950766341391],[0.396495812554467,46.20988640567955],[0.397801422617597,46.21084159315883],[0.399067179803208,46.21200848211868],[0.399703449550969,46.213861015955466],[0.400058444933181,46.21414753371036],[0.400759043663789,46.214453663672174],[0.401529585305228,46.21492716602579],[0.402058210018813,46.215384324257094],[0.402403465298177,46.215466091477325],[0.403056232734669,46.21601527662257],[0.404063601159049,46.21743568190044],[0.404441222739346,46.21782090697324],[0.40547039854059,46.218398489357845],[0.406228682981377,46.21951677099327],[0.408267339464443,46.22172196992547],[0.409556138346373,46.22161528865795],[0.411411070675781,46.22161428049624],[0.41333549619567,46.221873399792436],[0.416763465230485,46.222729751882106],[0.417289375428137,46.2233588568116]]]]}},{"type":"Feature","properties":{"fid":2647,"ID":"COMMUNE_0000000009750362","NOM":"Linazay","NOM_M":"LINAZAY","INSEE_COM":"86134","STATUT":"Commune simple","POPULATION":217,"INSEE_CAN":"06","INSEE_ARR":"2","INSEE_DEP":"86","INSEE_REG":"75","SIREN_EPCI":"200070035"},"geometry":{"type":"MultiPolygon","coordinates":[[[[0.171949520192424,46.15581185315309],[0.16965781143898,46.16275874388217],[0.169158338369774,46.16391858277359],[0.167805275081449,46.16643937525833],[0.167585862676134,46.16762421194978],[0.165688550570134,46.17168845389812],[0.16483811146935,46.17469121154043],[0.165579641968246,46.17482414863176],[0.166844900428871,46.174912473645115],[0.171230811667026,46.174625289208876],[0.174989242982198,46.17478458093942],[0.177416014617302,46.17506205126233],[0.179485588796628,46.175753199470726],[0.180667103369854,46.1760330183612],[0.184042219639208,46.17635910283638],[0.185236809756087,46.17653647682795],[0.187542394681945,46.17596733652953],[0.187890150697485,46.177305002313666],[0.191296792645076,46.17906883112626],[0.191896599912302,46.17855203395078],[0.192180687637258,46.17789317522477],[0.194495814355057,46.177999019276754],[0.1966931026265,46.177923500282404],[0.198521382773905,46.17806320327553],[0.198815750306581,46.178115513354086],[0.199532633010193,46.17845395888134],[0.202063195246735,46.179346168193355],[0.203723871220683,46.17984838604273],[0.205579793668306,46.18015985302478],[0.207150890092449,46.18053727379526],[0.209356244430184,46.180686968073715],[0.210479318009333,46.18056497049076],[0.211054753563207,46.18037095380188],[0.213521747841246,46.18088560483714],[0.215530967174902,46.181577302942344],[0.216641994336424,46.18228030585418],[0.217723379822787,46.181650828477544],[0.219827164284231,46.18096526694779],[0.221496138029639,46.180258223872535],[0.22035236583563,46.17927964965025],[0.219490817094559,46.17869631922881],[0.218096783844236,46.17712952155199],[0.217232880323058,46.17590367010499],[0.21713651576057,46.1753489695605],[0.21731830733573,46.174884878868525],[0.217354693763419,46.17421899702792],[0.21691218482114,46.1733035093942],[0.216826609758208,46.17225529996878],[0.216631691700829,46.17144499057973],[0.215410413472474,46.1691885798092],[0.21417641897641,46.16815456110964],[0.21403391056083,46.16794742990468],[0.214001411899059,46.16690232014177],[0.214172641972403,46.166569527995954],[0.214633755530119,46.16637629750533],[0.214959393136073,46.16553099073062],[0.213107041433529,46.159084523776116],[0.21157365140489,46.15894597301593],[0.211712699362064,46.15980718399177],[0.209414246349798,46.15984715091337],[0.207847041058814,46.16057633093078],[0.205466035247191,46.159461746225986],[0.20328283633207,46.160038747778735],[0.197841346360821,46.160151525515474],[0.196600882837742,46.160522786664984],[0.194695571559977,46.16053161173423],[0.194493592364243,46.15979046147808],[0.193216023740307,46.157871188017594],[0.192155319765962,46.15599780676532],[0.192635711008479,46.15405979719422],[0.192948897320204,46.15214558629946],[0.191226628025484,46.15210480667388],[0.189807687418505,46.15092626332217],[0.189717508047074,46.14972562567752],[0.18805408778362,46.149651111030444],[0.187999529805038,46.14861624657574],[0.185650796712264,46.148608522630504],[0.185175273703766,46.14903284961425],[0.180668753338487,46.14921120067784],[0.180193053294239,46.149310220399826],[0.179940841780159,46.1494751592726],[0.178486990382286,46.149913906844816],[0.174667528504737,46.150695682355874],[0.173658354644499,46.1509823393184],[0.172633729711862,46.15363119293046],[0.171949520192424,46.15581185315309]]]]}},{"type":"Feature","properties":{"fid":2780,"ID":"COMMUNE_0000000009750357","NOM":"Savigné","NOM_M":"SAVIGNE","INSEE_COM":"86255","STATUT":"Commune simple","POPULATION":1265,"INSEE_CAN":"06","INSEE_ARR":"2","INSEE_DEP":"86","INSEE_REG":"75","SIREN_EPCI":"200070035"},"geometry":{"type":"MultiPolygon","coordinates":[[[[0.364384972160948,46.19240445656116],[0.365636341729041,46.19193071762821],[0.36704850885785,46.19151204665909],[0.371282976536408,46.19116137262051],[0.373363009479241,46.191125670477284],[0.374482563450233,46.18933876216642],[0.375067451058232,46.18958652758604],[0.37528830394357,46.189552885961604],[0.377790143290542,46.18861685395435],[0.37777489386044,46.18833899996446],[0.375373684887518,46.18576442659078],[0.37519035009686,46.185150227407796],[0.376459811115959,46.184320004151914],[0.377166452411175,46.18370292540791],[0.376734704429006,46.18329202298574],[0.378363767207507,46.18212860859487],[0.375729188299311,46.180478465317286],[0.373108104737269,46.1776023306221],[0.3724089797409,46.177061793334],[0.369642299499025,46.17598417300985],[0.366788010036799,46.17522069853337],[0.365607763827764,46.17503206364561],[0.3639171667148,46.17501898243858],[0.363587272312918,46.17427341969376],[0.364238931421178,46.17396418327653],[0.365173293092058,46.17311550147708],[0.366381222643144,46.17229477786697],[0.368074006707225,46.17063924931528],[0.368420875480957,46.17041032495369],[0.368446395918867,46.17028387708295],[0.369821786986744,46.16910570297908],[0.372434426313887,46.16719300192974],[0.372854092990472,46.16693241218955],[0.374116466233278,46.16645884863484],[0.376557451206879,46.16536378740874],[0.37655888847718,46.165143980755566],[0.375920183336179,46.16410210833047],[0.375815062070591,46.16315544951065],[0.375000861594237,46.160660734719116],[0.373932574294892,46.15892507368479],[0.373757908432967,46.15848405801445],[0.371693916945267,46.15591085658638],[0.371611010287182,46.15544943553541],[0.371253238611155,46.15460954612105],[0.371215608713349,46.15387977779627],[0.37053247884392,46.15349906538593],[0.369639054552515,46.153340527132755],[0.368456551975304,46.152857235937205],[0.367691397712041,46.15237639755941],[0.367540231791266,46.152338656420575],[0.367049297082811,46.15262730524103],[0.366551686998303,46.15243376895002],[0.366092275866657,46.15236274961046],[0.36546118639618,46.15243821118875],[0.364885521962938,46.15189958031924],[0.364180498134251,46.15192196293955],[0.363680629852913,46.15204550928425],[0.363818016895037,46.151209877840266],[0.36303083446694,46.151053752258036],[0.360672725370048,46.15086472891741],[0.357992065371928,46.150886193047256],[0.35565793354672,46.151249029797285],[0.354099105149324,46.15193261744677],[0.354009928448744,46.15144310302235],[0.353523302610648,46.15153357690494],[0.35327448859631,46.1517196902308],[0.353155976464187,46.15165025490251],[0.350195361440714,46.15327959217214],[0.350383612731884,46.153274073076105],[0.350694161359575,46.15376965587449],[0.350964276250116,46.15397507575854],[0.350604495895386,46.15431086341618],[0.350035409336307,46.15522200678122],[0.349746775821042,46.15513147986838],[0.349560147356717,46.155291105878916],[0.348217326468915,46.15560574476152],[0.347213294293184,46.154785819899686],[0.346324831602227,46.15506149279091],[0.346143663241443,46.15191909331362],[0.34596897371071,46.151296027375885],[0.346890109564715,46.15098688403531],[0.347917555314551,46.15043604644209],[0.348285039616208,46.150021159765444],[0.348494550691136,46.149575554086354],[0.348182997643203,46.14808253945095],[0.347919129467884,46.14812413044186],[0.347889291613487,46.14804414608976],[0.347850468703771,46.14697015444424],[0.346834174299445,46.14646077900649],[0.345480861139567,46.1448262816234],[0.345180701469582,46.144385885656334],[0.345054870905236,46.143637819974],[0.344291979556512,46.14212612874373],[0.343152542019863,46.14172646191009],[0.341580913337928,46.14069677938966],[0.341602530833652,46.14035760933687],[0.342026839305026,46.13983955772651],[0.341982905750659,46.13948894222157],[0.33951030734594,46.13608562664041],[0.340086329296847,46.13564592021942],[0.340375539355994,46.13556169435286],[0.340228641701261,46.13458157078008],[0.341967511531605,46.133305033678425],[0.344109145980141,46.1313630474572],[0.343863706026105,46.1309987085389],[0.343584533174563,46.12977853304152],[0.343163460343637,46.12948216239259],[0.34143030020067,46.12973441315797],[0.340028966300259,46.13017190981144],[0.338607071340187,46.13076568159195],[0.337886408184698,46.13090195530581],[0.337327220471573,46.1308618118071],[0.3356657412522,46.130196636785925],[0.334942552414979,46.13009136431292],[0.334408651726924,46.13006441381927],[0.333205268824877,46.13016049077757],[0.328111020940314,46.12989474931765],[0.326426390847776,46.13000015049946],[0.32495734773443,46.12964388643023],[0.324164792030562,46.1298720840338],[0.322245244625807,46.1307017008134],[0.321510519751018,46.13088619421049],[0.319393703375874,46.13142819414345],[0.317659220627203,46.132313463150886],[0.318357159550281,46.13335980181676],[0.318935763706409,46.13308244151214],[0.319184250275208,46.13438936294053],[0.319500102966764,46.135272598782954],[0.319341831971117,46.135832892242085],[0.319580898482005,46.13823521345992],[0.319498959794896,46.139036976827114],[0.319145336408751,46.140093617911596],[0.318580084279382,46.14041454451032],[0.318515852897853,46.14085361995164],[0.317106980833691,46.144669443014486],[0.317070538329471,46.145600223235974],[0.316555623127352,46.145791684469245],[0.315945407960579,46.14589079030135],[0.315809077659687,46.146902102312296],[0.315608100767006,46.147141524815645],[0.314547480175047,46.14802015986669],[0.312993367000587,46.1487042060331],[0.312900616458045,46.14882454863466],[0.313187932642313,46.148887208974706],[0.313520846823922,46.149104118606324],[0.31261720041126,46.14992608277461],[0.312519713187764,46.1501165916997],[0.311476966476959,46.14994054205463],[0.310565533888305,46.150127095108466],[0.309915357133609,46.15048471430647],[0.307925272984022,46.15191341318414],[0.307126386678538,46.153160393582596],[0.305903481623774,46.15424954631563],[0.305705490979628,46.154796268380736],[0.305697050541999,46.15586556798213],[0.305576293638643,46.15602758836965],[0.304248424728489,46.15661237205106],[0.302896904072959,46.157097467946414],[0.302098624280484,46.157300158499254],[0.30134709254667,46.157922925027044],[0.301059940638329,46.15801431261584],[0.300959410207136,46.15821284961568],[0.301864680675106,46.15836590495322],[0.302316117242313,46.16028587171246],[0.302379025449999,46.16166951776004],[0.301222425725241,46.16201145974033],[0.302189203478271,46.16265522160617],[0.301635331869254,46.16300156990038],[0.300035198830158,46.162527458767],[0.29934627939533,46.16269308673647],[0.299279633250927,46.16254553815835],[0.29904735801183,46.16244360717129],[0.298898477001841,46.16225445841978],[0.297829458033365,46.16181817150374],[0.296617516964385,46.16196683491547],[0.295614536062279,46.16126990302614],[0.294575474985188,46.16125236849767],[0.294280598460273,46.16144717235275],[0.289798180951722,46.161522319722735],[0.287955909540191,46.1642958309405],[0.287185523766097,46.16699850867042],[0.28602970805458,46.16928561677553],[0.28561840659646,46.17117603692679],[0.28027290502943,46.17226727773722],[0.278631439669804,46.16933119125343],[0.276418547957212,46.17020170893897],[0.274880027081448,46.1710451137792],[0.274749471758802,46.1723151261443],[0.2755633005495,46.17399883118629],[0.275695048085797,46.17560220420725],[0.27599244034862,46.17635177586709],[0.275119112196388,46.177717507165355],[0.275050657995236,46.17797265662748],[0.275116403479982,46.17821570702802],[0.275435894489844,46.17938208157613],[0.275300415383719,46.17986358241352],[0.275012949558563,46.18032341800353],[0.275703364094246,46.18125631109573],[0.27757155221205,46.18028383289636],[0.278663381431213,46.1814407661218],[0.279244502436891,46.18235570105974],[0.280154257153226,46.18098720703675],[0.28345443971207,46.17977769487563],[0.286840705346008,46.179472964505024],[0.286928542085632,46.17979492267401],[0.288517995720917,46.179129168388265],[0.290034021553837,46.178924763518374],[0.290340046110021,46.17895278495482],[0.290265569188473,46.17954117395229],[0.29065433026649,46.17954864206985],[0.290648246483657,46.17990800205906],[0.290810135317243,46.18004431116379],[0.294082229451107,46.18189457142936],[0.295177623640579,46.18309196730596],[0.294801373049767,46.183172211383486],[0.29625714067664,46.18545398295467],[0.296709548676349,46.185934173076824],[0.297243887854471,46.18751554451967],[0.295819651083512,46.18772223454506],[0.296530038329157,46.18865366317335],[0.296817419760779,46.189271385242165],[0.298764726036347,46.190324115095905],[0.299772103924268,46.19052194860167],[0.299105463031264,46.19086020557775],[0.297881321897316,46.19166454381401],[0.298644976385918,46.19249090396297],[0.299146344676207,46.193427256423156],[0.299505802477314,46.195163936126164],[0.299699655590296,46.19744449420591],[0.300126069033165,46.19853403359662],[0.302224245741306,46.1973467641221],[0.302669368628756,46.19718703704839],[0.303981536386323,46.19691542846452],[0.304077786580802,46.196989792054985],[0.3041395648636,46.197501228208445],[0.305511160204838,46.19963670298394],[0.30628934390999,46.199855170146655],[0.307088486867164,46.2009940568289],[0.307347749098034,46.200999297344225],[0.310005618097778,46.19996029343403],[0.310672328974233,46.20057343570375],[0.311218387623196,46.20163602477427],[0.312396905076537,46.20144494982568],[0.314490275139529,46.20133224258579],[0.316685276004255,46.20110476559481],[0.317147127319428,46.202113978374065],[0.320860628963981,46.20538479745407],[0.32334937623528,46.20701026115061],[0.326265348895036,46.20576071470301],[0.326037777943625,46.205477854421446],[0.332538584565475,46.20346457546624],[0.332817585241462,46.20330443725835],[0.332934276045539,46.203119767610254],[0.332958496029501,46.20248873684812],[0.332534829817055,46.201568789014146],[0.331126684241565,46.199655354859615],[0.331388599640489,46.199312817735674],[0.331817075629856,46.19824077756988],[0.331921487717178,46.19716203092297],[0.331150117959889,46.19555005625921],[0.334799597500349,46.19464819506543],[0.342884041352042,46.19459150266597],[0.343804297895411,46.19490493386523],[0.345905292321942,46.19481525961233],[0.346596368663506,46.19487824610103],[0.348869622856027,46.195652985310225],[0.350438125177861,46.195655320646104],[0.352127254117751,46.19590010785897],[0.355002470918368,46.19662477243417],[0.356533531870809,46.19592428170687],[0.357955311858629,46.195390616892],[0.357737750021085,46.1950053426348],[0.36069008049499,46.19359000909529],[0.360999079156796,46.193881895786596],[0.364384972160948,46.19240445656116]]]]}},{"type":"Feature","properties":{"fid":3024,"ID":"COMMUNE_0000002340805922","NOM":"Val-de-Comporté","NOM_M":"VAL-DE-COMPORTE","INSEE_COM":"86247","STATUT":"Commune simple","POPULATION":1007,"INSEE_CAN":"06","INSEE_ARR":"2","INSEE_DEP":"86","INSEE_REG":"75","SIREN_EPCI":"200070035"},"geometry":{"type":"MultiPolygon","coordinates":[[[[0.200130734251031,46.117489028021524],[0.202332788238134,46.11940760931692],[0.204091874028105,46.12216492639997],[0.203998780049418,46.12292402302654],[0.205031109703076,46.124713707800844],[0.204836008109606,46.124931463716756],[0.20339916344465,46.12543490333557],[0.203029093892367,46.125754669913775],[0.202536563268079,46.12616332498275],[0.201832231163405,46.126455927814995],[0.197315919883448,46.12709238721372],[0.197325107689706,46.129247037442056],[0.198682136900317,46.129751783790454],[0.198981495329488,46.130310615833544],[0.199971731891858,46.130080045563155],[0.201038253186619,46.13003065741533],[0.203399610425319,46.12972392634455],[0.203954414177887,46.129492506046226],[0.205394203111253,46.132699661500155],[0.205443054877481,46.13413263533428],[0.205857641707079,46.13566291345308],[0.208013121657965,46.13517801262958],[0.208318216080629,46.136518168658434],[0.211086064957756,46.13742416712258],[0.213607453937749,46.13889711448195],[0.214553100519455,46.1390104219552],[0.215786430606443,46.1389208321354],[0.215817760970898,46.14057682425221],[0.215975469751627,46.141377216885836],[0.216709820783154,46.14220706287761],[0.217172984048102,46.14475486082127],[0.217253878902129,46.14528125225008],[0.217116329669564,46.14607620859312],[0.217193756618066,46.14667099452415],[0.217629538091884,46.147868350445336],[0.218005787312463,46.14832268500448],[0.218361451480742,46.149029707795],[0.218265047500473,46.14932018630518],[0.216836875182415,46.150511518568514],[0.218480298919188,46.15059773507723],[0.218237097799324,46.15250469816434],[0.217982530491974,46.15307603288816],[0.217595423055957,46.152962929536756],[0.217071660728353,46.15390790855329],[0.216897222426365,46.15476503411256],[0.216919785103944,46.155393616034644],[0.220394173353941,46.155350750542674],[0.220180532091994,46.15616367034465],[0.220338941439071,46.1581804806194],[0.218081583888288,46.15897129642191],[0.215944160871488,46.159288355272096],[0.214926540394976,46.15935982003242],[0.214153850488842,46.15933186081165],[0.213107041433529,46.159084523776116],[0.214959393136073,46.16553099073062],[0.214633755530119,46.16637629750533],[0.214172641972403,46.166569527995954],[0.214001411899059,46.16690232014177],[0.21403391056083,46.16794742990468],[0.21417641897641,46.16815456110964],[0.215410413472474,46.1691885798092],[0.216631691700829,46.17144499057973],[0.216826609758208,46.17225529996878],[0.21691218482114,46.1733035093942],[0.217354693763419,46.17421899702792],[0.21731830733573,46.174884878868525],[0.21713651576057,46.1753489695605],[0.217232880323058,46.17590367010499],[0.218096783844236,46.17712952155199],[0.219490817094559,46.17869631922881],[0.22035236583563,46.17927964965025],[0.221496138029639,46.180258223872535],[0.223800223243973,46.178817009733166],[0.225621663480329,46.17724773348439],[0.225946102768514,46.17670602000333],[0.226187267255691,46.174092581581334],[0.226343538334939,46.17374679274158],[0.227955906069496,46.17228050491038],[0.228240617792307,46.171651316754776],[0.228706823437376,46.17120315924551],[0.229256248084534,46.17044256661636],[0.229275708270965,46.17010875534952],[0.229415332720388,46.16996348888272],[0.230186336518893,46.17046434520926],[0.231597621862253,46.16902103969992],[0.230050120047273,46.16815436216499],[0.229705674460198,46.167784646131864],[0.229465423518156,46.16732916813996],[0.229191256535334,46.16474730801262],[0.229657735391977,46.1614942159537],[0.228679656171301,46.16137304500459],[0.227907490913998,46.16151368767421],[0.226915738841594,46.15963693868567],[0.226089945625411,46.158428300356924],[0.228374263868167,46.15779386682807],[0.226588391198476,46.15475070520338],[0.228552427728731,46.154755398003026],[0.228689583404252,46.15463259897274],[0.229945167987543,46.15423703666372],[0.236247838756681,46.152766009263324],[0.237312755286802,46.15242159215715],[0.238884325162371,46.152082275890244],[0.239072676587532,46.15194629308784],[0.240596910053743,46.15177429680115],[0.241993967818668,46.151733446333544],[0.241852491538578,46.150885739631576],[0.241575251790719,46.15008249004818],[0.240089069907611,46.14671614939818],[0.241773705492627,46.14621285353442],[0.241487135955964,46.146111283843915],[0.241465571648468,46.145844053159735],[0.240291763804919,46.14343409177548],[0.24047190654742,46.143306017221356],[0.242367121874278,46.14278891061466],[0.243018313978626,46.142366819508695],[0.24296814058411,46.14096629192293],[0.243059557150508,46.139662909892905],[0.246697795452118,46.139459254599466],[0.246042553233873,46.14019572839158],[0.245949803028726,46.1405457835462],[0.246543870816968,46.141390044074484],[0.24654761773171,46.142710150997935],[0.246713457758702,46.14304755509647],[0.246459969400852,46.1432684692972],[0.246621550086276,46.143484130515894],[0.246998157924515,46.143677072730725],[0.247549070547438,46.143780531184746],[0.248897738360803,46.14358885630437],[0.250115565359982,46.143524647017315],[0.250404416405194,46.1437100462339],[0.251223778216502,46.14365599861747],[0.252098327297388,46.14358706204178],[0.253513254960104,46.14323655258109],[0.254826052695744,46.1428024641019],[0.25560944395396,46.142456482586645],[0.256904265437971,46.142121950866205],[0.257564595854301,46.14177388451603],[0.258371625659745,46.14103200232541],[0.258231186405625,46.140885347521035],[0.258174760555695,46.140510057452595],[0.257363712994726,46.13962097563001],[0.258378722467743,46.138814738173075],[0.259227700430131,46.13769903546412],[0.259629039972771,46.13698159150729],[0.25993723774632,46.13657185284323],[0.260655522137538,46.13591791800222],[0.260822138030555,46.13556603117397],[0.262973302707927,46.13487095651425],[0.263014611063062,46.13448450998243],[0.264478673479447,46.13439004654298],[0.266503111378754,46.13410362325111],[0.268216411220322,46.13280323152531],[0.267784306195013,46.132449542196376],[0.268353483978635,46.13135137146303],[0.265324477018566,46.13114960224131],[0.264657384633824,46.13103892335334],[0.262905298689694,46.13046598901281],[0.261333300289392,46.13005054631711],[0.259351574034928,46.12966573699384],[0.258131873551685,46.12925514911446],[0.260712548577867,46.128856121623876],[0.261746111162083,46.1286080445357],[0.263665066391617,46.127964126801224],[0.264461260546458,46.127823833488875],[0.264216874436878,46.12651325475074],[0.263591860740393,46.12431229398505],[0.264934079679457,46.123849076334565],[0.261512006418888,46.121145474668296],[0.261962873313377,46.12054905729768],[0.262905162685784,46.1197635601475],[0.263931528375363,46.11955223605388],[0.265785726759824,46.11978523207976],[0.26309739158312,46.11336187492221],[0.262712967786314,46.11278315277209],[0.260892798695452,46.113249220539664],[0.259630617758153,46.113359311614694],[0.254387955661397,46.114127326446216],[0.253745676650766,46.11412079695533],[0.252695996637642,46.11384130075111],[0.251777763565671,46.1137830279627],[0.248029513750954,46.11414812556638],[0.248147481806138,46.114250099922245],[0.245296433281909,46.11558204693987],[0.242265450342514,46.11685639255384],[0.241794324198979,46.11576369859965],[0.240277827328835,46.11639450374559],[0.240074281091148,46.11616519559842],[0.239123064795636,46.11658176769545],[0.238310959867295,46.1162160107638],[0.237879857271569,46.1158487082912],[0.237601445118293,46.11610323382522],[0.237658804840131,46.1163794470177],[0.237901365396756,46.116760182804974],[0.237577067554522,46.11702530520587],[0.237016447332232,46.11668277932792],[0.235802841966729,46.116134229459625],[0.233083969372276,46.11427040069999],[0.232264652144978,46.113920641584755],[0.231754449252153,46.1136072499303],[0.231630783152804,46.113053696583535],[0.231788881330204,46.11235924523557],[0.232309182772317,46.11152135153565],[0.232724932227684,46.11121522428233],[0.232834520884824,46.110994438078734],[0.232952164712938,46.11020258763154],[0.232892309819412,46.10979656035569],[0.231572611463918,46.11009685851558],[0.231416107810952,46.109501055553956],[0.231046139881053,46.108771194804895],[0.229929546893232,46.10720316028805],[0.228109118747612,46.107312786154296],[0.227507988648963,46.10723682989056],[0.225640526691446,46.10627752885373],[0.223669128196275,46.106222104616506],[0.223678014201716,46.10540597450397],[0.221370660604556,46.10569279650431],[0.221179675736541,46.10503846493238],[0.21647110500349,46.10432025772452],[0.216208305925331,46.10434264432759],[0.215052571771823,46.10754004120591],[0.215058328372814,46.10773300701419],[0.215241355580422,46.107878963373714],[0.214320628487351,46.10766804564633],[0.21407708374482,46.107463835882946],[0.211896593107665,46.106550680673635],[0.211472073386177,46.10651772312225],[0.20906120879812,46.106825181265904],[0.208564672286167,46.10683279101528],[0.205152218381223,46.10615139713595],[0.20437510230942,46.10589437614249],[0.203424132336992,46.10543933850082],[0.203022594417358,46.10518435502467],[0.202751848019849,46.1048794321086],[0.200187253387788,46.104975668762094],[0.198160619320108,46.1052166864426],[0.193346624416352,46.10494363677775],[0.19141652734109,46.10491750590068],[0.190702851965251,46.10499174718041],[0.188233170798061,46.111403791881386],[0.189701051431038,46.11165640569317],[0.191046174891529,46.111978947579075],[0.192513123679771,46.112503620807615],[0.194666232541341,46.11423012790954],[0.19578491110329,46.11490383217802],[0.19714071336525,46.115476155342535],[0.198043804086247,46.115983222626134],[0.199623778154414,46.11703860809658],[0.200130734251031,46.117489028021524]]]]}},{"type":"Feature","properties":{"fid":3103,"ID":"COMMUNE_0000000009749449","NOM":"Saint-Maurice-la-Clouère","NOM_M":"SAINT-MAURICE-LA-CLOUERE","INSEE_COM":"86235","STATUT":"Commune simple","POPULATION":1310,"INSEE_CAN":"10","INSEE_ARR":"2","INSEE_DEP":"86","INSEE_REG":"75","SIREN_EPCI":"200070035"},"geometry":{"type":"MultiPolygon","coordinates":[[[[0.38681056360807,46.37450815971312],[0.386319560540404,46.374677099595516],[0.385725892470824,46.3750328857074],[0.385527205210604,46.375431060242704],[0.384953428191853,46.3759692926845],[0.384523235743702,46.376662176914365],[0.384637759130923,46.3771522230736],[0.384309207610873,46.378658302145055],[0.384317040624877,46.37922878987026],[0.384813211560452,46.38012220839558],[0.386171574967952,46.38092637067708],[0.386844802233841,46.38163013034078],[0.386831851290734,46.38179200629916],[0.387076241353066,46.382180513006475],[0.387976233566118,46.38271647583838],[0.388260643901393,46.38297615812155],[0.38936366009473,46.38501234847208],[0.389435226585943,46.38569420967554],[0.388946301959196,46.385872219875104],[0.388673022628061,46.386114628337836],[0.388053284625892,46.385869793428604],[0.387211055599145,46.38581266393461],[0.387021809612482,46.38587680171717],[0.386766169342254,46.38613132234523],[0.386136198859793,46.385991654618536],[0.384841957163454,46.385939464867505],[0.384458808738834,46.38602888437377],[0.383929880087698,46.38630776466732],[0.382859996044105,46.385839048536],[0.382770226101324,46.38570184471873],[0.382828249043344,46.38544189754574],[0.382587601115825,46.38522014512235],[0.382153598464333,46.385284063959595],[0.382013262904146,46.38541418523267],[0.38188559767415,46.38541575978254],[0.380726383206993,46.38504587997411],[0.379366410359827,46.385007434387106],[0.379120027555145,46.385095473392155],[0.379166050411451,46.38524879342585],[0.378610717805873,46.38537207738761],[0.378166989924402,46.38563847417563],[0.377548538735145,46.386344125853164],[0.376881966822812,46.38656034621481],[0.375566874781645,46.3872670836747],[0.37424573505308,46.388098901385256],[0.374213104287892,46.38823599764073],[0.375694138694618,46.38957737725971],[0.375678245573844,46.38971846275355],[0.375159119176196,46.38998131228048],[0.378209168637098,46.393005706368],[0.380312150323795,46.39362883089918],[0.380977484309755,46.39395583955646],[0.379757706014227,46.394491831169134],[0.378023946197429,46.39504663124799],[0.378833776361322,46.39645992777448],[0.379711371446623,46.39762881159419],[0.380168426074222,46.39931239025112],[0.381244362723023,46.40074619142107],[0.382030078554422,46.40144354563448],[0.383251904660891,46.40225360578751],[0.384290341099865,46.40246121202819],[0.385003568611222,46.402851457799606],[0.387091843887491,46.404689499328605],[0.38760727014409,46.40477788238122],[0.389001900587477,46.40478277498911],[0.391105075653363,46.40584986154491],[0.393606722487119,46.406865645725034],[0.394281955535549,46.407072069062025],[0.395711271096656,46.407115510401944],[0.397201828466437,46.40666660885048],[0.397240071209529,46.40682064304994],[0.39671278684536,46.407444687186825],[0.399161824691874,46.40844743277873],[0.399406510375754,46.40845120747542],[0.400348185084859,46.40795912211071],[0.401746578961899,46.40982981102965],[0.40383280677893,46.41008451097647],[0.404203537976752,46.41023169080261],[0.404601997237126,46.41039841994144],[0.408980960929734,46.41075740121876],[0.41119619548973,46.411177064359464],[0.412038947368577,46.411259245523624],[0.412583721555147,46.41152746717557],[0.415005577999847,46.410390401678676],[0.41741646314072,46.40975846841358],[0.418888786962038,46.40949987371317],[0.421713947811134,46.40861594771919],[0.422065040956181,46.40824188006302],[0.425883860632598,46.40807582408648],[0.426287362872693,46.408329981500174],[0.426768267812146,46.40848948214336],[0.427181013764821,46.40882402840037],[0.427737672493759,46.40900685528616],[0.428445343332474,46.40910839410928],[0.429858613164227,46.40869156514557],[0.430914701388337,46.40905590126328],[0.431606576517539,46.409105711195984],[0.43380149481354,46.409017247823485],[0.434071124117136,46.40934945055433],[0.434676423426153,46.40902430666685],[0.437428999774926,46.40965284139329],[0.437677349087822,46.409356604169574],[0.438644121047568,46.40934947780624],[0.442011948968166,46.40955205190001],[0.443408918256505,46.40939776483756],[0.445824618624479,46.40946176970116],[0.446563535560887,46.40939722195357],[0.449877485979389,46.408662288940555],[0.454500047173862,46.40661947863616],[0.45582599896024,46.40591839476791],[0.456399507511543,46.406020372421274],[0.458001346520262,46.406721854847135],[0.458842301507663,46.40687031924778],[0.459817045481999,46.406886616297804],[0.46040845922949,46.40671599054883],[0.461253053481744,46.40673027968962],[0.461856379530422,46.40683559566294],[0.46218080181311,46.406552712385675],[0.462764742093276,46.406430558567],[0.464797322189182,46.40545858791866],[0.465452628184237,46.40531368124192],[0.468835948137469,46.405318508725195],[0.469051436103829,46.40524941260335],[0.469811391750576,46.40565636692513],[0.470521433317198,46.40584778926603],[0.471370967397209,46.405726974545715],[0.475712012159708,46.40431314092043],[0.475906425581427,46.40436158688311],[0.476854930219568,46.40514204258351],[0.478831882695805,46.40440914468271],[0.47892673464795,46.4035112188947],[0.480049204277912,46.40303420012606],[0.481929896221951,46.40320004649689],[0.483504926788139,46.403160017356605],[0.482685456247785,46.40263021819486],[0.483108189018249,46.40233052775134],[0.484641021761084,46.40207513358799],[0.485200118058612,46.40212259335355],[0.487276776049858,46.40269898562709],[0.487727383380211,46.40292512846309],[0.488040335818519,46.4035392380091],[0.488279966661259,46.403737309795964],[0.488713844807486,46.40390271861259],[0.491139114961261,46.404490313639634],[0.491989058631585,46.404869365186165],[0.492477808669825,46.404974702875926],[0.493006192439716,46.40498270923296],[0.495365673689408,46.40447955906714],[0.495929756554429,46.40441896502741],[0.496476495384139,46.40445258387536],[0.496746959066352,46.40437653422975],[0.496770858813534,46.40450859225423],[0.497245268868768,46.40472801111079],[0.498340593379753,46.405863759310954],[0.499447500022908,46.40333482814112],[0.499868786865113,46.40326387825824],[0.502200619146153,46.40230862588427],[0.5045374240668,46.40078676169437],[0.507338478748532,46.39833444266559],[0.506625164818878,46.397786416728465],[0.507844854270975,46.39745360094581],[0.509465402167946,46.395897075552426],[0.509208818082711,46.393757212164935],[0.509554602248662,46.39371250815513],[0.509614414280542,46.39348588293654],[0.509617755955576,46.39318415015084],[0.509362506443678,46.39247136136348],[0.509459262938587,46.39132030523807],[0.509316967202047,46.391014491832415],[0.507778966486637,46.38896736015984],[0.508602464718793,46.3885817391199],[0.511236834717189,46.387969865785294],[0.511471457532115,46.38782092833517],[0.511515045101487,46.38512094264802],[0.511666767169867,46.38470532801454],[0.513383188229236,46.38203281385678],[0.515138903782948,46.380581868819],[0.516044110512279,46.379425896057285],[0.5164135915953,46.3786573561632],[0.517043081509285,46.37617733786319],[0.516990679122077,46.37584105769325],[0.516481961185422,46.37489123020478],[0.51601880802602,46.37408473660415],[0.515783926027662,46.373868806811984],[0.511757867362109,46.3719305573639],[0.509106565477936,46.37050418644764],[0.50792063239664,46.369539521299544],[0.507238153462935,46.36935072758091],[0.506085801423972,46.36936246898447],[0.505447399414987,46.369206160416994],[0.498935088819628,46.3668959002678],[0.497670811352711,46.36628346565561],[0.496151834922917,46.36481135080138],[0.49404928145184,46.366361594325724],[0.491790189515706,46.36715158364785],[0.490765806657985,46.366191185827326],[0.490037005626822,46.36587964292189],[0.487785766003671,46.36553546360599],[0.486704312962024,46.365252165494525],[0.483937525243967,46.3648001452972],[0.481663210222689,46.36493012217261],[0.481155906567504,46.36503783892316],[0.480497167893301,46.36549446968118],[0.479795738988537,46.36580420318323],[0.47868886973532,46.36562117037153],[0.477815016462031,46.36563427776883],[0.477417013472909,46.365798451485624],[0.476366104364441,46.36553104579545],[0.474157773219608,46.364710953555075],[0.473491424550836,46.36561243547038],[0.47315762236861,46.36579513477761],[0.472663336455149,46.36590220184181],[0.471158654072402,46.366076054844726],[0.469295641744462,46.36639959877286],[0.465108027209998,46.36611017817712],[0.463593774129893,46.36570441959215],[0.462916116283771,46.36555600538578],[0.462786076107331,46.36560987063782],[0.462399763632574,46.36546523302391],[0.457902918030403,46.36452359369881],[0.452558516752541,46.36208530366912],[0.449920985928112,46.361772278806505],[0.445839392528713,46.361673708985236],[0.44571727523738,46.36083400021913],[0.445151438515317,46.359882542626444],[0.444856246112258,46.358987600242635],[0.444758921115938,46.358981815225654],[0.443599854835597,46.35922431209789],[0.442496092986572,46.359647325313944],[0.442037135955506,46.36002803753907],[0.44137660971091,46.360350168195545],[0.44090012997263,46.36082688363264],[0.440190989156487,46.360964124435824],[0.440097407157009,46.36123951340677],[0.439729741727334,46.36150424322337],[0.439817316754211,46.361773789484076],[0.439681196450012,46.362262647139076],[0.439737192487035,46.36270626699575],[0.439945824338231,46.363197460159974],[0.440259296910185,46.36353424273335],[0.440428341235299,46.3635371367317],[0.440912874118996,46.36388946953734],[0.441143857228728,46.363903662954044],[0.441506586441477,46.36418929264558],[0.441812364819351,46.36430156364649],[0.444341235291692,46.36457449930208],[0.446681646671675,46.365316151221734],[0.447001058096225,46.36622334118662],[0.446753942666426,46.36699982288678],[0.446475661652149,46.367440457005266],[0.445519802292571,46.36842719833593],[0.44431350325381,46.369035330803584],[0.443065967500396,46.369550630569414],[0.442717072255004,46.369913993989286],[0.442637011873465,46.37009508933031],[0.442897108829979,46.370210836759966],[0.442639454459456,46.3704600247484],[0.442659759732469,46.37105510037906],[0.441706255336256,46.3717941065612],[0.440954410026708,46.37261781442673],[0.439424409121715,46.374047499128935],[0.438857724459366,46.37441857466602],[0.438471336458939,46.374247727176304],[0.438293115019602,46.37424552581969],[0.437078383798751,46.37458491605952],[0.436191561408555,46.374537954384806],[0.435141529343668,46.37475129127119],[0.432349401487964,46.374282135624775],[0.428877555374014,46.374317432784125],[0.427812345918976,46.37446549255364],[0.426821695258588,46.37438458285688],[0.424289507811868,46.37444994824639],[0.423719495611568,46.37511007958798],[0.423522250292239,46.375980442431135],[0.423026948290176,46.376215209951226],[0.422917654653048,46.37640734472498],[0.423299521280249,46.3767286014695],[0.423556163401869,46.37708306577636],[0.423743039932054,46.3778404782292],[0.423690488095706,46.37851319868337],[0.423336051054419,46.378852055862],[0.422518849702768,46.379093963970504],[0.421637396942875,46.37901457783032],[0.419657287339268,46.37819047655756],[0.419489926667928,46.37804073643063],[0.41938824958662,46.377768151529196],[0.418261439401856,46.37728947234189],[0.417738805828108,46.37680734503901],[0.415425226500205,46.37552333926594],[0.415177733112347,46.3753069078648],[0.415001217129207,46.37496595180279],[0.414585742845219,46.374861032806145],[0.414100473100666,46.37452568838105],[0.413856618031119,46.374452587424],[0.412641661705305,46.37438088245308],[0.411756141054567,46.37469143729251],[0.411197618733253,46.37499589466723],[0.409278425440002,46.37519917281475],[0.408637526432729,46.375373811514926],[0.408447736943081,46.37556050064316],[0.408324479151715,46.37599105752884],[0.408286907802833,46.37648122250818],[0.408501573117342,46.377361825759095],[0.408395392655831,46.377377431999804],[0.408040150734881,46.377319806580026],[0.406336968151304,46.376563026191285],[0.406027977969114,46.377011880669215],[0.405704698062058,46.377295534988356],[0.405331684487752,46.37703658428972],[0.405223870736095,46.37681249693011],[0.40420132182696,46.37627928761554],[0.403840068610659,46.37615664336205],[0.403519246175007,46.37649800864264],[0.401332964499937,46.37558239493389],[0.401056854575311,46.37569502898501],[0.400727540028655,46.37569473137073],[0.400578047033785,46.37590935511162],[0.399915685824887,46.375905067318],[0.399345808551047,46.37611821303801],[0.399024539123616,46.37624963351591],[0.398635256005799,46.376606542538376],[0.397415781449086,46.377066137017536],[0.397000302626646,46.37851890640084],[0.397005742738905,46.378814544089835],[0.39656099977172,46.37910531201675],[0.396024751865171,46.379922850376865],[0.395704009838688,46.38004256174127],[0.395294884817728,46.379804376036105],[0.394465589120281,46.37996922879523],[0.393384819455437,46.37970217589118],[0.392855498383592,46.37933690190178],[0.392589797804001,46.37884881554994],[0.391789298873961,46.3780016304475],[0.391144341509715,46.37662372898622],[0.390383400607665,46.37571256840783],[0.389358451951801,46.37504222149539],[0.388662283574853,46.37476500442604],[0.388234566324356,46.37445428912322],[0.387851189534449,46.374386945946505],[0.38681056360807,46.37450815971312]]]]}},{"type":"Feature","properties":{"fid":3164,"ID":"COMMUNE_0000000009750358","NOM":"Charroux","NOM_M":"CHARROUX","INSEE_COM":"86061","STATUT":"Commune simple","POPULATION":1046,"INSEE_CAN":"06","INSEE_ARR":"2","INSEE_DEP":"86","INSEE_REG":"75","SIREN_EPCI":"200070035"},"geometry":{"type":"MultiPolygon","coordinates":[[[[0.472142987950713,46.13019917235886],[0.470759331472228,46.12937732221952],[0.470565388623447,46.12917118860611],[0.470082338121868,46.128321640698246],[0.470100989897613,46.12715802861315],[0.469965274046126,46.12641982866603],[0.468017799812459,46.124761905830354],[0.467672328290558,46.12410551496956],[0.46666953306118,46.12267225047316],[0.466662056101804,46.12106568653669],[0.467071944835835,46.11788276131619],[0.467024527812093,46.11688885419858],[0.466911762771895,46.11652505594303],[0.465695858900075,46.115165405295244],[0.465493691765106,46.11483024145882],[0.463049034624184,46.112421433607395],[0.463481648477869,46.11180584122805],[0.462416765531802,46.110798195245884],[0.461923209505802,46.1100699992598],[0.461731102623073,46.11002245707384],[0.461269506476324,46.11028422055612],[0.460931313404534,46.11034242455707],[0.460692055207038,46.11011003098892],[0.459044707347179,46.109122652620755],[0.456646494791917,46.10737243210513],[0.455478655407213,46.106774145787185],[0.451009298664432,46.108126190946614],[0.448472857195954,46.108938617775934],[0.446756005467033,46.10967392959815],[0.444417372870178,46.11099255378439],[0.437135764511467,46.11560255832506],[0.436339942967002,46.115999028997344],[0.434555395235016,46.11653892841157],[0.430143435173427,46.12001235084829],[0.426808635097755,46.121115266818],[0.425679955417239,46.12205821490632],[0.424506337618701,46.12122432637585],[0.424212533027792,46.12052751872993],[0.423219856072978,46.11964906912382],[0.422412063155334,46.118062142718486],[0.422243448848837,46.1179006440959],[0.421853412497206,46.11779177805795],[0.420496680341341,46.11776996305698],[0.419266328655852,46.11787083430575],[0.4166162104168,46.116260879294124],[0.416884715187115,46.116033638954605],[0.41502138721864,46.11571101530554],[0.414732031932493,46.11572064237674],[0.413862678810803,46.11596932692958],[0.41268817104845,46.11590291687911],[0.41225656440755,46.11576964420935],[0.411752552926724,46.11544100969429],[0.411402247739487,46.11539698194191],[0.410887225586964,46.11549425238797],[0.410332567660631,46.115717653392785],[0.409480148553531,46.11544232475778],[0.40848774306371,46.11544309517644],[0.407231166251421,46.11494769263426],[0.406228315469126,46.115306792353365],[0.405395557256094,46.11530127321321],[0.404722788715044,46.115090380158755],[0.404166603928865,46.11471546900607],[0.403671173911867,46.114699632045934],[0.401736717522561,46.115690585713594],[0.399608647735639,46.11655544048473],[0.398819793884332,46.117673497010486],[0.398222764489458,46.119062635133574],[0.397957495953566,46.11938360924775],[0.397608598114338,46.11958283547418],[0.396536124819119,46.11990421752573],[0.396003264532593,46.12062178679365],[0.39586610043353,46.12110967318172],[0.395598833974173,46.121363023090645],[0.395312086047844,46.121480778651105],[0.394388456001906,46.121640677730525],[0.393599082910227,46.121619852497744],[0.392712199261972,46.12067868414387],[0.391671178328394,46.11998263670209],[0.389788682245245,46.11924560819848],[0.387060464537942,46.11790434464526],[0.386364687434517,46.117116183870785],[0.384596195622378,46.115757309456264],[0.384147506725338,46.11568480154545],[0.383647426547595,46.115712017292545],[0.382016887165243,46.11624384076037],[0.380676801942205,46.116552593848105],[0.379176103836252,46.116426051297054],[0.377254014003203,46.116659156166136],[0.376374520254871,46.116655047584274],[0.37670004247328,46.117596893687],[0.376903958595389,46.11907742055512],[0.377278850680036,46.12026096826831],[0.377046185294373,46.121659327138474],[0.377276144134976,46.12259535823212],[0.372640854638729,46.12607139026626],[0.371276139353229,46.12729397091598],[0.370729962745802,46.12760477693654],[0.369851076639486,46.12793580335259],[0.365669532956624,46.12917501513002],[0.360484242087802,46.131314260849074],[0.356009897622917,46.13213817033167],[0.353930946233868,46.13208973615737],[0.353062404426548,46.13231005543857],[0.352083434488254,46.13267014988974],[0.350227577353031,46.131409607130976],[0.34891912300489,46.13150790323764],[0.346846652676586,46.131835205446734],[0.346004359706813,46.1318605684868],[0.345038444174843,46.13168211213543],[0.344109145980141,46.1313630474572],[0.341967511531605,46.133305033678425],[0.340228641701261,46.13458157078008],[0.340375539355994,46.13556169435286],[0.340086329296847,46.13564592021942],[0.33951030734594,46.13608562664041],[0.341982905750659,46.13948894222157],[0.342026839305026,46.13983955772651],[0.341602530833652,46.14035760933687],[0.341580913337928,46.14069677938966],[0.343152542019863,46.14172646191009],[0.344291979556512,46.14212612874373],[0.345054870905236,46.143637819974],[0.345180701469582,46.144385885656334],[0.345480861139567,46.1448262816234],[0.346834174299445,46.14646077900649],[0.347850468703771,46.14697015444424],[0.347889291613487,46.14804414608976],[0.347919129467884,46.14812413044186],[0.348182997643203,46.14808253945095],[0.348494550691136,46.149575554086354],[0.348285039616208,46.150021159765444],[0.347917555314551,46.15043604644209],[0.346890109564715,46.15098688403531],[0.34596897371071,46.151296027375885],[0.346143663241443,46.15191909331362],[0.346324831602227,46.15506149279091],[0.347213294293184,46.154785819899686],[0.348217326468915,46.15560574476152],[0.349560147356717,46.155291105878916],[0.349746775821042,46.15513147986838],[0.350035409336307,46.15522200678122],[0.350604495895386,46.15431086341618],[0.350964276250116,46.15397507575854],[0.350694161359575,46.15376965587449],[0.350383612731884,46.153274073076105],[0.350195361440714,46.15327959217214],[0.353155976464187,46.15165025490251],[0.35327448859631,46.1517196902308],[0.353523302610648,46.15153357690494],[0.354009928448744,46.15144310302235],[0.354099105149324,46.15193261744677],[0.35565793354672,46.151249029797285],[0.357992065371928,46.150886193047256],[0.360672725370048,46.15086472891741],[0.36303083446694,46.151053752258036],[0.363818016895037,46.151209877840266],[0.363680629852913,46.15204550928425],[0.364180498134251,46.15192196293955],[0.364885521962938,46.15189958031924],[0.36546118639618,46.15243821118875],[0.366092275866657,46.15236274961046],[0.366551686998303,46.15243376895002],[0.367049297082811,46.15262730524103],[0.367540231791266,46.152338656420575],[0.367691397712041,46.15237639755941],[0.368456551975304,46.152857235937205],[0.369639054552515,46.153340527132755],[0.37053247884392,46.15349906538593],[0.371215608713349,46.15387977779627],[0.371253238611155,46.15460954612105],[0.371611010287182,46.15544943553541],[0.371693916945267,46.15591085658638],[0.373757908432967,46.15848405801445],[0.373932574294892,46.15892507368479],[0.375000861594237,46.160660734719116],[0.375815062070591,46.16315544951065],[0.375920183336179,46.16410210833047],[0.37655888847718,46.165143980755566],[0.379455068670294,46.16393683730778],[0.384651990360173,46.159861638266456],[0.384683901364962,46.15973623575261],[0.387144319129656,46.15759626970656],[0.388380826668388,46.15817610557162],[0.389571329009825,46.15849719027538],[0.391450712962603,46.159736863839406],[0.392822961144892,46.16021795578106],[0.393775610869811,46.160252430632504],[0.394925350933068,46.16039593084822],[0.39633325706714,46.16086428240824],[0.39686539472926,46.16093504157317],[0.39825996320719,46.16102915827109],[0.399347172940314,46.161015312299384],[0.403388167633941,46.160587893942754],[0.405489913174851,46.160698084787],[0.407158424995773,46.16042804927305],[0.413180341691164,46.159838260740216],[0.417322477696051,46.16328861826912],[0.42059626898346,46.165306384830004],[0.421909632510951,46.16453794154972],[0.424278686823665,46.16528272013698],[0.426539763884746,46.16667189417968],[0.428979713267034,46.16798217995811],[0.429947240370976,46.167508541655074],[0.43006765532042,46.1677338034008],[0.430069933670885,46.16923485876548],[0.431184757754358,46.16880057997533],[0.432661127222625,46.16961778840826],[0.433496295484848,46.169977221107246],[0.434106307283385,46.17013245028533],[0.435251314443359,46.16974566355975],[0.4362592525242,46.16984949895152],[0.437334850295784,46.169671049087476],[0.438958314040413,46.17092305025187],[0.445801775220199,46.17027885535452],[0.453283851645989,46.16908727426403],[0.455265940318947,46.16974433507691],[0.457695713673101,46.170368132921006],[0.458611331485682,46.17070214866783],[0.460201853715198,46.1685601147553],[0.460049662042021,46.16781432827123],[0.461372522326529,46.1655689933705],[0.461465993085221,46.16525845192438],[0.461497323063621,46.16402124488531],[0.462169054318816,46.16141358410407],[0.463146752044138,46.15925331895177],[0.463055250338584,46.15898909865779],[0.46513785814818,46.159008563465015],[0.466249040922319,46.15737921036709],[0.466727101160579,46.157498888030595],[0.470445382806565,46.15465997606451],[0.471628340633611,46.15290243729768],[0.471898541411155,46.151258815571744],[0.474376891582166,46.15109502384214],[0.474683567951815,46.15102255969552],[0.475190930948803,46.15064553133548],[0.475127049036371,46.15051257292118],[0.475436821582144,46.14972482367941],[0.475315812769663,46.14942482121585],[0.474968094318467,46.149093650949055],[0.473989316507513,46.14850428868391],[0.47301338201365,46.148219501214385],[0.468925217229799,46.14728697725694],[0.466469751864527,46.14639704502476],[0.464948258220012,46.14512878901078],[0.464622555939897,46.14457554146909],[0.464355341113914,46.14340194224124],[0.461996997667031,46.143443859061975],[0.460288756720898,46.14162178093854],[0.45964548015324,46.14059472050138],[0.458885884237555,46.13883347838583],[0.45894056863558,46.138548198843566],[0.458796349713961,46.13757644598121],[0.458192493431907,46.136091671945096],[0.457908671248572,46.13494470979858],[0.463460016055807,46.13290927971922],[0.472142987950713,46.13019917235886]]]]}},{"type":"Feature","properties":{"fid":3466,"ID":"COMMUNE_0000000009750598","NOM":"Genouillé","NOM_M":"GENOUILLE","INSEE_COM":"86104","STATUT":"Commune simple","POPULATION":493,"INSEE_CAN":"06","INSEE_ARR":"2","INSEE_DEP":"86","INSEE_REG":"75","SIREN_EPCI":"200070035"},"geometry":{"type":"MultiPolygon","coordinates":[[[[0.312465969175168,46.12258137870779],[0.314160989109519,46.12297469329238],[0.315093668975309,46.123350854168535],[0.31706077760376,46.12435513613463],[0.3194890454227,46.125310806124745],[0.320082693888807,46.12562575874025],[0.320048969484169,46.12570605319611],[0.320852533008081,46.126260218749046],[0.320931404062239,46.12902456580865],[0.321510519751018,46.13088619421049],[0.322245244625807,46.1307017008134],[0.324164792030562,46.1298720840338],[0.32495734773443,46.12964388643023],[0.326426390847776,46.13000015049946],[0.328111020940314,46.12989474931765],[0.333205268824877,46.13016049077757],[0.334408651726924,46.13006441381927],[0.334942552414979,46.13009136431292],[0.3356657412522,46.130196636785925],[0.337327220471573,46.1308618118071],[0.337886408184698,46.13090195530581],[0.338607071340187,46.13076568159195],[0.340028966300259,46.13017190981144],[0.34143030020067,46.12973441315797],[0.343163460343637,46.12948216239259],[0.343584533174563,46.12977853304152],[0.343863706026105,46.1309987085389],[0.344109145980141,46.1313630474572],[0.345038444174843,46.13168211213543],[0.346004359706813,46.1318605684868],[0.346846652676586,46.131835205446734],[0.34891912300489,46.13150790323764],[0.350227577353031,46.131409607130976],[0.352083434488254,46.13267014988974],[0.353062404426548,46.13231005543857],[0.353930946233868,46.13208973615737],[0.356009897622917,46.13213817033167],[0.360484242087802,46.131314260849074],[0.365669532956624,46.12917501513002],[0.369851076639486,46.12793580335259],[0.370729962745802,46.12760477693654],[0.371276139353229,46.12729397091598],[0.372640854638729,46.12607139026626],[0.377276144134976,46.12259535823212],[0.377046185294373,46.121659327138474],[0.377278850680036,46.12026096826831],[0.376903958595389,46.11907742055512],[0.37670004247328,46.117596893687],[0.376374520254871,46.116655047584274],[0.375031748066183,46.11298221439791],[0.373252723935049,46.109577668919776],[0.37301678019013,46.104843825494164],[0.373147072795842,46.102634917247336],[0.373009412212283,46.10090994289862],[0.369583243147199,46.098754690976364],[0.369565432303297,46.09869391179938],[0.369855867309787,46.09852495169383],[0.369399615272596,46.097991800919694],[0.368845699102508,46.0975239575347],[0.367224285712989,46.09460497930334],[0.366933405039841,46.09432432790519],[0.36561007230082,46.093861132707545],[0.363115737657321,46.09283822495516],[0.362111532711363,46.09252656298407],[0.361888152942134,46.09237811112261],[0.359963720711998,46.09078994420667],[0.359337952828721,46.0900690014565],[0.358904597221371,46.08976338761737],[0.358500054899589,46.08896650032366],[0.357729509095958,46.087998908071214],[0.355494574105194,46.08627638556341],[0.353558340105937,46.08437698160902],[0.352073769263713,46.08337106242773],[0.35154302103577,46.08310008551469],[0.350568815221116,46.08276198611319],[0.350158194471111,46.082470382274835],[0.349866919435886,46.082147327364545],[0.349440858010419,46.08129043452784],[0.349509347326779,46.08083703120797],[0.349900560758827,46.08010825531565],[0.349178045119097,46.07844615013923],[0.348378457530881,46.07781838518271],[0.347186489748752,46.07772924438036],[0.346380913592174,46.077279722257124],[0.345398472,46.077061215434945],[0.345169193661314,46.07644767431868],[0.345104064662465,46.07583977719661],[0.344954204061627,46.075699317180366],[0.345132888121069,46.074975492471474],[0.345329059572943,46.07477375553387],[0.344798332687915,46.07442435779062],[0.346254561313021,46.07394577278566],[0.347216294353271,46.072876261951805],[0.347733570008864,46.07200267883774],[0.347557257065211,46.071284063392845],[0.348262433377672,46.07110323571715],[0.348617320019669,46.07091151171163],[0.349381903902246,46.070062624689754],[0.350437687304758,46.06910701134946],[0.35103389602289,46.068178496455594],[0.351671228783791,46.06661123126933],[0.352966182607743,46.06506832639443],[0.351836567161718,46.06476534529525],[0.348452449488519,46.06362578768289],[0.346513911760002,46.063591252165054],[0.34502189987,46.063744636440326],[0.342357645319468,46.06410299084275],[0.340921949278013,46.06448289203557],[0.339360008776017,46.06476971321326],[0.33845601348322,46.06475390442465],[0.337817707512716,46.06451727378311],[0.337820775184889,46.064427245543314],[0.33743713956741,46.06433084079619],[0.336362804098552,46.063637064870726],[0.334234666484991,46.06350866592556],[0.331861634921368,46.06477192321458],[0.331616563599936,46.064994110681305],[0.331969670949439,46.065425891754],[0.329928144636498,46.06596439338539],[0.32980284882754,46.06603892951664],[0.329791678234673,46.06653512058464],[0.329401922596313,46.06661784472529],[0.328596812478877,46.06565913140219],[0.327492201970626,46.06401940032251],[0.326230578487516,46.06143169894478],[0.325516270396033,46.06150855726678],[0.323095190309117,46.0623208974442],[0.32139860279479,46.06274034555618],[0.320438346847629,46.0624987118589],[0.318451738873713,46.063768123105135],[0.318446443398919,46.06390314939096],[0.319382878718429,46.0648190927269],[0.318927138411114,46.06490112207299],[0.314330065654205,46.06510138203336],[0.315150768381816,46.065762337141535],[0.315367616708926,46.06609273632277],[0.316108340080783,46.06820602190335],[0.316206797333246,46.07061585293508],[0.31661469933001,46.072123886029544],[0.317575264852392,46.0733963113395],[0.31764945932646,46.073706211638175],[0.317294480077352,46.07432131431878],[0.315960117674835,46.075055601931815],[0.315438947975345,46.07597130796807],[0.314835200292086,46.07571554461014],[0.314182152627836,46.0758856897992],[0.31214137396733,46.076741058385274],[0.312039330856457,46.077000834563094],[0.312094213092389,46.077202159927666],[0.313298219142133,46.07823531532723],[0.313684199969761,46.07884092736077],[0.313058407667494,46.079511774008566],[0.311950680915916,46.08026760545957],[0.312970749427969,46.08143606026198],[0.313911899391926,46.08297475360345],[0.315208826280226,46.08248106991974],[0.316089538011909,46.08427780367457],[0.31444643454977,46.084674102896166],[0.312533532155722,46.08685249517617],[0.311063487762061,46.08744115912172],[0.31080657602641,46.08718729069923],[0.309611914572229,46.087784266373916],[0.306590681397379,46.089556948458664],[0.306065461464575,46.08930841165009],[0.305329743745171,46.08981352639841],[0.305206239082015,46.089717788214294],[0.304284241055428,46.090957303372484],[0.303554117099451,46.090714698059024],[0.303712081435383,46.09163838865675],[0.303551280442937,46.09230221881212],[0.303315218755923,46.09265250875744],[0.303813377812219,46.09279319393431],[0.304408259278036,46.09278390359315],[0.3051554615619,46.09267911684464],[0.305318652859219,46.09246765073469],[0.305720423548127,46.092514134558726],[0.306196535746217,46.09270834640122],[0.306433561623656,46.09270766709867],[0.30677358812404,46.09298334063106],[0.306868271636656,46.0932180497853],[0.307254896099983,46.093203800574535],[0.307448990321456,46.09357692163143],[0.308050908378314,46.094190378995684],[0.307969584834396,46.09442271275335],[0.308041155345672,46.09454784973678],[0.308968091974369,46.09500412776864],[0.309561987859578,46.09572911155869],[0.309013174214777,46.096013430118894],[0.307955990874114,46.09699838625499],[0.307099721345913,46.09737180906024],[0.304478417054419,46.099217010633986],[0.304338135471074,46.09943622842353],[0.305598745948761,46.09977161450413],[0.302957003460175,46.10226683188891],[0.302588934588791,46.1044331322481],[0.301873685045942,46.106704705521615],[0.303083801269535,46.10751735384264],[0.306497380282441,46.11054924500048],[0.307287248756902,46.111533874446145],[0.308841339663328,46.11305019862994],[0.310151300108167,46.11571671113908],[0.310331562132903,46.11584532266387],[0.310487793317922,46.115856233000095],[0.31298596564485,46.11825893059459],[0.31291344895137,46.11931680157797],[0.312532638079459,46.12092870284088],[0.312465969175168,46.12258137870779]]]]}},{"type":"Feature","properties":{"fid":3554,"ID":"COMMUNE_0000000009750360","NOM":"Civray","NOM_M":"CIVRAY","INSEE_COM":"86078","STATUT":"Commune simple","POPULATION":2543,"INSEE_CAN":"06","INSEE_ARR":"2","INSEE_DEP":"86","INSEE_REG":"75","SIREN_EPCI":"200070035"},"geometry":{"type":"MultiPolygon","coordinates":[[[[0.321510519751018,46.13088619421049],[0.320931404062239,46.12902456580865],[0.320852533008081,46.126260218749046],[0.320048969484169,46.12570605319611],[0.320082693888807,46.12562575874025],[0.3194890454227,46.125310806124745],[0.31706077760376,46.12435513613463],[0.315093668975309,46.123350854168535],[0.314160989109519,46.12297469329238],[0.312465969175168,46.12258137870779],[0.312170288571468,46.12248067268228],[0.311641063256231,46.12280962289658],[0.309828547524699,46.12293697299208],[0.308641277693689,46.123234995448854],[0.308347347088021,46.12338930714378],[0.308016111236038,46.12380222477831],[0.307607264521332,46.12397453266254],[0.307279626359273,46.12428752136237],[0.306840913565455,46.12454020924736],[0.306627488047481,46.1248757281213],[0.306156511723029,46.125151975360765],[0.305314179238718,46.12546986280992],[0.30440180341423,46.126052780843025],[0.302852723012752,46.12680257091165],[0.301635308693849,46.12755301674136],[0.301546938939794,46.12776896157621],[0.299568876166292,46.12733268697872],[0.299296693218468,46.12717574252797],[0.299226821668331,46.12688395344645],[0.299081186373851,46.12676245557719],[0.298058458163129,46.12666333354316],[0.297054945314157,46.126752972029315],[0.296268662677336,46.12700995862572],[0.295451587556807,46.12744460758563],[0.295075468066048,46.12787173823448],[0.294029977763905,46.128286518519154],[0.291709070902406,46.1295989179443],[0.290132178070168,46.130145148253646],[0.288919167495543,46.1304865061445],[0.28647777216217,46.130745337406594],[0.284812338502025,46.13064334797444],[0.285444247472116,46.13311644189842],[0.285864949205709,46.134069867730354],[0.282970087011995,46.135421536913995],[0.282646327612209,46.13549488056909],[0.282656558570064,46.13560234692165],[0.283503453400121,46.13611456999666],[0.285285138884834,46.13745915759001],[0.286359739305584,46.13816421407039],[0.287105794459649,46.13880374512917],[0.288399960010112,46.140286199588715],[0.288659096895787,46.14044556076226],[0.286573533794126,46.14086517284502],[0.287282897906113,46.14211651768276],[0.286565509369817,46.14270486200384],[0.286231345101811,46.14332849080571],[0.285890368935542,46.14414207102026],[0.285781476958229,46.145111668055684],[0.283847678175356,46.14494919906744],[0.283398044796873,46.144971781260516],[0.282995857660482,46.144847729575346],[0.282422459638969,46.14480427516511],[0.281067009485381,46.144245633],[0.280393301256563,46.14423851024793],[0.279414574315514,46.1443439121223],[0.279092008047732,46.144444306221416],[0.277759180861064,46.14510254581475],[0.277298687724792,46.14552669965792],[0.277597509236438,46.14561765894685],[0.277758367781785,46.14619006024148],[0.278097554687963,46.14646038811203],[0.278099472963929,46.147101060806115],[0.27834271779862,46.14752856903123],[0.279301413002028,46.14748846966569],[0.28002536419318,46.14805183044906],[0.28073384333135,46.14777686625499],[0.281228193598664,46.14774184927937],[0.282248059558429,46.148926775140595],[0.282947889587876,46.14880025848135],[0.283774713136621,46.1488056208827],[0.285074305238784,46.148950225093635],[0.288115397615431,46.14866608202239],[0.288687584835258,46.14844638049905],[0.289211816723406,46.148462499157475],[0.288977670769673,46.14958047894632],[0.288733702333499,46.14958546700487],[0.288512121994416,46.14968829899983],[0.28782503680403,46.14966198117868],[0.286569714399636,46.150404168026604],[0.286431901444808,46.15056936574786],[0.285275509587881,46.15043811240675],[0.285133588584066,46.150633845100444],[0.285095907673037,46.15102849172977],[0.285124232649233,46.15257802059109],[0.284362013411668,46.152209301313434],[0.282664619591227,46.15417887766766],[0.281995298581695,46.154813398637984],[0.282812694422757,46.15527265422577],[0.283778534351908,46.155693105764136],[0.286353004881713,46.156619621650144],[0.289090467058233,46.15752924392027],[0.290636841494822,46.15772201660804],[0.290341845676829,46.158365513607706],[0.290234036923503,46.15915673736906],[0.290279091190008,46.15974076991374],[0.289798180951722,46.161522319722735],[0.294280598460273,46.16144717235275],[0.294575474985188,46.16125236849767],[0.295614536062279,46.16126990302614],[0.296617516964385,46.16196683491547],[0.297829458033365,46.16181817150374],[0.298898477001841,46.16225445841978],[0.29904735801183,46.16244360717129],[0.299279633250927,46.16254553815835],[0.29934627939533,46.16269308673647],[0.300035198830158,46.162527458767],[0.301635331869254,46.16300156990038],[0.302189203478271,46.16265522160617],[0.301222425725241,46.16201145974033],[0.302379025449999,46.16166951776004],[0.302316117242313,46.16028587171246],[0.301864680675106,46.15836590495322],[0.300959410207136,46.15821284961568],[0.301059940638329,46.15801431261584],[0.30134709254667,46.157922925027044],[0.302098624280484,46.157300158499254],[0.302896904072959,46.157097467946414],[0.304248424728489,46.15661237205106],[0.305576293638643,46.15602758836965],[0.305697050541999,46.15586556798213],[0.305705490979628,46.154796268380736],[0.305903481623774,46.15424954631563],[0.307126386678538,46.153160393582596],[0.307925272984022,46.15191341318414],[0.309915357133609,46.15048471430647],[0.310565533888305,46.150127095108466],[0.311476966476959,46.14994054205463],[0.312519713187764,46.1501165916997],[0.31261720041126,46.14992608277461],[0.313520846823922,46.149104118606324],[0.313187932642313,46.148887208974706],[0.312900616458045,46.14882454863466],[0.312993367000587,46.1487042060331],[0.314547480175047,46.14802015986669],[0.315608100767006,46.147141524815645],[0.315809077659687,46.146902102312296],[0.315945407960579,46.14589079030135],[0.316555623127352,46.145791684469245],[0.317070538329471,46.145600223235974],[0.317106980833691,46.144669443014486],[0.318515852897853,46.14085361995164],[0.318580084279382,46.14041454451032],[0.319145336408751,46.140093617911596],[0.319498959794896,46.139036976827114],[0.319580898482005,46.13823521345992],[0.319341831971117,46.135832892242085],[0.319500102966764,46.135272598782954],[0.319184250275208,46.13438936294053],[0.318935763706409,46.13308244151214],[0.318357159550281,46.13335980181676],[0.317659220627203,46.132313463150886],[0.319393703375874,46.13142819414345],[0.321510519751018,46.13088619421049]]]]}},{"type":"Feature","properties":{"fid":3742,"ID":"COMMUNE_0000000009750107","NOM":"Champagné-le-Sec","NOM_M":"CHAMPAGNE-LE-SEC","INSEE_COM":"86051","STATUT":"Commune simple","POPULATION":213,"INSEE_CAN":"06","INSEE_ARR":"2","INSEE_DEP":"86","INSEE_REG":"75","SIREN_EPCI":"200070035"},"geometry":{"type":"MultiPolygon","coordinates":[[[[0.16483811146935,46.17469121154043],[0.16238630780512,46.18184123929972],[0.163279819089548,46.18244834075184],[0.164142705747095,46.1832465973671],[0.165867947724922,46.184528604048815],[0.171621422943837,46.18369880501157],[0.173211144932673,46.18331035793703],[0.175552169384124,46.18316943546462],[0.175576680752099,46.183751229020004],[0.175406491728167,46.1842092430706],[0.174265014196597,46.18634611450109],[0.173560280714402,46.18788652399374],[0.173484480305033,46.18789725358219],[0.173544221853595,46.18890252189477],[0.17325755709913,46.1900838920243],[0.171225496348363,46.19179941258678],[0.171650585301032,46.1924875908378],[0.171117711883121,46.19358623918837],[0.170761253236071,46.1938810242969],[0.172544512798554,46.19545630451583],[0.172998491367648,46.19513240233338],[0.17383887171573,46.19476314251688],[0.174382207866897,46.19441712839575],[0.176145161996733,46.19361845238645],[0.176600271935005,46.19372527139852],[0.178982953926688,46.19752292903852],[0.179267755383319,46.1983175222662],[0.179495478172176,46.19971711039929],[0.180414065207816,46.19896318819962],[0.182081608396624,46.19898651955289],[0.182278182820512,46.19915087979449],[0.183090430121499,46.19902594178997],[0.18379484136881,46.200065194524726],[0.183988827494107,46.200128569133504],[0.184533979324962,46.20012585429668],[0.185763710043717,46.200842010158254],[0.186550852030354,46.200827255271044],[0.187347012996665,46.201976881050726],[0.188580406659952,46.20148478115264],[0.189048814194472,46.20138463447418],[0.193028964078457,46.20140639903063],[0.194279399213993,46.20121380899732],[0.197578325060625,46.20087890197925],[0.198369472938319,46.200658724602405],[0.199266540434592,46.20148907295967],[0.199835622796534,46.20185630449388],[0.200127102479575,46.20201846482775],[0.200920571745146,46.202184876922374],[0.20137124416846,46.20273660277646],[0.201583617141976,46.20287248321979],[0.202464780587087,46.202821187024114],[0.203570342082881,46.20287361875614],[0.204461224718994,46.20260629474017],[0.206526366243109,46.20223987800151],[0.206284842775207,46.20285386288595],[0.204879047074713,46.20395552606632],[0.204729330958978,46.20488082484603],[0.204872153888559,46.20556642961308],[0.206174764292793,46.205878675644996],[0.208368873101726,46.20547935038116],[0.210863244525056,46.20527386722274],[0.211371168839863,46.20516198374347],[0.212316127173328,46.204749955541516],[0.213316536199384,46.20396174161831],[0.213660448720354,46.20378275455061],[0.212884739462015,46.20313841373137],[0.211970733578365,46.20215188243989],[0.210859254126805,46.201246998088955],[0.210280713077858,46.2000190925966],[0.209972881761732,46.19969346808693],[0.209523528714091,46.199395004038585],[0.208789839372948,46.19833538046355],[0.208711541630017,46.19808927414262],[0.208883119761111,46.19754835436948],[0.208807959411301,46.19718969431039],[0.208623325152511,46.19689141898063],[0.20805167331195,46.196396219689795],[0.207445132877506,46.195414495649324],[0.206334471919912,46.19230832180224],[0.205961102800452,46.19151342967909],[0.205408557869704,46.189779743166966],[0.205659560480373,46.18946243866685],[0.206544823321234,46.18894447413587],[0.206910457272908,46.18846509297167],[0.208291513315663,46.187815132159606],[0.209059139763914,46.18756817769705],[0.210635146116911,46.187343765868114],[0.212869566655462,46.18677416297514],[0.212950511302378,46.18671307496562],[0.211128424471802,46.18613945977879],[0.210506561027465,46.1849501330854],[0.21109875301664,46.184682640623855],[0.21300442244135,46.184249136282325],[0.215193945973912,46.18315578409928],[0.216641994336424,46.18228030585418],[0.215530967174902,46.181577302942344],[0.213521747841246,46.18088560483714],[0.211054753563207,46.18037095380188],[0.210479318009333,46.18056497049076],[0.209356244430184,46.180686968073715],[0.207150890092449,46.18053727379526],[0.205579793668306,46.18015985302478],[0.203723871220683,46.17984838604273],[0.202063195246735,46.179346168193355],[0.199532633010193,46.17845395888134],[0.198815750306581,46.178115513354086],[0.198521382773905,46.17806320327553],[0.1966931026265,46.177923500282404],[0.194495814355057,46.177999019276754],[0.192180687637258,46.17789317522477],[0.191896599912302,46.17855203395078],[0.191296792645076,46.17906883112626],[0.187890150697485,46.177305002313666],[0.187542394681945,46.17596733652953],[0.185236809756087,46.17653647682795],[0.184042219639208,46.17635910283638],[0.180667103369854,46.1760330183612],[0.179485588796628,46.175753199470726],[0.177416014617302,46.17506205126233],[0.174989242982198,46.17478458093942],[0.171230811667026,46.174625289208876],[0.166844900428871,46.174912473645115],[0.165579641968246,46.17482414863176],[0.16483811146935,46.17469121154043]]]]}},{"type":"Feature","properties":{"fid":3835,"ID":"COMMUNE_0000000009750595","NOM":"Chatain","NOM_M":"CHATAIN","INSEE_COM":"86063","STATUT":"Commune simple","POPULATION":241,"INSEE_CAN":"06","INSEE_ARR":"2","INSEE_DEP":"86","INSEE_REG":"75","SIREN_EPCI":"200070035"},"geometry":{"type":"MultiPolygon","coordinates":[[[[0.480666009755482,46.0655771411894],[0.479024853044484,46.06495595222969],[0.47762619256623,46.064550955337104],[0.476707183676398,46.066017978761025],[0.47612073224555,46.066584239282314],[0.475751888841059,46.06678054547642],[0.474895762772079,46.067130875393616],[0.474205960791631,46.067241646827576],[0.472997386953073,46.067656188433666],[0.469821427854927,46.068378211628314],[0.468867868193978,46.06881912174366],[0.469470925817153,46.067782068664684],[0.470098825304292,46.066064446655325],[0.4701996189751,46.06544954253927],[0.470014258556719,46.06303806075779],[0.469353723202882,46.061643060811406],[0.468628229931417,46.061574611691036],[0.465891799849911,46.06071434289328],[0.465349317163389,46.0606067165269],[0.464241030380802,46.06053238429491],[0.463339039782546,46.06033472080876],[0.463104302231748,46.06020513724776],[0.464020993254125,46.05985985537825],[0.463783348939547,46.05956893717385],[0.461637982408087,46.05804786599909],[0.459844482544756,46.057568032891105],[0.458022533352531,46.056053233493444],[0.456902810281829,46.05477398986718],[0.456335744104,46.054360342353924],[0.45582286578229,46.0542299078474],[0.454138585209978,46.053574942444584],[0.452608550598925,46.05283151911204],[0.449500714720551,46.05162373192057],[0.4488512388061,46.051900129122835],[0.4482421490484,46.05189182700688],[0.44648651731568,46.0512441478594],[0.444491522574687,46.050708170323176],[0.443876579581815,46.05063123931285],[0.443166103901253,46.05079991527993],[0.442930098221766,46.050782879763176],[0.442871320744628,46.05048874087354],[0.443141829613793,46.05018130695873],[0.443048590328191,46.04998819977007],[0.442697205839887,46.05000369885567],[0.442248823433739,46.05026837730868],[0.441870416989218,46.05105899404436],[0.44119313175174,46.051181556711086],[0.439576078720046,46.051200005940295],[0.438538016145056,46.051317107087144],[0.43731016660792,46.05134161426],[0.43596253619059,46.05104896204023],[0.435318155641437,46.050992941836405],[0.433756241313308,46.05132699278272],[0.432439265357116,46.051929652662956],[0.4298267731238,46.05057125938615],[0.429294403594518,46.05014023827979],[0.429371058244643,46.0501059377509],[0.429235427110744,46.04999024109954],[0.427102038422857,46.04912556442996],[0.425213821334662,46.04847003415359],[0.425085382559523,46.04833917911004],[0.420971674473016,46.04826278367954],[0.417055076112322,46.048370023731685],[0.416337422347338,46.04846989530596],[0.413277460034035,46.04918035746112],[0.413169923802883,46.049238268944066],[0.413067733521559,46.049622455110395],[0.412963375086713,46.05090486336831],[0.412764557411186,46.05169228284786],[0.411954863109735,46.052838762068475],[0.411117364163332,46.05328364265033],[0.410515788113276,46.05404924756088],[0.410098662106938,46.05504701011074],[0.409339698324233,46.0562955410381],[0.40811444879382,46.05705769384424],[0.406581120268912,46.057656017800234],[0.405966681028495,46.05797892710291],[0.405255678537573,46.05864740062698],[0.404492739082002,46.059127277871234],[0.402941017646305,46.06066034892607],[0.402260923399126,46.061604311526736],[0.402769948619019,46.06312961519545],[0.403151913180526,46.06452316629152],[0.403151517340867,46.065270968770484],[0.402793013043558,46.06677640102838],[0.402908718967293,46.067450279447],[0.401525382919129,46.06777087251354],[0.401662495494139,46.06894979077431],[0.401015065660836,46.069063794765995],[0.401489716780172,46.07005763902519],[0.403511519688093,46.07178607199547],[0.404877408129821,46.072658847805755],[0.404591332536595,46.07312441328483],[0.404322229485482,46.07391561929372],[0.403129604403103,46.07589479445677],[0.402071434720658,46.07680847908113],[0.401872298215959,46.07704988455588],[0.401796687162161,46.07733466345674],[0.402757750083944,46.077325140771244],[0.402893248556282,46.07741653926698],[0.40373977790685,46.07761161033509],[0.405421381550715,46.07909435546154],[0.406133100152856,46.08113062206624],[0.406693900752017,46.081921888016794],[0.408985821596332,46.08197156079091],[0.40960333596863,46.08202801030299],[0.409994937214394,46.08218020747137],[0.410164658648522,46.082287694695715],[0.411272105832838,46.083706780998895],[0.411733141529925,46.08403444428898],[0.412348223392993,46.08425299801055],[0.412873049067387,46.08454607259828],[0.413166423286602,46.08480503567168],[0.413369008395479,46.08512229296514],[0.413708002190886,46.08622740742215],[0.414111141663325,46.087042968482315],[0.414131397847914,46.08829037656565],[0.416222991920822,46.08665862156035],[0.417430812941524,46.088729528433575],[0.418195321358061,46.08880098807339],[0.419032126893007,46.090420153386916],[0.418545743642039,46.09049197643007],[0.419717626861147,46.09184306250058],[0.419864642309372,46.09224193207726],[0.420715644373492,46.09220992703527],[0.421640015170391,46.0925183477045],[0.422608732271654,46.09257189273491],[0.422989714044435,46.09251117245718],[0.423216539349107,46.09231360633212],[0.423608036253801,46.09224951898093],[0.424439200634493,46.09255760176026],[0.425134150286455,46.09298151473343],[0.425744450090998,46.09322240794453],[0.426833644730734,46.09330297620076],[0.42760003788734,46.09369515793535],[0.428425610501652,46.09373639741975],[0.429424738888177,46.09397076629225],[0.430432616638359,46.09396296435271],[0.431416182225638,46.093810448484646],[0.431606842437837,46.09372106429359],[0.432136734397107,46.09510072472468],[0.433377618987841,46.09531710403764],[0.43465699044802,46.09565236615186],[0.434959042032578,46.09639438234652],[0.43486402512232,46.096737303730755],[0.442240543297673,46.10196813693154],[0.442097636578959,46.10236674459306],[0.443355131497205,46.10167431461463],[0.443261578584799,46.10156949714969],[0.443331261611431,46.10143592300592],[0.444116446867272,46.101178818317294],[0.446462001962589,46.099953163613804],[0.44735219197261,46.09938666819535],[0.447738948941952,46.09897912480111],[0.448603401731424,46.09751648746522],[0.449517891848337,46.09653698249386],[0.44851604633881,46.09627480266588],[0.447966921063579,46.0959966696694],[0.446994885047517,46.09542791906242],[0.446295633813996,46.09478601523395],[0.44548605803597,46.09362086739307],[0.445117210082252,46.092252110826486],[0.444431845974281,46.0915357269515],[0.444834880739755,46.090638437803456],[0.445442130977572,46.08991602770793],[0.445975338618468,46.088919857614776],[0.446170337973682,46.0879286857177],[0.446367192560151,46.08767724420713],[0.447847268323743,46.08667264488543],[0.447041192571392,46.08557335462529],[0.447420667093204,46.08562694208484],[0.447566549208951,46.085496882426106],[0.447757399175606,46.085457930364036],[0.448240505148677,46.08562196183493],[0.448527584832197,46.085434712729416],[0.448975393669116,46.08560605576048],[0.449455076750114,46.085314119332786],[0.449931128553519,46.085574387593944],[0.450588076633653,46.08553599694754],[0.450702899254585,46.08557281383385],[0.450779033540287,46.08580156648713],[0.451257815515329,46.085891609025985],[0.451224137658938,46.08603140197767],[0.451039837625213,46.08609663484828],[0.450995020544826,46.086197436208835],[0.450991166749507,46.086503675731876],[0.451155344513366,46.08670467469065],[0.451437826102527,46.08661642050607],[0.451562007981403,46.086395772460186],[0.451750019773792,46.08639008539824],[0.451830747901714,46.08665948355382],[0.452393908443928,46.08668925024449],[0.452678594526956,46.086860518581965],[0.452648294379633,46.08726256665892],[0.453028078881679,46.08725397581068],[0.453161598442853,46.0874182449856],[0.453752515083696,46.08760359266347],[0.453901808988299,46.08748351220721],[0.453715629544245,46.08714237516192],[0.454333035173008,46.08683999521002],[0.45525178349717,46.086992148135415],[0.455783002245655,46.087404088249535],[0.456203010515934,46.08739368598977],[0.456263839784923,46.0872545006525],[0.455812601776149,46.0867371426708],[0.455849225097174,46.08644965766252],[0.456249029464654,46.08640006112164],[0.456534494957759,46.08610734410782],[0.457230072986259,46.08593373659855],[0.457596698509061,46.0870203991108],[0.457946651451302,46.08706878451047],[0.460430737502269,46.08685954013563],[0.460917754470863,46.08719208273038],[0.460810329735984,46.0873311283247],[0.460491357294369,46.087480754656596],[0.460531219848565,46.087598771224755],[0.460957260638049,46.087765974618534],[0.461164493410391,46.08793278454088],[0.461634422796116,46.088018980557386],[0.461912947416139,46.08832432936127],[0.462539844302333,46.08860053084479],[0.462525147947908,46.08880652078672],[0.462854240159655,46.08902650645011],[0.463154247123783,46.08897915815911],[0.463379812948113,46.088693193607604],[0.46355184684938,46.0886691104957],[0.464273025733358,46.08942761861623],[0.464649931726897,46.089565779747865],[0.464989898173074,46.089438233732636],[0.464800017561651,46.08911955773849],[0.464902967799345,46.08896509232209],[0.465173565401072,46.08896573306066],[0.465655182098216,46.08919182104022],[0.46614408556344,46.08914778358972],[0.466151109268061,46.08902360888271],[0.465982011236322,46.088927934688165],[0.46560745623689,46.08885109532609],[0.465598465666463,46.088568895967576],[0.466509750782566,46.08759279601428],[0.467347642226731,46.08725292572309],[0.468330475533033,46.08722350907539],[0.469370589747162,46.087608898880816],[0.469928720328165,46.087354665984975],[0.470124071569338,46.08733019214381],[0.470420763869914,46.08741068625049],[0.471323587359047,46.0871785473447],[0.471309056614765,46.0870160521488],[0.471072703241221,46.08694681593227],[0.470989387537024,46.086844051988905],[0.471226722508135,46.08632949355039],[0.471499848926346,46.086190528357804],[0.471781669081941,46.086228342794925],[0.472086394035164,46.08613422707031],[0.472382866165401,46.086191286490696],[0.472629517629113,46.0861211020063],[0.472684031137646,46.08606195277023],[0.472533013797409,46.08577028380632],[0.472686763246847,46.08563676465765],[0.473237930668846,46.0857301282223],[0.473476342711171,46.08561380994389],[0.473954539560564,46.08560463831181],[0.474281711357733,46.08541641686511],[0.474964151692239,46.085639728720395],[0.475358505537525,46.08537011218321],[0.475666907588079,46.08542112189355],[0.476217740844747,46.085099125553256],[0.476418710973951,46.08557209046064],[0.476820858369748,46.085696357418804],[0.477062588022061,46.085648577741786],[0.477319937431679,46.08534527523738],[0.477765129032299,46.08543445807222],[0.478262882128556,46.085309480699266],[0.478295254941354,46.085111991506125],[0.478564026020019,46.084898134242096],[0.475687936571935,46.08270972972445],[0.475633774645315,46.08216975614928],[0.47477561619113,46.08078481414418],[0.474553568570344,46.08009514806214],[0.474872141233072,46.07868504505367],[0.474816216893763,46.07852162890418],[0.474521272276901,46.07831955588073],[0.475184386354559,46.077778431987774],[0.475650235362912,46.077106781269165],[0.475567942726713,46.07672835241018],[0.475764609468971,46.07571645729753],[0.474467161288772,46.07411811771478],[0.473141580536043,46.07355522900643],[0.472274481473585,46.07290343882832],[0.473930731445028,46.07193307692276],[0.475183155286129,46.07067891255097],[0.477220325505329,46.06921875956137],[0.478701599203657,46.06740295262473],[0.480666009755482,46.0655771411894]]]]}},{"type":"Feature","properties":{"fid":3872,"ID":"COMMUNE_0000000009750106","NOM":"Chaunay","NOM_M":"CHAUNAY","INSEE_COM":"86068","STATUT":"Commune simple","POPULATION":1201,"INSEE_CAN":"09","INSEE_ARR":"2","INSEE_DEP":"86","INSEE_REG":"75","SIREN_EPCI":"200070035"},"geometry":{"type":"MultiPolygon","coordinates":[[[[0.16483811146935,46.17469121154043],[0.165688550570134,46.17168845389812],[0.167585862676134,46.16762421194978],[0.167805275081449,46.16643937525833],[0.169158338369774,46.16391858277359],[0.16965781143898,46.16275874388217],[0.171949520192424,46.15581185315309],[0.16845564717142,46.15602846097177],[0.167584057302144,46.156184238274626],[0.165752336450905,46.15635209627552],[0.162785423097527,46.156807847921066],[0.159243007629006,46.15695808532998],[0.158665935303899,46.15700942852384],[0.157245262859739,46.15730096780765],[0.156416213931768,46.157360409867536],[0.155081658066222,46.15731617698795],[0.154886656295247,46.157925822885026],[0.154249919648122,46.15880193179155],[0.153775186408162,46.15985420188162],[0.153442895681786,46.16163450160527],[0.153466114151933,46.1621865391528],[0.154083638548596,46.16445559127769],[0.154006064018929,46.16465098228805],[0.153889556981027,46.1647219510779],[0.15100536158313,46.165247061560194],[0.149271382782641,46.165997404912254],[0.14748278642867,46.16664993662382],[0.148181439959907,46.16760459426487],[0.149135574048756,46.16853502208357],[0.149284926130205,46.1688054875204],[0.149378765680765,46.16932055259089],[0.149332464357624,46.17051060871796],[0.149587659853043,46.17216327120008],[0.149515613944517,46.17235158984664],[0.149146189146638,46.17254686379871],[0.148993210215749,46.173318848409004],[0.148412494719496,46.17351152102954],[0.147571635138021,46.17257131835906],[0.147339209705155,46.17250150638644],[0.146617854573574,46.17248068821828],[0.145256870065002,46.17261319685937],[0.143327391244037,46.173101738095745],[0.141722054821535,46.173318168240584],[0.14214606911678,46.17434074249891],[0.141703901948509,46.174437748370835],[0.142224366259131,46.175750191420235],[0.14301110672463,46.17561228929581],[0.143342208603789,46.17657665488662],[0.140665515681113,46.17718783444727],[0.142007668506227,46.17814069951879],[0.142110915817464,46.178300083567045],[0.139620930663596,46.180104456117036],[0.138587866523959,46.18120749401367],[0.13746096022689,46.18057899319738],[0.137204254803745,46.1805265709321],[0.136802962164864,46.1805849415967],[0.136580549165647,46.180695575904075],[0.135614989961089,46.18154798794279],[0.135068261509411,46.18188202052078],[0.134681331913931,46.18228585894895],[0.131142635365921,46.18347159841804],[0.130610959708011,46.18378977128519],[0.130438904288093,46.18355745340619],[0.130275538086856,46.18268829137676],[0.129067489682305,46.182842497323556],[0.126514058039364,46.182899601085175],[0.122783473956511,46.18313950293688],[0.122948482712073,46.18387626111695],[0.119008756903549,46.18387285952067],[0.117007016700377,46.18555037178752],[0.116681450280911,46.185697098218704],[0.113956342641506,46.18620281387572],[0.113234584198803,46.18626017239541],[0.107607924675172,46.18603870255536],[0.109808094074613,46.18946204713989],[0.1121900869716,46.19370003815802],[0.112725784924583,46.19532929588966],[0.113140139200303,46.19537045811189],[0.113057104619825,46.19623249040483],[0.112588822986503,46.19608182774108],[0.11193302718998,46.197347411590165],[0.112278412333631,46.197885124696526],[0.111999681853798,46.2021158505769],[0.112142083538619,46.20224562047057],[0.111344527114301,46.203392261928464],[0.110511993289479,46.20493088310326],[0.110955495562297,46.206956082774035],[0.111250518612416,46.20778537030114],[0.111858187368929,46.209183976216366],[0.112750779840783,46.21002843832356],[0.112799043487108,46.21063969856584],[0.113515766701096,46.212260927514116],[0.11359095043858,46.21233672523448],[0.115418789573053,46.211887519614585],[0.117596878032449,46.21158953692093],[0.117884856578316,46.212012236841005],[0.118022594173521,46.21329256252779],[0.118285771610148,46.21391557377452],[0.118599281382875,46.2153093840145],[0.119547499500171,46.216729185893925],[0.119763094634055,46.21724556072214],[0.120278462175273,46.217911898471584],[0.121339406577563,46.21909034481293],[0.122376500489824,46.22005642254899],[0.123652621278413,46.22087174849515],[0.124444575030664,46.221513523281374],[0.125598665067315,46.220993945259764],[0.126258691823505,46.220834917354715],[0.126869883742434,46.22220107840222],[0.127719513490674,46.22325427651676],[0.128388250926909,46.22426685648679],[0.1291489883103,46.226001714917764],[0.129968522008849,46.22730913820314],[0.131682302015521,46.227061328239614],[0.132258105089433,46.22690013989303],[0.133908013616209,46.22621006065294],[0.135345207166327,46.22539115311753],[0.137662857080719,46.22476559729842],[0.137866782130807,46.22647826405409],[0.13803920656676,46.22680608875247],[0.139535407386451,46.228535946637884],[0.140031025342133,46.228766470885404],[0.140327046909577,46.22881626513721],[0.142345653692533,46.22887241153169],[0.143886612370596,46.229149904818776],[0.14310008645945,46.23101158562945],[0.142622216681384,46.23263051911398],[0.141869740604936,46.23428580224299],[0.141608096349752,46.23526860318812],[0.139487571584496,46.240118024381005],[0.140596552251873,46.24049191801993],[0.142215099418039,46.240756958865845],[0.145066470718494,46.24081504175178],[0.14912232583753,46.241160050526354],[0.150971572007344,46.241410022253014],[0.152462142588059,46.24136534762964],[0.155418446169991,46.24147895956125],[0.157217754852357,46.24119054580727],[0.160622042393186,46.2411295981389],[0.164549953760687,46.240210275829845],[0.16791668864708,46.23961835238924],[0.168610367934543,46.23938782960656],[0.1732604270262,46.23760495154274],[0.171740006402182,46.23576594100241],[0.171251502347378,46.23531858166579],[0.17236753669961,46.23490391215452],[0.172820554615099,46.23483137498139],[0.175812983238605,46.235094037232024],[0.175468228531419,46.23359602887195],[0.176348865339542,46.2333133375778],[0.177095400472684,46.23323905974383],[0.177680098932544,46.23340765076973],[0.177915774076971,46.23367210177792],[0.17944565918146,46.23379204706732],[0.179109519891455,46.23230147392931],[0.178936688118078,46.23094289996574],[0.178348523297595,46.23016151046908],[0.179056727359465,46.22972134215143],[0.179896637227885,46.22879065701062],[0.181401753103301,46.228834276482296],[0.18332298918552,46.228309705645906],[0.184697322824036,46.22915468380078],[0.185274943339166,46.22968798787051],[0.185487501422446,46.22959413239717],[0.187134115181459,46.228728410379716],[0.188012530102689,46.22808155190932],[0.190232732881788,46.22696596002189],[0.191140822246329,46.22637207304956],[0.192718121547939,46.22510719906956],[0.194123431628055,46.22410657441531],[0.196387273683178,46.22225939247175],[0.198043827258447,46.2211153425965],[0.199542962299119,46.22020527023648],[0.199615045722763,46.22003945044027],[0.199816718673064,46.21997954141725],[0.201392227445485,46.21879290302853],[0.202529238134997,46.218998387957164],[0.203833803282508,46.21882053149957],[0.206233401449916,46.21878039874133],[0.211502876782167,46.2193809909069],[0.212331007388746,46.21966259864404],[0.213464161855081,46.22060853557139],[0.21390684700172,46.22081220588556],[0.215987123364925,46.221130765293545],[0.219356814577302,46.22121231315752],[0.219780629005143,46.221276738296325],[0.222025924216404,46.22269398323513],[0.222358986639443,46.222807540641085],[0.222613157576332,46.222812847647944],[0.223841366072547,46.22206704400549],[0.224396363061073,46.22159222901749],[0.225320420463572,46.220468659559984],[0.226313327661475,46.21944587701888],[0.227283793701693,46.2188144907306],[0.222601510511395,46.21825420566303],[0.222080242882531,46.21693766772201],[0.221664457788691,46.2152308507213],[0.220756144969854,46.214227419154476],[0.219728679407675,46.21352651870605],[0.218900929885311,46.21277823326985],[0.218089889201269,46.21075537597834],[0.216499369151543,46.20928559126613],[0.216334380379397,46.20885445744919],[0.216155127970822,46.20775890552402],[0.215150139301474,46.20628721629274],[0.213989016558259,46.20418636585969],[0.213660448720354,46.20378275455061],[0.213316536199384,46.20396174161831],[0.212316127173328,46.204749955541516],[0.211371168839863,46.20516198374347],[0.210863244525056,46.20527386722274],[0.208368873101726,46.20547935038116],[0.206174764292793,46.205878675644996],[0.204872153888559,46.20556642961308],[0.204729330958978,46.20488082484603],[0.204879047074713,46.20395552606632],[0.206284842775207,46.20285386288595],[0.206526366243109,46.20223987800151],[0.204461224718994,46.20260629474017],[0.203570342082881,46.20287361875614],[0.202464780587087,46.202821187024114],[0.201583617141976,46.20287248321979],[0.20137124416846,46.20273660277646],[0.200920571745146,46.202184876922374],[0.200127102479575,46.20201846482775],[0.199835622796534,46.20185630449388],[0.199266540434592,46.20148907295967],[0.198369472938319,46.200658724602405],[0.197578325060625,46.20087890197925],[0.194279399213993,46.20121380899732],[0.193028964078457,46.20140639903063],[0.189048814194472,46.20138463447418],[0.188580406659952,46.20148478115264],[0.187347012996665,46.201976881050726],[0.186550852030354,46.200827255271044],[0.185763710043717,46.200842010158254],[0.184533979324962,46.20012585429668],[0.183988827494107,46.200128569133504],[0.18379484136881,46.200065194524726],[0.183090430121499,46.19902594178997],[0.182278182820512,46.19915087979449],[0.182081608396624,46.19898651955289],[0.180414065207816,46.19896318819962],[0.179495478172176,46.19971711039929],[0.179267755383319,46.1983175222662],[0.178982953926688,46.19752292903852],[0.176600271935005,46.19372527139852],[0.176145161996733,46.19361845238645],[0.174382207866897,46.19441712839575],[0.17383887171573,46.19476314251688],[0.172998491367648,46.19513240233338],[0.172544512798554,46.19545630451583],[0.170761253236071,46.1938810242969],[0.171117711883121,46.19358623918837],[0.171650585301032,46.1924875908378],[0.171225496348363,46.19179941258678],[0.17325755709913,46.1900838920243],[0.173544221853595,46.18890252189477],[0.173484480305033,46.18789725358219],[0.173560280714402,46.18788652399374],[0.174265014196597,46.18634611450109],[0.175406491728167,46.1842092430706],[0.175576680752099,46.183751229020004],[0.175552169384124,46.18316943546462],[0.173211144932673,46.18331035793703],[0.171621422943837,46.18369880501157],[0.165867947724922,46.184528604048815],[0.164142705747095,46.1832465973671],[0.163279819089548,46.18244834075184],[0.16238630780512,46.18184123929972],[0.16483811146935,46.17469121154043]]]]}},{"type":"Feature","properties":{"fid":3919,"ID":"COMMUNE_0000000009750100","NOM":"Joussé","NOM_M":"JOUSSE","INSEE_COM":"86119","STATUT":"Commune simple","POPULATION":309,"INSEE_CAN":"06","INSEE_ARR":"2","INSEE_DEP":"86","INSEE_REG":"75","SIREN_EPCI":"200070035"},"geometry":{"type":"MultiPolygon","coordinates":[[[[0.469038061429584,46.245152989164865],[0.468770384327269,46.24442627985535],[0.468468646674599,46.24398711358652],[0.467725370668626,46.24338045435795],[0.466320751691279,46.24196893533835],[0.467198720292079,46.241178536902765],[0.465429408716024,46.24001745589266],[0.465332715152114,46.24022702349857],[0.464705932834147,46.23985448074023],[0.464814396590819,46.23969923260683],[0.464714619868168,46.23935825377944],[0.464213450006337,46.23916148878819],[0.463904318368692,46.238883413103736],[0.46372135472047,46.238460394517034],[0.463790810210939,46.237324950146544],[0.464000949896117,46.23676834619378],[0.464598585381883,46.236367233367744],[0.465560045401424,46.235987738437395],[0.465905157183786,46.23554405382501],[0.466990250579318,46.2352700091329],[0.467298704862092,46.235029117711434],[0.467748668695365,46.23518148456993],[0.468155256735173,46.23520495012849],[0.470050812467159,46.235064233611496],[0.470330811008137,46.23498937586841],[0.470594151396641,46.23448800099611],[0.470112284825687,46.234267365148575],[0.470050138278119,46.23378578018069],[0.470191414304372,46.23362224780541],[0.470786695259419,46.23343907998902],[0.470902825366995,46.23314525186913],[0.47078256746276,46.23254435173541],[0.470587061335735,46.232251702529965],[0.470532632989704,46.23143423757484],[0.472403877487001,46.2313109630547],[0.472803984130299,46.23093965576832],[0.473556073139057,46.23124016041742],[0.474185803498305,46.230872146735805],[0.4775090457842,46.22946655063617],[0.478611288899773,46.22884411529523],[0.477455889307381,46.22785809302246],[0.477869860946282,46.227663661059374],[0.47886180816358,46.227434291073834],[0.47880309120372,46.2271023442975],[0.47945513359408,46.227122202121116],[0.479873673469831,46.22688461924339],[0.480003785247226,46.226567668416024],[0.479934895056095,46.22623099221995],[0.48016634578716,46.22596854117361],[0.480189772332068,46.225797881567026],[0.479822101737019,46.22549422654245],[0.479723016018195,46.22516498948385],[0.479950755813206,46.22467271689853],[0.480112058031508,46.223903284132994],[0.480462549879276,46.223310122320484],[0.480813751760271,46.22315303035329],[0.481288801376818,46.223068953607964],[0.48110174162008,46.22256388791834],[0.481488001969639,46.222349910351646],[0.481660136782948,46.22188072878127],[0.481496242459636,46.221690604742854],[0.481768015942938,46.22148219936281],[0.481583141792289,46.221324945635445],[0.480885300946369,46.22100407087195],[0.479244209453439,46.21974422851371],[0.478426508435699,46.21937743573431],[0.477621782008901,46.21881361838649],[0.476731867033193,46.21753525953532],[0.476042592714278,46.217931693463576],[0.475023964441511,46.21894065940803],[0.47478622013633,46.219029979286546],[0.473563954130628,46.21916229802815],[0.472750662430599,46.21810994336091],[0.470983119561512,46.217121052067206],[0.47044285138848,46.21690361976294],[0.466029858192643,46.21295021778373],[0.463176117458149,46.21199464684989],[0.46298218060653,46.21214708462763],[0.459766337714261,46.21122208656637],[0.460201812047194,46.210562409965604],[0.457074489705866,46.21061323670248],[0.452423524165093,46.21035866231405],[0.449822592850087,46.21086615336026],[0.450611928506963,46.211724442989606],[0.448981880391979,46.21250594786162],[0.445442642821557,46.21356709496],[0.442374434640077,46.21484955421782],[0.439069047369629,46.214177824329276],[0.434026904447814,46.2130145355383],[0.431898550063676,46.21279169866616],[0.431573056665255,46.213312308626584],[0.429389370806379,46.21299627705618],[0.429532661518205,46.2155303123564],[0.430807830234658,46.21786919027598],[0.432469105299767,46.21842476312704],[0.433018271620447,46.219197569842116],[0.430694996577678,46.222129978253356],[0.43149929900815,46.2219463320792],[0.432476674478556,46.22155936761126],[0.434373956942847,46.221374244962135],[0.435484504508993,46.221164144412256],[0.439565791640733,46.22235076879162],[0.441096178167567,46.22318436133191],[0.441148780356819,46.223447722734655],[0.44282071256003,46.22606115665666],[0.442786319345976,46.228410971860164],[0.443568687845485,46.22903219849587],[0.444650729639472,46.23015928032929],[0.445044640008589,46.23042580195086],[0.44705952881855,46.232681079543084],[0.449934272142498,46.23364921846423],[0.450203354719959,46.23383724263126],[0.450895549710391,46.234614059894895],[0.452242958106221,46.23509382097831],[0.452775503964368,46.23564721820481],[0.453456713880388,46.23618682282024],[0.453535704707169,46.23644265878632],[0.453683479933877,46.236559486343346],[0.45385987361533,46.2366192935253],[0.454420726591997,46.2365922039145],[0.454759620021213,46.236424102171355],[0.455171081654047,46.23706937754675],[0.454673740970791,46.23735015771483],[0.456003928709385,46.23884575599242],[0.457844717186958,46.2405320365861],[0.458709994580009,46.24080093127802],[0.459313194576683,46.24081350332952],[0.45976820829887,46.24099754700587],[0.460328947293204,46.241757851802895],[0.460692290904095,46.242575011993615],[0.462584890035914,46.24289653276342],[0.46316441220307,46.242804046135596],[0.46505436649949,46.24337953265731],[0.465841509263409,46.24399169182734],[0.467447627062134,46.245623927502635],[0.469038061429584,46.245152989164865]]]]}},{"type":"Feature","properties":{"fid":4133,"ID":"COMMUNE_0000000009750599","NOM":"Asnois","NOM_M":"ASNOIS","INSEE_COM":"86012","STATUT":"Commune simple","POPULATION":132,"INSEE_CAN":"06","INSEE_ARR":"2","INSEE_DEP":"86","INSEE_REG":"75","SIREN_EPCI":"200070035"},"geometry":{"type":"MultiPolygon","coordinates":[[[[0.373147072795842,46.102634917247336],[0.37301678019013,46.104843825494164],[0.373252723935049,46.109577668919776],[0.375031748066183,46.11298221439791],[0.376374520254871,46.116655047584274],[0.377254014003203,46.116659156166136],[0.379176103836252,46.116426051297054],[0.380676801942205,46.116552593848105],[0.382016887165243,46.11624384076037],[0.383647426547595,46.115712017292545],[0.384147506725338,46.11568480154545],[0.384596195622378,46.115757309456264],[0.386364687434517,46.117116183870785],[0.387060464537942,46.11790434464526],[0.389788682245245,46.11924560819848],[0.391671178328394,46.11998263670209],[0.392712199261972,46.12067868414387],[0.393599082910227,46.121619852497744],[0.394388456001906,46.121640677730525],[0.395312086047844,46.121480778651105],[0.395598833974173,46.121363023090645],[0.39586610043353,46.12110967318172],[0.396003264532593,46.12062178679365],[0.396536124819119,46.11990421752573],[0.397608598114338,46.11958283547418],[0.397957495953566,46.11938360924775],[0.398222764489458,46.119062635133574],[0.398819793884332,46.117673497010486],[0.399608647735639,46.11655544048473],[0.401736717522561,46.115690585713594],[0.403671173911867,46.114699632045934],[0.404166603928865,46.11471546900607],[0.404722788715044,46.115090380158755],[0.405395557256094,46.11530127321321],[0.406228315469126,46.115306792353365],[0.407231166251421,46.11494769263426],[0.40848774306371,46.11544309517644],[0.409480148553531,46.11544232475778],[0.410332567660631,46.115717653392785],[0.410887225586964,46.11549425238797],[0.411402247739487,46.11539698194191],[0.411752552926724,46.11544100969429],[0.41225656440755,46.11576964420935],[0.41268817104845,46.11590291687911],[0.413862678810803,46.11596932692958],[0.414732031932493,46.11572064237674],[0.41502138721864,46.11571101530554],[0.416884715187115,46.116033638954605],[0.4166162104168,46.116260879294124],[0.419266328655852,46.11787083430575],[0.420496680341341,46.11776996305698],[0.421853412497206,46.11779177805795],[0.422243448848837,46.1179006440959],[0.422412063155334,46.118062142718486],[0.423219856072978,46.11964906912382],[0.424212533027792,46.12052751872993],[0.424506337618701,46.12122432637585],[0.425679955417239,46.12205821490632],[0.426808635097755,46.121115266818],[0.430143435173427,46.12001235084829],[0.434555395235016,46.11653892841157],[0.436339942967002,46.115999028997344],[0.437135764511467,46.11560255832506],[0.444417372870178,46.11099255378439],[0.446756005467033,46.10967392959815],[0.448472857195954,46.108938617775934],[0.451009298664432,46.108126190946614],[0.452803043542488,46.10564738808617],[0.45282554748724,46.10524606608374],[0.452513171800577,46.10527869624219],[0.452248541454244,46.105454748834674],[0.450321258103227,46.105062792206176],[0.448314905387839,46.105118603033],[0.446744276402352,46.10374264698257],[0.446419925949889,46.103782198511745],[0.445596511733357,46.10327354376615],[0.444694747635194,46.103168550740044],[0.443355131497205,46.10167431461463],[0.442097636578959,46.10236674459306],[0.442240543297673,46.10196813693154],[0.43486402512232,46.096737303730755],[0.434959042032578,46.09639438234652],[0.43465699044802,46.09565236615186],[0.433377618987841,46.09531710403764],[0.432136734397107,46.09510072472468],[0.431606842437837,46.09372106429359],[0.431416182225638,46.093810448484646],[0.430432616638359,46.09396296435271],[0.429424738888177,46.09397076629225],[0.428425610501652,46.09373639741975],[0.42760003788734,46.09369515793535],[0.426833644730734,46.09330297620076],[0.425744450090998,46.09322240794453],[0.425134150286455,46.09298151473343],[0.424439200634493,46.09255760176026],[0.423608036253801,46.09224951898093],[0.423216539349107,46.09231360633212],[0.422989714044435,46.09251117245718],[0.422608732271654,46.09257189273491],[0.421640015170391,46.0925183477045],[0.420715644373492,46.09220992703527],[0.419864642309372,46.09224193207726],[0.419717626861147,46.09184306250058],[0.418545743642039,46.09049197643007],[0.419032126893007,46.090420153386916],[0.418195321358061,46.08880098807339],[0.417430812941524,46.088729528433575],[0.416222991920822,46.08665862156035],[0.414131397847914,46.08829037656565],[0.414111141663325,46.087042968482315],[0.413708002190886,46.08622740742215],[0.413369008395479,46.08512229296514],[0.413166423286602,46.08480503567168],[0.412873049067387,46.08454607259828],[0.412348223392993,46.08425299801055],[0.411733141529925,46.08403444428898],[0.411272105832838,46.083706780998895],[0.410164658648522,46.082287694695715],[0.409994937214394,46.08218020747137],[0.40960333596863,46.08202801030299],[0.408985821596332,46.08197156079091],[0.406693900752017,46.081921888016794],[0.406133100152856,46.08113062206624],[0.405421381550715,46.07909435546154],[0.40373977790685,46.07761161033509],[0.401944380591349,46.07878321495013],[0.401113707304376,46.079183139569125],[0.400179132676426,46.079890613461856],[0.399992753551937,46.08084678431441],[0.399559322696438,46.08075846324806],[0.397800913460868,46.082948960915814],[0.397760350352009,46.08312191934203],[0.39731833125066,46.08346045720958],[0.397166662434171,46.08379214144855],[0.397323272000884,46.08409395898831],[0.397222755590925,46.08430248182573],[0.395982032668123,46.085019116875635],[0.394288185045806,46.085242406124735],[0.391395864795734,46.08610844692605],[0.389896684820615,46.08716595250103],[0.388846891694651,46.088248199800624],[0.387744310516092,46.089159838038825],[0.385071291479724,46.09213096680311],[0.38420343460928,46.09333179342639],[0.381841581425801,46.095227945581364],[0.38125940767155,46.09581276372008],[0.38066595437349,46.09674239600354],[0.380007108507161,46.09746779395557],[0.378583064537356,46.09940896165249],[0.378162217453661,46.09967854361953],[0.376919753109708,46.10022916177694],[0.375349148157063,46.101357818585676],[0.374415044984441,46.10179661265095],[0.373147072795842,46.102634917247336]]]]}},{"type":"Feature","properties":{"fid":4201,"ID":"COMMUNE_0000000009750359","NOM":"Saint-Pierre-d'Exideuil","NOM_M":"SAINT-PIERRE-D'EXIDEUIL","INSEE_COM":"86237","STATUT":"Commune simple","POPULATION":728,"INSEE_CAN":"06","INSEE_ARR":"2","INSEE_DEP":"86","INSEE_REG":"75","SIREN_EPCI":"200070035"},"geometry":{"type":"MultiPolygon","coordinates":[[[[0.289798180951722,46.161522319722735],[0.290279091190008,46.15974076991374],[0.290234036923503,46.15915673736906],[0.290341845676829,46.158365513607706],[0.290636841494822,46.15772201660804],[0.289090467058233,46.15752924392027],[0.286353004881713,46.156619621650144],[0.283778534351908,46.155693105764136],[0.282812694422757,46.15527265422577],[0.281995298581695,46.154813398637984],[0.282664619591227,46.15417887766766],[0.284362013411668,46.152209301313434],[0.285124232649233,46.15257802059109],[0.285095907673037,46.15102849172977],[0.285133588584066,46.150633845100444],[0.285275509587881,46.15043811240675],[0.286431901444808,46.15056936574786],[0.286569714399636,46.150404168026604],[0.28782503680403,46.14966198117868],[0.288512121994416,46.14968829899983],[0.288733702333499,46.14958546700487],[0.288977670769673,46.14958047894632],[0.289211816723406,46.148462499157475],[0.288687584835258,46.14844638049905],[0.288115397615431,46.14866608202239],[0.285074305238784,46.148950225093635],[0.283774713136621,46.1488056208827],[0.282947889587876,46.14880025848135],[0.282248059558429,46.148926775140595],[0.281228193598664,46.14774184927937],[0.28073384333135,46.14777686625499],[0.28002536419318,46.14805183044906],[0.279301413002028,46.14748846966569],[0.27834271779862,46.14752856903123],[0.278099472963929,46.147101060806115],[0.278097554687963,46.14646038811203],[0.277758367781785,46.14619006024148],[0.277597509236438,46.14561765894685],[0.277298687724792,46.14552669965792],[0.277759180861064,46.14510254581475],[0.279092008047732,46.144444306221416],[0.279414574315514,46.1443439121223],[0.280393301256563,46.14423851024793],[0.281067009485381,46.144245633],[0.282422459638969,46.14480427516511],[0.282995857660482,46.144847729575346],[0.283398044796873,46.144971781260516],[0.283847678175356,46.14494919906744],[0.285781476958229,46.145111668055684],[0.285890368935542,46.14414207102026],[0.286231345101811,46.14332849080571],[0.286565509369817,46.14270486200384],[0.287282897906113,46.14211651768276],[0.286573533794126,46.14086517284502],[0.288659096895787,46.14044556076226],[0.288399960010112,46.140286199588715],[0.287105794459649,46.13880374512917],[0.286359739305584,46.13816421407039],[0.285285138884834,46.13745915759001],[0.283503453400121,46.13611456999666],[0.282656558570064,46.13560234692165],[0.282646327612209,46.13549488056909],[0.282970087011995,46.135421536913995],[0.285864949205709,46.134069867730354],[0.285444247472116,46.13311644189842],[0.284812338502025,46.13064334797444],[0.282302159446593,46.13064185190393],[0.277637011895942,46.13013993567488],[0.277208173765516,46.12958903731894],[0.274925421390709,46.13012353471772],[0.274015465483464,46.13002329946119],[0.270213297501803,46.13114111528506],[0.270061784169208,46.13098249555761],[0.268944538783511,46.13140163250805],[0.268353483978635,46.13135137146303],[0.267784306195013,46.132449542196376],[0.268216411220322,46.13280323152531],[0.266503111378754,46.13410362325111],[0.264478673479447,46.13439004654298],[0.263014611063062,46.13448450998243],[0.262973302707927,46.13487095651425],[0.260822138030555,46.13556603117397],[0.260655522137538,46.13591791800222],[0.25993723774632,46.13657185284323],[0.259629039972771,46.13698159150729],[0.259227700430131,46.13769903546412],[0.258378722467743,46.138814738173075],[0.257363712994726,46.13962097563001],[0.258174760555695,46.140510057452595],[0.258231186405625,46.140885347521035],[0.258371625659745,46.14103200232541],[0.257564595854301,46.14177388451603],[0.256904265437971,46.142121950866205],[0.25560944395396,46.142456482586645],[0.254826052695744,46.1428024641019],[0.253513254960104,46.14323655258109],[0.252098327297388,46.14358706204178],[0.251223778216502,46.14365599861747],[0.250404416405194,46.1437100462339],[0.250115565359982,46.143524647017315],[0.248897738360803,46.14358885630437],[0.247549070547438,46.143780531184746],[0.246998157924515,46.143677072730725],[0.246621550086276,46.143484130515894],[0.246459969400852,46.1432684692972],[0.246713457758702,46.14304755509647],[0.24654761773171,46.142710150997935],[0.246543870816968,46.141390044074484],[0.245949803028726,46.1405457835462],[0.246042553233873,46.14019572839158],[0.246697795452118,46.139459254599466],[0.243059557150508,46.139662909892905],[0.24296814058411,46.14096629192293],[0.243018313978626,46.142366819508695],[0.242367121874278,46.14278891061466],[0.24047190654742,46.143306017221356],[0.240291763804919,46.14343409177548],[0.241465571648468,46.145844053159735],[0.241487135955964,46.146111283843915],[0.241773705492627,46.14621285353442],[0.240089069907611,46.14671614939818],[0.241575251790719,46.15008249004818],[0.241852491538578,46.150885739631576],[0.241993967818668,46.151733446333544],[0.240596910053743,46.15177429680115],[0.239072676587532,46.15194629308784],[0.238884325162371,46.152082275890244],[0.237312755286802,46.15242159215715],[0.236247838756681,46.152766009263324],[0.229945167987543,46.15423703666372],[0.228689583404252,46.15463259897274],[0.228552427728731,46.154755398003026],[0.226588391198476,46.15475070520338],[0.228374263868167,46.15779386682807],[0.226089945625411,46.158428300356924],[0.226915738841594,46.15963693868567],[0.227907490913998,46.16151368767421],[0.228679656171301,46.16137304500459],[0.229657735391977,46.1614942159537],[0.229191256535334,46.16474730801262],[0.229465423518156,46.16732916813996],[0.229705674460198,46.167784646131864],[0.230050120047273,46.16815436216499],[0.231597621862253,46.16902103969992],[0.230186336518893,46.17046434520926],[0.229415332720388,46.16996348888272],[0.229275708270965,46.17010875534952],[0.229256248084534,46.17044256661636],[0.228706823437376,46.17120315924551],[0.228240617792307,46.171651316754776],[0.227955906069496,46.17228050491038],[0.226343538334939,46.17374679274158],[0.226187267255691,46.174092581581334],[0.225946102768514,46.17670602000333],[0.225621663480329,46.17724773348439],[0.223800223243973,46.178817009733166],[0.221496138029639,46.180258223872535],[0.219827164284231,46.18096526694779],[0.217723379822787,46.181650828477544],[0.216641994336424,46.18228030585418],[0.218519416306399,46.18362828441626],[0.219548692816663,46.1841030940198],[0.220744761555499,46.18433328548239],[0.222118714384233,46.18438129693559],[0.223257773806634,46.184226224224204],[0.225567123879109,46.18370866714448],[0.227164173910728,46.18324396656501],[0.229215206782087,46.1828308614866],[0.234384314691092,46.182244964256824],[0.238691284034682,46.181157635649186],[0.240507979617711,46.18078368770172],[0.242619507915651,46.18047903755713],[0.243981407300258,46.17988766138529],[0.244357648261933,46.17983461501791],[0.24574561269556,46.179679049534926],[0.246360801033191,46.18034360402043],[0.24664246681318,46.18090816849746],[0.254292644951899,46.18013999034716],[0.256312107906649,46.17978060395745],[0.255571455870107,46.178018325515886],[0.258092135857416,46.17868377012491],[0.259959103548062,46.178830622307714],[0.261524230262444,46.178788162087805],[0.26441829969443,46.178289326686134],[0.265979327915519,46.17851070721795],[0.267896008960616,46.17831082950128],[0.26808148586926,46.17859730962367],[0.271127449397669,46.1785632807142],[0.273250473675867,46.17823041211931],[0.275116403479982,46.17821570702802],[0.275050657995236,46.17797265662748],[0.275119112196388,46.177717507165355],[0.27599244034862,46.17635177586709],[0.275695048085797,46.17560220420725],[0.2755633005495,46.17399883118629],[0.274749471758802,46.1723151261443],[0.274880027081448,46.1710451137792],[0.276418547957212,46.17020170893897],[0.278631439669804,46.16933119125343],[0.28027290502943,46.17226727773722],[0.28561840659646,46.17117603692679],[0.28602970805458,46.16928561677553],[0.287185523766097,46.16699850867042],[0.287955909540191,46.1642958309405],[0.289798180951722,46.161522319722735]]]]}}]}