{"type":"FeatureCollection","features":[{"type":"Feature","properties":{"fid":740,"ID":"COMMUNE_0000000009754553","NOM":"Saint-Astier","NOM_M":"SAINT-ASTIER","INSEE_COM":"24372","STATUT":"Commune simple","POPULATION":5309,"INSEE_CAN":"17","INSEE_ARR":"3","INSEE_DEP":"24","INSEE_REG":"75","SIREN_EPCI":"200040095"},"geometry":{"type":"MultiPolygon","coordinates":[[[[0.462428578561376,45.155644940351614],[0.462337914829693,45.155987012618446],[0.462559109547589,45.156779409229415],[0.462462990431957,45.156877220257265],[0.463018949980355,45.157588042922406],[0.463067224206605,45.15820714152173],[0.463479299101161,45.15841380277649],[0.463544971650101,45.15853781495775],[0.463527577544163,45.159257219380244],[0.463691931626577,45.159367259137646],[0.463846886457891,45.15968428645292],[0.464396506227237,45.15983461278021],[0.464626578681905,45.160264153778364],[0.464719979904545,45.16073112814531],[0.465065547354801,45.16105698918124],[0.465224237080183,45.16151643766491],[0.465367413751918,45.161560229732096],[0.465433100053476,45.16171216817643],[0.465249333256964,45.16183321524338],[0.465264090140173,45.16195697049212],[0.465549827454542,45.162030126285245],[0.465704093918032,45.162306595760334],[0.465970152115667,45.16244867087574],[0.466201764989517,45.1625079834193],[0.466833746511527,45.162359274995836],[0.467367652696545,45.162547966886365],[0.469084637612949,45.162285134113056],[0.469636299026616,45.16182919168402],[0.47132276120637,45.16221155949251],[0.474576323841284,45.16226633058356],[0.475367192629544,45.16186982724689],[0.476282597449456,45.160886965454374],[0.477393328881797,45.16000490680289],[0.477774646235184,45.15990722491771],[0.478498634084546,45.159919085042084],[0.479507698924358,45.16024457777412],[0.480335460155307,45.15990382735677],[0.480615720672879,45.16187675572683],[0.481271283568205,45.16312394700417],[0.48151456577656,45.164082559383765],[0.481749899506721,45.16431398938804],[0.482811185992557,45.1648108933907],[0.483639603952948,45.16553045568247],[0.485443757592118,45.166697214528334],[0.485827040881977,45.16703737112238],[0.486053385970954,45.16735597333893],[0.486271922806045,45.167932948707026],[0.487882986269747,45.16948809492593],[0.490404316551723,45.17280957475915],[0.49387274875957,45.17359560133723],[0.496804269445515,45.174598296652135],[0.50098361993968,45.17470096974941],[0.506086811146225,45.174423250288974],[0.508054147554934,45.17471853744341],[0.510876131516805,45.17538509161167],[0.511492627221617,45.175555589905855],[0.512577736393607,45.1760428231753],[0.514967363261586,45.17612398423335],[0.515518947399727,45.17666597082543],[0.516602589304023,45.17572706929819],[0.517521798347191,45.17542050766751],[0.518395454015378,45.17502103813196],[0.518844258287858,45.17469499647001],[0.519986318138858,45.17433121031906],[0.521330839235254,45.17411154276956],[0.523144618462197,45.1741085713797],[0.52505332205277,45.17374553127271],[0.52945150566361,45.17330517264839],[0.531904899456739,45.17326667033688],[0.533711298278867,45.17366064109464],[0.534223467062079,45.173656644053096],[0.534758495548613,45.173538741276886],[0.536553884830672,45.17285500256704],[0.538502215813718,45.172456576172536],[0.539800072642357,45.17167442936427],[0.540188731084192,45.17201631175262],[0.541121486296831,45.17240981982701],[0.542473800763984,45.17273328501477],[0.543261352175067,45.17321456287989],[0.545013302955459,45.17354499177948],[0.544965713533198,45.1737583470993],[0.546127892307599,45.17472889816613],[0.54610873485756,45.1752806976739],[0.546292168790148,45.17565678165639],[0.547375061721159,45.176549003422544],[0.547994296546057,45.17683376548532],[0.550395495303733,45.17534604387155],[0.552567893405845,45.17419377665891],[0.553275011978497,45.17383903362355],[0.553886947002187,45.17373804047633],[0.554154261853117,45.17362498757778],[0.554407879584362,45.17335939089605],[0.555378097722843,45.17316174247547],[0.555464916130049,45.17301140129265],[0.555673612111526,45.17298624460012],[0.555796697619161,45.172851111065064],[0.558775680255597,45.171392988191826],[0.559165441602008,45.17086731322891],[0.559707427925535,45.17041343015618],[0.559899066873576,45.17007890346945],[0.562106212210608,45.16823807607487],[0.562287166947544,45.168118613830394],[0.562273475050451,45.16793634457243],[0.563545230728754,45.16645791215964],[0.563692258548459,45.16618186151286],[0.556997922792297,45.16455000840219],[0.555888647749062,45.16408790612541],[0.554635218321656,45.163254188087905],[0.552635516427065,45.16111588143146],[0.552295887850878,45.15988778726515],[0.551947386029657,45.15918198696669],[0.552857241501309,45.15858396806212],[0.553187744860119,45.158625448761626],[0.553707271243639,45.15792697654504],[0.55370630603171,45.15757112230792],[0.553178048064204,45.15707398371402],[0.554337509790584,45.15644449349621],[0.555315744431912,45.155649770121705],[0.556045349476491,45.15471716886999],[0.556451577634432,45.15395855018264],[0.556493326188532,45.15265504638888],[0.556189872292499,45.152199780403144],[0.556075276240741,45.15179279229202],[0.556107010429175,45.15144576284097],[0.556575117270358,45.150639855016685],[0.558161681237721,45.151564624945934],[0.559007444506317,45.15193356123594],[0.55946047868865,45.15144260617276],[0.559568006253181,45.15113777214739],[0.5605362673377,45.15077158897857],[0.560771468475649,45.14970022926978],[0.56054881050521,45.14870623916272],[0.560807333350868,45.14812094213562],[0.561230383136009,45.147528431786164],[0.561678622918884,45.1474085099486],[0.562564375949854,45.14741435536809],[0.562785575486891,45.14724622768775],[0.562592087551964,45.1462249541762],[0.562936499084899,45.146237884431564],[0.56275775049476,45.145958322695606],[0.562922124788365,45.14566283606801],[0.563216238731903,45.1453404559705],[0.563526112033114,45.145211198569264],[0.563658647532626,45.14506185201371],[0.564149364201722,45.14504734571304],[0.564711405717597,45.144097524464854],[0.565867212569356,45.14272465573802],[0.565656287458256,45.142540786183474],[0.566808285030402,45.14113719789128],[0.56625515474645,45.14071524982973],[0.565787814341151,45.14054470263297],[0.563451753562313,45.139182077341985],[0.562265715143965,45.13871024680832],[0.561138800852172,45.13842977267393],[0.560454970383024,45.138175194603164],[0.560343773752019,45.1379817849221],[0.560784049428575,45.13757612920898],[0.559488421487404,45.13681720680689],[0.554267956581606,45.13483090523058],[0.55268508215459,45.13485113245136],[0.552021886637258,45.134272651934396],[0.551246453269419,45.13306111558767],[0.551400125149039,45.13228436348561],[0.552669682707603,45.13261671508329],[0.552594809710664,45.131420560572494],[0.552463527511164,45.13104743488722],[0.552732716145038,45.12891115073734],[0.552943926205772,45.128592385208016],[0.553100855246524,45.12791479593988],[0.552977284707534,45.127540038614065],[0.553443049695051,45.12628998806238],[0.553823938499742,45.12558308035383],[0.554659495960354,45.12457625619108],[0.555201659477096,45.123701722714415],[0.556308606940495,45.12259814294665],[0.556247866960513,45.12221215527728],[0.557506396672997,45.121394749244644],[0.556456716658459,45.12043308029893],[0.556006033292305,45.120584451531165],[0.555269953160235,45.11978458805331],[0.555365334696104,45.11879666245553],[0.555203931282824,45.11765807222448],[0.555250363390547,45.11694562988002],[0.55444206152996,45.1170125807019],[0.553905303130664,45.11689270522084],[0.553353495019963,45.116448196417686],[0.553000404166576,45.11585310299691],[0.552686405798998,45.11331937045098],[0.551700963812889,45.11313288030994],[0.551440778174245,45.11279926220061],[0.55147121397461,45.11210448664882],[0.550458630896945,45.11230564857583],[0.550419593364851,45.11206426796603],[0.548737752245757,45.11209306026217],[0.547478968509864,45.11268605001246],[0.546666434007495,45.112937521529275],[0.545065458464311,45.11309415576699],[0.544724263800103,45.11168043576316],[0.543229290789767,45.11142319085669],[0.542215555614989,45.11000094431339],[0.54196836074143,45.10948922349228],[0.541056327558692,45.109515952619695],[0.540834017776378,45.108496705813955],[0.540382029877262,45.10827413601823],[0.539948103274195,45.10827717226709],[0.539817155724497,45.10922917012727],[0.538798755593863,45.11193172553815],[0.538428431490549,45.11239648932928],[0.537799360325442,45.11266996469739],[0.536155922898752,45.11309668633093],[0.536066875343852,45.11390457335828],[0.535659791172382,45.11474056357008],[0.535500633578341,45.11569553961067],[0.53573474142121,45.11826360674082],[0.535689837338409,45.11965711653736],[0.534690846666086,45.12144932736717],[0.533965965653125,45.12224765878856],[0.532721648876084,45.12339753304371],[0.531423819049243,45.12423091475028],[0.530965278870086,45.12467298583707],[0.530753070675007,45.125299778566436],[0.530296505155947,45.12569684882359],[0.530159947175136,45.1259649784168],[0.530137781628986,45.1266392202617],[0.52986414452308,45.127129524549076],[0.529423679140526,45.12765126519586],[0.528953573369218,45.12757688855798],[0.528351515830837,45.12720590949298],[0.52811321525759,45.12686821505872],[0.527370194887967,45.12631844055218],[0.52679380274694,45.12545435821041],[0.526269840069944,45.125131042576314],[0.525663555091755,45.12491399914863],[0.522344350920243,45.1242078994204],[0.516808859048558,45.12263619374183],[0.515666193460146,45.122407147580155],[0.513828407144543,45.1222436683737],[0.505898648194754,45.12226835947142],[0.505229708404888,45.122288527132376],[0.505165414485825,45.12295912489222],[0.505725851678656,45.12354550684405],[0.506218072360448,45.124662764270745],[0.505695022569792,45.124920420013886],[0.504917180619392,45.12552640780271],[0.503487889269798,45.12698442911127],[0.503205151786185,45.12718889857638],[0.502895254640203,45.127289160858425],[0.502807326201695,45.12788986371915],[0.502519949928653,45.12842574248637],[0.501987272623021,45.12875523506086],[0.501771813921848,45.128763921054215],[0.500530908647039,45.12922167484114],[0.500271823306007,45.12963656714389],[0.499911950857597,45.129829390402875],[0.499452126115615,45.1302650043209],[0.498510546063655,45.130460092235495],[0.498356704685546,45.13091157404099],[0.498036488109738,45.13132689218599],[0.497934688564953,45.13209394056405],[0.497405546851323,45.132513578064675],[0.497050663698302,45.13256597095935],[0.495913347937305,45.13366290860824],[0.495413450530859,45.1336850144617],[0.49360937087588,45.132110318943674],[0.493306136273872,45.131720637959106],[0.4924041904592,45.13176882535297],[0.491450207431592,45.13201222240787],[0.491246481656735,45.1319860187835],[0.489740857648919,45.13252508434721],[0.489990214854339,45.13309373507377],[0.48936405432811,45.133008471926175],[0.487603470891741,45.13494260987222],[0.485753158071193,45.13603960078265],[0.480974828590869,45.13627230034351],[0.480246042885355,45.135272993089345],[0.477766154068391,45.13618716693739],[0.476819915825267,45.136650428818456],[0.476767708523071,45.136763657680916],[0.475794928234771,45.137053344401664],[0.475243066457693,45.137182288655445],[0.473078108551577,45.13740531875574],[0.473300517031373,45.13851031751387],[0.473692359535268,45.13933087614489],[0.47348234305424,45.1398936657631],[0.473243090633292,45.140145894078024],[0.473150054645177,45.140598724893614],[0.473237018661352,45.142137577050846],[0.474099067901723,45.14376425260377],[0.47529710294278,45.144661615770175],[0.475985427515482,45.14554292834226],[0.476125948231959,45.145898347599676],[0.475981886271561,45.14818509653182],[0.47646052345917,45.14931300340145],[0.476529927985891,45.15059470876071],[0.473662225751696,45.15108743930048],[0.47240359728645,45.15138594434018],[0.469631507706544,45.15308250319507],[0.468140069274292,45.153572071255255],[0.467277741566357,45.15408581410962],[0.466771831104656,45.15448872922329],[0.464511075130462,45.15498330054948],[0.462428578561376,45.155644940351614]]]]}},{"type":"Feature","properties":{"fid":1178,"ID":"COMMUNE_0000000009754556","NOM":"Saint-Jean-d'Ataux","NOM_M":"SAINT-JEAN-D'ATAUX","INSEE_COM":"24424","STATUT":"Commune simple","POPULATION":132,"INSEE_CAN":"24","INSEE_ARR":"3","INSEE_DEP":"24","INSEE_REG":"75","SIREN_EPCI":"200040095"},"geometry":{"type":"MultiPolygon","coordinates":[[[[0.396104920902675,45.15165264221953],[0.396752925557758,45.1515443431424],[0.396905370764967,45.15171546784221],[0.397248252838387,45.15181626114482],[0.39747846206914,45.15201262275962],[0.398047351065062,45.151962830544505],[0.398639470623257,45.15215231530853],[0.399206139048069,45.15215021300763],[0.399911818181051,45.15230720336803],[0.400355301026644,45.15224366554914],[0.401217501934063,45.15240249322843],[0.401900586253598,45.15268957457638],[0.403409456801955,45.152823804621775],[0.406144738545331,45.152567620529716],[0.40721333189763,45.1522303023461],[0.408459591751542,45.152207009703694],[0.410167654610295,45.15191694993122],[0.410889832075784,45.152103081847706],[0.411927112828412,45.15266048095297],[0.412635334855814,45.15270844077507],[0.413193069783807,45.15298173347945],[0.414387600221305,45.15308600243905],[0.415246784895678,45.15353113448091],[0.415624580653542,45.15279575017099],[0.416574072815006,45.15274747328627],[0.417209564173769,45.15222075247715],[0.418355128872784,45.15065719693453],[0.418873053087203,45.150111530848534],[0.419423421460868,45.14982787142343],[0.42155418810848,45.1483483348595],[0.423024418176084,45.14752466427011],[0.426619492409596,45.145232923903016],[0.426887702251293,45.14513100514093],[0.424885613927541,45.14459832198442],[0.42344737173513,45.144344390347875],[0.420885001407618,45.144643723481785],[0.419033169196381,45.145296374840534],[0.418181052988086,45.1454991739716],[0.41636614597396,45.14537967312525],[0.41494097994273,45.1448709821027],[0.415511789964712,45.14296170944108],[0.413228581580923,45.14281328532514],[0.412793420243737,45.14272661626405],[0.412104857650862,45.14288901851413],[0.411399222087222,45.14267805114505],[0.411045075408287,45.14238154581424],[0.411036317251576,45.14133450627423],[0.410823412698624,45.14081965928439],[0.410946678805623,45.1403846875286],[0.411511980762834,45.13991493125508],[0.411704464270918,45.139606789238385],[0.411731502323691,45.13910562044255],[0.412446338557014,45.138017715818094],[0.413098157066104,45.13798779251167],[0.413450092929893,45.13808424253624],[0.414847792748458,45.13788962558693],[0.415313271867361,45.13767789472326],[0.416093486591203,45.13767885722045],[0.417353911493275,45.13750715451483],[0.417948486622576,45.137503804975346],[0.41805718055628,45.13628111363247],[0.417851163716741,45.13589166461392],[0.418001147707306,45.135455503941],[0.417801533865271,45.13487251220492],[0.417441141537803,45.13449119929846],[0.417648406233694,45.133696911614535],[0.417919452589476,45.1335878741778],[0.418204832504236,45.1330584536093],[0.419004900089535,45.13116799478728],[0.419445445524763,45.13050252580218],[0.420024750517505,45.13019431410482],[0.421173439914437,45.12981999093299],[0.422582928880178,45.12917150957575],[0.423357148117862,45.128968685555535],[0.423014732673277,45.12885987370037],[0.42363303891244,45.12756697836025],[0.423930084516506,45.12653422142158],[0.424231047712217,45.12621685611982],[0.422274596744742,45.12446176612064],[0.421357185705956,45.12341174335791],[0.420574001732666,45.12218374024812],[0.420211754919087,45.12137537410359],[0.418074911711409,45.12204391534747],[0.416751414600803,45.12207361799632],[0.415401139475599,45.12348013894789],[0.413579558158321,45.12492256002524],[0.412968596748511,45.12525522777743],[0.412502048907256,45.1258768251495],[0.412201293176211,45.12654551141126],[0.411617353482372,45.12728329849466],[0.411339530412609,45.12748405333568],[0.409279081944237,45.12773259218928],[0.408928260427927,45.12725687899846],[0.408617314982507,45.127073979547454],[0.408776108165102,45.126860555481336],[0.408580931430542,45.12667854439374],[0.408770499698405,45.126542411204696],[0.408591808341689,45.12636168411868],[0.408646583772265,45.12622331928581],[0.408022067924502,45.12547547955961],[0.407993528714992,45.12532256582419],[0.407648376890756,45.125164093151575],[0.407638641891615,45.12493504090294],[0.40750852940866,45.124832016995256],[0.407094417306061,45.12476112715962],[0.406865093301731,45.12462966947377],[0.406576230375313,45.124739165792796],[0.406176264599239,45.12471995226663],[0.405738670257981,45.124825986409185],[0.405475086518255,45.1247198544808],[0.405006679093635,45.12474949398752],[0.404981073893823,45.124533585271365],[0.404849152746816,45.12444222761527],[0.403354576946335,45.12398941774147],[0.402445716904653,45.12380338473427],[0.402270816851049,45.12367859053809],[0.402200481090251,45.1234670441558],[0.40201231374306,45.123545541812604],[0.401534963338563,45.12341189682695],[0.401059125599622,45.12354675068458],[0.400544499305792,45.12350322257949],[0.398928803177998,45.122263752013666],[0.398302930180561,45.12206806979198],[0.398015222886871,45.122125319161064],[0.397668862050022,45.1219118319544],[0.39716591769003,45.12180910161391],[0.395911961569681,45.12064649731856],[0.395365727322379,45.120626530474716],[0.395143885097063,45.12036279128586],[0.395423854693386,45.119816183876004],[0.395070709974391,45.119721447542574],[0.394531033032686,45.11975207962535],[0.393647368135939,45.12036475331893],[0.393251871334575,45.12079604402692],[0.392810034232454,45.12077490193756],[0.392593249685961,45.12062118474959],[0.392283563905596,45.12019502598963],[0.392033897527316,45.119818918583164],[0.392245480220351,45.119702247046845],[0.392337213111949,45.11920890099453],[0.391716528227316,45.11871240335676],[0.391470276272849,45.11837241022389],[0.391492194712394,45.11809364592614],[0.391365298599704,45.11786815596732],[0.391269193798829,45.11782806963212],[0.391227892028081,45.11794962475857],[0.391080799477633,45.117966002351764],[0.390766508296984,45.11782981918263],[0.39046500248604,45.1176651057487],[0.390253405282325,45.11740069511948],[0.389928562770444,45.11724534370651],[0.389881625137716,45.11680641014432],[0.389455777519713,45.1167432863362],[0.389128557429181,45.116557246388304],[0.388654479754774,45.11643713445383],[0.388609242036206,45.116343282653126],[0.387673857990918,45.1158844339822],[0.388266050611947,45.11565506760683],[0.388223519670427,45.115421640384724],[0.388494819667575,45.11527934850878],[0.388227528793523,45.1147640813028],[0.387871913799928,45.114750343897086],[0.387624107492208,45.114580574308704],[0.387544794688448,45.113800342751816],[0.387040790206809,45.113803845540744],[0.387065967068379,45.11397290297789],[0.386776348067743,45.11431656229728],[0.386158172366537,45.114475942346054],[0.38588460764997,45.11442178027797],[0.385774244530713,45.11455072297875],[0.385765384742382,45.11509375513952],[0.384883985899628,45.11541272030108],[0.384700407541368,45.11552913380915],[0.384556224332462,45.11578250659466],[0.384355122767348,45.11581112155121],[0.384266325345775,45.11596849671915],[0.383854331648587,45.11601738744704],[0.383354267821765,45.11561015770789],[0.382772136111375,45.11548838493866],[0.382106503893641,45.11589978105698],[0.381758569862052,45.1159663845053],[0.380583890703333,45.115945096173114],[0.379813462282667,45.1163387015184],[0.379302935102016,45.117159131315795],[0.378971785689732,45.117328823345694],[0.378458260828645,45.11734467686349],[0.378446488024759,45.11762277774204],[0.378323995948383,45.117819896824564],[0.377893637184584,45.11812418946225],[0.377655491158141,45.118670839326434],[0.37733453694075,45.11911103654462],[0.377617102291044,45.11946182694215],[0.37834553759646,45.11993751628881],[0.378813404629997,45.1203530208979],[0.379584815205582,45.120781063546794],[0.379598327032694,45.120981380713566],[0.379392830604639,45.12118465840747],[0.379325073945081,45.121598380337346],[0.379113400082475,45.12163484602504],[0.378280971892263,45.12147653620904],[0.377259955965381,45.122137206610375],[0.376359871651445,45.122064678291956],[0.376101567936607,45.12195589695588],[0.375552252446333,45.12208260752613],[0.374364788971981,45.123034830126684],[0.373853306646217,45.123276838166724],[0.373578938891044,45.12361812355248],[0.373181375967598,45.1237375867883],[0.372420679531878,45.12375840122794],[0.371845917770147,45.123938548692735],[0.370721249737152,45.12412194323215],[0.369832538184016,45.123942423433256],[0.369179292384592,45.123924308963744],[0.367853977571065,45.124503842660005],[0.366487852998897,45.12554366082114],[0.365426047070338,45.126605969996405],[0.364805841798818,45.12691203652652],[0.363529637788184,45.1271764644337],[0.362524089528195,45.12798872554168],[0.362244907532211,45.12848392689209],[0.362168456136523,45.12889022939301],[0.361926860373597,45.1289935236634],[0.36167781908203,45.130305659541136],[0.361324769450496,45.130693705329314],[0.363180808169323,45.13303132067452],[0.365488263027908,45.136164258468995],[0.366504042097918,45.13837745561511],[0.367911202663579,45.14012059714377],[0.370618701535293,45.14168987691703],[0.372027147181333,45.14216541750131],[0.374994653981916,45.14300106914828],[0.37596010087939,45.14312558943494],[0.379856881688587,45.14309557756642],[0.379950394727384,45.14335453188535],[0.381534123279687,45.14335208391304],[0.384177728348753,45.1438231249566],[0.385263795001214,45.14392787018477],[0.390920142495006,45.14484681316467],[0.392527836598365,45.14558620900246],[0.394169927650601,45.14646242015703],[0.394895280288213,45.14635954388656],[0.395566474280226,45.146380623298754],[0.396001868062346,45.14624394220948],[0.396241051103487,45.14638375966268],[0.396280075739812,45.14661169699484],[0.39663773765719,45.14674977463986],[0.396745457921176,45.147279314211644],[0.396649268494471,45.14734914112195],[0.396786708081745,45.14745955568124],[0.39676437314222,45.1476383131957],[0.396315034605559,45.14788277984442],[0.396179932361614,45.14813187781814],[0.396302154246012,45.1482410368424],[0.396538149046725,45.14825825687898],[0.396627585581022,45.14841529883889],[0.396100932000749,45.14859760012826],[0.39614462984136,45.14867069209441],[0.396506108323218,45.14869985027713],[0.396599404361824,45.14877409966421],[0.396647847713454,45.14918243648971],[0.396887223619479,45.14950964375266],[0.39675602065313,45.14967504995669],[0.396416369283109,45.149477934089504],[0.396305908186146,45.14949877918659],[0.396250741524625,45.14972631983922],[0.396602438555569,45.15002011351507],[0.396409729407198,45.15011201197407],[0.396439149241645,45.150628012903134],[0.396327917505726,45.15063802930398],[0.39617502872662,45.1505038302614],[0.395925831681859,45.15090612055321],[0.3964727797036,45.1509990673765],[0.396628438967254,45.15107387129214],[0.396641755804047,45.15117057828792],[0.3962382567756,45.15141431348692],[0.396104920902675,45.15165264221953]]]]}},{"type":"Feature","properties":{"fid":1287,"ID":"COMMUNE_0000000009754969","NOM":"Sourzac","NOM_M":"SOURZAC","INSEE_COM":"24543","STATUT":"Commune simple","POPULATION":1127,"INSEE_CAN":"24","INSEE_ARR":"3","INSEE_DEP":"24","INSEE_REG":"75","SIREN_EPCI":"200040095"},"geometry":{"type":"MultiPolygon","coordinates":[[[[0.450346950476654,45.055236979731454],[0.452188477893268,45.05448547081791],[0.455610903858538,45.052673723545176],[0.455276384032645,45.05245618051632],[0.455335699018719,45.05151524155556],[0.455865404683191,45.05084990209708],[0.456516489633162,45.05036570218725],[0.45756762703248,45.04991495655583],[0.458641410558945,45.04918905720928],[0.461192957944867,45.048690534282464],[0.46113711142667,45.04846494879875],[0.461340098341585,45.048108335175556],[0.463263345552934,45.045657710052446],[0.46514269342826,45.04361143995518],[0.464608784640729,45.042382235802066],[0.462930151844209,45.03949731297738],[0.462350406025733,45.038888638775745],[0.461080586906396,45.03811558613886],[0.460522333431958,45.037874037837256],[0.46016078284835,45.03769372785982],[0.459282721408716,45.036940400695855],[0.459084079878224,45.03664219005536],[0.458361655447742,45.036211308225816],[0.456251441449718,45.03587303728212],[0.454486395010714,45.0358236844028],[0.453285735295711,45.035684518787775],[0.449055121774111,45.03445348365499],[0.448470550527661,45.03420586496678],[0.449138146058487,45.03550307843411],[0.449771419892751,45.036243674886705],[0.449319858618553,45.03689635803242],[0.449137321162838,45.03758403142097],[0.448585496522302,45.03795515011087],[0.447903021948743,45.037847620238644],[0.447180038717107,45.038600374398435],[0.445588925489869,45.04052864515493],[0.44518674307203,45.04118334795412],[0.444408780256502,45.04336088141031],[0.44401101741766,45.043361660323775],[0.443711105112337,45.04366827334004],[0.444159099341092,45.043986651120186],[0.44313280161212,45.04475584264965],[0.44193508142735,45.04407611068139],[0.441700758887829,45.043781551446976],[0.440120197493215,45.04286058043336],[0.439547969075463,45.04267535849033],[0.438600457094789,45.042832835607854],[0.437725534677892,45.04243164082235],[0.437483320541906,45.042199049854794],[0.437403112327008,45.041897217640845],[0.437143559894551,45.04173809727784],[0.435659179594251,45.04135528590779],[0.435224190917995,45.04092096124756],[0.435274312647491,45.040659064805425],[0.435184161199186,45.040380424090344],[0.433010270277332,45.03846554211698],[0.432667781562567,45.0382315288193],[0.431439639628908,45.03791582596628],[0.431116484667802,45.037482262723344],[0.431599571889206,45.03675650509126],[0.43145143348366,45.03646841551719],[0.431147824141218,45.03621817792173],[0.430108300361553,45.03564195858174],[0.429906872516055,45.035629200783944],[0.429346388320043,45.03532888526695],[0.42892274909538,45.03536864933003],[0.427936328984378,45.03504767822732],[0.428091018368305,45.03475036452909],[0.427298792332404,45.034350994572215],[0.42680246408756,45.03478364783722],[0.426472990825251,45.03448865686404],[0.425913268982261,45.033619897429645],[0.425993845473877,45.03327673064047],[0.424482853916064,45.03135267541577],[0.424408884255309,45.031027554689246],[0.423909166657728,45.03045745709808],[0.42360920752979,45.02963253267174],[0.423067573841435,45.02886957736999],[0.42161788958734,45.02628116322781],[0.421432675917886,45.02611021330186],[0.420932504679497,45.02588241823621],[0.420649635659037,45.025901087641266],[0.421059415129769,45.02649163861045],[0.420197560273411,45.026779761208196],[0.419061696939724,45.02703179571019],[0.418220823191034,45.02796630869785],[0.4174305873609,45.02835336524434],[0.416753044087527,45.02960155509208],[0.415890032156665,45.030711207745775],[0.415756802835678,45.0310378312906],[0.415865720106264,45.031430434209845],[0.415730921666386,45.03165342194603],[0.414072026042205,45.03225180954307],[0.412686619568761,45.03289706918122],[0.411958462640324,45.03334048560854],[0.407551264768989,45.03339288621036],[0.406294456248961,45.033234786015115],[0.405358742263108,45.03341297326129],[0.402523256364663,45.0336540445076],[0.401458594252642,45.033489562345686],[0.39924888142561,45.033414536464136],[0.395424662002046,45.032514340459585],[0.392935819427919,45.03248670931888],[0.391170168237219,45.032207512951175],[0.391621277627089,45.03032444750686],[0.389700850826981,45.02985151485778],[0.390118393486916,45.028607289093785],[0.389303510433917,45.02842872490648],[0.389087737569826,45.02771647782177],[0.388236924109869,45.02694699014857],[0.387089518513232,45.02662637583895],[0.386423206705056,45.025715262923555],[0.386298372283322,45.025668188726144],[0.385776837571489,45.0260640368038],[0.385586454477455,45.026060465986326],[0.385161076385544,45.02551265127176],[0.384972755110526,45.025464984928476],[0.384571856792032,45.02605194463],[0.384380640315386,45.026093395928406],[0.384071296706246,45.02586270897449],[0.383063014342191,45.025556132358474],[0.382131182953034,45.02510900614909],[0.381250675592231,45.02486847918044],[0.380466104682828,45.02442390233826],[0.380329608849539,45.02419186716955],[0.379919398442497,45.0245155357046],[0.37950533329114,45.02505712430618],[0.379018259542752,45.02468890837552],[0.379246897544434,45.02436367039075],[0.378881709951564,45.02388841671303],[0.378541352463021,45.02461911996749],[0.378478922315804,45.025111330259705],[0.378312440355554,45.025356952009396],[0.377862796207836,45.025464374957075],[0.377389756347588,45.02582709417106],[0.377064419917798,45.02593834384475],[0.376988648632284,45.02611853560493],[0.375963426410813,45.026715976675334],[0.375512545822875,45.02722875687029],[0.375115933568102,45.02742390406771],[0.373892091615666,45.027758991685054],[0.373767706559607,45.02794614259938],[0.375857435841191,45.02916657127091],[0.373569033059408,45.031557588226384],[0.374866826075507,45.032085487317985],[0.376126894570764,45.03249716894658],[0.375526624601853,45.0332415594879],[0.375513319850579,45.03341691748754],[0.375797129022634,45.0337317093541],[0.377952336074774,45.035377051532926],[0.378189595822595,45.035465520525875],[0.37851847322238,45.03620207734363],[0.378555030308201,45.03696778532707],[0.378407058392393,45.03754987302935],[0.378204191490108,45.03775770340874],[0.377475030685443,45.03715765932298],[0.376926504245248,45.03725824728333],[0.376835287489234,45.03901461781321],[0.377692988036937,45.03955643377343],[0.377840511986986,45.03979774106416],[0.377724387443773,45.04040490252421],[0.376372675326965,45.04170005587715],[0.375871354843562,45.04174139314504],[0.375379433181821,45.04293698037912],[0.373611475795425,45.04527362236994],[0.372827869248054,45.04610286777913],[0.371883985446627,45.046691392698484],[0.369020012547927,45.04803364338692],[0.366141324111122,45.04895656327437],[0.365536951020841,45.049457573712765],[0.364919427505008,45.050264572069274],[0.364768344271827,45.05104386888995],[0.365144988663323,45.05127710299169],[0.365630311633015,45.05141561092372],[0.365788984724076,45.05168963117246],[0.36554957704601,45.05202360248672],[0.365012972267807,45.052326217279116],[0.364667633008091,45.052696418492395],[0.364885164231121,45.05304300328677],[0.365196183975691,45.053320629424185],[0.365803731680084,45.0536169809967],[0.366948778214369,45.05386207633354],[0.367932639812653,45.054237582416754],[0.371303631238087,45.0558802464308],[0.372566709770581,45.05634698408684],[0.373906402391607,45.05672542498214],[0.377340090728275,45.05717300212651],[0.378099116752953,45.057141325891635],[0.378942030716633,45.0569197304358],[0.379566461575105,45.05661371021386],[0.382387164907889,45.05459720431606],[0.383797515928847,45.0538727046389],[0.385750821364539,45.053169043783015],[0.386801882460894,45.05265228419636],[0.387708753866957,45.05252852013231],[0.388772986537021,45.05224628050232],[0.389502352131487,45.05219491434416],[0.393763440107242,45.05241994626315],[0.398465913721237,45.05220018439007],[0.399346347255948,45.052234262885975],[0.400087834775152,45.052386708648854],[0.401004644761119,45.05245855913134],[0.403420670434257,45.05243113979204],[0.404259743054171,45.0525624101419],[0.405304019509842,45.05243449961498],[0.40585825152065,45.05300775556843],[0.405872043275043,45.05364229196449],[0.4055062900085,45.05391033944233],[0.405139295969972,45.05442429557715],[0.404707942478743,45.05476378294255],[0.402705682206683,45.055951301476995],[0.401141342751648,45.05673910785463],[0.398148913506844,45.05770524463255],[0.39675499307261,45.05826995235194],[0.395351124125297,45.05915692539633],[0.394662389306611,45.05967143357299],[0.394079262391261,45.06023795734279],[0.393545587863361,45.06135247004253],[0.393452833873193,45.06197911382045],[0.393467748292303,45.06326862299891],[0.393578218674142,45.063844168403406],[0.39416564504812,45.065205631043646],[0.394783192106424,45.066193929299935],[0.395163517516849,45.06657128453765],[0.39532270621156,45.0670020247348],[0.395630531742513,45.067380385513665],[0.396619413796994,45.06779358385931],[0.396994910444609,45.067865421099576],[0.397880724872062,45.067843776756],[0.399486032552059,45.068096576982086],[0.400980174216505,45.068088207687616],[0.40171811844931,45.068184701064425],[0.40213945659125,45.068309841029155],[0.402488843411485,45.06858825264167],[0.403155334561843,45.06942989828637],[0.403995465366861,45.069762986687905],[0.405359279975045,45.069961424798166],[0.405920280436648,45.07000872408499],[0.407902919304103,45.069500838611134],[0.408768292068014,45.0694543078526],[0.409217586032217,45.06974493119071],[0.409852635019781,45.06992275816108],[0.410340358435849,45.06990526989379],[0.410934217725402,45.06979205099955],[0.411423505616779,45.06932866102845],[0.414926080361555,45.069105505779426],[0.415793920532465,45.06908780596361],[0.419154096626736,45.06927741798298],[0.419936377553685,45.06943337358185],[0.42154792730797,45.06991211609076],[0.42232295520196,45.070391299603195],[0.423027264740135,45.07188142115609],[0.423704014404696,45.07242498534094],[0.424466273365184,45.07282368016529],[0.426249897245269,45.07332344669022],[0.42724888319867,45.07368975433287],[0.429521130821328,45.07465208667581],[0.432550022485687,45.076166927826286],[0.435163817953511,45.07423261338285],[0.436234917574316,45.0736374719649],[0.436612245060531,45.07364345256697],[0.438398466300817,45.072479181340945],[0.439688722023907,45.07187193146768],[0.441601498071809,45.071634808004625],[0.442734401486987,45.07010232629551],[0.443548877420883,45.069583205764786],[0.444098124329235,45.06858053678258],[0.444558969234067,45.06720288060474],[0.444228407705078,45.066090838853775],[0.444344256388707,45.06436203977694],[0.444868003544152,45.0623020742507],[0.445387132471619,45.06156716860178],[0.445360788690999,45.0610584787919],[0.44570124451639,45.05967085432022],[0.446449906943658,45.05897454096215],[0.446727624577792,45.05818094470127],[0.448611334712004,45.056368345693954],[0.448968197734511,45.0558170877562],[0.449617059847882,45.05541214943253],[0.450305949637891,45.05530000191637],[0.450346950476654,45.055236979731454]]]]}},{"type":"Feature","properties":{"fid":1817,"ID":"COMMUNE_0000000009754754","NOM":"Saint-Léon-sur-l'Isle","NOM_M":"SAINT-LEON-SUR-L'ISLE","INSEE_COM":"24442","STATUT":"Commune simple","POPULATION":2072,"INSEE_CAN":"17","INSEE_ARR":"3","INSEE_DEP":"24","INSEE_REG":"75","SIREN_EPCI":"200040095"},"geometry":{"type":"MultiPolygon","coordinates":[[[[0.459897780128066,45.122629806271966],[0.462455193864862,45.12490597849139],[0.462391493384599,45.12532793727267],[0.463570693380871,45.12783305837069],[0.464968567287906,45.128606261795284],[0.465361127729873,45.129659292619],[0.465798335184247,45.13000885705468],[0.466334082408727,45.13029039087589],[0.466761407446976,45.13077395624571],[0.466988079481706,45.131472774256586],[0.466867617073441,45.132473605976976],[0.467119955255419,45.13361713533784],[0.467840995642434,45.135006434267844],[0.468089524488873,45.13572916891988],[0.468744813273644,45.136154840384975],[0.469198182971098,45.13699212745298],[0.470134213857182,45.13728993125021],[0.471127583718605,45.13741786213076],[0.473078108551577,45.13740531875574],[0.475243066457693,45.137182288655445],[0.475794928234771,45.137053344401664],[0.476767708523071,45.136763657680916],[0.476819915825267,45.136650428818456],[0.477766154068391,45.13618716693739],[0.480246042885355,45.135272993089345],[0.480974828590869,45.13627230034351],[0.485753158071193,45.13603960078265],[0.487603470891741,45.13494260987222],[0.48936405432811,45.133008471926175],[0.489990214854339,45.13309373507377],[0.489740857648919,45.13252508434721],[0.491246481656735,45.1319860187835],[0.491450207431592,45.13201222240787],[0.4924041904592,45.13176882535297],[0.493306136273872,45.131720637959106],[0.49360937087588,45.132110318943674],[0.495413450530859,45.1336850144617],[0.495913347937305,45.13366290860824],[0.497050663698302,45.13256597095935],[0.497405546851323,45.132513578064675],[0.497934688564953,45.13209394056405],[0.498036488109738,45.13132689218599],[0.498356704685546,45.13091157404099],[0.498510546063655,45.130460092235495],[0.499452126115615,45.1302650043209],[0.499911950857597,45.129829390402875],[0.500271823306007,45.12963656714389],[0.500530908647039,45.12922167484114],[0.501771813921848,45.128763921054215],[0.501987272623021,45.12875523506086],[0.502519949928653,45.12842574248637],[0.502807326201695,45.12788986371915],[0.502895254640203,45.127289160858425],[0.503205151786185,45.12718889857638],[0.503487889269798,45.12698442911127],[0.504917180619392,45.12552640780271],[0.505695022569792,45.124920420013886],[0.506218072360448,45.124662764270745],[0.505725851678656,45.12354550684405],[0.505165414485825,45.12295912489222],[0.505229708404888,45.122288527132376],[0.505898648194754,45.12226835947142],[0.513828407144543,45.1222436683737],[0.515666193460146,45.122407147580155],[0.516808859048558,45.12263619374183],[0.522344350920243,45.1242078994204],[0.525663555091755,45.12491399914863],[0.526269840069944,45.125131042576314],[0.52679380274694,45.12545435821041],[0.527370194887967,45.12631844055218],[0.52811321525759,45.12686821505872],[0.528351515830837,45.12720590949298],[0.528953573369218,45.12757688855798],[0.529423679140526,45.12765126519586],[0.52986414452308,45.127129524549076],[0.530137781628986,45.1266392202617],[0.530159947175136,45.1259649784168],[0.530296505155947,45.12569684882359],[0.530753070675007,45.125299778566436],[0.530965278870086,45.12467298583707],[0.531423819049243,45.12423091475028],[0.532721648876084,45.12339753304371],[0.533965965653125,45.12224765878856],[0.534690846666086,45.12144932736717],[0.535689837338409,45.11965711653736],[0.53573474142121,45.11826360674082],[0.535500633578341,45.11569553961067],[0.535659791172382,45.11474056357008],[0.536066875343852,45.11390457335828],[0.536155922898752,45.11309668633093],[0.534904869575753,45.111779927367145],[0.535425411258737,45.110851861026276],[0.53557385043561,45.11031283733936],[0.534737779449584,45.108905256196515],[0.534916940285273,45.107727317241675],[0.534865285477273,45.1068505594095],[0.534433074483236,45.10488257652555],[0.533804625948528,45.10531639051308],[0.533234665298624,45.10551997990957],[0.531500304474465,45.10582030020558],[0.530820851297171,45.10576651498883],[0.528998843587135,45.10525770198759],[0.526954198428585,45.10406018065264],[0.526228848981845,45.1038080643316],[0.521507606090581,45.10368156121771],[0.518947007845312,45.10313723696712],[0.517975852561255,45.10303634099521],[0.516297040518924,45.1033457692888],[0.516190783244539,45.10278848112659],[0.516265473715594,45.1020235268144],[0.516071423131681,45.100808467533604],[0.515799584002513,45.09999885583139],[0.515751882320391,45.09838167842481],[0.51544737400069,45.09759205718144],[0.514705912258855,45.09796288816688],[0.51169307614653,45.09881362358834],[0.505739674109612,45.10020027662182],[0.503480248754666,45.09998213158095],[0.503236021784005,45.100751390679285],[0.502650863808547,45.10052477948778],[0.501464506681514,45.1003738734035],[0.500825402149816,45.1006144848594],[0.499853399021725,45.101330481450454],[0.497891490996981,45.101626076122315],[0.496926681561448,45.101697200474305],[0.49575183371547,45.10160144420167],[0.495425278927137,45.10150852563901],[0.495187027372924,45.10131849690525],[0.494902186984422,45.10125984574758],[0.493547797709864,45.101367226498795],[0.492778802483963,45.1012130008591],[0.492322668265463,45.10097482330113],[0.491741717963599,45.10144911229254],[0.491463583977712,45.101241061564124],[0.491333705722217,45.10132912449971],[0.489459399547303,45.10298683337757],[0.48864080442173,45.10252066733055],[0.4871181618472,45.10189899147227],[0.485948013408228,45.10161405793418],[0.484250151980092,45.10143881725776],[0.483684932605268,45.10142065272218],[0.482364016329001,45.10154667103225],[0.479965975967221,45.10206181880037],[0.479217084741435,45.10233676187352],[0.480261438546965,45.105609771190444],[0.480194638470966,45.105821764524926],[0.48250928029078,45.11108823286933],[0.48280908937604,45.11203009452322],[0.482414964406433,45.11256080885646],[0.481724746437194,45.11441089905495],[0.48194242526605,45.115735575619894],[0.482017989904781,45.11784259249028],[0.482198212395528,45.118925893492566],[0.481321269035685,45.11955290403257],[0.480838286540941,45.11920236738607],[0.478767027939641,45.11866187524026],[0.47658004485014,45.11778270289093],[0.475096353745116,45.11843286605222],[0.474726230890374,45.11811999149352],[0.472350973877681,45.118845412666026],[0.470964416458793,45.11973735492218],[0.470417688091621,45.120318621864364],[0.469801835168153,45.120683911818396],[0.468572032045663,45.12095057937611],[0.464000493890175,45.1215034228621],[0.461882125450559,45.12214168131128],[0.459897780128066,45.122629806271966]]]]}},{"type":"Feature","properties":{"fid":2032,"ID":"COMMUNE_0000000009754557","NOM":"Chantérac","NOM_M":"CHANTERAC","INSEE_COM":"24104","STATUT":"Commune simple","POPULATION":647,"INSEE_CAN":"24","INSEE_ARR":"3","INSEE_DEP":"24","INSEE_REG":"75","SIREN_EPCI":"200040095"},"geometry":{"type":"MultiPolygon","coordinates":[[[[0.396104920902675,45.15165264221953],[0.396399148392744,45.15186851846839],[0.396825996706342,45.15202532673826],[0.396612413574705,45.15218250428529],[0.396904882954584,45.15251815769745],[0.396987072706155,45.152748903987316],[0.39719382284294,45.152574449161676],[0.39742778146125,45.15263576345117],[0.397270197657961,45.15303929335638],[0.397567805712332,45.15312821839943],[0.39768777700776,45.15328597176953],[0.397634289484859,45.15347751646316],[0.397969623230194,45.153795247925274],[0.398105210250143,45.154219130313315],[0.398451103316167,45.15452899840234],[0.398590149690704,45.155070077719614],[0.399033386347523,45.155449781189105],[0.399189656176957,45.15638675601644],[0.399138433938349,45.15652970576373],[0.398883200613231,45.15659672802036],[0.398717520801413,45.156846017767286],[0.398799893557479,45.15715514516404],[0.39873199436525,45.157273381659444],[0.398769078283675,45.15740667857131],[0.399385199820638,45.15803905951235],[0.399332016004486,45.158552233461755],[0.399589584097996,45.16040418091866],[0.400506497290142,45.16179761853474],[0.400462617252834,45.16263082960978],[0.400818665801278,45.16264182724912],[0.400903336045139,45.16292938495938],[0.400787054110597,45.16304739675179],[0.40048080012671,45.16314296454444],[0.400198724946411,45.16348504071698],[0.400536753212008,45.16363706058896],[0.40085827789522,45.16436256842912],[0.401285919448962,45.164969826184596],[0.401696715315558,45.165036149763836],[0.401680749611058,45.16521505711004],[0.401845788951568,45.16522610743095],[0.401951611699194,45.16541505782489],[0.402183954642344,45.16551235933498],[0.402384892440445,45.16584676683852],[0.402814876439961,45.16607569482679],[0.402781881313827,45.16634699861648],[0.403103279295571,45.166446370958575],[0.403283806044503,45.1663983201208],[0.403603280351845,45.166539087617736],[0.403772734287272,45.16648267023962],[0.405191911446716,45.16745892347784],[0.406147588922411,45.16796852947942],[0.407560049072166,45.169173423254826],[0.408188210287521,45.169414140770094],[0.40877147379459,45.170018675951724],[0.409326283258805,45.17013876484648],[0.409453871673482,45.17035343800322],[0.409897419170484,45.17042859874553],[0.410441114320571,45.17070608114253],[0.410706200553457,45.1706473677665],[0.411136402921805,45.17079068207478],[0.411653828073362,45.17114052161902],[0.413482440042564,45.17161445086287],[0.413925939499866,45.17166346813711],[0.413997880894173,45.17184261200674],[0.414414929899409,45.1717477717418],[0.414753299589534,45.17194930401892],[0.415124299547828,45.1719137543601],[0.415200055620193,45.17198307635072],[0.415392725989404,45.171892944841844],[0.415867585562133,45.172062499852075],[0.415964346025657,45.1718431199946],[0.416205981352365,45.17168565284432],[0.416329432717654,45.171687610260875],[0.41656303376774,45.17200653034178],[0.416664001331434,45.171998957896754],[0.416760032257343,45.1718228035432],[0.41696425648447,45.17175816193823],[0.417476355879004,45.17178352779841],[0.418000810030097,45.17148665659936],[0.418180240531403,45.17148990720267],[0.418706074691153,45.17179666452495],[0.419266306345114,45.17177268538595],[0.419397672912994,45.17185139852209],[0.419722559430867,45.17184900127557],[0.420145076636111,45.17213174113698],[0.420072787676287,45.17242826608083],[0.421272059486483,45.172880306767816],[0.421294336558653,45.17339072783119],[0.421852877265149,45.17398290805695],[0.422600815455898,45.17455603640957],[0.423587905969354,45.17502567269056],[0.42392802165299,45.175438926476204],[0.42431559387131,45.17717038155676],[0.42576920103034,45.1786840883337],[0.426921964433479,45.18028723518067],[0.427633486645989,45.18099011753749],[0.427885994440347,45.18192385751895],[0.428188863254679,45.18226236562165],[0.428362244995595,45.18264653774483],[0.428277385669402,45.18329953238933],[0.427850731243386,45.183435645913185],[0.427344216077435,45.184475316104326],[0.42786228746126,45.18534130377302],[0.428957231786918,45.187706152781324],[0.431145028806538,45.1890547110703],[0.431150947993061,45.18934133161106],[0.431660186542233,45.189238635871845],[0.433669017003384,45.1894668177153],[0.434452542410986,45.189466810409364],[0.434429195941545,45.190141042694],[0.434809346689056,45.19104526670928],[0.433274485327134,45.19148025276036],[0.429596519438761,45.191778505800436],[0.428197662381903,45.19202556511773],[0.427739399973876,45.19218257333571],[0.427290779493268,45.19243439604528],[0.426546036649285,45.193056866710265],[0.424213208881153,45.19438053725996],[0.421772490785009,45.1961341019215],[0.422161887979142,45.19600705825801],[0.42401834148056,45.195317479233324],[0.425330639632046,45.19496036583292],[0.427044065675724,45.19424852083495],[0.432079554421602,45.193166272663966],[0.433897439526067,45.192257631369536],[0.434705344986159,45.19203295846551],[0.435424295325187,45.19199722564016],[0.436967904711307,45.19195429911946],[0.437579737051975,45.19205933491914],[0.438693562023066,45.19249750455142],[0.440037891110918,45.192799508803745],[0.442520957054039,45.19391496848836],[0.442759990770213,45.19414836959997],[0.443838775709897,45.19468568242522],[0.445475754835018,45.1950817061694],[0.445685439595386,45.195093711089385],[0.445908831034552,45.19486188806249],[0.446073098110363,45.19491969945375],[0.447527558781828,45.195629531012464],[0.44831223910122,45.19646998043559],[0.449335746180334,45.197354618789596],[0.449737593727826,45.19806919488055],[0.449954868377663,45.19713453073238],[0.450756565581493,45.195623131088475],[0.450922887429698,45.194966577915196],[0.450818375395842,45.19452095465994],[0.450535882684661,45.194010907419226],[0.449880027893132,45.19336260339874],[0.449673288596222,45.19300743517526],[0.449562214911043,45.192092298119256],[0.449790796502035,45.191216452015105],[0.450050179935484,45.190698060784214],[0.450969220984726,45.189544293806364],[0.451434938788395,45.188663950650586],[0.45296301630259,45.18795379531086],[0.455380583492285,45.18706930960471],[0.456052281250524,45.18689453325534],[0.458355918238732,45.18652359510707],[0.459301314294962,45.18612890971466],[0.460313339535698,45.18586545977343],[0.462901677193267,45.18497479206671],[0.464548026071899,45.18471220778061],[0.464270195808638,45.184294193886615],[0.463961015645228,45.18414573124099],[0.464140166764346,45.18395971566034],[0.464124006133097,45.18381070316145],[0.463725587690614,45.18321517716163],[0.463330497394464,45.182350361885455],[0.461994636020639,45.18155694729537],[0.462485889146693,45.18092218535361],[0.464259636261697,45.1798994591619],[0.465677130739646,45.1789505975194],[0.465039698523455,45.17826136258427],[0.464170076865927,45.17511285308724],[0.465610310087777,45.174923052358366],[0.466227909730908,45.17498211998536],[0.469600648730531,45.1759928532535],[0.470339085139273,45.17614022080958],[0.471241408451014,45.1761282382737],[0.47230068064015,45.176222503214035],[0.472613091795571,45.17615840937715],[0.473631838138901,45.17562833782662],[0.473466523057082,45.17531289240333],[0.472962888992838,45.175127620464984],[0.473129241853614,45.17466022915253],[0.472470208347893,45.17467233147332],[0.472112763897115,45.174437214678036],[0.471720343941905,45.174299499812335],[0.471610990083973,45.17412675675046],[0.4710832477654,45.17396795608628],[0.471276614807838,45.17374801961244],[0.471225135690796,45.1734504648645],[0.470964852061444,45.173348172825335],[0.470869379993619,45.17345951958621],[0.470705525795452,45.17342157273705],[0.470390173477488,45.17321352955166],[0.470494109865278,45.17285913844904],[0.470046155349001,45.172794931351945],[0.470107495456052,45.172593624767856],[0.469895525229371,45.172352789540284],[0.469907889662108,45.17224856820811],[0.470134351635992,45.17208523848636],[0.469968536660642,45.17178148751119],[0.469753437864624,45.17163787568393],[0.469942634813125,45.17120073599425],[0.469761571615402,45.17109302997998],[0.469455521886356,45.171214014658695],[0.469391565788036,45.171163917012215],[0.469529602213443,45.17092831499384],[0.469199047580226,45.17088748641076],[0.469174524828311,45.170810355766484],[0.469249534526554,45.17061656675002],[0.469434504379124,45.17046941426621],[0.469434775627877,45.17026672328231],[0.469635924090902,45.170155972439744],[0.469544862013008,45.1698890499776],[0.46934583088018,45.16964400259868],[0.469156598076301,45.16980096780565],[0.468863344211783,45.169415047588814],[0.468655920693183,45.16938331620094],[0.468493389439219,45.16917603110612],[0.468276264231885,45.169077414048594],[0.468059331728605,45.16908690609201],[0.46772504574973,45.16884779539821],[0.467639601462055,45.16868189685439],[0.468077162521238,45.16852516384051],[0.468100000088606,45.16844280140758],[0.467904539809382,45.16831584709445],[0.467979606756806,45.167699549388445],[0.468403102143723,45.16745961557287],[0.468352103406754,45.167348551661455],[0.467772541968669,45.167435398300675],[0.467833992689204,45.16717553872498],[0.467493522000379,45.16710114715229],[0.467200409514498,45.166684595640895],[0.466894345425199,45.16666593659531],[0.466698894103743,45.16653898022285],[0.46661660672491,45.166331712194214],[0.466699587246328,45.16599036228755],[0.466959021068914,45.16580166276735],[0.466963348364398,45.1657062681346],[0.46669665970987,45.16557769451839],[0.466808501269309,45.16547032678035],[0.467190119355074,45.16536728124],[0.467249794812166,45.165230801797925],[0.466946222279345,45.16512931868442],[0.466526447446487,45.16525942416764],[0.466458216091935,45.165135355777785],[0.466934515975024,45.164910140073545],[0.466928484200194,45.16456586854491],[0.466171316175554,45.16452615490741],[0.466211257993418,45.164403641900066],[0.466598538585398,45.164147578227876],[0.466551261889116,45.16395461823133],[0.465784320415323,45.16365342579057],[0.465332080680387,45.163124248662896],[0.465447065087489,45.16294758633874],[0.465345706337921,45.16273988409358],[0.465493157290555,45.162605399586724],[0.465397389086633,45.16224647722515],[0.465549827454542,45.162030126285245],[0.465264090140173,45.16195697049212],[0.465249333256964,45.16183321524338],[0.465433100053476,45.16171216817643],[0.465367413751918,45.161560229732096],[0.465224237080183,45.16151643766491],[0.465065547354801,45.16105698918124],[0.464719979904545,45.16073112814531],[0.464626578681905,45.160264153778364],[0.464396506227237,45.15983461278021],[0.463846886457891,45.15968428645292],[0.463691931626577,45.159367259137646],[0.463527577544163,45.159257219380244],[0.463544971650101,45.15853781495775],[0.463479299101161,45.15841380277649],[0.463067224206605,45.15820714152173],[0.463018949980355,45.157588042922406],[0.462462990431957,45.156877220257265],[0.462559109547589,45.156779409229415],[0.462337914829693,45.155987012618446],[0.462428578561376,45.155644940351614],[0.462141757398413,45.15467177640759],[0.461822559130709,45.15471946798405],[0.461752788876993,45.15457374046184],[0.461873402652985,45.154217035278755],[0.461760711872854,45.1540351971071],[0.461928478077625,45.153761544433536],[0.461873770873103,45.153648591215145],[0.461591684477864,45.15352415823785],[0.461599693176519,45.153291914592494],[0.461456573801814,45.15319136337411],[0.46127593905733,45.153271935087204],[0.461035560047949,45.152986292164215],[0.460920307876943,45.1529449313797],[0.460705053433671,45.15308687462513],[0.460661018725443,45.15299128032886],[0.460810415508997,45.15278567775803],[0.460725923449304,45.152655830213945],[0.460882898527142,45.15236751953805],[0.460769519173823,45.152200979497366],[0.460839353159063,45.15192509939503],[0.460591105689925,45.15164468157504],[0.460705270181632,45.15154187792432],[0.460972030798923,45.15158308400392],[0.46099179643651,45.15151236472851],[0.460838324765995,45.15093951835029],[0.459726869413276,45.15004396805705],[0.459449863714902,45.15003225439154],[0.459082211737359,45.14980226515742],[0.459046126379114,45.14997981657714],[0.458676687236593,45.149929059541265],[0.458853320347217,45.1496844417184],[0.459093838300155,45.14954668131243],[0.458991995257581,45.14935067320638],[0.459127480806243,45.1491429545061],[0.458993723961952,45.148976849231225],[0.459104998714697,45.14871362568592],[0.459030038508309,45.148626335017084],[0.458632511673716,45.14863349474039],[0.458545600768822,45.1488648414269],[0.45845784880536,45.1488628421034],[0.458367982790896,45.14859954059226],[0.458507681580721,45.14824327420348],[0.458470278409323,45.14789017967868],[0.45851625636206,45.14777501432052],[0.45869937985461,45.14769540506787],[0.458536832930866,45.14709892574757],[0.458136783398451,45.146714145184795],[0.45786024090668,45.146636673847226],[0.457886967017724,45.146357110697394],[0.457035645604604,45.14609807262741],[0.457142687062395,45.14564827339706],[0.456958563652384,45.14538642533009],[0.456985478857803,45.144767236678234],[0.457358552572489,45.14448565997074],[0.457161466121748,45.144173067731515],[0.456210022882864,45.14516305625155],[0.456100783564278,45.14521371657254],[0.45574158898393,45.145050573256725],[0.455592927366782,45.145100333851005],[0.455367117807034,45.145642014365926],[0.45478965026164,45.145827031773834],[0.454719180452681,45.14620018835294],[0.453972078548851,45.147034466498056],[0.45332091655887,45.14682501223998],[0.452830557608784,45.147388575493075],[0.452246453548305,45.14777432460361],[0.450503577351463,45.14808224211168],[0.449465322463612,45.147763018808774],[0.445005900858712,45.14725917080943],[0.444058597772971,45.147429355888285],[0.443284398187565,45.14787826959032],[0.440363158233891,45.14859053747352],[0.438872803233077,45.14927523343554],[0.438075671253354,45.14933440461237],[0.435589057280191,45.14859079343355],[0.434858746949792,45.14808211877865],[0.431800371754636,45.14731626227048],[0.43122773735393,45.14728325700113],[0.430631134402093,45.147079429298294],[0.426887702251293,45.14513100514093],[0.426619492409596,45.145232923903016],[0.423024418176084,45.14752466427011],[0.42155418810848,45.1483483348595],[0.419423421460868,45.14982787142343],[0.418873053087203,45.150111530848534],[0.418355128872784,45.15065719693453],[0.417209564173769,45.15222075247715],[0.416574072815006,45.15274747328627],[0.415624580653542,45.15279575017099],[0.415246784895678,45.15353113448091],[0.414387600221305,45.15308600243905],[0.413193069783807,45.15298173347945],[0.412635334855814,45.15270844077507],[0.411927112828412,45.15266048095297],[0.410889832075784,45.152103081847706],[0.410167654610295,45.15191694993122],[0.408459591751542,45.152207009703694],[0.40721333189763,45.1522303023461],[0.406144738545331,45.152567620529716],[0.403409456801955,45.152823804621775],[0.401900586253598,45.15268957457638],[0.401217501934063,45.15240249322843],[0.400355301026644,45.15224366554914],[0.399911818181051,45.15230720336803],[0.399206139048069,45.15215021300763],[0.398639470623257,45.15215231530853],[0.398047351065062,45.151962830544505],[0.39747846206914,45.15201262275962],[0.397248252838387,45.15181626114482],[0.396905370764967,45.15171546784221],[0.396752925557758,45.1515443431424],[0.396104920902675,45.15165264221953]]]]}},{"type":"Feature","properties":{"fid":2050,"ID":"COMMUNE_0000000009754964","NOM":"Vallereuil","NOM_M":"VALLEREUIL","INSEE_COM":"24562","STATUT":"Commune simple","POPULATION":261,"INSEE_CAN":"24","INSEE_ARR":"3","INSEE_DEP":"24","INSEE_REG":"75","SIREN_EPCI":"200040095"},"geometry":{"type":"MultiPolygon","coordinates":[[[[0.495390184319155,45.05360072533946],[0.494298211692964,45.054287825444675],[0.493226135259353,45.05552307536216],[0.49290050494345,45.056067961463434],[0.492922665247505,45.05648104612962],[0.49324184880492,45.057243136931305],[0.49313526558763,45.05774971389834],[0.493394827155693,45.05811228978863],[0.492954975242708,45.05828435951439],[0.492802825234011,45.05847461563433],[0.492243357952474,45.05845120941026],[0.492096167043104,45.05853077258888],[0.492161219065766,45.05872411702648],[0.492067335131491,45.05883370750733],[0.491282159756774,45.059081772683825],[0.490195089771343,45.05917439043496],[0.489038767677499,45.0596771223051],[0.486206415346775,45.06113025426411],[0.48584249523812,45.06122383553859],[0.486686302984955,45.063208525943],[0.485401623996168,45.06336870752007],[0.484191423446666,45.063709825352205],[0.483481145402099,45.06364693579157],[0.482713321825803,45.065173638622824],[0.482684279481351,45.06564953096967],[0.483933473882124,45.06642095528396],[0.484363700975541,45.06683245078657],[0.484375405731151,45.06733538831064],[0.484044500556288,45.06765492250667],[0.483557952922143,45.068721346655096],[0.48264375890001,45.069120486053],[0.482232620134777,45.069358026672134],[0.482023025659155,45.069580303146076],[0.481378460077451,45.06975040545438],[0.481243653903726,45.06986446786014],[0.481072195134346,45.07034074382199],[0.481042407052107,45.07091751510102],[0.480602955300108,45.071613843723846],[0.480803295246754,45.07272642058456],[0.480652521304032,45.074069782836766],[0.480147996406883,45.0746295115812],[0.479719907569144,45.07464955582052],[0.479294486328032,45.074948922789645],[0.478755958970853,45.075472743254366],[0.478456978778797,45.07590018725084],[0.478248418949084,45.077170172704584],[0.477588908301725,45.07845877677246],[0.477249306424209,45.07939157831813],[0.477376445332504,45.08054754961437],[0.477419802088939,45.08065753457158],[0.47763211623311,45.08071459094997],[0.477772867720301,45.08148440384033],[0.478183345714909,45.08267381378347],[0.478307923802958,45.08428195519216],[0.478453481978414,45.08494557548548],[0.478667988612789,45.08537743454825],[0.478521656664025,45.085379528345726],[0.478406759993382,45.08567150762576],[0.47849900105484,45.08585376593458],[0.479290915527392,45.085776193244115],[0.479668395923978,45.08583698167746],[0.480341486527708,45.086308036365004],[0.480843710223398,45.086535596827446],[0.481350450255476,45.086606508503124],[0.481940040215679,45.08689909838457],[0.482096638194964,45.08709271718405],[0.482918816013694,45.087501362125366],[0.483868512540178,45.08756334934102],[0.484315090654342,45.08730407750736],[0.484893148524626,45.08723154568545],[0.485421105855125,45.08748128627052],[0.486377852302779,45.0874713429861],[0.488395256006027,45.08762944000185],[0.488991016575089,45.08755908768558],[0.48936227100352,45.08758907357684],[0.48995603660142,45.0874781329106],[0.490035155983765,45.08758531465411],[0.490771939001367,45.087659562872226],[0.491119311924557,45.08745658572398],[0.491511175127654,45.087055521282345],[0.492030758288692,45.08712397057815],[0.49233369512537,45.08708934943658],[0.492427545248878,45.086981557816195],[0.492164769407563,45.0866594457405],[0.492276511650657,45.08635116749565],[0.492539859544877,45.08637691268146],[0.492566143745667,45.086754960107484],[0.492814350714485,45.0867497350044],[0.492807579750941,45.08656040426798],[0.492979746972412,45.08646428375135],[0.493227910506999,45.086573464637645],[0.49307618931961,45.08672409650338],[0.493125994617192,45.08680449177049],[0.493350165870908,45.08676809584104],[0.493758663998237,45.086392622027546],[0.494016488321267,45.08597412095432],[0.49431344868454,45.085845671929725],[0.496093783123914,45.08598658799823],[0.496947054976716,45.08590126066964],[0.497905086828059,45.0859471005174],[0.498560524254558,45.08587803779927],[0.498830274455091,45.086016517722],[0.498918167765186,45.0862121727502],[0.499161599839605,45.0862852000981],[0.499331720282252,45.08620614019649],[0.499271238005827,45.086108392188244],[0.499479963393499,45.08593380786429],[0.49982396599652,45.08591900596009],[0.500090608296811,45.085814184428],[0.50008248515624,45.085654552329565],[0.499956547497418,45.08554182345813],[0.499980367456674,45.085407230915145],[0.500133584334839,45.08530797200634],[0.500484165596867,45.08537349107964],[0.50075149457181,45.085310122399164],[0.500844980198842,45.085181596533175],[0.500811833736316,45.085041221919944],[0.500626988045018,45.0848524022938],[0.500864751422247,45.08476765075189],[0.501208850628975,45.084778971447264],[0.504100593939143,45.08540320893757],[0.504874696241581,45.08529622940887],[0.505028189407804,45.08541857796618],[0.504847558681133,45.08573343230927],[0.505026993243728,45.08590140399992],[0.506432867464233,45.085970709925896],[0.506640190999279,45.08594111726894],[0.506927521569965,45.08571422779637],[0.507290830283263,45.08575118299043],[0.507441816087955,45.085901398163436],[0.507979594041435,45.08701696055968],[0.508837365745977,45.08725864916397],[0.509448181002495,45.08719212812597],[0.509976279788317,45.087555259385866],[0.510505551007721,45.08749231533531],[0.511076389678384,45.08772397211322],[0.512473176192262,45.08771282271776],[0.513009031144066,45.08744462172071],[0.513998840138274,45.08674783702611],[0.513378053095626,45.08540884686172],[0.512978394816199,45.08521705627375],[0.511997799678293,45.08416370073837],[0.511732298559962,45.083443404265466],[0.511796088667643,45.08303854915114],[0.513392183355719,45.08060137277201],[0.513206182809854,45.08012337922745],[0.512556858914077,45.079885475830004],[0.513153744050019,45.07835746241433],[0.513166311890424,45.07784606574309],[0.513507245053142,45.077041117754],[0.514705008085929,45.07635257734807],[0.515099418031683,45.07565962164602],[0.515437632356926,45.075287011017146],[0.516279109119137,45.074718427848836],[0.517396826814562,45.07425598810086],[0.517796963456011,45.07320371779996],[0.518281004799524,45.07298208597808],[0.518536931794162,45.0726580807169],[0.518572382436006,45.07217422013606],[0.518991102377005,45.07187726189136],[0.519675161895508,45.07115831317642],[0.520922600084439,45.07052036348768],[0.52114810878,45.07033710723991],[0.521178340995653,45.07019995215779],[0.521848292872052,45.07011396463887],[0.522404506410393,45.070184891281926],[0.522926542173197,45.06878849631123],[0.524080201186177,45.06808446900433],[0.524867802638119,45.06740742970027],[0.522224900134131,45.0650272225263],[0.521916688910927,45.064351947190325],[0.521736713354191,45.06362277174181],[0.521474307501411,45.06314759853483],[0.519899170164618,45.06180542636641],[0.519425669351361,45.06121834804879],[0.518255053467453,45.061389553048656],[0.517880204916052,45.061730723818954],[0.517627638781613,45.061836798513795],[0.517033514529625,45.06184877871253],[0.51642109116219,45.06161441971006],[0.516168087243159,45.06158715776671],[0.515377688594034,45.06175419972196],[0.513762893192819,45.060650674774585],[0.512506408686789,45.060694686365586],[0.511150151381047,45.0604671041322],[0.510838328356863,45.06019078538525],[0.51062701184513,45.059541063273386],[0.509965920342198,45.058716432658116],[0.509060843825869,45.058205237411705],[0.506066518974022,45.05580685795837],[0.505605108220853,45.05523800494568],[0.505361745951734,45.054482156152446],[0.503017570103943,45.054894452870066],[0.501594276557667,45.055232776060336],[0.501324996491016,45.054517774366865],[0.500964015176482,45.0545186828545],[0.500963666864347,45.05381511982691],[0.497929547719875,45.05359835279285],[0.495390184319155,45.05360072533946]]]]}},{"type":"Feature","properties":{"fid":2069,"ID":"COMMUNE_0000000009754759","NOM":"Beauronne","NOM_M":"BEAURONNE","INSEE_COM":"24032","STATUT":"Commune simple","POPULATION":372,"INSEE_CAN":"24","INSEE_ARR":"3","INSEE_DEP":"24","INSEE_REG":"75","SIREN_EPCI":"200040095"},"geometry":{"type":"MultiPolygon","coordinates":[[[[0.387040790206809,45.113803845540744],[0.386856016125705,45.113728343709376],[0.386880810914796,45.113633430082174],[0.38667390973415,45.11351416630274],[0.38646188289386,45.113123612619916],[0.386459760729708,45.112706448611895],[0.385838714646008,45.11088739432534],[0.385644034114052,45.10966391844927],[0.385672340454238,45.10941233193819],[0.385900645683184,45.10920957971543],[0.386132619642508,45.10868349218085],[0.386178967725879,45.108154853449],[0.386057568643127,45.108030385976434],[0.385661203565781,45.108154422572845],[0.385460955846714,45.10811098731635],[0.385071101654504,45.10790544731574],[0.385183026629574,45.107797262993884],[0.385088128252651,45.10745990418399],[0.385474684236896,45.10683834627438],[0.386091171061178,45.1064140699719],[0.386593751262867,45.10586820196503],[0.386599220049476,45.10561517923743],[0.385874794349152,45.10554593964418],[0.385926571933036,45.10476517869526],[0.385731503218828,45.104720063358826],[0.385904492161695,45.10444844738299],[0.385912942637227,45.104240539288924],[0.385834623543308,45.10395672290067],[0.385633129736685,45.1038042503685],[0.38562920273261,45.10356181804571],[0.38602851409086,45.10348289620336],[0.385986279018127,45.10332515032352],[0.385699777085678,45.10316798146355],[0.386073848383718,45.10311189071427],[0.386056482542488,45.10242230059533],[0.385509541204501,45.100979755355205],[0.385507735335864,45.10074638186376],[0.38612158896559,45.100104930870934],[0.386324837803208,45.10008357167795],[0.386438317967858,45.099860109048464],[0.387114533941126,45.09959849005079],[0.387183186790068,45.09946316406714],[0.386846161613024,45.09913544583077],[0.386545290021731,45.09901397759381],[0.386433838927487,45.09881316786279],[0.386709562976617,45.09843855646137],[0.386573331884989,45.098223652450685],[0.386309127262764,45.09710035123885],[0.386365494050236,45.09681969424646],[0.386167129906402,45.09643756853248],[0.385826729924381,45.096073732093075],[0.385261460470034,45.096166775964676],[0.385050616177736,45.09594291216759],[0.384691563262009,45.09502638792264],[0.383916114297961,45.09509917684813],[0.383624465007541,45.09467251438858],[0.383856964516817,45.09451491138516],[0.383781043067004,45.09439781490626],[0.383865550747283,45.09384214700362],[0.384303275175759,45.09247856329434],[0.384303723381271,45.09241461055804],[0.383940143803935,45.0923294999874],[0.383889641198525,45.09224002704685],[0.383995983221751,45.09195153575937],[0.383855286131412,45.0917239108454],[0.383914819171737,45.09153882407702],[0.384161638420156,45.09145543010984],[0.384132396594142,45.09137366349955],[0.383362626881037,45.091271807791166],[0.38335494128951,45.091191448018584],[0.383579825899938,45.091114747422075],[0.383593266727517,45.091017766792966],[0.383510717871949,45.09096087418835],[0.38335015462004,45.09102196811088],[0.383502414061395,45.09062194424313],[0.383302855542917,45.090537979880956],[0.383331099437161,45.09036927563564],[0.383196332279149,45.0902868325008],[0.383117450868574,45.08982552571782],[0.38221330002932,45.08955203896741],[0.381878272382585,45.08923786473816],[0.382052967587807,45.0886032375105],[0.381935665442932,45.087849138488906],[0.382029929202891,45.087329737553816],[0.38312246797834,45.086077038728355],[0.383931341710697,45.08542306853187],[0.384769003521755,45.08496886520752],[0.384960500635502,45.08476255179045],[0.385110364256296,45.084521928120225],[0.385275840089308,45.083811406793224],[0.385147503908757,45.08293903751738],[0.385095535049931,45.08288106186655],[0.384804656691276,45.083037295507985],[0.384680200756458,45.08297941997693],[0.384835991093215,45.08274794487416],[0.385148595732139,45.08261654508848],[0.385026058928224,45.08216412587208],[0.384689479441232,45.08210127145622],[0.384487945622939,45.08181546334102],[0.384497063824049,45.08156613130498],[0.384167335077693,45.08130253791937],[0.384281543414914,45.08106288034317],[0.384678350884051,45.080925350991954],[0.384714516740426,45.08080458005171],[0.384304815082531,45.0807012696097],[0.384097781276782,45.08056037461327],[0.384162808458753,45.08023037453155],[0.38390479451374,45.08006485906571],[0.384081036110411,45.079858189511974],[0.383863290236654,45.07970172740384],[0.383818482397413,45.07949076826809],[0.383681509418609,45.07945602062559],[0.383696041865823,45.079335642884054],[0.384059703131546,45.079254093593036],[0.384072761434707,45.07916521229489],[0.383899381753362,45.07898456708536],[0.38387409667859,45.07879118330559],[0.383639100912098,45.07886764562892],[0.383534640813706,45.078817445327815],[0.383183439986081,45.07827947444648],[0.383082126830876,45.07794466696579],[0.383242866433576,45.076900709953904],[0.383303782127407,45.07671295434636],[0.383177342120125,45.07661629208821],[0.382674277419666,45.07649816945338],[0.382115225331568,45.07610936333245],[0.381951084655078,45.07608478560752],[0.381793551986444,45.07589189686203],[0.38183461381456,45.075693765636444],[0.382185974710959,45.075602925065986],[0.382052773967267,45.07554213810214],[0.38241005417693,45.074373974347935],[0.382134751589847,45.074361198929225],[0.382117914353463,45.07423197632913],[0.381548193133637,45.07390868104442],[0.38148817669365,45.07377844338161],[0.381080807876881,45.07362652681647],[0.38109650153765,45.073182758087654],[0.380809102635352,45.07299402174819],[0.380584016818768,45.0725878341606],[0.380611638380595,45.07207948210025],[0.381192332820104,45.07004992307617],[0.381039014094905,45.06889858854238],[0.380916255738094,45.06869660621685],[0.380301477393277,45.0690109729618],[0.379199881900902,45.06926883924821],[0.379200351635136,45.0706697306818],[0.378413298181987,45.07050887004449],[0.377321630882443,45.070608396027104],[0.376551673434579,45.070977647276855],[0.374891234117126,45.071168256176975],[0.374366081695235,45.071332453516355],[0.372343613357406,45.071732506558355],[0.371911453606566,45.07191960668858],[0.370839791409247,45.07262043667961],[0.367915506180719,45.07332434528843],[0.36537184579189,45.07353087930129],[0.35666945670758,45.07448868033035],[0.356249552484477,45.07500664181115],[0.356035145172251,45.075480830882384],[0.355801513815314,45.07722212708084],[0.355537556649589,45.077533878854],[0.355358811073357,45.07806026503085],[0.355248637630188,45.0791531425627],[0.354894033205102,45.07992940711829],[0.354161591945726,45.08019850103796],[0.352141362322445,45.08174960350053],[0.350184273025822,45.08255622765516],[0.348422045481226,45.08330169072431],[0.345211685044334,45.08355767491379],[0.344696145173947,45.08383638164277],[0.343501800073842,45.08416286785529],[0.343020268329015,45.08439463009171],[0.342578765571106,45.08485437316914],[0.341659150634941,45.086302713888635],[0.340162704699538,45.08752466656494],[0.339667641792185,45.08771915534768],[0.338500039840122,45.08756154131186],[0.336327408242636,45.087838455653454],[0.33423264340614,45.087815386589114],[0.333585204477825,45.087871066933516],[0.333497458237125,45.08781761528307],[0.332863785496021,45.087931279104325],[0.33262135059807,45.08808133312852],[0.332376159680536,45.08868898289128],[0.332255005030272,45.089602307831974],[0.332421839411316,45.09026396639328],[0.332740792774563,45.090589622859255],[0.334422438507857,45.09117040889078],[0.335568850668381,45.091320350315726],[0.336758778746201,45.091731682526046],[0.338577838637046,45.09199226222372],[0.339954801378945,45.09275037138935],[0.340271624249235,45.09280117737641],[0.340528805943389,45.09271542292804],[0.341414910148185,45.09277710782591],[0.342829631646436,45.09333067428612],[0.342745105910666,45.09441335089897],[0.343875538571804,45.09498174556343],[0.345131328040485,45.09580356681405],[0.34531166797806,45.09607723400821],[0.345173472470105,45.096389259252064],[0.346843645008891,45.096655161933185],[0.346686206614354,45.09691718095906],[0.345828970739255,45.09774632295804],[0.343704817172813,45.09838761071768],[0.342248876743403,45.09872497413451],[0.338642932862896,45.098480361609084],[0.336629960932159,45.10009625499104],[0.335864266712499,45.10049507589676],[0.334254034538148,45.10086468566131],[0.333225947187664,45.10129685295116],[0.331923768236765,45.102300836179595],[0.331657240036244,45.102661127147115],[0.331492693403113,45.103096833337645],[0.330058903769842,45.10461747344031],[0.329945833440825,45.10482738062014],[0.329935377259354,45.10536587704195],[0.329668221126267,45.10597840529692],[0.329458485231002,45.10618779806196],[0.330236051734585,45.1065019255103],[0.330648039655102,45.10679918462589],[0.330690366325084,45.10721822270195],[0.331161758135013,45.107816906953836],[0.332221581892781,45.10848192705628],[0.333096488453717,45.10881007514247],[0.333608290568225,45.10880249911688],[0.334217527684132,45.109126084542325],[0.334540686884587,45.10907255047945],[0.334835901458727,45.109204836449734],[0.335174101582692,45.1090759834522],[0.335306805976783,45.10909447146492],[0.335476401465409,45.10897960509602],[0.335514992063358,45.10883728236323],[0.335743015787967,45.10869768580272],[0.33564771724618,45.10853504539119],[0.335860703529769,45.10817706825294],[0.336062021575537,45.10806386023066],[0.337327500230705,45.108472480505725],[0.337766464570001,45.10895234092177],[0.33779417101245,45.109252105578534],[0.338060775047453,45.109584602958456],[0.338163033037634,45.109895156971376],[0.338277921803421,45.11058169301789],[0.33869560738271,45.1109745537328],[0.338673957303024,45.11121548140223],[0.339018298367208,45.111492173814355],[0.339372424094435,45.111536663247584],[0.339426613809275,45.11144065811786],[0.339793504975666,45.11145752261797],[0.340182578636311,45.11191726303833],[0.340748273126857,45.1120343644185],[0.340742166066973,45.11221620294682],[0.340892773336116,45.11228646316857],[0.34111147350904,45.11215564220686],[0.341655435801432,45.11219474212126],[0.341806756120245,45.11254430068793],[0.341979201352725,45.11266372936682],[0.341917871342413,45.11299019881979],[0.342020156984917,45.11330074955574],[0.342562241367078,45.11375421932728],[0.342501201126377,45.11436898780459],[0.342662942527034,45.114472844641895],[0.342724145180562,45.11468421598002],[0.343474902543282,45.115218331459005],[0.343831677150769,45.11536827589107],[0.343814373582815,45.115598496954895],[0.344026507385561,45.11576661617846],[0.344045071973849,45.1159382316617],[0.344341134009265,45.11610744885041],[0.344753734174735,45.11620736807345],[0.34479955125884,45.11655531020396],[0.34500491270399,45.11662506681359],[0.345187450407424,45.117068157706974],[0.345470387110905,45.11713885982852],[0.345535279172455,45.11727283891914],[0.345925469548668,45.117496545727974],[0.346175641812301,45.11750700583819],[0.346280043256322,45.117693276887],[0.346199357648523,45.118052621610246],[0.34640986322871,45.11820177811649],[0.346324135467688,45.11866731048604],[0.346422462548463,45.1187939766607],[0.346543925417192,45.11880857949133],[0.34659009839066,45.11893490509519],[0.346481993630407,45.119523329940684],[0.346576260457826,45.12048594517382],[0.346448530239588,45.12119282355673],[0.346023452081292,45.12146198829909],[0.345833586635338,45.121681795615686],[0.344845050787638,45.1232573781138],[0.344615975849655,45.123391564143475],[0.344758373187704,45.12371568042442],[0.345324042787631,45.123996721395336],[0.345618810452829,45.12443527651638],[0.345959190961865,45.12514609130281],[0.345912179167966,45.12581435054765],[0.346042394079127,45.12591294682337],[0.348915519499294,45.12672725198849],[0.349370440553061,45.126741671012226],[0.349903639714401,45.12709128599461],[0.350799800555518,45.12751618995138],[0.35109276235603,45.12756459196395],[0.351076048132694,45.12775608902473],[0.352043982483668,45.12827818421637],[0.351371352972274,45.12952708875608],[0.350539525008219,45.13077761336933],[0.350942672106172,45.13231423775571],[0.352327008960177,45.13269937161103],[0.353279543650596,45.133172439523726],[0.353616297012549,45.133129980587945],[0.353948888358671,45.13296039337229],[0.355614445467343,45.133347653579655],[0.357453848654187,45.13215881176612],[0.358208450236022,45.131838850133995],[0.36013387878377,45.13160156282385],[0.360230060954363,45.13142455891007],[0.361144894521508,45.13089125221508],[0.361324769450496,45.130693705329314],[0.36167781908203,45.130305659541136],[0.361926860373597,45.1289935236634],[0.362168456136523,45.12889022939301],[0.362244907532211,45.12848392689209],[0.362524089528195,45.12798872554168],[0.363529637788184,45.1271764644337],[0.364805841798818,45.12691203652652],[0.365426047070338,45.126605969996405],[0.366487852998897,45.12554366082114],[0.367853977571065,45.124503842660005],[0.369179292384592,45.123924308963744],[0.369832538184016,45.123942423433256],[0.370721249737152,45.12412194323215],[0.371845917770147,45.123938548692735],[0.372420679531878,45.12375840122794],[0.373181375967598,45.1237375867883],[0.373578938891044,45.12361812355248],[0.373853306646217,45.123276838166724],[0.374364788971981,45.123034830126684],[0.375552252446333,45.12208260752613],[0.376101567936607,45.12195589695588],[0.376359871651445,45.122064678291956],[0.377259955965381,45.122137206610375],[0.378280971892263,45.12147653620904],[0.379113400082475,45.12163484602504],[0.379325073945081,45.121598380337346],[0.379392830604639,45.12118465840747],[0.379598327032694,45.120981380713566],[0.379584815205582,45.120781063546794],[0.378813404629997,45.1203530208979],[0.37834553759646,45.11993751628881],[0.377617102291044,45.11946182694215],[0.37733453694075,45.11911103654462],[0.377655491158141,45.118670839326434],[0.377893637184584,45.11812418946225],[0.378323995948383,45.117819896824564],[0.378446488024759,45.11762277774204],[0.378458260828645,45.11734467686349],[0.378971785689732,45.117328823345694],[0.379302935102016,45.117159131315795],[0.379813462282667,45.1163387015184],[0.380583890703333,45.115945096173114],[0.381758569862052,45.1159663845053],[0.382106503893641,45.11589978105698],[0.382772136111375,45.11548838493866],[0.383354267821765,45.11561015770789],[0.383854331648587,45.11601738744704],[0.384266325345775,45.11596849671915],[0.384355122767348,45.11581112155121],[0.384556224332462,45.11578250659466],[0.384700407541368,45.11552913380915],[0.384883985899628,45.11541272030108],[0.385765384742382,45.11509375513952],[0.385774244530713,45.11455072297875],[0.38588460764997,45.11442178027797],[0.386158172366537,45.114475942346054],[0.386776348067743,45.11431656229728],[0.387065967068379,45.11397290297789],[0.387040790206809,45.113803845540744]]]]}},{"type":"Feature","properties":{"fid":2101,"ID":"COMMUNE_0000000009754755","NOM":"Neuvic","NOM_M":"NEUVIC","INSEE_COM":"24309","STATUT":"Commune simple","POPULATION":3663,"INSEE_CAN":"24","INSEE_ARR":"3","INSEE_DEP":"24","INSEE_REG":"75","SIREN_EPCI":"200040095"},"geometry":{"type":"MultiPolygon","coordinates":[[[[0.483481145402099,45.06364693579157],[0.481002046673535,45.06326028492508],[0.479934000408937,45.06290010822966],[0.478406213337973,45.06253131527944],[0.477350588101234,45.06212184768777],[0.475608010921266,45.06178148192854],[0.474038765931094,45.06134682696657],[0.473003889036001,45.06084500002854],[0.471901357421501,45.059815530526286],[0.470104342473474,45.05896666148533],[0.470107191127621,45.05890366660484],[0.469427539911157,45.05853058773892],[0.46884818106188,45.05852552972833],[0.465987647541235,45.05817671253601],[0.464277856149004,45.05779006716743],[0.46316608348377,45.05772601148509],[0.462089844972721,45.05780328763096],[0.46151560615661,45.057741554167784],[0.460972483910789,45.05758233400435],[0.460523920959692,45.05763606729191],[0.459298701579484,45.057971167255836],[0.458927890181842,45.05821584755176],[0.458567245023182,45.05812473964418],[0.458462458442152,45.057941276474125],[0.45824035378665,45.05807403854294],[0.458030316716999,45.05802510282106],[0.457407348325951,45.05746946784562],[0.455909383650358,45.05698212803573],[0.453428891406915,45.055658831272346],[0.452471909387064,45.05546217772893],[0.450346950476654,45.055236979731454],[0.450305949637891,45.05530000191637],[0.449617059847882,45.05541214943253],[0.448968197734511,45.0558170877562],[0.448611334712004,45.056368345693954],[0.446727624577792,45.05818094470127],[0.446449906943658,45.05897454096215],[0.44570124451639,45.05967085432022],[0.445360788690999,45.0610584787919],[0.445387132471619,45.06156716860178],[0.444868003544152,45.0623020742507],[0.444344256388707,45.06436203977694],[0.444228407705078,45.066090838853775],[0.444558969234067,45.06720288060474],[0.444098124329235,45.06858053678258],[0.443548877420883,45.069583205764786],[0.442734401486987,45.07010232629551],[0.441601498071809,45.071634808004625],[0.439688722023907,45.07187193146768],[0.438398466300817,45.072479181340945],[0.436612245060531,45.07364345256697],[0.436234917574316,45.0736374719649],[0.435163817953511,45.07423261338285],[0.432550022485687,45.076166927826286],[0.435067614580301,45.07707894330142],[0.435715237752439,45.077401948681484],[0.436441597944279,45.077921349469],[0.436894657515226,45.07838400939627],[0.43736489740154,45.07911011600127],[0.436894914596073,45.079710093292995],[0.434462946686939,45.08161260782268],[0.433422587599798,45.08261473800054],[0.432623666636052,45.08361972056026],[0.432393370795003,45.08406575009218],[0.432246987005849,45.084955140009],[0.432816997701399,45.085917792836774],[0.432904380438885,45.08642429401608],[0.432892953554814,45.08827982621568],[0.432734444556598,45.08849148272711],[0.43358632617881,45.0897975512238],[0.434889890576155,45.091294185302814],[0.435628950121074,45.09198414630159],[0.436723030540596,45.093336301520445],[0.437649566823988,45.09429361484955],[0.438965355341646,45.09547247157643],[0.438557667592823,45.09579282079725],[0.438321082470291,45.09584864207921],[0.438167747460669,45.09616943113736],[0.437946094788205,45.096315682107644],[0.437918615479135,45.096526755236624],[0.437690642393191,45.09683862089258],[0.436345567116907,45.09848961655189],[0.434320271729718,45.09863579718621],[0.433078884121288,45.09905044217949],[0.432324496450481,45.09905288372059],[0.431727384738222,45.09914813116827],[0.430957130192127,45.09966189486787],[0.430527286997673,45.100047470014154],[0.429480793209746,45.1016719414919],[0.428730110640676,45.102201457696744],[0.427844085760215,45.10321161689422],[0.427213090152157,45.103682626236775],[0.426264717547878,45.10400126280987],[0.427339975041363,45.1057350515041],[0.428857880166851,45.105425039825434],[0.428741901489608,45.105263810051206],[0.430939159942957,45.104537019634115],[0.432827014729467,45.104203050138786],[0.432899985023055,45.10374978874035],[0.433838293556768,45.10337230814371],[0.433595592646445,45.10300637008411],[0.436574443569595,45.10062724752059],[0.43719178606547,45.100479287599725],[0.437983240162805,45.10050108744585],[0.438044290723796,45.10058447024023],[0.438348004166677,45.100646404483776],[0.438392570405893,45.1007564343729],[0.439601757877844,45.100267118836626],[0.439885532064938,45.100570024505394],[0.44095088085617,45.100582779537405],[0.442674202113141,45.1009493512112],[0.444861959197702,45.10184184195927],[0.444527031333344,45.10232333591442],[0.444590955042166,45.10245542778357],[0.444841521889663,45.10251162109211],[0.4449201279948,45.102600807562176],[0.444940763852543,45.103012077626836],[0.445151175298413,45.103251127260165],[0.445167829366725,45.10344339445381],[0.445031287815334,45.103703318855075],[0.445263455636889,45.10430141354102],[0.445181049941064,45.10437880136097],[0.444823887263117,45.10437241590018],[0.444737304499664,45.104930772829405],[0.444972122388614,45.105109123046],[0.445295312337427,45.105079595307146],[0.445429466393859,45.105178162356566],[0.445308389322477,45.10535015633778],[0.445010457404382,45.10532801260262],[0.444940268338804,45.10538856378817],[0.444943510903261,45.105623765506934],[0.444609621133754,45.10563683131907],[0.444549346059744,45.10573094181098],[0.444768776041,45.1060233503051],[0.444537666637882,45.106209036797445],[0.444705567201985,45.106515578839065],[0.444788536912297,45.10703818462797],[0.44506934695449,45.107295964652025],[0.445448864237687,45.107342499564496],[0.445365714003559,45.10743608629997],[0.445208786367011,45.10744600273277],[0.445229903978626,45.107679812480676],[0.444982788257157,45.10768676063682],[0.445063642629607,45.10786608565198],[0.445310257189901,45.10792579031237],[0.44521520320299,45.108112794811845],[0.445285365949189,45.108247731893755],[0.445548268795643,45.108229433464935],[0.445688863293535,45.108354272963126],[0.445681781930244,45.108564914649286],[0.445412329814832,45.10878215599553],[0.446040072026393,45.109215445759574],[0.446652006219129,45.10927090456886],[0.446704172750233,45.10943785983227],[0.446625399028582,45.10960271667422],[0.44685623809661,45.1096737676987],[0.446744157734686,45.10998290208769],[0.447045215709729,45.110132135102454],[0.446552273204606,45.110479391463656],[0.446611585349648,45.110879836272304],[0.446270143976115,45.11102966734415],[0.446366508526485,45.111176014412294],[0.446814788227503,45.1113610517891],[0.447066268342545,45.11167671124796],[0.446935559930084,45.11208721796873],[0.447480702275608,45.11249158094732],[0.447477981112686,45.112996907774935],[0.4473800645317,45.113107274717805],[0.447436482976587,45.113431979633255],[0.447318739013415,45.11375359751427],[0.447163402210552,45.114034716092235],[0.446851833174533,45.11417081956828],[0.446858780735137,45.11435295492096],[0.44669212794991,45.114603184146226],[0.446462024613488,45.114710522802056],[0.44650804628936,45.11487283316239],[0.446252394597347,45.115010215912676],[0.446139332173263,45.11520131356841],[0.446305193619611,45.11538618850296],[0.446323365614052,45.115628939582564],[0.449571739124241,45.115598799883195],[0.449693527384211,45.115355648038026],[0.453026881705783,45.11488412389637],[0.456391325889561,45.11498616354385],[0.457439738250585,45.117530711066074],[0.457979828205346,45.118272731045074],[0.459179393187427,45.119566697369955],[0.459528939943676,45.120302565011976],[0.459670802637291,45.12174448558603],[0.459897780128066,45.122629806271966],[0.461882125450559,45.12214168131128],[0.464000493890175,45.1215034228621],[0.468572032045663,45.12095057937611],[0.469801835168153,45.120683911818396],[0.470417688091621,45.120318621864364],[0.470964416458793,45.11973735492218],[0.472350973877681,45.118845412666026],[0.474726230890374,45.11811999149352],[0.475096353745116,45.11843286605222],[0.47658004485014,45.11778270289093],[0.478767027939641,45.11866187524026],[0.480838286540941,45.11920236738607],[0.481321269035685,45.11955290403257],[0.482198212395528,45.118925893492566],[0.482017989904781,45.11784259249028],[0.48194242526605,45.115735575619894],[0.481724746437194,45.11441089905495],[0.482414964406433,45.11256080885646],[0.48280908937604,45.11203009452322],[0.48250928029078,45.11108823286933],[0.480194638470966,45.105821764524926],[0.480261438546965,45.105609771190444],[0.479217084741435,45.10233676187352],[0.479965975967221,45.10206181880037],[0.482364016329001,45.10154667103225],[0.483684932605268,45.10142065272218],[0.484250151980092,45.10143881725776],[0.485948013408228,45.10161405793418],[0.4871181618472,45.10189899147227],[0.48864080442173,45.10252066733055],[0.489459399547303,45.10298683337757],[0.491333705722217,45.10132912449971],[0.491463583977712,45.101241061564124],[0.491741717963599,45.10144911229254],[0.492322668265463,45.10097482330113],[0.492778802483963,45.1012130008591],[0.493547797709864,45.101367226498795],[0.494902186984422,45.10125984574758],[0.495187027372924,45.10131849690525],[0.495425278927137,45.10150852563901],[0.49575183371547,45.10160144420167],[0.496926681561448,45.101697200474305],[0.497891490996981,45.101626076122315],[0.499853399021725,45.101330481450454],[0.500825402149816,45.1006144848594],[0.501464506681514,45.1003738734035],[0.502650863808547,45.10052477948778],[0.503236021784005,45.100751390679285],[0.503480248754666,45.09998213158095],[0.505739674109612,45.10020027662182],[0.51169307614653,45.09881362358834],[0.514705912258855,45.09796288816688],[0.51544737400069,45.09759205718144],[0.515953414123342,45.09730966224494],[0.516476795400101,45.09572052820387],[0.51713708473653,45.09511455993544],[0.518124852999188,45.094494261488855],[0.518815692288528,45.093543041337526],[0.519233787278237,45.09352172060369],[0.519154167297001,45.09104533729521],[0.517263773141288,45.091402309367474],[0.51657109865553,45.091449933885286],[0.516266775980793,45.087908248744654],[0.515948653475201,45.08791286841437],[0.515970734836899,45.08724403556602],[0.516287982867304,45.08723038801598],[0.516244837159352,45.08602590273677],[0.515532305825199,45.086178475062226],[0.515088581071107,45.08594787440205],[0.514663610176885,45.08603929058709],[0.514512319240475,45.08626743225266],[0.514230907999714,45.086447628968834],[0.51449080704531,45.08660837135932],[0.514512665665586,45.08677461379627],[0.514301172012681,45.086812235628415],[0.513998840138274,45.08674783702611],[0.513009031144066,45.08744462172071],[0.512473176192262,45.08771282271776],[0.511076389678384,45.08772397211322],[0.510505551007721,45.08749231533531],[0.509976279788317,45.087555259385866],[0.509448181002495,45.08719212812597],[0.508837365745977,45.08725864916397],[0.507979594041435,45.08701696055968],[0.507441816087955,45.085901398163436],[0.507290830283263,45.08575118299043],[0.506927521569965,45.08571422779637],[0.506640190999279,45.08594111726894],[0.506432867464233,45.085970709925896],[0.505026993243728,45.08590140399992],[0.504847558681133,45.08573343230927],[0.505028189407804,45.08541857796618],[0.504874696241581,45.08529622940887],[0.504100593939143,45.08540320893757],[0.501208850628975,45.084778971447264],[0.500864751422247,45.08476765075189],[0.500626988045018,45.0848524022938],[0.500811833736316,45.085041221919944],[0.500844980198842,45.085181596533175],[0.50075149457181,45.085310122399164],[0.500484165596867,45.08537349107964],[0.500133584334839,45.08530797200634],[0.499980367456674,45.085407230915145],[0.499956547497418,45.08554182345813],[0.50008248515624,45.085654552329565],[0.500090608296811,45.085814184428],[0.49982396599652,45.08591900596009],[0.499479963393499,45.08593380786429],[0.499271238005827,45.086108392188244],[0.499331720282252,45.08620614019649],[0.499161599839605,45.0862852000981],[0.498918167765186,45.0862121727502],[0.498830274455091,45.086016517722],[0.498560524254558,45.08587803779927],[0.497905086828059,45.0859471005174],[0.496947054976716,45.08590126066964],[0.496093783123914,45.08598658799823],[0.49431344868454,45.085845671929725],[0.494016488321267,45.08597412095432],[0.493758663998237,45.086392622027546],[0.493350165870908,45.08676809584104],[0.493125994617192,45.08680449177049],[0.49307618931961,45.08672409650338],[0.493227910506999,45.086573464637645],[0.492979746972412,45.08646428375135],[0.492807579750941,45.08656040426798],[0.492814350714485,45.0867497350044],[0.492566143745667,45.086754960107484],[0.492539859544877,45.08637691268146],[0.492276511650657,45.08635116749565],[0.492164769407563,45.0866594457405],[0.492427545248878,45.086981557816195],[0.49233369512537,45.08708934943658],[0.492030758288692,45.08712397057815],[0.491511175127654,45.087055521282345],[0.491119311924557,45.08745658572398],[0.490771939001367,45.087659562872226],[0.490035155983765,45.08758531465411],[0.48995603660142,45.0874781329106],[0.48936227100352,45.08758907357684],[0.488991016575089,45.08755908768558],[0.488395256006027,45.08762944000185],[0.486377852302779,45.0874713429861],[0.485421105855125,45.08748128627052],[0.484893148524626,45.08723154568545],[0.484315090654342,45.08730407750736],[0.483868512540178,45.08756334934102],[0.482918816013694,45.087501362125366],[0.482096638194964,45.08709271718405],[0.481940040215679,45.08689909838457],[0.481350450255476,45.086606508503124],[0.480843710223398,45.086535596827446],[0.480341486527708,45.086308036365004],[0.479668395923978,45.08583698167746],[0.479290915527392,45.085776193244115],[0.47849900105484,45.08585376593458],[0.478406759993382,45.08567150762576],[0.478521656664025,45.085379528345726],[0.478667988612789,45.08537743454825],[0.478453481978414,45.08494557548548],[0.478307923802958,45.08428195519216],[0.478183345714909,45.08267381378347],[0.477772867720301,45.08148440384033],[0.47763211623311,45.08071459094997],[0.477419802088939,45.08065753457158],[0.477376445332504,45.08054754961437],[0.477249306424209,45.07939157831813],[0.477588908301725,45.07845877677246],[0.478248418949084,45.077170172704584],[0.478456978778797,45.07590018725084],[0.478755958970853,45.075472743254366],[0.479294486328032,45.074948922789645],[0.479719907569144,45.07464955582052],[0.480147996406883,45.0746295115812],[0.480652521304032,45.074069782836766],[0.480803295246754,45.07272642058456],[0.480602955300108,45.071613843723846],[0.481042407052107,45.07091751510102],[0.481072195134346,45.07034074382199],[0.481243653903726,45.06986446786014],[0.481378460077451,45.06975040545438],[0.482023025659155,45.069580303146076],[0.482232620134777,45.069358026672134],[0.48264375890001,45.069120486053],[0.483557952922143,45.068721346655096],[0.484044500556288,45.06765492250667],[0.484375405731151,45.06733538831064],[0.484363700975541,45.06683245078657],[0.483933473882124,45.06642095528396],[0.482684279481351,45.06564953096967],[0.482713321825803,45.065173638622824],[0.483481145402099,45.06364693579157]]]]}},{"type":"Feature","properties":{"fid":2563,"ID":"COMMUNE_0000000009754962","NOM":"Jaure","NOM_M":"JAURE","INSEE_COM":"24213","STATUT":"Commune simple","POPULATION":178,"INSEE_CAN":"17","INSEE_ARR":"3","INSEE_DEP":"24","INSEE_REG":"75","SIREN_EPCI":"200040095"},"geometry":{"type":"MultiPolygon","coordinates":[[[[0.57753562107394,45.05807167555693],[0.578196377910636,45.05754645899753],[0.579131418468288,45.05629213889013],[0.579579922739381,45.05603074293991],[0.579838004718921,45.0557643065771],[0.580995498699276,45.05391937113075],[0.58262629619191,45.05038307275231],[0.584508588142388,45.04834575326907],[0.584465394211686,45.04813943210792],[0.582967740406404,45.046420621521506],[0.582798642394609,45.04604041314068],[0.581364195832314,45.045919183907856],[0.575826729828101,45.045123158719235],[0.568943608270858,45.04286879487835],[0.568688463499683,45.04268756543649],[0.567554022889761,45.042624052832544],[0.565806248771089,45.04272728412758],[0.563140362942756,45.042730225670034],[0.561941952180872,45.04253103436137],[0.559138775143867,45.04157420775702],[0.557288746382129,45.04119673008586],[0.555578871061788,45.04127630970903],[0.554790492297653,45.04193010684381],[0.550255081845884,45.04464366717121],[0.545799010447199,45.04629133006746],[0.543909930192742,45.046801881439855],[0.54263405080442,45.047006143819225],[0.5428413448562,45.04844933171886],[0.542501887195385,45.050970450803085],[0.541625105125532,45.05059257045142],[0.539288254101736,45.05275608444533],[0.535712496542022,45.053957990139274],[0.534142280290508,45.05290619951243],[0.53280904922948,45.053628860983586],[0.532737906353704,45.05400292988144],[0.532219205663526,45.05449680127967],[0.531731331414268,45.05475263432073],[0.531079850314105,45.05534625234825],[0.530953774715433,45.055841615440414],[0.53061439369063,45.05618811646918],[0.530460653674979,45.056734213092064],[0.528970167623319,45.05885593737407],[0.528220567576171,45.05979868792921],[0.527147948225945,45.060629766469006],[0.527345449508823,45.06093502888221],[0.526891184973882,45.06120510151612],[0.527199194584336,45.061569570314845],[0.527226900808448,45.061862955604454],[0.527071250187311,45.06201984783285],[0.526704411997184,45.06215223216471],[0.526400689219948,45.062754449574456],[0.526411048123713,45.063066367451626],[0.526850798590038,45.06321125740705],[0.526809908084942,45.06370490614169],[0.527540066512189,45.065044438356644],[0.528179009619278,45.06433525150432],[0.528530189983381,45.06412594390752],[0.529858028326957,45.06379146336155],[0.534785918007485,45.06347905168374],[0.535201405234753,45.06356932139658],[0.53639121482394,45.063279453576904],[0.537755366908356,45.06333123800208],[0.538276790359256,45.063180614467065],[0.539631917498091,45.06309074659385],[0.54021029733789,45.063090008751004],[0.540735872818311,45.063191697108074],[0.540835230743898,45.0631290313039],[0.541389048527525,45.06313765412808],[0.541681283631027,45.06319815401348],[0.542201909125483,45.06309433772973],[0.542456488641223,45.06317292199157],[0.542917384484721,45.06303985890288],[0.543143230866335,45.062875485553064],[0.544235555949933,45.062546451049776],[0.544753287349037,45.0625083195314],[0.545212468024096,45.06238511847977],[0.545427699360766,45.06217276306164],[0.546324372577195,45.06221774314325],[0.548526045925998,45.062561693601765],[0.5504174933847,45.062995165849316],[0.550836666406784,45.06300168127125],[0.551005655341549,45.06306124803736],[0.551603892766113,45.06359417488471],[0.552672018713923,45.06384645789982],[0.553664994165525,45.063666486873956],[0.554491815125995,45.06371076719998],[0.556015827153036,45.063537028508016],[0.557140603462765,45.06388960160003],[0.557375939860189,45.063827201120816],[0.557731206084561,45.06387102427684],[0.557904379790837,45.06403877064241],[0.55755288598431,45.06719835177197],[0.557789163505921,45.067260284103995],[0.558186057844605,45.06751581029841],[0.560040436160493,45.067522213483265],[0.560680970951729,45.06784612449473],[0.562083233132468,45.0678137656248],[0.562494642674011,45.068232642139854],[0.562844991684785,45.068448397401326],[0.563879022551803,45.067852152747676],[0.56499813498939,45.06693616654367],[0.566791305960832,45.06463772759489],[0.568647910913489,45.063420728539406],[0.56985054907992,45.06171920811524],[0.570745892559884,45.06094602163207],[0.571116799313684,45.060717196266594],[0.573119960641499,45.059837527017734],[0.576338627367989,45.05871133443195],[0.57753562107394,45.05807167555693]]]]}},{"type":"Feature","properties":{"fid":2702,"ID":"COMMUNE_0000000009754551","NOM":"Léguillac-de-l'Auche","NOM_M":"LEGUILLAC-DE-L'AUCHE","INSEE_COM":"24236","STATUT":"Commune simple","POPULATION":974,"INSEE_CAN":"17","INSEE_ARR":"3","INSEE_DEP":"24","INSEE_REG":"75","SIREN_EPCI":"200040095"},"geometry":{"type":"MultiPolygon","coordinates":[[[[0.562106212210608,45.16823807607487],[0.559899066873576,45.17007890346945],[0.559707427925535,45.17041343015618],[0.559165441602008,45.17086731322891],[0.558775680255597,45.171392988191826],[0.555796697619161,45.172851111065064],[0.555673612111526,45.17298624460012],[0.555464916130049,45.17301140129265],[0.555378097722843,45.17316174247547],[0.554407879584362,45.17335939089605],[0.554154261853117,45.17362498757778],[0.553886947002187,45.17373804047633],[0.553275011978497,45.17383903362355],[0.552567893405845,45.17419377665891],[0.550395495303733,45.17534604387155],[0.547994296546057,45.17683376548532],[0.547375061721159,45.176549003422544],[0.546292168790148,45.17565678165639],[0.54610873485756,45.1752806976739],[0.546127892307599,45.17472889816613],[0.544965713533198,45.1737583470993],[0.545013302955459,45.17354499177948],[0.543261352175067,45.17321456287989],[0.542473800763984,45.17273328501477],[0.541121486296831,45.17240981982701],[0.540188731084192,45.17201631175262],[0.539800072642357,45.17167442936427],[0.538502215813718,45.172456576172536],[0.536553884830672,45.17285500256704],[0.534758495548613,45.173538741276886],[0.534223467062079,45.173656644053096],[0.533711298278867,45.17366064109464],[0.531904899456739,45.17326667033688],[0.52945150566361,45.17330517264839],[0.52505332205277,45.17374553127271],[0.523144618462197,45.1741085713797],[0.521330839235254,45.17411154276956],[0.519986318138858,45.17433121031906],[0.518844258287858,45.17469499647001],[0.518395454015378,45.17502103813196],[0.517521798347191,45.17542050766751],[0.516602589304023,45.17572706929819],[0.515518947399727,45.17666597082543],[0.516244462721392,45.1773640708796],[0.517927985488964,45.17828797064983],[0.518913934428493,45.179145890980834],[0.522191771754227,45.180713234108914],[0.521565670774873,45.1813596629214],[0.520846038534751,45.18193194241342],[0.521594475239254,45.18263321722148],[0.522297368166525,45.18306952385852],[0.524400151284139,45.184857542341014],[0.524708529091653,45.184826545200586],[0.526288976506128,45.1850949040297],[0.525951584327669,45.185291921332215],[0.525362608784315,45.18630764651374],[0.525060202023575,45.18651985075617],[0.52454124415286,45.18722002230133],[0.523904526303497,45.187817584307425],[0.523154001913699,45.18888376795813],[0.522819703494206,45.18958442649217],[0.52205324585387,45.190348462080514],[0.524223460701037,45.191483952772245],[0.525649203216404,45.192113734253134],[0.525227101631656,45.19275479903515],[0.524794870972058,45.19376769347812],[0.524283735803631,45.194605871729976],[0.523639982560512,45.195130309338374],[0.522697589302723,45.195550824177154],[0.523622413153463,45.195985738198516],[0.525588456725374,45.19713378573571],[0.525852804092389,45.197580165307905],[0.525981868126207,45.19863523138324],[0.526491607799793,45.19923749053344],[0.527779642415547,45.19878135526603],[0.529250744398449,45.198535554036795],[0.531985389246359,45.19775193230175],[0.535033311170316,45.19639320841942],[0.537246420304204,45.19685644327047],[0.538008374641414,45.19691378693937],[0.53973237969731,45.1974319474686],[0.539388230836734,45.19792614025294],[0.540502721323373,45.198889389193425],[0.540959814806776,45.200516494495496],[0.541373216478258,45.20079315281462],[0.542369085227475,45.201240281628635],[0.54345469367284,45.2024280774904],[0.543676435139896,45.202832935803094],[0.545026489411674,45.20377519380927],[0.54565384419181,45.20402681107909],[0.547376216756774,45.20386376583932],[0.548152211510339,45.203661900347605],[0.549911070376018,45.20371221913248],[0.550535349572033,45.20359889527566],[0.551435127945315,45.203624936031474],[0.552110077451671,45.203837922579105],[0.554130589523622,45.20492538674917],[0.554648950343476,45.20528086550408],[0.555076318340772,45.20529923233578],[0.55645299188797,45.20593023522653],[0.556194407822318,45.20645157484735],[0.556367416128657,45.20660400163734],[0.556054763751227,45.20801059674966],[0.556140026570254,45.208595314404285],[0.557065179298462,45.208684022137334],[0.557920269376338,45.208859473486676],[0.56007839877282,45.20890484650269],[0.564057085451064,45.209225928425944],[0.56442722814643,45.208950234263405],[0.56481143746509,45.208790154477704],[0.567383185974692,45.20817597559532],[0.567729871086966,45.20802858138235],[0.568650342782255,45.20787386199951],[0.56900352910822,45.20763561986389],[0.569282874192053,45.20666428101307],[0.570328001149406,45.20566546548816],[0.570750957123504,45.20479003607924],[0.571264837412418,45.2041967465117],[0.571454935711693,45.20369370466866],[0.571511379910128,45.20339224793977],[0.57105795482151,45.20206985243343],[0.571145539809603,45.20163845073618],[0.571966080664598,45.20073202933542],[0.571995733341878,45.19823463015953],[0.571786631750002,45.197798577898624],[0.57090343156319,45.19680825471891],[0.570319393656159,45.19576588012672],[0.57017482872853,45.19484297106222],[0.569181129009946,45.1942267815152],[0.569757054205595,45.19399158754979],[0.57212777340089,45.194086409662695],[0.572652850580195,45.19390684842649],[0.573419277554287,45.19377306893259],[0.575277364767422,45.1930279051888],[0.576673541478428,45.1918285707657],[0.577326396767684,45.19187427001688],[0.577838429984322,45.19149531621868],[0.578034368694468,45.19170676088666],[0.578842323658066,45.19114324399429],[0.582929404324871,45.19384694874731],[0.584459346393435,45.19358638834987],[0.586260064338315,45.19357488858151],[0.587374987191839,45.1935422355347],[0.588807553876402,45.193146187766146],[0.591262052983244,45.19218483030035],[0.592179076439007,45.19174788832676],[0.593760603897851,45.19117482444916],[0.590000140919497,45.19001630536897],[0.589729740164958,45.18999425242516],[0.587950585378111,45.18924416280403],[0.586339993348754,45.189163408091616],[0.584915313729944,45.189437979419374],[0.583690092510861,45.18954839344403],[0.581886039128191,45.189463386849006],[0.581135539230489,45.189525500501695],[0.580914835196619,45.18947387434728],[0.580209249490026,45.188793761794905],[0.581708587589084,45.188060538720435],[0.583050048804384,45.18685364034732],[0.580601960936827,45.185464662310345],[0.580160047972053,45.184815487111486],[0.580556811577137,45.18465472992571],[0.580618088231439,45.1845047170922],[0.580340599263368,45.18429421172292],[0.580303503497895,45.183974510466896],[0.579478076163931,45.18303415440559],[0.578692869434344,45.18266489575975],[0.577850085186956,45.182389870977964],[0.576732328447932,45.18167106194194],[0.576787751340753,45.180482255663065],[0.577603398949874,45.17967929614536],[0.577860035252907,45.17916598239465],[0.57796243786723,45.178479062764616],[0.577780305374983,45.17692296479749],[0.577808215903035,45.17622091639728],[0.577995249440119,45.17560880194865],[0.577962555112682,45.173661381093225],[0.577414390328488,45.17244055843247],[0.575580675027037,45.17234758747518],[0.574007158753558,45.17198188368243],[0.570193852555849,45.1714908411365],[0.569472663193475,45.17108957650403],[0.566172957216384,45.16959883549553],[0.563434986779653,45.16851753188322],[0.562552960877881,45.168827076898374],[0.562194903671826,45.16845261249072],[0.562106212210608,45.16823807607487]]]]}},{"type":"Feature","properties":{"fid":2722,"ID":"COMMUNE_0000000009754757","NOM":"Douzillac","NOM_M":"DOUZILLAC","INSEE_COM":"24157","STATUT":"Commune simple","POPULATION":846,"INSEE_CAN":"24","INSEE_ARR":"3","INSEE_DEP":"24","INSEE_REG":"75","SIREN_EPCI":"200040095"},"geometry":{"type":"MultiPolygon","coordinates":[[[[0.383242866433576,45.076900709953904],[0.383082126830876,45.07794466696579],[0.383183439986081,45.07827947444648],[0.383534640813706,45.078817445327815],[0.383639100912098,45.07886764562892],[0.38387409667859,45.07879118330559],[0.383899381753362,45.07898456708536],[0.384072761434707,45.07916521229489],[0.384059703131546,45.079254093593036],[0.383696041865823,45.079335642884054],[0.383681509418609,45.07945602062559],[0.383818482397413,45.07949076826809],[0.383863290236654,45.07970172740384],[0.384081036110411,45.079858189511974],[0.38390479451374,45.08006485906571],[0.384162808458753,45.08023037453155],[0.384097781276782,45.08056037461327],[0.384304815082531,45.0807012696097],[0.384714516740426,45.08080458005171],[0.384678350884051,45.080925350991954],[0.384281543414914,45.08106288034317],[0.384167335077693,45.08130253791937],[0.384497063824049,45.08156613130498],[0.384487945622939,45.08181546334102],[0.384689479441232,45.08210127145622],[0.385026058928224,45.08216412587208],[0.385148595732139,45.08261654508848],[0.384835991093215,45.08274794487416],[0.384680200756458,45.08297941997693],[0.384804656691276,45.083037295507985],[0.385095535049931,45.08288106186655],[0.385147503908757,45.08293903751738],[0.385275840089308,45.083811406793224],[0.385110364256296,45.084521928120225],[0.384960500635502,45.08476255179045],[0.384769003521755,45.08496886520752],[0.383931341710697,45.08542306853187],[0.38312246797834,45.086077038728355],[0.382029929202891,45.087329737553816],[0.381935665442932,45.087849138488906],[0.382052967587807,45.0886032375105],[0.381878272382585,45.08923786473816],[0.38221330002932,45.08955203896741],[0.383117450868574,45.08982552571782],[0.383196332279149,45.0902868325008],[0.383331099437161,45.09036927563564],[0.383302855542917,45.090537979880956],[0.383502414061395,45.09062194424313],[0.38335015462004,45.09102196811088],[0.383510717871949,45.09096087418835],[0.383593266727517,45.091017766792966],[0.383579825899938,45.091114747422075],[0.38335494128951,45.091191448018584],[0.383362626881037,45.091271807791166],[0.384132396594142,45.09137366349955],[0.384161638420156,45.09145543010984],[0.383914819171737,45.09153882407702],[0.383855286131412,45.0917239108454],[0.383995983221751,45.09195153575937],[0.383889641198525,45.09224002704685],[0.383940143803935,45.0923294999874],[0.384303723381271,45.09241461055804],[0.384303275175759,45.09247856329434],[0.383865550747283,45.09384214700362],[0.383781043067004,45.09439781490626],[0.383856964516817,45.09451491138516],[0.383624465007541,45.09467251438858],[0.383916114297961,45.09509917684813],[0.384691563262009,45.09502638792264],[0.385050616177736,45.09594291216759],[0.385261460470034,45.096166775964676],[0.385826729924381,45.096073732093075],[0.386167129906402,45.09643756853248],[0.386365494050236,45.09681969424646],[0.386309127262764,45.09710035123885],[0.386573331884989,45.098223652450685],[0.386709562976617,45.09843855646137],[0.386433838927487,45.09881316786279],[0.386545290021731,45.09901397759381],[0.386846161613024,45.09913544583077],[0.387183186790068,45.09946316406714],[0.387114533941126,45.09959849005079],[0.386438317967858,45.099860109048464],[0.386324837803208,45.10008357167795],[0.38612158896559,45.100104930870934],[0.385507735335864,45.10074638186376],[0.385509541204501,45.100979755355205],[0.386056482542488,45.10242230059533],[0.386073848383718,45.10311189071427],[0.385699777085678,45.10316798146355],[0.385986279018127,45.10332515032352],[0.38602851409086,45.10348289620336],[0.38562920273261,45.10356181804571],[0.385633129736685,45.1038042503685],[0.385834623543308,45.10395672290067],[0.385912942637227,45.104240539288924],[0.385904492161695,45.10444844738299],[0.385731503218828,45.104720063358826],[0.385926571933036,45.10476517869526],[0.385874794349152,45.10554593964418],[0.386599220049476,45.10561517923743],[0.386593751262867,45.10586820196503],[0.386091171061178,45.1064140699719],[0.385474684236896,45.10683834627438],[0.385088128252651,45.10745990418399],[0.385183026629574,45.107797262993884],[0.385071101654504,45.10790544731574],[0.385460955846714,45.10811098731635],[0.385661203565781,45.108154422572845],[0.386057568643127,45.108030385976434],[0.386178967725879,45.108154853449],[0.386132619642508,45.10868349218085],[0.385900645683184,45.10920957971543],[0.385672340454238,45.10941233193819],[0.385644034114052,45.10966391844927],[0.385838714646008,45.11088739432534],[0.386459760729708,45.112706448611895],[0.38646188289386,45.113123612619916],[0.38667390973415,45.11351416630274],[0.386880810914796,45.113633430082174],[0.386856016125705,45.113728343709376],[0.387040790206809,45.113803845540744],[0.387544794688448,45.113800342751816],[0.387624107492208,45.114580574308704],[0.387871913799928,45.114750343897086],[0.388227528793523,45.1147640813028],[0.388494819667575,45.11527934850878],[0.388223519670427,45.115421640384724],[0.388266050611947,45.11565506760683],[0.387673857990918,45.1158844339822],[0.388609242036206,45.116343282653126],[0.388654479754774,45.11643713445383],[0.389128557429181,45.116557246388304],[0.389455777519713,45.1167432863362],[0.389881625137716,45.11680641014432],[0.389928562770444,45.11724534370651],[0.390253405282325,45.11740069511948],[0.39046500248604,45.1176651057487],[0.390766508296984,45.11782981918263],[0.391080799477633,45.117966002351764],[0.391227892028081,45.11794962475857],[0.391269193798829,45.11782806963212],[0.391365298599704,45.11786815596732],[0.391492194712394,45.11809364592614],[0.391470276272849,45.11837241022389],[0.391716528227316,45.11871240335676],[0.392337213111949,45.11920890099453],[0.392245480220351,45.119702247046845],[0.392033897527316,45.119818918583164],[0.392283563905596,45.12019502598963],[0.393719118036535,45.11926283608211],[0.394424677384327,45.117502766998484],[0.394588749434668,45.11728588280395],[0.39489156166288,45.11723169848432],[0.395368100486678,45.11678067525579],[0.395641888595271,45.11628437377668],[0.395952802704965,45.116001549479876],[0.396419159371687,45.11478542764887],[0.396675465558987,45.114527452196484],[0.397106642715978,45.11433932444191],[0.399119287777765,45.113933151329704],[0.40105390441534,45.113808903668435],[0.401801815494483,45.11340291977772],[0.402800680263707,45.113072146650076],[0.403336593076889,45.11281976999219],[0.403738778765191,45.11246067432804],[0.404480907529744,45.111548239927174],[0.405070536784225,45.11107008265423],[0.40596048090917,45.11056287607316],[0.407302050599862,45.11022021967418],[0.40854381521608,45.11013648419721],[0.414186104904495,45.107854946479016],[0.419357114832464,45.10800090972531],[0.423451594683119,45.10820823838242],[0.424212048407379,45.10813212206577],[0.42483320896807,45.1079590912413],[0.425619642561524,45.107567357161926],[0.427339975041363,45.1057350515041],[0.426264717547878,45.10400126280987],[0.427213090152157,45.103682626236775],[0.427844085760215,45.10321161689422],[0.428730110640676,45.102201457696744],[0.429480793209746,45.1016719414919],[0.430527286997673,45.100047470014154],[0.430957130192127,45.09966189486787],[0.431727384738222,45.09914813116827],[0.432324496450481,45.09905288372059],[0.433078884121288,45.09905044217949],[0.434320271729718,45.09863579718621],[0.436345567116907,45.09848961655189],[0.437690642393191,45.09683862089258],[0.437918615479135,45.096526755236624],[0.437946094788205,45.096315682107644],[0.438167747460669,45.09616943113736],[0.438321082470291,45.09584864207921],[0.438557667592823,45.09579282079725],[0.438965355341646,45.09547247157643],[0.437649566823988,45.09429361484955],[0.436723030540596,45.093336301520445],[0.435628950121074,45.09198414630159],[0.434889890576155,45.091294185302814],[0.43358632617881,45.0897975512238],[0.432734444556598,45.08849148272711],[0.432892953554814,45.08827982621568],[0.432904380438885,45.08642429401608],[0.432816997701399,45.085917792836774],[0.432246987005849,45.084955140009],[0.432393370795003,45.08406575009218],[0.432623666636052,45.08361972056026],[0.433422587599798,45.08261473800054],[0.434462946686939,45.08161260782268],[0.436894914596073,45.079710093292995],[0.43736489740154,45.07911011600127],[0.436894657515226,45.07838400939627],[0.436441597944279,45.077921349469],[0.435715237752439,45.077401948681484],[0.435067614580301,45.07707894330142],[0.432550022485687,45.076166927826286],[0.429521130821328,45.07465208667581],[0.42724888319867,45.07368975433287],[0.426249897245269,45.07332344669022],[0.424466273365184,45.07282368016529],[0.423704014404696,45.07242498534094],[0.423027264740135,45.07188142115609],[0.42232295520196,45.070391299603195],[0.42154792730797,45.06991211609076],[0.419936377553685,45.06943337358185],[0.419154096626736,45.06927741798298],[0.415793920532465,45.06908780596361],[0.414926080361555,45.069105505779426],[0.411423505616779,45.06932866102845],[0.410934217725402,45.06979205099955],[0.410340358435849,45.06990526989379],[0.409852635019781,45.06992275816108],[0.409217586032217,45.06974493119071],[0.408768292068014,45.0694543078526],[0.407902919304103,45.069500838611134],[0.405920280436648,45.07000872408499],[0.405359279975045,45.069961424798166],[0.403995465366861,45.069762986687905],[0.403155334561843,45.06942989828637],[0.402488843411485,45.06858825264167],[0.40213945659125,45.068309841029155],[0.40171811844931,45.068184701064425],[0.400980174216505,45.068088207687616],[0.399486032552059,45.068096576982086],[0.397880724872062,45.067843776756],[0.396994910444609,45.067865421099576],[0.396619413796994,45.06779358385931],[0.395630531742513,45.067380385513665],[0.39532270621156,45.0670020247348],[0.394940495205531,45.0671291193735],[0.393771874873978,45.06787293654679],[0.392623622258035,45.06880640439326],[0.392294306908501,45.07025271995023],[0.392385412214339,45.07108006142931],[0.392519807022116,45.07136067935406],[0.387835965728455,45.07392296774093],[0.3874392728767,45.0739776279598],[0.386387842406354,45.074575476767976],[0.385487035073958,45.07480658705051],[0.38356368411615,45.07558754401036],[0.383402463284552,45.07588105025208],[0.383434517041678,45.076880887456234],[0.383242866433576,45.076900709953904]]]]}},{"type":"Feature","properties":{"fid":3294,"ID":"COMMUNE_0000000009754965","NOM":"Saint-Séverin-d'Estissac","NOM_M":"SAINT-SEVERIN-D'ESTISSAC","INSEE_COM":"24502","STATUT":"Commune simple","POPULATION":91,"INSEE_CAN":"24","INSEE_ARR":"3","INSEE_DEP":"24","INSEE_REG":"75","SIREN_EPCI":"200040095"},"geometry":{"type":"MultiPolygon","coordinates":[[[[0.460522333431958,45.037874037837256],[0.461080586906396,45.03811558613886],[0.462350406025733,45.038888638775745],[0.462930151844209,45.03949731297738],[0.464608784640729,45.042382235802066],[0.46514269342826,45.04361143995518],[0.463263345552934,45.045657710052446],[0.461340098341585,45.048108335175556],[0.46113711142667,45.04846494879875],[0.461192957944867,45.048690534282464],[0.458641410558945,45.04918905720928],[0.45756762703248,45.04991495655583],[0.456516489633162,45.05036570218725],[0.455865404683191,45.05084990209708],[0.455335699018719,45.05151524155556],[0.455276384032645,45.05245618051632],[0.455610903858538,45.052673723545176],[0.452188477893268,45.05448547081791],[0.450346950476654,45.055236979731454],[0.452471909387064,45.05546217772893],[0.453428891406915,45.055658831272346],[0.455909383650358,45.05698212803573],[0.457407348325951,45.05746946784562],[0.458030316716999,45.05802510282106],[0.45824035378665,45.05807403854294],[0.458462458442152,45.057941276474125],[0.458567245023182,45.05812473964418],[0.458927890181842,45.05821584755176],[0.459298701579484,45.057971167255836],[0.460523920959692,45.05763606729191],[0.460972483910789,45.05758233400435],[0.46151560615661,45.057741554167784],[0.462089844972721,45.05780328763096],[0.46316608348377,45.05772601148509],[0.464277856149004,45.05779006716743],[0.465987647541235,45.05817671253601],[0.46884818106188,45.05852552972833],[0.469427539911157,45.05853058773892],[0.470107191127621,45.05890366660484],[0.470104342473474,45.05896666148533],[0.471901357421501,45.059815530526286],[0.473003889036001,45.06084500002854],[0.474038765931094,45.06134682696657],[0.475608010921266,45.06178148192854],[0.477350588101234,45.06212184768777],[0.478406213337973,45.06253131527944],[0.479934000408937,45.06290010822966],[0.481002046673535,45.06326028492508],[0.483481145402099,45.06364693579157],[0.484191423446666,45.063709825352205],[0.485401623996168,45.06336870752007],[0.486686302984955,45.063208525943],[0.48584249523812,45.06122383553859],[0.486206415346775,45.06113025426411],[0.489038767677499,45.0596771223051],[0.490195089771343,45.05917439043496],[0.491282159756774,45.059081772683825],[0.492067335131491,45.05883370750733],[0.492161219065766,45.05872411702648],[0.492096167043104,45.05853077258888],[0.492243357952474,45.05845120941026],[0.492802825234011,45.05847461563433],[0.492954975242708,45.05828435951439],[0.493394827155693,45.05811228978863],[0.49313526558763,45.05774971389834],[0.49324184880492,45.057243136931305],[0.492922665247505,45.05648104612962],[0.49290050494345,45.056067961463434],[0.493226135259353,45.05552307536216],[0.494298211692964,45.054287825444675],[0.495390184319155,45.05360072533946],[0.492319539566818,45.052810047887974],[0.490653340979481,45.051423053462436],[0.488842504535914,45.050174203395315],[0.488276019358701,45.049657856272944],[0.486177375162381,45.048142125036044],[0.480357472994104,45.04494681257308],[0.479751294037721,45.04446825790213],[0.478232218436253,45.04357896187337],[0.477424585012492,45.043229156080784],[0.477224422161007,45.04183461748095],[0.476182040504406,45.0392525948498],[0.474617883095906,45.037057801356596],[0.473816118172101,45.035623483722915],[0.473672418578797,45.034950895513],[0.471801022584034,45.03528766746698],[0.469047963758214,45.03756100604194],[0.468095079722376,45.03798165518376],[0.467050163540573,45.038329936621615],[0.465410413294496,45.03854215283018],[0.464452444682386,45.03851313274538],[0.463365405696197,45.03838837624154],[0.462247516563874,45.03810345549935],[0.460989294097206,45.03788739089986],[0.460522333431958,45.037874037837256]]]]}},{"type":"Feature","properties":{"fid":3509,"ID":"COMMUNE_0000000009754554","NOM":"Saint-Aquilin","NOM_M":"SAINT-AQUILIN","INSEE_COM":"24371","STATUT":"Commune simple","POPULATION":463,"INSEE_CAN":"24","INSEE_ARR":"3","INSEE_DEP":"24","INSEE_REG":"75","SIREN_EPCI":"200040095"},"geometry":{"type":"MultiPolygon","coordinates":[[[[0.51349085302539,45.21511117651821],[0.514422496058433,45.21459769994267],[0.516945274327926,45.21266920768225],[0.518095349149099,45.21148400789454],[0.51879448403845,45.21098064459412],[0.519468572641516,45.210667704526124],[0.520936004964778,45.21042642722541],[0.52136665790199,45.21028554217525],[0.523149275220623,45.20934585457475],[0.523630571289887,45.20892501473273],[0.523979085533344,45.20830844400834],[0.524043098731671,45.20784231495515],[0.523327117481524,45.205339152050314],[0.52339999612195,45.204242615795664],[0.523712787920151,45.203454090779935],[0.525754097782372,45.20066883404249],[0.525912471689755,45.200315602247535],[0.526035731271049,45.1995471958947],[0.526491607799793,45.19923749053344],[0.525981868126207,45.19863523138324],[0.525852804092389,45.197580165307905],[0.525588456725374,45.19713378573571],[0.523622413153463,45.195985738198516],[0.522697589302723,45.195550824177154],[0.523639982560512,45.195130309338374],[0.524283735803631,45.194605871729976],[0.524794870972058,45.19376769347812],[0.525227101631656,45.19275479903515],[0.525649203216404,45.192113734253134],[0.524223460701037,45.191483952772245],[0.52205324585387,45.190348462080514],[0.522819703494206,45.18958442649217],[0.523154001913699,45.18888376795813],[0.523904526303497,45.187817584307425],[0.52454124415286,45.18722002230133],[0.525060202023575,45.18651985075617],[0.525362608784315,45.18630764651374],[0.525951584327669,45.185291921332215],[0.526288976506128,45.1850949040297],[0.524708529091653,45.184826545200586],[0.524400151284139,45.184857542341014],[0.522297368166525,45.18306952385852],[0.521594475239254,45.18263321722148],[0.520846038534751,45.18193194241342],[0.521565670774873,45.1813596629214],[0.522191771754227,45.180713234108914],[0.518913934428493,45.179145890980834],[0.517927985488964,45.17828797064983],[0.516244462721392,45.1773640708796],[0.515518947399727,45.17666597082543],[0.514967363261586,45.17612398423335],[0.512577736393607,45.1760428231753],[0.511492627221617,45.175555589905855],[0.510876131516805,45.17538509161167],[0.508054147554934,45.17471853744341],[0.506086811146225,45.174423250288974],[0.50098361993968,45.17470096974941],[0.496804269445515,45.174598296652135],[0.49387274875957,45.17359560133723],[0.490404316551723,45.17280957475915],[0.487882986269747,45.16948809492593],[0.486271922806045,45.167932948707026],[0.486053385970954,45.16735597333893],[0.485827040881977,45.16703737112238],[0.485443757592118,45.166697214528334],[0.483639603952948,45.16553045568247],[0.482811185992557,45.1648108933907],[0.481749899506721,45.16431398938804],[0.48151456577656,45.164082559383765],[0.481271283568205,45.16312394700417],[0.480615720672879,45.16187675572683],[0.480335460155307,45.15990382735677],[0.479507698924358,45.16024457777412],[0.478498634084546,45.159919085042084],[0.477774646235184,45.15990722491771],[0.477393328881797,45.16000490680289],[0.476282597449456,45.160886965454374],[0.475367192629544,45.16186982724689],[0.474576323841284,45.16226633058356],[0.47132276120637,45.16221155949251],[0.469636299026616,45.16182919168402],[0.469084637612949,45.162285134113056],[0.467367652696545,45.162547966886365],[0.466833746511527,45.162359274995836],[0.466201764989517,45.1625079834193],[0.465970152115667,45.16244867087574],[0.465704093918032,45.162306595760334],[0.465549827454542,45.162030126285245],[0.465397389086633,45.16224647722515],[0.465493157290555,45.162605399586724],[0.465345706337921,45.16273988409358],[0.465447065087489,45.16294758633874],[0.465332080680387,45.163124248662896],[0.465784320415323,45.16365342579057],[0.466551261889116,45.16395461823133],[0.466598538585398,45.164147578227876],[0.466211257993418,45.164403641900066],[0.466171316175554,45.16452615490741],[0.466928484200194,45.16456586854491],[0.466934515975024,45.164910140073545],[0.466458216091935,45.165135355777785],[0.466526447446487,45.16525942416764],[0.466946222279345,45.16512931868442],[0.467249794812166,45.165230801797925],[0.467190119355074,45.16536728124],[0.466808501269309,45.16547032678035],[0.46669665970987,45.16557769451839],[0.466963348364398,45.1657062681346],[0.466959021068914,45.16580166276735],[0.466699587246328,45.16599036228755],[0.46661660672491,45.166331712194214],[0.466698894103743,45.16653898022285],[0.466894345425199,45.16666593659531],[0.467200409514498,45.166684595640895],[0.467493522000379,45.16710114715229],[0.467833992689204,45.16717553872498],[0.467772541968669,45.167435398300675],[0.468352103406754,45.167348551661455],[0.468403102143723,45.16745961557287],[0.467979606756806,45.167699549388445],[0.467904539809382,45.16831584709445],[0.468100000088606,45.16844280140758],[0.468077162521238,45.16852516384051],[0.467639601462055,45.16868189685439],[0.46772504574973,45.16884779539821],[0.468059331728605,45.16908690609201],[0.468276264231885,45.169077414048594],[0.468493389439219,45.16917603110612],[0.468655920693183,45.16938331620094],[0.468863344211783,45.169415047588814],[0.469156598076301,45.16980096780565],[0.46934583088018,45.16964400259868],[0.469544862013008,45.1698890499776],[0.469635924090902,45.170155972439744],[0.469434775627877,45.17026672328231],[0.469434504379124,45.17046941426621],[0.469249534526554,45.17061656675002],[0.469174524828311,45.170810355766484],[0.469199047580226,45.17088748641076],[0.469529602213443,45.17092831499384],[0.469391565788036,45.171163917012215],[0.469455521886356,45.171214014658695],[0.469761571615402,45.17109302997998],[0.469942634813125,45.17120073599425],[0.469753437864624,45.17163787568393],[0.469968536660642,45.17178148751119],[0.470134351635992,45.17208523848636],[0.469907889662108,45.17224856820811],[0.469895525229371,45.172352789540284],[0.470107495456052,45.172593624767856],[0.470046155349001,45.172794931351945],[0.470494109865278,45.17285913844904],[0.470390173477488,45.17321352955166],[0.470705525795452,45.17342157273705],[0.470869379993619,45.17345951958621],[0.470964852061444,45.173348172825335],[0.471225135690796,45.1734504648645],[0.471276614807838,45.17374801961244],[0.4710832477654,45.17396795608628],[0.471610990083973,45.17412675675046],[0.471720343941905,45.174299499812335],[0.472112763897115,45.174437214678036],[0.472470208347893,45.17467233147332],[0.473129241853614,45.17466022915253],[0.472962888992838,45.175127620464984],[0.473466523057082,45.17531289240333],[0.473631838138901,45.17562833782662],[0.472613091795571,45.17615840937715],[0.47230068064015,45.176222503214035],[0.471241408451014,45.1761282382737],[0.470339085139273,45.17614022080958],[0.469600648730531,45.1759928532535],[0.466227909730908,45.17498211998536],[0.465610310087777,45.174923052358366],[0.464170076865927,45.17511285308724],[0.465039698523455,45.17826136258427],[0.465677130739646,45.1789505975194],[0.464259636261697,45.1798994591619],[0.462485889146693,45.18092218535361],[0.461994636020639,45.18155694729537],[0.463330497394464,45.182350361885455],[0.463725587690614,45.18321517716163],[0.464124006133097,45.18381070316145],[0.464140166764346,45.18395971566034],[0.463961015645228,45.18414573124099],[0.464270195808638,45.184294193886615],[0.464548026071899,45.18471220778061],[0.462901677193267,45.18497479206671],[0.460313339535698,45.18586545977343],[0.459301314294962,45.18612890971466],[0.458355918238732,45.18652359510707],[0.456052281250524,45.18689453325534],[0.455380583492285,45.18706930960471],[0.45296301630259,45.18795379531086],[0.451434938788395,45.188663950650586],[0.450969220984726,45.189544293806364],[0.450050179935484,45.190698060784214],[0.449790796502035,45.191216452015105],[0.449562214911043,45.192092298119256],[0.449673288596222,45.19300743517526],[0.449880027893132,45.19336260339874],[0.450535882684661,45.194010907419226],[0.450818375395842,45.19452095465994],[0.450922887429698,45.194966577915196],[0.452780658438553,45.19529996784541],[0.454140567833417,45.195403058721325],[0.455634657790599,45.195357842180194],[0.456315293934742,45.19543641435809],[0.453198705219208,45.19683290584527],[0.452845541370694,45.197312229122765],[0.45092798008704,45.2007134620139],[0.453594014018069,45.20486883615999],[0.454360788151193,45.2077547503273],[0.4559092840988,45.20951434213772],[0.456320117751927,45.209895768349476],[0.456785523672498,45.21000276385382],[0.461992451371542,45.210268072343496],[0.464383279201118,45.21021427864384],[0.46525462937471,45.210082711668846],[0.468294597397171,45.209260698621925],[0.4690492939892,45.209003036698405],[0.46977011530723,45.20864910860708],[0.47071789177793,45.20997956375934],[0.471423352013178,45.21142704393565],[0.471610870481141,45.211395254382026],[0.472099485728813,45.21163784317016],[0.472350916621764,45.21236153855071],[0.472770669582052,45.212492657762645],[0.47261921989151,45.21316309116498],[0.472338181053736,45.21345852654411],[0.471859486592453,45.21459992148985],[0.47182248469878,45.21499457200232],[0.472753460240018,45.21489852846835],[0.472845067140251,45.21433935086149],[0.476110178225786,45.21307898213714],[0.477776719541685,45.212527457212275],[0.479279818058353,45.211643397570995],[0.479961921089521,45.211553389115906],[0.480966376249899,45.21236882604749],[0.482981277612153,45.21358630240864],[0.485356127588242,45.21541633619312],[0.486414697346244,45.214750993959484],[0.487090806089763,45.21448333332629],[0.488117760142364,45.21389654181784],[0.487266223615088,45.21276750357327],[0.487109989277674,45.212359493840005],[0.487091283631794,45.21116180603117],[0.490310868334707,45.21158194679394],[0.49044438656063,45.21139035795899],[0.490523265846743,45.21042999431463],[0.490327507779629,45.20908689263615],[0.491875919630862,45.20835053185043],[0.492056464404234,45.20776451342799],[0.491725204170026,45.20739402019613],[0.491612159596687,45.20693203437729],[0.491062011899384,45.206243117111796],[0.490944458363047,45.20596660959261],[0.491135052018992,45.20493038108714],[0.491533171275466,45.20418168975237],[0.49210048640638,45.20358093768439],[0.492302957111357,45.2030170333331],[0.492701186454079,45.20235032082584],[0.492614545848892,45.20217991174387],[0.493144265551892,45.20159272505648],[0.493254833055632,45.20162763893041],[0.493568010662349,45.20137882154957],[0.497096894832879,45.202420115229245],[0.497952511177055,45.20263478101891],[0.498641803218087,45.20272229471472],[0.498787712457472,45.202935466516884],[0.501857702249854,45.20537889150243],[0.503157439787725,45.20606469728867],[0.503394328743378,45.2062672847677],[0.504026600989493,45.206320157004676],[0.506961691115676,45.20614429244544],[0.507861205117268,45.205834653587004],[0.508204583720751,45.206192754905146],[0.509148691001979,45.209109212707865],[0.510432344864003,45.212101698313695],[0.511971076559499,45.213321534551426],[0.512858973978821,45.21444667867406],[0.513142715717064,45.2145719120658],[0.51315173466323,45.21494146926585],[0.51349085302539,45.21511117651821]]]]}},{"type":"Feature","properties":{"fid":3741,"ID":"COMMUNE_0000000009754753","NOM":"Grignols","NOM_M":"GRIGNOLS","INSEE_COM":"24205","STATUT":"Commune simple","POPULATION":668,"INSEE_CAN":"17","INSEE_ARR":"3","INSEE_DEP":"24","INSEE_REG":"75","SIREN_EPCI":"200040095"},"geometry":{"type":"MultiPolygon","coordinates":[[[[0.531731331414268,45.05475263432073],[0.531669322679665,45.0545161438492],[0.530741816961055,45.05402084598115],[0.529415084554502,45.052666301919515],[0.529055360569204,45.05246644430252],[0.52903320475102,45.052162373517405],[0.527819139950926,45.05176879082958],[0.527760354941456,45.05163236148052],[0.52722531165167,45.051517787452404],[0.527140066093322,45.052468971610026],[0.526604028321332,45.05433169345776],[0.525229479236687,45.05589922960156],[0.524967520916499,45.05593124304819],[0.523661649316272,45.05657693637562],[0.523557722818416,45.056398062529155],[0.522921497190007,45.0565298480365],[0.522302723242348,45.05566479750748],[0.521849289552682,45.05525654096547],[0.521668686656566,45.05482913110279],[0.521675316961934,45.053847372285716],[0.521164564610599,45.05309822364879],[0.52025165310698,45.05244821785906],[0.519801941056476,45.052243623248934],[0.518937820167909,45.052213564371456],[0.518620202694977,45.05212541264229],[0.516341785497354,45.04971533988044],[0.515615077492485,45.04910998461242],[0.514897941241043,45.04900480007752],[0.513763914151356,45.04847231704613],[0.512957149778767,45.04863987270491],[0.512795516773574,45.04887408257222],[0.511866967174654,45.04909386114308],[0.510916615862424,45.04974644609579],[0.509707289171263,45.05030675217161],[0.506817646840863,45.05095825734146],[0.506574873542736,45.050303318818315],[0.505193021402452,45.050399386532334],[0.504168209760083,45.05015481625808],[0.503693536243544,45.050710802846574],[0.504477070199354,45.05177783977254],[0.503781430525119,45.052415355656095],[0.505231046847147,45.05353695244638],[0.505361745951734,45.054482156152446],[0.505605108220853,45.05523800494568],[0.506066518974022,45.05580685795837],[0.509060843825869,45.058205237411705],[0.509965920342198,45.058716432658116],[0.51062701184513,45.059541063273386],[0.510838328356863,45.06019078538525],[0.511150151381047,45.0604671041322],[0.512506408686789,45.060694686365586],[0.513762893192819,45.060650674774585],[0.515377688594034,45.06175419972196],[0.516168087243159,45.06158715776671],[0.51642109116219,45.06161441971006],[0.517033514529625,45.06184877871253],[0.517627638781613,45.061836798513795],[0.517880204916052,45.061730723818954],[0.518255053467453,45.061389553048656],[0.519425669351361,45.06121834804879],[0.519899170164618,45.06180542636641],[0.521474307501411,45.06314759853483],[0.521736713354191,45.06362277174181],[0.521916688910927,45.064351947190325],[0.522224900134131,45.0650272225263],[0.524867802638119,45.06740742970027],[0.524080201186177,45.06808446900433],[0.522926542173197,45.06878849631123],[0.522404506410393,45.070184891281926],[0.521848292872052,45.07011396463887],[0.521178340995653,45.07019995215779],[0.52114810878,45.07033710723991],[0.520922600084439,45.07052036348768],[0.519675161895508,45.07115831317642],[0.518991102377005,45.07187726189136],[0.518572382436006,45.07217422013606],[0.518536931794162,45.0726580807169],[0.518281004799524,45.07298208597808],[0.517796963456011,45.07320371779996],[0.517396826814562,45.07425598810086],[0.516279109119137,45.074718427848836],[0.515437632356926,45.075287011017146],[0.515099418031683,45.07565962164602],[0.514705008085929,45.07635257734807],[0.513507245053142,45.077041117754],[0.513166311890424,45.07784606574309],[0.513153744050019,45.07835746241433],[0.512556858914077,45.079885475830004],[0.513206182809854,45.08012337922745],[0.513392183355719,45.08060137277201],[0.511796088667643,45.08303854915114],[0.511732298559962,45.083443404265466],[0.511997799678293,45.08416370073837],[0.512978394816199,45.08521705627375],[0.513378053095626,45.08540884686172],[0.513998840138274,45.08674783702611],[0.514301172012681,45.086812235628415],[0.514512665665586,45.08677461379627],[0.51449080704531,45.08660837135932],[0.514230907999714,45.086447628968834],[0.514512319240475,45.08626743225266],[0.514663610176885,45.08603929058709],[0.515088581071107,45.08594787440205],[0.515532305825199,45.086178475062226],[0.516244837159352,45.08602590273677],[0.516287982867304,45.08723038801598],[0.515970734836899,45.08724403556602],[0.515948653475201,45.08791286841437],[0.516266775980793,45.087908248744654],[0.51657109865553,45.091449933885286],[0.517263773141288,45.091402309367474],[0.519154167297001,45.09104533729521],[0.519233787278237,45.09352172060369],[0.518815692288528,45.093543041337526],[0.518124852999188,45.094494261488855],[0.51713708473653,45.09511455993544],[0.516476795400101,45.09572052820387],[0.515953414123342,45.09730966224494],[0.51544737400069,45.09759205718144],[0.515751882320391,45.09838167842481],[0.515799584002513,45.09999885583139],[0.516071423131681,45.100808467533604],[0.516265473715594,45.1020235268144],[0.516190783244539,45.10278848112659],[0.516297040518924,45.1033457692888],[0.517975852561255,45.10303634099521],[0.518947007845312,45.10313723696712],[0.521507606090581,45.10368156121771],[0.526228848981845,45.1038080643316],[0.526954198428585,45.10406018065264],[0.528998843587135,45.10525770198759],[0.530820851297171,45.10576651498883],[0.531500304474465,45.10582030020558],[0.533234665298624,45.10551997990957],[0.533804625948528,45.10531639051308],[0.534433074483236,45.10488257652555],[0.534865285477273,45.1068505594095],[0.534916940285273,45.107727317241675],[0.534737779449584,45.108905256196515],[0.53557385043561,45.11031283733936],[0.535425411258737,45.110851861026276],[0.534904869575753,45.111779927367145],[0.536155922898752,45.11309668633093],[0.537799360325442,45.11266996469739],[0.538428431490549,45.11239648932928],[0.538798755593863,45.11193172553815],[0.539817155724497,45.10922917012727],[0.539948103274195,45.10827717226709],[0.540382029877262,45.10827413601823],[0.540834017776378,45.108496705813955],[0.541056327558692,45.109515952619695],[0.54196836074143,45.10948922349228],[0.542215555614989,45.11000094431339],[0.543229290789767,45.11142319085669],[0.544724263800103,45.11168043576316],[0.545065458464311,45.11309415576699],[0.546666434007495,45.112937521529275],[0.547478968509864,45.11268605001246],[0.548737752245757,45.11209306026217],[0.550419593364851,45.11206426796603],[0.550458630896945,45.11230564857583],[0.55147121397461,45.11210448664882],[0.551440778174245,45.11279926220061],[0.551700963812889,45.11313288030994],[0.552686405798998,45.11331937045098],[0.553000404166576,45.11585310299691],[0.553353495019963,45.116448196417686],[0.553905303130664,45.11689270522084],[0.55444206152996,45.1170125807019],[0.555250363390547,45.11694562988002],[0.556109798188242,45.11652396486627],[0.558665735965034,45.11629349874209],[0.559501735371341,45.11611632160663],[0.561029383974195,45.115541690659775],[0.561730579988121,45.11370041555738],[0.562081550981045,45.113266684156336],[0.562212810946025,45.11294075135096],[0.562059805336867,45.11207350895096],[0.562375850226878,45.11133183017178],[0.562571943206838,45.1103650231477],[0.562964975972702,45.10998716021439],[0.562607313435305,45.10934966056523],[0.562479228312163,45.10881537041609],[0.563161407344234,45.10723221431054],[0.564885825290998,45.10502503480455],[0.565461193205229,45.10448989983994],[0.567025281316824,45.10385833965587],[0.56740292222421,45.10330626783772],[0.564027541278546,45.10154349913608],[0.561860631696595,45.10030702634392],[0.560351484595434,45.09868944614762],[0.560763681614122,45.09833723621284],[0.562484234716885,45.09644800992342],[0.562879094546192,45.095880116288114],[0.563959029321993,45.095380347020715],[0.564290065876022,45.095109227267415],[0.564601143114031,45.09465390202055],[0.565010574505224,45.09351699868643],[0.56512204396844,45.09341043435744],[0.564679661940067,45.09299719826961],[0.564608925518167,45.09246056229021],[0.564974427107036,45.09055069328432],[0.56488436927771,45.08975690063644],[0.565536931634152,45.08951892792729],[0.565020723059699,45.08866988285326],[0.563352951482888,45.08526974909327],[0.562615229736918,45.08413659249312],[0.564217850605469,45.08301678258363],[0.565372727374597,45.08081879335717],[0.565467510251038,45.08004345499406],[0.567146171391275,45.07755151750287],[0.56695521948054,45.07717711021861],[0.567244390577211,45.07666725468084],[0.567708079277868,45.07518471971604],[0.567517098800818,45.07501569988329],[0.567361147316071,45.074684396156826],[0.56745801740623,45.07368479958408],[0.567185163558577,45.07332301754131],[0.567143480051362,45.073112216233135],[0.567558686788513,45.0728023927606],[0.568152030706063,45.07181633815424],[0.56583504559763,45.0695542222951],[0.562844991684785,45.068448397401326],[0.562494642674011,45.068232642139854],[0.562083233132468,45.0678137656248],[0.560680970951729,45.06784612449473],[0.560040436160493,45.067522213483265],[0.558186057844605,45.06751581029841],[0.557789163505921,45.067260284103995],[0.55755288598431,45.06719835177197],[0.557904379790837,45.06403877064241],[0.557731206084561,45.06387102427684],[0.557375939860189,45.063827201120816],[0.557140603462765,45.06388960160003],[0.556015827153036,45.063537028508016],[0.554491815125995,45.06371076719998],[0.553664994165525,45.063666486873956],[0.552672018713923,45.06384645789982],[0.551603892766113,45.06359417488471],[0.551005655341549,45.06306124803736],[0.550836666406784,45.06300168127125],[0.5504174933847,45.062995165849316],[0.548526045925998,45.062561693601765],[0.546324372577195,45.06221774314325],[0.545427699360766,45.06217276306164],[0.545212468024096,45.06238511847977],[0.544753287349037,45.0625083195314],[0.544235555949933,45.062546451049776],[0.543143230866335,45.062875485553064],[0.542917384484721,45.06303985890288],[0.542456488641223,45.06317292199157],[0.542201909125483,45.06309433772973],[0.541681283631027,45.06319815401348],[0.541389048527525,45.06313765412808],[0.540835230743898,45.0631290313039],[0.540735872818311,45.063191697108074],[0.54021029733789,45.063090008751004],[0.539631917498091,45.06309074659385],[0.538276790359256,45.063180614467065],[0.537755366908356,45.06333123800208],[0.53639121482394,45.063279453576904],[0.535201405234753,45.06356932139658],[0.534785918007485,45.06347905168374],[0.529858028326957,45.06379146336155],[0.528530189983381,45.06412594390752],[0.528179009619278,45.06433525150432],[0.527540066512189,45.065044438356644],[0.526809908084942,45.06370490614169],[0.526850798590038,45.06321125740705],[0.526411048123713,45.063066367451626],[0.526400689219948,45.062754449574456],[0.526704411997184,45.06215223216471],[0.527071250187311,45.06201984783285],[0.527226900808448,45.061862955604454],[0.527199194584336,45.061569570314845],[0.526891184973882,45.06120510151612],[0.527345449508823,45.06093502888221],[0.527147948225945,45.060629766469006],[0.528220567576171,45.05979868792921],[0.528970167623319,45.05885593737407],[0.530460653674979,45.056734213092064],[0.53061439369063,45.05618811646918],[0.530953774715433,45.055841615440414],[0.531079850314105,45.05534625234825],[0.531731331414268,45.05475263432073]]]]}},{"type":"Feature","properties":{"fid":3887,"ID":"COMMUNE_0000000009754756","NOM":"Saint-Germain-du-Salembre","NOM_M":"SAINT-GERMAIN-DU-SALEMBRE","INSEE_COM":"24418","STATUT":"Commune simple","POPULATION":906,"INSEE_CAN":"24","INSEE_ARR":"3","INSEE_DEP":"24","INSEE_REG":"75","SIREN_EPCI":"200040095"},"geometry":{"type":"MultiPolygon","coordinates":[[[[0.473078108551577,45.13740531875574],[0.471127583718605,45.13741786213076],[0.470134213857182,45.13728993125021],[0.469198182971098,45.13699212745298],[0.468744813273644,45.136154840384975],[0.468089524488873,45.13572916891988],[0.467840995642434,45.135006434267844],[0.467119955255419,45.13361713533784],[0.466867617073441,45.132473605976976],[0.466988079481706,45.131472774256586],[0.466761407446976,45.13077395624571],[0.466334082408727,45.13029039087589],[0.465798335184247,45.13000885705468],[0.465361127729873,45.129659292619],[0.464968567287906,45.128606261795284],[0.463570693380871,45.12783305837069],[0.462391493384599,45.12532793727267],[0.462455193864862,45.12490597849139],[0.459897780128066,45.122629806271966],[0.459670802637291,45.12174448558603],[0.459528939943676,45.120302565011976],[0.459179393187427,45.119566697369955],[0.457979828205346,45.118272731045074],[0.457439738250585,45.117530711066074],[0.456391325889561,45.11498616354385],[0.453026881705783,45.11488412389637],[0.449693527384211,45.115355648038026],[0.449571739124241,45.115598799883195],[0.446323365614052,45.115628939582564],[0.446305193619611,45.11538618850296],[0.446139332173263,45.11520131356841],[0.446252394597347,45.115010215912676],[0.44650804628936,45.11487283316239],[0.446462024613488,45.114710522802056],[0.44669212794991,45.114603184146226],[0.446858780735137,45.11435295492096],[0.446851833174533,45.11417081956828],[0.447163402210552,45.114034716092235],[0.447318739013415,45.11375359751427],[0.447436482976587,45.113431979633255],[0.4473800645317,45.113107274717805],[0.447477981112686,45.112996907774935],[0.447480702275608,45.11249158094732],[0.446935559930084,45.11208721796873],[0.447066268342545,45.11167671124796],[0.446814788227503,45.1113610517891],[0.446366508526485,45.111176014412294],[0.446270143976115,45.11102966734415],[0.446611585349648,45.110879836272304],[0.446552273204606,45.110479391463656],[0.447045215709729,45.110132135102454],[0.446744157734686,45.10998290208769],[0.44685623809661,45.1096737676987],[0.446625399028582,45.10960271667422],[0.446704172750233,45.10943785983227],[0.446652006219129,45.10927090456886],[0.446040072026393,45.109215445759574],[0.445412329814832,45.10878215599553],[0.445681781930244,45.108564914649286],[0.445688863293535,45.108354272963126],[0.445548268795643,45.108229433464935],[0.445285365949189,45.108247731893755],[0.44521520320299,45.108112794811845],[0.445310257189901,45.10792579031237],[0.445063642629607,45.10786608565198],[0.444982788257157,45.10768676063682],[0.445229903978626,45.107679812480676],[0.445208786367011,45.10744600273277],[0.445365714003559,45.10743608629997],[0.445448864237687,45.107342499564496],[0.44506934695449,45.107295964652025],[0.444788536912297,45.10703818462797],[0.444705567201985,45.106515578839065],[0.444537666637882,45.106209036797445],[0.444768776041,45.1060233503051],[0.444549346059744,45.10573094181098],[0.444609621133754,45.10563683131907],[0.444943510903261,45.105623765506934],[0.444940268338804,45.10538856378817],[0.445010457404382,45.10532801260262],[0.445308389322477,45.10535015633778],[0.445429466393859,45.105178162356566],[0.445295312337427,45.105079595307146],[0.444972122388614,45.105109123046],[0.444737304499664,45.104930772829405],[0.444823887263117,45.10437241590018],[0.445181049941064,45.10437880136097],[0.445263455636889,45.10430141354102],[0.445031287815334,45.103703318855075],[0.445167829366725,45.10344339445381],[0.445151175298413,45.103251127260165],[0.444940763852543,45.103012077626836],[0.4449201279948,45.102600807562176],[0.444841521889663,45.10251162109211],[0.444590955042166,45.10245542778357],[0.444527031333344,45.10232333591442],[0.444861959197702,45.10184184195927],[0.442674202113141,45.1009493512112],[0.44095088085617,45.100582779537405],[0.439885532064938,45.100570024505394],[0.439601757877844,45.100267118836626],[0.438392570405893,45.1007564343729],[0.438348004166677,45.100646404483776],[0.438044290723796,45.10058447024023],[0.437983240162805,45.10050108744585],[0.43719178606547,45.100479287599725],[0.436574443569595,45.10062724752059],[0.433595592646445,45.10300637008411],[0.433838293556768,45.10337230814371],[0.432899985023055,45.10374978874035],[0.432827014729467,45.104203050138786],[0.430939159942957,45.104537019634115],[0.428741901489608,45.105263810051206],[0.428857880166851,45.105425039825434],[0.427339975041363,45.1057350515041],[0.425619642561524,45.107567357161926],[0.42483320896807,45.1079590912413],[0.424212048407379,45.10813212206577],[0.423451594683119,45.10820823838242],[0.419357114832464,45.10800090972531],[0.414186104904495,45.107854946479016],[0.40854381521608,45.11013648419721],[0.407302050599862,45.11022021967418],[0.40596048090917,45.11056287607316],[0.405070536784225,45.11107008265423],[0.404480907529744,45.111548239927174],[0.403738778765191,45.11246067432804],[0.403336593076889,45.11281976999219],[0.402800680263707,45.113072146650076],[0.401801815494483,45.11340291977772],[0.40105390441534,45.113808903668435],[0.399119287777765,45.113933151329704],[0.397106642715978,45.11433932444191],[0.396675465558987,45.114527452196484],[0.396419159371687,45.11478542764887],[0.395952802704965,45.116001549479876],[0.395641888595271,45.11628437377668],[0.395368100486678,45.11678067525579],[0.39489156166288,45.11723169848432],[0.394588749434668,45.11728588280395],[0.394424677384327,45.117502766998484],[0.393719118036535,45.11926283608211],[0.392283563905596,45.12019502598963],[0.392593249685961,45.12062118474959],[0.392810034232454,45.12077490193756],[0.393251871334575,45.12079604402692],[0.393647368135939,45.12036475331893],[0.394531033032686,45.11975207962535],[0.395070709974391,45.119721447542574],[0.395423854693386,45.119816183876004],[0.395143885097063,45.12036279128586],[0.395365727322379,45.120626530474716],[0.395911961569681,45.12064649731856],[0.39716591769003,45.12180910161391],[0.397668862050022,45.1219118319544],[0.398015222886871,45.122125319161064],[0.398302930180561,45.12206806979198],[0.398928803177998,45.122263752013666],[0.400544499305792,45.12350322257949],[0.401059125599622,45.12354675068458],[0.401534963338563,45.12341189682695],[0.40201231374306,45.123545541812604],[0.402200481090251,45.1234670441558],[0.402270816851049,45.12367859053809],[0.402445716904653,45.12380338473427],[0.403354576946335,45.12398941774147],[0.404849152746816,45.12444222761527],[0.404981073893823,45.124533585271365],[0.405006679093635,45.12474949398752],[0.405475086518255,45.1247198544808],[0.405738670257981,45.124825986409185],[0.406176264599239,45.12471995226663],[0.406576230375313,45.124739165792796],[0.406865093301731,45.12462966947377],[0.407094417306061,45.12476112715962],[0.40750852940866,45.124832016995256],[0.407638641891615,45.12493504090294],[0.407648376890756,45.125164093151575],[0.407993528714992,45.12532256582419],[0.408022067924502,45.12547547955961],[0.408646583772265,45.12622331928581],[0.408591808341689,45.12636168411868],[0.408770499698405,45.126542411204696],[0.408580931430542,45.12667854439374],[0.408776108165102,45.126860555481336],[0.408617314982507,45.127073979547454],[0.408928260427927,45.12725687899846],[0.409279081944237,45.12773259218928],[0.411339530412609,45.12748405333568],[0.411617353482372,45.12728329849466],[0.412201293176211,45.12654551141126],[0.412502048907256,45.1258768251495],[0.412968596748511,45.12525522777743],[0.413579558158321,45.12492256002524],[0.415401139475599,45.12348013894789],[0.416751414600803,45.12207361799632],[0.418074911711409,45.12204391534747],[0.420211754919087,45.12137537410359],[0.420574001732666,45.12218374024812],[0.421357185705956,45.12341174335791],[0.422274596744742,45.12446176612064],[0.424231047712217,45.12621685611982],[0.423930084516506,45.12653422142158],[0.42363303891244,45.12756697836025],[0.423014732673277,45.12885987370037],[0.423357148117862,45.128968685555535],[0.422582928880178,45.12917150957575],[0.421173439914437,45.12981999093299],[0.420024750517505,45.13019431410482],[0.419445445524763,45.13050252580218],[0.419004900089535,45.13116799478728],[0.418204832504236,45.1330584536093],[0.417919452589476,45.1335878741778],[0.417648406233694,45.133696911614535],[0.417441141537803,45.13449119929846],[0.417801533865271,45.13487251220492],[0.418001147707306,45.135455503941],[0.417851163716741,45.13589166461392],[0.41805718055628,45.13628111363247],[0.417948486622576,45.137503804975346],[0.417353911493275,45.13750715451483],[0.416093486591203,45.13767885722045],[0.415313271867361,45.13767789472326],[0.414847792748458,45.13788962558693],[0.413450092929893,45.13808424253624],[0.413098157066104,45.13798779251167],[0.412446338557014,45.138017715818094],[0.411731502323691,45.13910562044255],[0.411704464270918,45.139606789238385],[0.411511980762834,45.13991493125508],[0.410946678805623,45.1403846875286],[0.410823412698624,45.14081965928439],[0.411036317251576,45.14133450627423],[0.411045075408287,45.14238154581424],[0.411399222087222,45.14267805114505],[0.412104857650862,45.14288901851413],[0.412793420243737,45.14272661626405],[0.413228581580923,45.14281328532514],[0.415511789964712,45.14296170944108],[0.41494097994273,45.1448709821027],[0.41636614597396,45.14537967312525],[0.418181052988086,45.1454991739716],[0.419033169196381,45.145296374840534],[0.420885001407618,45.144643723481785],[0.42344737173513,45.144344390347875],[0.424885613927541,45.14459832198442],[0.426887702251293,45.14513100514093],[0.430631134402093,45.147079429298294],[0.43122773735393,45.14728325700113],[0.431800371754636,45.14731626227048],[0.434858746949792,45.14808211877865],[0.435589057280191,45.14859079343355],[0.438075671253354,45.14933440461237],[0.438872803233077,45.14927523343554],[0.440363158233891,45.14859053747352],[0.443284398187565,45.14787826959032],[0.444058597772971,45.147429355888285],[0.445005900858712,45.14725917080943],[0.449465322463612,45.147763018808774],[0.450503577351463,45.14808224211168],[0.452246453548305,45.14777432460361],[0.452830557608784,45.147388575493075],[0.45332091655887,45.14682501223998],[0.453972078548851,45.147034466498056],[0.454719180452681,45.14620018835294],[0.45478965026164,45.145827031773834],[0.455367117807034,45.145642014365926],[0.455592927366782,45.145100333851005],[0.45574158898393,45.145050573256725],[0.456100783564278,45.14521371657254],[0.456210022882864,45.14516305625155],[0.457161466121748,45.144173067731515],[0.457358552572489,45.14448565997074],[0.456985478857803,45.144767236678234],[0.456958563652384,45.14538642533009],[0.457142687062395,45.14564827339706],[0.457035645604604,45.14609807262741],[0.457886967017724,45.146357110697394],[0.45786024090668,45.146636673847226],[0.458136783398451,45.146714145184795],[0.458536832930866,45.14709892574757],[0.45869937985461,45.14769540506787],[0.45851625636206,45.14777501432052],[0.458470278409323,45.14789017967868],[0.458507681580721,45.14824327420348],[0.458367982790896,45.14859954059226],[0.45845784880536,45.1488628421034],[0.458545600768822,45.1488648414269],[0.458632511673716,45.14863349474039],[0.459030038508309,45.148626335017084],[0.459104998714697,45.14871362568592],[0.458993723961952,45.148976849231225],[0.459127480806243,45.1491429545061],[0.458991995257581,45.14935067320638],[0.459093838300155,45.14954668131243],[0.458853320347217,45.1496844417184],[0.458676687236593,45.149929059541265],[0.459046126379114,45.14997981657714],[0.459082211737359,45.14980226515742],[0.459449863714902,45.15003225439154],[0.459726869413276,45.15004396805705],[0.460838324765995,45.15093951835029],[0.46099179643651,45.15151236472851],[0.460972030798923,45.15158308400392],[0.460705270181632,45.15154187792432],[0.460591105689925,45.15164468157504],[0.460839353159063,45.15192509939503],[0.460769519173823,45.152200979497366],[0.460882898527142,45.15236751953805],[0.460725923449304,45.152655830213945],[0.460810415508997,45.15278567775803],[0.460661018725443,45.15299128032886],[0.460705053433671,45.15308687462513],[0.460920307876943,45.1529449313797],[0.461035560047949,45.152986292164215],[0.46127593905733,45.153271935087204],[0.461456573801814,45.15319136337411],[0.461599693176519,45.153291914592494],[0.461591684477864,45.15352415823785],[0.461873770873103,45.153648591215145],[0.461928478077625,45.153761544433536],[0.461760711872854,45.1540351971071],[0.461873402652985,45.154217035278755],[0.461752788876993,45.15457374046184],[0.461822559130709,45.15471946798405],[0.462141757398413,45.15467177640759],[0.462428578561376,45.155644940351614],[0.464511075130462,45.15498330054948],[0.466771831104656,45.15448872922329],[0.467277741566357,45.15408581410962],[0.468140069274292,45.153572071255255],[0.469631507706544,45.15308250319507],[0.47240359728645,45.15138594434018],[0.473662225751696,45.15108743930048],[0.476529927985891,45.15059470876071],[0.47646052345917,45.14931300340145],[0.475981886271561,45.14818509653182],[0.476125948231959,45.145898347599676],[0.475985427515482,45.14554292834226],[0.47529710294278,45.144661615770175],[0.474099067901723,45.14376425260377],[0.473237018661352,45.142137577050846],[0.473150054645177,45.140598724893614],[0.473243090633292,45.140145894078024],[0.47348234305424,45.1398936657631],[0.473692359535268,45.13933087614489],[0.473300517031373,45.13851031751387],[0.473078108551577,45.13740531875574]]]]}},{"type":"Feature","properties":{"fid":4188,"ID":"COMMUNE_0000000009754751","NOM":"Montrem","NOM_M":"MONTREM","INSEE_COM":"24295","STATUT":"Commune simple","POPULATION":1203,"INSEE_CAN":"17","INSEE_ARR":"3","INSEE_DEP":"24","INSEE_REG":"75","SIREN_EPCI":"200040095"},"geometry":{"type":"MultiPolygon","coordinates":[[[[0.584654751794709,45.15388898734],[0.586178888651444,45.1535310141865],[0.586713668608039,45.1536768075594],[0.58677982184768,45.15344222090514],[0.588451476727651,45.152645100712036],[0.589210089670749,45.15205884177939],[0.589635431204642,45.151524832523],[0.589856631741744,45.15079453507629],[0.589935222704931,45.150064759863525],[0.590717178580504,45.14923126861544],[0.591328160786713,45.148996734952576],[0.591659166665895,45.14867147607607],[0.592370981279725,45.148223816010656],[0.593706646123638,45.147714842099376],[0.594485029647121,45.14758299377718],[0.599020015040488,45.1473023494046],[0.600098254519541,45.14718322178249],[0.600442197934333,45.14705910054704],[0.600951416680044,45.146465600153775],[0.602069091118272,45.14569420479531],[0.602382100284334,45.14531177736519],[0.602678497955799,45.1449010666465],[0.603351580917294,45.14327603270586],[0.60396882181356,45.142239835207484],[0.604511915831663,45.14153714839429],[0.605428754817182,45.140696550762364],[0.608525300716699,45.13921537790325],[0.609805622726445,45.138920329372525],[0.611506468899447,45.13894055131106],[0.612376030343569,45.13902402856705],[0.611182721519707,45.13719503716921],[0.610724587505895,45.13680687969566],[0.609962403960848,45.13644553522175],[0.609619187217774,45.136078752783064],[0.609445009320803,45.13556875915558],[0.609554705806166,45.135473821975765],[0.609521912796171,45.13537763227872],[0.61119522715423,45.13359833719755],[0.611168000258912,45.132508665166434],[0.610952087123387,45.13118884613589],[0.610118273464257,45.129736878497205],[0.610049751079719,45.129196721108215],[0.610617955515757,45.128526978702546],[0.610442667930215,45.12786472539256],[0.610501385983484,45.1271165039592],[0.610223203121552,45.12645024380324],[0.609908974974042,45.1249013108142],[0.610366141471961,45.123137401987165],[0.610264006299055,45.12011027387924],[0.610109476420888,45.119528638213964],[0.610182851113833,45.11935995688536],[0.610028403357883,45.11883597508342],[0.60771709375169,45.11742707497761],[0.607799911171244,45.11677035579126],[0.608555320762242,45.115291208790545],[0.608766317289453,45.115117373231556],[0.608615593659619,45.1147150793507],[0.609193725727857,45.11425635287812],[0.609465643361743,45.11384780926687],[0.60916024816296,45.11221348903702],[0.608552373130084,45.11000786951468],[0.608839793749143,45.109474447696364],[0.609465398084628,45.10912393666588],[0.607691289583865,45.107567105564534],[0.606808639841189,45.106968936150956],[0.606945439324604,45.10665568748683],[0.60570344369942,45.103667141884806],[0.605444047480058,45.103575992356106],[0.605288266158212,45.10379784898787],[0.604750957135467,45.10419617430329],[0.604210350140345,45.10484935672957],[0.604445927276489,45.105318339086004],[0.604245278721505,45.10602296756788],[0.603639876170428,45.107118857070496],[0.602578143296441,45.106693362843146],[0.598751332476771,45.10685241116635],[0.598360739082249,45.10712054714172],[0.597254421176415,45.10684537799912],[0.594703837738669,45.10696603013739],[0.593831819609988,45.10709944861877],[0.593036120222788,45.10726243371254],[0.59114412609266,45.107951227728094],[0.589310708854308,45.10919796442035],[0.588692934044237,45.109481873762356],[0.587090349627271,45.10988769831105],[0.586754190968031,45.11021913040191],[0.577811378995461,45.10736324106303],[0.571296858598952,45.10543515570635],[0.56740292222421,45.10330626783772],[0.567025281316824,45.10385833965587],[0.565461193205229,45.10448989983994],[0.564885825290998,45.10502503480455],[0.563161407344234,45.10723221431054],[0.562479228312163,45.10881537041609],[0.562607313435305,45.10934966056523],[0.562964975972702,45.10998716021439],[0.562571943206838,45.1103650231477],[0.562375850226878,45.11133183017178],[0.562059805336867,45.11207350895096],[0.562212810946025,45.11294075135096],[0.562081550981045,45.113266684156336],[0.561730579988121,45.11370041555738],[0.561029383974195,45.115541690659775],[0.559501735371341,45.11611632160663],[0.558665735965034,45.11629349874209],[0.556109798188242,45.11652396486627],[0.555250363390547,45.11694562988002],[0.555203931282824,45.11765807222448],[0.555365334696104,45.11879666245553],[0.555269953160235,45.11978458805331],[0.556006033292305,45.120584451531165],[0.556456716658459,45.12043308029893],[0.557506396672997,45.121394749244644],[0.556247866960513,45.12221215527728],[0.556308606940495,45.12259814294665],[0.555201659477096,45.123701722714415],[0.554659495960354,45.12457625619108],[0.553823938499742,45.12558308035383],[0.553443049695051,45.12628998806238],[0.552977284707534,45.127540038614065],[0.553100855246524,45.12791479593988],[0.552943926205772,45.128592385208016],[0.552732716145038,45.12891115073734],[0.552463527511164,45.13104743488722],[0.552594809710664,45.131420560572494],[0.552669682707603,45.13261671508329],[0.551400125149039,45.13228436348561],[0.551246453269419,45.13306111558767],[0.552021886637258,45.134272651934396],[0.55268508215459,45.13485113245136],[0.554267956581606,45.13483090523058],[0.559488421487404,45.13681720680689],[0.560784049428575,45.13757612920898],[0.560343773752019,45.1379817849221],[0.560454970383024,45.138175194603164],[0.561138800852172,45.13842977267393],[0.562265715143965,45.13871024680832],[0.563451753562313,45.139182077341985],[0.565787814341151,45.14054470263297],[0.56625515474645,45.14071524982973],[0.566808285030402,45.14113719789128],[0.565656287458256,45.142540786183474],[0.565867212569356,45.14272465573802],[0.564711405717597,45.144097524464854],[0.564149364201722,45.14504734571304],[0.563658647532626,45.14506185201371],[0.563526112033114,45.145211198569264],[0.563216238731903,45.1453404559705],[0.562922124788365,45.14566283606801],[0.56275775049476,45.145958322695606],[0.562936499084899,45.146237884431564],[0.562592087551964,45.1462249541762],[0.562785575486891,45.14724622768775],[0.562564375949854,45.14741435536809],[0.561678622918884,45.1474085099486],[0.561230383136009,45.147528431786164],[0.560807333350868,45.14812094213562],[0.56054881050521,45.14870623916272],[0.560771468475649,45.14970022926978],[0.5605362673377,45.15077158897857],[0.559568006253181,45.15113777214739],[0.55946047868865,45.15144260617276],[0.559007444506317,45.15193356123594],[0.558161681237721,45.151564624945934],[0.556575117270358,45.150639855016685],[0.556107010429175,45.15144576284097],[0.556075276240741,45.15179279229202],[0.556189872292499,45.152199780403144],[0.556493326188532,45.15265504638888],[0.556451577634432,45.15395855018264],[0.556045349476491,45.15471716886999],[0.555315744431912,45.155649770121705],[0.554337509790584,45.15644449349621],[0.553178048064204,45.15707398371402],[0.55370630603171,45.15757112230792],[0.553707271243639,45.15792697654504],[0.553187744860119,45.158625448761626],[0.552857241501309,45.15858396806212],[0.551947386029657,45.15918198696669],[0.552295887850878,45.15988778726515],[0.552635516427065,45.16111588143146],[0.554635218321656,45.163254188087905],[0.555888647749062,45.16408790612541],[0.556997922792297,45.16455000840219],[0.563692258548459,45.16618186151286],[0.564199715528769,45.166196543288414],[0.564806425620362,45.16603772484056],[0.568182815114151,45.1647970333968],[0.569374749446859,45.163801452259406],[0.570342411100984,45.162837910572065],[0.57059408555177,45.16229207751148],[0.570619357519913,45.15966218097221],[0.57052491290024,45.157764762404064],[0.570187022888371,45.155522427120864],[0.570256884740293,45.15423845454561],[0.570705515952332,45.15352485283882],[0.571816329684564,45.152485148669726],[0.572552672882871,45.151975986370545],[0.5730465557966,45.151860615001425],[0.574762527068909,45.15204026482524],[0.57533620996558,45.15202210665362],[0.576119986195959,45.151739161146814],[0.576694518758646,45.15164264198585],[0.5784398215507,45.15088150162114],[0.579494487472739,45.150956638694424],[0.582467015304342,45.15204714329763],[0.583606174352379,45.15278888563988],[0.584654751794709,45.15388898734]]]]}}]}