{"type":"FeatureCollection","features":[{"type":"Feature","properties":{"fid":111,"ID":"COMMUNE_0000000009753407","NOM":"Milhac-de-Nontron","NOM_M":"MILHAC-DE-NONTRON","INSEE_COM":"24271","STATUT":"Commune simple","POPULATION":512,"INSEE_CAN":"13","INSEE_ARR":"2","INSEE_DEP":"24","INSEE_REG":"75","SIREN_EPCI":"200071819"},"geometry":{"type":"MultiPolygon","coordinates":[[[[0.750267536242822,45.45073678742659],[0.745816820651939,45.45406516430183],[0.744320768367491,45.45494312301597],[0.744313641879927,45.45521322838004],[0.745349007440197,45.45698255379461],[0.745116167848851,45.457389552180196],[0.746086139473565,45.458753083301296],[0.746180940007865,45.45903514588356],[0.746189774092231,45.45995326802704],[0.746481668131629,45.46052034877825],[0.747324466463969,45.46164439523891],[0.74768148952681,45.462594731839104],[0.74697547237283,45.46267424061723],[0.746870903617366,45.464999883144756],[0.746193982962369,45.4650871786793],[0.746167878944235,45.46601450881334],[0.746423060706364,45.466193495249264],[0.746286163738242,45.46887341664387],[0.746008941803638,45.46911107163465],[0.746621245583193,45.47169073724519],[0.746925593121386,45.47217338851899],[0.749362169731987,45.4730564591446],[0.752722294279048,45.47393185266706],[0.752132962706072,45.47454161946057],[0.751763585763856,45.47449368154331],[0.751753748724364,45.47530603223042],[0.75076356617807,45.475505990091044],[0.750085610156497,45.475963531921344],[0.750490186030629,45.4762490990584],[0.749945700280837,45.476540860819654],[0.750213676685782,45.47684801207587],[0.750529415365177,45.47698766499642],[0.751466327567905,45.47766134651645],[0.751631900576395,45.47891681724514],[0.753124492194206,45.47918183023624],[0.753395870257294,45.479310677356246],[0.753749979143778,45.47967359377192],[0.753831234054071,45.48070396700219],[0.754160171945009,45.4819428848155],[0.754356540533433,45.48202698835981],[0.756032519396637,45.481875844399575],[0.756441770181666,45.48264973133938],[0.758125143231049,45.4815861650705],[0.759594192736713,45.48269109172459],[0.75839843760364,45.48417429805832],[0.759518300885788,45.4846038352207],[0.760615955776889,45.48479059516794],[0.760740488110684,45.48532276657032],[0.762475259238202,45.487305856027774],[0.762787518531537,45.48782014753777],[0.763666070294076,45.48836103752398],[0.76315488569371,45.48877874333739],[0.764286011456164,45.490903811188346],[0.764609539907819,45.49234797502906],[0.764984476321611,45.4934382356895],[0.765047836393857,45.49450517573631],[0.764926321649131,45.49469192983869],[0.765874488991342,45.495065732006445],[0.766952822986918,45.495197090727046],[0.768480960917248,45.49564186149073],[0.77090371561737,45.49594583522939],[0.771921919535605,45.49613991012441],[0.772433977714393,45.49614737064261],[0.773147375462845,45.495797592617926],[0.774048681848981,45.49558485881465],[0.774911005209216,45.4955136753564],[0.776246874437935,45.49570770180217],[0.778029820475971,45.49577273713345],[0.779226403117644,45.49570273191133],[0.781435104444619,45.49681298190045],[0.78205825705939,45.49740632668961],[0.782363650274164,45.497906010901566],[0.785317312849308,45.498969640658125],[0.785962676692652,45.49929675784138],[0.78730766498125,45.50000429781958],[0.788953540197778,45.501198785801435],[0.790399694746868,45.50203799782275],[0.791446127962065,45.50275041916315],[0.791612469030903,45.50298069804752],[0.791767415990592,45.5035296426768],[0.793240895288317,45.50471526839595],[0.793920131580844,45.50557899104752],[0.794741913232264,45.50595095970691],[0.795883843116569,45.506326505453615],[0.797157141006416,45.50652355248085],[0.797488870032443,45.50694533803362],[0.799017085619666,45.50685279685881],[0.800656670551715,45.507344344649596],[0.80152100883215,45.507452255848484],[0.802559818866295,45.50784553093608],[0.804566847598482,45.50889551108635],[0.805272184308269,45.5091696369631],[0.809195160551601,45.51040290011304],[0.810291459138491,45.51047833505745],[0.812529893532053,45.51014903113145],[0.816206041897309,45.51046471271343],[0.81630418355641,45.51041257276012],[0.816436101152443,45.510316048972584],[0.815255673735508,45.509611170535536],[0.817608917378605,45.50802196303172],[0.819094096674006,45.50625280301825],[0.819437651449295,45.506018959690586],[0.819990952165209,45.50527212292477],[0.821031126303643,45.50435997734157],[0.821361066940407,45.50352592469634],[0.822679674906925,45.50315605086212],[0.822733726771082,45.502921087020056],[0.822578089132544,45.50277393885585],[0.822087777250219,45.5027004702871],[0.82209632508979,45.50196017041235],[0.82191389997149,45.50174494083022],[0.821510272157821,45.50080116737859],[0.822891305516374,45.50050366782442],[0.822890464609323,45.5002964653581],[0.824273454771579,45.499490930958444],[0.823290316208812,45.49833144732626],[0.822335598899776,45.498375086183884],[0.82242778768222,45.49733103504861],[0.821221207283875,45.49546997082149],[0.820083126865438,45.494149807776225],[0.820428400393916,45.49400067278578],[0.820501956543818,45.49385616995817],[0.822805849001873,45.49249201731247],[0.824339753164841,45.4912948600946],[0.824715722558182,45.4911787366278],[0.826336427914819,45.488122168966775],[0.826734201001292,45.48761190824421],[0.826847131886182,45.48760598772274],[0.827322499031099,45.4862252470115],[0.827657075375335,45.483859901343344],[0.827541707134327,45.48320818704057],[0.826658499966457,45.48218398495384],[0.826158848252499,45.48130683101867],[0.826027362162343,45.480642191429794],[0.82567663052993,45.47969045068833],[0.825848320216055,45.47880468182267],[0.827860841246887,45.476293477132934],[0.828000908487794,45.476116928285656],[0.828659528037278,45.47574413067504],[0.830243417365013,45.47403891997027],[0.831302837481825,45.4732702975481],[0.832156306903776,45.47285710725124],[0.833574981266813,45.471837775503104],[0.835607428195303,45.46971958022552],[0.835876673430421,45.469085204846195],[0.836110517339825,45.467354771874916],[0.83402774486392,45.466005716286126],[0.832508438098437,45.46527735114336],[0.832717876107247,45.4648309963572],[0.832816460382357,45.46394471019155],[0.829592609346301,45.461467333715085],[0.828976955819274,45.461236525580524],[0.828017351149075,45.46112696901646],[0.827626195065899,45.46111308925387],[0.826401748593322,45.46129475407141],[0.826310581240735,45.46058225364583],[0.825501723985746,45.45976125896222],[0.825665303382973,45.45934285374387],[0.826462549807278,45.45866108255166],[0.826718268606732,45.458112043340684],[0.825748509091346,45.45774013580537],[0.824149864456559,45.45741187243204],[0.823218487210439,45.45759648305666],[0.821724303886787,45.45764044250142],[0.820628377108736,45.45794074259234],[0.819856297391785,45.45801221668847],[0.81941926153145,45.4578307671788],[0.820157085467442,45.45667496213973],[0.821056033041827,45.45568532870126],[0.820319572075403,45.45511071953514],[0.820332324619317,45.45465516024612],[0.819228628012238,45.45378514907691],[0.817292956595158,45.45321061777318],[0.818531876875477,45.45226545446427],[0.818861547775302,45.452116026675704],[0.819135292170152,45.45208711914276],[0.819412095338212,45.451915042505725],[0.819420905297362,45.45159272580052],[0.820960321209141,45.450521861789035],[0.821608885869853,45.45017053581493],[0.822572723518765,45.45000368651939],[0.824053653248887,45.44957391913122],[0.827246697450578,45.44744777518132],[0.824090040438225,45.44599753859938],[0.823459028253365,45.44469354341107],[0.822709925327466,45.44496725905249],[0.822246429299949,45.44523480589051],[0.821966769470565,45.44492580438343],[0.821629501039026,45.445302995698405],[0.820802408009345,45.44511757604632],[0.820232295724393,45.44549294100946],[0.819498570404277,45.444754431453184],[0.814490882173484,45.44404530647928],[0.811355400561146,45.44418233466154],[0.807761637594201,45.44477693595173],[0.807419013597093,45.44447657460886],[0.80713077311808,45.44451687995046],[0.806618188637343,45.44479421340227],[0.802087528901747,45.44189588718775],[0.800973023195972,45.44150650759565],[0.799943590343692,45.44171602225013],[0.79861067609514,45.442447444979464],[0.798326157989607,45.44278146470395],[0.797049499012414,45.44270594744218],[0.796691117690876,45.442901589037774],[0.796264748029271,45.44329497265843],[0.795006259763721,45.443083766922484],[0.79065069913465,45.44268726081807],[0.790019891060563,45.44223523467377],[0.789379507693966,45.44199200458753],[0.789047062491519,45.44198545057884],[0.788464110781541,45.44229284335917],[0.785171848930203,45.44360251021775],[0.783712826468144,45.44447359889628],[0.783320659110581,45.44413524882913],[0.781477794708243,45.44471496474164],[0.781387909132645,45.44453032097223],[0.780666655727682,45.44474215451923],[0.779171365475569,45.44520529952403],[0.776158160842707,45.446375204223514],[0.775493398617608,45.44654939044513],[0.775635010037456,45.446880096911144],[0.77382956076556,45.447096502262],[0.772613213928402,45.44691921199159],[0.772565675436219,45.44705158899484],[0.772135502616951,45.44718357212624],[0.77147674668624,45.44720741753122],[0.771582714805553,45.447915765356484],[0.77134514789393,45.44796779632067],[0.771550839941218,45.44871055538331],[0.769309271389418,45.4488857936127],[0.769304031757744,45.449016308302916],[0.768292745467953,45.449117800314575],[0.768299722124358,45.44919901297533],[0.767729226624816,45.44925522101124],[0.767036684891835,45.44964139920592],[0.766072156434805,45.44985280180508],[0.765405211701804,45.44976114400049],[0.764381161704549,45.44998846191173],[0.762234515799371,45.44993394098891],[0.759927414117546,45.45005003310955],[0.757164725405845,45.450672239680664],[0.755425629354049,45.45114191065831],[0.754927009500599,45.45062206388215],[0.751750340683239,45.45157276032031],[0.751635552680732,45.451689368338435],[0.750267536242822,45.45073678742659]]]]}},{"type":"Feature","properties":{"fid":176,"ID":"COMMUNE_0000000009753408","NOM":"Saint-Front-la-Rivière","NOM_M":"SAINT-FRONT-LA-RIVIERE","INSEE_COM":"24410","STATUT":"Commune simple","POPULATION":497,"INSEE_CAN":"13","INSEE_ARR":"2","INSEE_DEP":"24","INSEE_REG":"75","SIREN_EPCI":"200071819"},"geometry":{"type":"MultiPolygon","coordinates":[[[[0.750213676685782,45.47684801207587],[0.749945700280837,45.476540860819654],[0.750490186030629,45.4762490990584],[0.750085610156497,45.475963531921344],[0.75076356617807,45.475505990091044],[0.751753748724364,45.47530603223042],[0.751763585763856,45.47449368154331],[0.752132962706072,45.47454161946057],[0.752722294279048,45.47393185266706],[0.749362169731987,45.4730564591446],[0.746925593121386,45.47217338851899],[0.746621245583193,45.47169073724519],[0.746008941803638,45.46911107163465],[0.746286163738242,45.46887341664387],[0.746423060706364,45.466193495249264],[0.746167878944235,45.46601450881334],[0.746193982962369,45.4650871786793],[0.746870903617366,45.464999883144756],[0.74697547237283,45.46267424061723],[0.74768148952681,45.462594731839104],[0.747324466463969,45.46164439523891],[0.746481668131629,45.46052034877825],[0.746189774092231,45.45995326802704],[0.746180940007865,45.45903514588356],[0.746086139473565,45.458753083301296],[0.745116167848851,45.457389552180196],[0.745349007440197,45.45698255379461],[0.744313641879927,45.45521322838004],[0.744320768367491,45.45494312301597],[0.745816820651939,45.45406516430183],[0.750267536242822,45.45073678742659],[0.749257968549513,45.4499093913272],[0.748123021369903,45.44939746016839],[0.746716382992779,45.44911607562781],[0.743791446390562,45.446702507227016],[0.742406069391233,45.445962973025196],[0.74134889273075,45.4449579813994],[0.741118047143074,45.44358497322404],[0.738873103734946,45.44390816975987],[0.737202799580916,45.44426093493192],[0.735910767876548,45.44421774136386],[0.731553336938512,45.443402711862774],[0.731262962803529,45.44299236424606],[0.729678136659425,45.443162977265345],[0.728703731133606,45.44267571383787],[0.726739830569684,45.44266564689469],[0.72228880239579,45.44176727995784],[0.722364529102975,45.441043646442594],[0.721646330613706,45.44120742180041],[0.721330680414324,45.440728970738576],[0.720102994865328,45.44086616690102],[0.719866671828275,45.44054426789078],[0.718846699932292,45.440764947213104],[0.716832484681137,45.44282200176136],[0.716580649104292,45.443002446396726],[0.716096963643203,45.44306376252589],[0.716352378381653,45.445194037851465],[0.713738743288553,45.44716316551516],[0.713536233415562,45.447481536961526],[0.711964625420334,45.44866291399615],[0.71056586038683,45.44999643752053],[0.709544512248019,45.450617882450715],[0.708964165731847,45.45122130269548],[0.699381169294882,45.452808808715226],[0.698154342940079,45.45319532284671],[0.696144689339258,45.45415580009231],[0.691845278902207,45.4568366070753],[0.689103453576239,45.45877552985022],[0.688445274098126,45.4593961652812],[0.688237310034838,45.45993328919229],[0.688273518183614,45.46087812422756],[0.68768161463252,45.46187397398536],[0.686302619495499,45.4626490973928],[0.685270094983912,45.46395654965631],[0.685109297512924,45.464497344863354],[0.684644681397258,45.465139971815745],[0.68451372444991,45.46582461748549],[0.684503473285336,45.46766754539238],[0.684267172438179,45.469128351774735],[0.684222556227912,45.47022917119794],[0.684544026758913,45.471946521712404],[0.685118340084297,45.472513296602294],[0.68564396923316,45.47274304688024],[0.685729119070988,45.47303487713922],[0.686048800110457,45.473352263985724],[0.686000922906163,45.47539260415228],[0.685756815087228,45.4763956217924],[0.686740672174994,45.476507796257394],[0.688048887205163,45.47679510469897],[0.690033532598572,45.477413424128095],[0.690566047349364,45.47784868558124],[0.691642974742652,45.479111314688765],[0.692328771341451,45.479032632979994],[0.693411500908123,45.47926299057181],[0.69443542751816,45.47976868985144],[0.69700391730825,45.480733091352604],[0.699478976021048,45.481883794055555],[0.704486456562329,45.48395108263423],[0.704799510806746,45.48390613758241],[0.704962577176697,45.48460852871461],[0.705323903004071,45.485378933658104],[0.707336329833587,45.485057023589285],[0.707704027143929,45.48492940810123],[0.707892248217144,45.48530259889563],[0.708719798836747,45.48523481862791],[0.710769274792014,45.485691032123114],[0.712025458703232,45.485881503736756],[0.712557482313452,45.48608603027949],[0.713742354013813,45.486204763103885],[0.715117009892472,45.48578864363696],[0.715326758630407,45.48585777451642],[0.716096835880905,45.48650223677077],[0.71667636378542,45.486361786806114],[0.724218671916861,45.48660416909591],[0.725145874725158,45.486573421197335],[0.729585735921568,45.48582915372767],[0.729795091395034,45.485657725624094],[0.730127112429134,45.48489782895029],[0.730357495134273,45.483397189585666],[0.731151966038236,45.48307183757904],[0.731279332234395,45.48324557154644],[0.732232962702902,45.48378913344349],[0.732914632295824,45.484564113153745],[0.733482132147074,45.48484222358467],[0.734630390982675,45.484948285230345],[0.735017292217384,45.48481916754617],[0.734946717325297,45.484477227231714],[0.734622495293236,45.483917569689844],[0.734727591932806,45.48357016692969],[0.73522496643795,45.4834324686568],[0.736055602063303,45.48335013702322],[0.736439782864255,45.48347589619973],[0.736905299260905,45.48314567015138],[0.737261967677802,45.48231238351075],[0.737086807584614,45.48183411163339],[0.737610547577136,45.481174450934866],[0.738936734717548,45.48131198273885],[0.73955168154855,45.48039290950526],[0.740826475456583,45.47968440239938],[0.742511171083941,45.479160691853195],[0.742540463896786,45.47884959309734],[0.743413399557436,45.4782284611524],[0.743921895204941,45.47768917843489],[0.745854623905548,45.476636213428115],[0.747093021776825,45.476631357319405],[0.748454508464368,45.47624340212465],[0.749025390510079,45.47684850301054],[0.749678920079581,45.477278695602145],[0.750246420563977,45.477114413374274],[0.750213676685782,45.47684801207587]]]]}},{"type":"Feature","properties":{"fid":296,"ID":"COMMUNE_0000000009753166","NOM":"Nontron","NOM_M":"NONTRON","INSEE_COM":"24311","STATUT":"Sous-préfecture","POPULATION":3049,"INSEE_CAN":"13","INSEE_ARR":"2","INSEE_DEP":"24","INSEE_REG":"75","SIREN_EPCI":"200071819"},"geometry":{"type":"MultiPolygon","coordinates":[[[[0.670611585415613,45.56690616399719],[0.671355535639054,45.566721588721656],[0.672077366662246,45.56678879285865],[0.672301211133676,45.56710873219617],[0.673034067085079,45.56703562340043],[0.673787995866699,45.56688817423119],[0.674286990403353,45.56667238428348],[0.675136968452667,45.5660999039984],[0.675304386333178,45.566083548133086],[0.675434107773813,45.566201541997515],[0.675685043404482,45.56624276658548],[0.676418639852688,45.566090375328905],[0.677914236810739,45.566056424692185],[0.677756798532895,45.562802855915656],[0.678249673217719,45.562364409883166],[0.678462790144752,45.56156254024904],[0.679147096356671,45.561268579834],[0.678728737332907,45.5608464428173],[0.678180408887838,45.558505483433756],[0.678358879005501,45.55696869568981],[0.678610712724951,45.5563441957019],[0.680713365662861,45.556812821720165],[0.681938145200082,45.55622640990198],[0.683267580469351,45.555221441151176],[0.683604061133518,45.55539323573093],[0.684378631143813,45.55480832694505],[0.685209962927532,45.55446060789736],[0.68631281763102,45.55412027600296],[0.687207441493918,45.55406842692824],[0.687668679953351,45.55395450213361],[0.688252523428505,45.55400615352626],[0.689365623640431,45.5539731958368],[0.689577022984699,45.55400817209213],[0.690231545032682,45.55451800163229],[0.688981933741948,45.55290319251263],[0.690329781019427,45.55071209358729],[0.691360510225488,45.548713554879484],[0.691097127258575,45.54783340990365],[0.690704385251105,45.5473505860494],[0.690376524814294,45.54598715507943],[0.690741808173962,45.54521992678644],[0.691256107960196,45.545030506874625],[0.691415563708716,45.54477253516384],[0.691747144943366,45.54462980621986],[0.694936148433421,45.54464753826372],[0.695785150716527,45.544517214622296],[0.69924810051429,45.541793738454956],[0.701658716230105,45.54008011402941],[0.70154288885567,45.539843522359526],[0.702295893350175,45.53945984924511],[0.705868821482019,45.53843203387149],[0.706388582683684,45.538169689784496],[0.709831253446497,45.53703279174291],[0.71159156721591,45.53553362021018],[0.713502321093523,45.53417621651627],[0.715418145974774,45.532599979606125],[0.715724691761629,45.53256387449737],[0.719932619532441,45.53128729410904],[0.72244749888559,45.530815828449434],[0.722658054999784,45.53086964439916],[0.722504264399795,45.52921437615815],[0.722664847001677,45.52895548648788],[0.72341008850772,45.5265671419358],[0.723773073624592,45.524904334322954],[0.724359970081649,45.52406222826492],[0.725140772971408,45.52336638094726],[0.726534558587347,45.52181542822188],[0.726519428815384,45.52165297021151],[0.726968001272783,45.52115127292664],[0.727759399003563,45.51941244831844],[0.727792028185626,45.51917888960561],[0.727629643562318,45.51891976451916],[0.727731523748713,45.51868490466772],[0.727678782933556,45.518408179747176],[0.728106760782176,45.517532212735304],[0.72890070443108,45.516574463661286],[0.728925387383728,45.516347050004235],[0.729070374142622,45.51615449977366],[0.729262935261573,45.51548816813618],[0.729347245197718,45.514179149267505],[0.729506101239409,45.51380400842974],[0.729978384366577,45.51334692210535],[0.730115670079666,45.51290378143241],[0.730073373471597,45.512528176641936],[0.729479462734218,45.511949539289716],[0.728079580073033,45.510996958787594],[0.727597740822938,45.51078001422717],[0.727469855506863,45.51046123055036],[0.72716255279197,45.51017484846525],[0.727037934958661,45.50971379746313],[0.725553657626015,45.50919728420678],[0.72376547407846,45.50875026047266],[0.723381714633806,45.508766802103445],[0.723120270958415,45.50895608229213],[0.723189104616759,45.50915206019174],[0.720232273093974,45.509957769345306],[0.717897008237931,45.510788649903375],[0.71603539856209,45.507829355730046],[0.714638297886253,45.50647488111204],[0.712725647112715,45.50525942566935],[0.711205374770731,45.504565418767335],[0.708191283313594,45.502942760131816],[0.70614473035479,45.500912790678235],[0.705116005759839,45.50054223596724],[0.704314413715519,45.50034837874734],[0.702985557240548,45.50079233838188],[0.70210500750616,45.502041810676154],[0.70135003644172,45.50245425725815],[0.700974107292063,45.502932116616755],[0.699597586048565,45.50594608721109],[0.699271884192866,45.507529413337075],[0.698486209670547,45.50877269878735],[0.69929344975288,45.50929642273381],[0.69896753488469,45.50967891098081],[0.698282274471406,45.51090984038847],[0.698046528238771,45.51078609486409],[0.697634358724348,45.51037496304491],[0.696999268163285,45.511322245244955],[0.696096240697448,45.5102353087467],[0.694624220145904,45.509368201179626],[0.693967341972961,45.508772760566075],[0.692660753765685,45.50704060211397],[0.692171073696332,45.506245894565694],[0.691388023590457,45.506128899328914],[0.690924716735246,45.50596352347549],[0.690344811189767,45.50509037904929],[0.689335409214438,45.50462548694147],[0.688957482463651,45.50453302735363],[0.68521004053998,45.50496660416787],[0.683773458841976,45.505652252610936],[0.682700380554494,45.50493374658708],[0.68193248964292,45.5057430772547],[0.680567247009338,45.506835544345435],[0.679512929899529,45.50747678777893],[0.6777454465371,45.509177995561274],[0.676127907482319,45.509651709406484],[0.675105515474293,45.50983413677342],[0.674406390542534,45.51058809000469],[0.673334008929226,45.510373088207274],[0.672984398554496,45.51012441233565],[0.669327417566193,45.50894049841497],[0.668919814696825,45.5082428778079],[0.668549933888153,45.507837016892125],[0.666285049489834,45.50910972167189],[0.666679766357595,45.51026562313131],[0.666539039424868,45.51126625815085],[0.666331969024878,45.51171148432608],[0.665897677910721,45.51207541354303],[0.665333408354291,45.51306183691492],[0.664841892803694,45.513628167477584],[0.66422438961391,45.513990982914414],[0.662972526211669,45.51499462003304],[0.662100684307537,45.515189074118425],[0.661125504474603,45.51528137318477],[0.659561352175525,45.51606136053042],[0.659397096615109,45.51606694534992],[0.659150297782064,45.51629782704002],[0.659030203345079,45.51665386749032],[0.660223668544294,45.51712917503395],[0.66069325751736,45.51696329057204],[0.661194595334935,45.51689535882532],[0.66114993818846,45.51786375845262],[0.661923331406951,45.517999679653485],[0.662529323579739,45.518337507800105],[0.663207153571164,45.51986056235278],[0.662573723602837,45.51993025844826],[0.662480188684026,45.51950400451979],[0.661141965238348,45.51978603677611],[0.661325372384942,45.52011687044591],[0.661370765882362,45.52043852354391],[0.661193146226305,45.521490637500804],[0.659774999188128,45.5229979684042],[0.659606712554899,45.52294671544545],[0.659625422509641,45.523080433434586],[0.659440665935528,45.523176578900554],[0.659183193650047,45.52369011082648],[0.658845355739737,45.52407314314178],[0.65783305687395,45.52358358470631],[0.655856691921797,45.523041465676236],[0.655958534601637,45.52433183073365],[0.655804751757052,45.52436195281942],[0.655727534589181,45.524854916806284],[0.654555903710742,45.52507278657454],[0.653297922498351,45.526089711362324],[0.652646477553867,45.52624996450253],[0.652415128579555,45.52638656499281],[0.651588933355866,45.52746564837777],[0.649541190447691,45.52824350211345],[0.650208303914083,45.528743030245906],[0.651974883086251,45.52982408402277],[0.651096905720581,45.52976338455037],[0.650625319845214,45.529882345054475],[0.650036154255086,45.52990245049885],[0.64804514222345,45.5301859879998],[0.646514309084615,45.53052868235556],[0.645960475355966,45.53053148954773],[0.64544060284926,45.53042870321758],[0.64476113138827,45.53016041091577],[0.643868616395485,45.53119661148093],[0.643260454848224,45.53115051960538],[0.642866602943372,45.53212420495972],[0.641551661821849,45.53178850286402],[0.641373602249426,45.531635218941474],[0.6404225527966,45.531604432400755],[0.640191203262071,45.53183019530548],[0.639650153243514,45.532767445647785],[0.639497867037345,45.53357503116806],[0.639624236633955,45.53379840082202],[0.638941902674495,45.534681329697804],[0.638498766798098,45.536479166785654],[0.638245174105831,45.53653419358001],[0.637714582596948,45.53635096912467],[0.637139205669342,45.53601545310516],[0.636670971367114,45.53557228169336],[0.636086390456568,45.53527260133893],[0.635976115905285,45.53554414637768],[0.635699828189505,45.535379777157345],[0.634800157502433,45.53642747241551],[0.634544814636218,45.53664371075391],[0.635925983729208,45.53756285259259],[0.636394705217332,45.53772406342611],[0.637343701242967,45.53822689696676],[0.638375995301997,45.53821887603974],[0.639211747672904,45.53855174983358],[0.640607829365633,45.53927385381271],[0.643375092358457,45.54172916538335],[0.643972857377839,45.54208313466249],[0.644442595968976,45.542221810237066],[0.644882158870854,45.54273911846308],[0.645074790640466,45.542791803847884],[0.645280102505244,45.54299880384814],[0.645464493167,45.54297384078425],[0.645861223727109,45.54338304337848],[0.646163408250426,45.54351279490541],[0.64624570050168,45.54368838744033],[0.647936695178446,45.54468683621387],[0.649219453465042,45.54533618751643],[0.650041814405853,45.54559572666617],[0.650684726348243,45.54609654405712],[0.652981714676339,45.54726073235977],[0.654066158075971,45.54805452651328],[0.654496591551767,45.54812387174721],[0.655580460179108,45.548113162187576],[0.656876993361842,45.548652804242664],[0.658056871253001,45.548858479599104],[0.660216156994795,45.54976740133844],[0.662175373606698,45.551287409889895],[0.663701515167876,45.55182814432361],[0.664139143845982,45.55221470655076],[0.66700362872421,45.55163640820221],[0.667022334517117,45.55174039618668],[0.6706525211056,45.55420841159739],[0.672170686097732,45.55509569528937],[0.671743609825458,45.55531116206214],[0.671617565346357,45.55528963210874],[0.671574889693818,45.555450903433496],[0.67212518934715,45.555568607467244],[0.672429461353896,45.55641541727681],[0.672442297839726,45.556903951761555],[0.672204965876411,45.55727289429546],[0.672276235489717,45.557530216252246],[0.671968451644991,45.55771392253621],[0.669537342902029,45.55825719954525],[0.669244928007704,45.558166453327225],[0.665320418563711,45.56061371744807],[0.662063677852228,45.56050727119629],[0.661404287800696,45.560390851676814],[0.660891518935659,45.56044684365298],[0.660665519188698,45.56127454207051],[0.65710285555005,45.561548057166455],[0.656468259097217,45.561724908527694],[0.656616251563689,45.56192528532963],[0.65745085058823,45.56235708630767],[0.657811572563781,45.562713241810116],[0.657852733747768,45.56310507731175],[0.659366341100588,45.56531671761966],[0.660264520425474,45.564000331967264],[0.662845490491574,45.56246580603714],[0.66459187753603,45.562139062737394],[0.665504787946738,45.561717506769426],[0.666265971849873,45.56176214463834],[0.66686315815053,45.56192498961887],[0.667129072699804,45.56212779997887],[0.667160428230127,45.56269329444921],[0.667645370578929,45.563177216126306],[0.668173600159522,45.564004363106065],[0.669321048561994,45.56520379656096],[0.669681037777362,45.56603735612141],[0.670596140912067,45.5665716225275],[0.67052101830277,45.56661961310075],[0.670638479261276,45.56675447502084],[0.670611585415613,45.56690616399719]]]]}},{"type":"Feature","properties":{"fid":484,"ID":"COMMUNE_0000000009752385","NOM":"Busserolles","NOM_M":"BUSSEROLLES","INSEE_COM":"24070","STATUT":"Commune simple","POPULATION":505,"INSEE_CAN":"13","INSEE_ARR":"2","INSEE_DEP":"24","INSEE_REG":"75","SIREN_EPCI":"200071819"},"geometry":{"type":"MultiPolygon","coordinates":[[[[0.600164006796785,45.67183493584438],[0.600960992081885,45.67259966573019],[0.600778955937565,45.67288587662988],[0.600416331436921,45.67306914004079],[0.599811709120973,45.67326165855529],[0.599238847136876,45.67334404041926],[0.59820477491156,45.6737490147543],[0.597630297587786,45.67369081369593],[0.596542918395179,45.67384328455704],[0.595987694510905,45.67399269326842],[0.595342901807849,45.67398523157262],[0.594867680608266,45.67406787482852],[0.594615000633033,45.67399761248719],[0.594366412340952,45.673744553987916],[0.594121344749963,45.673735714431984],[0.593756609707721,45.67384864157949],[0.593211359252516,45.6742117636367],[0.591904004173973,45.67428020875327],[0.591307405491045,45.67481880072747],[0.591117955399416,45.675628263152966],[0.591467115870688,45.67587357026858],[0.591953061134937,45.6760470265323],[0.59370306080815,45.67617362558803],[0.594142269759124,45.67641724471568],[0.594638137188969,45.676480991121785],[0.596770365869928,45.67653642686648],[0.597299441287497,45.67672339266787],[0.600556833399542,45.678809061811556],[0.601684926969693,45.67929074959729],[0.602412449863775,45.679852186184604],[0.603086574444051,45.68072689496895],[0.603170031462945,45.68126290428631],[0.602909850893275,45.68189880663253],[0.602458902390013,45.68228019745921],[0.601717791965598,45.68253558822152],[0.601573057939857,45.682701875055216],[0.601582864123798,45.683039020334405],[0.601921136669455,45.68407144749616],[0.601895239376179,45.68425377866717],[0.603644621752725,45.68644866837123],[0.603796855287463,45.6869996539626],[0.60423362740555,45.68780714207997],[0.604682688225206,45.68898425817365],[0.60471384551042,45.68924437966919],[0.604264814942186,45.691094285344796],[0.604168597003011,45.69126791413408],[0.603540060502586,45.69180048822161],[0.603343571529977,45.69212243323455],[0.603178615302833,45.693229732573265],[0.603418774906509,45.693887994795055],[0.603679398506802,45.69422236789557],[0.604213412079187,45.69444814110542],[0.604565881857796,45.69438356522121],[0.605191333881421,45.69365542422489],[0.605696559284203,45.69261571635332],[0.605953629388417,45.692408568333406],[0.607213218952494,45.691908307288315],[0.608040401203078,45.691745696602304],[0.609020302069535,45.691916050362124],[0.609754894256313,45.69184335326888],[0.610798382355586,45.692506029626564],[0.611544906304149,45.692693032100344],[0.61233550583957,45.69305033236196],[0.613514309616909,45.69385548959196],[0.614495227964892,45.69427176074239],[0.614963261750153,45.694687074651654],[0.615185679182552,45.6951638530623],[0.615039949475948,45.69630760804295],[0.614549951069749,45.697206236843726],[0.613734600577952,45.697957432662164],[0.613570535781304,45.69830350499487],[0.613630166262738,45.69867954112593],[0.613970318517123,45.699020077893636],[0.614450193027111,45.69886357500722],[0.617193451321045,45.69878199456469],[0.617688661424272,45.69868706336666],[0.61936552699908,45.699036924555955],[0.620783618852962,45.698767786588554],[0.621220338270817,45.69874727974736],[0.621996183404022,45.69912221554953],[0.622146051253295,45.699314566668576],[0.622111669818674,45.699725549322984],[0.622333418499705,45.70001040762519],[0.622319977393457,45.7004128233634],[0.622532599096604,45.70076055112288],[0.622511065097887,45.70117180502526],[0.622624176239553,45.70144175741267],[0.623155296075535,45.70221692176205],[0.623484475485846,45.702425666275104],[0.623601404027668,45.702816417777726],[0.624835506277584,45.70374964158084],[0.62485226752383,45.70458692448893],[0.625544417492375,45.706584379057084],[0.625837593399055,45.70670406976446],[0.626261439716819,45.70665534315952],[0.626346391759678,45.70656344009601],[0.626357360553887,45.706068180271274],[0.626650010018388,45.70590047310007],[0.626973723442758,45.705847832817284],[0.627283423862726,45.70591201249911],[0.627854513526516,45.7063573670033],[0.628570120727633,45.707330980248365],[0.628760787812868,45.70792237463349],[0.628578073478741,45.70819510295953],[0.628213049014574,45.708371201613126],[0.627367189433493,45.708545282866886],[0.627346675653197,45.70866376868258],[0.628243049331755,45.7099204666346],[0.629751887588613,45.71032969039279],[0.629420518658872,45.71098037024947],[0.629487797940742,45.71139079056713],[0.629226633370332,45.71178349013701],[0.627929320383702,45.71180843888184],[0.626553091279445,45.71253350601273],[0.625595583909491,45.713209723939045],[0.625529882583798,45.713392121706285],[0.62571267565131,45.713627502982014],[0.626226360513985,45.7138239094067],[0.6269517170427,45.713852700764],[0.627758180589208,45.713789502131064],[0.628117445343809,45.713838505969576],[0.628743981910678,45.71416250008543],[0.629239148824504,45.714761201535],[0.630221389913047,45.71434763261247],[0.630501815755918,45.714105784489774],[0.630805010968465,45.71225181875509],[0.631502921069382,45.71187009864112],[0.631944672290458,45.711193805269],[0.633138999625898,45.71032972013895],[0.633709837319365,45.70970117664162],[0.635011496946198,45.708641131339455],[0.635509543984458,45.708029970385525],[0.635321579860533,45.70785485665073],[0.635281574060503,45.70764771330744],[0.635532548843669,45.706619660221186],[0.635360063605573,45.705541279178526],[0.635433043496992,45.705127500841535],[0.635768934294602,45.704699420322804],[0.636058271147406,45.7045181066379],[0.635957333926347,45.704292568203414],[0.636044977056491,45.70386648486889],[0.63745859371515,45.70249885902215],[0.63916662587109,45.69998515161869],[0.640272372156629,45.69781375691529],[0.642335151454459,45.69770830123834],[0.642985828374914,45.697403003583325],[0.643709021896678,45.69687399766958],[0.644552387284068,45.69657182079779],[0.644937205825439,45.696622208196935],[0.646328777529674,45.697273803767786],[0.647585626479989,45.69819193282009],[0.648576628575319,45.69937656546719],[0.648633857972948,45.69960298112679],[0.64888193064134,45.69987662226694],[0.652311390024307,45.698923838478514],[0.652040332568124,45.6984947741863],[0.651059111475235,45.69819864846283],[0.650900896136689,45.697958416955615],[0.653267172789824,45.69736540603715],[0.652268929925488,45.69601670452944],[0.651085116034761,45.694710068904726],[0.650919608622378,45.69433905712506],[0.650870011800483,45.69387226609737],[0.651061962599809,45.69331772133024],[0.651012352565342,45.69318425695015],[0.651278201446307,45.69306908218521],[0.651618801933537,45.69249511403449],[0.652155432581779,45.69187568267257],[0.652709135132336,45.69139894425218],[0.653162845273441,45.69049129996783],[0.653518268041607,45.69014285631578],[0.653256963630321,45.68993921828529],[0.654178285929172,45.68955301322483],[0.654141924832533,45.689258568402884],[0.654305979387601,45.68872415858698],[0.655270303356117,45.68868748191614],[0.656104929571195,45.68879944613351],[0.657163695735311,45.68923407752706],[0.657854393553952,45.68992230100633],[0.65913698274748,45.68998950349335],[0.659501472530894,45.68985113535366],[0.659996237145337,45.689155125249435],[0.66033884638307,45.688439736885904],[0.660621148271018,45.68717445940062],[0.661017560068338,45.68694936456775],[0.661907636491005,45.686752535162654],[0.663327298984677,45.68670722432324],[0.664138841237234,45.6867871196297],[0.664710705895053,45.68709446635156],[0.664680500898809,45.687505541449696],[0.665045544885399,45.688084266560246],[0.665346679655047,45.688197713425204],[0.665997916577192,45.68820850781403],[0.666254182332959,45.68813634245004],[0.666962190119315,45.687410488843604],[0.667650483648709,45.686968900179274],[0.66807386659481,45.686774068609864],[0.668577226706228,45.68669440156353],[0.668601431575059,45.68651652897097],[0.668128641534885,45.68632836765031],[0.668023737178336,45.68619466759713],[0.6680904478057,45.68595371289776],[0.668264548653462,45.68587894114799],[0.669307942085543,45.68585549390135],[0.669912797570636,45.685929268623156],[0.672036079404179,45.68681729643207],[0.672195057427197,45.687193544821945],[0.672241174005674,45.68826654009898],[0.672396974393513,45.68838236936122],[0.673084080959096,45.68818215822349],[0.673782240738279,45.68762722643547],[0.674095667115703,45.687234611632086],[0.674277504478869,45.686669914416136],[0.674636357624491,45.686327784468936],[0.675726250887577,45.68636019104356],[0.676617722520868,45.6867101061489],[0.676967071371353,45.68677767072558],[0.676875607702647,45.687517203657315],[0.676348106346205,45.68786577108874],[0.676290687125368,45.68800872639454],[0.676664232281209,45.68890829795594],[0.676949752798141,45.689210574748365],[0.677152670222652,45.689276019113834],[0.678046088113542,45.689182732001335],[0.678855837153458,45.6892759962618],[0.679187826785446,45.6892062630627],[0.679989301363437,45.68796425451344],[0.680668852984305,45.687636819096134],[0.681214885134349,45.68755076751621],[0.681445290204451,45.68745100948779],[0.681678362794908,45.68713419562363],[0.681623400670107,45.68645200464955],[0.681915413041174,45.68589406896636],[0.682378157474406,45.6855252257771],[0.682648861056475,45.68504612673878],[0.682826678888084,45.684974112050355],[0.683357812812207,45.6850282802023],[0.683566566449183,45.684984827715176],[0.684664931835309,45.68432275065448],[0.685811688862869,45.68419317168533],[0.685956441389831,45.684051105717145],[0.685858839244765,45.68374190329645],[0.685918299786599,45.68354943780376],[0.686806176375203,45.68251005552218],[0.687006826984623,45.682414179999746],[0.687258970333808,45.68240854774839],[0.688409069479322,45.682628549486346],[0.689225405736352,45.68262368118586],[0.68970656696788,45.682735350901666],[0.690366796467183,45.68234440239207],[0.691678093962658,45.68236678248984],[0.693096440781666,45.682010272786165],[0.693289065365089,45.68189079935747],[0.693936798921662,45.6812437281965],[0.695047657068685,45.6805854134462],[0.695050712991492,45.68045034584588],[0.69531871418603,45.68009458284784],[0.696420663227295,45.68014325379862],[0.696685268389334,45.68005407495016],[0.697078674893599,45.679680152915324],[0.697152014773232,45.67933842236648],[0.696718044920413,45.67901964911179],[0.696029234995357,45.67800019114791],[0.696236059155709,45.67747741520791],[0.697247445000411,45.67723054382564],[0.698132652902576,45.67720540014961],[0.698544350048855,45.676947158447234],[0.698868686524856,45.676873609466725],[0.698556404031356,45.67665732587698],[0.698047083459651,45.67469023396054],[0.697677829360206,45.67414486764501],[0.696764394934403,45.67318207961638],[0.694606251906048,45.671715445764846],[0.692999618765246,45.67073843036687],[0.692261022794262,45.669715223818805],[0.69212478195763,45.66925388964047],[0.692309180126901,45.667389269550945],[0.692711174545278,45.66514353796596],[0.691512702368688,45.66439737565499],[0.690595094305112,45.664002894936644],[0.68986363045169,45.66358159668669],[0.689280402180327,45.6635182781884],[0.688627476776939,45.6632472268538],[0.686230982642025,45.66174940226772],[0.683196640128954,45.66048433671776],[0.68179198926834,45.65957436908359],[0.680378063539907,45.65876418861046],[0.680128120831352,45.6581680667461],[0.680141289791733,45.65797645260754],[0.679584737444531,45.65752355499983],[0.678841957219343,45.65624251738635],[0.67799056442672,45.65546912715397],[0.676994812293793,45.6542486211962],[0.676737301112984,45.653650532922605],[0.676703342689813,45.6530822827942],[0.676378534363369,45.65249631759504],[0.675818521209626,45.652005491743694],[0.67477970240205,45.65129306781895],[0.673486341089187,45.65061681289485],[0.672772107381011,45.65006782996651],[0.671700591611836,45.64879075353465],[0.669749147773842,45.647211676105215],[0.669269145177941,45.64582970624532],[0.667425913278681,45.64415553192092],[0.665105722085785,45.6425561129851],[0.664816248645453,45.64253749458043],[0.664624487991244,45.64205965516492],[0.663498776386075,45.64079668464306],[0.662952295942386,45.639838517125575],[0.660582472764626,45.638873986867075],[0.659978886423911,45.6387218015516],[0.658678932451404,45.63860737738286],[0.65685291442254,45.637783805630505],[0.656339421003618,45.63765779996721],[0.655159346857243,45.637836814709246],[0.654098455749132,45.638506577895676],[0.653103738010321,45.638917357814435],[0.652660184992183,45.63892882670234],[0.651503777780315,45.63854885166745],[0.650397036764504,45.63842124683799],[0.649506361919732,45.63849813964038],[0.646569352556237,45.637680915556224],[0.645573110820943,45.637854666150304],[0.645049083587969,45.63746352897425],[0.64423567167589,45.637716767807554],[0.643376675214682,45.63765283676771],[0.642997170894939,45.63754759318129],[0.642222530655587,45.63770433450092],[0.641376707699376,45.637753274478335],[0.63885132324835,45.63734536587249],[0.637946103596912,45.63734168333343],[0.636213109121931,45.637475560309475],[0.633728098074009,45.637326036927774],[0.632768998893625,45.63708064333185],[0.631316424489841,45.63615279404709],[0.6308148228795,45.635930525951935],[0.628676698332573,45.63535937031191],[0.628191484351089,45.635354549242656],[0.627571098405322,45.63658649687204],[0.627261953992349,45.63789707591226],[0.626463405697437,45.6389099498882],[0.627401543439409,45.63946486050065],[0.628493781136685,45.641040112080084],[0.629286014132422,45.642724346099556],[0.629618080225882,45.645588053634086],[0.629519443563037,45.64663190622096],[0.629221352063908,45.647384174583124],[0.629182450313374,45.64775271899165],[0.629328283740235,45.648366592527246],[0.629725688599895,45.648774956415835],[0.629828674075255,45.64918973159726],[0.630374988978221,45.649870593987316],[0.629503685307444,45.651799965809296],[0.629055777407868,45.65332023948515],[0.628498523113801,45.65412380405777],[0.628279914962302,45.65466873999368],[0.628815584107761,45.6553890243071],[0.630041837453796,45.65672293784761],[0.62821343276896,45.657389824081505],[0.627991902697872,45.65764281045036],[0.628268512752528,45.657933319494184],[0.627882711841608,45.65836212143698],[0.627434740464636,45.65832295145443],[0.627749231369776,45.659798028102095],[0.628477054593479,45.660832268172804],[0.628596101618299,45.661412245613704],[0.627178276903931,45.66361657600939],[0.626949471312162,45.66451804817645],[0.62670949038185,45.66472109505509],[0.625726645846781,45.66519856430344],[0.624953091233152,45.666128183101314],[0.624854391360034,45.66800896193731],[0.624507373093798,45.66810073884903],[0.623985226365337,45.66769242826847],[0.622458743670502,45.666166526362396],[0.622320518060645,45.665824872203856],[0.622164682710687,45.666431484430035],[0.622278765219943,45.666677134437045],[0.62170493665282,45.66684429175776],[0.621364788989622,45.66686593452193],[0.620292004689809,45.66650452937941],[0.61942242763125,45.666587046038835],[0.618829253245063,45.666337567499376],[0.618333144566625,45.666310857802024],[0.616092550472733,45.666453526246045],[0.614704699897995,45.66630791609214],[0.614155385126199,45.666353033105835],[0.613967132197217,45.666606699362056],[0.613002888428865,45.66658986379753],[0.612158996921252,45.666463861614474],[0.611822662327664,45.66651618688407],[0.61180257122403,45.66736890818951],[0.610887027796393,45.6675035372927],[0.609729076113258,45.66863931347839],[0.609193015995534,45.66938828800985],[0.607417468704949,45.67054065621555],[0.607156772953523,45.67059637724289],[0.60662441558022,45.67042650457502],[0.606143720017683,45.67042889816383],[0.601466271223774,45.67146718946828],[0.600164006796785,45.67183493584438]]]]}},{"type":"Feature","properties":{"fid":675,"ID":"COMMUNE_0000000009752912","NOM":"Augignac","NOM_M":"AUGIGNAC","INSEE_COM":"24016","STATUT":"Commune simple","POPULATION":825,"INSEE_CAN":"13","INSEE_ARR":"2","INSEE_DEP":"24","INSEE_REG":"75","SIREN_EPCI":"200071819"},"geometry":{"type":"MultiPolygon","coordinates":[[[[0.73053297778401,45.607764044898],[0.7281567150234,45.60755752135693],[0.726732225896487,45.60686481107021],[0.726499430537597,45.60647003684924],[0.726310617020931,45.60559779917939],[0.725824206630602,45.604784405089205],[0.726115281339654,45.60463444329527],[0.725405416407267,45.60341835266633],[0.725258977903264,45.60298388294125],[0.725560991539224,45.602535962238036],[0.726029714640552,45.60149685015709],[0.726252363202373,45.60048068787662],[0.726272232048746,45.59977752507493],[0.725987921702278,45.59916910699999],[0.725774591831447,45.59895759718516],[0.725239569682509,45.59864228811736],[0.724414429648437,45.5983607433893],[0.724226323320625,45.59822270985451],[0.724240205787809,45.597728423419376],[0.724982474619561,45.596433605481806],[0.725375200945378,45.59618210526823],[0.725627243657884,45.59616918635659],[0.726680511524336,45.59576888687156],[0.727239739807936,45.59546219118521],[0.727462578906384,45.5952225646127],[0.72756389600114,45.594535461969556],[0.727669447351972,45.59437093781861],[0.727918539493917,45.59427327444522],[0.728456069162646,45.593681466284174],[0.728759998227714,45.593184931788784],[0.728727214364381,45.59279510263317],[0.728838605977536,45.592550519932416],[0.729382022809895,45.59203359737646],[0.729470083316464,45.591763319230076],[0.729827996583356,45.5916399230605],[0.729889679389756,45.59151234704569],[0.730277159183465,45.59135621503704],[0.730608445734619,45.590472863618366],[0.730867641616458,45.59015919451529],[0.731551434367592,45.58831184021444],[0.731806842551763,45.587996291211496],[0.731932203091156,45.58791143791979],[0.732662102099456,45.58785229022722],[0.733760293691046,45.58760327643963],[0.734808403691031,45.586946961190165],[0.736587086750536,45.585522511721955],[0.736692529588229,45.58529672042564],[0.736640144207927,45.58485154870703],[0.736410256095352,45.5845118055868],[0.736399303382906,45.58377469298703],[0.736726361166047,45.58355696707395],[0.736914282713484,45.583039160396154],[0.738014291748027,45.582868517633834],[0.738142349105046,45.582717049595786],[0.738179889156364,45.58208000639941],[0.738475454319733,45.58200487654194],[0.738531314751199,45.58192492419809],[0.738326399227202,45.581633432241645],[0.738192907420075,45.580974931233754],[0.737876968588709,45.580574904821596],[0.734952489088816,45.57915123658026],[0.73483390025743,45.57897678544663],[0.734917621354596,45.57874875668294],[0.734351149315308,45.578170708792484],[0.734419607611603,45.57750005735265],[0.734148147864641,45.57723694388315],[0.733878629466137,45.577365736952146],[0.733749763327102,45.577348725474025],[0.733669370180007,45.577212878577896],[0.73371239728346,45.57685070501325],[0.733930577346091,45.57669114954321],[0.733482598010099,45.5763217792433],[0.732624518005169,45.57594323478423],[0.732470946373207,45.575714925338964],[0.731992373811745,45.57565482288768],[0.731782617859582,45.57548303299259],[0.731791919955976,45.57516161841973],[0.73208609026915,45.574649567247],[0.73209738587949,45.57424801759859],[0.7325772348777,45.57427661596232],[0.732630472634051,45.574135356146776],[0.732445122416812,45.57390009965149],[0.732486873302906,45.57353790083065],[0.732159683098279,45.5732268138057],[0.731796648403751,45.57307084888737],[0.731742325723451,45.572831028348574],[0.731559031191473,45.572765170893994],[0.730921383673639,45.57298832211726],[0.730692879959182,45.57286749976832],[0.730650420528031,45.57265134013645],[0.731122377370223,45.5722455775697],[0.730993289222296,45.57214027522975],[0.730389359928111,45.5719785415242],[0.730373107813536,45.571811556687706],[0.730808730669696,45.57157261936788],[0.730741721647446,45.57142352765879],[0.730562506741367,45.571320816121556],[0.729939305714859,45.571379398183424],[0.729746400388814,45.57126649949435],[0.729778026680567,45.57061942933679],[0.729464770669396,45.570219431511454],[0.729677559659299,45.569220186519885],[0.729310271205945,45.56907493720882],[0.728132697947989,45.56826470078892],[0.727083564728368,45.56838942618152],[0.726608942682191,45.56832847851236],[0.725999983787928,45.56804049975604],[0.725519125831386,45.56813166455444],[0.725447311040076,45.5678500474535],[0.725300982560141,45.56779033254696],[0.724862253098253,45.567823792014906],[0.724713916354568,45.56775052295234],[0.724608667549234,45.56718986625312],[0.72417109929487,45.567163890447894],[0.724058619622129,45.56696702947108],[0.723508294592969,45.566907237896615],[0.723044877920948,45.56697982744053],[0.722701537520596,45.567189074709134],[0.722491446935639,45.56718301583728],[0.720777127472365,45.56632939081668],[0.720338461877952,45.566236714799025],[0.720156747794018,45.56607087583642],[0.720000780457352,45.565559632628556],[0.720117027164459,45.56547731102979],[0.720745654506758,45.565441415870275],[0.721576547724747,45.56510242844522],[0.721657543622169,45.56481669963783],[0.721500708364004,45.56460722561737],[0.721943904879521,45.56424596131517],[0.721928286567987,45.563939356118766],[0.722064142193977,45.56387905050314],[0.722450020264172,45.56391389683805],[0.722166328494766,45.563420788022356],[0.721691421525815,45.56336792051963],[0.721693803384195,45.56318509649319],[0.722176339457352,45.56292732586175],[0.722178435452208,45.562813861416956],[0.721536222076012,45.56293146575108],[0.721436391700425,45.56264567430111],[0.721240823333968,45.56253630956239],[0.721274081232638,45.5624135676386],[0.72150714449628,45.56242189662098],[0.721495762330964,45.56232437417614],[0.720795017137528,45.56208765461357],[0.720565316539098,45.56184156817515],[0.720454847141287,45.56044211056766],[0.720145314642617,45.5600169364614],[0.719918733310868,45.55994477568181],[0.719641902364617,45.560003118735466],[0.719306006802002,45.560250341598696],[0.718812984147729,45.56151143316138],[0.718068132102966,45.56222239575126],[0.717573830917877,45.56323302076891],[0.716855772393763,45.56329230467558],[0.71640959726839,45.56319585677081],[0.716430943266205,45.562615241926345],[0.716283664603561,45.5624546002717],[0.715600941118677,45.56231010091163],[0.714872769628848,45.56199261066552],[0.714720260393465,45.561834563041586],[0.714626314370148,45.56150023853445],[0.714083766597546,45.56112886321787],[0.714024349967274,45.56085920094009],[0.712255385439631,45.56211502391432],[0.710139307304349,45.56388624323101],[0.708488317675357,45.56411383859312],[0.707683593881557,45.56232905186189],[0.707554158999173,45.561582306681565],[0.706985623129118,45.56056895834479],[0.706345379734725,45.56004961268119],[0.705420666189337,45.55884340938454],[0.702861882728791,45.560123495252306],[0.701880818287883,45.560216943986724],[0.701456069383214,45.56040914757396],[0.700531304453134,45.55976323299506],[0.697214777620793,45.55822512116014],[0.692815396092087,45.557167358088385],[0.690613436767776,45.55513933575696],[0.690231545032682,45.55451800163229],[0.689577022984699,45.55400817209213],[0.689365623640431,45.5539731958368],[0.688252523428505,45.55400615352626],[0.687668679953351,45.55395450213361],[0.687207441493918,45.55406842692824],[0.68631281763102,45.55412027600296],[0.685209962927532,45.55446060789736],[0.684378631143813,45.55480832694505],[0.683604061133518,45.55539323573093],[0.683267580469351,45.555221441151176],[0.681938145200082,45.55622640990198],[0.680713365662861,45.556812821720165],[0.678610712724951,45.5563441957019],[0.678358879005501,45.55696869568981],[0.678180408887838,45.558505483433756],[0.678728737332907,45.5608464428173],[0.679147096356671,45.561268579834],[0.678462790144752,45.56156254024904],[0.678249673217719,45.562364409883166],[0.677756798532895,45.562802855915656],[0.677914236810739,45.566056424692185],[0.676418639852688,45.566090375328905],[0.675685043404482,45.56624276658548],[0.675434107773813,45.566201541997515],[0.675304386333178,45.566083548133086],[0.675136968452667,45.5660999039984],[0.674286990403353,45.56667238428348],[0.673787995866699,45.56688817423119],[0.673034067085079,45.56703562340043],[0.672301211133676,45.56710873219617],[0.672077366662246,45.56678879285865],[0.671355535639054,45.566721588721656],[0.670611585415613,45.56690616399719],[0.670379512165877,45.56754547312544],[0.669625299586676,45.56867573947064],[0.66950790963383,45.569515615837766],[0.669098847490415,45.570153955584864],[0.668580687059859,45.570610758517],[0.668502139906208,45.570801013909765],[0.66845915679765,45.57215863029121],[0.668247976044995,45.57248306608802],[0.668054867146328,45.57249977975622],[0.667987493897864,45.57257675742137],[0.667979520505443,45.57288829220655],[0.667744677195225,45.57353114346439],[0.667792239967052,45.5737726620672],[0.668385368564004,45.57440116079703],[0.66903204273151,45.574549703318695],[0.669181898423004,45.57467713058204],[0.669242480993873,45.57463964952241],[0.669586588046572,45.57521162813713],[0.670484868136887,45.57608877446715],[0.670585102551293,45.57690883907991],[0.671065967930973,45.5774629267085],[0.671147773810886,45.578324949660896],[0.670863875127192,45.57857851742583],[0.67104577730887,45.57879849439704],[0.671495356440888,45.57887627384154],[0.671944012221548,45.579128800529226],[0.671760878181773,45.57973219206176],[0.672464545907388,45.580633216843054],[0.672808744409139,45.58099078008736],[0.673995696094341,45.58177928044295],[0.674752246121705,45.58206338965984],[0.675196769101288,45.582109518780584],[0.675477854571386,45.58229009928542],[0.676265010163179,45.583191023129956],[0.676310508506705,45.58339105493682],[0.676060981359546,45.58389578719955],[0.676068570580378,45.5845715936294],[0.676326996802673,45.5852012355036],[0.67723888806969,45.5863110279717],[0.67738498211542,45.586713129781266],[0.677334523526996,45.587396745446185],[0.677667176121119,45.588368444569625],[0.677827948783926,45.588389782638075],[0.678918126811525,45.59017708981329],[0.678284516473872,45.59023247366807],[0.677406157647675,45.590126948559686],[0.677400273392086,45.59026736213071],[0.676544940828047,45.59059201924584],[0.679294840672855,45.59383607475124],[0.681163322061293,45.59367913532237],[0.681016575684641,45.59396618756504],[0.680016112949799,45.59456894882979],[0.678075798867271,45.59521445792284],[0.677843357283252,45.5953718138525],[0.677828345315301,45.59585256656442],[0.677622969572856,45.59658883746688],[0.677850281996043,45.59731963044861],[0.67705791945112,45.59831313670425],[0.677536019696762,45.59875542811086],[0.677828510950696,45.59891101244191],[0.679789560520569,45.598723572483344],[0.680243423885633,45.598795095858904],[0.680741679963662,45.598971132536896],[0.681481502241488,45.599446730821185],[0.682879888851643,45.600101654855294],[0.683104658651131,45.60098733218648],[0.684236922127714,45.60236105061789],[0.684156452117915,45.60247470427355],[0.684333567337745,45.603242284953126],[0.684134004996042,45.603472400553514],[0.684230048613922,45.60436803652439],[0.683991231113646,45.60470815010105],[0.684096340126405,45.605018410524444],[0.684026886802859,45.605206162018064],[0.684124994850012,45.60528475585012],[0.684106065007231,45.60567624246618],[0.684194711676527,45.60579698206366],[0.685164776384788,45.606662864886026],[0.687109881422154,45.607570415043384],[0.687779508154643,45.607486890273],[0.688260327615653,45.60703733353481],[0.689246406623107,45.60644410937462],[0.689756926185139,45.60635910579128],[0.690171523816414,45.60641987153582],[0.690310153742723,45.60651190406587],[0.691140749135913,45.60841716767056],[0.691692192606926,45.609044676906464],[0.692423536395726,45.60954434830384],[0.692831668293296,45.60973019098849],[0.693130285156518,45.60998765676913],[0.693796574120891,45.610169781731805],[0.694837647784943,45.610722631879966],[0.695482291124216,45.61124032449446],[0.696118589673832,45.611928105166605],[0.696599267079298,45.611820837731564],[0.696768187502194,45.61161709867006],[0.697214763073647,45.611403729581305],[0.697705293599295,45.61155340476515],[0.69823667327755,45.61158500003061],[0.698717195048101,45.61179031927911],[0.698733426950617,45.61192487967006],[0.699263189320641,45.61205733333006],[0.700090514617936,45.61194813255713],[0.700558608549981,45.611803655782296],[0.701697606558166,45.61194765018419],[0.702723973117354,45.6117434024867],[0.703327536446622,45.61198454641859],[0.704182608735278,45.612506483761784],[0.704376204650172,45.61245007748632],[0.704413914042989,45.612345446572746],[0.707749977109423,45.61188107514667],[0.708248164718845,45.61169123633673],[0.70891892233037,45.61130131680265],[0.709350868593685,45.61085067706752],[0.710325550491061,45.61071557528923],[0.710620971374076,45.610648619328316],[0.710689670620124,45.61053921222582],[0.711279002661449,45.61047283122391],[0.7129237460399,45.610491873493174],[0.713297221501147,45.61021299483294],[0.713543978034853,45.61020539928946],[0.713675356402067,45.61044319332487],[0.713586950618295,45.610812548917494],[0.713835424910566,45.610950025403255],[0.714231328525259,45.61099861017713],[0.71455320499552,45.6111303698374],[0.71511163195034,45.61143989836828],[0.715887876199117,45.611323238601464],[0.716637619023113,45.61107090730329],[0.71686752303393,45.61150348035996],[0.718702658104927,45.61113893459347],[0.718908210719319,45.61157100925188],[0.719484599052725,45.61144486636519],[0.719506222278553,45.61176150457223],[0.720476067240449,45.61177485783447],[0.720910528778431,45.611572862113675],[0.722049613277068,45.611622061657776],[0.72202178644333,45.612017873554535],[0.72323638896742,45.611916346125746],[0.723855965034491,45.61151989848856],[0.72613090686564,45.610758748346086],[0.728531705057603,45.60880466606638],[0.730156118811323,45.60806543158968],[0.73053297778401,45.607764044898]]]]}},{"type":"Feature","properties":{"fid":1303,"ID":"COMMUNE_0000000009753410","NOM":"Sceau-Saint-Angel","NOM_M":"SCEAU-SAINT-ANGEL","INSEE_COM":"24528","STATUT":"Commune simple","POPULATION":126,"INSEE_CAN":"13","INSEE_ARR":"2","INSEE_DEP":"24","INSEE_REG":"75","SIREN_EPCI":"200071819"},"geometry":{"type":"MultiPolygon","coordinates":[[[[0.704314413715519,45.50034837874734],[0.70399598154786,45.50011845587386],[0.704144947720458,45.49883959646564],[0.703189043507317,45.49906327041855],[0.701795560883402,45.497169993473406],[0.700159350012538,45.49461410525347],[0.700446516646946,45.49368040416683],[0.700750434453797,45.49361005822707],[0.700839745094708,45.492938053402405],[0.701888929463191,45.49287215819526],[0.703327866859445,45.48846223791568],[0.704353307273106,45.4858707639758],[0.70480218992135,45.48573130571648],[0.705323903004071,45.485378933658104],[0.704962577176697,45.48460852871461],[0.704799510806746,45.48390613758241],[0.704486456562329,45.48395108263423],[0.699478976021048,45.481883794055555],[0.69700391730825,45.480733091352604],[0.69443542751816,45.47976868985144],[0.693411500908123,45.47926299057181],[0.692328771341451,45.479032632979994],[0.691642974742652,45.479111314688765],[0.690566047349364,45.47784868558124],[0.690033532598572,45.477413424128095],[0.688048887205163,45.47679510469897],[0.686740672174994,45.476507796257394],[0.685756815087228,45.4763956217924],[0.686000922906163,45.47539260415228],[0.686048800110457,45.473352263985724],[0.685729119070988,45.47303487713922],[0.68564396923316,45.47274304688024],[0.685118340084297,45.472513296602294],[0.684544026758913,45.471946521712404],[0.684222556227912,45.47022917119794],[0.684267172438179,45.469128351774735],[0.684503473285336,45.46766754539238],[0.68451372444991,45.46582461748549],[0.684644681397258,45.465139971815745],[0.685109297512924,45.464497344863354],[0.685270094983912,45.46395654965631],[0.686302619495499,45.4626490973928],[0.68768161463252,45.46187397398536],[0.686789764005374,45.461987110515174],[0.686136306506377,45.46240063608029],[0.683702292859969,45.46265669285514],[0.6832350506994,45.46213446041619],[0.682645338656221,45.46218533922772],[0.68120534731603,45.462027661900656],[0.68064718012576,45.46169091555738],[0.679814500478661,45.460754827936555],[0.67914203441703,45.460458049533905],[0.677582888388967,45.460181649396816],[0.67656201923251,45.4601659139376],[0.674707220572119,45.4598887542685],[0.67286648638423,45.45945961116402],[0.67103310892092,45.458794566371935],[0.670121839101324,45.458302693831726],[0.668913932084984,45.45676596434352],[0.667531260367139,45.45405807942541],[0.666928432134831,45.45311225635917],[0.666449024163224,45.452550059136385],[0.665829205156808,45.45255788112658],[0.664209029370681,45.45276558027641],[0.662946438172594,45.45320502094258],[0.660814976114269,45.45467222461039],[0.660101016745349,45.45527351848916],[0.656841039945394,45.457454004656825],[0.656089106831872,45.45837698902801],[0.654931812079808,45.45789426267944],[0.654771637531735,45.45826206778302],[0.654318552181647,45.45877599299611],[0.653057549687349,45.459718040264384],[0.653016891359727,45.45995321486967],[0.653273179588623,45.46179543037679],[0.653178372721549,45.46231234241319],[0.653065135818406,45.462568520243444],[0.652039926593663,45.4633812634401],[0.651844735579106,45.464213176668096],[0.649511848257951,45.465824608788196],[0.646878204412362,45.468064796063835],[0.648732937570014,45.46928471407069],[0.651059418893441,45.47019016741822],[0.651436187297148,45.47175654610508],[0.651278339895316,45.472703651308876],[0.651311582724127,45.47367367491886],[0.652372113542366,45.47460483985091],[0.652529228438114,45.47488649345787],[0.650516168981017,45.47446689703436],[0.649395328217284,45.474386666720164],[0.649828311291113,45.47577405714707],[0.649858610808276,45.47641970972482],[0.649125408002832,45.476074634366405],[0.649102515489605,45.4766759314352],[0.649814339561768,45.47667913189231],[0.650072376272306,45.47820699497734],[0.64924167698372,45.478531022258935],[0.648375241233646,45.479093924471805],[0.648326382064905,45.481427039339636],[0.648021347616036,45.48258186056987],[0.645891545548407,45.48478936480487],[0.645754211944165,45.485249528717794],[0.646119796668079,45.48550763808905],[0.647504186130267,45.488108637160856],[0.650208214047532,45.49052194719903],[0.651162622291326,45.492576077299844],[0.652328612764627,45.49453552898486],[0.652757727610361,45.4949291727176],[0.65384118216569,45.495297756791096],[0.65512639191443,45.495711984885595],[0.656103155774885,45.49590805444977],[0.6573196162732,45.4963433427598],[0.658153978684953,45.49669677551602],[0.659387913619877,45.49753869428118],[0.662624882915288,45.50085645393598],[0.665438793473678,45.50297167566614],[0.665848161631753,45.50365583393644],[0.666076363302695,45.50441369828939],[0.666139529314142,45.50513570028756],[0.666369381316382,45.505793602714675],[0.668549933888153,45.507837016892125],[0.668919814696825,45.5082428778079],[0.669327417566193,45.50894049841497],[0.672984398554496,45.51012441233565],[0.673334008929226,45.510373088207274],[0.674406390542534,45.51058809000469],[0.675105515474293,45.50983413677342],[0.676127907482319,45.509651709406484],[0.6777454465371,45.509177995561274],[0.679512929899529,45.50747678777893],[0.680567247009338,45.506835544345435],[0.68193248964292,45.5057430772547],[0.682700380554494,45.50493374658708],[0.683773458841976,45.505652252610936],[0.68521004053998,45.50496660416787],[0.688957482463651,45.50453302735363],[0.689335409214438,45.50462548694147],[0.690344811189767,45.50509037904929],[0.690924716735246,45.50596352347549],[0.691388023590457,45.506128899328914],[0.692171073696332,45.506245894565694],[0.692660753765685,45.50704060211397],[0.693967341972961,45.508772760566075],[0.694624220145904,45.509368201179626],[0.696096240697448,45.5102353087467],[0.696999268163285,45.511322245244955],[0.697634358724348,45.51037496304491],[0.698046528238771,45.51078609486409],[0.698282274471406,45.51090984038847],[0.69896753488469,45.50967891098081],[0.69929344975288,45.50929642273381],[0.698486209670547,45.50877269878735],[0.699271884192866,45.507529413337075],[0.699597586048565,45.50594608721109],[0.700974107292063,45.502932116616755],[0.70135003644172,45.50245425725815],[0.70210500750616,45.502041810676154],[0.702985557240548,45.50079233838188],[0.704314413715519,45.50034837874734]]]]}},{"type":"Feature","properties":{"fid":1374,"ID":"COMMUNE_0000000009752914","NOM":"Le Bourdeix","NOM_M":"LE BOURDEIX","INSEE_COM":"24056","STATUT":"Commune simple","POPULATION":240,"INSEE_CAN":"13","INSEE_ARR":"2","INSEE_DEP":"24","INSEE_REG":"75","SIREN_EPCI":"200071819"},"geometry":{"type":"MultiPolygon","coordinates":[[[[0.615973414570425,45.59267618041095],[0.617134481128111,45.5948899480282],[0.618001782718538,45.5959389390227],[0.619948871097353,45.59793238953485],[0.620873682048247,45.59824204533514],[0.625455195804676,45.59833077664442],[0.62546088706366,45.597898472242946],[0.625950332819919,45.59794664378549],[0.628374143692657,45.59786535996759],[0.629015719954159,45.597657272177315],[0.629459328852476,45.59712699587229],[0.630257729414873,45.59670239185678],[0.630374153089128,45.59695078634882],[0.63303538606028,45.59843022922485],[0.633936828546513,45.59910864553982],[0.634659510681821,45.59943555401994],[0.635249316772118,45.599598405775104],[0.635975901224416,45.59962359241117],[0.636680213837092,45.60008072908735],[0.637045551503168,45.60006047913254],[0.637200768726361,45.60012229781568],[0.63782048711792,45.60060737863033],[0.638391865098346,45.600781537819636],[0.638602380839983,45.60141297126481],[0.638960837804806,45.60206642886248],[0.639158312534389,45.60222102166363],[0.639617000064083,45.602209028906685],[0.639933772965492,45.60197334052563],[0.640269720407686,45.60204074928434],[0.640337857891655,45.60194758663596],[0.64081473291221,45.602141371230765],[0.641123586581691,45.602121724571504],[0.641381432407302,45.60173254757834],[0.641842846614273,45.60129448714359],[0.641958477370293,45.59939155251009],[0.642321754455988,45.5980019065251],[0.642730011920414,45.597243817870975],[0.643943125934736,45.59578549593743],[0.644464590308871,45.59501986431048],[0.644381443867864,45.593534376863424],[0.645161002977055,45.59312639264235],[0.645681854277268,45.592948115506346],[0.645451733476818,45.59229376439791],[0.646753103687991,45.59213722986047],[0.646109245615278,45.59104270020669],[0.645960303404309,45.590138705083454],[0.645184263719353,45.58813962410873],[0.645896550048265,45.58831669836494],[0.646207459094757,45.588518698094205],[0.646405840021068,45.588228264529974],[0.646364743710049,45.58750400042623],[0.646662376201665,45.586054414826066],[0.647149813216538,45.58475744602165],[0.647770135985544,45.58193086709073],[0.647772672397091,45.581568768256574],[0.647613263638261,45.58145552583109],[0.648218032969493,45.57981056919836],[0.649196132749278,45.57937428425095],[0.650036243597603,45.57937833673986],[0.650369685659916,45.57953214933883],[0.651223790379892,45.57944819974929],[0.651725666391197,45.57898752799697],[0.651755594424018,45.57852330233718],[0.651979601128071,45.57835321211701],[0.652480613752381,45.57833664995859],[0.65265962610579,45.57853227426925],[0.653680763315583,45.579017542558454],[0.654097493800422,45.5789010187039],[0.654913629828942,45.57825860886521],[0.655251660158132,45.577545863214254],[0.655424509434458,45.5767044503187],[0.655723822829053,45.57633052492913],[0.657775664885014,45.57525261421942],[0.658166483200143,45.574867977400544],[0.659466866356089,45.57408608047457],[0.660628009048972,45.573654412553],[0.661213619743555,45.573577413086326],[0.661546884385341,45.57343119914605],[0.662212921304102,45.57299822251234],[0.663029066406266,45.57262511806125],[0.663812929330793,45.57198287798255],[0.664988445881286,45.57132985184556],[0.666537306033828,45.5707350143634],[0.669098847490415,45.570153955584864],[0.66950790963383,45.569515615837766],[0.669625299586676,45.56867573947064],[0.670379512165877,45.56754547312544],[0.670611585415613,45.56690616399719],[0.670638479261276,45.56675447502084],[0.67052101830277,45.56661961310075],[0.670596140912067,45.5665716225275],[0.669681037777362,45.56603735612141],[0.669321048561994,45.56520379656096],[0.668173600159522,45.564004363106065],[0.667645370578929,45.563177216126306],[0.667160428230127,45.56269329444921],[0.667129072699804,45.56212779997887],[0.66686315815053,45.56192498961887],[0.666265971849873,45.56176214463834],[0.665504787946738,45.561717506769426],[0.66459187753603,45.562139062737394],[0.662845490491574,45.56246580603714],[0.660264520425474,45.564000331967264],[0.659366341100588,45.56531671761966],[0.657852733747768,45.56310507731175],[0.657811572563781,45.562713241810116],[0.65745085058823,45.56235708630767],[0.656616251563689,45.56192528532963],[0.656468259097217,45.561724908527694],[0.654882089171063,45.560870224569115],[0.654447642965581,45.56034766089987],[0.651446317831649,45.56105431947261],[0.650584838939371,45.56168223743035],[0.649322291587537,45.562785529312734],[0.648346563168738,45.56314258119026],[0.647188151375984,45.56336157012607],[0.646980562643485,45.56323650669958],[0.646078409120471,45.56327977392416],[0.64498135816256,45.56353335798368],[0.644358234340859,45.563831099940806],[0.642824611481432,45.564337666153854],[0.642028505786179,45.564359702837955],[0.640574519250468,45.564591341029214],[0.639913397780724,45.56457565726788],[0.639025498911998,45.564675022179884],[0.638203937498147,45.56502351547175],[0.637590954770775,45.56514215963206],[0.637129882909025,45.56542795424405],[0.636398880555704,45.5656071720604],[0.63604541604531,45.56577540878204],[0.63569780663169,45.56577620432006],[0.634966592171673,45.56553920284001],[0.63461357549573,45.56551645836708],[0.633643156101613,45.56565548483703],[0.632465725097074,45.566317156479045],[0.62992191880727,45.566117596591404],[0.628440876191509,45.566319681164146],[0.627301886262742,45.5668604926232],[0.62659240662272,45.5671049655986],[0.626184215311563,45.567352194866196],[0.625829600437646,45.56769604798252],[0.625180158060208,45.56800574329131],[0.624708550060784,45.56802640697604],[0.623753183441158,45.56781252185503],[0.62319808883623,45.567835918380915],[0.622487327958457,45.56804970901454],[0.621688578050414,45.568460728474165],[0.621387917133129,45.568532742494305],[0.620476473901916,45.56849092687135],[0.619389769998543,45.56876700713768],[0.618235948613674,45.569440746541524],[0.617681900513547,45.569558731278235],[0.617301449096977,45.56999480246444],[0.616714305393722,45.57034541016061],[0.614708674589874,45.571049697070706],[0.612928264032339,45.572092961666],[0.611317281639617,45.57277494117261],[0.611025777598416,45.57266334193005],[0.609760285534527,45.572441845388525],[0.609199347173483,45.57224253038143],[0.608944980698857,45.57237045081515],[0.608526299480597,45.572293075789744],[0.608161830826032,45.57170244580182],[0.60824936284571,45.57151692380759],[0.608203653939491,45.57135739483837],[0.607746808724474,45.57085668807684],[0.60707124450582,45.571411668330214],[0.601852951369418,45.57358150145979],[0.602092208299273,45.573684803042724],[0.60278619318906,45.57424824834178],[0.603253413722758,45.574478930046155],[0.603594681129803,45.57483394993995],[0.604086991513491,45.57516696347049],[0.607522148458224,45.57692479493091],[0.610086908217801,45.57893968690266],[0.611403345931907,45.57967936879114],[0.612798765128023,45.58067115851454],[0.614948002797451,45.58266089227183],[0.617999132438468,45.58626786673703],[0.618137426088007,45.58651313507305],[0.618566918642847,45.58825283539676],[0.618400125146788,45.58852136989837],[0.616795107814564,45.58947292926196],[0.616600205731398,45.5896787043799],[0.615901114544315,45.591314307632196],[0.615861155992574,45.592243175986425],[0.615973414570425,45.59267618041095]]]]}},{"type":"Feature","properties":{"fid":1479,"ID":"COMMUNE_0000000009752644","NOM":"Soudat","NOM_M":"SOUDAT","INSEE_COM":"24541","STATUT":"Commune simple","POPULATION":102,"INSEE_CAN":"13","INSEE_ARR":"2","INSEE_DEP":"24","INSEE_REG":"75","SIREN_EPCI":"200071819"},"geometry":{"type":"MultiPolygon","coordinates":[[[[0.538449061742436,45.628732415559874],[0.539964606242578,45.6294763873127],[0.540164583003246,45.631189799481234],[0.540663758574503,45.63160252067072],[0.540794086157972,45.63155942252975],[0.542397372221779,45.62960523055019],[0.542724259050114,45.62938624043085],[0.544158203186647,45.63066892135303],[0.544418277963955,45.63053765860402],[0.546594810628744,45.62868330928338],[0.547006287313695,45.62985896581619],[0.546845692984334,45.63084647063643],[0.545903619731492,45.63222684949977],[0.544667048563307,45.63274672746861],[0.543569441523113,45.632999351415734],[0.542608185317513,45.633072957742975],[0.542452324916964,45.633401991837594],[0.543919540149927,45.63373403336315],[0.544870627390935,45.63406380400117],[0.545627241132495,45.63440644191982],[0.546872727674579,45.63513541543372],[0.549067553457704,45.6335372738409],[0.550450347358673,45.634414245052454],[0.551757894261093,45.633624673273154],[0.552009877798779,45.63376349094916],[0.551416251764479,45.63429382511099],[0.551981677023233,45.63466288976969],[0.552237027669959,45.6346675440187],[0.556657898541268,45.63284829016041],[0.558473934691677,45.63220211808314],[0.558792759144064,45.63225227964269],[0.559987860174503,45.632990822909115],[0.560308673101202,45.63299597765913],[0.560945934872326,45.63269717768029],[0.561841008301209,45.63316342802539],[0.561887912501942,45.63323561625264],[0.561954412359059,45.633212732632515],[0.563034818305102,45.63153972564761],[0.563692931047581,45.630795412552445],[0.56437275758071,45.63019931510582],[0.564799031735954,45.62964547440507],[0.565574441314894,45.62897756465902],[0.566357610309646,45.628512522098234],[0.567578713597409,45.62757766074199],[0.568739428394166,45.626116253494565],[0.569174039191056,45.625985103373665],[0.570422865925674,45.626494064166515],[0.573705353580919,45.626217153332476],[0.574324501167327,45.627207986019805],[0.57522503606694,45.62781388712902],[0.575830791720296,45.62790892311212],[0.578757975254324,45.62891700375996],[0.579797774178638,45.62957000786565],[0.58097995174901,45.630080116863965],[0.583052766018497,45.630485024192936],[0.583711634599789,45.63074692373194],[0.584021308979254,45.63068330338596],[0.586222474518058,45.629263880299916],[0.5860837997139,45.62908703124876],[0.586383499431452,45.62875111863504],[0.592219902724659,45.62980499919393],[0.593123310404268,45.62884325026744],[0.595502075964982,45.62663826561933],[0.595935077638422,45.62648355570056],[0.596124161550558,45.626091201225414],[0.597216323940531,45.62551093124433],[0.597585892764049,45.625456661809075],[0.597586221737389,45.62536027290161],[0.596236386330668,45.622410732392794],[0.595298703193566,45.62147448038463],[0.594626459369552,45.62113758725964],[0.594113062368534,45.62072030384038],[0.592519956215498,45.618294337286805],[0.592447037432383,45.617195483262186],[0.592009234414874,45.616694221908446],[0.591033784680325,45.615892257482514],[0.589951098410624,45.614723122633805],[0.590045317434839,45.61432784521811],[0.589183465605555,45.61327694663403],[0.589447435515621,45.612904226839504],[0.589473453760053,45.611214699347485],[0.588571676272023,45.61137735052012],[0.588148839854178,45.61174305806026],[0.587945859058251,45.61174681337413],[0.587639434726577,45.61162042208798],[0.587322725057585,45.611671286402924],[0.587414351428591,45.61180748575953],[0.587335326524557,45.61185353830252],[0.586754524584143,45.61174918655903],[0.586418636448796,45.611945582557354],[0.585948040240884,45.61196341108117],[0.585641107450125,45.612143309218155],[0.585243519169638,45.612194233456535],[0.584945493957694,45.6123463931175],[0.584441510432875,45.612364399438945],[0.584121521208667,45.61234311245795],[0.584015896032159,45.61179219550211],[0.583427851624028,45.6114714547954],[0.583132299026422,45.61156690606562],[0.582526019379824,45.611281804671144],[0.581455541094514,45.6113975299231],[0.581250525018744,45.61127149962506],[0.580742756630903,45.61125877715743],[0.580223995910616,45.611468338551205],[0.579806490013281,45.61132872483865],[0.579642034514204,45.611537798788504],[0.579559029337206,45.611527904444216],[0.579322923815035,45.61140840871687],[0.579231923311228,45.61122897252135],[0.578969763147316,45.61129450101539],[0.578789103805571,45.61119872014817],[0.578573126873568,45.61123551212951],[0.577971383328247,45.61087660929846],[0.577546347631855,45.610880068304375],[0.577205719861895,45.610743902293905],[0.576824952224902,45.61087984389982],[0.576273271550029,45.61066795648547],[0.576053606817247,45.610495654700394],[0.575452768568402,45.610556578202555],[0.574988659378134,45.61039702262201],[0.574703489619562,45.610401684563925],[0.574012811760776,45.610638141086284],[0.57371222782632,45.6105550804153],[0.571599133029692,45.61041398044416],[0.571137285190513,45.61061301753275],[0.570774024594855,45.61058355056825],[0.570690666256741,45.61069886774035],[0.570532138773178,45.610713461674685],[0.570297595633319,45.61055884498275],[0.570066464515052,45.61053132908095],[0.570018444369156,45.61045551650243],[0.56977435073864,45.61046015251],[0.569489678183616,45.61030715360691],[0.568277897842859,45.61062961102404],[0.567852873897052,45.61045735702989],[0.567546210667647,45.61057144656891],[0.567329106839595,45.61028296568936],[0.56703766982452,45.61019648114736],[0.566908133779312,45.60984322655994],[0.565454590672064,45.60991267407635],[0.564995740902626,45.609780217588906],[0.564699111010889,45.609782804195],[0.563626748721988,45.60932804499935],[0.56320301841345,45.60883507800276],[0.562880365467635,45.608874933981404],[0.562618495850019,45.60905034153198],[0.561914968605429,45.60899455196465],[0.561663072877426,45.60885575679043],[0.561686096434583,45.60874093975744],[0.561526998309395,45.608651904169264],[0.561366043013545,45.60869255879813],[0.560934603942196,45.60852103972333],[0.560676430948066,45.608320844368436],[0.560385122154055,45.60829020124492],[0.560054911843984,45.60794790008237],[0.559797213871731,45.608057625346234],[0.559094400935682,45.60778201163058],[0.559231369863103,45.607353449092244],[0.559062338182418,45.60725698700886],[0.558700295776114,45.60720047963595],[0.558502048777868,45.6073592405593],[0.557863915888291,45.60759673921907],[0.556580488904756,45.6068075946273],[0.556371533473606,45.606859811930086],[0.556029195860179,45.60676408397334],[0.555370405241447,45.60595696528802],[0.554476819119459,45.60599159223967],[0.554224742130537,45.605712233841295],[0.554256834186652,45.605275990401786],[0.553758414914408,45.60502370604489],[0.552986706411951,45.605641158191],[0.55256370917233,45.60609321983186],[0.552126162993143,45.60632243840256],[0.551873346559974,45.60655387490409],[0.550255286923508,45.60555556676208],[0.550703788642826,45.60702391100251],[0.550787539914989,45.60765547200905],[0.550742857460971,45.6086662225456],[0.55172571326538,45.60905249127969],[0.551882439646652,45.60928203156828],[0.551639058321729,45.60985151504232],[0.551131683152018,45.61049813431197],[0.551061856099882,45.61094526791559],[0.551402231075053,45.61172475978891],[0.550165399096551,45.61261045069914],[0.549884589688572,45.613299838289784],[0.549606745034151,45.61360279854863],[0.549384781743706,45.61368715307541],[0.548903739735103,45.613708203299254],[0.547725721545965,45.61361135392262],[0.547566462164721,45.614570056833],[0.548298768300845,45.615166209077586],[0.548856448237946,45.61527025629697],[0.549268498231491,45.61611257897875],[0.54840732207329,45.61773167275294],[0.548386879356108,45.618164566453835],[0.548518746550876,45.618462939889184],[0.54877048623395,45.6187215824301],[0.549184249567202,45.61888735682871],[0.55022828830958,45.61864883402141],[0.551118742128331,45.619444809233514],[0.551170343541665,45.61999098454797],[0.551408423697136,45.620094366531845],[0.551368568350431,45.62090882467248],[0.551084998059624,45.62157293075076],[0.551107518638904,45.62205090465914],[0.551406868948049,45.62268535678991],[0.551428612124596,45.62347142579188],[0.551248363431816,45.62362786490305],[0.55050378013894,45.62371255733389],[0.549545146095591,45.623672761154396],[0.548696676210262,45.623957884337464],[0.549236213991584,45.624502980086284],[0.549504344032826,45.62491423187735],[0.547643461803357,45.626315145260726],[0.544971018497399,45.62536855724227],[0.544437292517986,45.624258693324755],[0.544422740974973,45.62366016807144],[0.54325260246982,45.623931021739494],[0.542774978388551,45.62338094188208],[0.542634291690239,45.62296344763833],[0.542144283352185,45.62332932570678],[0.541213179462445,45.62426034653592],[0.540720031184003,45.6252748101609],[0.540381801127058,45.626616989171005],[0.54019339274661,45.62692728991625],[0.539176281467595,45.62779785614853],[0.538449061742436,45.628732415559874]]],[[[0.575447013623348,45.64092864098534],[0.575987269606048,45.6411736140346],[0.57643001764376,45.64126963693487],[0.577676682902916,45.64122080244657],[0.579363635515845,45.64129493963959],[0.579257047590941,45.63988453360663],[0.579592527829147,45.63987823626124],[0.579333547145323,45.639397889187336],[0.579221959370456,45.63886575714741],[0.578470197167342,45.6369378636589],[0.576651722597746,45.63549961076527],[0.575884353906774,45.634371365063934],[0.575508101175605,45.63328577621197],[0.575182452135348,45.63277515291892],[0.574982836334221,45.63176183728155],[0.574660440691327,45.63129452581462],[0.574578356037583,45.630676537325506],[0.574692334249237,45.63003845083885],[0.568890235242631,45.63116368990127],[0.566351168525838,45.6320196171599],[0.562584614137232,45.63359936262931],[0.562897627733514,45.63378182011588],[0.565927699346834,45.63461318101295],[0.566966228187111,45.63503114047742],[0.567622202954818,45.63544622654814],[0.568248593252312,45.6359795890658],[0.570638322177378,45.63853122488152],[0.571256248888139,45.63908330575681],[0.571920040994028,45.63943907408092],[0.575447013623348,45.64092864098534]]]]}},{"type":"Feature","properties":{"fid":1517,"ID":"COMMUNE_0000000009752911","NOM":"Savignac-de-Nontron","NOM_M":"SAVIGNAC-DE-NONTRON","INSEE_COM":"24525","STATUT":"Commune simple","POPULATION":205,"INSEE_CAN":"13","INSEE_ARR":"2","INSEE_DEP":"24","INSEE_REG":"75","SIREN_EPCI":"200071819"},"geometry":{"type":"MultiPolygon","coordinates":[[[[0.72292500961005,45.53098586083171],[0.722658054999784,45.53086964439916],[0.72244749888559,45.530815828449434],[0.719932619532441,45.53128729410904],[0.715724691761629,45.53256387449737],[0.715418145974774,45.532599979606125],[0.713502321093523,45.53417621651627],[0.71159156721591,45.53553362021018],[0.709831253446497,45.53703279174291],[0.706388582683684,45.538169689784496],[0.705868821482019,45.53843203387149],[0.702295893350175,45.53945984924511],[0.70154288885567,45.539843522359526],[0.701658716230105,45.54008011402941],[0.69924810051429,45.541793738454956],[0.695785150716527,45.544517214622296],[0.694936148433421,45.54464753826372],[0.691747144943366,45.54462980621986],[0.691415563708716,45.54477253516384],[0.691256107960196,45.545030506874625],[0.690741808173962,45.54521992678644],[0.690376524814294,45.54598715507943],[0.690704385251105,45.5473505860494],[0.691097127258575,45.54783340990365],[0.691360510225488,45.548713554879484],[0.690329781019427,45.55071209358729],[0.688981933741948,45.55290319251263],[0.690231545032682,45.55451800163229],[0.690613436767776,45.55513933575696],[0.692815396092087,45.557167358088385],[0.697214777620793,45.55822512116014],[0.700531304453134,45.55976323299506],[0.701456069383214,45.56040914757396],[0.701880818287883,45.560216943986724],[0.702861882728791,45.560123495252306],[0.705420666189337,45.55884340938454],[0.706345379734725,45.56004961268119],[0.706985623129118,45.56056895834479],[0.707554158999173,45.561582306681565],[0.707683593881557,45.56232905186189],[0.708488317675357,45.56411383859312],[0.710139307304349,45.56388624323101],[0.712255385439631,45.56211502391432],[0.714024349967274,45.56085920094009],[0.714083766597546,45.56112886321787],[0.714626314370148,45.56150023853445],[0.714720260393465,45.561834563041586],[0.714872769628848,45.56199261066552],[0.715600941118677,45.56231010091163],[0.716283664603561,45.5624546002717],[0.716430943266205,45.562615241926345],[0.71640959726839,45.56319585677081],[0.716855772393763,45.56329230467558],[0.717573830917877,45.56323302076891],[0.718068132102966,45.56222239575126],[0.718812984147729,45.56151143316138],[0.719306006802002,45.560250341598696],[0.719641902364617,45.560003118735466],[0.719918733310868,45.55994477568181],[0.720145314642617,45.5600169364614],[0.720454847141287,45.56044211056766],[0.720565316539098,45.56184156817515],[0.720795017137528,45.56208765461357],[0.721495762330964,45.56232437417614],[0.721700080199828,45.56234563267769],[0.722276543213525,45.56211138632759],[0.723266300871954,45.56139995386598],[0.724071418729496,45.5605622586513],[0.724555705135489,45.560229743667584],[0.725291502621807,45.56008068590742],[0.726573173665652,45.560066985038695],[0.728603745733535,45.559490066048326],[0.731226522539207,45.55819718630946],[0.732569407654398,45.55778287712539],[0.734095108670457,45.557475835977044],[0.734327481507402,45.55715531674147],[0.735297672371374,45.55685417384953],[0.735709247133266,45.55641564963836],[0.735391155350702,45.55582098854826],[0.735395943929918,45.555640916341964],[0.736081319579764,45.5549971115181],[0.736891498094221,45.55440536295395],[0.73766669459565,45.553570577945806],[0.738486160262525,45.5530645857517],[0.739024825071898,45.55284120730085],[0.739805592283177,45.55215155639593],[0.74027681373599,45.551506122547934],[0.740645292285463,45.55117932053791],[0.741059143796374,45.551029093691824],[0.741958339510918,45.55045261339256],[0.743339902178514,45.550057876236615],[0.744007837363849,45.54971275535333],[0.744308968494152,45.549716999737086],[0.744786597426411,45.549511287110505],[0.745020561205006,45.54946463519578],[0.746384165328251,45.54976314743814],[0.74748130366016,45.549172577977856],[0.749049740358986,45.54764646222099],[0.749483775466739,45.54740832764211],[0.750945676902994,45.54717906143116],[0.751766949146101,45.546180255284014],[0.751566879239863,45.54608706854343],[0.750244445893076,45.545849798642635],[0.749199519208926,45.545535195891944],[0.748275467040561,45.54536984256654],[0.744572030374514,45.54513970919438],[0.74399664727416,45.544944385152455],[0.742816955293647,45.5441621822958],[0.740594274375479,45.54232843329001],[0.739648408968737,45.54141036678333],[0.739210247470936,45.54046017107689],[0.735742158195847,45.53748780940433],[0.735008128634244,45.53628299912179],[0.73463735155044,45.535914284554046],[0.733819102041,45.53561131168091],[0.731637743480744,45.535070917239004],[0.728114225558409,45.5334700731578],[0.725625841155451,45.53254319242528],[0.724233934522367,45.53185377888936],[0.72292500961005,45.53098586083171]]]]}},{"type":"Feature","properties":{"fid":1539,"ID":"COMMUNE_0000000009752913","NOM":"Saint-Martin-le-Pin","NOM_M":"SAINT-MARTIN-LE-PIN","INSEE_COM":"24458","STATUT":"Commune simple","POPULATION":273,"INSEE_CAN":"13","INSEE_ARR":"2","INSEE_DEP":"24","INSEE_REG":"75","SIREN_EPCI":"200071819"},"geometry":{"type":"MultiPolygon","coordinates":[[[[0.622945445552862,45.53340071487948],[0.622638572889006,45.53347259643526],[0.622160984145654,45.533848963860656],[0.621233635241039,45.534370756384824],[0.619874932029332,45.534638362568266],[0.619892526815348,45.534885576559894],[0.619577327403041,45.534912229567645],[0.619404227987847,45.53485360725138],[0.619375591053981,45.53468453568658],[0.618613784704107,45.5347233404668],[0.617702974150133,45.53488870671729],[0.617387930907908,45.53401627773066],[0.617010494470502,45.53408934991338],[0.616525546414642,45.534337613062114],[0.615825953518146,45.53492725677176],[0.614683672130528,45.53475165633148],[0.61392482292278,45.53490039983436],[0.613544651012598,45.535275198081635],[0.613129062335816,45.535877165851545],[0.613101804989785,45.536153157585844],[0.612520273137617,45.536529979822646],[0.611782550915419,45.53731878562432],[0.611749208750681,45.53782527397448],[0.611545230804299,45.538007419750144],[0.611533401630815,45.53813329189221],[0.611573423227014,45.53824585241516],[0.6120106934174,45.538570458354684],[0.612093736010828,45.53890464963621],[0.611783137685106,45.539062007254905],[0.611323916081946,45.5390387296486],[0.610831761943272,45.53936339171055],[0.610371365919834,45.53915900761504],[0.610224153863148,45.53918380323001],[0.609921859246239,45.53947556423711],[0.609391071045441,45.53965525675152],[0.609389292249412,45.53990476384145],[0.608819536449462,45.540452987142395],[0.608035908975358,45.54078764868264],[0.607903246424865,45.540772211364214],[0.607194296537203,45.54026703074565],[0.606446453569015,45.54036641162165],[0.605730212821221,45.54017907865021],[0.605488813090318,45.53986132580629],[0.605352212444889,45.53946202417582],[0.605099127900897,45.53929627099545],[0.604847510055516,45.539304419447724],[0.604767771500481,45.539636947845054],[0.6043863382962,45.539445033132125],[0.604221271420711,45.53943790916266],[0.6037293719769,45.53990398566481],[0.6035662432985,45.53991131628699],[0.603444729677354,45.53981593259736],[0.603402506883815,45.53927990529673],[0.603304051572176,45.539155284133784],[0.603076540902731,45.53910988978324],[0.604178116514902,45.53880456676485],[0.604514059665617,45.53832795577407],[0.604506630267388,45.53796564124621],[0.60334932723572,45.537958972326],[0.600662352595421,45.53689261645289],[0.598093989815965,45.53569449843206],[0.597279846483131,45.535697806246176],[0.5969659646648,45.536048744077554],[0.595245313721788,45.53599750516986],[0.594849814715332,45.53562868156678],[0.594128895721144,45.53436911446716],[0.593859209820893,45.53316875867715],[0.592686760407688,45.53357245884689],[0.592129291344653,45.53368753465962],[0.591692028055159,45.533868247531416],[0.589519764499567,45.535332442919895],[0.59014514089458,45.536280986461946],[0.589770019300562,45.53647653905222],[0.59040317396163,45.537305429370896],[0.590256734051412,45.53769597708351],[0.590835677942379,45.53806154479271],[0.589562556899404,45.539127012781776],[0.590002637964335,45.539384200498155],[0.589875050126423,45.53990127719737],[0.589617325977576,45.540285833148545],[0.589795915681998,45.54048335673887],[0.589562180421704,45.54143688977704],[0.589041166347775,45.542186061217905],[0.590591853473266,45.54270130834201],[0.590385818902596,45.543341927203734],[0.590329046549639,45.54391097363206],[0.590682502498333,45.54439242350873],[0.590477315214579,45.54516098752934],[0.590570910100294,45.54637109036513],[0.591104421502047,45.54645640437084],[0.59194888827387,45.54643757184473],[0.593207499855335,45.54624112180099],[0.593656055700426,45.545979562528515],[0.594322524278754,45.54539384321587],[0.595141074671146,45.5449077711891],[0.595929232540182,45.544176001215924],[0.597890862348417,45.54491525095583],[0.599706145299693,45.54580809322949],[0.600618305838863,45.54600235081493],[0.601063583366121,45.54652716783752],[0.601713136977632,45.54695364270593],[0.605156329782592,45.54875048940541],[0.606134687005725,45.54949204903767],[0.603204895911497,45.549995342690046],[0.603824125411161,45.55127339686619],[0.604096034443346,45.552785479289376],[0.603660455446693,45.552835648731424],[0.60306315588104,45.55277065651141],[0.602175039066582,45.552788643012654],[0.601528288353105,45.55268114636756],[0.600676273025445,45.553020608024546],[0.600435809467817,45.553332585669835],[0.599854111046652,45.553558896762546],[0.599842182792514,45.55362710952368],[0.599602764966172,45.55364812070894],[0.599045682604414,45.553572254839054],[0.598156678975132,45.55325506000613],[0.59785018199105,45.553255714799654],[0.597693412748196,45.55308569844471],[0.597522452063123,45.553036097637055],[0.596767408015001,45.55306049044263],[0.59480319402245,45.553557192987846],[0.592791344894707,45.554352838339746],[0.594003179905867,45.55577067120601],[0.594337050418256,45.55676519658747],[0.594537874060969,45.558107319474125],[0.593081549913602,45.55809595396058],[0.593102248677113,45.558948641056226],[0.592902177757737,45.55924435248788],[0.591761492147448,45.55905144491414],[0.591491786449186,45.559651064185466],[0.592318421518948,45.55969310302733],[0.592398798613733,45.56050022289152],[0.591827194248039,45.56049157824847],[0.591606768174342,45.5622300816028],[0.592194425256643,45.56210573883663],[0.592324387533483,45.56194816452179],[0.592901486268851,45.561653323302174],[0.59347889977859,45.56161704202356],[0.594033516874447,45.56175143917881],[0.594173242325891,45.56181208771971],[0.593981946500405,45.561935017879144],[0.593967697534619,45.56208606264617],[0.594077711824059,45.56218120993785],[0.594547392993838,45.562263336000306],[0.594864258415948,45.5624683143592],[0.595247451381361,45.56247471321894],[0.595391309319869,45.56264715916168],[0.595910571461032,45.56276907864365],[0.596013019521701,45.562861359409304],[0.596083793998125,45.56327007627951],[0.596596491144139,45.56363238995587],[0.597095563960428,45.56380612362073],[0.597259470495572,45.563960076969565],[0.597699092726554,45.56396677283456],[0.597914141388726,45.56368038194699],[0.598285207837026,45.56358200775155],[0.59867234578003,45.563497489137866],[0.599249921285164,45.56351703653593],[0.599572765220234,45.56337708791684],[0.599997959657468,45.56350959130099],[0.600289647592323,45.56346717227611],[0.600708052095052,45.563578807468886],[0.601147671719923,45.56358548984707],[0.601953151721441,45.56417744826536],[0.601977948787635,45.5643158134776],[0.602552308222998,45.56476590012458],[0.603849788240755,45.56548905819004],[0.60472950978117,45.565759159516226],[0.605002552395299,45.56600011055783],[0.604869776252892,45.56696573615713],[0.604929097936584,45.56719582610574],[0.605101150998569,45.567369760561704],[0.605778126851204,45.56770219814497],[0.605901100363754,45.567884094613994],[0.60579297603968,45.56830881240438],[0.606928064420238,45.569141984969995],[0.606996484417835,45.56933983540299],[0.606769297567495,45.5700268801323],[0.60711957210454,45.57020280429698],[0.607746808724474,45.57085668807684],[0.608203653939491,45.57135739483837],[0.60824936284571,45.57151692380759],[0.608161830826032,45.57170244580182],[0.608526299480597,45.572293075789744],[0.608944980698857,45.57237045081515],[0.609199347173483,45.57224253038143],[0.609760285534527,45.572441845388525],[0.611025777598416,45.57266334193005],[0.611317281639617,45.57277494117261],[0.612928264032339,45.572092961666],[0.614708674589874,45.571049697070706],[0.616714305393722,45.57034541016061],[0.617301449096977,45.56999480246444],[0.617681900513547,45.569558731278235],[0.618235948613674,45.569440746541524],[0.619389769998543,45.56876700713768],[0.620476473901916,45.56849092687135],[0.621387917133129,45.568532742494305],[0.621688578050414,45.568460728474165],[0.622487327958457,45.56804970901454],[0.62319808883623,45.567835918380915],[0.623753183441158,45.56781252185503],[0.624708550060784,45.56802640697604],[0.625180158060208,45.56800574329131],[0.625829600437646,45.56769604798252],[0.626184215311563,45.567352194866196],[0.62659240662272,45.5671049655986],[0.627301886262742,45.5668604926232],[0.628440876191509,45.566319681164146],[0.62992191880727,45.566117596591404],[0.632465725097074,45.566317156479045],[0.633643156101613,45.56565548483703],[0.63461357549573,45.56551645836708],[0.634966592171673,45.56553920284001],[0.63569780663169,45.56577620432006],[0.63604541604531,45.56577540878204],[0.636398880555704,45.5656071720604],[0.637129882909025,45.56542795424405],[0.637590954770775,45.56514215963206],[0.638203937498147,45.56502351547175],[0.639025498911998,45.564675022179884],[0.639913397780724,45.56457565726788],[0.640574519250468,45.564591341029214],[0.642028505786179,45.564359702837955],[0.642824611481432,45.564337666153854],[0.644358234340859,45.563831099940806],[0.64498135816256,45.56353335798368],[0.646078409120471,45.56327977392416],[0.646980562643485,45.56323650669958],[0.647188151375984,45.56336157012607],[0.648346563168738,45.56314258119026],[0.649322291587537,45.562785529312734],[0.650584838939371,45.56168223743035],[0.651446317831649,45.56105431947261],[0.654447642965581,45.56034766089987],[0.654882089171063,45.560870224569115],[0.656468259097217,45.561724908527694],[0.65710285555005,45.561548057166455],[0.660665519188698,45.56127454207051],[0.660891518935659,45.56044684365298],[0.661404287800696,45.560390851676814],[0.662063677852228,45.56050727119629],[0.665320418563711,45.56061371744807],[0.669244928007704,45.558166453327225],[0.669537342902029,45.55825719954525],[0.671968451644991,45.55771392253621],[0.672276235489717,45.557530216252246],[0.672204965876411,45.55727289429546],[0.672442297839726,45.556903951761555],[0.672429461353896,45.55641541727681],[0.67212518934715,45.555568607467244],[0.671574889693818,45.555450903433496],[0.671617565346357,45.55528963210874],[0.671743609825458,45.55531116206214],[0.672170686097732,45.55509569528937],[0.6706525211056,45.55420841159739],[0.667022334517117,45.55174039618668],[0.66700362872421,45.55163640820221],[0.664139143845982,45.55221470655076],[0.663701515167876,45.55182814432361],[0.662175373606698,45.551287409889895],[0.660216156994795,45.54976740133844],[0.658056871253001,45.548858479599104],[0.656876993361842,45.548652804242664],[0.655580460179108,45.548113162187576],[0.654496591551767,45.54812387174721],[0.654066158075971,45.54805452651328],[0.652981714676339,45.54726073235977],[0.650684726348243,45.54609654405712],[0.650041814405853,45.54559572666617],[0.649219453465042,45.54533618751643],[0.647936695178446,45.54468683621387],[0.64624570050168,45.54368838744033],[0.646163408250426,45.54351279490541],[0.645861223727109,45.54338304337848],[0.645464493167,45.54297384078425],[0.645280102505244,45.54299880384814],[0.645074790640466,45.542791803847884],[0.644882158870854,45.54273911846308],[0.644442595968976,45.542221810237066],[0.643972857377839,45.54208313466249],[0.643375092358457,45.54172916538335],[0.640607829365633,45.53927385381271],[0.639211747672904,45.53855174983358],[0.638375995301997,45.53821887603974],[0.637343701242967,45.53822689696676],[0.636394705217332,45.53772406342611],[0.635925983729208,45.53756285259259],[0.634544814636218,45.53664371075391],[0.634800157502433,45.53642747241551],[0.633830650128043,45.536016073583845],[0.633252074895132,45.536266939789975],[0.633017635242564,45.53620344283469],[0.631670153492779,45.53545794219204],[0.631160357670061,45.53499855558985],[0.630605149272,45.53488234335927],[0.630040087946664,45.53457673635198],[0.629763240848876,45.53421594916077],[0.629197410288563,45.533898610067325],[0.628642259211214,45.53327159179528],[0.627505927062805,45.532267440398044],[0.627250767740818,45.53169990287188],[0.62670846364691,45.53152268351038],[0.626219632431503,45.53156370312779],[0.626016765095814,45.53184139005188],[0.625780772948707,45.53193459737962],[0.625114825009137,45.53198087689111],[0.624755884980714,45.532311115944005],[0.624489398957238,45.53296672471637],[0.624243960027885,45.5331606275712],[0.623448677489276,45.53344289465656],[0.622945445552862,45.53340071487948]]]]}},{"type":"Feature","properties":{"fid":1621,"ID":"COMMUNE_0000000009753170","NOM":"Hautefaye","NOM_M":"HAUTEFAYE","INSEE_COM":"24209","STATUT":"Commune simple","POPULATION":128,"INSEE_CAN":"13","INSEE_ARR":"2","INSEE_DEP":"24","INSEE_REG":"75","SIREN_EPCI":"200071819"},"geometry":{"type":"MultiPolygon","coordinates":[[[[0.539922408876486,45.53641836799236],[0.539198835290896,45.53507277709668],[0.537728823973534,45.53486308202419],[0.537612466333707,45.5315929351355],[0.539053770618691,45.53097407006272],[0.537828080154237,45.52962287096274],[0.538777782915634,45.52950945226558],[0.537990860947958,45.528612016944514],[0.536009869006813,45.529291100571136],[0.535433814375039,45.528812690686856],[0.536282239235655,45.52817994911614],[0.537450537453149,45.52770376683839],[0.536452027337183,45.52683861729701],[0.535761264469094,45.52703877933491],[0.535025734639676,45.52645776748457],[0.534346699597322,45.52685547735691],[0.533251580226048,45.5279053125432],[0.532511850906643,45.528312489842705],[0.531972758236422,45.5283871314315],[0.530435482694916,45.52822450757364],[0.529925642650477,45.52824662888723],[0.527763018709553,45.52885760924868],[0.525933959671938,45.529202020381376],[0.524839898718268,45.526919325276886],[0.524624539733256,45.52691998401765],[0.52387969967951,45.52577471993054],[0.523444341665589,45.525363312659444],[0.522981434777477,45.52531076024435],[0.522398270849475,45.52493753040864],[0.522048682451761,45.52490188871442],[0.521171456179644,45.52442666631349],[0.519927634997083,45.52418208332512],[0.518957955985594,45.524227331506914],[0.518530428871284,45.52404310767459],[0.516779933259122,45.5227773661719],[0.516017068558311,45.52252625596542],[0.515084746193636,45.52208129747251],[0.512305237652288,45.52041612419017],[0.511891095235494,45.51947720256743],[0.509776959417852,45.519867281597094],[0.508046925073739,45.51929465685162],[0.506567886315457,45.51866991986518],[0.503920120933448,45.51690565202001],[0.502100442139675,45.5190111758622],[0.501531239737535,45.519072387479156],[0.499258642891918,45.51908125792094],[0.498469666899583,45.51952585634811],[0.49772996752896,45.51978685872753],[0.496512220176199,45.519934494115525],[0.496265910723629,45.51976953909556],[0.494666960338876,45.520014962916584],[0.493804866959851,45.52216244497895],[0.492430926473708,45.52264529880506],[0.492375073900295,45.52280351509059],[0.490485910578201,45.52328565036162],[0.489335390783171,45.52375814459527],[0.488775346180179,45.524096982742634],[0.488768555879381,45.52433197239982],[0.488495927144042,45.524606964137874],[0.488076789402543,45.52480570322132],[0.487068891878264,45.5249579331796],[0.484939120764961,45.52503368113716],[0.480515793420432,45.527831913630244],[0.479427817996505,45.52799579417751],[0.47810429126011,45.5288580011067],[0.477854918246994,45.529211871970496],[0.477264630692858,45.53060766856243],[0.476794922481744,45.53098631868124],[0.476047454699544,45.531975862807],[0.475132411356626,45.532534594214184],[0.474266185098594,45.53289350870408],[0.473460387151879,45.53268528815857],[0.472450166506579,45.534206756022115],[0.473488732664759,45.53676354416625],[0.473886193922388,45.538704983418],[0.474923673184978,45.53878236677587],[0.477336057908681,45.53867800756772],[0.478947924958878,45.53886735449459],[0.480409619169795,45.538863213392894],[0.482917583615435,45.53865817252228],[0.484120200280616,45.53865628569516],[0.485856012233951,45.538317662525785],[0.486232708912846,45.54100995772194],[0.486137426426366,45.5419808278103],[0.486207365512768,45.54281394969653],[0.487508870233781,45.54167816758349],[0.488335653488734,45.54125700448829],[0.489770765129666,45.54271975573306],[0.490481752619773,45.54250590506832],[0.49086404050839,45.542557689198595],[0.491369666564517,45.54274556357703],[0.491948189344135,45.54271073255951],[0.493113106170321,45.54232501236836],[0.49293384286376,45.54385168469898],[0.494000821942999,45.54449893254936],[0.494185387374297,45.54472738011976],[0.494312405090072,45.54710955797233],[0.494543927778997,45.54740572062677],[0.496464276773172,45.546051196898915],[0.497891196691036,45.54557126210487],[0.499815614767229,45.54506184153564],[0.50059736600942,45.54640719836604],[0.501785748475483,45.54723725494904],[0.502462989823271,45.54805773806127],[0.502762665520506,45.5486923429984],[0.502825217395607,45.549524384316804],[0.503152354690469,45.55003346923438],[0.504069963566722,45.55115568689725],[0.504187264861995,45.55114207613596],[0.50445029193751,45.55165153454699],[0.504948894927893,45.5522833439326],[0.506496518543551,45.55388350412792],[0.506545503729237,45.55433415135907],[0.506347768119923,45.55451084835902],[0.50584513040246,45.55468077715094],[0.506032189073018,45.55505520846542],[0.50796764263542,45.55399182026639],[0.508773191018988,45.55467186132939],[0.509420400996364,45.555023154046395],[0.512658478564682,45.55444982486658],[0.514544724695254,45.55450958455085],[0.515871174129088,45.55507136195379],[0.516874540014502,45.55571787725446],[0.517694508712053,45.55613600299341],[0.518926645762098,45.556456916051374],[0.5182814876559,45.55786341638064],[0.518611469492673,45.55802656280426],[0.51995246170878,45.55924087510963],[0.519900006623772,45.558263122509636],[0.520090824232667,45.55792498531692],[0.520914792037992,45.557537754588665],[0.522233494797026,45.55707043616631],[0.523672965314462,45.55427149087163],[0.52427343509058,45.55331623905708],[0.527177929017544,45.551763059557466],[0.52854604704576,45.54980844952615],[0.528274523981828,45.549715087580225],[0.530267552422953,45.547459787483916],[0.529820274004072,45.54728238396385],[0.529807876135183,45.54710012693188],[0.529326487988697,45.5470553064999],[0.52877214388538,45.54680617368436],[0.527129490244768,45.54629254349044],[0.526178071537176,45.546121144113606],[0.525874551665738,45.54599824207247],[0.525951387617312,45.54522424707325],[0.525792559880607,45.54490452820837],[0.525694192412679,45.54357441416685],[0.5249267087629,45.54258632137405],[0.524699792247053,45.54212635972439],[0.52483778999381,45.54087262515973],[0.524687923683188,45.539921561149065],[0.524452799688379,45.539559617637266],[0.525555929093313,45.539891135161795],[0.525920890088291,45.540331612698566],[0.526968966692271,45.54069073252483],[0.52789454058162,45.541468773726514],[0.528946551751853,45.54159642641279],[0.529305997458935,45.54132685173784],[0.530311614522247,45.54079760712038],[0.530767332117315,45.5408706893782],[0.534672058630987,45.53914832677259],[0.536576546755647,45.53800631432693],[0.537284063183601,45.53795155781054],[0.537606021972612,45.53765861347302],[0.538039846237993,45.53744469753056],[0.538692608534286,45.5374391830974],[0.539052031999923,45.53728399392329],[0.539466973755721,45.536859747280836],[0.540062641997279,45.53672504536154],[0.539922408876486,45.53641836799236]]]]}},{"type":"Feature","properties":{"fid":1668,"ID":"COMMUNE_0000000009752915","NOM":"Teyjat","NOM_M":"TEYJAT","INSEE_COM":"24548","STATUT":"Commune simple","POPULATION":279,"INSEE_CAN":"13","INSEE_ARR":"2","INSEE_DEP":"24","INSEE_REG":"75","SIREN_EPCI":"200071819"},"geometry":{"type":"MultiPolygon","coordinates":[[[[0.544715800850161,45.57843983241102],[0.542986077733036,45.579779530825824],[0.541617320693642,45.5819460285788],[0.541162598976105,45.58233428666071],[0.540780185021375,45.58253853688802],[0.541818964090686,45.58330090568738],[0.541955901824312,45.58348228062078],[0.542039800530182,45.58387601193119],[0.54422907591837,45.5850247720045],[0.545602126139078,45.58623765376379],[0.546354685577407,45.5867441766394],[0.546926987396463,45.58688819864237],[0.547361681070493,45.58730038985107],[0.547620843539618,45.58817091768972],[0.548566513461677,45.588751007141205],[0.549306884809134,45.589012195713984],[0.549920140600831,45.5893625020325],[0.55139422894667,45.59061715034323],[0.552204658934472,45.59097804393285],[0.553196638011654,45.59173207527304],[0.552197082667604,45.592486001468025],[0.553583023646797,45.5932404967783],[0.553308229813534,45.59344803294052],[0.552014149512856,45.59517483796131],[0.552565734119683,45.59581928393817],[0.553534484704456,45.59777011383934],[0.554151572223398,45.599664636883766],[0.55453885575096,45.59996225175819],[0.55431054105949,45.60025008196354],[0.553783677744896,45.60064313050156],[0.553390927064213,45.60139945866211],[0.554171426236138,45.60162815075483],[0.55519402663864,45.6021585001193],[0.555133450879295,45.602484213288264],[0.554484775861378,45.60354309223341],[0.553926663762818,45.604032760967165],[0.553880551820815,45.604379509257434],[0.55401283123285,45.60461031663626],[0.554261358154109,45.6047373446239],[0.553758414914408,45.60502370604489],[0.554256834186652,45.605275990401786],[0.554224742130537,45.605712233841295],[0.554476819119459,45.60599159223967],[0.555370405241447,45.60595696528802],[0.556029195860179,45.60676408397334],[0.556371533473606,45.606859811930086],[0.556580488904756,45.6068075946273],[0.557863915888291,45.60759673921907],[0.558502048777868,45.6073592405593],[0.558700295776114,45.60720047963595],[0.559062338182418,45.60725698700886],[0.559231369863103,45.607353449092244],[0.559094400935682,45.60778201163058],[0.559797213871731,45.608057625346234],[0.560054911843984,45.60794790008237],[0.560385122154055,45.60829020124492],[0.560676430948066,45.608320844368436],[0.560934603942196,45.60852103972333],[0.561366043013545,45.60869255879813],[0.561526998309395,45.608651904169264],[0.561686096434583,45.60874093975744],[0.561663072877426,45.60885575679043],[0.561914968605429,45.60899455196465],[0.562618495850019,45.60905034153198],[0.562880365467635,45.608874933981404],[0.56320301841345,45.60883507800276],[0.563626748721988,45.60932804499935],[0.564699111010889,45.609782804195],[0.564995740902626,45.609780217588906],[0.565454590672064,45.60991267407635],[0.566908133779312,45.60984322655994],[0.56703766982452,45.61019648114736],[0.567329106839595,45.61028296568936],[0.567546210667647,45.61057144656891],[0.567852873897052,45.61045735702989],[0.568277897842859,45.61062961102404],[0.569489678183616,45.61030715360691],[0.56977435073864,45.61046015251],[0.570018444369156,45.61045551650243],[0.570066464515052,45.61053132908095],[0.570297595633319,45.61055884498275],[0.570532138773178,45.610713461674685],[0.570690666256741,45.61069886774035],[0.570774024594855,45.61058355056825],[0.571137285190513,45.61061301753275],[0.571599133029692,45.61041398044416],[0.57371222782632,45.6105550804153],[0.574012811760776,45.610638141086284],[0.574703489619562,45.610401684563925],[0.574988659378134,45.61039702262201],[0.575452768568402,45.610556578202555],[0.576053606817247,45.610495654700394],[0.576273271550029,45.61066795648547],[0.576824952224902,45.61087984389982],[0.577205719861895,45.610743902293905],[0.577546347631855,45.610880068304375],[0.577971383328247,45.61087660929846],[0.578573126873568,45.61123551212951],[0.578789103805571,45.61119872014817],[0.578969763147316,45.61129450101539],[0.579231923311228,45.61122897252135],[0.579322923815035,45.61140840871687],[0.579559029337206,45.611527904444216],[0.579642034514204,45.611537798788504],[0.579806490013281,45.61132872483865],[0.580223995910616,45.611468338551205],[0.580742756630903,45.61125877715743],[0.581250525018744,45.61127149962506],[0.581455541094514,45.6113975299231],[0.582526019379824,45.611281804671144],[0.583132299026422,45.61156690606562],[0.583427851624028,45.6114714547954],[0.584015896032159,45.61179219550211],[0.584121521208667,45.61234311245795],[0.584441510432875,45.612364399438945],[0.584945493957694,45.6123463931175],[0.585243519169638,45.612194233456535],[0.585641107450125,45.612143309218155],[0.585948040240884,45.61196341108117],[0.586418636448796,45.611945582557354],[0.586754524584143,45.61174918655903],[0.587335326524557,45.61185353830252],[0.587414351428591,45.61180748575953],[0.587322725057585,45.611671286402924],[0.587639434726577,45.61162042208798],[0.587945859058251,45.61174681337413],[0.588148839854178,45.61174305806026],[0.588571676272023,45.61137735052012],[0.589473453760053,45.611214699347485],[0.589251009734543,45.61039732157332],[0.589373545791375,45.610265714133746],[0.58949247138329,45.609420517954845],[0.590225938709199,45.60952632523005],[0.590895126663601,45.609398319275286],[0.593483766809728,45.60792942072836],[0.594408896417529,45.60796632928356],[0.595329191493851,45.607907631879556],[0.597212017135651,45.60758571285391],[0.596431123027285,45.60706452543594],[0.598392268457419,45.60552715260277],[0.596800655866988,45.60387154198102],[0.596670263126759,45.603622811154985],[0.596397449466368,45.603432297123426],[0.595699065490362,45.60172098255923],[0.595851805424613,45.60030083388892],[0.596393661409025,45.59922954157514],[0.59643151631779,45.59880062396241],[0.597007491810315,45.5981552808426],[0.597356708338219,45.598536614095885],[0.598226839706012,45.59847682461976],[0.600335878642381,45.59816870118711],[0.602639155979877,45.598294405685024],[0.604126965767205,45.598225215441],[0.605175965162699,45.59815386820638],[0.608458773370056,45.59755797644981],[0.608577776409912,45.597328077657934],[0.610743658891295,45.59677052288219],[0.611481897701501,45.59631594243093],[0.611944979101585,45.59587353181325],[0.613232016175473,45.59510086916389],[0.615973414570425,45.59267618041095],[0.615861155992574,45.592243175986425],[0.615901114544315,45.591314307632196],[0.616600205731398,45.5896787043799],[0.616795107814564,45.58947292926196],[0.618400125146788,45.58852136989837],[0.618566918642847,45.58825283539676],[0.618137426088007,45.58651313507305],[0.617999132438468,45.58626786673703],[0.614948002797451,45.58266089227183],[0.612798765128023,45.58067115851454],[0.611403345931907,45.57967936879114],[0.610086908217801,45.57893968690266],[0.607522148458224,45.57692479493091],[0.604086991513491,45.57516696347049],[0.603594681129803,45.57483394993995],[0.603253413722758,45.574478930046155],[0.60278619318906,45.57424824834178],[0.602092208299273,45.573684803042724],[0.601852951369418,45.57358150145979],[0.598761595137477,45.5748821539542],[0.597704849349592,45.57549740514943],[0.596515517502414,45.57502784021903],[0.596190170788406,45.57599294587786],[0.593522249684351,45.57589621993302],[0.592029952439593,45.575373273724615],[0.590386382179931,45.57458310222666],[0.58995985873488,45.573446938653554],[0.588365078953012,45.57286408703398],[0.587865698526399,45.57296147843647],[0.58710479319876,45.57234785256771],[0.585217525889734,45.57368118772513],[0.582838798827719,45.57639851453434],[0.58065095238341,45.57591270792605],[0.576115892085764,45.57524383382802],[0.572906027896331,45.57404844302465],[0.572371625772716,45.57473960466693],[0.570558016579903,45.574586906006125],[0.570236865153241,45.574889874213405],[0.569103329071741,45.57473293225664],[0.569401938315916,45.57541236359474],[0.568151020211752,45.57559161310864],[0.567604765726471,45.57608339791776],[0.567113751020682,45.576017816233225],[0.566024228780169,45.57479963148165],[0.565780246568902,45.574863717431164],[0.564047572225429,45.57453338637591],[0.561660755216045,45.574580732818156],[0.559859703048811,45.57490110845112],[0.558511654725926,45.57527544080013],[0.558281509583669,45.575141612004046],[0.557468769486995,45.57501224128739],[0.554496201841637,45.575367428881584],[0.552707908918705,45.575716798085246],[0.552828480732181,45.575891496577036],[0.552016376280218,45.57609633712321],[0.549762451204952,45.577227417518465],[0.548708929131559,45.57743688213149],[0.547414403662216,45.57793207271572],[0.545438506790498,45.57848804879639],[0.544997981607445,45.578701854341006],[0.544715800850161,45.57843983241102]]]]}},{"type":"Feature","properties":{"fid":1793,"ID":"COMMUNE_0000000009752642","NOM":"Bussière-Badil","NOM_M":"BUSSIERE-BADIL","INSEE_COM":"24071","STATUT":"Commune simple","POPULATION":372,"INSEE_CAN":"13","INSEE_ARR":"2","INSEE_DEP":"24","INSEE_REG":"75","SIREN_EPCI":"200071819"},"geometry":{"type":"MultiPolygon","coordinates":[[[[0.561954412359059,45.633212732632515],[0.562584614137232,45.63359936262931],[0.566351168525838,45.6320196171599],[0.568890235242631,45.63116368990127],[0.574692334249237,45.63003845083885],[0.574578356037583,45.630676537325506],[0.574660440691327,45.63129452581462],[0.574982836334221,45.63176183728155],[0.575182452135348,45.63277515291892],[0.575508101175605,45.63328577621197],[0.575884353906774,45.634371365063934],[0.576651722597746,45.63549961076527],[0.578470197167342,45.6369378636589],[0.579221959370456,45.63886575714741],[0.579333547145323,45.639397889187336],[0.579592527829147,45.63987823626124],[0.579257047590941,45.63988453360663],[0.579363635515845,45.64129493963959],[0.577676682902916,45.64122080244657],[0.57643001764376,45.64126963693487],[0.575987269606048,45.6411736140346],[0.575447013623348,45.64092864098534],[0.575706324579207,45.64286757086609],[0.575640156163604,45.64291209163372],[0.575262413288689,45.64268052880785],[0.575066552498423,45.64281234539546],[0.573266192031101,45.64494382120001],[0.572613774355989,45.64529371766629],[0.571252747303933,45.64572201496903],[0.571198991049749,45.647386632831484],[0.570991198045469,45.647877647605625],[0.569121704702255,45.65014270929381],[0.568536036460996,45.650403934909164],[0.567811344527593,45.65102251710884],[0.567126901647251,45.65236179158479],[0.56706368725989,45.653332506497165],[0.567954085413878,45.653212107825304],[0.570050560906825,45.65330063026981],[0.570975563260319,45.653591768992364],[0.571287295952838,45.65380660547941],[0.571716913764764,45.654496960925826],[0.571727215918108,45.65593142868026],[0.571838132917342,45.65636085176226],[0.572834800993914,45.657509382211316],[0.573191741354104,45.65769005221606],[0.573586645366096,45.65762018615826],[0.573933712899364,45.657351989055876],[0.574034961126932,45.65715236788767],[0.573898726075063,45.65662600458813],[0.573982756784106,45.65646745415236],[0.575109644792751,45.65631605843266],[0.576229043372658,45.65659962814172],[0.576889449634317,45.65662735969876],[0.577183949756703,45.65670847398626],[0.577629015185037,45.657136072885],[0.577740853815749,45.657604247951056],[0.577659616177078,45.65843313526945],[0.577065330684686,45.659066295362514],[0.577002007406371,45.659485655702845],[0.578025165494457,45.660502273942136],[0.578407167906058,45.66072761027134],[0.579180651956986,45.66084424664197],[0.579693760999743,45.66065708022374],[0.580616706372219,45.6600291685923],[0.581734144845384,45.65891893957595],[0.582829355911428,45.658522640375104],[0.583195098786149,45.65850256521426],[0.583939786840558,45.658601433914484],[0.58595438394678,45.65927618783446],[0.586396913117098,45.659351442742114],[0.587070383560699,45.659699214428365],[0.588629650015644,45.66094794310542],[0.588893709655338,45.66155179820717],[0.588789653085698,45.661905426009724],[0.588507035069522,45.66219937301582],[0.587553165134049,45.663184344109276],[0.587097661117476,45.66349440289812],[0.586950242101567,45.663781334060204],[0.586185472866517,45.664406382762124],[0.585966046780298,45.664488164688606],[0.585815749686153,45.66475251026445],[0.585642609086295,45.6654226734376],[0.58584991933142,45.66588387724564],[0.585997742212983,45.666766329033386],[0.585941366993372,45.66776422269286],[0.588879749955862,45.66877403638353],[0.590220495839943,45.668880217959185],[0.590851051765287,45.66906578429341],[0.592460287707406,45.66899660234311],[0.593098437770918,45.66918502099711],[0.594836377174441,45.669229367153775],[0.595658355494235,45.66941629240989],[0.596644215045464,45.66952833148157],[0.597339207473286,45.66979902000734],[0.599016546652417,45.67112218631172],[0.599757736874818,45.67148393431764],[0.600164006796785,45.67183493584438],[0.601466271223774,45.67146718946828],[0.606143720017683,45.67042889816383],[0.60662441558022,45.67042650457502],[0.607156772953523,45.67059637724289],[0.607417468704949,45.67054065621555],[0.609193015995534,45.66938828800985],[0.609729076113258,45.66863931347839],[0.610887027796393,45.6675035372927],[0.61180257122403,45.66736890818951],[0.611822662327664,45.66651618688407],[0.612158996921252,45.666463861614474],[0.613002888428865,45.66658986379753],[0.613967132197217,45.666606699362056],[0.614155385126199,45.666353033105835],[0.614704699897995,45.66630791609214],[0.616092550472733,45.666453526246045],[0.618333144566625,45.666310857802024],[0.618829253245063,45.666337567499376],[0.61942242763125,45.666587046038835],[0.620292004689809,45.66650452937941],[0.621364788989622,45.66686593452193],[0.62170493665282,45.66684429175776],[0.622278765219943,45.666677134437045],[0.622164682710687,45.666431484430035],[0.622320518060645,45.665824872203856],[0.622458743670502,45.666166526362396],[0.623985226365337,45.66769242826847],[0.624507373093798,45.66810073884903],[0.624854391360034,45.66800896193731],[0.624953091233152,45.666128183101314],[0.625726645846781,45.66519856430344],[0.62670949038185,45.66472109505509],[0.626949471312162,45.66451804817645],[0.627178276903931,45.66361657600939],[0.628596101618299,45.661412245613704],[0.628477054593479,45.660832268172804],[0.627749231369776,45.659798028102095],[0.627434740464636,45.65832295145443],[0.627882711841608,45.65836212143698],[0.628268512752528,45.657933319494184],[0.627991902697872,45.65764281045036],[0.62821343276896,45.657389824081505],[0.630041837453796,45.65672293784761],[0.628815584107761,45.6553890243071],[0.628279914962302,45.65466873999368],[0.628498523113801,45.65412380405777],[0.629055777407868,45.65332023948515],[0.629503685307444,45.651799965809296],[0.630374988978221,45.649870593987316],[0.629828674075255,45.64918973159726],[0.629725688599895,45.648774956415835],[0.629328283740235,45.648366592527246],[0.629182450313374,45.64775271899165],[0.629221352063908,45.647384174583124],[0.629519443563037,45.64663190622096],[0.629618080225882,45.645588053634086],[0.629286014132422,45.642724346099556],[0.628493781136685,45.641040112080084],[0.627401543439409,45.63946486050065],[0.626463405697437,45.6389099498882],[0.627261953992349,45.63789707591226],[0.627571098405322,45.63658649687204],[0.628191484351089,45.635354549242656],[0.630408382236675,45.63393461315667],[0.631924248553655,45.63314041367913],[0.634031986558146,45.632948721255694],[0.634873282923157,45.632523173099855],[0.634494457538335,45.63186206840899],[0.634416743588897,45.631456838356264],[0.634568709550751,45.63072491164777],[0.634461983820456,45.6304578078949],[0.633644343966308,45.629609098207325],[0.632356336639566,45.62856039814728],[0.631322175083029,45.627581890734255],[0.630690356471935,45.62719381880061],[0.630312449780464,45.627053429646466],[0.629941237484922,45.62702669178569],[0.629202526893151,45.62712644121672],[0.628862988878587,45.627079646868765],[0.62861447165595,45.62697621243042],[0.628101234546896,45.626248288081804],[0.627545314329794,45.625917652802286],[0.626694237035393,45.6259132157684],[0.626105343026253,45.62575304602492],[0.625092043664762,45.62533977456575],[0.624421195628339,45.62523462164187],[0.623983070143351,45.62497222015526],[0.623634415818902,45.624928820687344],[0.623167396592523,45.624741480147335],[0.622780044098613,45.624612576956295],[0.622786402153725,45.62440460622611],[0.62265696564889,45.624279350361306],[0.622305457522813,45.62430255206608],[0.621773394427309,45.62449400562161],[0.621246106629827,45.624514388930706],[0.620457399285036,45.624672482060866],[0.620136029300998,45.624591811420984],[0.619664795037044,45.624622381979876],[0.619022910103381,45.62444123371213],[0.618256529508604,45.623870964586544],[0.616659001931285,45.623610107878314],[0.616007931534778,45.62373234732013],[0.615469406032141,45.623685799436586],[0.614668254121286,45.623834579402946],[0.61415778744673,45.623732764940556],[0.613508258317395,45.62378925771846],[0.612646790106109,45.623698908643895],[0.612266328511179,45.62379804034335],[0.611702806309231,45.623676169845574],[0.611147381578478,45.623723836062105],[0.61067046048172,45.62346956631382],[0.610226437444308,45.62343491006068],[0.60975110088663,45.62269779175172],[0.609327718667621,45.622423032133305],[0.608447968297665,45.62207280476861],[0.607304896766905,45.62089355393148],[0.606796766290729,45.620679143311115],[0.606756150426661,45.620579181011706],[0.606465335925401,45.620505426734795],[0.605997730503262,45.619799086043],[0.60501867853987,45.61904491879185],[0.604892549277161,45.61839899543435],[0.604734484389461,45.61825418955012],[0.604156574020186,45.61816981093583],[0.603408635593077,45.61839531805539],[0.602110851216136,45.618451444355806],[0.601775474215415,45.61836952051699],[0.601634371070629,45.6181593064185],[0.601566404896112,45.61771281538909],[0.601179631243316,45.61715772500103],[0.600976132617214,45.61649122756201],[0.60082674191959,45.61641326708467],[0.600031244750779,45.616344045368095],[0.599766242903176,45.61617893258457],[0.599309455457712,45.61567008866547],[0.598789938916384,45.615453595515106],[0.598486361792994,45.61523089966614],[0.597933966610146,45.614618207306684],[0.597533293813226,45.614503344452515],[0.596409777651874,45.614598260130954],[0.595936459693366,45.61435301099871],[0.595344626415081,45.61420612657566],[0.595094133354694,45.61409176268217],[0.595090625946576,45.61396556218749],[0.594814832122937,45.61369480158729],[0.594529075224708,45.61365355582627],[0.593529791795713,45.61295740902965],[0.593450253765826,45.612749401887555],[0.593068065328567,45.612918700723654],[0.592939449777135,45.61283576854423],[0.592663429229771,45.61260013249287],[0.592648463393309,45.61247188478115],[0.59163002298873,45.61165639174102],[0.591280026481566,45.61152817664623],[0.590947717320249,45.611642680744424],[0.590400810494523,45.61137871408392],[0.590104613480726,45.6113417375946],[0.590041841462704,45.6112503028189],[0.589831304810723,45.61119173763051],[0.589473453760053,45.611214699347485],[0.589447435515621,45.612904226839504],[0.589183465605555,45.61327694663403],[0.590045317434839,45.61432784521811],[0.589951098410624,45.614723122633805],[0.591033784680325,45.615892257482514],[0.592009234414874,45.616694221908446],[0.592447037432383,45.617195483262186],[0.592519956215498,45.618294337286805],[0.594113062368534,45.62072030384038],[0.594626459369552,45.62113758725964],[0.595298703193566,45.62147448038463],[0.596236386330668,45.622410732392794],[0.597586221737389,45.62536027290161],[0.597585892764049,45.625456661809075],[0.597216323940531,45.62551093124433],[0.596124161550558,45.626091201225414],[0.595935077638422,45.62648355570056],[0.595502075964982,45.62663826561933],[0.593123310404268,45.62884325026744],[0.592219902724659,45.62980499919393],[0.586383499431452,45.62875111863504],[0.5860837997139,45.62908703124876],[0.586222474518058,45.629263880299916],[0.584021308979254,45.63068330338596],[0.583711634599789,45.63074692373194],[0.583052766018497,45.630485024192936],[0.58097995174901,45.630080116863965],[0.579797774178638,45.62957000786565],[0.578757975254324,45.62891700375996],[0.575830791720296,45.62790892311212],[0.57522503606694,45.62781388712902],[0.574324501167327,45.627207986019805],[0.573705353580919,45.626217153332476],[0.570422865925674,45.626494064166515],[0.569174039191056,45.625985103373665],[0.568739428394166,45.626116253494565],[0.567578713597409,45.62757766074199],[0.566357610309646,45.628512522098234],[0.565574441314894,45.62897756465902],[0.564799031735954,45.62964547440507],[0.56437275758071,45.63019931510582],[0.563692931047581,45.630795412552445],[0.563034818305102,45.63153972564761],[0.561954412359059,45.633212732632515]]]]}},{"type":"Feature","properties":{"fid":2081,"ID":"COMMUNE_0000000009752639","NOM":"Piégut-Pluviers","NOM_M":"PIEGUT-PLUVIERS","INSEE_COM":"24328","STATUT":"Commune simple","POPULATION":1178,"INSEE_CAN":"13","INSEE_ARR":"2","INSEE_DEP":"24","INSEE_REG":"75","SIREN_EPCI":"200071819"},"geometry":{"type":"MultiPolygon","coordinates":[[[[0.664816248645453,45.64253749458043],[0.665105722085785,45.6425561129851],[0.667425913278681,45.64415553192092],[0.669269145177941,45.64582970624532],[0.669749147773842,45.647211676105215],[0.671700591611836,45.64879075353465],[0.672772107381011,45.65006782996651],[0.673486341089187,45.65061681289485],[0.67477970240205,45.65129306781895],[0.675818521209626,45.652005491743694],[0.676378534363369,45.65249631759504],[0.676703342689813,45.6530822827942],[0.676737301112984,45.653650532922605],[0.676994812293793,45.6542486211962],[0.67799056442672,45.65546912715397],[0.678841957219343,45.65624251738635],[0.679584737444531,45.65752355499983],[0.680141289791733,45.65797645260754],[0.680128120831352,45.6581680667461],[0.680378063539907,45.65876418861046],[0.68179198926834,45.65957436908359],[0.683126968164652,45.65858837302431],[0.684297352142597,45.65806562687094],[0.685513934413613,45.65763570754432],[0.686303613308073,45.657276278437095],[0.686821700503868,45.6569292808068],[0.687453536717203,45.656196343494365],[0.688207361043516,45.65564878460061],[0.688404965484542,45.65513124004808],[0.68963519353319,45.65415653363872],[0.690434811624554,45.65368016849519],[0.691203646519577,45.652863539748175],[0.691601774753764,45.652680721470574],[0.691812854307281,45.65248595854831],[0.691959999994475,45.65219168986357],[0.692254462458272,45.651999536790136],[0.69256253921112,45.651912162580984],[0.696004898557209,45.65182412494125],[0.697158189218836,45.65198375648184],[0.697773328536041,45.652512535281474],[0.698128873870822,45.65270448398449],[0.698684951753159,45.65261495755274],[0.699740035267353,45.65226356610123],[0.700505591678776,45.652789997994894],[0.700869072051584,45.6522343830806],[0.702687059028005,45.65188503188835],[0.702993633625231,45.651430947636364],[0.706041748721717,45.650967006357355],[0.706645172948559,45.650664001100225],[0.707010514892701,45.65071288396902],[0.707969683310312,45.6505972906071],[0.7084804579587,45.65070138001082],[0.709051756558535,45.651236409566586],[0.709865784033187,45.651307026461645],[0.710403499824609,45.65150534456815],[0.711094668110175,45.65215540899023],[0.711638869237104,45.652445740559976],[0.712170058422463,45.6532997432507],[0.712202070264206,45.65317787692971],[0.712359844029928,45.653090096668265],[0.712808033742626,45.65290642048195],[0.713012142687532,45.65290966680349],[0.713218033286011,45.652745389066645],[0.713099647277177,45.652315075586614],[0.713261708998935,45.652030093030184],[0.714128840463251,45.651654931420154],[0.713940083970914,45.65121778468151],[0.714042691789477,45.650941503105216],[0.713990314891533,45.65049901837058],[0.713757121131367,45.64986277971915],[0.714604764672632,45.64958541304453],[0.714889725383849,45.64909212294461],[0.715049026664787,45.64899806426973],[0.714982715723803,45.6486129522757],[0.715259970236194,45.64846183125406],[0.715282110311909,45.64826769522851],[0.715699954922498,45.64838247760531],[0.715962112202471,45.64834816009876],[0.716019308977169,45.648144825942396],[0.715806311277112,45.64792159488822],[0.715831004198856,45.647042858305326],[0.716002288925539,45.646876072134944],[0.716895094480318,45.64665455825207],[0.717087634604323,45.64650171456464],[0.71716081975306,45.64531857106424],[0.717299991230259,45.64512050260017],[0.717664605661235,45.64487475626209],[0.718199143434677,45.64474416035454],[0.718782325191434,45.64471093966256],[0.719195332337396,45.64453733714212],[0.719739716411037,45.644510532134525],[0.720096588674987,45.644078144044826],[0.720262343322896,45.644013937504106],[0.720733410135553,45.64411446511131],[0.721255603286964,45.64409621202045],[0.721610134351614,45.643970063118275],[0.722257531645768,45.643874163849],[0.723189711215293,45.643567817185414],[0.723992018749674,45.64354620947258],[0.724250506302472,45.64344423489178],[0.724842722012958,45.642909389599616],[0.725204892724276,45.642909503832115],[0.725803606218839,45.64349815092242],[0.726289101835153,45.64377911764168],[0.72662926775187,45.643814816793494],[0.727325686986301,45.64368204293962],[0.727461312335886,45.64391359859705],[0.727786835988212,45.64411835912796],[0.72802299526293,45.64412222594448],[0.728406260022545,45.643984024046745],[0.728938161796388,45.64397944415972],[0.728999706934872,45.6435122421618],[0.729501819559671,45.64341967580031],[0.729335713703489,45.64227133978814],[0.727665737388833,45.6402467462403],[0.727404150555753,45.64036217842736],[0.727071076363094,45.64034193896142],[0.722903342874659,45.636852452405215],[0.72291190500309,45.63670668713345],[0.723615924125076,45.63613717712203],[0.723571999602706,45.63586242867414],[0.723396227869625,45.63563996495753],[0.723532601589393,45.63544633757366],[0.723847727516824,45.6352464165266],[0.72401622782383,45.63461472226703],[0.723957823438176,45.63394240428215],[0.724271507632017,45.63274610816377],[0.72340729428247,45.63056026941466],[0.721313924231438,45.6276054298997],[0.720689957912832,45.62701173947131],[0.720551511400806,45.62422979702279],[0.720633643704867,45.623731486651764],[0.72101633344787,45.62310503779184],[0.721334294000953,45.6221169350176],[0.722164506786968,45.621565308777335],[0.722554739251239,45.620598485413275],[0.723378984475814,45.62003501909088],[0.724555918782554,45.6194795823818],[0.72659542781673,45.61823800336177],[0.727133920193757,45.61781647563956],[0.728094773164537,45.61811424856059],[0.732897859898721,45.61809854327083],[0.73461347756549,45.61821057877056],[0.735856045888788,45.61833829168359],[0.738459763751868,45.61886541370074],[0.738938095147366,45.618909261127804],[0.739586449508049,45.61884481783571],[0.73935049889631,45.6181464233635],[0.739303791424523,45.617560834261276],[0.739618037006705,45.615585283597326],[0.740305499068604,45.61396315652993],[0.740406109450952,45.612723809909824],[0.74020975454972,45.611967657680765],[0.739443280307309,45.61150003067034],[0.738387707811605,45.61132296459209],[0.737633476377558,45.61043037066592],[0.737362076957889,45.61031861131652],[0.737094620826281,45.61004748049251],[0.736782559880414,45.60961149707812],[0.73668887816364,45.608228611632306],[0.735814648396069,45.607541685506504],[0.735752377519972,45.60696118637762],[0.735572830030737,45.60724043798962],[0.735629332801767,45.60767938792559],[0.735559430466561,45.60785094348279],[0.735226033277836,45.608063136777986],[0.734837905975488,45.608609342661524],[0.734778710315053,45.60892705096414],[0.734252942902464,45.609480392299666],[0.733436485617846,45.60945223119967],[0.732695424187175,45.6091499240667],[0.73146386714349,45.60891519301193],[0.731720121992266,45.608361834343285],[0.731453440744737,45.607759192291276],[0.73053297778401,45.607764044898],[0.730156118811323,45.60806543158968],[0.728531705057603,45.60880466606638],[0.72613090686564,45.610758748346086],[0.723855965034491,45.61151989848856],[0.72323638896742,45.611916346125746],[0.72202178644333,45.612017873554535],[0.722049613277068,45.611622061657776],[0.720910528778431,45.611572862113675],[0.720476067240449,45.61177485783447],[0.719506222278553,45.61176150457223],[0.719484599052725,45.61144486636519],[0.718908210719319,45.61157100925188],[0.718702658104927,45.61113893459347],[0.71686752303393,45.61150348035996],[0.716637619023113,45.61107090730329],[0.715887876199117,45.611323238601464],[0.71511163195034,45.61143989836828],[0.71455320499552,45.6111303698374],[0.714231328525259,45.61099861017713],[0.713835424910566,45.610950025403255],[0.713586950618295,45.610812548917494],[0.713675356402067,45.61044319332487],[0.713543978034853,45.61020539928946],[0.713297221501147,45.61021299483294],[0.7129237460399,45.610491873493174],[0.711279002661449,45.61047283122391],[0.710689670620124,45.61053921222582],[0.710620971374076,45.610648619328316],[0.710325550491061,45.61071557528923],[0.709350868593685,45.61085067706752],[0.70891892233037,45.61130131680265],[0.708248164718845,45.61169123633673],[0.707749977109423,45.61188107514667],[0.704413914042989,45.612345446572746],[0.704376204650172,45.61245007748632],[0.704182608735278,45.612506483761784],[0.703327536446622,45.61198454641859],[0.702723973117354,45.6117434024867],[0.701697606558166,45.61194765018419],[0.700558608549981,45.611803655782296],[0.700090514617936,45.61194813255713],[0.699263189320641,45.61205733333006],[0.698733426950617,45.61192487967006],[0.698717195048101,45.61179031927911],[0.69823667327755,45.61158500003061],[0.697705293599295,45.61155340476515],[0.697214763073647,45.611403729581305],[0.696768187502194,45.61161709867006],[0.696599267079298,45.611820837731564],[0.696118589673832,45.611928105166605],[0.695482291124216,45.61124032449446],[0.694837647784943,45.610722631879966],[0.693796574120891,45.610169781731805],[0.693130285156518,45.60998765676913],[0.692831668293296,45.60973019098849],[0.692423536395726,45.60954434830384],[0.691566215598671,45.61015826089323],[0.689105333632041,45.609272625961935],[0.688476434575455,45.60921015520606],[0.687115019296577,45.60880020083654],[0.685460878899782,45.608576991152745],[0.684178483302321,45.608519063318006],[0.683372536062952,45.60873128568042],[0.683116105951114,45.60893950883646],[0.682919525423052,45.60949669874757],[0.682942181191525,45.60978364089687],[0.683153953498735,45.60996817658565],[0.684037135164459,45.610518777317864],[0.684821968726197,45.61050520635725],[0.685109371129743,45.61063093693226],[0.685636815359096,45.61238496559958],[0.685609100013947,45.61274113805003],[0.683699721810382,45.61616386351664],[0.683253581193524,45.61676366164559],[0.682979385233484,45.61699674379984],[0.681282360700273,45.61763922822154],[0.6780544109732,45.61924645886661],[0.677867439322712,45.619694835532805],[0.677840953072201,45.62005103279594],[0.678099450925965,45.620989668444174],[0.67805217745166,45.621474260972704],[0.678591268881707,45.622610571428545],[0.678685214970358,45.623034116478],[0.678079710564672,45.624094555902786],[0.678291182658801,45.625267347255644],[0.678658071709305,45.625856879252915],[0.67901613656344,45.62622821762537],[0.67873025572517,45.626554740284746],[0.678447351097283,45.62656511866599],[0.678130790067821,45.62682704513228],[0.67751656547836,45.62711435703269],[0.676840790233459,45.62758327134891],[0.675676447942421,45.628985300829775],[0.675517920141493,45.629274808633156],[0.675530349192735,45.63050835687258],[0.67401576093009,45.630616691691664],[0.674118079991621,45.631818766871426],[0.670702428633498,45.63197152587829],[0.670325185958039,45.63205650561833],[0.670283040923844,45.63281416747516],[0.670364400687487,45.63332214222869],[0.669631450139561,45.633437591394596],[0.669857491315387,45.633894510587176],[0.670292149132815,45.635344906690634],[0.669983135624135,45.63551688128254],[0.669995972039496,45.635730653896694],[0.669842498897494,45.63595990108787],[0.669795168443713,45.63626071335027],[0.668864578003477,45.63753148923284],[0.668594967898,45.638231287538446],[0.668573600492995,45.6389218147211],[0.667392358969401,45.640500891263315],[0.66660443188655,45.64133948621569],[0.665126477766078,45.64224664266373],[0.664816248645453,45.64253749458043]]]]}},{"type":"Feature","properties":{"fid":2217,"ID":"COMMUNE_0000000009753164","NOM":"Champs-Romain","NOM_M":"CHAMPS-ROMAIN","INSEE_COM":"24101","STATUT":"Commune simple","POPULATION":287,"INSEE_CAN":"13","INSEE_ARR":"2","INSEE_DEP":"24","INSEE_REG":"75","SIREN_EPCI":"200071819"},"geometry":{"type":"MultiPolygon","coordinates":[[[[0.783463039184456,45.52131759332411],[0.782397762446056,45.52091010821597],[0.781830055362156,45.52091060670674],[0.781004948328985,45.52119518126933],[0.780325218460743,45.521593425049],[0.779604744336836,45.52179267770671],[0.779247601496856,45.521782913207566],[0.778641369143076,45.52149707209991],[0.777965286962974,45.52093959770641],[0.77727807583063,45.52053233670956],[0.776083535487935,45.520314107977725],[0.775745287108109,45.52005697899851],[0.775062640363643,45.519984001115894],[0.773862462536986,45.5204817943408],[0.773628599851647,45.52072128229438],[0.773582724622688,45.52100233176074],[0.773364043399603,45.521246624369596],[0.773057032207,45.521392776444785],[0.771651611748402,45.52160722014295],[0.770916229350584,45.52160253465512],[0.770630584618146,45.52153560803761],[0.770147474540636,45.52118460220507],[0.770048467068848,45.52052322970753],[0.770256677338303,45.520157123595716],[0.771164271204556,45.519925611663425],[0.771686812807741,45.51990084952785],[0.771921517088326,45.51980010972854],[0.772077453802239,45.51961853390161],[0.772531588138267,45.518807789868475],[0.772559970638053,45.51857954267677],[0.772500886419108,45.518136064369926],[0.772160146650853,45.517590609841754],[0.771936995562812,45.51743574412149],[0.771770568752333,45.51740001197415],[0.770818648263389,45.51771532573442],[0.76892817328705,45.51753454873197],[0.768539294991189,45.51758177209821],[0.768434761819476,45.517791389500566],[0.768470101224183,45.51821908462297],[0.768187117028326,45.51859631292658],[0.767791598270424,45.518617277849835],[0.767587137125061,45.51869879205835],[0.767377081372843,45.51958823849963],[0.766898031540781,45.51986968101781],[0.766721845540962,45.52014002943079],[0.76643458527051,45.520304572997006],[0.766149967730433,45.520307919907815],[0.765442036310992,45.52019474386824],[0.764668918898008,45.519886587260885],[0.763767761941253,45.519766851528765],[0.763424746628021,45.519406894656],[0.763332247876147,45.51903120763664],[0.762841663261254,45.51854939981889],[0.762488324248082,45.518350482892686],[0.762210590243164,45.51834224598514],[0.761769944839458,45.518179421726],[0.761386920576533,45.51754120481863],[0.761365878670773,45.51679219480799],[0.760828984657939,45.51631576015945],[0.760772121405009,45.515883128158436],[0.760373516189342,45.51502839726577],[0.760054751184439,45.514608557303646],[0.759752921807574,45.514435881992405],[0.759345937533408,45.5142971407439],[0.758612725042549,45.514241068664504],[0.756871840078281,45.514579248446275],[0.75621684654041,45.51458507908343],[0.755469284642724,45.514852098643736],[0.754918283175564,45.514852793823955],[0.754208798220974,45.51516020317366],[0.753784044304328,45.515239087808375],[0.751235515908839,45.514668295691614],[0.750816605140063,45.51466621106282],[0.750979618054834,45.51478568386571],[0.750658722755892,45.51495762116033],[0.750486619550743,45.51534693711798],[0.750120453230433,45.515718852101],[0.750016957283856,45.51561678568613],[0.749241695713252,45.51587059797557],[0.748954530290943,45.516221572059045],[0.748594297924066,45.51692060450903],[0.748391247821247,45.517093096836604],[0.74790629830359,45.51723381114878],[0.747834915255443,45.51763505286953],[0.747088236479841,45.518193906853604],[0.746379456011842,45.51917600890169],[0.745887903756076,45.519541791550715],[0.745548234472714,45.51970162748643],[0.745202452644023,45.51975954517802],[0.743690989048964,45.51968054064938],[0.743568068043536,45.51980418793717],[0.743542124826213,45.520127067137715],[0.743651645280426,45.520742737831426],[0.743875094782622,45.52104630523024],[0.743469596287342,45.52118589506103],[0.742960152222034,45.52161256315581],[0.742404174128183,45.52179686914755],[0.74213881797198,45.52201944618939],[0.741762392594186,45.522892896707226],[0.741708851255441,45.52323233680474],[0.741487498369429,45.52344408650416],[0.741105648128063,45.52356882965389],[0.740659450392747,45.52357426716234],[0.740191440126591,45.52367475286514],[0.739574732598328,45.523901964557176],[0.73905579644163,45.524308606678694],[0.738872684951274,45.524650842256904],[0.739097184523893,45.52495984569272],[0.739148264808425,45.525278870211196],[0.738901063203461,45.5254954998951],[0.738291157748155,45.52552375654536],[0.737818383832908,45.52611779696072],[0.737371104991798,45.52640065870225],[0.736854554115495,45.52699921855408],[0.735576655479857,45.527881507450374],[0.734936092730041,45.527937955239466],[0.734659793478563,45.52805039269383],[0.734138435953777,45.528483089366716],[0.733101011785888,45.52859097512776],[0.732737771398432,45.52869804979298],[0.731388703981814,45.528685221336296],[0.730556342024163,45.52854228731433],[0.730050303561049,45.52859962402182],[0.729781458885651,45.528560858874755],[0.72938901862244,45.52878624383332],[0.72882060204663,45.528551341723215],[0.727900761634645,45.52854174528544],[0.727219698190426,45.528772994501935],[0.726511885820081,45.52921899988095],[0.72292500961005,45.53098586083171],[0.724233934522367,45.53185377888936],[0.725625841155451,45.53254319242528],[0.728114225558409,45.5334700731578],[0.731637743480744,45.535070917239004],[0.733819102041,45.53561131168091],[0.73463735155044,45.535914284554046],[0.735008128634244,45.53628299912179],[0.735742158195847,45.53748780940433],[0.739210247470936,45.54046017107689],[0.739648408968737,45.54141036678333],[0.740594274375479,45.54232843329001],[0.742816955293647,45.5441621822958],[0.74399664727416,45.544944385152455],[0.744572030374514,45.54513970919438],[0.748275467040561,45.54536984256654],[0.749199519208926,45.545535195891944],[0.750244445893076,45.545849798642635],[0.751566879239863,45.54608706854343],[0.751766949146101,45.546180255284014],[0.752309995306192,45.54647848808646],[0.752807077062875,45.54702533063503],[0.754346784245303,45.54895868384724],[0.754908354798115,45.55003559642482],[0.755460156809984,45.55046731180412],[0.760549348211073,45.55242818614262],[0.765938678137849,45.55375880270145],[0.766576562795577,45.55403002273817],[0.766924270499796,45.55427925759121],[0.767626519329639,45.55499045625557],[0.769967398718039,45.55790518845979],[0.769982071468936,45.559007197930235],[0.770624275724622,45.5603531725159],[0.771241995396516,45.560586129316185],[0.771583682026325,45.56127393465647],[0.772044803812967,45.561670435400586],[0.772501259163059,45.56231096716835],[0.773758732690566,45.56306015326673],[0.774628708171514,45.56368724669269],[0.775956682687597,45.56488641711808],[0.776736230506305,45.56530721511694],[0.777427921194807,45.565424491710964],[0.778342445497772,45.56548581349681],[0.780643723781526,45.56547362810593],[0.781498776173055,45.56605983422081],[0.78279294586826,45.56737175736976],[0.783373839743907,45.56811198634861],[0.785424207570243,45.5698567731715],[0.786165151310518,45.570123601733975],[0.786459006513519,45.5700879511773],[0.78722296588044,45.57022820909415],[0.788693838084373,45.57058866132235],[0.790377917171352,45.570556020690546],[0.793247634751872,45.57189607722208],[0.795115899815385,45.57242549292091],[0.795589779859953,45.57247532475201],[0.795882114107099,45.571897322534994],[0.796743573224577,45.570844031461164],[0.798323395824951,45.56804279556805],[0.79966047096402,45.567314989934786],[0.800384039265974,45.56672740293914],[0.800283517698514,45.566674989437715],[0.799851070928539,45.56509728964355],[0.799551038949198,45.56318887595574],[0.799513953485798,45.56211977304648],[0.799635539085787,45.56164111395973],[0.800088331752771,45.561121195297666],[0.800254428921897,45.560716373758105],[0.800157563984631,45.55969924996495],[0.800296641044039,45.55929660204649],[0.800580012098142,45.55916792594313],[0.800937066377436,45.55802186058844],[0.801156095849958,45.557736982583215],[0.801212690142519,45.557376860141424],[0.801873147576062,45.556080886718554],[0.801691758299832,45.5559016779641],[0.801433762129353,45.55519669151036],[0.800842705900714,45.55432213759652],[0.801249619046332,45.55418146508091],[0.80045292921129,45.55341638849949],[0.800209901293268,45.55304589701079],[0.800112361200806,45.55269266663931],[0.800095527480252,45.551856373927194],[0.800210509384806,45.55131723093421],[0.800387595023051,45.55102252567539],[0.80038930843932,45.550688354219666],[0.800353876673558,45.5505795619243],[0.800181676146614,45.55052484374058],[0.800262924171106,45.550221956573424],[0.800071680313417,45.54909578792296],[0.800441888696292,45.54878054181447],[0.800233811456488,45.54853144453897],[0.800600077488167,45.54841249997949],[0.800925500732548,45.548191862831835],[0.801326685550255,45.547612378837755],[0.801504155803795,45.547210482077794],[0.801560046502464,45.546641355843626],[0.801743829998142,45.54640353183846],[0.801854048174923,45.54553099102731],[0.801173596894356,45.544973579533945],[0.801155048521946,45.544729994776965],[0.801933499327029,45.54410834754263],[0.802264791972392,45.543965292649254],[0.803367082118785,45.544035494999335],[0.803613118684646,45.54381149701063],[0.803598872516128,45.54345899774545],[0.802961080911534,45.54305466974149],[0.802831257115467,45.542836834665444],[0.802911766395396,45.54255194831915],[0.80283098180492,45.5422612050146],[0.802097471541078,45.54132892045158],[0.801989151628093,45.54105385250546],[0.802027564689484,45.540828498131276],[0.802158444085519,45.5406959357221],[0.802941187230768,45.540287861487045],[0.802760577179329,45.539863645991346],[0.802807277680638,45.53917002709574],[0.802686383592282,45.539082985338865],[0.802331508887206,45.53907784493623],[0.802170679368509,45.53876932035532],[0.801590350929675,45.538275124943794],[0.801630757923256,45.538031793401046],[0.801790633861116,45.53784665064267],[0.801694138395319,45.53753217766201],[0.800735305976745,45.53733865025994],[0.800052153182073,45.537078448279225],[0.799672120146568,45.5366737428721],[0.799608368691541,45.53637432239298],[0.799202389141617,45.535848397008124],[0.799189397957628,45.53514189893247],[0.798959024225262,45.534002350771935],[0.799259503294194,45.5330191373331],[0.799205274391256,45.53235056679391],[0.798194438034657,45.53117680478552],[0.798254249598375,45.530670815240576],[0.79853361617673,45.53021957526335],[0.79855328501201,45.530014573714354],[0.798078747720739,45.529441357928114],[0.79816395066173,45.52919980674696],[0.798489694440492,45.529000805149444],[0.798031066153136,45.52822071218962],[0.797516781059838,45.52784219250781],[0.796937918580489,45.527573204587696],[0.794300184911642,45.52690076679723],[0.793271456509927,45.52653644460872],[0.792695085952394,45.52652782069587],[0.791656128729272,45.526678552681204],[0.790028457696317,45.52748430125262],[0.789292750760998,45.527357219299645],[0.788953999771694,45.5270136430057],[0.789010034687663,45.526443624281335],[0.789201680070833,45.52594383690669],[0.789015019445415,45.52545011459639],[0.788536188772391,45.52514882017012],[0.78755294830249,45.524802455668436],[0.78614133468975,45.52372607884742],[0.784473938544916,45.52270229021087],[0.783827501843071,45.52159323205853],[0.783463039184456,45.52131759332411]]]]}},{"type":"Feature","properties":{"fid":2347,"ID":"COMMUNE_0000000009752640","NOM":"Saint-Estèphe","NOM_M":"SAINT-ESTEPHE","INSEE_COM":"24398","STATUT":"Commune simple","POPULATION":584,"INSEE_CAN":"13","INSEE_ARR":"2","INSEE_DEP":"24","INSEE_REG":"75","SIREN_EPCI":"200071819"},"geometry":{"type":"MultiPolygon","coordinates":[[[[0.638602380839983,45.60141297126481],[0.636691080232539,45.60424933415384],[0.636498525739224,45.60527319322106],[0.636604661716698,45.607779874229635],[0.636446165938761,45.60863688553774],[0.636025243452292,45.609507299862784],[0.634187386549755,45.609832612781695],[0.633669753204512,45.610081177666146],[0.631804508895739,45.61032569753527],[0.630494342297083,45.61064674572052],[0.629206775438861,45.610859248333774],[0.635050310084356,45.61358311676005],[0.638016568398379,45.61467425131303],[0.640429428641437,45.615710455907525],[0.63901752392036,45.616398832384725],[0.637948693370439,45.6174403351097],[0.637641067687252,45.61751945890542],[0.636912404818015,45.61753748661619],[0.634959182926568,45.616469430992666],[0.634082223781058,45.616082528142],[0.632621149475334,45.6152157676959],[0.630682460106463,45.61582268431138],[0.62869592680228,45.616646574059565],[0.628731239350173,45.61774099300593],[0.627457380952657,45.61873843974266],[0.627244368500738,45.62080418257665],[0.627058782174186,45.62162998405341],[0.6256203047089,45.62299060130926],[0.624551861062351,45.62347524534492],[0.624114244909636,45.62397950993701],[0.623167396592523,45.624741480147335],[0.623634415818902,45.624928820687344],[0.623983070143351,45.62497222015526],[0.624421195628339,45.62523462164187],[0.625092043664762,45.62533977456575],[0.626105343026253,45.62575304602492],[0.626694237035393,45.6259132157684],[0.627545314329794,45.625917652802286],[0.628101234546896,45.626248288081804],[0.62861447165595,45.62697621243042],[0.628862988878587,45.627079646868765],[0.629202526893151,45.62712644121672],[0.629941237484922,45.62702669178569],[0.630312449780464,45.627053429646466],[0.630690356471935,45.62719381880061],[0.631322175083029,45.627581890734255],[0.632356336639566,45.62856039814728],[0.633644343966308,45.629609098207325],[0.634461983820456,45.6304578078949],[0.634568709550751,45.63072491164777],[0.634416743588897,45.631456838356264],[0.634494457538335,45.63186206840899],[0.634873282923157,45.632523173099855],[0.634031986558146,45.632948721255694],[0.631924248553655,45.63314041367913],[0.630408382236675,45.63393461315667],[0.628191484351089,45.635354549242656],[0.628676698332573,45.63535937031191],[0.6308148228795,45.635930525951935],[0.631316424489841,45.63615279404709],[0.632768998893625,45.63708064333185],[0.633728098074009,45.637326036927774],[0.636213109121931,45.637475560309475],[0.637946103596912,45.63734168333343],[0.63885132324835,45.63734536587249],[0.641376707699376,45.637753274478335],[0.642222530655587,45.63770433450092],[0.642997170894939,45.63754759318129],[0.643376675214682,45.63765283676771],[0.64423567167589,45.637716767807554],[0.645049083587969,45.63746352897425],[0.645573110820943,45.637854666150304],[0.646569352556237,45.637680915556224],[0.649506361919732,45.63849813964038],[0.650397036764504,45.63842124683799],[0.651503777780315,45.63854885166745],[0.652660184992183,45.63892882670234],[0.653103738010321,45.638917357814435],[0.654098455749132,45.638506577895676],[0.655159346857243,45.637836814709246],[0.656339421003618,45.63765779996721],[0.65685291442254,45.637783805630505],[0.658678932451404,45.63860737738286],[0.659978886423911,45.6387218015516],[0.660582472764626,45.638873986867075],[0.662952295942386,45.639838517125575],[0.663498776386075,45.64079668464306],[0.664624487991244,45.64205965516492],[0.664816248645453,45.64253749458043],[0.665126477766078,45.64224664266373],[0.66660443188655,45.64133948621569],[0.667392358969401,45.640500891263315],[0.668573600492995,45.6389218147211],[0.668594967898,45.638231287538446],[0.668864578003477,45.63753148923284],[0.669795168443713,45.63626071335027],[0.669842498897494,45.63595990108787],[0.669995972039496,45.635730653896694],[0.669983135624135,45.63551688128254],[0.670292149132815,45.635344906690634],[0.669857491315387,45.633894510587176],[0.669631450139561,45.633437591394596],[0.670364400687487,45.63332214222869],[0.670283040923844,45.63281416747516],[0.670325185958039,45.63205650561833],[0.670702428633498,45.63197152587829],[0.674118079991621,45.631818766871426],[0.67401576093009,45.630616691691664],[0.675530349192735,45.63050835687258],[0.675517920141493,45.629274808633156],[0.675676447942421,45.628985300829775],[0.676840790233459,45.62758327134891],[0.67751656547836,45.62711435703269],[0.678130790067821,45.62682704513228],[0.678447351097283,45.62656511866599],[0.67873025572517,45.626554740284746],[0.67901613656344,45.62622821762537],[0.678658071709305,45.625856879252915],[0.678291182658801,45.625267347255644],[0.678079710564672,45.624094555902786],[0.678685214970358,45.623034116478],[0.678591268881707,45.622610571428545],[0.67805217745166,45.621474260972704],[0.678099450925965,45.620989668444174],[0.677840953072201,45.62005103279594],[0.677867439322712,45.619694835532805],[0.6780544109732,45.61924645886661],[0.681282360700273,45.61763922822154],[0.682979385233484,45.61699674379984],[0.683253581193524,45.61676366164559],[0.683699721810382,45.61616386351664],[0.685609100013947,45.61274113805003],[0.685636815359096,45.61238496559958],[0.685109371129743,45.61063093693226],[0.684821968726197,45.61050520635725],[0.684037135164459,45.610518777317864],[0.683153953498735,45.60996817658565],[0.682942181191525,45.60978364089687],[0.682919525423052,45.60949669874757],[0.683116105951114,45.60893950883646],[0.683372536062952,45.60873128568042],[0.684178483302321,45.608519063318006],[0.685460878899782,45.608576991152745],[0.687115019296577,45.60880020083654],[0.688476434575455,45.60921015520606],[0.689105333632041,45.609272625961935],[0.691566215598671,45.61015826089323],[0.692423536395726,45.60954434830384],[0.691692192606926,45.609044676906464],[0.691140749135913,45.60841716767056],[0.690310153742723,45.60651190406587],[0.690171523816414,45.60641987153582],[0.689756926185139,45.60635910579128],[0.689246406623107,45.60644410937462],[0.688260327615653,45.60703733353481],[0.687779508154643,45.607486890273],[0.687109881422154,45.607570415043384],[0.685164776384788,45.606662864886026],[0.684194711676527,45.60579698206366],[0.684106065007231,45.60567624246618],[0.684124994850012,45.60528475585012],[0.684026886802859,45.605206162018064],[0.684096340126405,45.605018410524444],[0.683991231113646,45.60470815010105],[0.684230048613922,45.60436803652439],[0.684134004996042,45.603472400553514],[0.684333567337745,45.603242284953126],[0.684156452117915,45.60247470427355],[0.684236922127714,45.60236105061789],[0.683104658651131,45.60098733218648],[0.682879888851643,45.600101654855294],[0.681481502241488,45.599446730821185],[0.680741679963662,45.598971132536896],[0.680243423885633,45.598795095858904],[0.679789560520569,45.598723572483344],[0.677828510950696,45.59891101244191],[0.677536019696762,45.59875542811086],[0.67705791945112,45.59831313670425],[0.677850281996043,45.59731963044861],[0.677622969572856,45.59658883746688],[0.677828345315301,45.59585256656442],[0.677843357283252,45.5953718138525],[0.678075798867271,45.59521445792284],[0.680016112949799,45.59456894882979],[0.681016575684641,45.59396618756504],[0.681163322061293,45.59367913532237],[0.679294840672855,45.59383607475124],[0.676544940828047,45.59059201924584],[0.677400273392086,45.59026736213071],[0.677406157647675,45.590126948559686],[0.678284516473872,45.59023247366807],[0.678918126811525,45.59017708981329],[0.677827948783926,45.588389782638075],[0.677667176121119,45.588368444569625],[0.677334523526996,45.587396745446185],[0.67738498211542,45.586713129781266],[0.67723888806969,45.5863110279717],[0.676326996802673,45.5852012355036],[0.676068570580378,45.5845715936294],[0.676060981359546,45.58389578719955],[0.676310508506705,45.58339105493682],[0.676265010163179,45.583191023129956],[0.675477854571386,45.58229009928542],[0.675196769101288,45.582109518780584],[0.674752246121705,45.58206338965984],[0.673995696094341,45.58177928044295],[0.672808744409139,45.58099078008736],[0.672464545907388,45.580633216843054],[0.671760878181773,45.57973219206176],[0.671944012221548,45.579128800529226],[0.671495356440888,45.57887627384154],[0.67104577730887,45.57879849439704],[0.670863875127192,45.57857851742583],[0.671147773810886,45.578324949660896],[0.671065967930973,45.5774629267085],[0.670585102551293,45.57690883907991],[0.670484868136887,45.57608877446715],[0.669586588046572,45.57521162813713],[0.669242480993873,45.57463964952241],[0.669181898423004,45.57467713058204],[0.66903204273151,45.574549703318695],[0.668385368564004,45.57440116079703],[0.667792239967052,45.5737726620672],[0.667744677195225,45.57353114346439],[0.667979520505443,45.57288829220655],[0.667987493897864,45.57257675742137],[0.668054867146328,45.57249977975622],[0.668247976044995,45.57248306608802],[0.66845915679765,45.57215863029121],[0.668502139906208,45.570801013909765],[0.668580687059859,45.570610758517],[0.669098847490415,45.570153955584864],[0.666537306033828,45.5707350143634],[0.664988445881286,45.57132985184556],[0.663812929330793,45.57198287798255],[0.663029066406266,45.57262511806125],[0.662212921304102,45.57299822251234],[0.661546884385341,45.57343119914605],[0.661213619743555,45.573577413086326],[0.660628009048972,45.573654412553],[0.659466866356089,45.57408608047457],[0.658166483200143,45.574867977400544],[0.657775664885014,45.57525261421942],[0.655723822829053,45.57633052492913],[0.655424509434458,45.5767044503187],[0.655251660158132,45.577545863214254],[0.654913629828942,45.57825860886521],[0.654097493800422,45.5789010187039],[0.653680763315583,45.579017542558454],[0.65265962610579,45.57853227426925],[0.652480613752381,45.57833664995859],[0.651979601128071,45.57835321211701],[0.651755594424018,45.57852330233718],[0.651725666391197,45.57898752799697],[0.651223790379892,45.57944819974929],[0.650369685659916,45.57953214933883],[0.650036243597603,45.57937833673986],[0.649196132749278,45.57937428425095],[0.648218032969493,45.57981056919836],[0.647613263638261,45.58145552583109],[0.647772672397091,45.581568768256574],[0.647770135985544,45.58193086709073],[0.647149813216538,45.58475744602165],[0.646662376201665,45.586054414826066],[0.646364743710049,45.58750400042623],[0.646405840021068,45.588228264529974],[0.646207459094757,45.588518698094205],[0.645896550048265,45.58831669836494],[0.645184263719353,45.58813962410873],[0.645960303404309,45.590138705083454],[0.646109245615278,45.59104270020669],[0.646753103687991,45.59213722986047],[0.645451733476818,45.59229376439791],[0.645681854277268,45.592948115506346],[0.645161002977055,45.59312639264235],[0.644381443867864,45.593534376863424],[0.644464590308871,45.59501986431048],[0.643943125934736,45.59578549593743],[0.642730011920414,45.597243817870975],[0.642321754455988,45.5980019065251],[0.641958477370293,45.59939155251009],[0.641842846614273,45.60129448714359],[0.641381432407302,45.60173254757834],[0.641123586581691,45.602121724571504],[0.64081473291221,45.602141371230765],[0.640337857891655,45.60194758663596],[0.640269720407686,45.60204074928434],[0.639933772965492,45.60197334052563],[0.639617000064083,45.602209028906685],[0.639158312534389,45.60222102166363],[0.638960837804806,45.60206642886248],[0.638602380839983,45.60141297126481]]]]}},{"type":"Feature","properties":{"fid":2500,"ID":"COMMUNE_0000000009753411","NOM":"Saint-Front-sur-Nizonne","NOM_M":"SAINT-FRONT-SUR-NIZONNE","INSEE_COM":"24411","STATUT":"Commune simple","POPULATION":166,"INSEE_CAN":"13","INSEE_ARR":"2","INSEE_DEP":"24","INSEE_REG":"75","SIREN_EPCI":"200071819"},"geometry":{"type":"MultiPolygon","coordinates":[[[[0.611496050102167,45.49139300189021],[0.611691424223835,45.49209173652994],[0.612716875413792,45.49323604662214],[0.614872941362517,45.49752231495254],[0.615567854175629,45.49840282224749],[0.616782365474229,45.49896733945381],[0.61979807156384,45.50006913612381],[0.620426579432549,45.500439208263245],[0.621703222845372,45.50093111566891],[0.622329571141477,45.5009633026636],[0.622998921934095,45.501098195650044],[0.623253839746373,45.50145763725572],[0.624239530520562,45.50171453202155],[0.629381323153373,45.50217637708858],[0.629186116581333,45.50167767515684],[0.630443526727102,45.500101571987884],[0.631426854286063,45.49924307375019],[0.632074353693618,45.498178391049485],[0.632951220726566,45.49753204240397],[0.634836000222491,45.49652946516663],[0.636466913770601,45.4953503471186],[0.637094962776411,45.49540140694891],[0.638712371104989,45.49526067593723],[0.640318370927071,45.4953881408091],[0.641765811885969,45.49565999371484],[0.643237066544185,45.49609538474396],[0.644489528842988,45.49628383148607],[0.647025184711813,45.4958757711976],[0.647919464796618,45.495629659837],[0.64918921575227,45.49559139816727],[0.651367689575826,45.49520729011166],[0.653854245956769,45.4958070180487],[0.65384118216569,45.495297756791096],[0.652757727610361,45.4949291727176],[0.652328612764627,45.49453552898486],[0.651162622291326,45.492576077299844],[0.650208214047532,45.49052194719903],[0.647504186130267,45.488108637160856],[0.646119796668079,45.48550763808905],[0.645754211944165,45.485249528717794],[0.645891545548407,45.48478936480487],[0.648021347616036,45.48258186056987],[0.648326382064905,45.481427039339636],[0.648375241233646,45.479093924471805],[0.64924167698372,45.478531022258935],[0.650072376272306,45.47820699497734],[0.649814339561768,45.47667913189231],[0.649102515489605,45.4766759314352],[0.649125408002832,45.476074634366405],[0.649858610808276,45.47641970972482],[0.649828311291113,45.47577405714707],[0.649395328217284,45.474386666720164],[0.650516168981017,45.47446689703436],[0.652529228438114,45.47488649345787],[0.652372113542366,45.47460483985091],[0.651311582724127,45.47367367491886],[0.651278339895316,45.472703651308876],[0.651436187297148,45.47175654610508],[0.651059418893441,45.47019016741822],[0.648732937570014,45.46928471407069],[0.646878204412362,45.468064796063835],[0.646536888839987,45.46793151568209],[0.646038227396236,45.467553501489775],[0.645508826794241,45.466934309305756],[0.644798990113932,45.46652483116532],[0.644264612587639,45.46602354136068],[0.642410326226116,45.46519002584279],[0.641637128869176,45.46491702751465],[0.640406262375045,45.46417675881319],[0.639186450031643,45.463598864351496],[0.636879138059813,45.46213322116907],[0.636263153645649,45.461897729151424],[0.635055772195545,45.46190200955969],[0.634289380136267,45.46240294686605],[0.63320979146073,45.46253242053315],[0.630951788409851,45.462286565771144],[0.630280738184978,45.46211203734815],[0.629118145761301,45.46127669001002],[0.6283955642927,45.46057044928034],[0.628157426410418,45.46042127525092],[0.627858238211544,45.46035278869444],[0.627755404022451,45.45988306319186],[0.627428502022243,45.459354546323766],[0.626914821291407,45.45876352055127],[0.625776130225217,45.4577610804787],[0.625621583158471,45.4576632178484],[0.624404157049382,45.45733564914972],[0.622870089725243,45.45660046972469],[0.621079940723647,45.455539127648535],[0.619544969422819,45.45411021138761],[0.618929459264846,45.45368815085868],[0.616869431031937,45.452447140453316],[0.615812319673671,45.45205621708322],[0.613646515891267,45.45155251248179],[0.611999137418809,45.45137601131848],[0.611529357726016,45.451257902924006],[0.611079493375524,45.45106364251402],[0.610192048662958,45.450449258636894],[0.609160870079817,45.45014170386894],[0.608350919908338,45.449392924811775],[0.607061045696114,45.44903028492232],[0.60637845909425,45.4485643802794],[0.606123271608235,45.44824903258703],[0.606260703747044,45.44722767195936],[0.60606643750634,45.44680551949112],[0.605706221221993,45.44637351757568],[0.605000973462818,45.44589991296906],[0.603020931929846,45.445132403719306],[0.601767484982118,45.444521837316785],[0.599861163961792,45.44421259120962],[0.59806699489526,45.444329126603435],[0.59804332099672,45.44520247003335],[0.598924430820374,45.44530692240422],[0.59828764731192,45.4463599245199],[0.597659290891903,45.44780949024503],[0.597575026653419,45.44878153366092],[0.601252892601463,45.44977194692412],[0.602731169538962,45.44989094054506],[0.603388909597847,45.449805000917394],[0.603657474340543,45.44989902552688],[0.603642435379802,45.45045544529737],[0.604674416292297,45.45053604789334],[0.606795065175198,45.45134255941371],[0.60723372095945,45.451291560287125],[0.607531748056004,45.45162313388806],[0.608385812808381,45.451674681861185],[0.608620762076439,45.45198508806463],[0.608691797576977,45.45235686192465],[0.608653918539511,45.45386141513361],[0.607568144917702,45.45603909722727],[0.609863702619344,45.464389598602615],[0.610692511808383,45.46622341861286],[0.610627360717301,45.467142725548086],[0.611261198928426,45.4673192819309],[0.611056974981645,45.46751312581251],[0.609603574192542,45.467816391881314],[0.609321115619692,45.467804967832194],[0.607996697265755,45.46737224337454],[0.606828497108245,45.46747435273354],[0.606479122431105,45.46806508149695],[0.605929777073665,45.46830470452563],[0.605664630824465,45.46860444339898],[0.605245137924375,45.4703161657756],[0.605551807640623,45.47098395542362],[0.606010454035595,45.47130454575879],[0.608008370973263,45.47194714355766],[0.608492314085295,45.472245740722315],[0.608675832020033,45.47256315744855],[0.608850987353098,45.473402003244715],[0.609148956158858,45.474065092247656],[0.60977741965733,45.47475504071828],[0.610477568564931,45.47520777982762],[0.610172445065969,45.47551388544379],[0.610393634061617,45.475997862711075],[0.610315492560935,45.47632591932583],[0.610377447067702,45.47640381331096],[0.610770089289923,45.47641487741641],[0.6111621613131,45.47661781466795],[0.611688863878487,45.47660830681762],[0.611920625891249,45.47669792207588],[0.611999571677315,45.47688698450156],[0.612121727371754,45.476845441287736],[0.612297593122134,45.47799689993894],[0.611486879120124,45.47898232099675],[0.611604871532792,45.47981183723098],[0.612944579318188,45.47980701237406],[0.613117821162352,45.48039446533389],[0.614132827029843,45.482373654524224],[0.613370046913833,45.48260067076029],[0.61397601186742,45.48325137718394],[0.610624518533686,45.48366744070961],[0.610832936289828,45.48391331331933],[0.611069289844059,45.48446247499962],[0.611845040456763,45.485125816216986],[0.61226831282929,45.485319502766494],[0.612807280240066,45.48627779067711],[0.613162672425665,45.488557361710775],[0.612490169667274,45.490406071728536],[0.611844824501564,45.49141393695316],[0.611496050102167,45.49139300189021]]]]}},{"type":"Feature","properties":{"fid":2557,"ID":"COMMUNE_0000000009752638","NOM":"Saint-Barthélemy-de-Bussière","NOM_M":"SAINT-BARTHELEMY-DE-BUSSIERE","INSEE_COM":"24381","STATUT":"Commune simple","POPULATION":215,"INSEE_CAN":"13","INSEE_ARR":"2","INSEE_DEP":"24","INSEE_REG":"75","SIREN_EPCI":"200071819"},"geometry":{"type":"MultiPolygon","coordinates":[[[[0.77361884014088,45.66789405589312],[0.776233023967231,45.66790698098212],[0.777091820038208,45.66488720822767],[0.775519084962109,45.66354812570815],[0.775377299379471,45.66323993939344],[0.775228424081142,45.66218121296792],[0.774097422851004,45.661585021942415],[0.774635904792664,45.659886773462844],[0.773852371103186,45.65934068741443],[0.773772415043654,45.659124706298456],[0.773843079590582,45.65890089361454],[0.774364718088179,45.6585796985027],[0.774498528414926,45.658414787632516],[0.774501648829438,45.658081538513144],[0.774283068750784,45.65767093828896],[0.774329863435395,45.656986324224796],[0.774166451772389,45.65644979599537],[0.773398203170147,45.655716633360974],[0.773017087586079,45.65519561536022],[0.772919585032935,45.654713538519665],[0.772440697026129,45.65394105117425],[0.772556322268801,45.65314249220119],[0.772666426415148,45.65295999866669],[0.772940612243949,45.65288164559617],[0.773102810992607,45.652745224353495],[0.772834484016449,45.65223094092377],[0.772734093662571,45.650096666158404],[0.772114192087436,45.649414172956085],[0.770998695805651,45.64872726764283],[0.770937509779937,45.648524267665294],[0.770053119911423,45.6483824335032],[0.769630124797731,45.648074072272486],[0.769669331557814,45.64777036500306],[0.769853891575522,45.64771636824657],[0.769779335322029,45.647048268830986],[0.769439741554728,45.6466785004162],[0.768846542830733,45.64667394944267],[0.768707858308099,45.6464820235395],[0.768187659190506,45.6462915412725],[0.76812275841927,45.64611729280531],[0.768004641640407,45.64608432187386],[0.768161144182821,45.64541990214041],[0.767607614552604,45.64484589850469],[0.767250657855978,45.64471630322998],[0.766741524991375,45.644729623590194],[0.76632631409673,45.6446114811637],[0.766032388088152,45.64428855106856],[0.765865462812314,45.64422398034923],[0.765196479142717,45.644252137187785],[0.765181027374054,45.64352124757254],[0.765654666699322,45.64314599230898],[0.765478256183923,45.64271188751986],[0.765070981899464,45.642493003424384],[0.76436560888579,45.64230963522711],[0.764105464717331,45.64216844003321],[0.763867202033268,45.64189885855534],[0.764082911035029,45.63945105241062],[0.764802797258497,45.63831948253685],[0.764919250474687,45.63677054647226],[0.764709168585241,45.63621686034615],[0.764207546153711,45.635791607026434],[0.764143609659173,45.63537144534397],[0.764560335752552,45.6331915810206],[0.764698288142488,45.631905217861714],[0.764923459828923,45.631670967943464],[0.764157653204002,45.631238664079675],[0.763862175373997,45.630956234067064],[0.763832903698619,45.62974131832812],[0.763482864739195,45.62852092789285],[0.762530575019456,45.62819300594383],[0.761893327794505,45.62782179670165],[0.759363259921468,45.62495090258659],[0.756689345732004,45.62392650945623],[0.756375657457916,45.62365180291913],[0.756262225703455,45.62315587870889],[0.75589197406334,45.62243953029332],[0.756023373714263,45.6217629156],[0.755928722772157,45.621310606079646],[0.75526359107212,45.6207117883545],[0.754821107069012,45.620448019696724],[0.754409982618722,45.61988579518351],[0.75221566375458,45.61891410261844],[0.751527329909914,45.618319302174484],[0.750725640773411,45.61722856804297],[0.750608109650705,45.616866781009364],[0.750379687800882,45.61651718975463],[0.749731859672531,45.615906071481234],[0.749644484678503,45.61540255311298],[0.747368539038837,45.616160552877005],[0.747010219223563,45.61641732454931],[0.74619448614612,45.617283812607326],[0.744133793055418,45.618427120108464],[0.743223704344308,45.61861425920479],[0.74096507056109,45.61859595064374],[0.739586449508049,45.61884481783571],[0.738938095147366,45.618909261127804],[0.738459763751868,45.61886541370074],[0.735856045888788,45.61833829168359],[0.73461347756549,45.61821057877056],[0.732897859898721,45.61809854327083],[0.728094773164537,45.61811424856059],[0.727133920193757,45.61781647563956],[0.72659542781673,45.61823800336177],[0.724555918782554,45.6194795823818],[0.723378984475814,45.62003501909088],[0.722554739251239,45.620598485413275],[0.722164506786968,45.621565308777335],[0.721334294000953,45.6221169350176],[0.72101633344787,45.62310503779184],[0.720633643704867,45.623731486651764],[0.720551511400806,45.62422979702279],[0.720689957912832,45.62701173947131],[0.721313924231438,45.6276054298997],[0.72340729428247,45.63056026941466],[0.724271507632017,45.63274610816377],[0.723957823438176,45.63394240428215],[0.72401622782383,45.63461472226703],[0.723847727516824,45.6352464165266],[0.723532601589393,45.63544633757366],[0.723396227869625,45.63563996495753],[0.723571999602706,45.63586242867414],[0.723615924125076,45.63613717712203],[0.72291190500309,45.63670668713345],[0.722903342874659,45.636852452405215],[0.727071076363094,45.64034193896142],[0.727404150555753,45.64036217842736],[0.727665737388833,45.6402467462403],[0.729335713703489,45.64227133978814],[0.729501819559671,45.64341967580031],[0.728999706934872,45.6435122421618],[0.728938161796388,45.64397944415972],[0.728406260022545,45.643984024046745],[0.72802299526293,45.64412222594448],[0.727786835988212,45.64411835912796],[0.727461312335886,45.64391359859705],[0.727325686986301,45.64368204293962],[0.72662926775187,45.643814816793494],[0.726289101835153,45.64377911764168],[0.725803606218839,45.64349815092242],[0.725204892724276,45.642909503832115],[0.724842722012958,45.642909389599616],[0.724250506302472,45.64344423489178],[0.723992018749674,45.64354620947258],[0.723189711215293,45.643567817185414],[0.722257531645768,45.643874163849],[0.721610134351614,45.643970063118275],[0.721255603286964,45.64409621202045],[0.720733410135553,45.64411446511131],[0.720262343322896,45.644013937504106],[0.720096588674987,45.644078144044826],[0.719739716411037,45.644510532134525],[0.719195332337396,45.64453733714212],[0.718782325191434,45.64471093966256],[0.719556693390275,45.64546173208853],[0.720136407299885,45.64582481094546],[0.721291327702807,45.64747244419101],[0.722937334171254,45.6478309661069],[0.724870926952639,45.64866192023629],[0.725556405945167,45.64907845648932],[0.726131407216324,45.64962067795966],[0.726468776867493,45.65013197183894],[0.726604147918656,45.650620266950014],[0.726919957781231,45.65081222121117],[0.72783373498283,45.65249004527837],[0.72861492384654,45.65430121475628],[0.728786966334398,45.6550235681326],[0.729924771003009,45.656942817737075],[0.73174430862275,45.65689931939054],[0.73380548629206,45.65666427050907],[0.734983738574404,45.65662672618529],[0.737140457362368,45.65615931756722],[0.737633771544336,45.655970144793734],[0.737805312468227,45.65579612443043],[0.738407687506639,45.65592443807559],[0.740092550158358,45.656441131722865],[0.740496884526894,45.65679517499166],[0.741240120733704,45.65724970580519],[0.741818529079816,45.65749372956755],[0.742289712975528,45.65759506720041],[0.744869895418928,45.6597241440529],[0.748219376390755,45.66107490009782],[0.748428073032756,45.66118717602669],[0.748723821264047,45.66152820621271],[0.752363847196631,45.66237296325479],[0.755142427649082,45.66190591053231],[0.756392249237336,45.661816417378375],[0.758373869931876,45.66183427089129],[0.75910285343242,45.661947876410274],[0.759748242977869,45.662158906715995],[0.761193934259411,45.66297590403481],[0.763388167264394,45.66402846172404],[0.765097858614373,45.66502361316022],[0.767248411250934,45.665888751182706],[0.768422822244041,45.666237238768844],[0.769641947426027,45.666879373310906],[0.770039467670998,45.6669944473827],[0.771337749373086,45.667713801310505],[0.771744302277149,45.667828147132894],[0.77361884014088,45.66789405589312]]]]}},{"type":"Feature","properties":{"fid":3067,"ID":"COMMUNE_0000000009752916","NOM":"Javerlhac-et-la-Chapelle-Saint-Robert","NOM_M":"JAVERLHAC-ET-LA-CHAPELLE-SAINT-ROBERT","INSEE_COM":"24214","STATUT":"Commune simple","POPULATION":818,"INSEE_CAN":"13","INSEE_ARR":"2","INSEE_DEP":"24","INSEE_REG":"75","SIREN_EPCI":"200071819"},"geometry":{"type":"MultiPolygon","coordinates":[[[[0.601852951369418,45.57358150145979],[0.60707124450582,45.571411668330214],[0.607746808724474,45.57085668807684],[0.60711957210454,45.57020280429698],[0.606769297567495,45.5700268801323],[0.606996484417835,45.56933983540299],[0.606928064420238,45.569141984969995],[0.60579297603968,45.56830881240438],[0.605901100363754,45.567884094613994],[0.605778126851204,45.56770219814497],[0.605101150998569,45.567369760561704],[0.604929097936584,45.56719582610574],[0.604869776252892,45.56696573615713],[0.605002552395299,45.56600011055783],[0.60472950978117,45.565759159516226],[0.603849788240755,45.56548905819004],[0.602552308222998,45.56476590012458],[0.601977948787635,45.5643158134776],[0.601953151721441,45.56417744826536],[0.601147671719923,45.56358548984707],[0.600708052095052,45.563578807468886],[0.600289647592323,45.56346717227611],[0.599997959657468,45.56350959130099],[0.599572765220234,45.56337708791684],[0.599249921285164,45.56351703653593],[0.59867234578003,45.563497489137866],[0.598285207837026,45.56358200775155],[0.597914141388726,45.56368038194699],[0.597699092726554,45.56396677283456],[0.597259470495572,45.563960076969565],[0.597095563960428,45.56380612362073],[0.596596491144139,45.56363238995587],[0.596083793998125,45.56327007627951],[0.596013019521701,45.562861359409304],[0.595910571461032,45.56276907864365],[0.595391309319869,45.56264715916168],[0.595247451381361,45.56247471321894],[0.594864258415948,45.5624683143592],[0.594547392993838,45.562263336000306],[0.594077711824059,45.56218120993785],[0.593967697534619,45.56208606264617],[0.593981946500405,45.561935017879144],[0.594173242325891,45.56181208771971],[0.594033516874447,45.56175143917881],[0.59347889977859,45.56161704202356],[0.592901486268851,45.561653323302174],[0.592324387533483,45.56194816452179],[0.592194425256643,45.56210573883663],[0.591606768174342,45.5622300816028],[0.591827194248039,45.56049157824847],[0.592398798613733,45.56050022289152],[0.592318421518948,45.55969310302733],[0.591491786449186,45.559651064185466],[0.591761492147448,45.55905144491414],[0.592902177757737,45.55924435248788],[0.593102248677113,45.558948641056226],[0.593081549913602,45.55809595396058],[0.594537874060969,45.558107319474125],[0.594337050418256,45.55676519658747],[0.594003179905867,45.55577067120601],[0.592791344894707,45.554352838339746],[0.59480319402245,45.553557192987846],[0.596767408015001,45.55306049044263],[0.597522452063123,45.553036097637055],[0.597693412748196,45.55308569844471],[0.59785018199105,45.553255714799654],[0.598156678975132,45.55325506000613],[0.599045682604414,45.553572254839054],[0.599602764966172,45.55364812070894],[0.599842182792514,45.55362710952368],[0.599854111046652,45.553558896762546],[0.600435809467817,45.553332585669835],[0.600676273025445,45.553020608024546],[0.601528288353105,45.55268114636756],[0.602175039066582,45.552788643012654],[0.60306315588104,45.55277065651141],[0.603660455446693,45.552835648731424],[0.604096034443346,45.552785479289376],[0.603824125411161,45.55127339686619],[0.603204895911497,45.549995342690046],[0.606134687005725,45.54949204903767],[0.605156329782592,45.54875048940541],[0.601713136977632,45.54695364270593],[0.601063583366121,45.54652716783752],[0.600618305838863,45.54600235081493],[0.599706145299693,45.54580809322949],[0.597890862348417,45.54491525095583],[0.595929232540182,45.544176001215924],[0.595141074671146,45.5449077711891],[0.594322524278754,45.54539384321587],[0.593656055700426,45.545979562528515],[0.593207499855335,45.54624112180099],[0.59194888827387,45.54643757184473],[0.591104421502047,45.54645640437084],[0.590570910100294,45.54637109036513],[0.590130850149624,45.54623012138215],[0.589493937850731,45.546252492899924],[0.589085489856046,45.54653471638679],[0.588273703699168,45.546774947642675],[0.587474109382252,45.54688210289151],[0.586890048323939,45.547133520662875],[0.586583300810186,45.54767107085915],[0.585836556717031,45.54856673091514],[0.585928780379122,45.54868672963416],[0.58639519726509,45.5487526061264],[0.586621390821645,45.54885836529472],[0.586908558493436,45.549095162244754],[0.587024111894804,45.54953367633892],[0.586824667430808,45.550227584848365],[0.586630575376156,45.55041530608445],[0.587113874012992,45.550741900026644],[0.587113158250349,45.55099413474715],[0.586509039556197,45.55149917281944],[0.586259494875584,45.55151723526938],[0.58590220433152,45.55109424692511],[0.585301269163164,45.55137862817282],[0.584478308436669,45.55149066688689],[0.584032627049753,45.551183789071956],[0.583139863923593,45.551043868273155],[0.58232665948511,45.550373223462614],[0.582141236650333,45.5498322999019],[0.581734886504474,45.54956499738426],[0.581253488670025,45.549489770101886],[0.580027540259584,45.549963367323905],[0.579727496601369,45.549904652195714],[0.578607820357436,45.55058682890546],[0.578339885566067,45.55087925074615],[0.578236934988722,45.55138693900261],[0.577836420999062,45.55189632075791],[0.577697529133265,45.55202305551846],[0.577105175968012,45.55213911141018],[0.577006916173051,45.55221627135262],[0.576964019474972,45.55249372339447],[0.576731133053623,45.55262924070912],[0.57612946679406,45.55272346925355],[0.575392881807708,45.55270667550877],[0.574984408359331,45.55263479720718],[0.574234285925831,45.55228256965027],[0.57398865869154,45.55235744616583],[0.573609677702844,45.55281322496278],[0.573245107382071,45.55299814351117],[0.57267526718351,45.55186691844967],[0.573278487985767,45.55077004250756],[0.573332474748048,45.5504153538673],[0.573037040669063,45.5495774435522],[0.572988042595,45.54885116223836],[0.573369533373616,45.54813237829634],[0.573337460380312,45.54740015661614],[0.573464983327534,45.54688849853127],[0.573047623322361,45.54552633493496],[0.572431091572352,45.544819322847594],[0.568901008426277,45.54137722766426],[0.569382600684661,45.54065611973047],[0.569001194500953,45.54020282244236],[0.569817208820318,45.539778138240194],[0.569121451888033,45.538570294561126],[0.568038051183287,45.53784234080163],[0.567725830863666,45.537770715805166],[0.566905958579604,45.53728989749171],[0.566498653238843,45.5367558499333],[0.566027203895478,45.53663212167464],[0.567784876411714,45.53592695428736],[0.567852857079507,45.53583833648207],[0.566427781013578,45.53235162253654],[0.563172314664011,45.52857834124877],[0.561671680628486,45.529125950061214],[0.561105145198008,45.529155089955346],[0.559669412168816,45.52892570417142],[0.557755285510401,45.530654366769824],[0.557177755208107,45.5309327978887],[0.555969841581044,45.530972284651384],[0.554241344541875,45.530608530558226],[0.55314718531019,45.53048109424269],[0.552820803044966,45.531836148576],[0.551284678032187,45.53237023704276],[0.551170432201971,45.533506488693426],[0.551520576245625,45.53379250159224],[0.551363338557621,45.53477015818818],[0.551019234024163,45.53536355903945],[0.550779180822604,45.5364745452866],[0.549657871486024,45.53611765540995],[0.548158470119064,45.53625250380918],[0.542258526160939,45.536061398151475],[0.541239338610963,45.53629404928085],[0.539922408876486,45.53641836799236],[0.540062641997279,45.53672504536154],[0.539466973755721,45.536859747280836],[0.539052031999923,45.53728399392329],[0.538692608534286,45.5374391830974],[0.538039846237993,45.53744469753056],[0.537606021972612,45.53765861347302],[0.537284063183601,45.53795155781054],[0.536576546755647,45.53800631432693],[0.534672058630987,45.53914832677259],[0.530767332117315,45.5408706893782],[0.530311614522247,45.54079760712038],[0.529305997458935,45.54132685173784],[0.528946551751853,45.54159642641279],[0.52789454058162,45.541468773726514],[0.526968966692271,45.54069073252483],[0.525920890088291,45.540331612698566],[0.525555929093313,45.539891135161795],[0.524452799688379,45.539559617637266],[0.524687923683188,45.539921561149065],[0.52483778999381,45.54087262515973],[0.524699792247053,45.54212635972439],[0.5249267087629,45.54258632137405],[0.525694192412679,45.54357441416685],[0.525792559880607,45.54490452820837],[0.525951387617312,45.54522424707325],[0.525874551665738,45.54599824207247],[0.526178071537176,45.546121144113606],[0.527129490244768,45.54629254349044],[0.52877214388538,45.54680617368436],[0.529326487988697,45.5470553064999],[0.529807876135183,45.54710012693188],[0.529820274004072,45.54728238396385],[0.530267552422953,45.547459787483916],[0.528274523981828,45.549715087580225],[0.52854604704576,45.54980844952615],[0.527177929017544,45.551763059557466],[0.52427343509058,45.55331623905708],[0.523672965314462,45.55427149087163],[0.522233494797026,45.55707043616631],[0.520914792037992,45.557537754588665],[0.520090824232667,45.55792498531692],[0.519900006623772,45.558263122509636],[0.51995246170878,45.55924087510963],[0.518611469492673,45.55802656280426],[0.5182814876559,45.55786341638064],[0.518926645762098,45.556456916051374],[0.517694508712053,45.55613600299341],[0.516874540014502,45.55571787725446],[0.515871174129088,45.55507136195379],[0.514544724695254,45.55450958455085],[0.512658478564682,45.55444982486658],[0.509420400996364,45.555023154046395],[0.508773191018988,45.55467186132939],[0.50796764263542,45.55399182026639],[0.506032189073018,45.55505520846542],[0.505898284595918,45.55649281124739],[0.506674590601163,45.55865063192622],[0.507733678802114,45.55914080505747],[0.508940024097061,45.55986486840843],[0.508276335561088,45.560335750354255],[0.507684599383871,45.56060371517017],[0.507185875225909,45.561027798170784],[0.506415967111725,45.56117918859234],[0.505679720272143,45.560781757925426],[0.504171287593548,45.56146990444662],[0.499030336136098,45.564439472233836],[0.49885849179094,45.564609526393994],[0.498885880441505,45.56499753412409],[0.500138657726335,45.56597228190437],[0.500894008744958,45.566344947369224],[0.502652075623259,45.567408380519666],[0.505094527813972,45.56911312214452],[0.504169085992339,45.56995295713184],[0.503971018589533,45.57033505511718],[0.503873428545685,45.57116354032847],[0.503604726434623,45.571518843204544],[0.501066371800119,45.57273724384325],[0.500671480466808,45.57304558925795],[0.502062349818989,45.573608055601014],[0.502935667876951,45.5742977497015],[0.503555962476564,45.57493767173249],[0.50391582227042,45.57566370122295],[0.504411457982333,45.57616661184935],[0.505240168989422,45.57673727515951],[0.506322848980286,45.57716671592571],[0.506940653056094,45.57754979922277],[0.507089145466585,45.57775670148502],[0.507283157309775,45.57852048324632],[0.508347687695997,45.579611680099845],[0.508695634880956,45.580404997835586],[0.509329533995854,45.5800884059557],[0.513588665544622,45.583784582917595],[0.514159098249723,45.58436838293411],[0.514197805495581,45.58456383806834],[0.514007031337891,45.58475511966581],[0.512537783266739,45.58555867612099],[0.51250488698458,45.585691284852786],[0.513182407569462,45.586147726287415],[0.513896113698335,45.586827491526016],[0.514679878830685,45.58708987174761],[0.514966676022369,45.58738991222157],[0.515765862735457,45.58782380067818],[0.516252341944697,45.58819221527557],[0.517188146169205,45.58795432096814],[0.518026166532527,45.5878367856468],[0.520061664141555,45.58716727424524],[0.520369168230184,45.58726324812461],[0.520886249406573,45.58757916274408],[0.523259682158242,45.588190045044904],[0.523669724051692,45.5888918844764],[0.525317083277513,45.58835066825877],[0.526248530565335,45.58774953335221],[0.528862035894606,45.585653816906905],[0.528771920110397,45.584998671048716],[0.53016573038779,45.58424099928814],[0.531721793686877,45.583987783075045],[0.532123998113128,45.58380111453017],[0.532490308518746,45.58372897396897],[0.532980148850434,45.58379287869898],[0.533671829529048,45.583645890866656],[0.534167560338174,45.58380811939127],[0.534479755005229,45.58382757963314],[0.534787335028488,45.58354693314376],[0.535356839065975,45.58340626496296],[0.535913915625419,45.58311216610465],[0.537097056032091,45.58296331619303],[0.537349369552528,45.582511179546046],[0.537564013385368,45.58238705082426],[0.53831996493433,45.58238108450384],[0.538607608274556,45.582490988051184],[0.538925476122518,45.582035778984434],[0.539387153647268,45.5821269676967],[0.540106123341386,45.58205801696898],[0.540226186209061,45.58189667804043],[0.540222526057983,45.58145875433888],[0.540990087301075,45.58093049516229],[0.541333859136914,45.58032449337801],[0.54174451122299,45.57841273005722],[0.542549627419633,45.577904202091005],[0.542664288577049,45.57763283168224],[0.54296571389387,45.57740248115423],[0.543469863749906,45.577547735903885],[0.544715800850161,45.57843983241102],[0.544997981607445,45.578701854341006],[0.545438506790498,45.57848804879639],[0.547414403662216,45.57793207271572],[0.548708929131559,45.57743688213149],[0.549762451204952,45.577227417518465],[0.552016376280218,45.57609633712321],[0.552828480732181,45.575891496577036],[0.552707908918705,45.575716798085246],[0.554496201841637,45.575367428881584],[0.557468769486995,45.57501224128739],[0.558281509583669,45.575141612004046],[0.558511654725926,45.57527544080013],[0.559859703048811,45.57490110845112],[0.561660755216045,45.574580732818156],[0.564047572225429,45.57453338637591],[0.565780246568902,45.574863717431164],[0.566024228780169,45.57479963148165],[0.567113751020682,45.576017816233225],[0.567604765726471,45.57608339791776],[0.568151020211752,45.57559161310864],[0.569401938315916,45.57541236359474],[0.569103329071741,45.57473293225664],[0.570236865153241,45.574889874213405],[0.570558016579903,45.574586906006125],[0.572371625772716,45.57473960466693],[0.572906027896331,45.57404844302465],[0.576115892085764,45.57524383382802],[0.58065095238341,45.57591270792605],[0.582838798827719,45.57639851453434],[0.585217525889734,45.57368118772513],[0.58710479319876,45.57234785256771],[0.587865698526399,45.57296147843647],[0.588365078953012,45.57286408703398],[0.58995985873488,45.573446938653554],[0.590386382179931,45.57458310222666],[0.592029952439593,45.575373273724615],[0.593522249684351,45.57589621993302],[0.596190170788406,45.57599294587786],[0.596515517502414,45.57502784021903],[0.597704849349592,45.57549740514943],[0.598761595137477,45.5748821539542],[0.601852951369418,45.57358150145979]]]]}},{"type":"Feature","properties":{"fid":3090,"ID":"COMMUNE_0000000009753167","NOM":"Lussas-et-Nontronneau","NOM_M":"LUSSAS-ET-NONTRONNEAU","INSEE_COM":"24248","STATUT":"Commune simple","POPULATION":285,"INSEE_CAN":"13","INSEE_ARR":"2","INSEE_DEP":"24","INSEE_REG":"75","SIREN_EPCI":"200071819"},"geometry":{"type":"MultiPolygon","coordinates":[[[[0.590570910100294,45.54637109036513],[0.590477315214579,45.54516098752934],[0.590682502498333,45.54439242350873],[0.590329046549639,45.54391097363206],[0.590385818902596,45.543341927203734],[0.590591853473266,45.54270130834201],[0.589041166347775,45.542186061217905],[0.589562180421704,45.54143688977704],[0.589795915681998,45.54048335673887],[0.589617325977576,45.540285833148545],[0.589875050126423,45.53990127719737],[0.590002637964335,45.539384200498155],[0.589562556899404,45.539127012781776],[0.590835677942379,45.53806154479271],[0.590256734051412,45.53769597708351],[0.59040317396163,45.537305429370896],[0.589770019300562,45.53647653905222],[0.59014514089458,45.536280986461946],[0.589519764499567,45.535332442919895],[0.591692028055159,45.533868247531416],[0.592129291344653,45.53368753465962],[0.592686760407688,45.53357245884689],[0.593859209820893,45.53316875867715],[0.594128895721144,45.53436911446716],[0.594849814715332,45.53562868156678],[0.595245313721788,45.53599750516986],[0.5969659646648,45.536048744077554],[0.597279846483131,45.535697806246176],[0.598093989815965,45.53569449843206],[0.600662352595421,45.53689261645289],[0.60334932723572,45.537958972326],[0.604506630267388,45.53796564124621],[0.604514059665617,45.53832795577407],[0.604178116514902,45.53880456676485],[0.603076540902731,45.53910988978324],[0.603304051572176,45.539155284133784],[0.603402506883815,45.53927990529673],[0.603444729677354,45.53981593259736],[0.6035662432985,45.53991131628699],[0.6037293719769,45.53990398566481],[0.604221271420711,45.53943790916266],[0.6043863382962,45.539445033132125],[0.604767771500481,45.539636947845054],[0.604847510055516,45.539304419447724],[0.605099127900897,45.53929627099545],[0.605352212444889,45.53946202417582],[0.605488813090318,45.53986132580629],[0.605730212821221,45.54017907865021],[0.606446453569015,45.54036641162165],[0.607194296537203,45.54026703074565],[0.607903246424865,45.540772211364214],[0.608035908975358,45.54078764868264],[0.608819536449462,45.540452987142395],[0.609389292249412,45.53990476384145],[0.609391071045441,45.53965525675152],[0.609921859246239,45.53947556423711],[0.610224153863148,45.53918380323001],[0.610371365919834,45.53915900761504],[0.610831761943272,45.53936339171055],[0.611323916081946,45.5390387296486],[0.611783137685106,45.539062007254905],[0.612093736010828,45.53890464963621],[0.6120106934174,45.538570458354684],[0.611573423227014,45.53824585241516],[0.611533401630815,45.53813329189221],[0.611545230804299,45.538007419750144],[0.611749208750681,45.53782527397448],[0.611782550915419,45.53731878562432],[0.612520273137617,45.536529979822646],[0.613101804989785,45.536153157585844],[0.613129062335816,45.535877165851545],[0.613544651012598,45.535275198081635],[0.61392482292278,45.53490039983436],[0.614683672130528,45.53475165633148],[0.615825953518146,45.53492725677176],[0.616525546414642,45.534337613062114],[0.617010494470502,45.53408934991338],[0.617387930907908,45.53401627773066],[0.617702974150133,45.53488870671729],[0.618613784704107,45.5347233404668],[0.619375591053981,45.53468453568658],[0.619404227987847,45.53485360725138],[0.619577327403041,45.534912229567645],[0.619892526815348,45.534885576559894],[0.619874932029332,45.534638362568266],[0.621233635241039,45.534370756384824],[0.622160984145654,45.533848963860656],[0.622638572889006,45.53347259643526],[0.622945445552862,45.53340071487948],[0.622290573699691,45.53058602079872],[0.622200156956646,45.52877784466799],[0.622437050958067,45.52815494755856],[0.622797496523297,45.52769952613473],[0.622867563482187,45.52693165916686],[0.622703277985801,45.52666782785071],[0.620691402826682,45.52474688960981],[0.62026218892075,45.524445009458105],[0.619569400468165,45.52413303647959],[0.618858797854865,45.52474408265924],[0.619255421517245,45.52508851960854],[0.619205293764141,45.52530096530788],[0.617835302001481,45.526134956138854],[0.61607133938528,45.52671102510371],[0.615833385311098,45.52634291884583],[0.615358880287139,45.52587249426456],[0.615120338843147,45.52539897083878],[0.614158976235529,45.52435875367794],[0.61368924629913,45.52398661898224],[0.612734613140878,45.523446520851955],[0.611484453808719,45.52226951174358],[0.610582686511256,45.52109809974112],[0.609050023185527,45.52014477505904],[0.607879085669905,45.51930363730952],[0.606117296649863,45.5173958586917],[0.604177220374268,45.51647431716439],[0.603789404922782,45.51610748992889],[0.60346313850473,45.51556179823608],[0.601439240511051,45.51578164037729],[0.604695694289642,45.512389063264806],[0.603013608481667,45.51128381627784],[0.60267166548976,45.51157650963107],[0.601907464453214,45.510758402975306],[0.602864529670913,45.51043380309192],[0.603079852239507,45.51010597437845],[0.60405469602055,45.50990336350552],[0.605287508694746,45.50939364089178],[0.606543220936115,45.509006012506006],[0.606064466580344,45.5078372707842],[0.605217173651512,45.506361573014004],[0.60417572063668,45.505378110749376],[0.603949351433392,45.50539850418741],[0.603460485900659,45.50562319939102],[0.602604054101781,45.50587427724079],[0.601417131635108,45.50615342249787],[0.600634628966487,45.50540518363617],[0.598314033851449,45.50369613297709],[0.598088834767062,45.502830970457104],[0.599085150249083,45.502040587654676],[0.599088539699787,45.5014586893576],[0.600220666991253,45.50131893713313],[0.60031500328182,45.50067772332766],[0.599565507498371,45.50053107031112],[0.600441688168334,45.49913992173339],[0.601053345195191,45.498533188307604],[0.601520075903495,45.49742606819848],[0.601759238155132,45.497168120810166],[0.601755176111347,45.496728403562436],[0.602061442744336,45.495954783193746],[0.602393030449286,45.495514128479876],[0.603099258792231,45.49393194940239],[0.601781170555898,45.49313173779259],[0.599849778507083,45.492682352596475],[0.599224478429757,45.49233204889107],[0.597861037176025,45.491309202111196],[0.596484951274515,45.4916743280565],[0.595215378864909,45.492182257659344],[0.594578795922593,45.491324487948134],[0.593631615038992,45.49125013059347],[0.593566088398641,45.49181628272777],[0.593063162425134,45.49183522746345],[0.592490566228182,45.49165898528987],[0.59236224902289,45.49151659557697],[0.592445026337953,45.491291348353805],[0.59165814222202,45.4912717631929],[0.590025313816619,45.4909997805438],[0.58725392876299,45.491285275668666],[0.586206408832788,45.491486171483224],[0.58589904367849,45.491308392066856],[0.585524583997666,45.491348083930156],[0.584863416803057,45.49161853864635],[0.583566134792799,45.49246627810083],[0.583225782137541,45.493311189857884],[0.582857063082304,45.493571714398186],[0.582316313733949,45.49357628352064],[0.582060896695442,45.49385275946097],[0.580749322282687,45.49423259932307],[0.580150437054341,45.49454220741394],[0.579490187351155,45.49531895172907],[0.579055314051377,45.495656415283314],[0.578583981456469,45.4957723726896],[0.577974872908355,45.494994374835116],[0.577343076634384,45.49453119527761],[0.576500090071935,45.49421119809716],[0.57462150215236,45.49393458562919],[0.573831486551977,45.49372201774927],[0.572816015700653,45.49368564807246],[0.572406000832595,45.49403984002298],[0.572224685133371,45.494671047117805],[0.572101760907586,45.49525576986605],[0.572200630464077,45.49595339729471],[0.572056475772152,45.49637910388606],[0.57067777088043,45.49679701615334],[0.5684114810906,45.49703532832128],[0.567734475323572,45.49754678211191],[0.567008188336095,45.497867075233984],[0.565403547430692,45.49791426361209],[0.564822815358084,45.49885841674426],[0.565550080435327,45.49983094269218],[0.563299776798413,45.50016860019343],[0.56238377976466,45.49943970689768],[0.561847755135935,45.49956860501332],[0.56123040808064,45.49991555257948],[0.561001313529341,45.50023129418925],[0.560495972017241,45.50006986308785],[0.560439287961107,45.50086412317298],[0.560286249668182,45.50108151686613],[0.559916696812941,45.50126987988253],[0.559968082652506,45.5014998247646],[0.56160081271985,45.501107377553694],[0.561919248231904,45.50123681625955],[0.562485212348294,45.50203108542555],[0.562753406461969,45.5026630317201],[0.562683605870686,45.50340655757984],[0.563229809824021,45.504359852135536],[0.562074924234154,45.50472216299056],[0.56260912744782,45.5057445691115],[0.562593829113703,45.50623882931796],[0.562354651763291,45.50681291287064],[0.561413036026473,45.5076564236277],[0.560899495939234,45.50779661829678],[0.560440622187079,45.5078298908651],[0.559203551194639,45.50816516323259],[0.559055518848739,45.5087925735948],[0.558295981746385,45.51050488171195],[0.556707432653268,45.509188342336586],[0.555058089643288,45.5100389210087],[0.555348207150658,45.5102884816041],[0.554308383669299,45.51114691541371],[0.553543255303718,45.51129601122906],[0.552025920892163,45.510807081636486],[0.551098216048386,45.511446309890665],[0.550264853290594,45.511805607232944],[0.549842657817928,45.51181981782436],[0.549190257362263,45.51147584825396],[0.549105972573968,45.51190463963633],[0.549309592579545,45.51245863478645],[0.549407602507272,45.513692307529304],[0.549240142982979,45.514669735191646],[0.549450857179994,45.51509235310622],[0.550508150345834,45.516541552204686],[0.549444655177727,45.51851204446687],[0.548924066136326,45.5197952797118],[0.547881768602809,45.51945630616178],[0.546795771828901,45.5198451992702],[0.546206723521166,45.520240438278314],[0.545733617926868,45.52099857034154],[0.545103746376855,45.5208676843448],[0.544216338626413,45.522386125457274],[0.54362965919706,45.52263996171725],[0.543865546986882,45.52315953833082],[0.543867075164591,45.523617231717694],[0.54310983387749,45.52491508847433],[0.542589056725395,45.52535865123871],[0.540456871105503,45.526705676370035],[0.538104437856297,45.5273811636975],[0.537450537453149,45.52770376683839],[0.536282239235655,45.52817994911614],[0.535433814375039,45.528812690686856],[0.536009869006813,45.529291100571136],[0.537990860947958,45.528612016944514],[0.538777782915634,45.52950945226558],[0.537828080154237,45.52962287096274],[0.539053770618691,45.53097407006272],[0.537612466333707,45.5315929351355],[0.537728823973534,45.53486308202419],[0.539198835290896,45.53507277709668],[0.539922408876486,45.53641836799236],[0.541239338610963,45.53629404928085],[0.542258526160939,45.536061398151475],[0.548158470119064,45.53625250380918],[0.549657871486024,45.53611765540995],[0.550779180822604,45.5364745452866],[0.551019234024163,45.53536355903945],[0.551363338557621,45.53477015818818],[0.551520576245625,45.53379250159224],[0.551170432201971,45.533506488693426],[0.551284678032187,45.53237023704276],[0.552820803044966,45.531836148576],[0.55314718531019,45.53048109424269],[0.554241344541875,45.530608530558226],[0.555969841581044,45.530972284651384],[0.557177755208107,45.5309327978887],[0.557755285510401,45.530654366769824],[0.559669412168816,45.52892570417142],[0.561105145198008,45.529155089955346],[0.561671680628486,45.529125950061214],[0.563172314664011,45.52857834124877],[0.566427781013578,45.53235162253654],[0.567852857079507,45.53583833648207],[0.567784876411714,45.53592695428736],[0.566027203895478,45.53663212167464],[0.566498653238843,45.5367558499333],[0.566905958579604,45.53728989749171],[0.567725830863666,45.537770715805166],[0.568038051183287,45.53784234080163],[0.569121451888033,45.538570294561126],[0.569817208820318,45.539778138240194],[0.569001194500953,45.54020282244236],[0.569382600684661,45.54065611973047],[0.568901008426277,45.54137722766426],[0.572431091572352,45.544819322847594],[0.573047623322361,45.54552633493496],[0.573464983327534,45.54688849853127],[0.573337460380312,45.54740015661614],[0.573369533373616,45.54813237829634],[0.572988042595,45.54885116223836],[0.573037040669063,45.5495774435522],[0.573332474748048,45.5504153538673],[0.573278487985767,45.55077004250756],[0.57267526718351,45.55186691844967],[0.573245107382071,45.55299814351117],[0.573609677702844,45.55281322496278],[0.57398865869154,45.55235744616583],[0.574234285925831,45.55228256965027],[0.574984408359331,45.55263479720718],[0.575392881807708,45.55270667550877],[0.57612946679406,45.55272346925355],[0.576731133053623,45.55262924070912],[0.576964019474972,45.55249372339447],[0.577006916173051,45.55221627135262],[0.577105175968012,45.55213911141018],[0.577697529133265,45.55202305551846],[0.577836420999062,45.55189632075791],[0.578236934988722,45.55138693900261],[0.578339885566067,45.55087925074615],[0.578607820357436,45.55058682890546],[0.579727496601369,45.549904652195714],[0.580027540259584,45.549963367323905],[0.581253488670025,45.549489770101886],[0.581734886504474,45.54956499738426],[0.582141236650333,45.5498322999019],[0.58232665948511,45.550373223462614],[0.583139863923593,45.551043868273155],[0.584032627049753,45.551183789071956],[0.584478308436669,45.55149066688689],[0.585301269163164,45.55137862817282],[0.58590220433152,45.55109424692511],[0.586259494875584,45.55151723526938],[0.586509039556197,45.55149917281944],[0.587113158250349,45.55099413474715],[0.587113874012992,45.550741900026644],[0.586630575376156,45.55041530608445],[0.586824667430808,45.550227584848365],[0.587024111894804,45.54953367633892],[0.586908558493436,45.549095162244754],[0.586621390821645,45.54885836529472],[0.58639519726509,45.5487526061264],[0.585928780379122,45.54868672963416],[0.585836556717031,45.54856673091514],[0.586583300810186,45.54767107085915],[0.586890048323939,45.547133520662875],[0.587474109382252,45.54688210289151],[0.588273703699168,45.546774947642675],[0.589085489856046,45.54653471638679],[0.589493937850731,45.546252492899924],[0.590130850149624,45.54623012138215],[0.590570910100294,45.54637109036513]]]]}},{"type":"Feature","properties":{"fid":3107,"ID":"COMMUNE_0000000009752910","NOM":"Abjat-sur-Bandiat","NOM_M":"ABJAT-SUR-BANDIAT","INSEE_COM":"24001","STATUT":"Commune simple","POPULATION":635,"INSEE_CAN":"13","INSEE_ARR":"2","INSEE_DEP":"24","INSEE_REG":"75","SIREN_EPCI":"200071819"},"geometry":{"type":"MultiPolygon","coordinates":[[[[0.721495762330964,45.56232437417614],[0.72150714449628,45.56242189662098],[0.721274081232638,45.5624135676386],[0.721240823333968,45.56253630956239],[0.721436391700425,45.56264567430111],[0.721536222076012,45.56293146575108],[0.722178435452208,45.562813861416956],[0.722176339457352,45.56292732586175],[0.721693803384195,45.56318509649319],[0.721691421525815,45.56336792051963],[0.722166328494766,45.563420788022356],[0.722450020264172,45.56391389683805],[0.722064142193977,45.56387905050314],[0.721928286567987,45.563939356118766],[0.721943904879521,45.56424596131517],[0.721500708364004,45.56460722561737],[0.721657543622169,45.56481669963783],[0.721576547724747,45.56510242844522],[0.720745654506758,45.565441415870275],[0.720117027164459,45.56547731102979],[0.720000780457352,45.565559632628556],[0.720156747794018,45.56607087583642],[0.720338461877952,45.566236714799025],[0.720777127472365,45.56632939081668],[0.722491446935639,45.56718301583728],[0.722701537520596,45.567189074709134],[0.723044877920948,45.56697982744053],[0.723508294592969,45.566907237896615],[0.724058619622129,45.56696702947108],[0.72417109929487,45.567163890447894],[0.724608667549234,45.56718986625312],[0.724713916354568,45.56775052295234],[0.724862253098253,45.567823792014906],[0.725300982560141,45.56779033254696],[0.725447311040076,45.5678500474535],[0.725519125831386,45.56813166455444],[0.725999983787928,45.56804049975604],[0.726608942682191,45.56832847851236],[0.727083564728368,45.56838942618152],[0.728132697947989,45.56826470078892],[0.729310271205945,45.56907493720882],[0.729677559659299,45.569220186519885],[0.729464770669396,45.570219431511454],[0.729778026680567,45.57061942933679],[0.729746400388814,45.57126649949435],[0.729939305714859,45.571379398183424],[0.730562506741367,45.571320816121556],[0.730741721647446,45.57142352765879],[0.730808730669696,45.57157261936788],[0.730373107813536,45.571811556687706],[0.730389359928111,45.5719785415242],[0.730993289222296,45.57214027522975],[0.731122377370223,45.5722455775697],[0.730650420528031,45.57265134013645],[0.730692879959182,45.57286749976832],[0.730921383673639,45.57298832211726],[0.731559031191473,45.572765170893994],[0.731742325723451,45.572831028348574],[0.731796648403751,45.57307084888737],[0.732159683098279,45.5732268138057],[0.732486873302906,45.57353790083065],[0.732445122416812,45.57390009965149],[0.732630472634051,45.574135356146776],[0.7325772348777,45.57427661596232],[0.73209738587949,45.57424801759859],[0.73208609026915,45.574649567247],[0.731791919955976,45.57516161841973],[0.731782617859582,45.57548303299259],[0.731992373811745,45.57565482288768],[0.732470946373207,45.575714925338964],[0.732624518005169,45.57594323478423],[0.733482598010099,45.5763217792433],[0.733930577346091,45.57669114954321],[0.73371239728346,45.57685070501325],[0.733669370180007,45.577212878577896],[0.733749763327102,45.577348725474025],[0.733878629466137,45.577365736952146],[0.734148147864641,45.57723694388315],[0.734419607611603,45.57750005735265],[0.734351149315308,45.578170708792484],[0.734917621354596,45.57874875668294],[0.73483390025743,45.57897678544663],[0.734952489088816,45.57915123658026],[0.737876968588709,45.580574904821596],[0.738192907420075,45.580974931233754],[0.738326399227202,45.581633432241645],[0.738531314751199,45.58192492419809],[0.738475454319733,45.58200487654194],[0.738179889156364,45.58208000639941],[0.738142349105046,45.582717049595786],[0.738014291748027,45.582868517633834],[0.736914282713484,45.583039160396154],[0.736726361166047,45.58355696707395],[0.736399303382906,45.58377469298703],[0.736410256095352,45.5845118055868],[0.736640144207927,45.58485154870703],[0.736692529588229,45.58529672042564],[0.736587086750536,45.585522511721955],[0.734808403691031,45.586946961190165],[0.733760293691046,45.58760327643963],[0.732662102099456,45.58785229022722],[0.731932203091156,45.58791143791979],[0.731806842551763,45.587996291211496],[0.731551434367592,45.58831184021444],[0.730867641616458,45.59015919451529],[0.730608445734619,45.590472863618366],[0.730277159183465,45.59135621503704],[0.729889679389756,45.59151234704569],[0.729827996583356,45.5916399230605],[0.729470083316464,45.591763319230076],[0.729382022809895,45.59203359737646],[0.728838605977536,45.592550519932416],[0.728727214364381,45.59279510263317],[0.728759998227714,45.593184931788784],[0.728456069162646,45.593681466284174],[0.727918539493917,45.59427327444522],[0.727669447351972,45.59437093781861],[0.72756389600114,45.594535461969556],[0.727462578906384,45.5952225646127],[0.727239739807936,45.59546219118521],[0.726680511524336,45.59576888687156],[0.725627243657884,45.59616918635659],[0.725375200945378,45.59618210526823],[0.724982474619561,45.596433605481806],[0.724240205787809,45.597728423419376],[0.724226323320625,45.59822270985451],[0.724414429648437,45.5983607433893],[0.725239569682509,45.59864228811736],[0.725774591831447,45.59895759718516],[0.725987921702278,45.59916910699999],[0.726272232048746,45.59977752507493],[0.726252363202373,45.60048068787662],[0.726029714640552,45.60149685015709],[0.725560991539224,45.602535962238036],[0.725258977903264,45.60298388294125],[0.725405416407267,45.60341835266633],[0.726115281339654,45.60463444329527],[0.725824206630602,45.604784405089205],[0.726310617020931,45.60559779917939],[0.726499430537597,45.60647003684924],[0.726732225896487,45.60686481107021],[0.7281567150234,45.60755752135693],[0.73053297778401,45.607764044898],[0.731453440744737,45.607759192291276],[0.731720121992266,45.608361834343285],[0.73146386714349,45.60891519301193],[0.732695424187175,45.6091499240667],[0.733436485617846,45.60945223119967],[0.734252942902464,45.609480392299666],[0.734778710315053,45.60892705096414],[0.734837905975488,45.608609342661524],[0.735226033277836,45.608063136777986],[0.735559430466561,45.60785094348279],[0.735629332801767,45.60767938792559],[0.735572830030737,45.60724043798962],[0.735752377519972,45.60696118637762],[0.735814648396069,45.607541685506504],[0.73668887816364,45.608228611632306],[0.736782559880414,45.60961149707812],[0.737094620826281,45.61004748049251],[0.737362076957889,45.61031861131652],[0.737633476377558,45.61043037066592],[0.738387707811605,45.61132296459209],[0.739443280307309,45.61150003067034],[0.74020975454972,45.611967657680765],[0.740406109450952,45.612723809909824],[0.740305499068604,45.61396315652993],[0.739618037006705,45.615585283597326],[0.739303791424523,45.617560834261276],[0.73935049889631,45.6181464233635],[0.739586449508049,45.61884481783571],[0.74096507056109,45.61859595064374],[0.743223704344308,45.61861425920479],[0.744133793055418,45.618427120108464],[0.74619448614612,45.617283812607326],[0.747010219223563,45.61641732454931],[0.747368539038837,45.616160552877005],[0.749644484678503,45.61540255311298],[0.749731859672531,45.615906071481234],[0.750379687800882,45.61651718975463],[0.750608109650705,45.616866781009364],[0.750924647152856,45.61700643510444],[0.751551195407032,45.61750992026797],[0.752122520144643,45.617697903700034],[0.752316783690621,45.617655842373615],[0.752197958609464,45.61729403135706],[0.752345376143412,45.616666386271525],[0.752746825058321,45.61604201463228],[0.753339066902303,45.61555567822668],[0.753198259617381,45.61500785559752],[0.753674635378644,45.61443452413146],[0.754201868807274,45.614094623772345],[0.754058492956874,45.61376835848775],[0.754387794182708,45.613402884965616],[0.755238396358127,45.611892935034334],[0.755634509852505,45.61149365881366],[0.757391723419795,45.61057381550351],[0.757931504774943,45.60963689130938],[0.758329403651118,45.60919259992595],[0.758232203475856,45.6086447528635],[0.758356341266037,45.607892322174656],[0.758654808690876,45.60755775252451],[0.75944708484135,45.60710420026899],[0.759813866766292,45.60660343234313],[0.760466964694612,45.60616331625868],[0.761049440499093,45.6059460998957],[0.761385485985587,45.605411384377526],[0.761529167904476,45.60487283947618],[0.761845664422281,45.60501246268374],[0.762153286004434,45.605467202252164],[0.762471641263798,45.60556091777518],[0.763305915473407,45.60552796626399],[0.763759564004353,45.60535411690588],[0.764268998190028,45.60545162643962],[0.765105471418747,45.605427713738344],[0.765905178660039,45.605838169477614],[0.766260190222007,45.60623258143493],[0.76648884658768,45.60619568395906],[0.766690024744772,45.60598077525767],[0.767304951607082,45.60463902480194],[0.767700926328472,45.60423970638931],[0.768218668772494,45.60406711172702],[0.768725171549261,45.60324929220872],[0.76896603520899,45.60325947571513],[0.769117332433317,45.603135458984404],[0.76934735072449,45.60249051798348],[0.77020427755643,45.60179765229164],[0.770240485408144,45.60150379659327],[0.770075610337692,45.60068977443845],[0.770506996201667,45.59918582311939],[0.771517312435093,45.59847436986421],[0.772418998119729,45.59743195127447],[0.772467719585525,45.59720950917393],[0.773116459893895,45.59632963030979],[0.773274684493044,45.59548958184417],[0.774151376582567,45.59375751777799],[0.775609628294571,45.59227207232871],[0.776412002634336,45.59184563316117],[0.778593733399011,45.59096990745588],[0.779344696579437,45.590928889777274],[0.780551507136055,45.59103919760681],[0.781372184140707,45.591340057023885],[0.782393754019704,45.59159082266923],[0.784117999367615,45.59243106000371],[0.784527120973351,45.59246794838054],[0.785011736269801,45.592349577816535],[0.785463478260087,45.59241162479248],[0.786214312066915,45.59237416172921],[0.787605157267083,45.592568190059865],[0.789319347659188,45.593341486342716],[0.790566263664912,45.59344526715713],[0.790902708112754,45.59359961351726],[0.791541407488666,45.59367161439113],[0.791963705683659,45.59389340418456],[0.792724276604761,45.593998419499314],[0.794065616897458,45.5947607184968],[0.794670238012278,45.59488337994174],[0.795713338726186,45.59530560180423],[0.797247053614884,45.59542663988995],[0.798621630878755,45.59538689691386],[0.798888726855678,45.59531735684805],[0.799345994699374,45.59537044720278],[0.799599798894467,45.59534478585084],[0.799757242495805,45.595192924430584],[0.799907382819788,45.59532197781881],[0.800085292140673,45.59526870647109],[0.800509133210453,45.595485088533806],[0.801089347105003,45.595576609548324],[0.801851170710077,45.59603921481237],[0.802053825868155,45.5960738041866],[0.803945281244881,45.59607292404592],[0.80458492806566,45.59589533990297],[0.804874361767225,45.59555327183026],[0.805251328572053,45.59543091122143],[0.806213857280669,45.59536231356157],[0.806271628242885,45.59526434991013],[0.806712557092045,45.59504954657095],[0.806932557784428,45.59480791240767],[0.806959768863719,45.594639088130506],[0.806799320634923,45.59457560357957],[0.806844019535094,45.59435397178119],[0.806641618260911,45.5941833714496],[0.806630685728776,45.59403812547613],[0.807017040629021,45.593969991823776],[0.807268661874899,45.59370735404161],[0.807008066756911,45.59354823107342],[0.806244531645996,45.592674851718684],[0.806000444520869,45.59200167761671],[0.806112632528224,45.59179307371793],[0.806149395883898,45.59125329644526],[0.806092809084376,45.591094548102376],[0.805757976815211,45.59089884129312],[0.806299916865997,45.59007615355377],[0.806345254922767,45.58987074939195],[0.805817602999964,45.589036199510026],[0.806052992728121,45.58756254068748],[0.806150716878586,45.587168085064256],[0.80663595512805,45.58670732235181],[0.80677622733221,45.58640467956296],[0.8068551440001,45.585674750273895],[0.807454740222733,45.58498200115593],[0.807435260588949,45.5847284899316],[0.807675190444072,45.58411160085437],[0.808159564231784,45.58331480868944],[0.809156773211722,45.58220101130445],[0.810485713660172,45.58025500218722],[0.810095595923387,45.579998776506855],[0.810067778375645,45.5798261776235],[0.810518139011179,45.57946651382228],[0.810519233251907,45.57930889132794],[0.810259570867047,45.578867835942155],[0.810257451380133,45.57853178813749],[0.810813004020489,45.577489548105255],[0.811081992254954,45.57590753906669],[0.80916377486956,45.57592151655918],[0.805823680207442,45.57627525169455],[0.802282778392173,45.57573945264874],[0.801459444567883,45.575411667334876],[0.798855558628546,45.573989653214255],[0.796419856587974,45.57324469121401],[0.796115519062877,45.5727693943214],[0.795589779859953,45.57247532475201],[0.795115899815385,45.57242549292091],[0.793247634751872,45.57189607722208],[0.790377917171352,45.570556020690546],[0.788693838084373,45.57058866132235],[0.78722296588044,45.57022820909415],[0.786459006513519,45.5700879511773],[0.786165151310518,45.570123601733975],[0.785424207570243,45.5698567731715],[0.783373839743907,45.56811198634861],[0.78279294586826,45.56737175736976],[0.781498776173055,45.56605983422081],[0.780643723781526,45.56547362810593],[0.778342445497772,45.56548581349681],[0.777427921194807,45.565424491710964],[0.776736230506305,45.56530721511694],[0.775956682687597,45.56488641711808],[0.774628708171514,45.56368724669269],[0.773758732690566,45.56306015326673],[0.772501259163059,45.56231096716835],[0.772044803812967,45.561670435400586],[0.771583682026325,45.56127393465647],[0.771241995396516,45.560586129316185],[0.770624275724622,45.5603531725159],[0.769982071468936,45.559007197930235],[0.769967398718039,45.55790518845979],[0.767626519329639,45.55499045625557],[0.766924270499796,45.55427925759121],[0.766576562795577,45.55403002273817],[0.765938678137849,45.55375880270145],[0.760549348211073,45.55242818614262],[0.755460156809984,45.55046731180412],[0.754908354798115,45.55003559642482],[0.754346784245303,45.54895868384724],[0.752807077062875,45.54702533063503],[0.752309995306192,45.54647848808646],[0.751766949146101,45.546180255284014],[0.750945676902994,45.54717906143116],[0.749483775466739,45.54740832764211],[0.749049740358986,45.54764646222099],[0.74748130366016,45.549172577977856],[0.746384165328251,45.54976314743814],[0.745020561205006,45.54946463519578],[0.744786597426411,45.549511287110505],[0.744308968494152,45.549716999737086],[0.744007837363849,45.54971275535333],[0.743339902178514,45.550057876236615],[0.741958339510918,45.55045261339256],[0.741059143796374,45.551029093691824],[0.740645292285463,45.55117932053791],[0.74027681373599,45.551506122547934],[0.739805592283177,45.55215155639593],[0.739024825071898,45.55284120730085],[0.738486160262525,45.5530645857517],[0.73766669459565,45.553570577945806],[0.736891498094221,45.55440536295395],[0.736081319579764,45.5549971115181],[0.735395943929918,45.555640916341964],[0.735391155350702,45.55582098854826],[0.735709247133266,45.55641564963836],[0.735297672371374,45.55685417384953],[0.734327481507402,45.55715531674147],[0.734095108670457,45.557475835977044],[0.732569407654398,45.55778287712539],[0.731226522539207,45.55819718630946],[0.728603745733535,45.559490066048326],[0.726573173665652,45.560066985038695],[0.725291502621807,45.56008068590742],[0.724555705135489,45.560229743667584],[0.724071418729496,45.5605622586513],[0.723266300871954,45.56139995386598],[0.722276543213525,45.56211138632759],[0.721700080199828,45.56234563267769],[0.721495762330964,45.56232437417614]]]]}},{"type":"Feature","properties":{"fid":3113,"ID":"COMMUNE_0000000009753163","NOM":"Saint-Pardoux-la-Rivière","NOM_M":"SAINT-PARDOUX-LA-RIVIERE","INSEE_COM":"24479","STATUT":"Commune simple","POPULATION":1170,"INSEE_CAN":"13","INSEE_ARR":"2","INSEE_DEP":"24","INSEE_REG":"75","SIREN_EPCI":"200071819"},"geometry":{"type":"MultiPolygon","coordinates":[[[[0.705323903004071,45.485378933658104],[0.70480218992135,45.48573130571648],[0.704353307273106,45.4858707639758],[0.703327866859445,45.48846223791568],[0.701888929463191,45.49287215819526],[0.700839745094708,45.492938053402405],[0.700750434453797,45.49361005822707],[0.700446516646946,45.49368040416683],[0.700159350012538,45.49461410525347],[0.701795560883402,45.497169993473406],[0.703189043507317,45.49906327041855],[0.704144947720458,45.49883959646564],[0.70399598154786,45.50011845587386],[0.704314413715519,45.50034837874734],[0.705116005759839,45.50054223596724],[0.70614473035479,45.500912790678235],[0.708191283313594,45.502942760131816],[0.711205374770731,45.504565418767335],[0.712725647112715,45.50525942566935],[0.714638297886253,45.50647488111204],[0.71603539856209,45.507829355730046],[0.717897008237931,45.510788649903375],[0.720232273093974,45.509957769345306],[0.723189104616759,45.50915206019174],[0.723120270958415,45.50895608229213],[0.723381714633806,45.508766802103445],[0.72376547407846,45.50875026047266],[0.725553657626015,45.50919728420678],[0.727037934958661,45.50971379746313],[0.72716255279197,45.51017484846525],[0.727469855506863,45.51046123055036],[0.727597740822938,45.51078001422717],[0.728079580073033,45.510996958787594],[0.729479462734218,45.511949539289716],[0.730073373471597,45.512528176641936],[0.730115670079666,45.51290378143241],[0.729978384366577,45.51334692210535],[0.729506101239409,45.51380400842974],[0.729347245197718,45.514179149267505],[0.729262935261573,45.51548816813618],[0.729070374142622,45.51615449977366],[0.728925387383728,45.516347050004235],[0.72890070443108,45.516574463661286],[0.728106760782176,45.517532212735304],[0.727678782933556,45.518408179747176],[0.727731523748713,45.51868490466772],[0.727629643562318,45.51891976451916],[0.727792028185626,45.51917888960561],[0.727759399003563,45.51941244831844],[0.726968001272783,45.52115127292664],[0.726519428815384,45.52165297021151],[0.726534558587347,45.52181542822188],[0.725140772971408,45.52336638094726],[0.724359970081649,45.52406222826492],[0.723773073624592,45.524904334322954],[0.72341008850772,45.5265671419358],[0.722664847001677,45.52895548648788],[0.722504264399795,45.52921437615815],[0.722658054999784,45.53086964439916],[0.72292500961005,45.53098586083171],[0.726511885820081,45.52921899988095],[0.727219698190426,45.528772994501935],[0.727900761634645,45.52854174528544],[0.72882060204663,45.528551341723215],[0.72938901862244,45.52878624383332],[0.729781458885651,45.528560858874755],[0.730050303561049,45.52859962402182],[0.730556342024163,45.52854228731433],[0.731388703981814,45.528685221336296],[0.732737771398432,45.52869804979298],[0.733101011785888,45.52859097512776],[0.734138435953777,45.528483089366716],[0.734659793478563,45.52805039269383],[0.734936092730041,45.527937955239466],[0.735576655479857,45.527881507450374],[0.736854554115495,45.52699921855408],[0.737371104991798,45.52640065870225],[0.737818383832908,45.52611779696072],[0.738291157748155,45.52552375654536],[0.738901063203461,45.5254954998951],[0.739148264808425,45.525278870211196],[0.739097184523893,45.52495984569272],[0.738872684951274,45.524650842256904],[0.73905579644163,45.524308606678694],[0.739574732598328,45.523901964557176],[0.740191440126591,45.52367475286514],[0.740659450392747,45.52357426716234],[0.741105648128063,45.52356882965389],[0.741487498369429,45.52344408650416],[0.741708851255441,45.52323233680474],[0.741762392594186,45.522892896707226],[0.74213881797198,45.52201944618939],[0.742404174128183,45.52179686914755],[0.742960152222034,45.52161256315581],[0.743469596287342,45.52118589506103],[0.743875094782622,45.52104630523024],[0.743651645280426,45.520742737831426],[0.743542124826213,45.520127067137715],[0.743568068043536,45.51980418793717],[0.743690989048964,45.51968054064938],[0.745202452644023,45.51975954517802],[0.745548234472714,45.51970162748643],[0.745887903756076,45.519541791550715],[0.746379456011842,45.51917600890169],[0.747088236479841,45.518193906853604],[0.747834915255443,45.51763505286953],[0.74790629830359,45.51723381114878],[0.748391247821247,45.517093096836604],[0.748594297924066,45.51692060450903],[0.748954530290943,45.516221572059045],[0.749241695713252,45.51587059797557],[0.750016957283856,45.51561678568613],[0.750120453230433,45.515718852101],[0.750486619550743,45.51534693711798],[0.750658722755892,45.51495762116033],[0.750979618054834,45.51478568386571],[0.750816605140063,45.51466621106282],[0.751235515908839,45.514668295691614],[0.753784044304328,45.515239087808375],[0.754208798220974,45.51516020317366],[0.754918283175564,45.514852793823955],[0.755469284642724,45.514852098643736],[0.75621684654041,45.51458507908343],[0.756871840078281,45.514579248446275],[0.758612725042549,45.514241068664504],[0.759345937533408,45.5142971407439],[0.759752921807574,45.514435881992405],[0.760054751184439,45.514608557303646],[0.760373516189342,45.51502839726577],[0.760772121405009,45.515883128158436],[0.760828984657939,45.51631576015945],[0.761365878670773,45.51679219480799],[0.761386920576533,45.51754120481863],[0.761769944839458,45.518179421726],[0.762210590243164,45.51834224598514],[0.762488324248082,45.518350482892686],[0.762841663261254,45.51854939981889],[0.763332247876147,45.51903120763664],[0.763424746628021,45.519406894656],[0.763767761941253,45.519766851528765],[0.764668918898008,45.519886587260885],[0.765442036310992,45.52019474386824],[0.766149967730433,45.520307919907815],[0.76643458527051,45.520304572997006],[0.766721845540962,45.52014002943079],[0.766898031540781,45.51986968101781],[0.767377081372843,45.51958823849963],[0.767587137125061,45.51869879205835],[0.767791598270424,45.518617277849835],[0.768187117028326,45.51859631292658],[0.768470101224183,45.51821908462297],[0.768434761819476,45.517791389500566],[0.768539294991189,45.51758177209821],[0.76892817328705,45.51753454873197],[0.770818648263389,45.51771532573442],[0.771770568752333,45.51740001197415],[0.771936995562812,45.51743574412149],[0.772160146650853,45.517590609841754],[0.772500886419108,45.518136064369926],[0.772559970638053,45.51857954267677],[0.772531588138267,45.518807789868475],[0.772077453802239,45.51961853390161],[0.771921517088326,45.51980010972854],[0.771686812807741,45.51990084952785],[0.771164271204556,45.519925611663425],[0.770256677338303,45.520157123595716],[0.770048467068848,45.52052322970753],[0.770147474540636,45.52118460220507],[0.770630584618146,45.52153560803761],[0.770916229350584,45.52160253465512],[0.771651611748402,45.52160722014295],[0.773057032207,45.521392776444785],[0.773364043399603,45.521246624369596],[0.773582724622688,45.52100233176074],[0.773628599851647,45.52072128229438],[0.773862462536986,45.5204817943408],[0.775062640363643,45.519984001115894],[0.775745287108109,45.52005697899851],[0.776083535487935,45.520314107977725],[0.77727807583063,45.52053233670956],[0.777965286962974,45.52093959770641],[0.778641369143076,45.52149707209991],[0.779247601496856,45.521782913207566],[0.779604744336836,45.52179267770671],[0.780325218460743,45.521593425049],[0.781004948328985,45.52119518126933],[0.781830055362156,45.52091060670674],[0.782397762446056,45.52091010821597],[0.783463039184456,45.52131759332411],[0.784073378697676,45.52076302011578],[0.784641076626893,45.51999230576944],[0.785362729313894,45.51931290599028],[0.785925624859857,45.51817996030521],[0.785977044530393,45.51718015968394],[0.786129445891339,45.51698948752706],[0.786410922630756,45.51687162393326],[0.787328353379854,45.516840160404755],[0.7875922377974,45.516777798252],[0.787852433311895,45.51658294192988],[0.788007539675897,45.516259899811985],[0.788235747591775,45.51609594133223],[0.788475085772238,45.51603849863867],[0.788960326003288,45.51466529285453],[0.789452677755325,45.514335377034406],[0.790627847942443,45.51413690438349],[0.791240477978031,45.51387510757782],[0.792850227164863,45.51392838139525],[0.794203345202902,45.513088382407645],[0.795628122846381,45.512733514931],[0.796201890930111,45.51277180253897],[0.797374591916232,45.51334431298554],[0.797587654619511,45.51333498009038],[0.79813335006553,45.513499722483424],[0.798394105186344,45.51348321591466],[0.798944106706838,45.51389486299879],[0.800516963093565,45.51471750302996],[0.80313779553691,45.51493005618174],[0.805013364638201,45.51396502751978],[0.806546991703175,45.51361034856466],[0.80783894444209,45.51317796493193],[0.80963694063044,45.512746431567685],[0.810291459138491,45.51047833505745],[0.809195160551601,45.51040290011304],[0.805272184308269,45.5091696369631],[0.804566847598482,45.50889551108635],[0.802559818866295,45.50784553093608],[0.80152100883215,45.507452255848484],[0.800656670551715,45.507344344649596],[0.799017085619666,45.50685279685881],[0.797488870032443,45.50694533803362],[0.797157141006416,45.50652355248085],[0.795883843116569,45.506326505453615],[0.794741913232264,45.50595095970691],[0.793920131580844,45.50557899104752],[0.793240895288317,45.50471526839595],[0.791767415990592,45.5035296426768],[0.791612469030903,45.50298069804752],[0.791446127962065,45.50275041916315],[0.790399694746868,45.50203799782275],[0.788953540197778,45.501198785801435],[0.78730766498125,45.50000429781958],[0.785962676692652,45.49929675784138],[0.785317312849308,45.498969640658125],[0.782363650274164,45.497906010901566],[0.78205825705939,45.49740632668961],[0.781435104444619,45.49681298190045],[0.779226403117644,45.49570273191133],[0.778029820475971,45.49577273713345],[0.776246874437935,45.49570770180217],[0.774911005209216,45.4955136753564],[0.774048681848981,45.49558485881465],[0.773147375462845,45.495797592617926],[0.772433977714393,45.49614737064261],[0.771921919535605,45.49613991012441],[0.77090371561737,45.49594583522939],[0.768480960917248,45.49564186149073],[0.766952822986918,45.495197090727046],[0.765874488991342,45.495065732006445],[0.764926321649131,45.49469192983869],[0.765047836393857,45.49450517573631],[0.764984476321611,45.4934382356895],[0.764609539907819,45.49234797502906],[0.764286011456164,45.490903811188346],[0.76315488569371,45.48877874333739],[0.763666070294076,45.48836103752398],[0.762787518531537,45.48782014753777],[0.762475259238202,45.487305856027774],[0.760740488110684,45.48532276657032],[0.760615955776889,45.48479059516794],[0.759518300885788,45.4846038352207],[0.75839843760364,45.48417429805832],[0.759594192736713,45.48269109172459],[0.758125143231049,45.4815861650705],[0.756441770181666,45.48264973133938],[0.756032519396637,45.481875844399575],[0.754356540533433,45.48202698835981],[0.754160171945009,45.4819428848155],[0.753831234054071,45.48070396700219],[0.753749979143778,45.47967359377192],[0.753395870257294,45.479310677356246],[0.753124492194206,45.47918183023624],[0.751631900576395,45.47891681724514],[0.751466327567905,45.47766134651645],[0.750529415365177,45.47698766499642],[0.750213676685782,45.47684801207587],[0.750246420563977,45.477114413374274],[0.749678920079581,45.477278695602145],[0.749025390510079,45.47684850301054],[0.748454508464368,45.47624340212465],[0.747093021776825,45.476631357319405],[0.745854623905548,45.476636213428115],[0.743921895204941,45.47768917843489],[0.743413399557436,45.4782284611524],[0.742540463896786,45.47884959309734],[0.742511171083941,45.479160691853195],[0.740826475456583,45.47968440239938],[0.73955168154855,45.48039290950526],[0.738936734717548,45.48131198273885],[0.737610547577136,45.481174450934866],[0.737086807584614,45.48183411163339],[0.737261967677802,45.48231238351075],[0.736905299260905,45.48314567015138],[0.736439782864255,45.48347589619973],[0.736055602063303,45.48335013702322],[0.73522496643795,45.4834324686568],[0.734727591932806,45.48357016692969],[0.734622495293236,45.483917569689844],[0.734946717325297,45.484477227231714],[0.735017292217384,45.48481916754617],[0.734630390982675,45.484948285230345],[0.733482132147074,45.48484222358467],[0.732914632295824,45.484564113153745],[0.732232962702902,45.48378913344349],[0.731279332234395,45.48324557154644],[0.731151966038236,45.48307183757904],[0.730357495134273,45.483397189585666],[0.730127112429134,45.48489782895029],[0.729795091395034,45.485657725624094],[0.729585735921568,45.48582915372767],[0.725145874725158,45.486573421197335],[0.724218671916861,45.48660416909591],[0.71667636378542,45.486361786806114],[0.716096835880905,45.48650223677077],[0.715326758630407,45.48585777451642],[0.715117009892472,45.48578864363696],[0.713742354013813,45.486204763103885],[0.712557482313452,45.48608603027949],[0.712025458703232,45.485881503736756],[0.710769274792014,45.485691032123114],[0.708719798836747,45.48523481862791],[0.707892248217144,45.48530259889563],[0.707704027143929,45.48492940810123],[0.707336329833587,45.485057023589285],[0.705323903004071,45.485378933658104]]]]}},{"type":"Feature","properties":{"fid":3233,"ID":"COMMUNE_0000000009752643","NOM":"Varaignes","NOM_M":"VARAIGNES","INSEE_COM":"24565","STATUT":"Commune simple","POPULATION":357,"INSEE_CAN":"13","INSEE_ARR":"2","INSEE_DEP":"24","INSEE_REG":"75","SIREN_EPCI":"200071819"},"geometry":{"type":"MultiPolygon","coordinates":[[[[0.535421840554988,45.64285742322728],[0.535389345393877,45.64246210867581],[0.535786043064222,45.64261043846966],[0.535514551309964,45.64002425924186],[0.536885878142453,45.63928129505042],[0.537218888511755,45.638926414283574],[0.537434387901213,45.63821039541114],[0.537383115909921,45.637803859909],[0.536829881124809,45.63707552059318],[0.536263812979682,45.63675140995193],[0.535185150805584,45.636373725987895],[0.533656574938679,45.63603482046977],[0.533663309220729,45.63585478408992],[0.535539934759329,45.633365219535705],[0.536221466031402,45.63216120190008],[0.536822656845602,45.631405881305085],[0.537477856157694,45.630966160426155],[0.538358962922179,45.63067282291888],[0.537029731092068,45.629781554169384],[0.538449061742436,45.628732415559874],[0.539176281467595,45.62779785614853],[0.54019339274661,45.62692728991625],[0.540381801127058,45.626616989171005],[0.540720031184003,45.6252748101609],[0.541213179462445,45.62426034653592],[0.542144283352185,45.62332932570678],[0.542634291690239,45.62296344763833],[0.542774978388551,45.62338094188208],[0.54325260246982,45.623931021739494],[0.544422740974973,45.62366016807144],[0.544437292517986,45.624258693324755],[0.544971018497399,45.62536855724227],[0.547643461803357,45.626315145260726],[0.549504344032826,45.62491423187735],[0.549236213991584,45.624502980086284],[0.548696676210262,45.623957884337464],[0.549545146095591,45.623672761154396],[0.55050378013894,45.62371255733389],[0.551248363431816,45.62362786490305],[0.551428612124596,45.62347142579188],[0.551406868948049,45.62268535678991],[0.551107518638904,45.62205090465914],[0.551084998059624,45.62157293075076],[0.551368568350431,45.62090882467248],[0.551408423697136,45.620094366531845],[0.551170343541665,45.61999098454797],[0.551118742128331,45.619444809233514],[0.55022828830958,45.61864883402141],[0.549184249567202,45.61888735682871],[0.54877048623395,45.6187215824301],[0.548518746550876,45.618462939889184],[0.548386879356108,45.618164566453835],[0.54840732207329,45.61773167275294],[0.549268498231491,45.61611257897875],[0.548856448237946,45.61527025629697],[0.548298768300845,45.615166209077586],[0.547566462164721,45.614570056833],[0.547725721545965,45.61361135392262],[0.548903739735103,45.613708203299254],[0.549384781743706,45.61368715307541],[0.549606745034151,45.61360279854863],[0.549884589688572,45.613299838289784],[0.550165399096551,45.61261045069914],[0.551402231075053,45.61172475978891],[0.551061856099882,45.61094526791559],[0.551131683152018,45.61049813431197],[0.551639058321729,45.60985151504232],[0.551882439646652,45.60928203156828],[0.55172571326538,45.60905249127969],[0.550742857460971,45.6086662225456],[0.550787539914989,45.60765547200905],[0.550703788642826,45.60702391100251],[0.550255286923508,45.60555556676208],[0.551873346559974,45.60655387490409],[0.552126162993143,45.60632243840256],[0.55256370917233,45.60609321983186],[0.552986706411951,45.605641158191],[0.553758414914408,45.60502370604489],[0.554261358154109,45.6047373446239],[0.55401283123285,45.60461031663626],[0.553880551820815,45.604379509257434],[0.553926663762818,45.604032760967165],[0.554484775861378,45.60354309223341],[0.555133450879295,45.602484213288264],[0.55519402663864,45.6021585001193],[0.554171426236138,45.60162815075483],[0.553390927064213,45.60139945866211],[0.553783677744896,45.60064313050156],[0.55431054105949,45.60025008196354],[0.55453885575096,45.59996225175819],[0.554151572223398,45.599664636883766],[0.553534484704456,45.59777011383934],[0.552565734119683,45.59581928393817],[0.552014149512856,45.59517483796131],[0.553308229813534,45.59344803294052],[0.553583023646797,45.5932404967783],[0.552197082667604,45.592486001468025],[0.553196638011654,45.59173207527304],[0.552204658934472,45.59097804393285],[0.55139422894667,45.59061715034323],[0.549920140600831,45.5893625020325],[0.549306884809134,45.589012195713984],[0.548566513461677,45.588751007141205],[0.547620843539618,45.58817091768972],[0.547361681070493,45.58730038985107],[0.546926987396463,45.58688819864237],[0.546354685577407,45.5867441766394],[0.545602126139078,45.58623765376379],[0.54422907591837,45.5850247720045],[0.542039800530182,45.58387601193119],[0.541955901824312,45.58348228062078],[0.541818964090686,45.58330090568738],[0.540780185021375,45.58253853688802],[0.541162598976105,45.58233428666071],[0.541617320693642,45.5819460285788],[0.542986077733036,45.579779530825824],[0.544715800850161,45.57843983241102],[0.543469863749906,45.577547735903885],[0.54296571389387,45.57740248115423],[0.542664288577049,45.57763283168224],[0.542549627419633,45.577904202091005],[0.54174451122299,45.57841273005722],[0.541333859136914,45.58032449337801],[0.540990087301075,45.58093049516229],[0.540222526057983,45.58145875433888],[0.540226186209061,45.58189667804043],[0.540106123341386,45.58205801696898],[0.539387153647268,45.5821269676967],[0.538925476122518,45.582035778984434],[0.538607608274556,45.582490988051184],[0.53831996493433,45.58238108450384],[0.537564013385368,45.58238705082426],[0.537349369552528,45.582511179546046],[0.537097056032091,45.58296331619303],[0.535913915625419,45.58311216610465],[0.535356839065975,45.58340626496296],[0.534787335028488,45.58354693314376],[0.534479755005229,45.58382757963314],[0.534167560338174,45.58380811939127],[0.533671829529048,45.583645890866656],[0.532980148850434,45.58379287869898],[0.532490308518746,45.58372897396897],[0.532123998113128,45.58380111453017],[0.531721793686877,45.583987783075045],[0.53016573038779,45.58424099928814],[0.528771920110397,45.584998671048716],[0.528862035894606,45.585653816906905],[0.526248530565335,45.58774953335221],[0.525317083277513,45.58835066825877],[0.523669724051692,45.5888918844764],[0.523259682158242,45.588190045044904],[0.520886249406573,45.58757916274408],[0.520369168230184,45.58726324812461],[0.520061664141555,45.58716727424524],[0.518026166532527,45.5878367856468],[0.517188146169205,45.58795432096814],[0.516252341944697,45.58819221527557],[0.514765473215232,45.58904406296057],[0.513766402632152,45.58991929311651],[0.513613661911178,45.59023484211264],[0.51364842305894,45.59094734011981],[0.512818814377749,45.591676757239114],[0.512545413444929,45.591735575365504],[0.511988945719542,45.59166830638483],[0.511702095849565,45.59179799785988],[0.511574070493545,45.592077153617424],[0.512067902144888,45.59262503284563],[0.512751345755056,45.59375189371555],[0.513184385106631,45.594196618371235],[0.511321346629387,45.59556174053368],[0.510166376901763,45.59661818209453],[0.51057519819494,45.596916430805614],[0.512335142587518,45.59702024766191],[0.513123876734426,45.597546716628365],[0.514639701190046,45.59820096733018],[0.516989142703971,45.59886910289066],[0.516630238180272,45.60003327780789],[0.515593263926878,45.60037614705568],[0.515069263785262,45.60072764108757],[0.513920256232652,45.602508597265484],[0.513503907516397,45.60349221069886],[0.513600060860473,45.60443850541829],[0.513500342130842,45.605516509115155],[0.513155653548577,45.606275574459126],[0.512822685298512,45.606630382930035],[0.512629561837432,45.60667205890668],[0.512249529957245,45.60653121701689],[0.511312172699169,45.605796044288454],[0.510799139432736,45.60578739281846],[0.510668109520015,45.605875486026065],[0.510632820095913,45.60888920242512],[0.508452798875792,45.608898587693616],[0.508284023173506,45.61011109973923],[0.507143193678919,45.60973265591587],[0.506096174549402,45.6102932451098],[0.504142715021654,45.61077154974994],[0.503213258962141,45.6112004836654],[0.503844754493218,45.61251273869219],[0.503824806575334,45.61309789962343],[0.502861010936595,45.614828813088465],[0.502651845820372,45.61496921885141],[0.501449298269276,45.61538847280927],[0.500920595914708,45.61563979891579],[0.500348552779978,45.61611178833515],[0.499908512672013,45.61653175236881],[0.499703453683347,45.616950631775666],[0.499628822099468,45.61735258972291],[0.499702936414712,45.61767316658324],[0.500344315588851,45.618794664713185],[0.500290130084982,45.61959709061589],[0.500663879443068,45.61948016608258],[0.502362187774395,45.61851785526824],[0.504495590198457,45.61801293539394],[0.50624982682029,45.61925638076014],[0.506820334610121,45.61944560881945],[0.507650173606568,45.61954958633039],[0.508053899968549,45.62090631871819],[0.508603829355239,45.62172482985246],[0.508917018000572,45.621955195679675],[0.50970369640647,45.6233627442798],[0.510764115775864,45.624279933108745],[0.511766653720042,45.62497150027557],[0.511617033001951,45.625643886122646],[0.51134737699297,45.626044239467895],[0.511708409894539,45.62672521775098],[0.512158664608585,45.62862171637239],[0.512081461171736,45.62902542634904],[0.510889449317278,45.63017657309504],[0.51032063000607,45.631032481890216],[0.512924090569355,45.63348022085289],[0.515865764554024,45.63440558950824],[0.516819285448393,45.634792412669114],[0.524470100996748,45.639430477175196],[0.525062728971013,45.639906587381645],[0.525709459648521,45.63977576076915],[0.526663239211327,45.640016553377535],[0.52675521497189,45.6410915739099],[0.527127553527439,45.64112318052935],[0.527318851004063,45.64155622323251],[0.525744601958662,45.64261083778638],[0.525284013515275,45.6430304506758],[0.525267013695718,45.64329584927806],[0.524878259012411,45.64354496392798],[0.525432076975089,45.644315720660366],[0.527423708322052,45.64421264550413],[0.527806732725064,45.64426430449147],[0.52792286613064,45.644626323717965],[0.529464537688052,45.64464756488995],[0.529238217906378,45.644048888664386],[0.529321152974344,45.64334168375783],[0.529895096774842,45.643173197514535],[0.531952842372549,45.6430264484094],[0.534776660506116,45.64298203348776],[0.535421840554988,45.64285742322728]]]]}},{"type":"Feature","properties":{"fid":3259,"ID":"COMMUNE_0000000009752384","NOM":"Champniers-et-Reilhac","NOM_M":"CHAMPNIERS-ET-REILHAC","INSEE_COM":"24100","STATUT":"Commune simple","POPULATION":511,"INSEE_CAN":"13","INSEE_ARR":"2","INSEE_DEP":"24","INSEE_REG":"75","SIREN_EPCI":"200071819"},"geometry":{"type":"MultiPolygon","coordinates":[[[[0.681214885134349,45.68755076751621],[0.681870252359199,45.68783091617065],[0.682401272038182,45.687520232643045],[0.683165120381948,45.68729721654127],[0.683700132717878,45.68738209204734],[0.68379770770483,45.68747688847283],[0.684296009982819,45.6875790236017],[0.684508135569148,45.687547349837466],[0.684801904422374,45.687346188337195],[0.684936679637511,45.687381390013876],[0.685028106590821,45.68753101212059],[0.68530326153189,45.687406040835604],[0.685847979128389,45.68744335933395],[0.686187485792613,45.687777350617274],[0.687084545098717,45.688026398363455],[0.687354189964453,45.68840219308551],[0.687918381771283,45.68849665604483],[0.68793994050542,45.688657453549396],[0.687757264726877,45.68884558901905],[0.687797700806715,45.68895452359107],[0.688073485585487,45.68896829250304],[0.687939016060184,45.6894177693544],[0.688157155191956,45.68961142969121],[0.688388094076086,45.68956031549242],[0.688437362268197,45.68982708339754],[0.689151981302795,45.68970571540271],[0.689165326592514,45.689570858661185],[0.68932523309539,45.68943540518515],[0.689787638649808,45.689166521487294],[0.690103375493256,45.689116242202154],[0.691040861825291,45.68858233021334],[0.691118543388018,45.6885073487285],[0.691068472525189,45.68841353275288],[0.69061721776342,45.6883232030701],[0.690540786032719,45.68824506199862],[0.690578426379029,45.68798998679954],[0.691180369635783,45.68782665791457],[0.692186750415402,45.688013042873074],[0.692635375221926,45.68801232462518],[0.692775763342972,45.688252129019745],[0.692697126861338,45.688565822306835],[0.692428457547582,45.68875130253735],[0.692224723484901,45.68910567431192],[0.691741804197758,45.68915793872608],[0.69107282057716,45.68957214012003],[0.691083405724915,45.68993450668104],[0.69124213377392,45.690104421176706],[0.691524775398863,45.69001562293469],[0.691653372094535,45.69022996275043],[0.692156776831251,45.69048801727995],[0.692176298952147,45.69075957892373],[0.692337932974541,45.69104486257318],[0.692896629175573,45.69136440457711],[0.693322713300167,45.69171996546075],[0.693613492286182,45.69180609706945],[0.693763317947081,45.69197402374786],[0.694135519535858,45.69211136878618],[0.694223192239361,45.69222847468706],[0.694715389137454,45.69217008291846],[0.695012219500659,45.69226534335754],[0.695322493674183,45.691976207278465],[0.695159013558748,45.691395405667386],[0.695465541527855,45.6911034900681],[0.695876267371711,45.69087136077662],[0.696062262292272,45.690849941014264],[0.696310407687733,45.690632501997584],[0.696322009121494,45.69041563010792],[0.696132266729436,45.689940595382616],[0.696200790924485,45.68971497824568],[0.696111275126293,45.68927172203249],[0.696316541567774,45.68894169849427],[0.696677742881793,45.688756299779506],[0.696791898240438,45.68854602939233],[0.697071398631615,45.688377877016705],[0.697249652055364,45.68838782755496],[0.697319260951018,45.68825952575301],[0.697522680718059,45.68818981317164],[0.698364155332327,45.688015126994586],[0.698917129946669,45.68766878145393],[0.699410378467049,45.687614895943504],[0.699726917511011,45.68773036588975],[0.699949296995973,45.687668243174016],[0.70022391852387,45.687709885516036],[0.700295215489835,45.68757170697792],[0.700445562527371,45.68751081513464],[0.700725819447938,45.68757148950707],[0.700911190397823,45.68753383368137],[0.701005427376816,45.68733846756293],[0.701157132059833,45.68727580077969],[0.701506115965998,45.68738382009964],[0.701676195189293,45.68709541025832],[0.701986262124987,45.687088224001016],[0.702504146858004,45.68724563031963],[0.703240107828115,45.687351627717284],[0.703708921473615,45.68773144230424],[0.704048394869076,45.687759082699365],[0.704205050497951,45.687948755006076],[0.704611038448425,45.688046215157755],[0.704737202024023,45.68828931715927],[0.704969635423935,45.68832558375171],[0.705245787170088,45.68823752036235],[0.705519402128593,45.68867550962182],[0.705826348959254,45.6886817620343],[0.706122362651281,45.688579687206904],[0.706506858941914,45.688885703214],[0.706549676688181,45.68900008398332],[0.706384244163918,45.689176888251765],[0.706674250636828,45.68943683708929],[0.707127539093532,45.68966497537529],[0.70730857482942,45.68963893194877],[0.707508346619599,45.6894709330418],[0.707764927759132,45.68951399125917],[0.707944408524857,45.689618540458575],[0.708066397477878,45.68993182082804],[0.708474992166968,45.69005994904778],[0.708380573823947,45.69022919226842],[0.708529043840907,45.69039977347589],[0.708679104525361,45.69043886071533],[0.708715543535318,45.69055220993677],[0.708586691940879,45.69068381747753],[0.708598948337931,45.690853429211],[0.709045376584762,45.69093728165853],[0.709028189077796,45.691072962502425],[0.709316661206273,45.69118423041388],[0.709599060328938,45.691442214834574],[0.710274468350322,45.691428920521055],[0.71097756130623,45.69217561237853],[0.710891264103656,45.69227295362414],[0.710719435599929,45.692293784897736],[0.710644789654149,45.69242019038674],[0.710979929799631,45.693050398648616],[0.710944886219653,45.693710920137704],[0.710704164587864,45.69440239554655],[0.71087342516574,45.69469230982593],[0.711123740863823,45.69476315930475],[0.711365011108558,45.69474193639477],[0.712261734741997,45.69450700900491],[0.712451270841627,45.69433789248147],[0.713707103870396,45.694185017436034],[0.713888473129716,45.69430671138024],[0.713921763645589,45.69449656808132],[0.714137010761122,45.69454507841323],[0.714230244616404,45.694777591040896],[0.714644987726201,45.69475807928926],[0.714663425529434,45.694934121459255],[0.71487786375543,45.695126751846345],[0.716573142960784,45.6950413141956],[0.717618591357699,45.694877824610025],[0.71799550476506,45.6949962666437],[0.719336387431809,45.69592968791469],[0.719767070461002,45.69589786783644],[0.720649017532507,45.69567788953867],[0.721050825687721,45.6955355754228],[0.721434799033734,45.694858689257785],[0.722072519139525,45.694575204061444],[0.722272249216526,45.69462608749661],[0.722467629289441,45.69509488144272],[0.723067827984626,45.6953169149877],[0.723488352605644,45.69534433220608],[0.724084891222954,45.69506180517937],[0.724229050830999,45.695244889454365],[0.724311590060151,45.69573842591383],[0.724663774155226,45.69589598345941],[0.725015693862314,45.69587246191498],[0.726039502732615,45.695203075799874],[0.726648395429338,45.69446314894691],[0.726827716320078,45.69350915563207],[0.727225183572159,45.693064945178754],[0.727812364530627,45.69275878824029],[0.728260167893104,45.692810160534904],[0.728393182347363,45.69298310508956],[0.728512992648492,45.6930080425918],[0.729239611373119,45.69271820295284],[0.729454109880725,45.69244055853091],[0.729128839420098,45.69212861097958],[0.729471083598015,45.69196434728978],[0.729691647450613,45.69163277335695],[0.730597323211603,45.69133302144651],[0.730942161930959,45.6913246539336],[0.731116460751271,45.69121195443738],[0.731083888439231,45.6910032004967],[0.731211513648821,45.69086884102169],[0.731981848493839,45.69082850141358],[0.732634456317384,45.691151534354425],[0.733623262986381,45.68954358797503],[0.734574846632717,45.689533903484005],[0.73528065958197,45.68987600824546],[0.735408735361487,45.68982453199891],[0.735241971703383,45.689722085020676],[0.735204384134948,45.689572688179005],[0.736147291474926,45.689429489454376],[0.737014497390013,45.68978563708985],[0.737326292645664,45.68983063763411],[0.737437522794708,45.68978242414083],[0.737859207968493,45.68993773301825],[0.737938951265247,45.689905102043326],[0.738855835168145,45.69052438125676],[0.739142135960565,45.69053283072896],[0.739407832819173,45.69073094609575],[0.739513637037675,45.690626768728045],[0.739933989698789,45.69062619520236],[0.740080747564113,45.690494912583674],[0.740440844829484,45.69049042568399],[0.740675594303602,45.69040775179074],[0.741097194853494,45.69037656998297],[0.741738367989838,45.69063445849324],[0.742065034553943,45.69066172684473],[0.742850115666984,45.690448645053316],[0.743641733401427,45.68957085988652],[0.744645862125642,45.68887118953791],[0.745421393164247,45.6879768555475],[0.745686028817992,45.68782270170021],[0.745830377450987,45.68756074036955],[0.746047909144783,45.68657505813517],[0.746003285685842,45.686408408498345],[0.74637013029729,45.68598514244798],[0.746413047798126,45.685594130961086],[0.748297335397581,45.68357157286416],[0.748307829100979,45.68249256403036],[0.748179228017485,45.68192606054698],[0.748370341499522,45.68184069744142],[0.748443150005035,45.68153586402039],[0.749468908168125,45.680899647148784],[0.749975544127201,45.680798064989744],[0.750738283488552,45.68081420200568],[0.751213328947857,45.68073090123814],[0.752048826936948,45.68050615385916],[0.752698695843285,45.68020022336836],[0.753099514840004,45.67966591019621],[0.753256763192456,45.67873666934899],[0.753568530524794,45.67868613541087],[0.754437458331041,45.67811160815196],[0.755550968860309,45.67793832245014],[0.755844391907753,45.67773787605613],[0.756134233198274,45.677086933906196],[0.75651736201431,45.67660720899722],[0.756941061147372,45.67531662793831],[0.757680152755837,45.67369450917496],[0.757893720748011,45.67349787299647],[0.758223867433181,45.673436882664404],[0.759343916002601,45.67300424815286],[0.759508592921907,45.67287239797174],[0.759987706504306,45.671226175504565],[0.76041427884184,45.67014734019673],[0.760981209898386,45.66979107019331],[0.761768887545528,45.66944098745709],[0.762824639149307,45.66846653575282],[0.763749068578974,45.668006551370546],[0.765187094211224,45.66815941949887],[0.767016952841552,45.6681227559826],[0.767509154762082,45.668247824207796],[0.768102718718389,45.668567679886614],[0.768859838086911,45.6686871829215],[0.769509939082711,45.66843341378578],[0.770975758009435,45.66942814442848],[0.773567253308117,45.668218239445665],[0.773692662067716,45.668071179582874],[0.77361884014088,45.66789405589312],[0.771744302277149,45.667828147132894],[0.771337749373086,45.667713801310505],[0.770039467670998,45.6669944473827],[0.769641947426027,45.666879373310906],[0.768422822244041,45.666237238768844],[0.767248411250934,45.665888751182706],[0.765097858614373,45.66502361316022],[0.763388167264394,45.66402846172404],[0.761193934259411,45.66297590403481],[0.759748242977869,45.662158906715995],[0.75910285343242,45.661947876410274],[0.758373869931876,45.66183427089129],[0.756392249237336,45.661816417378375],[0.755142427649082,45.66190591053231],[0.752363847196631,45.66237296325479],[0.748723821264047,45.66152820621271],[0.748428073032756,45.66118717602669],[0.748219376390755,45.66107490009782],[0.744869895418928,45.6597241440529],[0.742289712975528,45.65759506720041],[0.741818529079816,45.65749372956755],[0.741240120733704,45.65724970580519],[0.740496884526894,45.65679517499166],[0.740092550158358,45.656441131722865],[0.738407687506639,45.65592443807559],[0.737805312468227,45.65579612443043],[0.737633771544336,45.655970144793734],[0.737140457362368,45.65615931756722],[0.734983738574404,45.65662672618529],[0.73380548629206,45.65666427050907],[0.73174430862275,45.65689931939054],[0.729924771003009,45.656942817737075],[0.728786966334398,45.6550235681326],[0.72861492384654,45.65430121475628],[0.72783373498283,45.65249004527837],[0.726919957781231,45.65081222121117],[0.726604147918656,45.650620266950014],[0.726468776867493,45.65013197183894],[0.726131407216324,45.64962067795966],[0.725556405945167,45.64907845648932],[0.724870926952639,45.64866192023629],[0.722937334171254,45.6478309661069],[0.721291327702807,45.64747244419101],[0.720136407299885,45.64582481094546],[0.719556693390275,45.64546173208853],[0.718782325191434,45.64471093966256],[0.718199143434677,45.64474416035454],[0.717664605661235,45.64487475626209],[0.717299991230259,45.64512050260017],[0.71716081975306,45.64531857106424],[0.717087634604323,45.64650171456464],[0.716895094480318,45.64665455825207],[0.716002288925539,45.646876072134944],[0.715831004198856,45.647042858305326],[0.715806311277112,45.64792159488822],[0.716019308977169,45.648144825942396],[0.715962112202471,45.64834816009876],[0.715699954922498,45.64838247760531],[0.715282110311909,45.64826769522851],[0.715259970236194,45.64846183125406],[0.714982715723803,45.6486129522757],[0.715049026664787,45.64899806426973],[0.714889725383849,45.64909212294461],[0.714604764672632,45.64958541304453],[0.713757121131367,45.64986277971915],[0.713990314891533,45.65049901837058],[0.714042691789477,45.650941503105216],[0.713940083970914,45.65121778468151],[0.714128840463251,45.651654931420154],[0.713261708998935,45.652030093030184],[0.713099647277177,45.652315075586614],[0.713218033286011,45.652745389066645],[0.713012142687532,45.65290966680349],[0.712808033742626,45.65290642048195],[0.712359844029928,45.653090096668265],[0.712202070264206,45.65317787692971],[0.712170058422463,45.6532997432507],[0.711638869237104,45.652445740559976],[0.711094668110175,45.65215540899023],[0.710403499824609,45.65150534456815],[0.709865784033187,45.651307026461645],[0.709051756558535,45.651236409566586],[0.7084804579587,45.65070138001082],[0.707969683310312,45.6505972906071],[0.707010514892701,45.65071288396902],[0.706645172948559,45.650664001100225],[0.706041748721717,45.650967006357355],[0.702993633625231,45.651430947636364],[0.702687059028005,45.65188503188835],[0.700869072051584,45.6522343830806],[0.700505591678776,45.652789997994894],[0.699740035267353,45.65226356610123],[0.698684951753159,45.65261495755274],[0.698128873870822,45.65270448398449],[0.697773328536041,45.652512535281474],[0.697158189218836,45.65198375648184],[0.696004898557209,45.65182412494125],[0.69256253921112,45.651912162580984],[0.692254462458272,45.651999536790136],[0.691959999994475,45.65219168986357],[0.691812854307281,45.65248595854831],[0.691601774753764,45.652680721470574],[0.691203646519577,45.652863539748175],[0.690434811624554,45.65368016849519],[0.68963519353319,45.65415653363872],[0.688404965484542,45.65513124004808],[0.688207361043516,45.65564878460061],[0.687453536717203,45.656196343494365],[0.686821700503868,45.6569292808068],[0.686303613308073,45.657276278437095],[0.685513934413613,45.65763570754432],[0.684297352142597,45.65806562687094],[0.683126968164652,45.65858837302431],[0.68179198926834,45.65957436908359],[0.683196640128954,45.66048433671776],[0.686230982642025,45.66174940226772],[0.688627476776939,45.6632472268538],[0.689280402180327,45.6635182781884],[0.68986363045169,45.66358159668669],[0.690595094305112,45.664002894936644],[0.691512702368688,45.66439737565499],[0.692711174545278,45.66514353796596],[0.692309180126901,45.667389269550945],[0.69212478195763,45.66925388964047],[0.692261022794262,45.669715223818805],[0.692999618765246,45.67073843036687],[0.694606251906048,45.671715445764846],[0.696764394934403,45.67318207961638],[0.697677829360206,45.67414486764501],[0.698047083459651,45.67469023396054],[0.698556404031356,45.67665732587698],[0.698868686524856,45.676873609466725],[0.698544350048855,45.676947158447234],[0.698132652902576,45.67720540014961],[0.697247445000411,45.67723054382564],[0.696236059155709,45.67747741520791],[0.696029234995357,45.67800019114791],[0.696718044920413,45.67901964911179],[0.697152014773232,45.67933842236648],[0.697078674893599,45.679680152915324],[0.696685268389334,45.68005407495016],[0.696420663227295,45.68014325379862],[0.69531871418603,45.68009458284784],[0.695050712991492,45.68045034584588],[0.695047657068685,45.6805854134462],[0.693936798921662,45.6812437281965],[0.693289065365089,45.68189079935747],[0.693096440781666,45.682010272786165],[0.691678093962658,45.68236678248984],[0.690366796467183,45.68234440239207],[0.68970656696788,45.682735350901666],[0.689225405736352,45.68262368118586],[0.688409069479322,45.682628549486346],[0.687258970333808,45.68240854774839],[0.687006826984623,45.682414179999746],[0.686806176375203,45.68251005552218],[0.685918299786599,45.68354943780376],[0.685858839244765,45.68374190329645],[0.685956441389831,45.684051105717145],[0.685811688862869,45.68419317168533],[0.684664931835309,45.68432275065448],[0.683566566449183,45.684984827715176],[0.683357812812207,45.6850282802023],[0.682826678888084,45.684974112050355],[0.682648861056475,45.68504612673878],[0.682378157474406,45.6855252257771],[0.681915413041174,45.68589406896636],[0.681623400670107,45.68645200464955],[0.681678362794908,45.68713419562363],[0.681445290204451,45.68745100948779],[0.681214885134349,45.68755076751621]]]]}},{"type":"Feature","properties":{"fid":3692,"ID":"COMMUNE_0000000009753169","NOM":"Connezac","NOM_M":"CONNEZAC","INSEE_COM":"24131","STATUT":"Commune simple","POPULATION":76,"INSEE_CAN":"13","INSEE_ARR":"2","INSEE_DEP":"24","INSEE_REG":"75","SIREN_EPCI":"200071819"},"geometry":{"type":"MultiPolygon","coordinates":[[[[0.549190257362263,45.51147584825396],[0.548540107183088,45.51128417637315],[0.546948759925937,45.51058635343869],[0.54696813693408,45.51000299176523],[0.546215506733857,45.51007213042382],[0.546169583308225,45.510241397392626],[0.544844794911466,45.51090522916525],[0.544669013961187,45.511258142922166],[0.544120914348004,45.511801111773444],[0.543515692402822,45.51047885763201],[0.542017576822669,45.510918142734475],[0.542035107520056,45.510724832034725],[0.541687236196608,45.509639733438554],[0.541448958655954,45.5092047841389],[0.53878046624773,45.509540911670484],[0.537293705629509,45.50952182163095],[0.537294533931906,45.50990742766406],[0.536195948734741,45.50991845931937],[0.536277081375661,45.509331947798],[0.536241512965715,45.50920954485726],[0.536004453102609,45.50903677359425],[0.536073386839461,45.50846530994053],[0.535926159254917,45.50800081445863],[0.536570190237161,45.50757800872921],[0.536587757843447,45.50703785049849],[0.536281772798695,45.50662843069529],[0.535804401122385,45.50638551939018],[0.535453441753957,45.50537330445375],[0.535043707816294,45.504675114962104],[0.534990696225912,45.504253227621824],[0.532900062282406,45.504535231081924],[0.532692957206587,45.503775719082654],[0.53223831614891,45.50287833184046],[0.532108457360305,45.50225475191245],[0.53208703633281,45.50141103186559],[0.531090975217014,45.50125219057302],[0.530612868947123,45.49938580438916],[0.530174483874528,45.499420303763245],[0.530034466411398,45.4993424474894],[0.528699360233659,45.49983648861165],[0.527747349883236,45.4998975074465],[0.527518609885264,45.499970848302965],[0.526938467367233,45.500426540684536],[0.526926705671258,45.50080556418301],[0.526766298246516,45.5010128427036],[0.5262177600017,45.50127643356061],[0.52601041666376,45.50130069305255],[0.525772327636101,45.50123868808934],[0.525424318917437,45.50096975303673],[0.524906195826869,45.500005167441174],[0.524140797162911,45.499328821778484],[0.523535368430606,45.49902987764803],[0.520980867611219,45.49834195089798],[0.519755176298285,45.49781937276562],[0.518887455857319,45.497886682986255],[0.518090179807071,45.498183474879895],[0.51627983106159,45.498388478756674],[0.515280503847238,45.498619518041366],[0.515145292920368,45.49883544669393],[0.515208110870305,45.49949270189663],[0.515318402243301,45.50003388926183],[0.515621407849513,45.500534296304984],[0.515761045598076,45.50062027075558],[0.515186828056259,45.50074089619247],[0.51461270629818,45.50068764460536],[0.514467631039325,45.500837587582744],[0.515262342175132,45.50122906084712],[0.51555524478796,45.50169771242238],[0.516162074043441,45.502079614966284],[0.516792878239679,45.5022980783171],[0.517930011422932,45.50236737236305],[0.518104861418707,45.50286944287434],[0.517975446956318,45.50484678705611],[0.518830464567173,45.50452153973291],[0.519400969751191,45.50465667189316],[0.519581558829007,45.50548950133747],[0.519531253890619,45.50672984676318],[0.519703701675658,45.50702825520851],[0.520246549933716,45.50752493809437],[0.520303962843636,45.50798927505611],[0.520939804131503,45.509502435186825],[0.520735934635761,45.50976370229256],[0.520600331441993,45.51044720274778],[0.520198411478973,45.510839231916286],[0.520121665395408,45.51109429680173],[0.520174027395081,45.51161437899639],[0.518093570588194,45.5117179587958],[0.517496273642306,45.51186511584823],[0.517059493257597,45.511517614512044],[0.513686114438931,45.51265108673276],[0.515406480415454,45.51483875325905],[0.515573301159198,45.51560642029472],[0.51547726412733,45.51654935480469],[0.515056822584684,45.517667996255156],[0.51452410715607,45.518288648058686],[0.513303312192917,45.518449009096145],[0.513076341036062,45.51856650687229],[0.511974710840764,45.518755619492225],[0.512443253981192,45.51939574087806],[0.511891095235494,45.51947720256743],[0.512305237652288,45.52041612419017],[0.515084746193636,45.52208129747251],[0.516017068558311,45.52252625596542],[0.516779933259122,45.5227773661719],[0.518530428871284,45.52404310767459],[0.518957955985594,45.524227331506914],[0.519927634997083,45.52418208332512],[0.521171456179644,45.52442666631349],[0.522048682451761,45.52490188871442],[0.522398270849475,45.52493753040864],[0.522981434777477,45.52531076024435],[0.523444341665589,45.525363312659444],[0.52387969967951,45.52577471993054],[0.524624539733256,45.52691998401765],[0.524839898718268,45.526919325276886],[0.525933959671938,45.529202020381376],[0.527763018709553,45.52885760924868],[0.529925642650477,45.52824662888723],[0.530435482694916,45.52822450757364],[0.531972758236422,45.5283871314315],[0.532511850906643,45.528312489842705],[0.533251580226048,45.5279053125432],[0.534346699597322,45.52685547735691],[0.535025734639676,45.52645776748457],[0.535761264469094,45.52703877933491],[0.536452027337183,45.52683861729701],[0.537450537453149,45.52770376683839],[0.538104437856297,45.5273811636975],[0.540456871105503,45.526705676370035],[0.542589056725395,45.52535865123871],[0.54310983387749,45.52491508847433],[0.543867075164591,45.523617231717694],[0.543865546986882,45.52315953833082],[0.54362965919706,45.52263996171725],[0.544216338626413,45.522386125457274],[0.545103746376855,45.5208676843448],[0.545733617926868,45.52099857034154],[0.546206723521166,45.520240438278314],[0.546795771828901,45.5198451992702],[0.547881768602809,45.51945630616178],[0.548924066136326,45.5197952797118],[0.549444655177727,45.51851204446687],[0.550508150345834,45.516541552204686],[0.549450857179994,45.51509235310622],[0.549240142982979,45.514669735191646],[0.549407602507272,45.513692307529304],[0.549309592579545,45.51245863478645],[0.549105972573968,45.51190463963633],[0.549190257362263,45.51147584825396]]]]}},{"type":"Feature","properties":{"fid":3718,"ID":"COMMUNE_0000000009752641","NOM":"Étouars","NOM_M":"ETOUARS","INSEE_COM":"24163","STATUT":"Commune simple","POPULATION":165,"INSEE_CAN":"13","INSEE_ARR":"2","INSEE_DEP":"24","INSEE_REG":"75","SIREN_EPCI":"200071819"},"geometry":{"type":"MultiPolygon","coordinates":[[[[0.638602380839983,45.60141297126481],[0.638391865098346,45.600781537819636],[0.63782048711792,45.60060737863033],[0.637200768726361,45.60012229781568],[0.637045551503168,45.60006047913254],[0.636680213837092,45.60008072908735],[0.635975901224416,45.59962359241117],[0.635249316772118,45.599598405775104],[0.634659510681821,45.59943555401994],[0.633936828546513,45.59910864553982],[0.63303538606028,45.59843022922485],[0.630374153089128,45.59695078634882],[0.630257729414873,45.59670239185678],[0.629459328852476,45.59712699587229],[0.629015719954159,45.597657272177315],[0.628374143692657,45.59786535996759],[0.625950332819919,45.59794664378549],[0.62546088706366,45.597898472242946],[0.625455195804676,45.59833077664442],[0.620873682048247,45.59824204533514],[0.619948871097353,45.59793238953485],[0.618001782718538,45.5959389390227],[0.617134481128111,45.5948899480282],[0.615973414570425,45.59267618041095],[0.613232016175473,45.59510086916389],[0.611944979101585,45.59587353181325],[0.611481897701501,45.59631594243093],[0.610743658891295,45.59677052288219],[0.608577776409912,45.597328077657934],[0.608458773370056,45.59755797644981],[0.605175965162699,45.59815386820638],[0.604126965767205,45.598225215441],[0.602639155979877,45.598294405685024],[0.600335878642381,45.59816870118711],[0.598226839706012,45.59847682461976],[0.597356708338219,45.598536614095885],[0.597007491810315,45.5981552808426],[0.59643151631779,45.59880062396241],[0.596393661409025,45.59922954157514],[0.595851805424613,45.60030083388892],[0.595699065490362,45.60172098255923],[0.596397449466368,45.603432297123426],[0.596670263126759,45.603622811154985],[0.596800655866988,45.60387154198102],[0.598392268457419,45.60552715260277],[0.596431123027285,45.60706452543594],[0.597212017135651,45.60758571285391],[0.595329191493851,45.607907631879556],[0.594408896417529,45.60796632928356],[0.593483766809728,45.60792942072836],[0.590895126663601,45.609398319275286],[0.590225938709199,45.60952632523005],[0.58949247138329,45.609420517954845],[0.589373545791375,45.610265714133746],[0.589251009734543,45.61039732157332],[0.589473453760053,45.611214699347485],[0.589831304810723,45.61119173763051],[0.590041841462704,45.6112503028189],[0.590104613480726,45.6113417375946],[0.590400810494523,45.61137871408392],[0.590947717320249,45.611642680744424],[0.591280026481566,45.61152817664623],[0.59163002298873,45.61165639174102],[0.592648463393309,45.61247188478115],[0.592663429229771,45.61260013249287],[0.592939449777135,45.61283576854423],[0.593068065328567,45.612918700723654],[0.593450253765826,45.612749401887555],[0.593529791795713,45.61295740902965],[0.594529075224708,45.61365355582627],[0.594814832122937,45.61369480158729],[0.595090625946576,45.61396556218749],[0.595094133354694,45.61409176268217],[0.595344626415081,45.61420612657566],[0.595936459693366,45.61435301099871],[0.596409777651874,45.614598260130954],[0.597533293813226,45.614503344452515],[0.597933966610146,45.614618207306684],[0.598486361792994,45.61523089966614],[0.598789938916384,45.615453595515106],[0.599309455457712,45.61567008866547],[0.599766242903176,45.61617893258457],[0.600031244750779,45.616344045368095],[0.60082674191959,45.61641326708467],[0.600976132617214,45.61649122756201],[0.601179631243316,45.61715772500103],[0.601566404896112,45.61771281538909],[0.601634371070629,45.6181593064185],[0.601775474215415,45.61836952051699],[0.602110851216136,45.618451444355806],[0.603408635593077,45.61839531805539],[0.604156574020186,45.61816981093583],[0.604734484389461,45.61825418955012],[0.604892549277161,45.61839899543435],[0.60501867853987,45.61904491879185],[0.605997730503262,45.619799086043],[0.606465335925401,45.620505426734795],[0.606756150426661,45.620579181011706],[0.606796766290729,45.620679143311115],[0.607304896766905,45.62089355393148],[0.608447968297665,45.62207280476861],[0.609327718667621,45.622423032133305],[0.60975110088663,45.62269779175172],[0.610226437444308,45.62343491006068],[0.61067046048172,45.62346956631382],[0.611147381578478,45.623723836062105],[0.611702806309231,45.623676169845574],[0.612266328511179,45.62379804034335],[0.612646790106109,45.623698908643895],[0.613508258317395,45.62378925771846],[0.61415778744673,45.623732764940556],[0.614668254121286,45.623834579402946],[0.615469406032141,45.623685799436586],[0.616007931534778,45.62373234732013],[0.616659001931285,45.623610107878314],[0.618256529508604,45.623870964586544],[0.619022910103381,45.62444123371213],[0.619664795037044,45.624622381979876],[0.620136029300998,45.624591811420984],[0.620457399285036,45.624672482060866],[0.621246106629827,45.624514388930706],[0.621773394427309,45.62449400562161],[0.622305457522813,45.62430255206608],[0.62265696564889,45.624279350361306],[0.622786402153725,45.62440460622611],[0.622780044098613,45.624612576956295],[0.623167396592523,45.624741480147335],[0.624114244909636,45.62397950993701],[0.624551861062351,45.62347524534492],[0.6256203047089,45.62299060130926],[0.627058782174186,45.62162998405341],[0.627244368500738,45.62080418257665],[0.627457380952657,45.61873843974266],[0.628731239350173,45.61774099300593],[0.62869592680228,45.616646574059565],[0.630682460106463,45.61582268431138],[0.632621149475334,45.6152157676959],[0.634082223781058,45.616082528142],[0.634959182926568,45.616469430992666],[0.636912404818015,45.61753748661619],[0.637641067687252,45.61751945890542],[0.637948693370439,45.6174403351097],[0.63901752392036,45.616398832384725],[0.640429428641437,45.615710455907525],[0.638016568398379,45.61467425131303],[0.635050310084356,45.61358311676005],[0.629206775438861,45.610859248333774],[0.630494342297083,45.61064674572052],[0.631804508895739,45.61032569753527],[0.633669753204512,45.610081177666146],[0.634187386549755,45.609832612781695],[0.636025243452292,45.609507299862784],[0.636446165938761,45.60863688553774],[0.636604661716698,45.607779874229635],[0.636498525739224,45.60527319322106],[0.636691080232539,45.60424933415384],[0.638602380839983,45.60141297126481]]]]}},{"type":"Feature","properties":{"fid":4068,"ID":"COMMUNE_0000000009753162","NOM":"Saint-Saud-Lacoussière","NOM_M":"SAINT-SAUD-LACOUSSIERE","INSEE_COM":"24498","STATUT":"Commune simple","POPULATION":823,"INSEE_CAN":"13","INSEE_ARR":"2","INSEE_DEP":"24","INSEE_REG":"75","SIREN_EPCI":"200071819"},"geometry":{"type":"MultiPolygon","coordinates":[[[[0.883249381181088,45.53334337428186],[0.882203493062006,45.53280660371671],[0.880870406664203,45.53140054269406],[0.88011752816534,45.530911616859704],[0.880535552563886,45.53060422743942],[0.880869216937787,45.53015652257619],[0.880642043330166,45.52892355217769],[0.880364500021873,45.52843909191526],[0.880558802151941,45.52784823417977],[0.880330475864073,45.527887163435295],[0.878291615011914,45.52724693499206],[0.8772124336545,45.526244675863616],[0.875687272831441,45.525076331721735],[0.876605417072548,45.52432441527687],[0.876760654595576,45.52401837743741],[0.877256190997842,45.52345934307502],[0.87720634829343,45.52325482125961],[0.877349167566774,45.522837750244],[0.878964837122966,45.52230798202527],[0.879527514628508,45.52220420684908],[0.879656315672416,45.52215349189738],[0.879706258472522,45.52202021649452],[0.879916289914335,45.52198995155037],[0.880063912973582,45.52178195250845],[0.880141545681748,45.52152759244943],[0.880039545504478,45.5213464089831],[0.879782466333658,45.51972372960838],[0.879915193149474,45.518765088411904],[0.879812483141299,45.51820015313903],[0.879890368742038,45.51743594899182],[0.880185984483125,45.517076708468046],[0.880090844327278,45.5166155077157],[0.879519299018661,45.51658399804424],[0.879113448746146,45.51627366665576],[0.879027847069373,45.51586489105018],[0.878522888970561,45.515197772600246],[0.878753724418755,45.51468958191713],[0.878647035442778,45.51419573303399],[0.878325703584102,45.514021213458086],[0.878132316787536,45.51375092425247],[0.877640691239836,45.51384162105642],[0.877419294905978,45.51329876135629],[0.877650395702335,45.51238161765851],[0.877627847168641,45.51210014379842],[0.877268028928448,45.511625829927674],[0.877006783293574,45.51162269225475],[0.876569619143115,45.51179728680153],[0.87600884365286,45.511117390189725],[0.876118968749989,45.51085103671698],[0.875937757429948,45.5108322952931],[0.87593949703393,45.510686399557656],[0.876167157657026,45.510395245677664],[0.876128244598046,45.510273803210296],[0.875847417505239,45.51004599459326],[0.875376163832159,45.50990646298434],[0.875023746866085,45.50964126574155],[0.874544654766429,45.50957274495186],[0.874414293370872,45.50943065395029],[0.874432768777664,45.509182384463955],[0.874274435075456,45.50916857732407],[0.87412078081486,45.508965691724015],[0.873791842227049,45.50875678422919],[0.874087621427141,45.50862726595098],[0.873901908825207,45.50852556277464],[0.873037188006796,45.50855782760886],[0.872057044517478,45.508292437503215],[0.872009819373686,45.50798707372409],[0.872398023076191,45.50761879941861],[0.872482251797872,45.50742672465522],[0.872361641194234,45.50713077997795],[0.872405661397413,45.50658393098121],[0.872351421132602,45.5063613075926],[0.87191768169633,45.50591259829695],[0.871746734681573,45.5055931788836],[0.871827336351158,45.50476057088297],[0.871925081878117,45.50448317739244],[0.87240823798942,45.50417705673421],[0.872338141598945,45.50383342641732],[0.87146602460708,45.50315841380497],[0.871104573992358,45.5025291110097],[0.871057497070717,45.502220146497784],[0.870785654729732,45.50196006607242],[0.869676461367493,45.501756161741135],[0.868934748973823,45.50148986159885],[0.868831020873828,45.50125548730885],[0.868860940123466,45.50034264904431],[0.868717953057621,45.50019670804375],[0.868222024827387,45.49986841000319],[0.867235035288695,45.499619059072664],[0.866826678565007,45.49921224756166],[0.866754926659778,45.498679414686926],[0.866604096011111,45.498371178586936],[0.866817639668979,45.49791402950436],[0.866767234660486,45.49755905904391],[0.866520135022182,45.49745617624549],[0.86606790257386,45.49679180104845],[0.866120588853215,45.49648743295058],[0.865596421180691,45.49556225906856],[0.865441913357657,45.49471707722065],[0.865058278396913,45.493935097005526],[0.865066172461116,45.49362987749232],[0.864889427163048,45.493130177312175],[0.8648555960263,45.49194498785629],[0.86447221578359,45.49158998724764],[0.863587783022723,45.4911759054554],[0.863431770804187,45.49080360956179],[0.863479346708184,45.490499145497914],[0.864044033206586,45.48993608651105],[0.864042906077707,45.489599167622515],[0.863922066018645,45.48934464519903],[0.86336804713299,45.4890980913886],[0.862133474874481,45.48896468503381],[0.861813034130612,45.48877211608051],[0.861651803379809,45.48856906768371],[0.861627045960045,45.48808126543102],[0.861935044891517,45.48766556085628],[0.862482171744136,45.48725891408073],[0.862603690870065,45.48702972397981],[0.862609878688812,45.486569535387375],[0.862488698253326,45.48642400103023],[0.862155914401512,45.486352805167336],[0.861413587828219,45.48637469420057],[0.860860127957645,45.486480349166584],[0.860718019654696,45.48641278316062],[0.860820143024051,45.48582290686636],[0.860611517670113,45.48552076668649],[0.860633015375417,45.48532840618439],[0.860957081940801,45.48462835946686],[0.860879522045466,45.48448095225964],[0.86115258769879,45.48430689843589],[0.861155329770658,45.4842024584156],[0.860961042440175,45.484093362375575],[0.860439861784857,45.483328560642214],[0.859953976915609,45.48281124739659],[0.85936516993102,45.48237304035091],[0.858942529308844,45.48257396239022],[0.858768957471021,45.48279134578121],[0.858558626240537,45.48346383037675],[0.858272824910244,45.48366916276845],[0.857169460239443,45.483955272172345],[0.856589734163371,45.48424416678598],[0.85602724796062,45.4847829086931],[0.854342380088769,45.48563439115711],[0.853351002112474,45.486268511688664],[0.853032963502818,45.48677678388283],[0.853059122597646,45.4871601235985],[0.852718815016492,45.48817782111168],[0.852831930937809,45.4883988792637],[0.85252888113973,45.48865161040791],[0.852400840146018,45.48891579687303],[0.852290147000927,45.4889632226672],[0.851899598450483,45.488895395025736],[0.851215225325838,45.48870934112308],[0.850456734020207,45.48828765563522],[0.848949350533133,45.48782549094909],[0.848373373190747,45.48781715274468],[0.847755478055037,45.487700812539885],[0.847188763053362,45.487816956286466],[0.847030426741818,45.48631859064032],[0.846532599115836,45.48591358812663],[0.845978608378345,45.48514087961069],[0.845660837520584,45.4850465016464],[0.845160716503389,45.4846351430796],[0.844200775505132,45.484622112169056],[0.843756291413193,45.4845261953535],[0.84350600529142,45.484343027644684],[0.843422967883584,45.48417298220846],[0.842867999587213,45.48421816600442],[0.842565728360197,45.48405471531335],[0.842277263451678,45.4828438973575],[0.841515309524317,45.48152668584862],[0.840543933649788,45.48108462114046],[0.840313228943296,45.4807937265159],[0.839677894410345,45.48053557863247],[0.838745635321826,45.480635632846926],[0.838229735082411,45.48076351850069],[0.83747129701846,45.48110202003325],[0.836480864411192,45.48131443581177],[0.835760790359675,45.48116092650903],[0.83559992973005,45.48131276220447],[0.834727238289828,45.48080408845493],[0.83308921447453,45.4804166531465],[0.832606742987759,45.48037670832684],[0.832244042061582,45.479138303468076],[0.83157789147237,45.478424607365646],[0.829630159683633,45.477183477608584],[0.827860841246887,45.476293477132934],[0.825848320216055,45.47880468182267],[0.82567663052993,45.47969045068833],[0.826027362162343,45.480642191429794],[0.826158848252499,45.48130683101867],[0.826658499966457,45.48218398495384],[0.827541707134327,45.48320818704057],[0.827657075375335,45.483859901343344],[0.827322499031099,45.4862252470115],[0.826847131886182,45.48760598772274],[0.826734201001292,45.48761190824421],[0.826336427914819,45.488122168966775],[0.824715722558182,45.4911787366278],[0.824339753164841,45.4912948600946],[0.822805849001873,45.49249201731247],[0.820501956543818,45.49385616995817],[0.820428400393916,45.49400067278578],[0.820083126865438,45.494149807776225],[0.821221207283875,45.49546997082149],[0.82242778768222,45.49733103504861],[0.822335598899776,45.498375086183884],[0.823290316208812,45.49833144732626],[0.824273454771579,45.499490930958444],[0.822890464609323,45.5002964653581],[0.822891305516374,45.50050366782442],[0.821510272157821,45.50080116737859],[0.82191389997149,45.50174494083022],[0.82209632508979,45.50196017041235],[0.822087777250219,45.5027004702871],[0.822578089132544,45.50277393885585],[0.822733726771082,45.502921087020056],[0.822679674906925,45.50315605086212],[0.821361066940407,45.50352592469634],[0.821031126303643,45.50435997734157],[0.819990952165209,45.50527212292477],[0.819437651449295,45.506018959690586],[0.819094096674006,45.50625280301825],[0.817608917378605,45.50802196303172],[0.815255673735508,45.509611170535536],[0.816436101152443,45.510316048972584],[0.81630418355641,45.51041257276012],[0.816206041897309,45.51046471271343],[0.812529893532053,45.51014903113145],[0.810291459138491,45.51047833505745],[0.80963694063044,45.512746431567685],[0.80783894444209,45.51317796493193],[0.806546991703175,45.51361034856466],[0.805013364638201,45.51396502751978],[0.80313779553691,45.51493005618174],[0.800516963093565,45.51471750302996],[0.798944106706838,45.51389486299879],[0.798394105186344,45.51348321591466],[0.79813335006553,45.513499722483424],[0.797587654619511,45.51333498009038],[0.797374591916232,45.51334431298554],[0.796201890930111,45.51277180253897],[0.795628122846381,45.512733514931],[0.794203345202902,45.513088382407645],[0.792850227164863,45.51392838139525],[0.791240477978031,45.51387510757782],[0.790627847942443,45.51413690438349],[0.789452677755325,45.514335377034406],[0.788960326003288,45.51466529285453],[0.788475085772238,45.51603849863867],[0.788235747591775,45.51609594133223],[0.788007539675897,45.516259899811985],[0.787852433311895,45.51658294192988],[0.7875922377974,45.516777798252],[0.787328353379854,45.516840160404755],[0.786410922630756,45.51687162393326],[0.786129445891339,45.51698948752706],[0.785977044530393,45.51718015968394],[0.785925624859857,45.51817996030521],[0.785362729313894,45.51931290599028],[0.784641076626893,45.51999230576944],[0.784073378697676,45.52076302011578],[0.783463039184456,45.52131759332411],[0.783827501843071,45.52159323205853],[0.784473938544916,45.52270229021087],[0.78614133468975,45.52372607884742],[0.78755294830249,45.524802455668436],[0.788536188772391,45.52514882017012],[0.789015019445415,45.52545011459639],[0.789201680070833,45.52594383690669],[0.789010034687663,45.526443624281335],[0.788953999771694,45.5270136430057],[0.789292750760998,45.527357219299645],[0.790028457696317,45.52748430125262],[0.791656128729272,45.526678552681204],[0.792695085952394,45.52652782069587],[0.793271456509927,45.52653644460872],[0.794300184911642,45.52690076679723],[0.796937918580489,45.527573204587696],[0.797516781059838,45.52784219250781],[0.798031066153136,45.52822071218962],[0.798489694440492,45.529000805149444],[0.79816395066173,45.52919980674696],[0.798078747720739,45.529441357928114],[0.79855328501201,45.530014573714354],[0.79853361617673,45.53021957526335],[0.798254249598375,45.530670815240576],[0.798194438034657,45.53117680478552],[0.799205274391256,45.53235056679391],[0.799259503294194,45.5330191373331],[0.798959024225262,45.534002350771935],[0.799189397957628,45.53514189893247],[0.799202389141617,45.535848397008124],[0.799608368691541,45.53637432239298],[0.799672120146568,45.5366737428721],[0.800052153182073,45.537078448279225],[0.800735305976745,45.53733865025994],[0.801694138395319,45.53753217766201],[0.801790633861116,45.53784665064267],[0.801630757923256,45.538031793401046],[0.801590350929675,45.538275124943794],[0.802170679368509,45.53876932035532],[0.802331508887206,45.53907784493623],[0.802686383592282,45.539082985338865],[0.802807277680638,45.53917002709574],[0.802760577179329,45.539863645991346],[0.802941187230768,45.540287861487045],[0.802158444085519,45.5406959357221],[0.802027564689484,45.540828498131276],[0.801989151628093,45.54105385250546],[0.802097471541078,45.54132892045158],[0.80283098180492,45.5422612050146],[0.802911766395396,45.54255194831915],[0.802831257115467,45.542836834665444],[0.802961080911534,45.54305466974149],[0.803598872516128,45.54345899774545],[0.803613118684646,45.54381149701063],[0.803367082118785,45.544035494999335],[0.802264791972392,45.543965292649254],[0.801933499327029,45.54410834754263],[0.801155048521946,45.544729994776965],[0.801173596894356,45.544973579533945],[0.801854048174923,45.54553099102731],[0.801743829998142,45.54640353183846],[0.801560046502464,45.546641355843626],[0.801504155803795,45.547210482077794],[0.801326685550255,45.547612378837755],[0.800925500732548,45.548191862831835],[0.800600077488167,45.54841249997949],[0.800233811456488,45.54853144453897],[0.800441888696292,45.54878054181447],[0.800071680313417,45.54909578792296],[0.800262924171106,45.550221956573424],[0.800181676146614,45.55052484374058],[0.800353876673558,45.5505795619243],[0.80038930843932,45.550688354219666],[0.800387595023051,45.55102252567539],[0.800210509384806,45.55131723093421],[0.800095527480252,45.551856373927194],[0.800112361200806,45.55269266663931],[0.800209901293268,45.55304589701079],[0.80045292921129,45.55341638849949],[0.801249619046332,45.55418146508091],[0.800842705900714,45.55432213759652],[0.801433762129353,45.55519669151036],[0.801691758299832,45.5559016779641],[0.801873147576062,45.556080886718554],[0.801212690142519,45.557376860141424],[0.801156095849958,45.557736982583215],[0.800937066377436,45.55802186058844],[0.800580012098142,45.55916792594313],[0.800296641044039,45.55929660204649],[0.800157563984631,45.55969924996495],[0.800254428921897,45.560716373758105],[0.800088331752771,45.561121195297666],[0.799635539085787,45.56164111395973],[0.799513953485798,45.56211977304648],[0.799551038949198,45.56318887595574],[0.799851070928539,45.56509728964355],[0.800283517698514,45.566674989437715],[0.800384039265974,45.56672740293914],[0.79966047096402,45.567314989934786],[0.798323395824951,45.56804279556805],[0.796743573224577,45.570844031461164],[0.795882114107099,45.571897322534994],[0.795589779859953,45.57247532475201],[0.796115519062877,45.5727693943214],[0.796419856587974,45.57324469121401],[0.798855558628546,45.573989653214255],[0.801459444567883,45.575411667334876],[0.802282778392173,45.57573945264874],[0.805823680207442,45.57627525169455],[0.80916377486956,45.57592151655918],[0.811081992254954,45.57590753906669],[0.816881232796857,45.57597077136867],[0.817872472518068,45.57614135557787],[0.818984562661847,45.576500745259914],[0.822207399072578,45.57700733231359],[0.823627940690293,45.57748345103773],[0.82619485142195,45.57901766438249],[0.829070589392026,45.58040013802986],[0.832662057878126,45.58136214333355],[0.833996937517522,45.581441919134505],[0.834817151898867,45.58123251553835],[0.839799426416954,45.58133737000905],[0.840969372864439,45.58163369172491],[0.841534031111578,45.581858927745024],[0.841993949777371,45.58210557148342],[0.843680090255065,45.583313484318296],[0.844321686127595,45.5839032085332],[0.844515791505817,45.584223115016584],[0.8449340609457,45.585904841180415],[0.848876455543107,45.591162703196936],[0.849067262704606,45.59166810500792],[0.849233358092154,45.59320716465968],[0.852117734123935,45.59264524294729],[0.852771462923694,45.59289374058836],[0.854102092967593,45.5928921179691],[0.855212278230574,45.59298356240236],[0.855889132020562,45.59290008421299],[0.857068066867796,45.59260727515513],[0.858003348577981,45.592543122078574],[0.859476765899635,45.59259820442352],[0.860845250256976,45.593078253856525],[0.861833410796522,45.593073627268055],[0.862243962734181,45.59280848875894],[0.863728652103652,45.59217191020152],[0.864705908763184,45.59125093183971],[0.865581388785301,45.590906330939326],[0.866668231292982,45.59070355703436],[0.867037471525399,45.590310604522706],[0.867094954854963,45.590083791263844],[0.86758415334223,45.5899075041757],[0.868094025911204,45.58942713501392],[0.868420242274869,45.58891805960312],[0.867988319153616,45.588639628968245],[0.867869561516162,45.58819147870372],[0.869299021801296,45.587217783194355],[0.869543874506656,45.58698911481685],[0.869637338370847,45.586660290720566],[0.868578705061316,45.58469719211053],[0.868832739221208,45.58386245846457],[0.869209582315754,45.58360386414934],[0.869684928960026,45.58345252922462],[0.87008627800346,45.5834574310966],[0.870543802626296,45.58363634982384],[0.871149191292476,45.584073894733635],[0.871753077660138,45.584283504594275],[0.872401570044738,45.58426695292886],[0.872670788489674,45.5840378386004],[0.872712149085509,45.58366208564858],[0.872573796947599,45.58328923777649],[0.872070303197993,45.5825365466831],[0.871684937092413,45.582215772508434],[0.871113633894997,45.58192660743314],[0.869940059305597,45.58168728439728],[0.868566334424749,45.581115361019904],[0.868145518316765,45.58068310319659],[0.867472077444273,45.580182094756786],[0.86722387459561,45.57966482869504],[0.867235334898085,45.579200231231106],[0.86801388601846,45.577768308318056],[0.868042731508306,45.577351783308124],[0.868667319046018,45.57672045344372],[0.868474340285197,45.57620153488381],[0.869116157614405,45.57548855657353],[0.869215658915462,45.5750022074722],[0.870151522712484,45.57431371416801],[0.870173921363767,45.57359709969226],[0.870383195849206,45.57325785899614],[0.871061814140135,45.5729878620334],[0.872424126420116,45.57311724802694],[0.872781600659884,45.57329426515826],[0.873400453088337,45.57384645585909],[0.874600847008827,45.57421867032386],[0.874859355061112,45.57410014812812],[0.874987541152853,45.57329905692405],[0.874970111736658,45.57281679886498],[0.874703144789954,45.572386573384414],[0.874733480476984,45.572097089025014],[0.874333831611179,45.57178235876271],[0.873703277862205,45.57170287237989],[0.871617990347543,45.571797625498455],[0.870655889142871,45.571501055767506],[0.870055974073619,45.57155905115187],[0.868850863338261,45.571411897859505],[0.868544679807768,45.571235840431214],[0.868339086092636,45.570945486273246],[0.866430441924739,45.57008323621922],[0.865514750667326,45.56938214078853],[0.86493269695152,45.5692431716584],[0.864047023816818,45.568795759850076],[0.86354906338374,45.56830526623029],[0.863479931294243,45.56756979680207],[0.863810260668977,45.56688515902914],[0.86417184938319,45.56642091063682],[0.864478318306601,45.56618892203596],[0.865043860297914,45.565989779171424],[0.865354371283364,45.565985768322534],[0.865945157184185,45.56583033903451],[0.866216216946064,45.56585170000927],[0.867355136836038,45.56528239060559],[0.868469147395881,45.56516029643128],[0.868586142809056,45.56508594707357],[0.868582358297271,45.564850765926835],[0.86925286134281,45.56485627341592],[0.870108571457938,45.56401312855167],[0.871856307064397,45.56331658816369],[0.872441349716763,45.563008781571924],[0.872763956011985,45.56292300669502],[0.877118490231507,45.562935083185536],[0.877687299484984,45.5635196353117],[0.878247586294281,45.56338878898423],[0.878476735997966,45.562159020359765],[0.878872148721801,45.56201334830234],[0.879387682817978,45.562079827665066],[0.879685658209601,45.562034104394435],[0.879310568774778,45.56154780216855],[0.878372333985286,45.56079864480256],[0.876330571638647,45.558127043667255],[0.875468309501768,45.55737208983137],[0.874976943571651,45.556743049000815],[0.873909635199463,45.55591934721914],[0.87265659691143,45.55469036197255],[0.871800920026469,45.554000360621274],[0.875412062385817,45.552213050958805],[0.87913083931546,45.55015291854185],[0.87943258034497,45.550342376399556],[0.879881638477746,45.5495959825449],[0.879584100006865,45.54624480748658],[0.879330234533684,45.545776105548114],[0.879141611694694,45.54564643346319],[0.879304325773981,45.54558194516633],[0.880443525954771,45.54569532394208],[0.88116169615718,45.545621493117835],[0.883796013701181,45.54565943308419],[0.88361531404182,45.542196974924835],[0.884173116285772,45.54215883878868],[0.883979196464423,45.53995004025769],[0.883825681112883,45.53947152881955],[0.883812408488486,45.53733279202126],[0.883154631574507,45.535154888069044],[0.883119779787039,45.53448944487303],[0.883249381181088,45.53334337428186]]]]}},{"type":"Feature","properties":{"fid":4289,"ID":"COMMUNE_0000000009753165","NOM":"Saint-Martial-de-Valette","NOM_M":"SAINT-MARTIAL-DE-VALETTE","INSEE_COM":"24451","STATUT":"Commune simple","POPULATION":801,"INSEE_CAN":"13","INSEE_ARR":"2","INSEE_DEP":"24","INSEE_REG":"75","SIREN_EPCI":"200071819"},"geometry":{"type":"MultiPolygon","coordinates":[[[[0.65384118216569,45.495297756791096],[0.653854245956769,45.4958070180487],[0.651367689575826,45.49520729011166],[0.64918921575227,45.49559139816727],[0.647919464796618,45.495629659837],[0.647025184711813,45.4958757711976],[0.644489528842988,45.49628383148607],[0.643237066544185,45.49609538474396],[0.641765811885969,45.49565999371484],[0.640318370927071,45.4953881408091],[0.638712371104989,45.49526067593723],[0.637094962776411,45.49540140694891],[0.636466913770601,45.4953503471186],[0.634836000222491,45.49652946516663],[0.632951220726566,45.49753204240397],[0.632074353693618,45.498178391049485],[0.631426854286063,45.49924307375019],[0.630443526727102,45.500101571987884],[0.629186116581333,45.50167767515684],[0.629381323153373,45.50217637708858],[0.624239530520562,45.50171453202155],[0.623253839746373,45.50145763725572],[0.622998921934095,45.501098195650044],[0.622329571141477,45.5009633026636],[0.621703222845372,45.50093111566891],[0.620426579432549,45.500439208263245],[0.61979807156384,45.50006913612381],[0.616782365474229,45.49896733945381],[0.615567854175629,45.49840282224749],[0.614872941362517,45.49752231495254],[0.612716875413792,45.49323604662214],[0.611691424223835,45.49209173652994],[0.611496050102167,45.49139300189021],[0.609550061976959,45.493692054757304],[0.606056824552201,45.49405272663932],[0.603556587814577,45.494494855919854],[0.603099258792231,45.49393194940239],[0.602393030449286,45.495514128479876],[0.602061442744336,45.495954783193746],[0.601755176111347,45.496728403562436],[0.601759238155132,45.497168120810166],[0.601520075903495,45.49742606819848],[0.601053345195191,45.498533188307604],[0.600441688168334,45.49913992173339],[0.599565507498371,45.50053107031112],[0.60031500328182,45.50067772332766],[0.600220666991253,45.50131893713313],[0.599088539699787,45.5014586893576],[0.599085150249083,45.502040587654676],[0.598088834767062,45.502830970457104],[0.598314033851449,45.50369613297709],[0.600634628966487,45.50540518363617],[0.601417131635108,45.50615342249787],[0.602604054101781,45.50587427724079],[0.603460485900659,45.50562319939102],[0.603949351433392,45.50539850418741],[0.60417572063668,45.505378110749376],[0.605217173651512,45.506361573014004],[0.606064466580344,45.5078372707842],[0.606543220936115,45.509006012506006],[0.605287508694746,45.50939364089178],[0.60405469602055,45.50990336350552],[0.603079852239507,45.51010597437845],[0.602864529670913,45.51043380309192],[0.601907464453214,45.510758402975306],[0.60267166548976,45.51157650963107],[0.603013608481667,45.51128381627784],[0.604695694289642,45.512389063264806],[0.601439240511051,45.51578164037729],[0.60346313850473,45.51556179823608],[0.603789404922782,45.51610748992889],[0.604177220374268,45.51647431716439],[0.606117296649863,45.5173958586917],[0.607879085669905,45.51930363730952],[0.609050023185527,45.52014477505904],[0.610582686511256,45.52109809974112],[0.611484453808719,45.52226951174358],[0.612734613140878,45.523446520851955],[0.61368924629913,45.52398661898224],[0.614158976235529,45.52435875367794],[0.615120338843147,45.52539897083878],[0.615358880287139,45.52587249426456],[0.615833385311098,45.52634291884583],[0.61607133938528,45.52671102510371],[0.617835302001481,45.526134956138854],[0.619205293764141,45.52530096530788],[0.619255421517245,45.52508851960854],[0.618858797854865,45.52474408265924],[0.619569400468165,45.52413303647959],[0.62026218892075,45.524445009458105],[0.620691402826682,45.52474688960981],[0.622703277985801,45.52666782785071],[0.622867563482187,45.52693165916686],[0.622797496523297,45.52769952613473],[0.622437050958067,45.52815494755856],[0.622200156956646,45.52877784466799],[0.622290573699691,45.53058602079872],[0.622945445552862,45.53340071487948],[0.623448677489276,45.53344289465656],[0.624243960027885,45.5331606275712],[0.624489398957238,45.53296672471637],[0.624755884980714,45.532311115944005],[0.625114825009137,45.53198087689111],[0.625780772948707,45.53193459737962],[0.626016765095814,45.53184139005188],[0.626219632431503,45.53156370312779],[0.62670846364691,45.53152268351038],[0.627250767740818,45.53169990287188],[0.627505927062805,45.532267440398044],[0.628642259211214,45.53327159179528],[0.629197410288563,45.533898610067325],[0.629763240848876,45.53421594916077],[0.630040087946664,45.53457673635198],[0.630605149272,45.53488234335927],[0.631160357670061,45.53499855558985],[0.631670153492779,45.53545794219204],[0.633017635242564,45.53620344283469],[0.633252074895132,45.536266939789975],[0.633830650128043,45.536016073583845],[0.634800157502433,45.53642747241551],[0.635699828189505,45.535379777157345],[0.635976115905285,45.53554414637768],[0.636086390456568,45.53527260133893],[0.636670971367114,45.53557228169336],[0.637139205669342,45.53601545310516],[0.637714582596948,45.53635096912467],[0.638245174105831,45.53653419358001],[0.638498766798098,45.536479166785654],[0.638941902674495,45.534681329697804],[0.639624236633955,45.53379840082202],[0.639497867037345,45.53357503116806],[0.639650153243514,45.532767445647785],[0.640191203262071,45.53183019530548],[0.6404225527966,45.531604432400755],[0.641373602249426,45.531635218941474],[0.641551661821849,45.53178850286402],[0.642866602943372,45.53212420495972],[0.643260454848224,45.53115051960538],[0.643868616395485,45.53119661148093],[0.64476113138827,45.53016041091577],[0.64544060284926,45.53042870321758],[0.645960475355966,45.53053148954773],[0.646514309084615,45.53052868235556],[0.64804514222345,45.5301859879998],[0.650036154255086,45.52990245049885],[0.650625319845214,45.529882345054475],[0.651096905720581,45.52976338455037],[0.651974883086251,45.52982408402277],[0.650208303914083,45.528743030245906],[0.649541190447691,45.52824350211345],[0.651588933355866,45.52746564837777],[0.652415128579555,45.52638656499281],[0.652646477553867,45.52624996450253],[0.653297922498351,45.526089711362324],[0.654555903710742,45.52507278657454],[0.655727534589181,45.524854916806284],[0.655804751757052,45.52436195281942],[0.655958534601637,45.52433183073365],[0.655856691921797,45.523041465676236],[0.65783305687395,45.52358358470631],[0.658845355739737,45.52407314314178],[0.659183193650047,45.52369011082648],[0.659440665935528,45.523176578900554],[0.659625422509641,45.523080433434586],[0.659606712554899,45.52294671544545],[0.659774999188128,45.5229979684042],[0.661193146226305,45.521490637500804],[0.661370765882362,45.52043852354391],[0.661325372384942,45.52011687044591],[0.661141965238348,45.51978603677611],[0.662480188684026,45.51950400451979],[0.662573723602837,45.51993025844826],[0.663207153571164,45.51986056235278],[0.662529323579739,45.518337507800105],[0.661923331406951,45.517999679653485],[0.66114993818846,45.51786375845262],[0.661194595334935,45.51689535882532],[0.66069325751736,45.51696329057204],[0.660223668544294,45.51712917503395],[0.659030203345079,45.51665386749032],[0.659150297782064,45.51629782704002],[0.659397096615109,45.51606694534992],[0.659561352175525,45.51606136053042],[0.661125504474603,45.51528137318477],[0.662100684307537,45.515189074118425],[0.662972526211669,45.51499462003304],[0.66422438961391,45.513990982914414],[0.664841892803694,45.513628167477584],[0.665333408354291,45.51306183691492],[0.665897677910721,45.51207541354303],[0.666331969024878,45.51171148432608],[0.666539039424868,45.51126625815085],[0.666679766357595,45.51026562313131],[0.666285049489834,45.50910972167189],[0.668549933888153,45.507837016892125],[0.666369381316382,45.505793602714675],[0.666139529314142,45.50513570028756],[0.666076363302695,45.50441369828939],[0.665848161631753,45.50365583393644],[0.665438793473678,45.50297167566614],[0.662624882915288,45.50085645393598],[0.659387913619877,45.49753869428118],[0.658153978684953,45.49669677551602],[0.6573196162732,45.4963433427598],[0.656103155774885,45.49590805444977],[0.65512639191443,45.495711984885595],[0.65384118216569,45.495297756791096]]]]}}]}