{"type":"FeatureCollection","features":[{"type":"Feature","properties":{"fid":140,"ID":"COMMUNE_0000000009748792","NOM":"Lauthiers","NOM_M":"LAUTHIERS","INSEE_COM":"86122","STATUT":"Commune simple","POPULATION":68,"INSEE_CAN":"05","INSEE_ARR":"2","INSEE_DEP":"86","INSEE_REG":"75","SIREN_EPCI":"200070043"},"geometry":{"type":"MultiPolygon","coordinates":[[[[0.735388641846789,46.62295827584548],[0.734823642295013,46.621989557103284],[0.73606113131418,46.62147083395751],[0.737173196513045,46.620352390858976],[0.737188598163574,46.620170733579755],[0.737605067072508,46.61943039402744],[0.738190684874087,46.61918072496499],[0.738534948971593,46.61948478460085],[0.739465162254421,46.618807725502386],[0.739656199138282,46.61855206462761],[0.739860123349367,46.61814352189026],[0.739669185570585,46.617736197013926],[0.739673236253713,46.61751287877484],[0.740811424354839,46.61632825880861],[0.741044557002844,46.61527892125672],[0.741801299846457,46.61351926671086],[0.742000426145387,46.612816064540425],[0.742092052144314,46.61092348963657],[0.743954858237176,46.60748490893876],[0.744586027644104,46.60670013124046],[0.744828973236045,46.605978870427805],[0.745345188184883,46.60509724154653],[0.746562701658307,46.60419698147601],[0.748421465386794,46.60201216644548],[0.747357931276611,46.600584204752295],[0.746766775672507,46.59999516322602],[0.746449661055347,46.599289902965516],[0.74310271577415,46.597526885837446],[0.741740261824182,46.596568598444506],[0.741016705882575,46.595866115060616],[0.739570472608068,46.5940323681509],[0.738786890112254,46.592889091967365],[0.738918188501858,46.58976048972078],[0.733650602937605,46.587764659324385],[0.733517983050518,46.58784310685611],[0.730803290678433,46.58717498851573],[0.726894305780184,46.58644796918504],[0.72668087268125,46.58645904551166],[0.725112369928396,46.58700531161607],[0.724004427095064,46.587441805670736],[0.722758570910572,46.58805120447865],[0.720737578033883,46.589228888363074],[0.719629805431068,46.59009593237536],[0.719227870679537,46.59058247226371],[0.718662631081641,46.59088109123845],[0.718150070033451,46.59107626322336],[0.717054351236482,46.59118684238904],[0.716113004048226,46.59098160293157],[0.714501361335852,46.592144824518066],[0.714011603835169,46.59260527233349],[0.712211379352838,46.59349625634875],[0.710886985285274,46.594288628235006],[0.708752389435075,46.5963214121626],[0.707810592497658,46.59680792149291],[0.707420644699005,46.59737843796535],[0.706524963253038,46.59931256671216],[0.705227250492239,46.601078289590184],[0.704645296639872,46.60214039739917],[0.703841710251974,46.603126895159626],[0.703537422487446,46.60374055411027],[0.704764743824189,46.60395612814638],[0.704974878169217,46.60411798121982],[0.705096947766382,46.60475640099653],[0.705099503640451,46.60596624359663],[0.70528551007364,46.60663837306624],[0.706178276513968,46.60790838389237],[0.706737051253249,46.60931943350831],[0.707644611101384,46.610240212197574],[0.707511154921016,46.610863604962276],[0.707623987748184,46.61110187545823],[0.708410507968684,46.611669809358624],[0.709797966824128,46.61212273913783],[0.713808043512556,46.61294060272561],[0.714688023108626,46.6133085756431],[0.714912322355844,46.61341484136085],[0.715037310984111,46.61436048026275],[0.717737795702772,46.6138062675695],[0.718366296678285,46.6138440098048],[0.719029122329701,46.61406079171013],[0.720841426033467,46.615016585232446],[0.721327382274901,46.61505597890376],[0.721358738553168,46.615212441949986],[0.721244848351344,46.61527863778381],[0.721228465731452,46.615451266562836],[0.721747730807057,46.61563184654654],[0.724558505223201,46.61706594004846],[0.726110165606214,46.617693981057116],[0.730439599494226,46.62005345367384],[0.733560998228836,46.62201323041565],[0.734976564985978,46.62280690324055],[0.735388641846789,46.62295827584548]]]]}},{"type":"Feature","properties":{"fid":201,"ID":"COMMUNE_0000000009748791","NOM":"Fleix","NOM_M":"FLEIX","INSEE_COM":"86098","STATUT":"Commune simple","POPULATION":144,"INSEE_CAN":"05","INSEE_ARR":"2","INSEE_DEP":"86","INSEE_REG":"75","SIREN_EPCI":"200070043"},"geometry":{"type":"MultiPolygon","coordinates":[[[[0.766834820850374,46.54673128629455],[0.765003789612941,46.546395565943726],[0.763328801041103,46.545948464322684],[0.760134486878817,46.54482662727029],[0.758989564949941,46.54460332736419],[0.756840787578458,46.54434592540245],[0.756988306533901,46.542063471770895],[0.757142194683899,46.54159176371158],[0.757035040283145,46.54140409675811],[0.75665965500463,46.54151654375318],[0.756450551136192,46.5403810297291],[0.756120893524747,46.54011242939016],[0.755882031032418,46.53969967834327],[0.755907906341207,46.53903989410973],[0.754489953705577,46.53901477257977],[0.752853792020882,46.53867817166318],[0.750838528194126,46.53860794001988],[0.750632584153823,46.53888494325569],[0.749950325351753,46.538810271187096],[0.747406948630413,46.53875751576246],[0.74329214202621,46.539989800677624],[0.740481078471774,46.541164823375055],[0.739679265714525,46.54129671753211],[0.739690218256254,46.54134737941785],[0.738666277146155,46.5407920616435],[0.737577857233654,46.540438142072766],[0.737248445496546,46.5404172140649],[0.736461171210222,46.540544869117426],[0.736543072418965,46.540898707647344],[0.736477544042637,46.54121900153869],[0.736241420597755,46.54187462570515],[0.736095455524705,46.54199424796921],[0.732520708206886,46.542754003718755],[0.731816207473523,46.54318143779911],[0.729451776443769,46.54496949770212],[0.728379315844676,46.54526529604307],[0.727623578749063,46.545323254527595],[0.728231378689667,46.547153169959024],[0.728285717924546,46.548667618057635],[0.727574763149031,46.55043621300456],[0.727647320879478,46.550731319589495],[0.727277059902899,46.55168783767495],[0.726662401213326,46.55286830635252],[0.730200914496092,46.55324662981944],[0.730398470413054,46.55358204769662],[0.730612532152171,46.55352143467907],[0.732762180944807,46.55429730839499],[0.734025867031231,46.55465023470761],[0.73469081652002,46.55618126775215],[0.735156080235651,46.55692553903631],[0.736160548417588,46.56002888921357],[0.737212564035897,46.562242265903],[0.737112800503504,46.56410857235702],[0.736936871576707,46.56425642980508],[0.736595526624009,46.56505320187602],[0.736488476712065,46.56558616559445],[0.73649039991664,46.56720495773196],[0.736625398891633,46.56757065339544],[0.736363661144978,46.56796003167399],[0.736791045978416,46.57084386410967],[0.73666724271259,46.57215659625434],[0.736623981043974,46.57373125406925],[0.737782823494338,46.575958436712476],[0.738324796672219,46.57596193912588],[0.739416365667135,46.57858502841813],[0.739975142564615,46.57953740287448],[0.740692086336176,46.58029922230911],[0.740506316509046,46.580809015194454],[0.738996254899348,46.583604129356125],[0.738406605091364,46.584337449587416],[0.741128130324375,46.58531179733506],[0.741727556056832,46.585444329440726],[0.742333034377906,46.58539951931388],[0.742813860867624,46.58527297794979],[0.743153054626145,46.58248086637182],[0.743621195568,46.580989353653784],[0.744207789764894,46.58070544929909],[0.746922957517078,46.5788014694845],[0.747952222705222,46.57836321238986],[0.749547847304664,46.57784419924923],[0.750714071061721,46.57756805234208],[0.753127253949864,46.57721098057464],[0.753058364343576,46.57691776863881],[0.753192331157268,46.576742039216256],[0.753848237156788,46.576707167943326],[0.754999400860719,46.57650995327146],[0.755662384319446,46.5762716294017],[0.757014575539877,46.575253202122184],[0.757280353977583,46.57460442787789],[0.758193743458743,46.57402598879102],[0.760735028504471,46.57150214219089],[0.761718531694285,46.570645799896155],[0.762597901379679,46.56857223470166],[0.763075254574807,46.566045811549785],[0.762415168461278,46.565772577515794],[0.763199311879591,46.56486998878995],[0.763799292777215,46.56399892818778],[0.763973113369802,46.563582551101504],[0.764073135649187,46.56292782144371],[0.764068964816597,46.56169364270858],[0.763856538038316,46.56161922987892],[0.763767992380168,46.56119952803557],[0.763855059149471,46.55892040020072],[0.764180360136849,46.55847185127231],[0.764763773326923,46.558193189904635],[0.765060132290042,46.5579404480356],[0.765479120795198,46.556958649308406],[0.765864478340095,46.55647793894205],[0.766326319973366,46.55616987253402],[0.765819980008665,46.55517541210382],[0.765678650934824,46.5540052137228],[0.765777810238561,46.55372069485092],[0.765634710843867,46.55335758002133],[0.765037146036477,46.55302792715429],[0.764604910877248,46.55290147902808],[0.764043385654883,46.55252117902317],[0.762713953155473,46.550618820681095],[0.762562630702179,46.550551904779304],[0.761406107551994,46.550480640819224],[0.75925032113629,46.5507050824018],[0.759558426703073,46.54984904579439],[0.7602785112388,46.548467797251796],[0.762916907326008,46.54837978823503],[0.763521926273385,46.54846277927289],[0.766479061230586,46.546842347158794],[0.766834820850374,46.54673128629455]]]]}},{"type":"Feature","properties":{"fid":276,"ID":"COMMUNE_0000000009749442","NOM":"Saint-Léomer","NOM_M":"SAINT-LEOMER","INSEE_COM":"86230","STATUT":"Commune simple","POPULATION":171,"INSEE_CAN":"12","INSEE_ARR":"2","INSEE_DEP":"86","INSEE_REG":"75","SIREN_EPCI":"200070043"},"geometry":{"type":"MultiPolygon","coordinates":[[[[1.030960742192566,46.41100937433432],[1.030982563543278,46.40935688828264],[1.031753496528425,46.40928371465708],[1.033274673446805,46.408952343265724],[1.035651392578669,46.40829429925],[1.037489855040043,46.40797373753885],[1.042802834887169,46.40662469085897],[1.045154684871507,46.4058912646342],[1.048274502280381,46.40421614463541],[1.04727768739017,46.40358118580287],[1.04443315039697,46.402368721457634],[1.04393913749213,46.401947715899915],[1.043131035877596,46.40146277433244],[1.042190675786446,46.40005500088915],[1.041891313057349,46.39983458734341],[1.041094564764212,46.399651573419455],[1.041198138814608,46.39894176600062],[1.041145316823842,46.398236479713205],[1.040680435360628,46.39653330305891],[1.04212156776303,46.396280611673184],[1.043622130420711,46.39618565017391],[1.043574925088131,46.39357809671997],[1.042364863526071,46.39337899486325],[1.040977718952533,46.3933263628416],[1.038539283251649,46.39304036853707],[1.03710606211142,46.393147229366626],[1.035147811398653,46.393626947312306],[1.033348098634556,46.3936797100912],[1.033330695060419,46.39315067341183],[1.030907741273111,46.39229190840925],[1.030401487164527,46.39214355476583],[1.029951844344763,46.39273568801569],[1.027251656540893,46.3916252524585],[1.02714393411658,46.39143603467434],[1.026222630073476,46.39070580841738],[1.025868481889402,46.390671758027175],[1.025539158135471,46.39005895610583],[1.024784864331735,46.38953517632674],[1.024611948743214,46.389277271159266],[1.023835481165144,46.38692007992188],[1.024945276952518,46.38661052564694],[1.02454669087102,46.38586230943374],[1.024484619208303,46.385563087182994],[1.02380654647348,46.384625374552826],[1.023615016660312,46.384378854619484],[1.022348566113084,46.384846012950305],[1.021613244060535,46.38423246410705],[1.019314374264614,46.38617782392403],[1.018672735619013,46.38689358651572],[1.018252510137417,46.38767714521542],[1.018323228180705,46.38845481916302],[1.019260977729747,46.39217408030981],[1.019144029677984,46.39234769587381],[1.017869515562067,46.39199048299034],[1.017770309727018,46.39203379690685],[1.016677277359121,46.3941720951105],[1.01610284592279,46.39346402832013],[1.011281239063916,46.39563556811354],[1.011253559364306,46.395752183171595],[1.012499659929839,46.39635487869632],[1.010519062519433,46.39793901055036],[1.010008107462334,46.39720499696726],[1.00971798755933,46.39627036262805],[1.009128328416796,46.39558901665131],[1.008111432011494,46.39487859168306],[1.005653303194081,46.39352956282695],[1.004289741702618,46.394435296875514],[1.000962844820237,46.39367086729353],[1.000870345614958,46.39506000948568],[0.999636098447987,46.39488434906951],[0.999590928765659,46.39526457586139],[0.99916432960527,46.39543094140939],[0.998762583038157,46.3955229787486],[0.998413046617519,46.39522049969997],[0.998090049667782,46.395117551745855],[0.996527524519476,46.39565760160047],[0.996545911319277,46.39575970967282],[0.996195341329209,46.39587605626886],[0.995141901040187,46.396733084896816],[0.995210338100019,46.396961277469195],[0.994220421903001,46.39803739678635],[0.988667860803035,46.39849092108247],[0.985064493487263,46.398443562660354],[0.983916710789437,46.3986052421255],[0.982697727785274,46.39850893545096],[0.981428973912783,46.398737809729525],[0.981066246698379,46.3988998343235],[0.978504152249032,46.3995633714735],[0.977607070844923,46.39850890033485],[0.976946222082357,46.39754508288724],[0.976894903593762,46.397102800743326],[0.977175884604298,46.396441220068425],[0.976831304752161,46.39642970626969],[0.976305948514151,46.3967644802647],[0.976062182634638,46.396772767324734],[0.974910926019144,46.395623688034824],[0.973363477038542,46.39599615104592],[0.971330026939011,46.39455572821924],[0.971122424360398,46.39425658701024],[0.969837431921838,46.39457331760953],[0.967117477793094,46.39545717867222],[0.966006102441033,46.39635434924155],[0.963312743345291,46.39669543561463],[0.96260916536926,46.396849516277115],[0.962074640140559,46.39679943636555],[0.962239074864913,46.3970680985077],[0.958275770301159,46.406059843259875],[0.957464757148477,46.40769012640241],[0.955138695454081,46.41333319738178],[0.953999908139282,46.42064680975497],[0.95300641653042,46.420916342499275],[0.952059232644151,46.420819185820044],[0.950385376756171,46.420857602379705],[0.949088068735386,46.42210618199812],[0.948415417083998,46.42295252424137],[0.948061991161714,46.424073028982285],[0.94761070416607,46.426583454867114],[0.948586786944669,46.42674602101864],[0.95203169481605,46.42697000666619],[0.954641562481134,46.42733476272271],[0.957302512379265,46.42786701334821],[0.959052859343514,46.42801811814665],[0.961241522909069,46.42843193909447],[0.962485726466245,46.42884688160774],[0.96386219571476,46.429138963535756],[0.9647424769198,46.42893847685501],[0.96648922823598,46.42876783171189],[0.972960977760045,46.43062678197431],[0.972648791969119,46.43128059292369],[0.97212602296665,46.431956785128875],[0.972474751181434,46.43386177276172],[0.972506540614998,46.43707443335816],[0.974276152914864,46.43727698373951],[0.976028685677176,46.43762422525071],[0.978262553265935,46.43774576641095],[0.979274553168437,46.437966348966135],[0.981958191268653,46.43875062307331],[0.982407633963535,46.4389990658396],[0.983994956397827,46.44054126434362],[0.984396145060812,46.440791549173476],[0.985089505411075,46.440998347413235],[0.986671038764396,46.44097039463988],[0.989737250744212,46.44198731356395],[0.993333273346362,46.44429702582061],[0.997200418212184,46.44664830412717],[0.998035165029892,46.44698270456475],[0.998670386977964,46.44710823230728],[0.998781271505423,46.44724708881663],[1.000862336420266,46.448065382216775],[1.003870186954769,46.44638495692867],[1.004832345698561,46.445944190775464],[1.005843735970183,46.44561777026426],[1.015781699086504,46.44387678505724],[1.016818711164571,46.44388218733114],[1.018105904757898,46.44413872532159],[1.018501291687595,46.44412306759194],[1.020180151681605,46.44371262249604],[1.020429485825836,46.44316118738063],[1.021947796506625,46.443296485042545],[1.021732012573092,46.44188038570907],[1.020210630031904,46.44017864172886],[1.018931245748322,46.4381658141731],[1.018175756578868,46.437478949623426],[1.01928517017332,46.43674247575755],[1.019103100507434,46.43658979420847],[1.022134952504351,46.4344652564766],[1.024048273172983,46.4308080442818],[1.02344751292725,46.42959065156829],[1.024119607259414,46.428657406361815],[1.025053591508763,46.42556150263493],[1.02569299211627,46.422576693214566],[1.02615190819029,46.422060396897855],[1.031883901857569,46.42347804578253],[1.032541817259219,46.42054666687748],[1.032593937380271,46.41675094202274],[1.031008081371914,46.41215233227801],[1.030926874172156,46.41180414555678],[1.030960742192566,46.41100937433432]]]]}},{"type":"Feature","properties":{"fid":415,"ID":"COMMUNE_0000000009748992","NOM":"Villemort","NOM_M":"VILLEMORT","INSEE_COM":"86291","STATUT":"Commune simple","POPULATION":101,"INSEE_CAN":"12","INSEE_ARR":"2","INSEE_DEP":"86","INSEE_REG":"75","SIREN_EPCI":"200070043"},"geometry":{"type":"MultiPolygon","coordinates":[[[[0.907039077543944,46.55458547021012],[0.906707296108118,46.5549964523941],[0.90598629876325,46.55527420625625],[0.904909664327016,46.556276860784514],[0.904919808814206,46.557506580838776],[0.905264437852753,46.55771285759745],[0.913639933527307,46.5563120521968],[0.917378533115434,46.55637474539844],[0.91880895280276,46.55649534695421],[0.918602842233288,46.557617540466],[0.922806483287338,46.55678775921307],[0.923946966495407,46.55673909632798],[0.93307045439101,46.55814637337814],[0.938333083960407,46.55951855849465],[0.943005314882582,46.559345916831624],[0.941458400460768,46.55777872728059],[0.943591087564138,46.55534902435372],[0.944758525855732,46.55558797733827],[0.945093127935288,46.554298713273184],[0.944810261244105,46.554217070106375],[0.944798413982245,46.554046616293704],[0.945358133491813,46.55059690028689],[0.942974827514494,46.547293374850526],[0.940184650433086,46.543986071326685],[0.940644253600642,46.54363854878091],[0.94096682334066,46.54263371371453],[0.94100980072709,46.54211835779006],[0.940332324431353,46.54204851554937],[0.939968184058911,46.541908648563016],[0.938489334344757,46.54090379640572],[0.937731072991827,46.54048569374033],[0.93773864760288,46.54032009216128],[0.933928318986361,46.53928663919624],[0.933380402732018,46.539725317351845],[0.931971700765466,46.5387684835997],[0.931450893890443,46.53921484881191],[0.930716870840357,46.53967266823983],[0.927428052168416,46.54061567364151],[0.925034916096897,46.54120822745415],[0.921538414159587,46.54249138846925],[0.920507685995878,46.54302392117475],[0.919353707518753,46.543296587498325],[0.917573229707827,46.54353171923133],[0.916592635015183,46.54374175855228],[0.914277128150982,46.543731998007466],[0.913573483768769,46.54380023670228],[0.913026544049736,46.543935283391136],[0.912037865449202,46.54445769958715],[0.913788521825617,46.54534355185369],[0.912737920323395,46.54952552137771],[0.911364705660662,46.55067595171785],[0.909308164583396,46.552653389431434],[0.90818721312295,46.55430290800291],[0.907752286432464,46.554612023517194],[0.907303151207751,46.55450923148931],[0.907039077543944,46.55458547021012]]]]}},{"type":"Feature","properties":{"fid":621,"ID":"COMMUNE_0000000009749876","NOM":"Adriers","NOM_M":"ADRIERS","INSEE_COM":"86001","STATUT":"Commune simple","POPULATION":701,"INSEE_CAN":"10","INSEE_ARR":"2","INSEE_DEP":"86","INSEE_REG":"75","SIREN_EPCI":"200070043"},"geometry":{"type":"MultiPolygon","coordinates":[[[[0.834376944325239,46.29394211315627],[0.834440884685832,46.29377127349205],[0.83591706837875,46.29328046543379],[0.836136080340842,46.293131488680345],[0.834394091527076,46.29186696280065],[0.834904575332834,46.28950752722562],[0.835247309655672,46.28912128795462],[0.838369568178233,46.287351046775996],[0.83917776959077,46.286594388981776],[0.840266217447579,46.28298295908284],[0.840487102058365,46.28262051753281],[0.839875719713892,46.28165135527463],[0.841560978604843,46.28121939658732],[0.842359599860803,46.28175700502107],[0.842758153099366,46.282127584515806],[0.843920324315657,46.28283691748116],[0.84545217844243,46.28194528450659],[0.84397573219841,46.28017696651626],[0.843479963229344,46.27828397761738],[0.847151636289897,46.276956305897365],[0.846379490293347,46.275944503135285],[0.845659745995195,46.27587953930387],[0.846690211611345,46.27484868719884],[0.847142767851673,46.27463834878701],[0.848914701273308,46.274175495957024],[0.850176573241305,46.273666952696765],[0.850898235196653,46.27331845235176],[0.852533110145675,46.27224130662319],[0.853465316419964,46.270795971705496],[0.851687744614143,46.269552650027],[0.852668947781386,46.26861270054805],[0.859449577369355,46.263423833045046],[0.859595871661041,46.263236513431174],[0.860310123175321,46.26277341467431],[0.861377025629804,46.261860228288946],[0.861452928381768,46.26187876983225],[0.863693408776139,46.25901303531359],[0.862483531349875,46.256970705397556],[0.861369503935366,46.25477071852619],[0.860005780318637,46.25271555780053],[0.859002987592628,46.25009965905399],[0.858776841537889,46.249772913704696],[0.857750253438417,46.24866451127341],[0.857353171639166,46.248525516562324],[0.852340780599285,46.24889944631488],[0.849083527117422,46.24898385487395],[0.848207532267068,46.249203306412085],[0.84747351818095,46.248618307563945],[0.847752145997168,46.24846683624463],[0.847542965869612,46.2482719069262],[0.848067272892069,46.24801428177351],[0.847521103023763,46.24760579153169],[0.847939756557537,46.24742634088106],[0.847133807826953,46.24675620294758],[0.847119771104173,46.24638660337138],[0.849422036386581,46.2455878790852],[0.849404645787978,46.245468642943344],[0.848854437024074,46.24479974706233],[0.848543684024769,46.24471189748966],[0.847449913860649,46.24396605472943],[0.845245887002879,46.24190560897516],[0.845771149949692,46.241490370595294],[0.84479982805265,46.241066608241965],[0.844187353252338,46.24089375855158],[0.84330283240551,46.24080492970525],[0.841436101266684,46.239811960168346],[0.841380262705989,46.239548762998325],[0.841795057818612,46.239202611271885],[0.84213797247434,46.238538908084216],[0.842571561121542,46.238242655110696],[0.843268072485469,46.237928864770204],[0.843584639293998,46.237834874968605],[0.843846050435163,46.237921803897756],[0.845246143799535,46.23906083781269],[0.845791271173704,46.238800015455965],[0.846212789851429,46.23848009920098],[0.84632105091671,46.238500164977815],[0.846550641542313,46.238372991904335],[0.847114117946243,46.23823952571836],[0.847522690371749,46.23821572803552],[0.848336501956357,46.23838516164704],[0.848911483231032,46.2382230781561],[0.849141900595997,46.23800853659278],[0.849028100329566,46.23776586752866],[0.849530516012216,46.23720334817383],[0.850339409415884,46.236538520526615],[0.85111546871993,46.23624690517441],[0.851816979597883,46.236101610517814],[0.851943892780675,46.235976992149006],[0.852011055063076,46.235753957585565],[0.851867244139887,46.23508463976012],[0.852445701095815,46.2340380055319],[0.851982618882673,46.2333671641166],[0.851612042427487,46.23225756940903],[0.851081131848327,46.231529592197475],[0.84986662488098,46.23085625418839],[0.849695215627978,46.230461159542735],[0.848301780370631,46.228759293228876],[0.846803097392376,46.229110177480656],[0.845275583522067,46.22926952309535],[0.842814999681584,46.22909406947675],[0.84148217556927,46.22908860344451],[0.829550349011213,46.22962905700087],[0.827092738697788,46.22941188163654],[0.825344135307338,46.229383870290704],[0.824679328360601,46.229226126078956],[0.821505798191893,46.228146559527055],[0.821128070422197,46.22808167184381],[0.814098399051393,46.22882510323875],[0.810477289212302,46.229629261098296],[0.809864688314613,46.2272248690909],[0.807771173996995,46.22744938302572],[0.806396458930594,46.22738864802743],[0.806454623841865,46.22603312125537],[0.807201154229739,46.22528181133651],[0.807275221944065,46.22492290771383],[0.806610171243265,46.2237363042299],[0.806180038503489,46.223749628321194],[0.804428344379104,46.22163310834875],[0.803466678967173,46.219916474299744],[0.802492839673388,46.21889323526347],[0.802018073600086,46.21856426550374],[0.801599595378965,46.21841744881511],[0.799881653826276,46.21672939878728],[0.799620828046554,46.215985670224136],[0.798910859746905,46.21543953898784],[0.798606877921441,46.21531834834374],[0.797557428927775,46.21511515908313],[0.795313062884133,46.214099669967396],[0.794476999651248,46.2141411110406],[0.793976995441492,46.21398998148697],[0.794271032683264,46.21435782043869],[0.794057894881133,46.21443025696705],[0.792779741378103,46.215685541028364],[0.792757789607377,46.216294979704514],[0.793450385776926,46.21769029955073],[0.793593195894392,46.21817231392483],[0.793851132990247,46.21850251887999],[0.794122440077592,46.21927439093585],[0.79465309115708,46.219987332279196],[0.79473556943141,46.22051772071506],[0.79568538866196,46.220780259779765],[0.795159379525337,46.22114481005559],[0.793881396792659,46.22174790828355],[0.791613803998916,46.22252726255501],[0.788679253150793,46.223880050891886],[0.791211954023376,46.22650745133192],[0.791532313220879,46.22709290810194],[0.792264364591336,46.229122283725914],[0.792157352349009,46.22981294750986],[0.790771004499965,46.23345152239005],[0.790856631724723,46.23496568452735],[0.790131282418731,46.23505429144411],[0.785431029304863,46.236040287317365],[0.774536759665985,46.239967942837644],[0.774155869992652,46.24020371792027],[0.773417038862978,46.24119639815724],[0.773046135532867,46.24134588470082],[0.772658645550859,46.24167971727151],[0.771937593625107,46.24207457979895],[0.770590107821233,46.24251662016766],[0.768787428121207,46.24278576646459],[0.766525231229833,46.24279723299568],[0.764903004638959,46.242588811458596],[0.761442066279851,46.24257752222514],[0.758990120539159,46.242244586678595],[0.756989504466786,46.24220966722535],[0.75678592386908,46.24229844043852],[0.753713519486368,46.242690947235424],[0.752579199139531,46.24296492446111],[0.751226533122886,46.243117465329725],[0.750577301747107,46.24327669298252],[0.747696024290853,46.24432322892271],[0.747205755593316,46.24462611651041],[0.745402061189298,46.243937275303814],[0.743860799438979,46.243560797912984],[0.742153750275674,46.24345847063081],[0.74097582050586,46.24346571785942],[0.740189103371692,46.24374647422782],[0.738505454657403,46.24354906692743],[0.737733289767107,46.24354002221588],[0.736304187489058,46.24261885515112],[0.735926178289975,46.24246629660485],[0.73517385578895,46.24226034276526],[0.73404287562683,46.242074769344974],[0.731916745382576,46.24105768286698],[0.730248986739001,46.24047940731612],[0.729025544048445,46.24017662906076],[0.72870459890813,46.24071523820606],[0.728290375606224,46.24093578464227],[0.727918249977099,46.2410490679737],[0.727169465298225,46.240946729004825],[0.726881760731315,46.241090522775785],[0.72663854281376,46.241882918502846],[0.7259661221908,46.242818079454324],[0.725794902615533,46.243720915965305],[0.725524426054068,46.24426232748584],[0.725273620359771,46.24461134900995],[0.723826546174755,46.24562649904288],[0.723427565226622,46.246353613826436],[0.723480610179615,46.24654565623999],[0.723659201454556,46.24665372837284],[0.72405150227708,46.24683724261419],[0.724220130227193,46.24702889394519],[0.724156266752085,46.24790955256368],[0.72432772845291,46.248970584193614],[0.72460657200505,46.24916624064616],[0.725239923629087,46.249142869748525],[0.725957752732594,46.24924279882249],[0.726435595242667,46.249555934903334],[0.726951920207316,46.2505688993218],[0.727497202158666,46.2509158083719],[0.728278205250225,46.252216918982825],[0.72869889374889,46.25262529485676],[0.728690531996181,46.252952137220916],[0.728085354810748,46.25345354228623],[0.727667275880647,46.25479737384715],[0.727041569002893,46.255292057971644],[0.726655674091377,46.25548433901728],[0.726340942619501,46.255839293206364],[0.725013960787046,46.25658300276463],[0.723478944478288,46.25714416729766],[0.72287034180312,46.257444587471404],[0.722036385437528,46.25810443890109],[0.721094453221922,46.25951703808309],[0.720382558701043,46.260051401105606],[0.719990735842602,46.260602982681526],[0.719513341557107,46.26096366906517],[0.717790897077785,46.26153001313509],[0.71666725795496,46.262063303788636],[0.716099972795085,46.263021241834544],[0.716037290449586,46.26334068846103],[0.716114854788677,46.26356745870523],[0.715897518704075,46.26401352500318],[0.715552430974129,46.26447053976365],[0.715392115435145,46.264919551354396],[0.71466807194408,46.26574191077908],[0.714696018762019,46.266037051617495],[0.715267736666711,46.26681065246156],[0.716861203728498,46.267005680706724],[0.717930452209757,46.267499170639],[0.719177311688919,46.268469157369054],[0.719960324114354,46.26888121974597],[0.721268107074374,46.2693254034181],[0.722540419398456,46.26949860620493],[0.722681431148592,46.26963745613112],[0.722511425912488,46.26985206114957],[0.723396158101107,46.270099476401114],[0.723331225999181,46.27038014449097],[0.72345918461663,46.27139526136418],[0.723131030537983,46.27306968819478],[0.723147708046041,46.27366818746384],[0.723803274823199,46.274492063833975],[0.723223799895424,46.274837213330365],[0.722724971876208,46.2753046874428],[0.722418475146356,46.27577060239914],[0.722127193639139,46.2758395452937],[0.722010375338306,46.27608674387165],[0.721677361560473,46.27634673211402],[0.721655937919802,46.27658052493445],[0.720882168644853,46.27672358713774],[0.720329052205094,46.27649720895405],[0.720100766420278,46.276176438152106],[0.719889216326877,46.276171300497815],[0.719802928667314,46.27621551575912],[0.719730078777664,46.27656088495171],[0.719151175460123,46.27661054627834],[0.718968942831708,46.276961831254134],[0.718657069064125,46.277181696207926],[0.718594265882723,46.27775338025356],[0.718124930625633,46.27791693802382],[0.717968402321862,46.27824351287138],[0.7183406875565,46.278600505515996],[0.718228047378463,46.279058583956534],[0.718566212760996,46.279579747944645],[0.718547655899194,46.2796820733183],[0.718222776026754,46.279839517882564],[0.718105586755464,46.280032654262165],[0.717709829222031,46.28017606489005],[0.717706071564305,46.28057777005125],[0.717478213260568,46.28058941755276],[0.717304660187737,46.280295863301795],[0.717031909852905,46.28048047450846],[0.717092406799821,46.28077446488852],[0.716614635027673,46.28076578482591],[0.716509524408016,46.28082493477409],[0.716483876695361,46.2810036902114],[0.716155132630913,46.28100430311116],[0.716049629045562,46.28110398318153],[0.716372518452631,46.28174195824337],[0.716261153567688,46.28220006062823],[0.716780353086446,46.28246181160446],[0.71702401506548,46.28275677228968],[0.716845369921786,46.28320812095886],[0.717005243863561,46.28342482889647],[0.716833118690689,46.283595242130225],[0.716685643028713,46.283579672839146],[0.716486000476639,46.28388015745918],[0.716631379612287,46.28444430449345],[0.716330069433458,46.28493913599833],[0.716352590069846,46.285146783896565],[0.71666527549693,46.28540709526805],[0.716659792738227,46.28553850985548],[0.716262540392696,46.28612150256774],[0.71600546650847,46.28627219385176],[0.715198585745848,46.286519956002174],[0.71450714179168,46.28649256675022],[0.714215454924779,46.286569590222456],[0.713183152667667,46.28729837323103],[0.713944898894974,46.28766500190189],[0.71559420499349,46.287999887777396],[0.715859296211358,46.28799980053992],[0.716797770031188,46.28783755050083],[0.71777328128178,46.28778413746204],[0.718886992854711,46.28753259473856],[0.719389282174861,46.28751563042092],[0.720164787227554,46.28699154988977],[0.720819774668039,46.28667765303878],[0.722232306828348,46.28711310259264],[0.723362563951743,46.28696274301642],[0.723972847272664,46.28700467135915],[0.724889772964784,46.28692210039655],[0.725986411644914,46.28720525287238],[0.727278833771999,46.28696710726246],[0.727965084702732,46.28740149890381],[0.729362291616603,46.28745639459968],[0.730212358186156,46.28770125718588],[0.731389607053979,46.2877021964611],[0.732270533621749,46.28851969645669],[0.732821932013162,46.288038813545995],[0.733409723695575,46.2876829694845],[0.734830473792665,46.28892738416986],[0.734714370202689,46.289283611521505],[0.7355027338425,46.289230827582],[0.737930840951954,46.28940250369909],[0.738966409761299,46.289814037352414],[0.739597989114049,46.28990765210384],[0.741351633630171,46.290584750707886],[0.74422076781471,46.291061415293235],[0.74470330852556,46.29117727246099],[0.745181326521578,46.29140294084452],[0.744928944914648,46.29156730178716],[0.746490157612663,46.29313324295132],[0.746114901685789,46.29347264101258],[0.745629411386129,46.29358554597287],[0.748114682487383,46.295310282481765],[0.747241216974395,46.295565962935655],[0.748655388818771,46.29666682993835],[0.749966040512205,46.29791607344236],[0.750151933722731,46.29797830047051],[0.752487810101697,46.298538800106776],[0.754972858502249,46.298727442316284],[0.756299631754582,46.29743295803569],[0.757500377375663,46.29768992432538],[0.757678796890973,46.29533414122236],[0.761187485657294,46.29511760521116],[0.762903672923121,46.295099982299845],[0.763921557567805,46.29680994188015],[0.766063795641764,46.29912298889322],[0.767006995240848,46.29970540798175],[0.767543987778216,46.300719465000014],[0.768752469068972,46.30216015821234],[0.769154463401063,46.30221487576898],[0.769533533410215,46.302608757427066],[0.770480419227322,46.30332634287685],[0.770493914876539,46.30353740212113],[0.770836143935892,46.30375129203046],[0.771284700143894,46.304673514709435],[0.771795818665839,46.3046663984801],[0.771870100767103,46.304725504875044],[0.771920801145462,46.30504449070292],[0.771591383593502,46.30524974238796],[0.771959271120337,46.30642982348838],[0.772257114799313,46.30629782145167],[0.772363499013171,46.30694129491459],[0.772734131346561,46.30741607454945],[0.773048478157062,46.307613196918034],[0.773629928900621,46.30868934636859],[0.774373085653839,46.30933805410111],[0.775200967011984,46.3098217574748],[0.775000341956788,46.31015204757543],[0.775218246687099,46.310259899057506],[0.775981263885832,46.3096856544579],[0.776000619890034,46.30959324672735],[0.776457467177655,46.309419296210166],[0.777782840499412,46.30818489650412],[0.777989601428543,46.308279012900115],[0.778539739716354,46.30788797222186],[0.779009706617691,46.307486357602414],[0.779280866860815,46.30701870823539],[0.779567127603086,46.307075635953254],[0.779829018636213,46.30651592001049],[0.780512856364659,46.306449072537525],[0.780712407020647,46.30608001687978],[0.78064964157447,46.305832867362376],[0.781717577620708,46.3056536854938],[0.781951123453423,46.30492675960968],[0.784242144327309,46.30510106809917],[0.784394420834046,46.30390862991366],[0.786130478576373,46.303952294739524],[0.786543053195286,46.303296402282946],[0.788070789579209,46.30363776681741],[0.788255001777774,46.303421541918595],[0.789019521186531,46.30338323578311],[0.788645134438154,46.30428490318611],[0.790154295751172,46.30392863801424],[0.791463319220236,46.303442357040055],[0.791994564550072,46.30222753191604],[0.791485043925722,46.30203478563756],[0.793064109515643,46.30042678890234],[0.794087772941328,46.3007294789081],[0.793751115151411,46.29853845367233],[0.796015419575441,46.296982426433075],[0.797391160404953,46.29496236509662],[0.798338457993444,46.29389879078918],[0.799408903742269,46.29381138119864],[0.800276529701864,46.29337052405679],[0.803245740029703,46.29425029027825],[0.802635441189039,46.29530599310882],[0.800955201799461,46.294882603640644],[0.800881960843878,46.29502351970597],[0.800969633857954,46.29517024540935],[0.804005013602652,46.29770698099585],[0.804664338454489,46.29737287484489],[0.808176372664026,46.299665548494076],[0.808227534321517,46.29822611855146],[0.808070311876305,46.297381724859655],[0.808147182706375,46.297344468922184],[0.809357921655736,46.297909157317314],[0.809714745964512,46.297631360383946],[0.809672608703722,46.29754767442],[0.810315490667116,46.29733122765785],[0.810551418670065,46.29750872112676],[0.810776876379804,46.29752566660655],[0.810917443845134,46.29739054284332],[0.811191092108677,46.29737238091197],[0.811475157551888,46.297256228992076],[0.811779011432938,46.296970201395744],[0.811828101520258,46.29649010608056],[0.811742377116626,46.296293881630085],[0.812007443452851,46.29597017458259],[0.812867237674523,46.295788508905524],[0.813798283860825,46.29603519360334],[0.813800616953982,46.2962370222],[0.814906838845778,46.2964582338606],[0.814979663014442,46.296164162027715],[0.813861415905374,46.29578867980858],[0.81400421998836,46.29517435882292],[0.813938535768201,46.294899248550934],[0.814280707195419,46.29488960131038],[0.815139333509277,46.293792663050425],[0.816015935082134,46.29410044218752],[0.81681145204237,46.29334639504139],[0.818137646294995,46.29261242025362],[0.819198272262706,46.291758941264774],[0.819735904494231,46.29215929037228],[0.819249860304406,46.29277965654557],[0.819162270419423,46.29305362990559],[0.820678400590231,46.29332497383755],[0.821139750923305,46.29407517517446],[0.822898496654926,46.29409619882118],[0.824928082463173,46.294398018442905],[0.833751005497661,46.296458794624165],[0.833867821736191,46.29626553978511],[0.833552220733633,46.29603072988408],[0.834376944325239,46.29394211315627]]]]}},{"type":"Feature","properties":{"fid":630,"ID":"COMMUNE_0000000009749664","NOM":"Lathus-Saint-Rémy","NOM_M":"LATHUS-SAINT-REMY","INSEE_COM":"86120","STATUT":"Commune simple","POPULATION":1214,"INSEE_CAN":"12","INSEE_ARR":"2","INSEE_DEP":"86","INSEE_REG":"75","SIREN_EPCI":"200070043"},"geometry":{"type":"MultiPolygon","coordinates":[[[[0.941002496792786,46.38265014200201],[0.943324231604764,46.38169036723951],[0.943702843073801,46.3814521830381],[0.944894155572697,46.380438665913026],[0.94534103786224,46.38028818052132],[0.947355209031198,46.37926513678793],[0.9488822618254,46.37880438868952],[0.95120803982952,46.37797153966742],[0.953580078117546,46.379168006041446],[0.954319093385005,46.3793830341988],[0.961673103148089,46.3802776332588],[0.964783402276999,46.3799728634289],[0.967520454947611,46.380044184417315],[0.970445209097582,46.3797927029498],[0.970886730566809,46.379819473899225],[0.972575769673122,46.378986575902694],[0.973673725746504,46.37857912412561],[0.974371567819141,46.37843208384541],[0.977009770640907,46.37832397276943],[0.976498402908184,46.376669209628474],[0.978229825699077,46.3761630585592],[0.980010287591787,46.376300893901174],[0.981001497730285,46.375996871946214],[0.983344398593638,46.374859224368706],[0.983541099902592,46.37499511386635],[0.984957352054574,46.37435087848181],[0.984677548393172,46.37420992004911],[0.984225900300324,46.373788489722],[0.984643327880415,46.37252669497318],[0.984604199544936,46.371823410331125],[0.984302794883372,46.371210070359176],[0.98388633023131,46.37085861844585],[0.983562419779394,46.37039710697082],[0.983522807017625,46.37016581175302],[0.984062551782998,46.36950338597714],[0.985571044579182,46.36808251835578],[0.985970336856218,46.36759325149175],[0.986751191842656,46.367095406993954],[0.98780803617566,46.366734839156535],[0.988663818262243,46.3665337533511],[0.989414944031043,46.3662416409128],[0.989552106882741,46.36608552535649],[0.989610756059765,46.365693828006],[0.990397087547985,46.36532846770807],[0.989348667298475,46.363586833399275],[0.989011587382879,46.363412447347244],[0.988903753516076,46.36294845559162],[0.989046953665817,46.36255734871682],[0.988996908426485,46.361583644880064],[0.989495976821982,46.361244751703964],[0.989614746878117,46.360916266669314],[0.989840725623863,46.36082116692607],[0.98983804073811,46.36036353332709],[0.990158767432802,46.36002689795385],[0.990236923053453,46.35956438392088],[0.990575773910705,46.359088449064465],[0.990681323005212,46.358730004944036],[0.990135291750018,46.35797635334652],[0.990063706541715,46.357552634764716],[0.988890513526803,46.355988944347004],[0.988731585913748,46.355358310404746],[0.98833308330962,46.35501619685024],[0.988302571864587,46.35453735416654],[0.987525382125743,46.35412820430207],[0.987389431506125,46.35375739295888],[0.98730285621558,46.35183363857165],[0.987624324665497,46.349850430474426],[0.98754185025003,46.34933463937777],[0.98709335482033,46.348443974206724],[0.986985615726262,46.34773137013835],[0.987151300260701,46.347400112717224],[0.987757180325244,46.34708923662406],[0.988403839762237,46.34644759645885],[0.988697957978542,46.34580693944338],[0.98917871493297,46.34585595494057],[0.990125920524675,46.346414016878015],[0.991995133383396,46.34665953678347],[0.992770884973194,46.346857854436536],[0.993246897363132,46.3471427683678],[0.993275063989089,46.34694239450246],[0.994072063618921,46.347164496945],[0.997226847812434,46.347505505182966],[0.997107300705822,46.34778624346474],[0.998603655657868,46.347879179296534],[0.999796655378195,46.34694891569462],[1.000515385841081,46.34650213703169],[1.001321936039577,46.346143366593786],[1.001786615819269,46.346276718105905],[1.001965704537774,46.34650144369169],[1.003165548066322,46.34669901536267],[1.00416278203002,46.346567853705814],[1.004910073564609,46.34619270791997],[1.006375134893237,46.3470001958289],[1.00777237379785,46.34802806500013],[1.008084587803266,46.34859829493414],[1.008241867408128,46.34942253268214],[1.009367929011796,46.35118426217599],[1.009977384452878,46.35091566758893],[1.0109567864444,46.350847187141106],[1.01219669271344,46.35094807884613],[1.013303306686494,46.34988466071701],[1.013672096990325,46.34965148598243],[1.014665592383072,46.34965978382215],[1.015078258844245,46.35000925601901],[1.015336356873723,46.350065993110526],[1.015541406762837,46.350007410461764],[1.016205907885908,46.3495469800924],[1.016555014116247,46.34917473764874],[1.017659372592358,46.34845712930624],[1.018213539560112,46.34798936465687],[1.01905965489434,46.347541082907384],[1.019398985944022,46.346863306968736],[1.019520586820071,46.34637901272816],[1.019909404843248,46.34591467291904],[1.020068388724661,46.34583456497492],[1.021435083893996,46.34573579132723],[1.02186287982393,46.34563152207549],[1.02222897537233,46.345363144558235],[1.022526350474288,46.34490891955376],[1.022858900139508,46.344668782291826],[1.023127572968001,46.344756311079095],[1.023406327750827,46.34470890115788],[1.023963004097684,46.34431321356373],[1.023985110651041,46.34409741619475],[1.024786174515687,46.34374109012823],[1.02535160525889,46.34331852518036],[1.026445073042292,46.34336448416432],[1.026838623748983,46.34330734364642],[1.026963173548623,46.342883443944245],[1.027180825317942,46.3428709974487],[1.027356359671979,46.34265605334586],[1.02771965452176,46.342716384743504],[1.027845764568875,46.342609575702554],[1.027726018187079,46.34250391749555],[1.026891775058175,46.34219493454097],[1.026752989233388,46.34204030509641],[1.026659174386785,46.341504535189365],[1.02580753949982,46.34081332387306],[1.025563223593452,46.34044789052986],[1.025481486880178,46.3393619687644],[1.025112866752997,46.33880161980912],[1.025035347436658,46.338463395166904],[1.025108948200126,46.338225970949864],[1.025487486937108,46.338007340853224],[1.02543469342865,46.33763261393774],[1.026512223276593,46.33743239277062],[1.026852963085022,46.33721580609883],[1.027302874418258,46.337145228339004],[1.027374216737403,46.336645644836615],[1.027497421904844,46.336546892828174],[1.028461040615672,46.33633117103806],[1.028950133530152,46.33639998045102],[1.029381733059678,46.3361516298838],[1.029840959207566,46.33611092815724],[1.03020564970126,46.33580647214955],[1.030600727915569,46.33566917912363],[1.030660980289084,46.335440528591924],[1.030934765229224,46.33527681834671],[1.030879942180974,46.33513805623896],[1.030542745879164,46.33500432339883],[1.030107539055055,46.334559037030076],[1.029947556999871,46.334054553116424],[1.029215414365334,46.333730235340404],[1.029153250244808,46.33350667463956],[1.028594308016942,46.332887198565686],[1.028219341559211,46.33261138701434],[1.027849029154891,46.332495087893264],[1.027758184502475,46.33227373223903],[1.027275460483048,46.33192129013416],[1.026701842130276,46.331853711554444],[1.026810481126092,46.331545733509884],[1.026522534928261,46.33087689276939],[1.026770674486239,46.33045062938832],[1.026494755194462,46.329917109604544],[1.025675377032332,46.32844549842627],[1.025366760327258,46.3281699252721],[1.024868000114411,46.32808291643755],[1.024670195468218,46.327943474133924],[1.024710100044782,46.32755864311874],[1.024523280865083,46.327331117028706],[1.024684161350827,46.32698081019189],[1.024325173291785,46.32669625401789],[1.024328198863366,46.32657650616568],[1.024440957780775,46.32651450745464],[1.024815836945112,46.326575050959455],[1.0250131907112,46.32636679425535],[1.025216222925867,46.32639733543483],[1.02546701091243,46.32629359063763],[1.026097486546779,46.325720824713294],[1.026977755802328,46.325215433466575],[1.027596894321125,46.32445150363542],[1.027676438149257,46.32404844211076],[1.027919699464112,46.32368424413294],[1.02792657945991,46.32345737332352],[1.02782563624714,46.322831404113764],[1.02767815521741,46.322522595268254],[1.027329606516394,46.32216526780817],[1.02752336229343,46.3219839674162],[1.027082670121904,46.321982643321],[1.026589419844294,46.32170837958535],[1.02549619318498,46.321451642023916],[1.025136266115082,46.32101394312361],[1.025212085510169,46.32071440515373],[1.024757328661085,46.31995078963996],[1.024053888439362,46.31970169459922],[1.023569757636395,46.31964375648268],[1.023258580311601,46.31976446417671],[1.02306269039887,46.319680898400286],[1.023023439786706,46.31936405227725],[1.023389290761541,46.3190614404013],[1.022699999425018,46.318781055679345],[1.022570426701552,46.317942005137205],[1.021367503884975,46.317054594694504],[1.020905850628468,46.31659169484611],[1.020683667474956,46.31619330402257],[1.020630088548509,46.31576991849809],[1.020775330278742,46.315492306441094],[1.020832692168257,46.31480512502522],[1.021858034237545,46.31441849247473],[1.022374618705421,46.31415272989659],[1.022554625455273,46.31395588648341],[1.022521434458164,46.313471604405684],[1.022353345351601,46.31326691739664],[1.022296756474665,46.31256694828551],[1.022049577369776,46.312105072975804],[1.021989099292104,46.311369005751196],[1.021858824166523,46.31112534106535],[1.022043751574,46.31061241844967],[1.021503062932479,46.310215704334155],[1.020434906698819,46.310207057057035],[1.019719550754,46.31032703586949],[1.019350714471098,46.30938473708055],[1.015920737529887,46.30962860705829],[1.012384011707943,46.310269548279194],[1.012086316393331,46.30998421783139],[1.012017801367209,46.30958038277104],[1.011355332019761,46.30924634850634],[1.00983643233394,46.308193858074894],[1.009264583729126,46.30769205123488],[1.008612243959064,46.30768785567542],[1.008768403010356,46.30589717085517],[1.007963853352606,46.305112052912385],[1.006777546680703,46.30306909160591],[1.00665422011179,46.302708430355196],[1.006835084159776,46.302345886049025],[1.007043387067529,46.30215766857049],[1.007451506072863,46.30208554147721],[1.009647580775718,46.30270222455522],[1.010317898132767,46.30221041012353],[1.011095617589554,46.3014808650345],[1.011799112513753,46.301398566835836],[1.01213149628356,46.301085498964696],[1.012015410318655,46.299988148343715],[1.012397140514438,46.299282308803726],[1.012332047370851,46.29899923487306],[1.01113437167581,46.29698224175831],[1.009819446889543,46.29519017717698],[1.006418441651172,46.296480938880926],[1.005482950048314,46.29419463820974],[1.001646718959587,46.29202951096301],[1.007858230741426,46.28566725659519],[1.007360475523189,46.28556396732633],[1.006570811441656,46.285520421024316],[1.005931652083427,46.285090375035495],[1.005230522616688,46.2839368270481],[1.005791514384612,46.283373767510106],[1.006204378130729,46.282204600009955],[1.005891998265048,46.28097228921907],[1.004161686785547,46.280469070995885],[1.002913552471487,46.28113627099787],[1.00101241936489,46.28193161423957],[1.000280321672272,46.28251866901384],[0.999110791443899,46.28302326989879],[0.996369262737876,46.28349030023332],[0.99325819464234,46.28368772933151],[0.992324454507783,46.284101836621545],[0.990775874407676,46.28505455773301],[0.990469953816879,46.28457535535208],[0.990234091950358,46.28374518819785],[0.98991238318941,46.28305942940483],[0.988532654173867,46.280902043622525],[0.988570239588732,46.280621667658586],[0.988124439287942,46.28069756292852],[0.987571312883031,46.28093640037997],[0.986453735095373,46.28094456621987],[0.985935064381156,46.28105879820711],[0.985319611379169,46.28133165248248],[0.985190821399742,46.2815833907196],[0.984146796732636,46.28199277765104],[0.983426682791981,46.28196741557593],[0.98247082878363,46.28213424013742],[0.982305155534365,46.28225831315277],[0.980676188655613,46.282850967896024],[0.980380075173758,46.282988938749185],[0.980092259797789,46.28325406481169],[0.979514137596044,46.2834996269067],[0.979375006835601,46.28392502446983],[0.978985157262511,46.284454965566304],[0.97835639639341,46.28505092422516],[0.976957947194027,46.28520353960025],[0.976569124908194,46.28535336536162],[0.975363695843351,46.28534545052228],[0.975197963102882,46.28550554345807],[0.974813265946435,46.28543835049786],[0.973717967392748,46.285438682303045],[0.973473563605697,46.285477570062305],[0.973061353054635,46.28573235826427],[0.972899781767208,46.28574479527025],[0.971132284802483,46.28544218412322],[0.97041390509763,46.284983499119996],[0.96988842236443,46.2849290930817],[0.968940666700691,46.28508514077732],[0.966916645493398,46.285708388064094],[0.9667992756352,46.2855801839514],[0.965592812263125,46.28556494109371],[0.965334052620119,46.28578010698933],[0.964185099108062,46.28631444926288],[0.962785497790558,46.28667044666981],[0.9622987412728,46.28669236379496],[0.961360608717364,46.28651883733931],[0.961075073098689,46.28668487261486],[0.95926049299481,46.28607767170061],[0.959194529504405,46.28599992346128],[0.959345501444932,46.28581887056051],[0.958625648558836,46.28536728936373],[0.958389976177661,46.285345949382716],[0.957971241289565,46.28507721546358],[0.957482395579711,46.28491171255208],[0.956994589387647,46.284927282496966],[0.955523633197586,46.284375727660844],[0.954998447156043,46.284383411596956],[0.9543011707121,46.28482397844018],[0.953588804341373,46.28476433771874],[0.953234252011018,46.284656177215105],[0.952600593437685,46.28475017667845],[0.951978777179597,46.284631801710844],[0.951040522265839,46.28487975168431],[0.950024208265224,46.285650542721406],[0.949698831362549,46.28608156285884],[0.949369369064747,46.28627470264437],[0.949284714916882,46.287216294804104],[0.946723689359095,46.28946893726955],[0.946033299943002,46.289860937645095],[0.945613412831571,46.29003892444954],[0.944747522865664,46.29022507539969],[0.944498343761604,46.29038992488589],[0.944042170312915,46.290426729220705],[0.943204274255532,46.2906629170077],[0.94253382796876,46.290661615470384],[0.941486360301415,46.2908381558289],[0.941340266775384,46.29061122022611],[0.940682004630409,46.290562386577434],[0.940622046975107,46.290912607393174],[0.940318291530103,46.291008001604325],[0.939479965867421,46.291151374064825],[0.939095768237438,46.291139917995345],[0.93873296114145,46.29100904369756],[0.938401337963758,46.29129219206031],[0.937704955323975,46.291565131525104],[0.937486041406657,46.291788164323435],[0.93730288687403,46.29220010808143],[0.93671954667319,46.29240392732919],[0.93665316918306,46.2926135079937],[0.936423349012011,46.292849853028706],[0.935841025561194,46.293060892638685],[0.935562557183764,46.29251987889598],[0.934296042153433,46.29106196416498],[0.933477787625476,46.28981304421292],[0.933038559100611,46.288953831356544],[0.932780104564372,46.287918642118065],[0.932637441001574,46.2856757999962],[0.932910468105735,46.28470790878596],[0.933456467221339,46.28366750397349],[0.933627675326911,46.282470765461284],[0.93390771837126,46.28155704657574],[0.933579627864409,46.281747463827855],[0.933356868768103,46.28176323813156],[0.93302125715634,46.28194631103427],[0.932796518830224,46.281980064036794],[0.932428294546009,46.28226973661771],[0.932110529251813,46.28235854851895],[0.931565453657952,46.28203337296149],[0.930710331462778,46.281043184990516],[0.930281627044127,46.2808363191603],[0.929587616930439,46.28077415819462],[0.929231907215962,46.28093883887427],[0.928578677681119,46.28106928100443],[0.927952225292485,46.28148755775272],[0.927635460539866,46.28134397239799],[0.927255647052905,46.28142443516042],[0.92612105914182,46.2812632523789],[0.925846542673517,46.281342025176755],[0.924394696323053,46.28211276546166],[0.922887729944245,46.28252036554832],[0.922708903089168,46.28264501514972],[0.921818282244648,46.28276478246682],[0.921108875426175,46.28297072415839],[0.920713787167916,46.28352109837312],[0.920204651966443,46.28379014371266],[0.919766555606582,46.28386501346987],[0.918870322569192,46.28372162517506],[0.918133218630549,46.283903621985985],[0.91759733684263,46.28391904501985],[0.916092102252707,46.282981708823144],[0.915794144533667,46.28261774070118],[0.915492192112164,46.282529340478895],[0.914395741052395,46.282629067416494],[0.913963886822921,46.28277879482115],[0.913573263173045,46.283176092885746],[0.913109143906595,46.283354051254975],[0.91072830900354,46.2838805919389],[0.909655961381727,46.28419870784025],[0.909541513733272,46.28399753169611],[0.907155386235219,46.284898631443],[0.906956730303048,46.28503099976134],[0.907271098871107,46.28544033299146],[0.906532414921179,46.286375289631785],[0.905490832242527,46.28707586945434],[0.904074053539357,46.28773350330206],[0.902984056614722,46.28806834858878],[0.901618466315373,46.28982946740068],[0.901138476082961,46.28997826075605],[0.899740097022289,46.2898822169307],[0.899095712726155,46.28937129033228],[0.900067246966513,46.28789208937172],[0.900832011758875,46.28726302252787],[0.899952072432021,46.28628835228573],[0.900798407605737,46.28566619506579],[0.901594392532372,46.284154019824406],[0.89823320384551,46.281141921610626],[0.898163721417281,46.278891351433494],[0.897804379932698,46.27776142425386],[0.896870640908312,46.27626507153933],[0.890733524911286,46.268583923364915],[0.889511130755834,46.26828382014414],[0.888054498169499,46.26765867303912],[0.886605927578837,46.266926461042964],[0.885461190721041,46.266231402502264],[0.884525462878495,46.26590954509797],[0.883734120608884,46.265784036663476],[0.882192594566804,46.26577878705887],[0.879045675469745,46.26520403323268],[0.877325148049661,46.26512601998456],[0.876807114197387,46.264752433472076],[0.874792474971555,46.26489049300893],[0.869892517529904,46.26390890456664],[0.868028739739536,46.263374963131305],[0.865754456899133,46.263244062019375],[0.861452928381768,46.26187876983225],[0.861377025629804,46.261860228288946],[0.860310123175321,46.26277341467431],[0.859595871661041,46.263236513431174],[0.859449577369355,46.263423833045046],[0.852668947781386,46.26861270054805],[0.851687744614143,46.269552650027],[0.853465316419964,46.270795971705496],[0.852533110145675,46.27224130662319],[0.850898235196653,46.27331845235176],[0.850176573241305,46.273666952696765],[0.848914701273308,46.274175495957024],[0.847142767851673,46.27463834878701],[0.846690211611345,46.27484868719884],[0.845659745995195,46.27587953930387],[0.846379490293347,46.275944503135285],[0.847151636289897,46.276956305897365],[0.843479963229344,46.27828397761738],[0.84397573219841,46.28017696651626],[0.84545217844243,46.28194528450659],[0.843920324315657,46.28283691748116],[0.847782766555313,46.28869229635427],[0.848871887860037,46.2891164385586],[0.854295577599889,46.290874450378354],[0.854285166971212,46.291769657746634],[0.855740391163906,46.29247087178069],[0.855659268064267,46.292916144979735],[0.856438897527095,46.29324970809415],[0.856213991252842,46.293683267078954],[0.856222926276477,46.29451668221842],[0.85601481426121,46.294819939922974],[0.855806035821699,46.295471797244616],[0.855828137568018,46.29570372087995],[0.856065245262257,46.295954105053845],[0.856932257723904,46.29641362011491],[0.859154200238154,46.2973192818852],[0.862724451673671,46.297679098004735],[0.862677062532834,46.29776108278199],[0.862463411639331,46.29780751829504],[0.862444186532335,46.29816657875571],[0.862238150048907,46.298217660810245],[0.862254979948989,46.29845218606139],[0.86199421381925,46.29860673384996],[0.862057157134691,46.29892499883529],[0.861878587195085,46.2991378400127],[0.862067796360131,46.299317949616274],[0.861839208930148,46.29951363737394],[0.861956010964497,46.29965095079323],[0.861857920374771,46.29989953327159],[0.861923789290554,46.30007642678393],[0.861799468726521,46.300430811841714],[0.861457035925362,46.30071264058064],[0.861576527884751,46.30101395138963],[0.861347400773842,46.301256470029685],[0.861471636948384,46.30150292088434],[0.861789191743599,46.30159175670108],[0.861770556087767,46.301968844173615],[0.861469908331465,46.30237847100328],[0.861687873420913,46.302587946636606],[0.861937933618523,46.30267461400113],[0.861478370871402,46.30312629806622],[0.861633079661971,46.30379039338191],[0.861497036228109,46.304012139764964],[0.861769572208336,46.30405599070059],[0.861662903112992,46.30435755950553],[0.861917774229243,46.30452088546162],[0.861704064849145,46.3049339464657],[0.862256485047901,46.30500016509524],[0.862068733846784,46.3052146360889],[0.862120675626591,46.30581464599518],[0.862718527693293,46.30591594542784],[0.864612187476807,46.30598659147054],[0.864596729655558,46.30634932559799],[0.867617339624537,46.30672029063711],[0.867471841566535,46.307285072626016],[0.866976796450775,46.30794690211756],[0.866489568871341,46.309141250546595],[0.869491869580155,46.3099532126581],[0.870105017520869,46.31006376626255],[0.871593698538356,46.31015644740564],[0.873092318955057,46.31052854278992],[0.874190279897153,46.3109084559188],[0.874574592538819,46.31108767952288],[0.873988411702067,46.31242343808425],[0.875903865075626,46.31187184608104],[0.877380193200588,46.31134627190418],[0.878652832660448,46.31080967995656],[0.879906122620327,46.31006733204177],[0.88077169232525,46.30970239969211],[0.883651173265994,46.30791560070436],[0.885143133241179,46.30630836187855],[0.886496048186238,46.30503452237329],[0.887348832890134,46.305064754760636],[0.892478500408147,46.30477513850371],[0.892785903671474,46.3044880671652],[0.896169112799806,46.30323904722346],[0.896372280267176,46.303228386828856],[0.898772777179756,46.30241874198341],[0.900531279527034,46.30157199402535],[0.901708996145197,46.30112618436013],[0.907045920865857,46.29985697488348],[0.907152904369503,46.29994811905985],[0.907426343916685,46.30098815217744],[0.907956505295059,46.30204461006869],[0.909443529061573,46.30370684677953],[0.9095633178357,46.30461974411902],[0.90948433265266,46.3048840276666],[0.909133127011887,46.304891093492564],[0.908905458573816,46.304998612288216],[0.907953629362145,46.30745650734853],[0.907352089829205,46.31067749434739],[0.906228136742662,46.31256741921637],[0.906078145906542,46.31308982331062],[0.906088104801096,46.3135088738551],[0.905378764861212,46.314549759276474],[0.904540610662525,46.31508382881202],[0.903567787245274,46.31509475737974],[0.902906385473144,46.315256437709515],[0.901532877559445,46.31591845154495],[0.900955421808699,46.31643297567753],[0.90062285104229,46.317612289844185],[0.900335890958017,46.31773851754102],[0.89868117186821,46.31796834052279],[0.897835248225857,46.31795724005346],[0.895821079244173,46.31827046859754],[0.895249674813985,46.31849051754841],[0.893593308116394,46.31839054656254],[0.892580816927943,46.318180855381904],[0.891972085058137,46.318795646296806],[0.893010348222791,46.32042907324403],[0.893336163988588,46.320780101608655],[0.89324293210003,46.32255924630495],[0.892892016178854,46.32383818970695],[0.892743564521703,46.324822713873175],[0.892537508311876,46.32527740690252],[0.892554362068059,46.325346178883606],[0.892988407400067,46.32535240378743],[0.892912301402072,46.32584282954218],[0.893468306660565,46.3269025328285],[0.893640212162746,46.32733448779453],[0.893592860239104,46.32744981478572],[0.895653258875158,46.32729601258078],[0.89657138846385,46.32698867831334],[0.896913754168355,46.326741874840444],[0.897981881022256,46.325508581664806],[0.898364609728435,46.32519225689897],[0.898617850639453,46.325098740938664],[0.899629222752873,46.32662801368102],[0.898230051545512,46.32798312906174],[0.897738029904487,46.32826681059389],[0.898287779373418,46.329356999379954],[0.898650444473352,46.33040950543607],[0.899384540015948,46.331779629521535],[0.899649091261224,46.332103385212285],[0.900767669032988,46.332842825038455],[0.900679988556996,46.333263680435145],[0.900296656577443,46.33369620425792],[0.899258996162623,46.33396443440128],[0.895730863119715,46.33396420473044],[0.894913836989539,46.33400676739841],[0.894453471392477,46.33410815985569],[0.894136849979432,46.3342590477486],[0.893438252626292,46.33487308862625],[0.893155781601424,46.33542005278412],[0.893199057128626,46.335714510906186],[0.893729102547614,46.33613416778993],[0.896008541430566,46.338509317799044],[0.89615668918089,46.338748960367305],[0.896395262909551,46.33971450721496],[0.896890378196869,46.340435268113595],[0.897175485027919,46.342220489438304],[0.896984576111164,46.34386991694911],[0.897522619418962,46.34543730725482],[0.897226456888672,46.3459002551011],[0.895645930936956,46.347153814351095],[0.895431666805866,46.34741469115408],[0.895343054269107,46.34772292694376],[0.895684565248686,46.348448061682866],[0.895613224943755,46.34945653005407],[0.895921147657031,46.35041254654583],[0.896147779788786,46.35162198516096],[0.896293261635999,46.35193183885796],[0.896748574483866,46.35233748748025],[0.897383534028457,46.35311216763201],[0.897687675392915,46.3536942809965],[0.8976646354996,46.35395508482362],[0.897497252256666,46.354079009405325],[0.897371408956414,46.35440817884887],[0.897454100711327,46.35462589306634],[0.897258248960773,46.35505015570618],[0.897677511803139,46.35723959648834],[0.897973909375908,46.357753105637116],[0.899000744847754,46.35842149923185],[0.899208909165432,46.358726197786496],[0.899385692338817,46.359779772876166],[0.899305264176239,46.36072141545969],[0.899991159883154,46.360851151909266],[0.900424983102466,46.360836621070995],[0.901041837107588,46.36052819828127],[0.901684228977374,46.36043553021737],[0.904333185473068,46.35935105733502],[0.9047793478046,46.358912466857426],[0.905113024279906,46.3584213641239],[0.905450820043966,46.35819606794247],[0.905677822898605,46.35821374950916],[0.906379099199598,46.358688731181225],[0.906850789696599,46.35887394506404],[0.907840119393047,46.35902992231152],[0.908940430947259,46.358971737925735],[0.909522511139844,46.3588563013799],[0.909889789200896,46.358608112480056],[0.910896656984346,46.35820319620455],[0.911612897756687,46.35781096423935],[0.912393119888782,46.35771895958048],[0.912723706858311,46.357817792552915],[0.913221311082489,46.35780167875634],[0.913693266267709,46.35750314832362],[0.91409964352191,46.357559225682664],[0.914666763821402,46.357323685518764],[0.915305536160377,46.35749480496761],[0.916257859998833,46.3575293277796],[0.917758431599125,46.35782337269368],[0.917998789700818,46.35813943239693],[0.917767690528432,46.35836581252343],[0.917628677605173,46.358770427266485],[0.918312334894624,46.359335089892156],[0.918637812971958,46.35987609578539],[0.91864936069558,46.360597832518174],[0.921921086057524,46.361192568654054],[0.930488348361536,46.36618645499744],[0.930204638741487,46.36739014907199],[0.930242474480004,46.36828080354203],[0.931016828109811,46.36996219231621],[0.932192539858376,46.37118334942473],[0.933132932377425,46.372640736113055],[0.932425600482154,46.37369083101984],[0.929597160201539,46.37600586175294],[0.92961429865501,46.37620614519037],[0.929361274933531,46.37649520516377],[0.92916104260316,46.37693655351261],[0.934625707336998,46.378559747041095],[0.936449164822113,46.379523249372106],[0.940254895074119,46.382214183261084],[0.941002496792786,46.38265014200201]]]]}},{"type":"Feature","properties":{"fid":669,"ID":"COMMUNE_0000000009749214","NOM":"Pindray","NOM_M":"PINDRAY","INSEE_COM":"86191","STATUT":"Commune simple","POPULATION":248,"INSEE_CAN":"12","INSEE_ARR":"2","INSEE_DEP":"86","INSEE_REG":"75","SIREN_EPCI":"200070043"},"geometry":{"type":"MultiPolygon","coordinates":[[[[0.82560726331682,46.44596213432768],[0.819863403491338,46.44803797185994],[0.819431334270609,46.44825132020253],[0.819029660164305,46.448193205515956],[0.817852298639935,46.448858928227345],[0.816897878310926,46.44909831782634],[0.81483081026954,46.45024063987728],[0.812077316753616,46.45143553732669],[0.810078791563084,46.452553867092504],[0.808976682432548,46.45299574370051],[0.808173587001639,46.45342353067782],[0.805062677477834,46.454812284631515],[0.803449714259423,46.456027090990574],[0.801661131096093,46.456616940362316],[0.800776874781554,46.45682421947794],[0.80021336658421,46.45706109028164],[0.799870461897144,46.457095923132336],[0.798538654721068,46.457799015466605],[0.797692727862306,46.458153841405355],[0.795919652713266,46.45851779971339],[0.792033903109757,46.45864904222018],[0.791752680981809,46.45902735034398],[0.791170293157191,46.45927822562117],[0.787365934700364,46.46016486190125],[0.786833264267807,46.46012121312092],[0.784855626839327,46.46031889304493],[0.783132121070244,46.46032509437384],[0.78071867537898,46.46072503461488],[0.779407699292498,46.46135624979941],[0.776274012530763,46.463114032270674],[0.775271199763826,46.46555192436481],[0.774889283206478,46.46743619261242],[0.774589183541828,46.46836899388144],[0.773001522598038,46.4720665206293],[0.772726355929703,46.472451208738],[0.772752701097139,46.47279583257168],[0.772635249366769,46.47305387776632],[0.772406364700152,46.47326290818959],[0.77152151003478,46.47385820627586],[0.772302810722085,46.47589396308211],[0.773065312818925,46.47717806964866],[0.775550362547007,46.48041263945913],[0.782933344187336,46.485423178610425],[0.786050417026327,46.48670239561981],[0.787086025902984,46.48695666172602],[0.787140550972287,46.48702707947442],[0.786131568416866,46.48868664105115],[0.787111367425784,46.48970641026368],[0.788738977431471,46.49202325196647],[0.789406208839041,46.49280904817034],[0.789992786789912,46.49375092126373],[0.789549019116483,46.49440172866338],[0.789700888191142,46.49599638516091],[0.790109075365647,46.49709244743553],[0.790340392385371,46.49743562100289],[0.793414107631108,46.49832463356586],[0.793712750224745,46.49855199507314],[0.794518615893566,46.499525998267835],[0.794800827688733,46.49961161389262],[0.796110250230898,46.49958551995488],[0.798025491724866,46.499287329968276],[0.799161872615431,46.49902366000083],[0.801806429066851,46.498947530732394],[0.804565220579968,46.49862581489636],[0.805339916954727,46.498791123753946],[0.806762308942643,46.49949041742902],[0.809119575729741,46.50036345095509],[0.812381880996303,46.50183026560423],[0.812461072719351,46.50261997673315],[0.812735514552566,46.50312787136689],[0.813299416418743,46.503607071876026],[0.816086308177005,46.50470436274322],[0.817860108439216,46.50494271256829],[0.822032471655225,46.50532583954995],[0.827039566015225,46.50594447390737],[0.827145638259107,46.505083533013455],[0.827657879248359,46.50404744996805],[0.828651719728153,46.50274306948318],[0.829255119499095,46.50170961199359],[0.830215826596842,46.5004163000397],[0.830639926475738,46.49992080724009],[0.834523863702505,46.49649037642268],[0.834868253772569,46.49579968923272],[0.835177728804125,46.494181427793876],[0.837113870144905,46.49081399847659],[0.836883805886156,46.49020251275015],[0.837007760034909,46.48888610291482],[0.83649558746403,46.48723336853758],[0.836267321576706,46.48608414315387],[0.835554390274719,46.48403665864942],[0.835711253217372,46.48297579559717],[0.835809452331612,46.48063289654921],[0.835919945005833,46.48041159283366],[0.838265379801207,46.47874448281887],[0.838939603267395,46.47834737564395],[0.841850376618764,46.47734846173137],[0.842931750000118,46.47717250771988],[0.845007740780767,46.477365712051515],[0.846161415888845,46.47724063452667],[0.846568474999212,46.477102378616884],[0.84809254350334,46.476082572653866],[0.848769038129321,46.475526012631605],[0.85096358079324,46.47287485365862],[0.852306387617652,46.47201642923887],[0.85344209615859,46.47108563933922],[0.854755542947008,46.47047435219239],[0.855943319920256,46.4697426892319],[0.856351090281948,46.46931886391722],[0.856493963213831,46.468967535412666],[0.85656380375568,46.46553144414228],[0.856734203964482,46.46394835531703],[0.857114498152523,46.46332673999472],[0.857894082453956,46.462462192537856],[0.858036382446288,46.46199194763623],[0.857980787826375,46.46134954493583],[0.857626148824738,46.4604222902056],[0.857610957830189,46.45987973138358],[0.858113780130558,46.459323466062806],[0.85958405863645,46.45852680466302],[0.860261862678169,46.45806118533108],[0.860655908565959,46.457452427777184],[0.860842838437734,46.456674045705824],[0.860627342365271,46.45528910352523],[0.860729683250416,46.45414161599445],[0.855794889392803,46.45318883187101],[0.85597825704334,46.452734673319924],[0.854634435990662,46.45243920351637],[0.854885630697562,46.451851202133206],[0.852980582652847,46.45151094041675],[0.852833308788601,46.451676619605976],[0.851832889110494,46.45149836835322],[0.851738424500846,46.450819197293356],[0.8503075559805,46.450419347709854],[0.849368745557023,46.45142317099442],[0.848437688106784,46.451865940168],[0.847936733383503,46.45191145059035],[0.847792851616475,46.45199071151467],[0.847054682352327,46.45167323289167],[0.845816364256288,46.45134811885405],[0.845918024482739,46.452074273017516],[0.845173378941923,46.45205302057795],[0.8446798499558,46.451382526893426],[0.842409739954873,46.45160810228345],[0.842137702106543,46.45182996294587],[0.841828559695036,46.452528542328075],[0.83997370594149,46.45230431270763],[0.836064624487634,46.452086191813],[0.835782904938152,46.452387124405426],[0.833144189350494,46.449027569692944],[0.8326403307005,46.44747314277664],[0.831554517413027,46.44747955554542],[0.829943537458813,46.44735437278714],[0.828205209032467,46.44705649466071],[0.826222718243313,46.44628012234819],[0.82560726331682,46.44596213432768]]]]}},{"type":"Feature","properties":{"fid":687,"ID":"COMMUNE_0000000009750353","NOM":"Luchapt","NOM_M":"LUCHAPT","INSEE_COM":"86138","STATUT":"Commune simple","POPULATION":248,"INSEE_CAN":"10","INSEE_ARR":"2","INSEE_DEP":"86","INSEE_REG":"75","SIREN_EPCI":"200070043"},"geometry":{"type":"MultiPolygon","coordinates":[[[[0.800172563041396,46.201659597387206],[0.80022757238214,46.2014849993506],[0.800748852430264,46.201168082005786],[0.801280590239899,46.200654983125155],[0.801565974333711,46.20020287911445],[0.803520561724736,46.19940558780936],[0.80437488595491,46.198967170572594],[0.807586846520473,46.197803127607756],[0.809273324364413,46.19864638654638],[0.809708756227994,46.19836561010166],[0.811659505044295,46.199544528213515],[0.812579783479757,46.19888211280144],[0.81373830804541,46.19826300794158],[0.814541745367452,46.19769922322706],[0.8147332793258,46.197515532801056],[0.814873445648923,46.197188523822035],[0.814809897369119,46.19696029351777],[0.815195016159905,46.19663889324217],[0.816773886786398,46.197124144324086],[0.8141026226225,46.19475497938925],[0.816218479973457,46.19364438697869],[0.81653357750148,46.19397293633452],[0.818197348718693,46.19352924468377],[0.818959616483831,46.19292140083624],[0.818909930070671,46.1922466284582],[0.819875161045009,46.1921120041876],[0.819388404660884,46.19104419524187],[0.820392668903132,46.190579712195735],[0.820054601229006,46.190111104748],[0.819907920440106,46.189461497445386],[0.819105605539762,46.189577627217176],[0.818542249268143,46.18838222804186],[0.818549846200403,46.18786529856632],[0.818797019351881,46.1868034617897],[0.819236955327348,46.18669930005028],[0.820270885497876,46.18626962006886],[0.820272455867692,46.18561024437162],[0.82020709663199,46.18552521392442],[0.81909500744168,46.18521381359136],[0.818499646303068,46.185182569750424],[0.818430013449661,46.1847812654697],[0.819550528911844,46.18452170931292],[0.821460105837077,46.18392234377127],[0.820870645704284,46.18325343928239],[0.82166116523843,46.183137973596324],[0.822525011872952,46.18277617992074],[0.822896785856263,46.18249323587499],[0.824506268328248,46.18409419612924],[0.825203604970965,46.18423545917208],[0.825534638745464,46.18442375989328],[0.825689231270194,46.18467894873945],[0.82568166111031,46.18496796905944],[0.825907026411494,46.18510650325882],[0.826720583004409,46.18473740992664],[0.827477131164761,46.18462846065103],[0.828348043958568,46.18461177416429],[0.828439969493168,46.184943232562944],[0.829810389260712,46.184791044632654],[0.829883477060704,46.18533653825739],[0.830819648530847,46.18527693823761],[0.829753037078502,46.183290977116854],[0.82986104896603,46.18298675915744],[0.830281845204271,46.18277499203385],[0.830867937396871,46.18281050176772],[0.831095513531521,46.18322111678793],[0.83200805694727,46.18313493287833],[0.832246615312563,46.18234946054329],[0.83306004735405,46.18181727186821],[0.833719591661765,46.181536176771225],[0.833524053173651,46.181003665894636],[0.834337849737436,46.180691276536635],[0.833822980335524,46.180363473321876],[0.833606291643677,46.180005319163634],[0.834577012747514,46.17933108611062],[0.836402465200379,46.17957304328748],[0.836786022015078,46.17921911484899],[0.836380693998215,46.178908722250156],[0.836199237398279,46.17815037768233],[0.835710597994,46.177848305195106],[0.835699174644301,46.17754631182824],[0.836518077356096,46.176872775178815],[0.835481750574629,46.17625399327118],[0.834719315473957,46.175989940187726],[0.834031244463998,46.17601015799292],[0.832637990582304,46.17625384108212],[0.832183459748452,46.176237964598585],[0.831459885565978,46.17607372139015],[0.831266033173363,46.17576193988957],[0.830666698039563,46.175473046118384],[0.829394272349531,46.17518660818428],[0.828339432988259,46.17471063662854],[0.827915810953977,46.174634978157236],[0.828007823649677,46.17316298560557],[0.82833315434245,46.17215127025496],[0.826855621852897,46.17102221251796],[0.824779569186346,46.17053567852098],[0.822356839080346,46.17176034119767],[0.821856711377418,46.17214261561308],[0.820281888397305,46.171768300837286],[0.819901902455187,46.17177001932205],[0.819218961159149,46.171988427326454],[0.819069827712531,46.172869278187875],[0.817062974111707,46.17132815922114],[0.816316897733031,46.170885028730375],[0.815805454277445,46.170704040982415],[0.814185590647129,46.17038822911935],[0.811403496119523,46.170377015251375],[0.80891359450437,46.17015967251216],[0.807336687393258,46.17039229659521],[0.804854758318761,46.170947933623296],[0.801662404612641,46.17114295393909],[0.799616732693267,46.1714231545713],[0.798291373412347,46.17178303910614],[0.796747897733123,46.172310739156295],[0.796177294003207,46.17108624752576],[0.794162858007811,46.17294251986543],[0.793783578198711,46.17266850882907],[0.791477604539314,46.17026532017168],[0.790906300182891,46.16993081352936],[0.789998351222347,46.16894115300592],[0.789092309084038,46.16761550879874],[0.788494799873583,46.16699941748938],[0.787882918756,46.16686859523017],[0.785131812838948,46.16676815486253],[0.785516016158308,46.165569419211536],[0.785410106322707,46.16530250790566],[0.785113924538724,46.165252593154236],[0.784072546843841,46.16545209208987],[0.782959369094398,46.16450881526581],[0.782771991987835,46.16458983768954],[0.782310747018826,46.164229507279856],[0.782889104128578,46.163905682382406],[0.782430280547967,46.16345351380672],[0.782884645899857,46.16324617981972],[0.782016870869947,46.162936468420995],[0.781520292215037,46.1628411927906],[0.781375637472692,46.162987907675635],[0.780607751659905,46.16315758201445],[0.779916831762821,46.16376386191489],[0.779225637490656,46.16396024938393],[0.778865939389583,46.164358596769326],[0.778367945991309,46.1646821715403],[0.778338132729915,46.16519416783004],[0.777595196265039,46.16580302073918],[0.777275375078128,46.1659526101228],[0.776581574537689,46.16682005908394],[0.776364985228409,46.16691761561801],[0.776139053008507,46.166925805438595],[0.776275557597148,46.1667248866961],[0.775946899854678,46.166260825493865],[0.775070820276177,46.16567614151542],[0.773135939141311,46.165272491602124],[0.772761389785147,46.16539667298309],[0.771987419989357,46.16536348098955],[0.771872513409638,46.165255828792766],[0.772161702101795,46.16496692371498],[0.771719835305431,46.16473755145794],[0.771398196820218,46.164899700686156],[0.769995081276343,46.16493883155966],[0.769201012014116,46.16504936115394],[0.767772477612101,46.164948334507926],[0.766380920095552,46.16502188007367],[0.766134559294957,46.164926951788885],[0.765091446001705,46.16500823300102],[0.765955309213744,46.165603566174084],[0.765716449814122,46.16596100937849],[0.764727472585561,46.16655863648698],[0.763524036872348,46.1660557033901],[0.761704653971397,46.16606401660858],[0.76111805219243,46.16531556519746],[0.760991385930273,46.16492480360268],[0.76012032723547,46.16457071685791],[0.759267308423834,46.16450525051971],[0.759700227236235,46.16536508963182],[0.760477422813324,46.16633531096329],[0.760186675501384,46.16685117061425],[0.759988057257758,46.16685716427915],[0.759089208720514,46.16648450529211],[0.75902351747271,46.16637871119615],[0.759183032450128,46.165901705166256],[0.757787042706055,46.16570210157353],[0.757454485060437,46.16559103951212],[0.756909006154341,46.16637482040271],[0.755907313797311,46.165949657623514],[0.755845017540169,46.16576105045448],[0.756249008339456,46.16517176632125],[0.75594787321575,46.16502168290125],[0.754464231367973,46.1648103971413],[0.753989604770721,46.16541449421388],[0.750974301755384,46.16483505429573],[0.751450568206057,46.16409677488548],[0.74810654857102,46.16410531290437],[0.747196807575998,46.16396926558943],[0.746900810264828,46.163789531307664],[0.74638069237958,46.16322699254103],[0.743892754735178,46.16202902484782],[0.74372897784491,46.162165404622556],[0.740202459520224,46.160784568330946],[0.740290405238057,46.1601917534669],[0.740943885445066,46.159717387743875],[0.739470258526207,46.158638577707706],[0.738982356456227,46.15839824886618],[0.73718794783821,46.15783822151491],[0.734690902735846,46.15687138188503],[0.733998193120891,46.15647470158162],[0.73328441218424,46.15583526572271],[0.732320583982241,46.15607097159324],[0.732947132141519,46.15809959672504],[0.733647767868376,46.15908920528443],[0.734364831419848,46.15924224053774],[0.736142727938821,46.159951525170236],[0.736024935708447,46.16107795068886],[0.735287669694589,46.16138215886331],[0.73309900427432,46.161702453204555],[0.732361211111355,46.1622696827101],[0.730926734321137,46.1628166891251],[0.730259753471939,46.16292498152777],[0.72946174280791,46.16372431229664],[0.727417506082862,46.16468609500494],[0.726371888040664,46.16479489839617],[0.726268496832129,46.16472436396352],[0.724904840727482,46.16477994384344],[0.723194425471563,46.164974498195484],[0.723816818856476,46.16728506305139],[0.724195797885219,46.16802595462063],[0.724835945047399,46.1689414362568],[0.726459459782593,46.17018919282564],[0.726922443457865,46.17071915223019],[0.727181426805139,46.1713846622478],[0.727350986582443,46.17226819245354],[0.729245286226592,46.17211598320912],[0.728501245468649,46.17279837581212],[0.727686713067311,46.17464956902706],[0.726119261123813,46.17695594188944],[0.724809260594394,46.179117907467],[0.725180453666028,46.179110924665785],[0.724676117573816,46.18098272202384],[0.724142048291864,46.18207017501473],[0.722703290185588,46.18451691518116],[0.72491278936166,46.184874664704694],[0.724875339888199,46.18780891137356],[0.7252907565413,46.18783163970916],[0.727011267852313,46.18756697503059],[0.730459708704231,46.18679448543671],[0.731939241838415,46.186929419468484],[0.728895024663504,46.18962345131342],[0.728484750488266,46.19007108650892],[0.72670514384539,46.191352561826946],[0.726472851011036,46.1917929394051],[0.726126340510534,46.193360707015266],[0.726079557714415,46.193612912100335],[0.72617857660794,46.1938527191947],[0.725716223039411,46.19395968029879],[0.72539198127904,46.19433335454474],[0.727150573761118,46.1966594094873],[0.727530446099873,46.196633672192576],[0.729016747452509,46.197582247430304],[0.729787648490296,46.1979507805353],[0.730321367015302,46.19809476427228],[0.730592983496652,46.198396568323545],[0.730765475603772,46.198773866644274],[0.730617840078087,46.19983302823415],[0.729365468897911,46.2014719022271],[0.73032439648427,46.20240812108691],[0.731456315167816,46.20418107381497],[0.731219870420501,46.20472137302547],[0.735790960464281,46.20814205045078],[0.735831660352668,46.20913560106671],[0.736181985854265,46.210047032810735],[0.736578844354467,46.210491846878455],[0.736971406142687,46.21044380752858],[0.7373271315676,46.2105022352817],[0.73751437887075,46.21086990555095],[0.738244218975556,46.21091865740934],[0.739980359528612,46.210636978486995],[0.741266831141028,46.210560744472666],[0.74246821092737,46.21141608803183],[0.743032978551961,46.21194438744432],[0.744271162169853,46.213451755769114],[0.744704601450224,46.21386123120851],[0.744916581182477,46.214007769448905],[0.74499485954829,46.21393455123085],[0.745214804493167,46.214013683120825],[0.746039247891113,46.21450837851211],[0.748035412303698,46.21589019130337],[0.748982521688885,46.21709626083046],[0.749385526902898,46.217426740845596],[0.749880314238377,46.21745004453979],[0.750163097499838,46.21735834779402],[0.750502437233003,46.21712183177334],[0.751017160487589,46.21719687322279],[0.751583655601055,46.21680089189556],[0.753062916875582,46.21607702117093],[0.753260424367221,46.2158809354514],[0.753717985715284,46.2146909474244],[0.754100171324828,46.21432644650563],[0.754536485399107,46.21340088492927],[0.754863873227463,46.2130749368525],[0.754779222308944,46.212670587040705],[0.755219905376004,46.211479359723135],[0.754736696355577,46.21088967421777],[0.754641595802742,46.210645468548684],[0.754117783351107,46.210381985788715],[0.753547434652755,46.20935456348756],[0.752941551944355,46.20884622462437],[0.752893029463059,46.20838403174481],[0.752263766374716,46.20797161754644],[0.751588840312396,46.2078501714783],[0.751187532547672,46.20760621287747],[0.750582469045858,46.20676276114126],[0.750455731571392,46.20624677007187],[0.749829994150709,46.20584432058096],[0.749635104124021,46.20525040740127],[0.749318486466683,46.20487208962419],[0.749192222189421,46.20450294451314],[0.748960373142,46.20430377098555],[0.748824781556418,46.20397227637142],[0.748459108378655,46.20371459924272],[0.748379243271938,46.203068910268044],[0.747348722789266,46.20263590745152],[0.747176777903359,46.20240008118682],[0.746942911505617,46.20228193971404],[0.745702261353055,46.20178530084944],[0.74518057306154,46.201220932229674],[0.744442338221988,46.200622536818074],[0.741885403502552,46.197343125336495],[0.741431784310679,46.1969233252934],[0.741030535414682,46.1948235734732],[0.740679964687729,46.19394998616439],[0.741957896305258,46.19309524598233],[0.743979357548222,46.191193147424],[0.74434107726971,46.19081926586182],[0.745588904719961,46.18908465896256],[0.746742331203988,46.18800398784751],[0.746871719537906,46.18823266641091],[0.748920263853661,46.18812641791564],[0.748903242214208,46.18920439858253],[0.750870563295549,46.189308205320216],[0.751654943524036,46.18944353653774],[0.752415873773299,46.189739650555296],[0.753346014607659,46.19033818574759],[0.754791177482811,46.19061897826448],[0.755444539599899,46.19040666995698],[0.755235638882911,46.18996473243898],[0.758049384472359,46.189861716812885],[0.757812429014284,46.18924897087276],[0.759621090178625,46.18879187177512],[0.759411089236355,46.18821749623768],[0.760675058366625,46.18817033781207],[0.760967697093356,46.18878597590084],[0.762964073477995,46.18871808404669],[0.763244896418975,46.18978300507513],[0.764056005122737,46.190313346194515],[0.76470427861953,46.189461285342844],[0.765759925035671,46.18994327299673],[0.766796831760084,46.189643850206224],[0.767749051015376,46.1898949724706],[0.768085742339157,46.19009976984859],[0.767405268615384,46.19088365329176],[0.768118049733383,46.191345370512636],[0.768364518955404,46.19140876451432],[0.768441749079359,46.19120038413381],[0.768959119933606,46.190726787056704],[0.76900491978605,46.19046193712573],[0.76922071603998,46.19025897843963],[0.770032833824756,46.18971368849623],[0.770609785384725,46.18968807151701],[0.771028693283645,46.18981700002945],[0.771263748323958,46.19009726714195],[0.771646919620132,46.1902119799204],[0.771746957407561,46.19039951466281],[0.771616480936089,46.19073747538323],[0.770419264997721,46.19172564518581],[0.770438875992769,46.19184944534978],[0.771034717809167,46.19247640654285],[0.771245196661584,46.19253188164932],[0.772884916469007,46.192433397743734],[0.773427248785104,46.19271787816647],[0.773923395007829,46.19270237190906],[0.774335616655967,46.19280503225328],[0.775847295990085,46.192665262326344],[0.776666892338032,46.1929902844617],[0.776893186674979,46.19291183299757],[0.777757600500586,46.1928674780537],[0.77923202115662,46.19355120362108],[0.780403697044614,46.19389568767575],[0.780585664474371,46.194046978323726],[0.781327663589149,46.194335318091106],[0.781616731897696,46.194372489035516],[0.782032302687956,46.194296820135655],[0.782313506698698,46.19436806774505],[0.78267974244536,46.194549974796956],[0.783140824055814,46.195049023879584],[0.78379336218709,46.195368933390384],[0.783870883391806,46.19553709981203],[0.784443556732949,46.195714917635556],[0.78487422179177,46.19545846394014],[0.785541152309529,46.1952939927319],[0.786974119296347,46.1952732529873],[0.787545414913613,46.19519609125718],[0.788931351306011,46.194861821146596],[0.790077025385881,46.19446971451852],[0.790741905469275,46.19528888678733],[0.78864132149129,46.19626328691593],[0.788701121711173,46.19671036443807],[0.788935425277597,46.19701219799424],[0.790476802970618,46.1977466208979],[0.794246381808915,46.19897919818215],[0.794261704625505,46.199662328356474],[0.795105310267779,46.19952465007133],[0.796173638502594,46.199218361932026],[0.796391767558891,46.19908476256759],[0.798397377154533,46.201217157530195],[0.799579843385109,46.20136436477021],[0.800172563041396,46.201659597387206]]]]}},{"type":"Feature","properties":{"fid":731,"ID":"COMMUNE_0000000009749667","NOM":"Persac","NOM_M":"PERSAC","INSEE_COM":"86190","STATUT":"Commune simple","POPULATION":718,"INSEE_CAN":"10","INSEE_ARR":"2","INSEE_DEP":"86","INSEE_REG":"75","SIREN_EPCI":"200070043"},"geometry":{"type":"MultiPolygon","coordinates":[[[[0.792078035815887,46.35710284578699],[0.791355486448616,46.356148393815985],[0.789711815452567,46.35278169777449],[0.788276626188042,46.35021534527908],[0.788614728643163,46.349929136806885],[0.787023339172621,46.34772186609038],[0.786279437800605,46.347075044033375],[0.786220438223751,46.346893733463645],[0.781257740966811,46.34433168893596],[0.779995519947932,46.342133419070194],[0.779502393467668,46.340568085716164],[0.779433667721998,46.33976230833427],[0.778667772736751,46.338957358855104],[0.777352191360011,46.33791737941294],[0.774787354980439,46.336128733583486],[0.772536511438075,46.3350325960281],[0.770413542822954,46.334310956889325],[0.769095035621215,46.333763573659674],[0.767129940157138,46.33274498476957],[0.766718726602775,46.331286587769924],[0.766759407801982,46.330991011249964],[0.767745162078636,46.32844205282691],[0.768361645187089,46.32802533145004],[0.768787207238249,46.327220213646136],[0.769358805607946,46.32528921105977],[0.769136530199312,46.32464977310011],[0.769331349280045,46.32433649428473],[0.76934901437498,46.32399902812809],[0.769204376947185,46.32371964112157],[0.768525189351859,46.32357121724837],[0.767918361741803,46.32352960415004],[0.76715373212613,46.32365875635111],[0.766471406774101,46.32400121256115],[0.765754264167983,46.3230313690937],[0.765856668980721,46.322529811275054],[0.765622139699012,46.3220324566338],[0.765669537234762,46.32144514188918],[0.766274614190467,46.320319253222145],[0.766881514970991,46.319721285699515],[0.769236011156851,46.318226084218416],[0.769955180290387,46.31732852053489],[0.770508984805252,46.316372766011085],[0.770826341685012,46.316178090327845],[0.771625188986472,46.31597211331532],[0.771962067008217,46.31571295650227],[0.772063449026569,46.31545820202633],[0.771985871857635,46.31500086392722],[0.772229803838428,46.314661516313414],[0.772191250850804,46.314458976050915],[0.772017423501068,46.31441774179129],[0.772024677637266,46.31430347798096],[0.772463547323018,46.3131995323294],[0.774345488758266,46.311134674285334],[0.774579596613876,46.31094016406982],[0.775150785799701,46.31067206318625],[0.775218246687099,46.310259899057506],[0.775000341956788,46.31015204757543],[0.775200967011984,46.3098217574748],[0.774373085653839,46.30933805410111],[0.773629928900621,46.30868934636859],[0.773048478157062,46.307613196918034],[0.772734131346561,46.30741607454945],[0.772363499013171,46.30694129491459],[0.772257114799313,46.30629782145167],[0.771959271120337,46.30642982348838],[0.771591383593502,46.30524974238796],[0.771920801145462,46.30504449070292],[0.771870100767103,46.304725504875044],[0.771795818665839,46.3046663984801],[0.771284700143894,46.304673514709435],[0.770836143935892,46.30375129203046],[0.770493914876539,46.30353740212113],[0.770480419227322,46.30332634287685],[0.769533533410215,46.302608757427066],[0.769154463401063,46.30221487576898],[0.768752469068972,46.30216015821234],[0.767543987778216,46.300719465000014],[0.767006995240848,46.29970540798175],[0.766063795641764,46.29912298889322],[0.763921557567805,46.29680994188015],[0.762903672923121,46.295099982299845],[0.761187485657294,46.29511760521116],[0.757678796890973,46.29533414122236],[0.757500377375663,46.29768992432538],[0.756299631754582,46.29743295803569],[0.754972858502249,46.298727442316284],[0.752487810101697,46.298538800106776],[0.750151933722731,46.29797830047051],[0.749966040512205,46.29791607344236],[0.748655388818771,46.29666682993835],[0.748278782155834,46.29694405044653],[0.748075181273841,46.29721748401528],[0.747821922593544,46.29790792577295],[0.747676961454355,46.29921938690696],[0.747811067644357,46.300666087600895],[0.747284617726746,46.30133040657742],[0.746817178214078,46.30169771216243],[0.746194122085047,46.3024664146542],[0.745374855362499,46.302602442667926],[0.743675235869348,46.302653465629064],[0.743332927246426,46.30275928941836],[0.743582831550839,46.3031921405683],[0.743742966810488,46.3043835237972],[0.743669064618977,46.30570269457893],[0.744473906385791,46.30821937125398],[0.743989877359143,46.30835662336448],[0.743950761088365,46.30854862880923],[0.743620137713413,46.30896907934635],[0.743524385383323,46.3093365278192],[0.743568244710907,46.309659897966114],[0.743204196993121,46.310669736765966],[0.742302274135129,46.31053745836418],[0.740171532901806,46.30972138557556],[0.736008811688969,46.30947657798562],[0.73532658524008,46.30934500639542],[0.733832105725024,46.3088945908813],[0.732950631865538,46.30830141137853],[0.731724440678307,46.30780856153267],[0.731655355213464,46.30728019098105],[0.73135497646405,46.307031881394494],[0.731353446757372,46.30691203840347],[0.732056886984749,46.30643688688304],[0.733845845137096,46.30429514824556],[0.734207148412767,46.30357445284543],[0.734149552470104,46.3030192871199],[0.734554956434872,46.30233189850617],[0.733025094403907,46.301861846588],[0.732698937719965,46.302016605915014],[0.732394512061207,46.30255645830051],[0.730897485586767,46.30110691004751],[0.731337732681769,46.30067696767932],[0.73072621109278,46.30050443453879],[0.730441150499372,46.30173651826666],[0.729101506735251,46.301789090871246],[0.72831452575091,46.301428372702034],[0.726552055912097,46.30152202780573],[0.725931139170483,46.30138801777832],[0.726156638827682,46.3010285771532],[0.725588049715629,46.300886601299126],[0.725380693453358,46.301028397848675],[0.724842638183111,46.30090234245137],[0.724473311618965,46.30075082845562],[0.724342400605853,46.300460842077946],[0.724130639600348,46.30027103592414],[0.723448608059248,46.30029434019771],[0.72230276606738,46.30050024692374],[0.720858774686565,46.300281281157304],[0.719416988618896,46.299729026259506],[0.719077908030021,46.300411386904905],[0.718810594896153,46.30043215790363],[0.718269573414878,46.30019070269387],[0.71750958369061,46.300213310473985],[0.716898397823316,46.30050104395698],[0.716430133197216,46.3010078442708],[0.715770106897115,46.30072165100388],[0.714967618237059,46.30054790474903],[0.713969518655502,46.300638680730145],[0.713231802767095,46.300563514257846],[0.712554107404527,46.30032739490467],[0.712326614821984,46.30001743657513],[0.711784364444998,46.300147977585446],[0.711291871742113,46.300518242084145],[0.710742819350547,46.30065584842114],[0.710165901602483,46.301024411328164],[0.710133750165907,46.301171504925954],[0.710216524237228,46.301243435635804],[0.711017654306226,46.301325301100555],[0.711340815981758,46.301492147098955],[0.711529028676368,46.30177789593665],[0.711624056702981,46.30220951213724],[0.711510748203302,46.30249460767952],[0.710826941679336,46.30305651161898],[0.710176182471759,46.30391545682709],[0.709729143619008,46.304161410452295],[0.709155710704215,46.30435257088935],[0.707681091848085,46.304521992165405],[0.707064153265235,46.30466542230138],[0.706535530576331,46.304965574408186],[0.70623523015169,46.30536941625065],[0.706229716053564,46.306089988777764],[0.707206663170142,46.30659972229814],[0.707540823518965,46.30693886306837],[0.70795361891338,46.30772821021138],[0.707985581656936,46.3079892000566],[0.707714627647563,46.30905756541032],[0.707834645188169,46.30988516233519],[0.707836372964339,46.31096081612656],[0.707627366741431,46.3113881192368],[0.706746175587991,46.312189259532566],[0.705906240452769,46.31318400698442],[0.705535216764555,46.31344408849136],[0.705110622460028,46.313617508589104],[0.70482835462458,46.31359020163347],[0.703384140408745,46.31315300894381],[0.702333323228964,46.313038131009534],[0.701904456322244,46.31306551460243],[0.701341446652591,46.31334603289371],[0.701036281712079,46.3136470666885],[0.700923045430638,46.31383576285552],[0.700947840799567,46.31429750119911],[0.700835573996254,46.314524953643826],[0.700088630427971,46.31472698289295],[0.699465422394121,46.31245054891731],[0.697636540059913,46.31191903076273],[0.696885745997594,46.31162639031401],[0.696724187967008,46.31129521196246],[0.697123650038269,46.31066908464264],[0.695916287108464,46.310506839475266],[0.695524045161648,46.310930415955305],[0.694838589639832,46.31072286301209],[0.694572744810416,46.310614785362304],[0.69492702268569,46.30982739815136],[0.69361007619407,46.310044874411155],[0.692444025790059,46.30970505837952],[0.691934815553026,46.30886415026551],[0.691168950999394,46.3096386832929],[0.689285976228191,46.30919151270001],[0.684541934064248,46.307820461969946],[0.684175474020609,46.308493162758296],[0.683738620020961,46.30898606055012],[0.682412368253708,46.30972932211079],[0.681647640445129,46.310258782663176],[0.679387169969213,46.31328740054233],[0.676831137798813,46.31540188086111],[0.675560380069696,46.31691373461011],[0.674946539775714,46.318355202974466],[0.6750387157432,46.32129479967794],[0.674788775462341,46.32387067237814],[0.674009430745273,46.325593431860206],[0.673088538809174,46.32682142491704],[0.672981389405061,46.32759758274194],[0.67351521541031,46.32923273898117],[0.675443753239249,46.33223142782556],[0.676433043770311,46.33358758074517],[0.677020627709568,46.334665278194656],[0.677939401613587,46.3373163171233],[0.677706012521986,46.338493490916534],[0.67771869651263,46.33908291213977],[0.677995537045203,46.339792124475395],[0.678510411331562,46.342645726805635],[0.679122682738612,46.34424821243922],[0.679409872787341,46.346001726545495],[0.679992805348841,46.34743875112023],[0.680830041719204,46.348309801561626],[0.68157706184815,46.34882407236966],[0.682832115559472,46.34966036246495],[0.683809750597487,46.34992165996018],[0.684090946896185,46.35007060920898],[0.685314944721415,46.35029005361988],[0.68777282130072,46.35175697926016],[0.688068706503932,46.35205125392988],[0.688270852767505,46.35256253485365],[0.688262154755211,46.35329115051165],[0.687248605415369,46.35482997481588],[0.686620899495354,46.356627058538145],[0.686661031527154,46.35703145610726],[0.687104734475475,46.35813769978708],[0.687497013069287,46.358706889524974],[0.688374624343809,46.35943005526989],[0.690977740253437,46.36064310131349],[0.692033024057949,46.36128965908274],[0.692547774379013,46.36170275851187],[0.693040969433253,46.36241089903304],[0.693663498571189,46.36378558137328],[0.693231417728944,46.36387953837841],[0.692903730878747,46.364120643276294],[0.692629228106727,46.36448894285078],[0.692410473077425,46.36587903599985],[0.692511064370071,46.366825164944885],[0.692670192871294,46.36727881099427],[0.693421649929723,46.368251618889786],[0.693955997927517,46.3687263643617],[0.695558706618758,46.36988212407811],[0.696320544587343,46.370641618939686],[0.697137005413409,46.37158778638336],[0.698492537186897,46.37348621526434],[0.699128240675069,46.37501787410759],[0.700692428888766,46.37814743754127],[0.701466507062621,46.380538575743124],[0.702857008938123,46.38340966164728],[0.704103421965903,46.38342484611003],[0.705479495465915,46.38140671266051],[0.705456084443322,46.381251296144],[0.706884114635062,46.381062909958885],[0.711929366924088,46.3793535298315],[0.713310022949708,46.380854998346045],[0.715373059886721,46.38026574820023],[0.715765239401637,46.38075465293878],[0.716114827204415,46.38148412924513],[0.718265266253408,46.38095242920804],[0.72121855391935,46.38061329670815],[0.721877355829292,46.381139935878146],[0.722505397558559,46.381124551496555],[0.722743139773002,46.38151035379452],[0.723019326272069,46.38128615304757],[0.724405024061362,46.38095617264336],[0.724941299292854,46.380987589475815],[0.725454814980216,46.380752802180176],[0.727831950554976,46.381809119573305],[0.730248328005022,46.37994925222949],[0.730561433689821,46.379493352327515],[0.732354711991184,46.38012897641966],[0.733078754046872,46.38030912268433],[0.735602106410665,46.38264556748234],[0.73606976037161,46.38273142114219],[0.736274569129336,46.38262648467133],[0.736775570284184,46.38288145351567],[0.736472580447908,46.38325109010382],[0.738645976297685,46.384016666881074],[0.739143763564537,46.38431840451155],[0.742244364301755,46.382462840301294],[0.742518370739759,46.381880018754224],[0.742669050212412,46.38094252990716],[0.744230672780473,46.38211748232238],[0.745374743252536,46.383129216264294],[0.746847589154839,46.38415553974248],[0.747807542205091,46.38401504952797],[0.749057330219894,46.383632542233904],[0.750217228925211,46.38309330572174],[0.751423961600257,46.38046685417346],[0.751926988806234,46.378839058046374],[0.753570471848947,46.37894440573648],[0.760327182644017,46.37900431200472],[0.764829502934363,46.37712432179149],[0.766849296833657,46.37598290165715],[0.768517962858532,46.374673329869545],[0.768776356038729,46.37462433557354],[0.770168725660488,46.37354535186611],[0.772313550934551,46.37092712796055],[0.773641768555861,46.369406347718694],[0.773433096865745,46.369002307176864],[0.776066769193388,46.367857402180384],[0.783038138414409,46.36265576619356],[0.783247091997212,46.36260487834424],[0.787541205126119,46.36272881444208],[0.792117901357327,46.35724324503683],[0.792078035815887,46.35710284578699]]]]}},{"type":"Feature","properties":{"fid":1079,"ID":"COMMUNE_0000000009749446","NOM":"Lussac-les-Châteaux","NOM_M":"LUSSAC-LES-CHATEAUX","INSEE_COM":"86140","STATUT":"Commune simple","POPULATION":2261,"INSEE_CAN":"10","INSEE_ARR":"2","INSEE_DEP":"86","INSEE_REG":"75","SIREN_EPCI":"200070043"},"geometry":{"type":"MultiPolygon","coordinates":[[[[0.716731590101863,46.44387325063421],[0.717959391013957,46.44377437868858],[0.724302608771509,46.44306859318803],[0.726935454122539,46.441460798325245],[0.727582275280314,46.440823271675576],[0.727693886777307,46.44042732523533],[0.728001853180654,46.43678598606731],[0.728347654064486,46.435740694784094],[0.728464587108399,46.434903445841805],[0.731552998244344,46.43003369685366],[0.732778608648617,46.42938331989303],[0.734426805475663,46.42872059809035],[0.736076709310124,46.42710480848347],[0.737785430694191,46.425136135904275],[0.738376020867165,46.42430736343753],[0.738977365166638,46.422872542541256],[0.739144002057077,46.42139667989405],[0.739998053807531,46.42033800105787],[0.740040901705957,46.41977492973429],[0.740469887091456,46.41916635373726],[0.74189649128933,46.418025307876775],[0.742949353857118,46.41757409735499],[0.743063780544015,46.41720071408798],[0.743392495777288,46.41687390649801],[0.743540830124368,46.416467862485185],[0.745163739999529,46.4155846925575],[0.745944458684351,46.41500376464709],[0.745575378592646,46.41476316044556],[0.745274496196007,46.414668935725054],[0.745478252159253,46.4144342409985],[0.745641174240845,46.41389515999952],[0.746453310302729,46.4130572125253],[0.748278769173024,46.411996032687284],[0.748783721184474,46.4110574217002],[0.749394263975871,46.41074786754891],[0.750412068961936,46.409435609567474],[0.751220245106042,46.40897499925133],[0.751637408433616,46.408838185314174],[0.752175998740589,46.40793445478685],[0.752364482811132,46.40787961335577],[0.754575598382251,46.40848525610218],[0.755222754725919,46.40845564854573],[0.758389390425563,46.4091034284642],[0.760213198586862,46.41029589603409],[0.761051485626153,46.41103660761009],[0.76151541031876,46.41125199662177],[0.764131678211976,46.41211492308738],[0.76438016702269,46.411835130663626],[0.766834033678193,46.410620218191916],[0.76736399399072,46.41017657229237],[0.767863001253259,46.409183717794164],[0.768419157644552,46.408417184462216],[0.768902982221205,46.40722134392566],[0.768956149076033,46.40681250913814],[0.769080971908787,46.40668973504443],[0.769526015428004,46.406602046342506],[0.771696060256504,46.404930175769536],[0.775544819834596,46.402865815182885],[0.776966489488616,46.39717871315816],[0.776321567218507,46.39677338803584],[0.775666115925405,46.39659486084061],[0.774752070045464,46.39640408014903],[0.773493052539419,46.39627592404379],[0.772763339365436,46.39629050836359],[0.771409718304333,46.39583258280009],[0.771158747722466,46.395601573834476],[0.770985288004633,46.39516218675686],[0.771142500973667,46.39437253355551],[0.770881172738805,46.394459312102114],[0.769536956460367,46.39460149544425],[0.769459681160744,46.39451710894289],[0.769732220987332,46.39431524732105],[0.770039816949486,46.39357357602076],[0.769890604248389,46.39321032997682],[0.769073626869245,46.392238583327156],[0.76889102047653,46.39189630249873],[0.768893863377737,46.39160359017522],[0.769311456342231,46.391164947047606],[0.771035485361169,46.38991226678149],[0.771548888921552,46.389230463790916],[0.771540246266558,46.388963651111276],[0.768072211285586,46.38727436922093],[0.767245474306748,46.386671753852035],[0.768371807351827,46.38586773650992],[0.768573383912863,46.38520326739602],[0.768864681784705,46.38482791609762],[0.770702453229717,46.384419739274755],[0.771206956809615,46.38417826752634],[0.772079133995097,46.383571033947824],[0.772664867568452,46.38334825814034],[0.772509316191736,46.383140733639046],[0.771858173452663,46.382828942916035],[0.77153607845333,46.38233260230092],[0.771696560036814,46.382004233929855],[0.772594562443148,46.381401104812994],[0.773024143418031,46.37964387672496],[0.772782504945936,46.37605657844123],[0.771643367483909,46.37462813960374],[0.773470767699131,46.37258112123144],[0.772313550934551,46.37092712796055],[0.770168725660488,46.37354535186611],[0.768776356038729,46.37462433557354],[0.768517962858532,46.374673329869545],[0.766849296833657,46.37598290165715],[0.764829502934363,46.37712432179149],[0.760327182644017,46.37900431200472],[0.753570471848947,46.37894440573648],[0.751926988806234,46.378839058046374],[0.751423961600257,46.38046685417346],[0.750217228925211,46.38309330572174],[0.749057330219894,46.383632542233904],[0.747807542205091,46.38401504952797],[0.746847589154839,46.38415553974248],[0.745374743252536,46.383129216264294],[0.744230672780473,46.38211748232238],[0.742669050212412,46.38094252990716],[0.742518370739759,46.381880018754224],[0.742244364301755,46.382462840301294],[0.739143763564537,46.38431840451155],[0.738645976297685,46.384016666881074],[0.736472580447908,46.38325109010382],[0.736775570284184,46.38288145351567],[0.736274569129336,46.38262648467133],[0.73606976037161,46.38273142114219],[0.735602106410665,46.38264556748234],[0.733078754046872,46.38030912268433],[0.732354711991184,46.38012897641966],[0.730561433689821,46.379493352327515],[0.730248328005022,46.37994925222949],[0.727831950554976,46.381809119573305],[0.725454814980216,46.380752802180176],[0.724941299292854,46.380987589475815],[0.724405024061362,46.38095617264336],[0.723019326272069,46.38128615304757],[0.722743139773002,46.38151035379452],[0.722505397558559,46.381124551496555],[0.721877355829292,46.381139935878146],[0.72121855391935,46.38061329670815],[0.718265266253408,46.38095242920804],[0.716114827204415,46.38148412924513],[0.715765239401637,46.38075465293878],[0.715373059886721,46.38026574820023],[0.713310022949708,46.380854998346045],[0.711929366924088,46.3793535298315],[0.706884114635062,46.381062909958885],[0.705456084443322,46.381251296144],[0.705479495465915,46.38140671266051],[0.704103421965903,46.38342484611003],[0.702857008938123,46.38340966164728],[0.70341348881222,46.384261356850836],[0.703554417005229,46.38484163676628],[0.703695104441319,46.38629483173504],[0.703639974895976,46.3868630568653],[0.703123392012413,46.388003037695725],[0.70186746609457,46.3898515047168],[0.701822385521707,46.390087519219314],[0.701833995772382,46.390306658806416],[0.702357663583204,46.39141353660658],[0.702497882606755,46.39210370605405],[0.702713594966921,46.39536370654195],[0.703109859464385,46.396684216361635],[0.703115852116413,46.39740861656633],[0.703003405913923,46.39844142396708],[0.702567052265791,46.399745170117484],[0.701885276883335,46.404931117910145],[0.701418800030061,46.406948623192676],[0.699059058752964,46.41189355161883],[0.698501726731628,46.412725504653736],[0.693710535555007,46.416908706732364],[0.690353743892429,46.420361338957875],[0.6892672667356,46.42168701661917],[0.688396147658388,46.42303236042007],[0.687560659317246,46.42479641290961],[0.686965530602428,46.42555998511479],[0.686890219033261,46.425984559736705],[0.686305818609333,46.427478032234205],[0.685559051319026,46.428928573253394],[0.684604129494688,46.43012535388458],[0.683875655613158,46.43080513074785],[0.684525142975267,46.431434484416265],[0.685811581370744,46.4319758517286],[0.686095863586546,46.43196990266095],[0.688551468295755,46.43142418531804],[0.690018151670279,46.43066292799253],[0.691729593559914,46.4305209775953],[0.693345234867334,46.430518498727736],[0.693850418477883,46.43037195754924],[0.69499667170624,46.429760911887215],[0.695859485428069,46.42895045363177],[0.6972165891633,46.42886793268864],[0.698117559874065,46.428572609148134],[0.699931794771832,46.42874069814628],[0.70280602931706,46.42947780356462],[0.704546357397063,46.43047490612083],[0.705755937933616,46.43071001606887],[0.706141220959179,46.430873603088436],[0.715634275780436,46.443438722969404],[0.715721865975969,46.44361884041393],[0.715542595699541,46.44388550479442],[0.716731590101863,46.44387325063421]]]]}},{"type":"Feature","properties":{"fid":1161,"ID":"COMMUNE_0000000009748595","NOM":"La Bussière","NOM_M":"LA BUSSIERE","INSEE_COM":"86040","STATUT":"Commune simple","POPULATION":301,"INSEE_CAN":"12","INSEE_ARR":"2","INSEE_DEP":"86","INSEE_REG":"75","SIREN_EPCI":"200070043"},"geometry":{"type":"MultiPolygon","coordinates":[[[[0.772859495096159,46.62261000824059],[0.77415945474852,46.62387835523315],[0.774160861632964,46.624131503613945],[0.774058455062712,46.62436552031134],[0.773305495919808,46.62474543481673],[0.772306531867021,46.62509804233339],[0.771832170287135,46.625506784096366],[0.771773100475192,46.62643795001863],[0.771341693281959,46.62822302682346],[0.771247901994861,46.62840586390973],[0.770458743824268,46.6289652141792],[0.770390901320943,46.629089103554165],[0.77038829630091,46.62918453628005],[0.770801047566082,46.62957810323438],[0.770322074561934,46.630129974732476],[0.769639314416195,46.63029414297116],[0.769580051407046,46.6306551058412],[0.769648824096153,46.63108251655838],[0.771577457517967,46.633701689628644],[0.772132828865877,46.634030464836854],[0.772869168913412,46.63466631880396],[0.773250649272577,46.6351862782875],[0.773390738015341,46.635565528160306],[0.773156527965372,46.63716527499303],[0.772523628200504,46.638536581018],[0.772697003745894,46.63909303204754],[0.772320520073043,46.63940819585654],[0.772453088176687,46.63974766577022],[0.772397161511431,46.639899712122634],[0.77181483954647,46.64045048220107],[0.771317572941879,46.64125512301569],[0.771276079402754,46.64252262033229],[0.770585087156791,46.64390449684934],[0.77049017542005,46.644305301223525],[0.770578359594518,46.64521680815646],[0.770123281213404,46.645979927868595],[0.770005937651955,46.64641722755944],[0.770160099000766,46.64677243296402],[0.771652536081973,46.64824000578223],[0.772590369861873,46.64900678297326],[0.774803764355191,46.647628335876085],[0.775042333912179,46.647615851877916],[0.777630215428361,46.65188801198009],[0.785158784238034,46.65547468138881],[0.785981930912912,46.65578873773974],[0.78943341784098,46.65555267838849],[0.790391672542277,46.65572968738027],[0.798200061438682,46.65602673828776],[0.800564894604081,46.65293293815402],[0.809891319672585,46.652718752314335],[0.811691618909744,46.65277565015085],[0.813704462731137,46.653044650729754],[0.814574885074462,46.65322698817883],[0.815139653419912,46.65359355623861],[0.817945429708402,46.65402171286125],[0.81973480287214,46.654026031015725],[0.820856751734361,46.6541023089599],[0.823268354642488,46.65480387972683],[0.824000550672835,46.654813275351145],[0.826969801180369,46.65459125726436],[0.828661772413598,46.65477464299688],[0.829250614847719,46.65486866401086],[0.829708624702518,46.65502866334706],[0.831100115208695,46.65595665933342],[0.831478795087366,46.65610524213819],[0.831845165349652,46.65616891921585],[0.832945265547094,46.656138374613946],[0.833913966392618,46.656352145680145],[0.834639238231449,46.6563388230947],[0.834102571448064,46.65526308506979],[0.834052454837061,46.6548793145404],[0.834199167820494,46.65316703558254],[0.834399520109202,46.65207819597732],[0.834610557248636,46.65167323630486],[0.835160601210316,46.65106570172351],[0.836325068517697,46.65020403816899],[0.83814185937658,46.64941681960371],[0.839535295971982,46.64855133570955],[0.840704718342946,46.64703486957755],[0.841998901892708,46.646162983714454],[0.844193320041173,46.643928053042465],[0.846002099600065,46.64254245941401],[0.846696858543283,46.64151153226218],[0.847714247711352,46.64035785128493],[0.848865483628101,46.64064608850275],[0.850684720414879,46.64127291706206],[0.851534338029337,46.64135099821538],[0.85205983862177,46.6414896557299],[0.852552317924379,46.64190152270843],[0.852763454563535,46.64251619241526],[0.85307886632186,46.6428418698451],[0.853564159691875,46.643104972329674],[0.854443615803139,46.6438528529322],[0.85487379934259,46.64405456721694],[0.856181586935684,46.6449527683213],[0.857357442441348,46.64525038533318],[0.856994997307009,46.64561922527527],[0.857515210859884,46.64645764531396],[0.85943587147906,46.64684121885617],[0.860299439944923,46.646567298342056],[0.863229819365258,46.64602025578419],[0.865826855482387,46.646233474919356],[0.868487575992572,46.64579026953618],[0.870851905690018,46.645533358470374],[0.870791389765228,46.64457383400595],[0.873398368097406,46.644397942450624],[0.874776720433591,46.64410103718372],[0.874662744243914,46.64300180878472],[0.877303537316539,46.64279493071927],[0.876495227471748,46.640084010416366],[0.876352908778152,46.639810247377994],[0.875750718185428,46.639256835618866],[0.875371356528562,46.6384229136053],[0.875224716273784,46.63735640675521],[0.87536926600032,46.63666911014641],[0.876839919590621,46.63661529601713],[0.876687210181056,46.63570360802598],[0.876353705554126,46.63490116361857],[0.87581817081293,46.63187281578327],[0.875861023727986,46.63013965983427],[0.87551405984887,46.63008458729811],[0.875602144756766,46.62953676052589],[0.875398024195038,46.628402530117484],[0.873707231022552,46.62837387154905],[0.873794106667259,46.627389157239485],[0.87305411187921,46.625917101826296],[0.872456956594604,46.625774505622765],[0.87232268123124,46.626198970490364],[0.870902810844842,46.62596452261354],[0.869768946088802,46.62593894521154],[0.866213369875011,46.625421510208675],[0.866305601493231,46.62490349066498],[0.864104739540219,46.62458235099768],[0.863267414491245,46.624364069086596],[0.863454493370018,46.623562279450574],[0.863228835107675,46.62351573581832],[0.863173711283868,46.62362099734957],[0.862544396609333,46.62359935118213],[0.861557711372969,46.62325666749164],[0.86105710419035,46.623220300664244],[0.860638260992176,46.62329895400576],[0.860181868926574,46.62350120943983],[0.859825526830247,46.623519775409626],[0.859086501007519,46.62329609222496],[0.859954136382085,46.622510624311225],[0.860982590120025,46.62085982013812],[0.861471942434586,46.619785340804356],[0.861458490619794,46.619395961424516],[0.861327598610364,46.61913409929763],[0.860922962809714,46.61868607361801],[0.858939786056262,46.61715917103532],[0.857843045737396,46.616195572256274],[0.857628272550539,46.61454586417851],[0.856075714635237,46.61466904878806],[0.855862826354448,46.6145317517138],[0.855844804187686,46.61352976627087],[0.855636716445579,46.61270707788749],[0.855341115595336,46.61261236872011],[0.855142516235379,46.61188083381046],[0.854660766486991,46.61150159909039],[0.854248128956229,46.61102727504994],[0.851497714560543,46.60884991812805],[0.850715995664221,46.60838937463672],[0.850592882473223,46.60823033140853],[0.850104289043583,46.60852201797916],[0.849428851653914,46.608580499607804],[0.84869417564036,46.60745966278882],[0.848372198496068,46.60644655850254],[0.848288411942628,46.60545864524608],[0.847956071477163,46.60477412424754],[0.847127519995698,46.603748794004424],[0.846805293251723,46.60376705768004],[0.843706686482138,46.60007056065983],[0.843118733218873,46.60029819346041],[0.840800885071125,46.600779668448794],[0.838739765481762,46.60160733402825],[0.836946995425317,46.602192319832554],[0.834299541299125,46.602709776707876],[0.832532033627497,46.60249438623124],[0.831422654798002,46.602063535509885],[0.831529637612711,46.60183856638532],[0.830789746174506,46.60151559058646],[0.830206158413157,46.60245124853208],[0.8306439782541,46.6050078271517],[0.829956033502716,46.606330641032955],[0.829028818447723,46.60716340021491],[0.82822816131921,46.607739129386516],[0.828005467752663,46.60807900206129],[0.824572232400459,46.60712208513121],[0.823505671027007,46.60839713710615],[0.814830153160941,46.61111355034187],[0.80799228175323,46.613360063027095],[0.802722743964063,46.61495347776315],[0.801798346678208,46.61534649958116],[0.800877331358113,46.615558522373426],[0.799170920914803,46.61615179588504],[0.797912933542427,46.616000612307495],[0.795882159894481,46.61591922290576],[0.794506516552445,46.61592968021742],[0.793673434423701,46.61606767293534],[0.793508444085514,46.61623564390244],[0.793809453286498,46.61625945656601],[0.793881055479629,46.61739491953855],[0.793771934411178,46.61744236120813],[0.793861414037252,46.61758911013228],[0.793746219842606,46.61768958094904],[0.792471306661048,46.61779383420736],[0.791700737069869,46.61771142526287],[0.790713726192113,46.61835537205456],[0.790434139037948,46.61825449732045],[0.790199244821512,46.61830851775857],[0.789896654406897,46.61854859462446],[0.789771628388588,46.618955138034956],[0.789079998539503,46.618892250233394],[0.788627977959506,46.61869165961696],[0.788133455502545,46.618636173484475],[0.78773413479579,46.618618554871986],[0.787176535989889,46.6187960502885],[0.786192132165478,46.618699565544944],[0.78475393488865,46.618703293718795],[0.784265058373699,46.618605563118784],[0.783996926953106,46.61838418890302],[0.784003403546729,46.618257303552504],[0.783553531635741,46.618261212124345],[0.783528273359924,46.619939785895234],[0.783118661997091,46.62052727945364],[0.782954887363732,46.62063220457334],[0.78269859714048,46.62069750612586],[0.782526109880963,46.62056715726359],[0.775223125066439,46.622102845051614],[0.773113086574523,46.62248342232655],[0.772859495096159,46.62261000824059]]]]}},{"type":"Feature","properties":{"fid":1206,"ID":"COMMUNE_0000000009748594","NOM":"Nalliers","NOM_M":"NALLIERS","INSEE_COM":"86175","STATUT":"Commune simple","POPULATION":306,"INSEE_CAN":"12","INSEE_ARR":"2","INSEE_DEP":"86","INSEE_REG":"75","SIREN_EPCI":"200070043"},"geometry":{"type":"MultiPolygon","coordinates":[[[[0.87581817081293,46.63187281578327],[0.876155115084706,46.63191689243293],[0.876311750144443,46.63219182262928],[0.877003796581911,46.63228391132421],[0.87955545338473,46.632504998112395],[0.882214579688426,46.6325523672825],[0.882907114667385,46.63374064281863],[0.88382138502528,46.63433941341925],[0.883996378681399,46.63478221065278],[0.8882837661002,46.63523059691984],[0.889868610231455,46.63499586866872],[0.889904398436694,46.63363549668007],[0.895704164151277,46.63220456098812],[0.894362314827172,46.629813649774505],[0.893964621243979,46.628637170500646],[0.893892928306058,46.62694334649527],[0.894185239083031,46.625843500101034],[0.895935819963526,46.625879260937396],[0.896509684058143,46.62510434453676],[0.897100387991973,46.6246035619213],[0.89998754967878,46.624457446803945],[0.900509479543718,46.624145444444785],[0.899978997187198,46.62335837829315],[0.898499615992644,46.623174524906815],[0.899059262470664,46.62229214673092],[0.89974815914274,46.62165083345839],[0.900527216384149,46.62151828931301],[0.902329368278197,46.620721708836044],[0.901672227722137,46.619795417226925],[0.901611589883261,46.619334024624486],[0.903366583933878,46.619826435377284],[0.904443190542881,46.61957050299358],[0.905360508360915,46.62053125935195],[0.906946977745644,46.62007114667445],[0.906417848022905,46.619179648784225],[0.90499406009836,46.61745301306986],[0.904364464304585,46.614420391467704],[0.905185682577089,46.614411991194174],[0.906245296421261,46.614153030749065],[0.90861902387308,46.61408649761038],[0.908448626274838,46.61250077475924],[0.909078215807058,46.61026760642596],[0.908567143295595,46.60795596625799],[0.906953976532277,46.607624751100744],[0.907171208478905,46.60734588525653],[0.908263375200631,46.604672597388586],[0.909372995450562,46.60470546606154],[0.909962304592266,46.60460632938759],[0.911280800567257,46.60355578840801],[0.910696673493404,46.60232912517299],[0.910669735785497,46.60166928615332],[0.913302984840105,46.60088680168578],[0.915615739298645,46.59976965303613],[0.915966368782103,46.59665404378031],[0.914660913891656,46.59532509688582],[0.911593439932364,46.59639783855832],[0.911527576088843,46.59651373483733],[0.909583296817954,46.59603419297456],[0.908108349608683,46.59684135549194],[0.905658623797299,46.59706860988462],[0.902709590542421,46.59770551903367],[0.902025814967688,46.59778216967839],[0.901988935176583,46.59789138577305],[0.899050399299482,46.59828789365165],[0.898046749542758,46.597206589701685],[0.899339025549085,46.59659977346112],[0.900092924618294,46.59602630877387],[0.898343683428524,46.5954393574003],[0.896701791504765,46.59471293186144],[0.895572706917635,46.59451293934405],[0.890906986096337,46.594467640708125],[0.887654181273366,46.594580633389064],[0.88727670092903,46.59454304434367],[0.886210140569772,46.59411351851415],[0.883546139418418,46.59336622808503],[0.879876312645043,46.592546211426104],[0.878930437075257,46.592140468364356],[0.87806598593676,46.592227140139066],[0.876540229058633,46.59275282558346],[0.875566361998798,46.59259604598136],[0.874575436163098,46.59230743029202],[0.871106291468813,46.59110532705747],[0.871066810402138,46.59117935631861],[0.869505343097888,46.59054680497871],[0.86903558056,46.59103168205389],[0.868216492447745,46.591594726493966],[0.867925066474862,46.59109568275239],[0.867699005998442,46.590896007944465],[0.867381944389094,46.59095135546929],[0.867221174674309,46.591119506290966],[0.866788364778114,46.59099434517652],[0.866767932007416,46.59084894161155],[0.866570178202269,46.59082724222185],[0.865850625453801,46.59045082636062],[0.864886658384957,46.58964378725142],[0.864500307528071,46.58940058248382],[0.863437522287208,46.58894839024554],[0.863110007611175,46.58867114850268],[0.86223148756202,46.58855116246481],[0.861141426558102,46.5880957366572],[0.860374425472279,46.587964307638025],[0.860662970344057,46.58853447917576],[0.860602417450526,46.58887834115168],[0.860390310218377,46.58918874532055],[0.860096422066644,46.58935259755266],[0.859563714151097,46.58947595456228],[0.858522310603073,46.58931146013439],[0.858016495363144,46.58984696320577],[0.857719207552657,46.59046202990864],[0.857107255643269,46.59103787956552],[0.856669807982623,46.59113057850221],[0.855628485614576,46.592223530277074],[0.855394361600748,46.592660521591995],[0.855129786771728,46.59357164616978],[0.854826371472896,46.594042468475415],[0.854699402870461,46.594512091732334],[0.854711443753417,46.59546622904107],[0.854443062259261,46.59624126496552],[0.854121819457817,46.59679912589244],[0.853817287665526,46.597098779186695],[0.85183446348434,46.59807046299939],[0.849937361257571,46.59835913975785],[0.849026833441195,46.59838437852438],[0.848786849096631,46.59847174935693],[0.848773149108868,46.598818287591754],[0.848957549663974,46.59960812118224],[0.848624639118399,46.59999640432076],[0.847984487194752,46.60038792165384],[0.846678851721746,46.60009315123102],[0.84430286224106,46.59983317123104],[0.843706686482138,46.60007056065983],[0.846805293251723,46.60376705768004],[0.847127519995698,46.603748794004424],[0.847956071477163,46.60477412424754],[0.848288411942628,46.60545864524608],[0.848372198496068,46.60644655850254],[0.84869417564036,46.60745966278882],[0.849428851653914,46.608580499607804],[0.850104289043583,46.60852201797916],[0.850592882473223,46.60823033140853],[0.850715995664221,46.60838937463672],[0.851497714560543,46.60884991812805],[0.854248128956229,46.61102727504994],[0.854660766486991,46.61150159909039],[0.855142516235379,46.61188083381046],[0.855341115595336,46.61261236872011],[0.855636716445579,46.61270707788749],[0.855844804187686,46.61352976627087],[0.855862826354448,46.6145317517138],[0.856075714635237,46.61466904878806],[0.857628272550539,46.61454586417851],[0.857843045737396,46.616195572256274],[0.858939786056262,46.61715917103532],[0.860922962809714,46.61868607361801],[0.861327598610364,46.61913409929763],[0.861458490619794,46.619395961424516],[0.861471942434586,46.619785340804356],[0.860982590120025,46.62085982013812],[0.859954136382085,46.622510624311225],[0.859086501007519,46.62329609222496],[0.859825526830247,46.623519775409626],[0.860181868926574,46.62350120943983],[0.860638260992176,46.62329895400576],[0.86105710419035,46.623220300664244],[0.861557711372969,46.62325666749164],[0.862544396609333,46.62359935118213],[0.863173711283868,46.62362099734957],[0.863228835107675,46.62351573581832],[0.863454493370018,46.623562279450574],[0.863267414491245,46.624364069086596],[0.864104739540219,46.62458235099768],[0.866305601493231,46.62490349066498],[0.866213369875011,46.625421510208675],[0.869768946088802,46.62593894521154],[0.870902810844842,46.62596452261354],[0.87232268123124,46.626198970490364],[0.872456956594604,46.625774505622765],[0.87305411187921,46.625917101826296],[0.873794106667259,46.627389157239485],[0.873707231022552,46.62837387154905],[0.875398024195038,46.628402530117484],[0.875602144756766,46.62953676052589],[0.87551405984887,46.63008458729811],[0.875861023727986,46.63013965983427],[0.87581817081293,46.63187281578327]]]]}},{"type":"Feature","properties":{"fid":1247,"ID":"COMMUNE_0000000009749668","NOM":"Gouex","NOM_M":"GOUEX","INSEE_COM":"86107","STATUT":"Commune simple","POPULATION":473,"INSEE_CAN":"10","INSEE_ARR":"2","INSEE_DEP":"86","INSEE_REG":"75","SIREN_EPCI":"200070043"},"geometry":{"type":"MultiPolygon","coordinates":[[[[0.621864649333101,46.35842163787329],[0.619392770119849,46.35925020969621],[0.617684887593002,46.359714524451014],[0.617948459841205,46.3598470552245],[0.618790704717252,46.359808793959424],[0.619840048640044,46.36051266891323],[0.621134111914315,46.361573882576714],[0.623523604703772,46.363329970371844],[0.623120379050041,46.364612521314015],[0.622901882196993,46.36577640293588],[0.622541402597462,46.366434635162655],[0.622607829562374,46.36804858818188],[0.624625404840752,46.37321841302464],[0.624304644458958,46.374758533413946],[0.6251098796791,46.375606811041294],[0.625697903107003,46.37600282638316],[0.630572547844203,46.377708655388275],[0.633472417362505,46.376540073629144],[0.635394969195123,46.37620698901739],[0.635879601690658,46.376467477737876],[0.63753341826056,46.374883784381815],[0.638532099321149,46.37550714899129],[0.639445875805727,46.37577650720422],[0.640873959545586,46.37658440644995],[0.640931315965533,46.3765522606882],[0.641179342870226,46.376686214830286],[0.64211070160134,46.37754418152364],[0.64339418970982,46.378024745598196],[0.645041863115455,46.377394838696915],[0.64579959740562,46.37736003309676],[0.646388809439634,46.37758119460507],[0.647258265884817,46.378095510578426],[0.64820769467658,46.37844570923464],[0.649501587137341,46.37877687386465],[0.649839945944873,46.378778441083625],[0.652960978342892,46.379391333762776],[0.653635483893677,46.37956736689635],[0.653847036673059,46.37976360266226],[0.654266764399407,46.37993168837875],[0.654701303681203,46.379997378604216],[0.65580849400751,46.37985798385941],[0.657271388087168,46.38007451889052],[0.658475329686734,46.37998573210918],[0.659278188025427,46.38017427569135],[0.660587008418898,46.38009842923951],[0.661993629793531,46.37977503408653],[0.664110182632892,46.38041296752915],[0.66387628552823,46.380525289098614],[0.66460944199471,46.381005146542535],[0.665135524294586,46.38096997283282],[0.666598568501283,46.38115395900787],[0.666810571178244,46.38146278623026],[0.669126517745349,46.382006508824404],[0.670014580289746,46.38303721710813],[0.670083678265398,46.383462031762704],[0.670338113187662,46.38390594626019],[0.671104408708236,46.384496341076115],[0.672130642059993,46.385585704900365],[0.672839568221256,46.38608753321809],[0.673753737701918,46.38718090071456],[0.675390476622594,46.387937652645704],[0.676442344971464,46.388856334011166],[0.676629718979655,46.389164639288886],[0.677387818738684,46.38958365928398],[0.677550030707007,46.38959597024629],[0.677800733549106,46.38948666522504],[0.678191266697452,46.38896671341106],[0.678267092394002,46.38905113524699],[0.679688926923762,46.389261134983876],[0.685773178085686,46.390045947176176],[0.687720542715834,46.39048270943827],[0.690140716111933,46.3908227114147],[0.6916167289267,46.39083096634636],[0.693771552086335,46.39107363450415],[0.695489693949787,46.391391220384854],[0.697010911980393,46.391192222469584],[0.701822385521707,46.390087519219314],[0.70186746609457,46.3898515047168],[0.703123392012413,46.388003037695725],[0.703639974895976,46.3868630568653],[0.703695104441319,46.38629483173504],[0.703554417005229,46.38484163676628],[0.70341348881222,46.384261356850836],[0.702857008938123,46.38340966164728],[0.701466507062621,46.380538575743124],[0.700692428888766,46.37814743754127],[0.699128240675069,46.37501787410759],[0.698492537186897,46.37348621526434],[0.697137005413409,46.37158778638336],[0.696320544587343,46.370641618939686],[0.695558706618758,46.36988212407811],[0.693955997927517,46.3687263643617],[0.693421649929723,46.368251618889786],[0.692670192871294,46.36727881099427],[0.692511064370071,46.366825164944885],[0.692410473077425,46.36587903599985],[0.692629228106727,46.36448894285078],[0.692903730878747,46.364120643276294],[0.693231417728944,46.36387953837841],[0.693663498571189,46.36378558137328],[0.693040969433253,46.36241089903304],[0.692547774379013,46.36170275851187],[0.692033024057949,46.36128965908274],[0.690977740253437,46.36064310131349],[0.688374624343809,46.35943005526989],[0.687497013069287,46.358706889524974],[0.687104734475475,46.35813769978708],[0.686661031527154,46.35703145610726],[0.686620899495354,46.356627058538145],[0.687248605415369,46.35482997481588],[0.688262154755211,46.35329115051165],[0.688270852767505,46.35256253485365],[0.688068706503932,46.35205125392988],[0.68777282130072,46.35175697926016],[0.685314944721415,46.35029005361988],[0.684090946896185,46.35007060920898],[0.683809750597487,46.34992165996018],[0.682832115559472,46.34966036246495],[0.68157706184815,46.34882407236966],[0.680987593030366,46.349287735474206],[0.680173926912456,46.34951621377259],[0.67868148410046,46.34955339729927],[0.678368268322945,46.349147938252436],[0.677236941968174,46.34953478320515],[0.675755990999862,46.349852330097825],[0.67448438277402,46.34998855156806],[0.673610838701717,46.35033918018434],[0.669765876089341,46.35062910272052],[0.66853963548335,46.350646371217465],[0.667375185280514,46.35080092117012],[0.663682490918937,46.35215317132982],[0.654739415243156,46.352395653397956],[0.647229841103788,46.35451471190572],[0.646828180197712,46.35468749675041],[0.644810684714361,46.354888170433824],[0.643799894606411,46.35509610578051],[0.641634180280235,46.35586661432492],[0.639532117866333,46.35591500098469],[0.637864490627766,46.356086761551914],[0.633843569676448,46.35630877800479],[0.632997629805913,46.35622365269695],[0.631636163430593,46.35593502588344],[0.630147652203024,46.35578607994901],[0.627669419216341,46.356886758669184],[0.625507160604736,46.35757055476754],[0.621864649333101,46.35842163787329]]]]}},{"type":"Feature","properties":{"fid":1357,"ID":"COMMUNE_0000000009750096","NOM":"L'Isle-Jourdain","NOM_M":"L'ISLE-JOURDAIN","INSEE_COM":"86112","STATUT":"Commune simple","POPULATION":1146,"INSEE_CAN":"10","INSEE_ARR":"2","INSEE_DEP":"86","INSEE_REG":"75","SIREN_EPCI":"200070043"},"geometry":{"type":"MultiPolygon","coordinates":[[[[0.729025544048445,46.24017662906076],[0.726793572169921,46.23986810410848],[0.725875788278269,46.23945879155651],[0.724643749319134,46.23917651304505],[0.722267895129494,46.23848936357898],[0.721577016333425,46.23846291722218],[0.720428643725245,46.23866692821576],[0.719654316651724,46.23868023747685],[0.719215594162679,46.238615589701304],[0.714252523031312,46.23720973720202],[0.712657838206231,46.236536273905536],[0.711548825282145,46.23576715799405],[0.710960028606767,46.23559766154017],[0.708242242702912,46.23508530532412],[0.704938222649604,46.23456105729976],[0.703344341892751,46.23405863944472],[0.702039986908727,46.2335251123765],[0.700223562128858,46.23291365362746],[0.700041448676287,46.232737005941615],[0.699761577344648,46.23269351065414],[0.700232865038595,46.23194991824912],[0.700204067876655,46.231770064282],[0.700591491824043,46.23036444239104],[0.701275240506403,46.22857833813016],[0.70127022531107,46.22817194755236],[0.701811173861973,46.22749912378594],[0.701870688864037,46.22725619244095],[0.699191317205469,46.22794253459621],[0.69790808833224,46.22836249775741],[0.694166531856342,46.2289317293101],[0.693122605358316,46.22724305953436],[0.693017334078515,46.22613646280043],[0.693294880216674,46.22604930278383],[0.693577792537157,46.22564965049765],[0.6936267397383,46.225411913623375],[0.69359481632035,46.22487525110606],[0.693182872337317,46.22430115288914],[0.691098528285828,46.225005676841185],[0.688719430653093,46.22528076662388],[0.687786188795517,46.2252807163603],[0.687694509521252,46.22603828405231],[0.687112988473518,46.22588502397802],[0.685835278559003,46.225988759387725],[0.684857761249501,46.22553104406371],[0.684031686319516,46.22578989209721],[0.683732032640257,46.2257855917986],[0.68332934099626,46.225639557300134],[0.68312041749752,46.22634428574968],[0.682977610489464,46.226375609696596],[0.682622977315412,46.22622875002324],[0.682471279879665,46.22671573213306],[0.682092073138525,46.22699628315266],[0.681867941951865,46.22704756929448],[0.681285392851469,46.22682669314508],[0.680707065972535,46.22708876633141],[0.680221950741484,46.22714193418556],[0.679986112800098,46.22737765629724],[0.678888893871841,46.22763183794875],[0.679273023576938,46.228400010793116],[0.679336586083883,46.22904452905911],[0.679610718613526,46.229805050889894],[0.680355771198193,46.230388696181095],[0.679254468014829,46.233679632201884],[0.679118167013504,46.233955220215606],[0.678232272615996,46.23500917788776],[0.677789958777258,46.23582714839006],[0.677528124335066,46.23655240897434],[0.67744738173504,46.23763000313994],[0.677653121250035,46.23868732046448],[0.67762201365749,46.23988033824761],[0.67783711385118,46.24077839189969],[0.678194117230861,46.24133070437522],[0.678409115822673,46.24149634748929],[0.680237458698094,46.2424101872325],[0.681663450248968,46.24292301983528],[0.684965134156215,46.2435713087959],[0.685711504735876,46.24391440866654],[0.68724132887671,46.24439955284348],[0.68767085831994,46.24465151702085],[0.687787502567123,46.24487189716964],[0.687746409822528,46.24532239602039],[0.687313487159777,46.246503641502045],[0.687438071255014,46.247181823290354],[0.688006651469647,46.248815837279125],[0.688062908776276,46.24951334954778],[0.687878693797108,46.25006273807701],[0.687377800786667,46.25073091110101],[0.687900885222898,46.251044231694934],[0.688318990859318,46.250922100860194],[0.688704757328043,46.25092002762026],[0.688882513017751,46.250738960637655],[0.690031800815277,46.25058392599525],[0.690337916732917,46.250376634855996],[0.690682557278647,46.250271922507466],[0.692231512456364,46.2499384974893],[0.693217919252408,46.24982697257711],[0.693518163839053,46.24969702846491],[0.693693594093561,46.2493240232205],[0.693404172037641,46.24842630135716],[0.693512596384924,46.24779429097212],[0.694241259161045,46.247357726396295],[0.694532413399071,46.24661050401883],[0.694855222142971,46.24659182019147],[0.69578500386843,46.24597284189442],[0.696260818278242,46.24583563610279],[0.697220794550014,46.2451154604549],[0.69764235935676,46.24568162587043],[0.697728866784363,46.24612569995415],[0.698631145730861,46.246252957681186],[0.699815438675573,46.246250780356796],[0.701581433393716,46.24649636847379],[0.702274313036615,46.24678692709263],[0.702522583730215,46.246564022549926],[0.704605233395411,46.2471240509555],[0.705401973165765,46.24719867704247],[0.705115708757115,46.247894673843334],[0.705397849324502,46.24788595012764],[0.706865924724453,46.24839480339236],[0.707249075465848,46.24730707932291],[0.707705315181672,46.24769913690238],[0.708369341582233,46.248587246548944],[0.709341132565714,46.247768114581056],[0.709561129429621,46.24772389687541],[0.709705296795167,46.24759887689058],[0.710134887172357,46.24701385727003],[0.710937098743061,46.24742367388932],[0.712418035683884,46.247811998578946],[0.71438963701359,46.24848492199108],[0.714486259343444,46.24635633577023],[0.71481553746577,46.24546659662037],[0.715643425886698,46.243953566048646],[0.715865993748431,46.243349055145],[0.718101844350712,46.24415874654321],[0.716611199033539,46.246060277144664],[0.717759717191924,46.24651122673354],[0.717606791002819,46.247002729248855],[0.717690439479113,46.24748816683297],[0.717886966161766,46.24782002020578],[0.718690893132509,46.24709924126264],[0.719029843782714,46.24719161785679],[0.719615960691867,46.246898876837335],[0.719748043017981,46.248030295646195],[0.72118418955949,46.24827977628587],[0.720912973337845,46.2477140124939],[0.722028099334858,46.24759580946712],[0.721841272925815,46.24624979552504],[0.722475090640706,46.24627689784469],[0.723243276856315,46.246601264744385],[0.723659201454556,46.24665372837284],[0.723480610179615,46.24654565623999],[0.723427565226622,46.246353613826436],[0.723826546174755,46.24562649904288],[0.725273620359771,46.24461134900995],[0.725524426054068,46.24426232748584],[0.725794902615533,46.243720915965305],[0.7259661221908,46.242818079454324],[0.72663854281376,46.241882918502846],[0.726881760731315,46.241090522775785],[0.727169465298225,46.240946729004825],[0.727918249977099,46.2410490679737],[0.728290375606224,46.24093578464227],[0.72870459890813,46.24071523820606],[0.729025544048445,46.24017662906076]]]]}},{"type":"Feature","properties":{"fid":1735,"ID":"COMMUNE_0000000009749211","NOM":"La Trimouille","NOM_M":"LA TRIMOUILLE","INSEE_COM":"86273","STATUT":"Commune simple","POPULATION":863,"INSEE_CAN":"12","INSEE_ARR":"2","INSEE_DEP":"86","INSEE_REG":"75","SIREN_EPCI":"200070043"},"geometry":{"type":"MultiPolygon","coordinates":[[[[1.022695081633909,46.495496312455366],[1.02581323857595,46.49528899309504],[1.027421065125328,46.49562209697448],[1.02785632735424,46.494802735444495],[1.028885250856022,46.49412061386314],[1.034831668346612,46.493781638562005],[1.037113931345916,46.494001897983686],[1.038529239787892,46.494031596592485],[1.038899003219989,46.49397669127225],[1.039693462224097,46.493717397490634],[1.039406271300885,46.49281804866774],[1.040220889866923,46.49272302983938],[1.041700809706716,46.49204222234609],[1.0436415123943,46.492257400934704],[1.044182801097591,46.49196492012533],[1.045130028677125,46.4916262370693],[1.045716880847226,46.49159033490457],[1.046937985737509,46.49176072622482],[1.047630124251354,46.49166176083531],[1.048007800665259,46.49182223521076],[1.04877727946554,46.49193084987626],[1.049915174881137,46.492386219446935],[1.052705798141064,46.49323453776216],[1.053570536673756,46.493378969909806],[1.0528960709374,46.49506444838802],[1.053059135266022,46.49594002762326],[1.052927638282568,46.496919577368864],[1.053084339134047,46.4974987096171],[1.05326361814392,46.497664793749955],[1.054178576750928,46.49786592002199],[1.056124075953261,46.49809987897335],[1.058293607525949,46.49801334981683],[1.059556319754642,46.498192416255925],[1.059927058457129,46.49748713809237],[1.060391803529392,46.49762202602793],[1.060694459509665,46.49754699644593],[1.061129933151932,46.4970013398353],[1.060937318522523,46.49680621908685],[1.061203191411767,46.49644503547806],[1.061917188067222,46.49683274351854],[1.06945965133615,46.49355834758769],[1.069705330866797,46.492807693137955],[1.071199306943409,46.49123953838848],[1.073031029982792,46.48896819320328],[1.079284301967785,46.480558050817834],[1.078665596119988,46.4799108421198],[1.077894812972124,46.4780297879415],[1.077313214068154,46.47747777064653],[1.077461247784362,46.47742081366479],[1.077729325834805,46.47695424674272],[1.081998978786578,46.47154871372786],[1.092042709470461,46.46945155909966],[1.096410072194325,46.46944333905463],[1.098379653121043,46.468737548784176],[1.098460869014316,46.468801049822304],[1.098434424909118,46.469148285959136],[1.09824147097282,46.469859342031356],[1.098231100298806,46.470343754373005],[1.098373023713639,46.47072261549588],[1.099163033671516,46.471695022154755],[1.099489961540494,46.47432244090362],[1.100368623363607,46.47451088901904],[1.100970151727484,46.47445873793327],[1.101542940359532,46.47425838913484],[1.102826772845642,46.47483004719585],[1.103415073096517,46.47482089785133],[1.103744999740909,46.47474350759994],[1.107955505419072,46.47126359271654],[1.109154441682055,46.471313162537825],[1.110013739181021,46.47145798222103],[1.113551996732866,46.471415572077476],[1.116506000473217,46.47122831680023],[1.11449418769606,46.47048267463812],[1.11262220887747,46.46995457602231],[1.111708685925226,46.46953146025345],[1.111636372227607,46.469172682511996],[1.111403025181641,46.46887159077856],[1.110956272275679,46.46852193484338],[1.111027909605159,46.46844836009008],[1.106569562204628,46.464358282754034],[1.097849134869036,46.4509044273973],[1.088372589262319,46.443537744368754],[1.089143038858409,46.443229080291125],[1.089455983778595,46.44184540296747],[1.089910027932691,46.44071088269646],[1.090058535822815,46.43981804889684],[1.090367390347325,46.43925756064153],[1.090097755670748,46.43892068492359],[1.089887370721645,46.438305575667975],[1.089592394242586,46.43806014837069],[1.0895205715432,46.437767112716145],[1.089196532546342,46.43760766743785],[1.088760009727202,46.43757243979326],[1.088400168573059,46.43735654815156],[1.087863257552547,46.43717462006966],[1.087746517149211,46.43704836541566],[1.0873566251783,46.4371697382915],[1.086914947155779,46.437207375751555],[1.086290424354771,46.43673754227747],[1.08584506468073,46.436620189393295],[1.085250378656766,46.43663724093883],[1.084279317335217,46.43691008643817],[1.083241342748382,46.437047592764216],[1.080510760746985,46.43652434159291],[1.080351348033371,46.43631539575338],[1.080312472696391,46.43508705364483],[1.080384103443614,46.43497656791771],[1.081095886924288,46.434666972723825],[1.081228230647022,46.434534087911096],[1.081262357907626,46.43419328652517],[1.081128649906518,46.434068541016885],[1.080818951230131,46.43257623838143],[1.080526199015841,46.43226957429365],[1.079969943087545,46.4318990307707],[1.079197174574863,46.43168427080949],[1.078622357302051,46.431730444470595],[1.077868487418451,46.431978066096484],[1.076797215564513,46.43210144121625],[1.075270001496453,46.43215046772169],[1.073765040595268,46.43252861482197],[1.071605639235521,46.43243992319858],[1.070723925717199,46.4325069949224],[1.070466792721379,46.43137854075549],[1.07025124800817,46.43091642711355],[1.070320075475689,46.430701415466935],[1.070597461942339,46.430482722438875],[1.071815377523105,46.42989530500281],[1.072195575844123,46.429568455607125],[1.073570053563285,46.429342153182425],[1.074329495201298,46.42904691551768],[1.076328629706681,46.42894820862794],[1.077820018565847,46.42869320060127],[1.079664683421486,46.4282081254664],[1.080025144499758,46.42795928213359],[1.080863092918217,46.42798598058315],[1.081964150466433,46.428532308446826],[1.082371428699142,46.428656244060114],[1.083406413563718,46.42867362268795],[1.084215826879056,46.42851156575056],[1.084333764431935,46.42838023731403],[1.084353915617925,46.42814008180173],[1.083797164239187,46.426448183839334],[1.083708143924954,46.42519918464206],[1.08423936288258,46.424648749337685],[1.086828626331032,46.42316724182385],[1.086930624481442,46.422969890844605],[1.086884006481049,46.42180987624175],[1.0873678318332,46.421160453890984],[1.088457132957939,46.42133362382367],[1.088522541893787,46.42099064212347],[1.088993493188273,46.42026173389102],[1.090247221108975,46.42005303000442],[1.090365012229443,46.42018560557993],[1.091693103949756,46.42023393556947],[1.092484998207475,46.41900327070916],[1.093180558625783,46.41885186042789],[1.092946629840448,46.41824086460464],[1.09440962735463,46.41688538760389],[1.094966042569538,46.41672714035597],[1.095907515955105,46.416693308971574],[1.097608379428998,46.415310234929905],[1.098827821408017,46.41578271489732],[1.099195533952112,46.41565733322072],[1.101794503650172,46.41563302830169],[1.102349475205316,46.414765853438226],[1.103028327821375,46.413293648346965],[1.10113719535137,46.41090411116438],[1.098959095891882,46.41070302147332],[1.0970828443509,46.40979985452451],[1.094812047845874,46.4094953572523],[1.094251056949667,46.40952562335667],[1.091545108057861,46.41012262592688],[1.089978712736142,46.41026756130332],[1.089268331452985,46.410175506407406],[1.087855109340561,46.40951592590388],[1.08679066308817,46.40942062511426],[1.086358547808449,46.40948904183996],[1.085931691906336,46.40966743386424],[1.085693041841226,46.40990032261241],[1.085144566327306,46.41083598495438],[1.084751586008638,46.41112482982847],[1.084239239854815,46.41136393139731],[1.084264406108284,46.41168591347926],[1.084119964283793,46.41197982832843],[1.084800920502609,46.412837039302154],[1.085610190076724,46.41345230094272],[1.085919962912354,46.41382859543022],[1.084855583698899,46.41551131387741],[1.082619669241109,46.41587730354543],[1.081843278878521,46.41592010457879],[1.077995794197664,46.415302338005894],[1.077133994359612,46.415588667014674],[1.076512141344772,46.415680872888096],[1.073813603624557,46.415831726706614],[1.073719128240681,46.41592560977653],[1.072311918145108,46.41594508875992],[1.072052183142645,46.415813699143186],[1.070722175624691,46.415896612840925],[1.070683533233717,46.41647422872499],[1.071846275620007,46.416628984923705],[1.071304934000614,46.41739086457373],[1.067971129252211,46.41690483841329],[1.067649043843678,46.418866583373884],[1.06654988239541,46.42180687359095],[1.065189831145585,46.42141002745266],[1.062924269463189,46.420581664936286],[1.062053889900074,46.420187684097094],[1.060565172970978,46.42279164004124],[1.060051908083625,46.422207351020916],[1.059496314410711,46.42215467310953],[1.058824699217003,46.4219216745377],[1.057917198537268,46.42147298687234],[1.057849531638447,46.42150786502383],[1.057129067611117,46.421183951761385],[1.05539395843893,46.41998345376417],[1.053896385016451,46.4196480802513],[1.052866261683785,46.420156543265584],[1.052753779221606,46.42031585617787],[1.052440900013947,46.420324029723695],[1.051939155323201,46.4204785016325],[1.051732019505629,46.420735279178686],[1.051594599721191,46.42137425730435],[1.051169693380855,46.421857004352006],[1.050943921154446,46.42165048445602],[1.050556467690839,46.42185013710784],[1.050372191964572,46.421502909177015],[1.05005593147378,46.42145967662977],[1.049861473058891,46.42103300909833],[1.048229340827902,46.42092765240891],[1.047291293117184,46.42133585732243],[1.046915119979628,46.42162036000314],[1.046365069622966,46.42181361381984],[1.046037932962868,46.42174676483803],[1.045721261719738,46.421824211956014],[1.045443795887813,46.421788836620685],[1.044419399995103,46.42078858851323],[1.044348947237605,46.42039195787691],[1.043513343671536,46.41932197508537],[1.043262248378302,46.41938702806007],[1.043118860663753,46.418917987876775],[1.042931405614123,46.4188427151889],[1.042753987791105,46.4189234419648],[1.042078996301789,46.418896554052644],[1.042351060514056,46.41810136460766],[1.040597610032599,46.416443644786646],[1.039325990942285,46.416711847619816],[1.03872749543734,46.41582514632155],[1.038113875898946,46.4151786790313],[1.035927641001307,46.41350263441621],[1.034668717851028,46.4126594886862],[1.034155330967164,46.412486712712585],[1.033378594266615,46.412032869438626],[1.0328024321205,46.411940072295955],[1.032348925899094,46.41119004368078],[1.030960742192566,46.41100937433432],[1.030926874172156,46.41180414555678],[1.031008081371914,46.41215233227801],[1.032593937380271,46.41675094202274],[1.032541817259219,46.42054666687748],[1.031883901857569,46.42347804578253],[1.02615190819029,46.422060396897855],[1.02569299211627,46.422576693214566],[1.025053591508763,46.42556150263493],[1.024119607259414,46.428657406361815],[1.02344751292725,46.42959065156829],[1.024048273172983,46.4308080442818],[1.022134952504351,46.4344652564766],[1.019103100507434,46.43658979420847],[1.01928517017332,46.43674247575755],[1.018175756578868,46.437478949623426],[1.018931245748322,46.4381658141731],[1.020210630031904,46.44017864172886],[1.021732012573092,46.44188038570907],[1.021947796506625,46.443296485042545],[1.025593607237846,46.44844694949617],[1.024047888635575,46.45151155514605],[1.024060728383434,46.45202069475003],[1.023553543871428,46.45386203742298],[1.023593320001639,46.4541311458059],[1.024321484583645,46.45511293718463],[1.024453571111189,46.4556043225593],[1.024879271312829,46.45626561993535],[1.023849284717658,46.46052180812981],[1.023222684942891,46.461339646112854],[1.023343892999295,46.46195154281485],[1.024452202398294,46.46312906186246],[1.02798897329573,46.466290498798465],[1.029944778295628,46.47811665334715],[1.029309443455429,46.47848760987952],[1.028308974131559,46.48030244503963],[1.027041099869127,46.48186585498874],[1.026513964127556,46.48407345921237],[1.025584570374061,46.48460415255789],[1.024766354106116,46.48735706872388],[1.022136389022142,46.487132341995235],[1.022084512740834,46.488059200596076],[1.02218137378481,46.490242454557624],[1.022466004852064,46.4908805951113],[1.023561320192067,46.492216411653594],[1.024125871499742,46.49301251161947],[1.024197026945799,46.49324432916725],[1.023490137712763,46.493820287178416],[1.023260331547343,46.49411535676638],[1.022695081633909,46.495496312455366]]]]}},{"type":"Feature","properties":{"fid":1768,"ID":"COMMUNE_0000000009749215","NOM":"Chapelle-Viviers","NOM_M":"CHAPELLE-VIVIERS","INSEE_COM":"86059","STATUT":"Commune simple","POPULATION":564,"INSEE_CAN":"05","INSEE_ARR":"2","INSEE_DEP":"86","INSEE_REG":"75","SIREN_EPCI":"200070043"},"geometry":{"type":"MultiPolygon","coordinates":[[[[0.716731590101863,46.44387325063421],[0.713738354644398,46.44803828137618],[0.71294856224316,46.44900257653213],[0.7121906945026,46.450168392410205],[0.708599316396918,46.45446905291065],[0.707547125538694,46.4553145437773],[0.705395938451957,46.45582266022097],[0.703974168639716,46.45606343954824],[0.703436319497848,46.456268827655755],[0.701014955914598,46.45867039678415],[0.699330961180441,46.45999585635564],[0.701505042866165,46.46145573934109],[0.703622967675783,46.46316848524822],[0.704168171210571,46.464028931907514],[0.704937273862529,46.464959634798305],[0.705696231273738,46.46669006965411],[0.708469551368709,46.46907168423527],[0.707794156032913,46.46969322356451],[0.707042670185901,46.47020152866575],[0.706860437688412,46.47047352646729],[0.706862284525057,46.471949129597654],[0.706684390539168,46.4729860221811],[0.707629007258891,46.473219376477694],[0.707889223044672,46.47344980525225],[0.708556471028411,46.4737370420481],[0.709363074890573,46.47427659929894],[0.710818811202266,46.47491473648655],[0.711438641787918,46.47543161868738],[0.712150756831389,46.475582805771516],[0.711906996521454,46.47561215639022],[0.711645184703843,46.47576095559934],[0.711643294258292,46.47630321842097],[0.711519088159768,46.47659079870099],[0.710681613312027,46.47694066143898],[0.710527236988491,46.47682856774],[0.710363282717289,46.47691356410576],[0.709878467546467,46.47644172153569],[0.710006450740304,46.47637492245282],[0.709697876040695,46.47611560397342],[0.709066868442371,46.476485808180215],[0.709305771725048,46.47666535925935],[0.708918416811785,46.47688460302765],[0.710225068779439,46.47809358687044],[0.709220471850331,46.4788202416098],[0.709161455870006,46.479355954409016],[0.709274136958091,46.47999510150358],[0.708045340629117,46.48028395183613],[0.705566404006901,46.48155392560216],[0.704712119779153,46.48177368914194],[0.70266792783293,46.48210015245708],[0.699518610395301,46.482748456952386],[0.697067858503493,46.48374496554968],[0.696524896039865,46.483879057182925],[0.702515829389032,46.485122093926506],[0.702672780900368,46.48523515075204],[0.703286384528091,46.48537450125635],[0.70730776388365,46.48616510190938],[0.710418496291992,46.487431874675174],[0.71324927395703,46.48869115693843],[0.716284641726468,46.48777805327045],[0.718730152676527,46.4864035853073],[0.720486873406895,46.485654917991425],[0.721142309707854,46.485512146296124],[0.721038568081222,46.485810053065116],[0.721054157108494,46.48687243903834],[0.720908408696093,46.4872704006657],[0.72157582797308,46.48718461720484],[0.72218740206814,46.48790485744223],[0.723681175099957,46.48904984131582],[0.723864989548313,46.48945797288899],[0.723838555567773,46.48974751231814],[0.723525907068767,46.49070697059322],[0.724385950068581,46.490694369987445],[0.724705615911865,46.49056651110713],[0.725789445294308,46.49062951989405],[0.726039009012657,46.49068132824657],[0.726128967346999,46.49090111755924],[0.72677686819781,46.49072122900157],[0.727582850535265,46.49009677024831],[0.728048166113171,46.48897728794774],[0.72893037742519,46.487774204826295],[0.729786627166019,46.48756961364196],[0.729896744429276,46.4872114713348],[0.730728435841557,46.486311850337685],[0.731284444148946,46.48617605482943],[0.731141151107631,46.48598403720389],[0.731131904291771,46.48573612707819],[0.731482978698841,46.48563589828817],[0.731505894947017,46.48555527902868],[0.7318859117469,46.48538626010334],[0.73296592984302,46.48506807888597],[0.734979718446599,46.48468642339012],[0.735515763554914,46.484434006027705],[0.736940508893116,46.48397848666903],[0.737456992504045,46.483725673122024],[0.737930130738846,46.48382602237392],[0.738815151242678,46.483491315672715],[0.740075607882227,46.48281360781426],[0.740103370979851,46.482017830718306],[0.740242147034279,46.48168997353306],[0.740666009900218,46.481405587450695],[0.742023333358817,46.48078022038572],[0.74234542606282,46.48078027846561],[0.742812898805948,46.48057601853405],[0.745321646883491,46.480107573050645],[0.746014106160002,46.480043763030466],[0.747423483361758,46.48001840522522],[0.749219773852694,46.48016009645943],[0.751092301892189,46.48019245902129],[0.75147133686199,46.480392692843026],[0.752268658766881,46.48135964208078],[0.753418271899696,46.48007516238414],[0.754779819988713,46.47931100446598],[0.755439397287412,46.478366393529825],[0.756398347183377,46.47927253012262],[0.756873650346028,46.47941518198857],[0.757574614381157,46.47904879506969],[0.75887958206682,46.47889783590998],[0.760016039178759,46.477896792307554],[0.761155916030736,46.47738314616083],[0.761505100581451,46.47742151568682],[0.762838571243447,46.477273773073335],[0.763393410771671,46.47716212368663],[0.763656881858304,46.47703305903174],[0.765667761016387,46.47709131352649],[0.766033834717805,46.47700388550536],[0.766962266358945,46.47719408821725],[0.768856333701622,46.47564565575658],[0.77152151003478,46.47385820627586],[0.772406364700152,46.47326290818959],[0.772635249366769,46.47305387776632],[0.772752701097139,46.47279583257168],[0.772726355929703,46.472451208738],[0.773001522598038,46.4720665206293],[0.774589183541828,46.46836899388144],[0.774889283206478,46.46743619261242],[0.775271199763826,46.46555192436481],[0.776274012530763,46.463114032270674],[0.77501563101864,46.4639552112742],[0.773454955019349,46.46475985818115],[0.772254857156423,46.46554449198954],[0.77126008053232,46.46455761549508],[0.771057759338098,46.46453204869074],[0.769469549717093,46.46543429411903],[0.767448199657816,46.46672531420711],[0.766439466078985,46.465666957501334],[0.763939691140709,46.46491992487797],[0.759350561828006,46.46461020998774],[0.759575192315111,46.46228329896634],[0.754815818828488,46.4623150718722],[0.754815042506327,46.46293572124457],[0.754583041718671,46.46293476462589],[0.752991778495388,46.46263953589501],[0.750976650859916,46.462001736099005],[0.750057561983654,46.462034984544786],[0.748107826610103,46.46177226197515],[0.745740110066207,46.46115173904818],[0.745386761722495,46.46115377383126],[0.745284793751091,46.46106618309031],[0.745144499985139,46.45799521051383],[0.7436449228168,46.45848177079523],[0.742244968164398,46.456465989492074],[0.736523334186413,46.45648517306416],[0.737289647846572,46.4537537366494],[0.737188988675132,46.45354094909445],[0.73644311983188,46.45364327738281],[0.734588128102826,46.45430914545504],[0.73230943167376,46.45541518521255],[0.731645433679143,46.45502095029766],[0.730048322125903,46.454404583489016],[0.729594276669679,46.45432169105472],[0.727225214066557,46.454465550816025],[0.726741597574419,46.45424783490381],[0.726284057057128,46.45384236247478],[0.725162837173854,46.4534119607822],[0.724412164973188,46.45266012770165],[0.722483920488472,46.45301715862035],[0.720190716158492,46.453685767869274],[0.718875706508259,46.45187496282353],[0.718691416174765,46.45148212214298],[0.717959391013957,46.44377437868858],[0.716731590101863,46.44387325063421]]]]}},{"type":"Feature","properties":{"fid":1769,"ID":"COMMUNE_0000000009750095","NOM":"Mouterre-sur-Blourde","NOM_M":"MOUTERRE-SUR-BLOURDE","INSEE_COM":"86172","STATUT":"Commune simple","POPULATION":167,"INSEE_CAN":"10","INSEE_ARR":"2","INSEE_DEP":"86","INSEE_REG":"75","SIREN_EPCI":"200070043"},"geometry":{"type":"MultiPolygon","coordinates":[[[[0.751017160487589,46.21719687322279],[0.751022875995651,46.2175951608579],[0.751370404690488,46.21798128978693],[0.753135079875674,46.2188746755426],[0.753417030395972,46.21911987086668],[0.753353656218367,46.21946274234236],[0.753036674069333,46.21981862035934],[0.752684720679537,46.21998282700637],[0.752168246657037,46.22004468781517],[0.751574950357647,46.219986115713915],[0.750017052154925,46.21958775916111],[0.749472891940882,46.21953375144593],[0.74913581470425,46.21958833822124],[0.748683635480597,46.21982261685011],[0.747329391366763,46.22091105095791],[0.745632795907637,46.221328758733485],[0.745356914435169,46.22150436052874],[0.745004781162127,46.22192438165207],[0.742250745920897,46.22324624185099],[0.741909949503029,46.22373674537342],[0.74129757938538,46.22429752650048],[0.740783960158498,46.224635053551594],[0.740823521556313,46.22480880262569],[0.741094105603824,46.225108754940244],[0.741821782514023,46.22559254749628],[0.742760910400324,46.22592198216307],[0.743249026073424,46.22601454621773],[0.744084789875231,46.22601761304244],[0.745081262228172,46.22634185953297],[0.747550830700973,46.22739523745395],[0.747939858579086,46.22772003909208],[0.748548180820725,46.2279518886803],[0.748686335710618,46.228096056282034],[0.74875232888308,46.22901712763752],[0.748648069981824,46.2297537589576],[0.748540627169885,46.230062424689365],[0.74812273080284,46.23059736340077],[0.747498704535811,46.23103092756377],[0.74692546535409,46.23123938164322],[0.74629645934044,46.23176202483342],[0.745725359605799,46.232075914711125],[0.7452077271792,46.232226006441266],[0.744745493903442,46.232133965147966],[0.744521215104097,46.23222140494168],[0.742779853809785,46.2337165057373],[0.742270531593568,46.23397935558166],[0.742112536007591,46.23419062182303],[0.742082204844047,46.23454855774049],[0.742262750697829,46.23482960265138],[0.743413536267865,46.23557131337659],[0.744068027664417,46.236133811711746],[0.744102530383135,46.23630475623775],[0.74370967115097,46.23682846569681],[0.74317363704693,46.237203396275255],[0.741617449378583,46.237697709113284],[0.740560381205204,46.23786229487986],[0.738894634521804,46.237958922267744],[0.737108139127843,46.23827563370361],[0.73596051772037,46.23833748072481],[0.734563445498125,46.23868622493561],[0.732314742308655,46.23824955348461],[0.731834819107089,46.23823908530522],[0.731138793808654,46.2383369120477],[0.730567807807583,46.23861289521696],[0.730204091233604,46.238962376772136],[0.730028996739832,46.23927147914694],[0.729158848040082,46.23996758946969],[0.729025544048445,46.24017662906076],[0.730248986739001,46.24047940731612],[0.731916745382576,46.24105768286698],[0.73404287562683,46.242074769344974],[0.73517385578895,46.24226034276526],[0.735926178289975,46.24246629660485],[0.736304187489058,46.24261885515112],[0.737733289767107,46.24354002221588],[0.738505454657403,46.24354906692743],[0.740189103371692,46.24374647422782],[0.74097582050586,46.24346571785942],[0.742153750275674,46.24345847063081],[0.743860799438979,46.243560797912984],[0.745402061189298,46.243937275303814],[0.747205755593316,46.24462611651041],[0.747696024290853,46.24432322892271],[0.750577301747107,46.24327669298252],[0.751226533122886,46.243117465329725],[0.752579199139531,46.24296492446111],[0.753713519486368,46.242690947235424],[0.75678592386908,46.24229844043852],[0.756989504466786,46.24220966722535],[0.758990120539159,46.242244586678595],[0.761442066279851,46.24257752222514],[0.764903004638959,46.242588811458596],[0.766525231229833,46.24279723299568],[0.768787428121207,46.24278576646459],[0.770590107821233,46.24251662016766],[0.771937593625107,46.24207457979895],[0.772658645550859,46.24167971727151],[0.773046135532867,46.24134588470082],[0.773417038862978,46.24119639815724],[0.774155869992652,46.24020371792027],[0.774536759665985,46.239967942837644],[0.785431029304863,46.236040287317365],[0.790131282418731,46.23505429144411],[0.790856631724723,46.23496568452735],[0.790771004499965,46.23345152239005],[0.792157352349009,46.22981294750986],[0.792264364591336,46.229122283725914],[0.791532313220879,46.22709290810194],[0.791211954023376,46.22650745133192],[0.788679253150793,46.223880050891886],[0.791613803998916,46.22252726255501],[0.793881396792659,46.22174790828355],[0.795159379525337,46.22114481005559],[0.79568538866196,46.220780259779765],[0.79473556943141,46.22051772071506],[0.79465309115708,46.219987332279196],[0.794122440077592,46.21927439093585],[0.793851132990247,46.21850251887999],[0.793593195894392,46.21817231392483],[0.793450385776926,46.21769029955073],[0.792757789607377,46.216294979704514],[0.792779741378103,46.215685541028364],[0.794057894881133,46.21443025696705],[0.794271032683264,46.21435782043869],[0.793976995441492,46.21398998148697],[0.793837818030827,46.21370802291041],[0.79334718700209,46.213259797033636],[0.793302979129464,46.21274636448281],[0.793417536895496,46.21251166809697],[0.793888727626802,46.212153270160314],[0.794017034472163,46.211641383071075],[0.794617725304198,46.21161159641558],[0.794844976283996,46.211510606056386],[0.795235545792371,46.211478542851175],[0.795724621190493,46.211094360276],[0.796316373837181,46.21106078818167],[0.796473964537336,46.21114311548425],[0.79709015941991,46.21117937716564],[0.797521290422245,46.21088054455646],[0.798112755696784,46.21082173429505],[0.798829952603697,46.210992364761985],[0.799228338275727,46.21141175634054],[0.799787519909925,46.21147842899395],[0.799939760485323,46.21175883093729],[0.800391971262193,46.211872075779844],[0.800921597426306,46.21186700530366],[0.801263482274453,46.211398878133465],[0.802071133262403,46.209638052138004],[0.802146699351075,46.20917738612201],[0.801739953166917,46.208383997942526],[0.801566298832382,46.20831397898221],[0.801731179232364,46.2082469018661],[0.801642943757008,46.2075353403752],[0.801451536168766,46.20713167006906],[0.799473463724363,46.20372338919417],[0.800172563041396,46.201659597387206],[0.799579843385109,46.20136436477021],[0.798397377154533,46.201217157530195],[0.796391767558891,46.19908476256759],[0.796173638502594,46.199218361932026],[0.795105310267779,46.19952465007133],[0.794261704625505,46.199662328356474],[0.794246381808915,46.19897919818215],[0.790476802970618,46.1977466208979],[0.788935425277597,46.19701219799424],[0.788701121711173,46.19671036443807],[0.78864132149129,46.19626328691593],[0.790741905469275,46.19528888678733],[0.790077025385881,46.19446971451852],[0.788931351306011,46.194861821146596],[0.787545414913613,46.19519609125718],[0.786974119296347,46.1952732529873],[0.785541152309529,46.1952939927319],[0.78487422179177,46.19545846394014],[0.784443556732949,46.195714917635556],[0.783870883391806,46.19553709981203],[0.78379336218709,46.195368933390384],[0.783140824055814,46.195049023879584],[0.78267974244536,46.194549974796956],[0.782313506698698,46.19436806774505],[0.782032302687956,46.194296820135655],[0.781616731897696,46.194372489035516],[0.781327663589149,46.194335318091106],[0.780585664474371,46.194046978323726],[0.780403697044614,46.19389568767575],[0.77923202115662,46.19355120362108],[0.777757600500586,46.1928674780537],[0.776893186674979,46.19291183299757],[0.776666892338032,46.1929902844617],[0.775847295990085,46.192665262326344],[0.774335616655967,46.19280503225328],[0.773923395007829,46.19270237190906],[0.773427248785104,46.19271787816647],[0.772884916469007,46.192433397743734],[0.771245196661584,46.19253188164932],[0.771034717809167,46.19247640654285],[0.770438875992769,46.19184944534978],[0.770419264997721,46.19172564518581],[0.771616480936089,46.19073747538323],[0.771746957407561,46.19039951466281],[0.771646919620132,46.1902119799204],[0.771263748323958,46.19009726714195],[0.771028693283645,46.18981700002945],[0.770609785384725,46.18968807151701],[0.770032833824756,46.18971368849623],[0.76922071603998,46.19025897843963],[0.76900491978605,46.19046193712573],[0.768959119933606,46.190726787056704],[0.768441749079359,46.19120038413381],[0.768364518955404,46.19140876451432],[0.768118049733383,46.191345370512636],[0.767405268615384,46.19088365329176],[0.768085742339157,46.19009976984859],[0.767749051015376,46.1898949724706],[0.766796831760084,46.189643850206224],[0.765759925035671,46.18994327299673],[0.76470427861953,46.189461285342844],[0.764056005122737,46.190313346194515],[0.763244896418975,46.18978300507513],[0.762964073477995,46.18871808404669],[0.760967697093356,46.18878597590084],[0.760675058366625,46.18817033781207],[0.759411089236355,46.18821749623768],[0.759621090178625,46.18879187177512],[0.757812429014284,46.18924897087276],[0.758049384472359,46.189861716812885],[0.755235638882911,46.18996473243898],[0.755444539599899,46.19040666995698],[0.754791177482811,46.19061897826448],[0.753346014607659,46.19033818574759],[0.752415873773299,46.189739650555296],[0.751654943524036,46.18944353653774],[0.750870563295549,46.189308205320216],[0.748903242214208,46.18920439858253],[0.748920263853661,46.18812641791564],[0.746871719537906,46.18823266641091],[0.746742331203988,46.18800398784751],[0.745588904719961,46.18908465896256],[0.74434107726971,46.19081926586182],[0.743979357548222,46.191193147424],[0.741957896305258,46.19309524598233],[0.740679964687729,46.19394998616439],[0.741030535414682,46.1948235734732],[0.741431784310679,46.1969233252934],[0.741885403502552,46.197343125336495],[0.744442338221988,46.200622536818074],[0.74518057306154,46.201220932229674],[0.745702261353055,46.20178530084944],[0.746942911505617,46.20228193971404],[0.747176777903359,46.20240008118682],[0.747348722789266,46.20263590745152],[0.748379243271938,46.203068910268044],[0.748459108378655,46.20371459924272],[0.748824781556418,46.20397227637142],[0.748960373142,46.20430377098555],[0.749192222189421,46.20450294451314],[0.749318486466683,46.20487208962419],[0.749635104124021,46.20525040740127],[0.749829994150709,46.20584432058096],[0.750455731571392,46.20624677007187],[0.750582469045858,46.20676276114126],[0.751187532547672,46.20760621287747],[0.751588840312396,46.2078501714783],[0.752263766374716,46.20797161754644],[0.752893029463059,46.20838403174481],[0.752941551944355,46.20884622462437],[0.753547434652755,46.20935456348756],[0.754117783351107,46.210381985788715],[0.754641595802742,46.210645468548684],[0.754736696355577,46.21088967421777],[0.755219905376004,46.211479359723135],[0.754779222308944,46.212670587040705],[0.754863873227463,46.2130749368525],[0.754536485399107,46.21340088492927],[0.754100171324828,46.21432644650563],[0.753717985715284,46.2146909474244],[0.753260424367221,46.2158809354514],[0.753062916875582,46.21607702117093],[0.751583655601055,46.21680089189556],[0.751017160487589,46.21719687322279]]]]}},{"type":"Feature","properties":{"fid":1845,"ID":"COMMUNE_0000000009750354","NOM":"Asnières-sur-Blour","NOM_M":"ASNIERES-SUR-BLOUR","INSEE_COM":"86011","STATUT":"Commune simple","POPULATION":189,"INSEE_CAN":"10","INSEE_ARR":"2","INSEE_DEP":"86","INSEE_REG":"75","SIREN_EPCI":"200070043"},"geometry":{"type":"MultiPolygon","coordinates":[[[[0.840389053155361,46.13396272434057],[0.839988757440049,46.133664144142294],[0.839615006638929,46.13311924151453],[0.839274827119003,46.13135976355343],[0.837770178816673,46.13169775672627],[0.836627667217775,46.131690407689625],[0.835613056777184,46.13142965063869],[0.834870678045964,46.13083716664736],[0.834854533985507,46.12927572669333],[0.834749995834658,46.12864135300482],[0.834445912333612,46.12794191713487],[0.832111281871527,46.12794060373183],[0.830453364212414,46.12756842262318],[0.828507546006986,46.12733484344908],[0.827713854432331,46.127551173649444],[0.826490086436128,46.12815833337891],[0.825878755307121,46.128742076973204],[0.823174784275272,46.128578564801735],[0.823206018349642,46.12975114355908],[0.821709503399698,46.130045841098905],[0.821769717537842,46.130226261543385],[0.822532241647333,46.13073183985829],[0.822592950074426,46.130867227762955],[0.822059515615077,46.13144523919673],[0.821669209649718,46.13148549599735],[0.821284790619326,46.13134479748313],[0.821232215409466,46.13093931571694],[0.820923403494097,46.13039559366598],[0.820597874100553,46.13043618897543],[0.818508982256007,46.13112754977403],[0.816671359223417,46.13204801211625],[0.816471247772704,46.13222523134194],[0.81696612055403,46.13304189210083],[0.814881039778964,46.13373146045705],[0.815925233491561,46.13559194969994],[0.815342428715223,46.135584341977484],[0.814708885167241,46.13512623944726],[0.812253590899289,46.13495824984806],[0.811053341832417,46.136201691045486],[0.815150585984047,46.137831830671765],[0.814947165004055,46.13818915041768],[0.814304170114847,46.13800021325035],[0.813766032602496,46.138757363654705],[0.813569936131428,46.138800431586915],[0.813277497297658,46.13771650398921],[0.811865103715271,46.137292030150896],[0.811574178646312,46.13841336638708],[0.809509110173166,46.138205095403194],[0.80920446883393,46.13752629561741],[0.808119954436368,46.13697207364077],[0.807470093073513,46.13705321489754],[0.806728126066779,46.13593716565583],[0.804446745121184,46.13670112803453],[0.803860293943439,46.13675194541824],[0.803163074964859,46.136624053096355],[0.803165536387619,46.13591514275576],[0.801372359711463,46.13296623084174],[0.801897293102486,46.132703440394636],[0.80196668613369,46.13252371555468],[0.800970984009547,46.131115345896326],[0.800126396097261,46.13123951610386],[0.799453322697776,46.1310607195152],[0.798042342515439,46.13202879107025],[0.797389442642201,46.13225124648453],[0.79718344491714,46.13241210367094],[0.797171817481854,46.132669517805006],[0.797029048506599,46.13280457622662],[0.796196505534517,46.13295057168304],[0.795523236303105,46.13280868256418],[0.79482448764568,46.133075275405005],[0.792694653012397,46.133162712756445],[0.792500922019499,46.13311480544577],[0.791994779531583,46.132748231813245],[0.791112277130268,46.131881575333956],[0.790470732878025,46.131692528375495],[0.789809293361879,46.13222286201551],[0.789792204909077,46.13280807570622],[0.789003566884186,46.13324674580507],[0.788742733841953,46.133288510325265],[0.787149633067912,46.1324683378883],[0.787432413743379,46.13159282573046],[0.787280980337804,46.13027104297652],[0.787111532458886,46.12974975678343],[0.786327035395518,46.12947592282459],[0.785091634716272,46.1296842470424],[0.784175841004201,46.13003121960387],[0.783186425359736,46.130692943411006],[0.782784424433582,46.131182359262255],[0.782628423841959,46.13212519784399],[0.782356439469213,46.13257120837617],[0.781103809214925,46.13336380159295],[0.780516378429162,46.133535192056975],[0.778401022302323,46.133711828728565],[0.77778483110368,46.13289711894067],[0.777470855990118,46.13223515900377],[0.776797737163434,46.13231476849479],[0.776677108276435,46.13199801174435],[0.776424094171283,46.13181468994436],[0.775584183510338,46.131757700664735],[0.775063312126699,46.13188532459655],[0.775050245544335,46.1323354911735],[0.774469836430755,46.132237635340935],[0.774153918824201,46.132008033139506],[0.773894905864775,46.132004757068366],[0.773712904365689,46.13269033563388],[0.773968527159662,46.13402319358323],[0.770913081028049,46.13443799938951],[0.769812283127609,46.134422690405934],[0.767700609934373,46.133583045477515],[0.765387610288348,46.13301145421726],[0.765663936753824,46.132430439793104],[0.76573998291716,46.132026554483765],[0.764705300947472,46.13201159513629],[0.763479254682008,46.13185953152247],[0.762647738924695,46.131533257751876],[0.762323994741677,46.131528679707245],[0.761345632003119,46.13178505435516],[0.761363773042677,46.13340513965491],[0.762272677732424,46.13332756534987],[0.762389556473418,46.133734349972315],[0.762419064948272,46.13494927618108],[0.760921504227757,46.1352891044875],[0.760133142016512,46.13568254222531],[0.758247698788829,46.13822086681192],[0.756890921867286,46.13815713960289],[0.755847673493294,46.13841218792275],[0.755135326263316,46.13840261244045],[0.75449382976898,46.13821336235431],[0.753141838556384,46.13796951450712],[0.752178929094099,46.13768650843097],[0.750452925665234,46.13657761199948],[0.749240144669579,46.13783819674852],[0.748085115194554,46.13825851752865],[0.746722252093482,46.13837471876508],[0.746065630640255,46.13868059023353],[0.74526564989066,46.13947908168814],[0.745254223344024,46.13988333847391],[0.744574527192426,46.14084456585617],[0.744187761439457,46.140732384652935],[0.743799113225598,46.14041386892752],[0.741938567114272,46.138482389875925],[0.739536574934676,46.13758689573591],[0.738913854517344,46.137100647450076],[0.738655949400625,46.13656670886524],[0.7384478765438,46.136395906531845],[0.737536580867839,46.13599488904147],[0.735920853884904,46.13592755176761],[0.735416750587345,46.135425631109506],[0.731861084622139,46.135329439819266],[0.731209269692669,46.13545515053399],[0.7303668853687,46.13548876444945],[0.729096395091286,46.135189501701],[0.728316217675163,46.135035163756584],[0.728060918940824,46.13506699125097],[0.724997679577096,46.13628398224196],[0.723046242601822,46.137249329966686],[0.722230416605756,46.137485209839696],[0.719934261848065,46.13757515907241],[0.717393271943705,46.13788085242641],[0.715738463598481,46.13834665559552],[0.713963410466833,46.13871182035852],[0.713149273004328,46.13912333888435],[0.712845347211676,46.1393883783998],[0.714093891274611,46.140650405243704],[0.715115516780335,46.14204117970387],[0.715658084786392,46.14261243213684],[0.716763411407616,46.14355083837407],[0.719172514789574,46.14611265391993],[0.719767728472824,46.14663539471905],[0.721944204556035,46.14993658662675],[0.722465168035049,46.151968566970986],[0.721015169550089,46.152175509127005],[0.719931109648039,46.15227897320567],[0.719888734622304,46.15220695447829],[0.719531618412953,46.15225383693213],[0.71933668056996,46.152328298008065],[0.719325939110954,46.152430780630105],[0.721325414413394,46.1559410284916],[0.721990557799343,46.15671829948834],[0.722479159978511,46.15803254335138],[0.722934293359564,46.15877947230712],[0.723342734325284,46.15971464411703],[0.723720205219956,46.16095908952304],[0.724308691601342,46.16171138645408],[0.724924710140091,46.162831782131526],[0.726268496832129,46.16472436396352],[0.726371888040664,46.16479489839617],[0.727417506082862,46.16468609500494],[0.72946174280791,46.16372431229664],[0.730259753471939,46.16292498152777],[0.730926734321137,46.1628166891251],[0.732361211111355,46.1622696827101],[0.73309900427432,46.161702453204555],[0.735287669694589,46.16138215886331],[0.736024935708447,46.16107795068886],[0.736142727938821,46.159951525170236],[0.734364831419848,46.15924224053774],[0.733647767868376,46.15908920528443],[0.732947132141519,46.15809959672504],[0.732320583982241,46.15607097159324],[0.73328441218424,46.15583526572271],[0.733998193120891,46.15647470158162],[0.734690902735846,46.15687138188503],[0.73718794783821,46.15783822151491],[0.738982356456227,46.15839824886618],[0.739470258526207,46.158638577707706],[0.740943885445066,46.159717387743875],[0.740290405238057,46.1601917534669],[0.740202459520224,46.160784568330946],[0.74372897784491,46.162165404622556],[0.743892754735178,46.16202902484782],[0.74638069237958,46.16322699254103],[0.746900810264828,46.163789531307664],[0.747196807575998,46.16396926558943],[0.74810654857102,46.16410531290437],[0.751450568206057,46.16409677488548],[0.750974301755384,46.16483505429573],[0.753989604770721,46.16541449421388],[0.754464231367973,46.1648103971413],[0.75594787321575,46.16502168290125],[0.756249008339456,46.16517176632125],[0.755845017540169,46.16576105045448],[0.755907313797311,46.165949657623514],[0.756909006154341,46.16637482040271],[0.757454485060437,46.16559103951212],[0.757787042706055,46.16570210157353],[0.759183032450128,46.165901705166256],[0.75902351747271,46.16637871119615],[0.759089208720514,46.16648450529211],[0.759988057257758,46.16685716427915],[0.760186675501384,46.16685117061425],[0.760477422813324,46.16633531096329],[0.759700227236235,46.16536508963182],[0.759267308423834,46.16450525051971],[0.76012032723547,46.16457071685791],[0.760991385930273,46.16492480360268],[0.76111805219243,46.16531556519746],[0.761704653971397,46.16606401660858],[0.763524036872348,46.1660557033901],[0.764727472585561,46.16655863648698],[0.765716449814122,46.16596100937849],[0.765955309213744,46.165603566174084],[0.765091446001705,46.16500823300102],[0.766134559294957,46.164926951788885],[0.766380920095552,46.16502188007367],[0.767772477612101,46.164948334507926],[0.769201012014116,46.16504936115394],[0.769995081276343,46.16493883155966],[0.771398196820218,46.164899700686156],[0.771719835305431,46.16473755145794],[0.772161702101795,46.16496692371498],[0.771872513409638,46.165255828792766],[0.771987419989357,46.16536348098955],[0.772761389785147,46.16539667298309],[0.773135939141311,46.165272491602124],[0.775070820276177,46.16567614151542],[0.775946899854678,46.166260825493865],[0.776275557597148,46.1667248866961],[0.776139053008507,46.166925805438595],[0.776364985228409,46.16691761561801],[0.776581574537689,46.16682005908394],[0.777275375078128,46.1659526101228],[0.777595196265039,46.16580302073918],[0.778338132729915,46.16519416783004],[0.778367945991309,46.1646821715403],[0.778865939389583,46.164358596769326],[0.779225637490656,46.16396024938393],[0.779916831762821,46.16376386191489],[0.780607751659905,46.16315758201445],[0.781375637472692,46.162987907675635],[0.781520292215037,46.1628411927906],[0.782016870869947,46.162936468420995],[0.782884645899857,46.16324617981972],[0.782430280547967,46.16345351380672],[0.782889104128578,46.163905682382406],[0.782310747018826,46.164229507279856],[0.782771991987835,46.16458983768954],[0.782959369094398,46.16450881526581],[0.784072546843841,46.16545209208987],[0.785113924538724,46.165252593154236],[0.785410106322707,46.16530250790566],[0.785516016158308,46.165569419211536],[0.785131812838948,46.16676815486253],[0.787882918756,46.16686859523017],[0.788494799873583,46.16699941748938],[0.789092309084038,46.16761550879874],[0.789998351222347,46.16894115300592],[0.790906300182891,46.16993081352936],[0.791477604539314,46.17026532017168],[0.793783578198711,46.17266850882907],[0.794162858007811,46.17294251986543],[0.796177294003207,46.17108624752576],[0.796747897733123,46.172310739156295],[0.798291373412347,46.17178303910614],[0.799616732693267,46.1714231545713],[0.801662404612641,46.17114295393909],[0.804854758318761,46.170947933623296],[0.807336687393258,46.17039229659521],[0.80891359450437,46.17015967251216],[0.811403496119523,46.170377015251375],[0.814185590647129,46.17038822911935],[0.815805454277445,46.170704040982415],[0.816316897733031,46.170885028730375],[0.817062974111707,46.17132815922114],[0.819069827712531,46.172869278187875],[0.819218961159149,46.171988427326454],[0.819901902455187,46.17177001932205],[0.820281888397305,46.171768300837286],[0.821856711377418,46.17214261561308],[0.822356839080346,46.17176034119767],[0.824779569186346,46.17053567852098],[0.826855621852897,46.17102221251796],[0.82833315434245,46.17215127025496],[0.828407965907415,46.17193199764481],[0.828940441390948,46.17128817304741],[0.829966872324,46.1708420532629],[0.830640422170856,46.170761228729724],[0.831078498842603,46.17053627785581],[0.831539370335004,46.169701901778325],[0.832032586826895,46.16919694233896],[0.831110131305633,46.16921176770387],[0.830929417555122,46.168929062183764],[0.830528280675045,46.16730262027519],[0.830505944598727,46.16665450016127],[0.83345287506636,46.16655759182234],[0.833973493394398,46.166473832321124],[0.835073175463784,46.16653352679194],[0.836179582605484,46.16678431331222],[0.837066450752449,46.16559950108133],[0.837755206220611,46.165558561481234],[0.838020969362491,46.165822155220155],[0.839007414796319,46.16474101664152],[0.84009007035396,46.164540902322734],[0.839812670468947,46.163716780374294],[0.839414964847697,46.16298495613611],[0.838856427413448,46.163012167456344],[0.837817009932244,46.16481295501383],[0.837512248157473,46.164946782411704],[0.836894223379456,46.164476498326415],[0.837703269704231,46.162699259941064],[0.836461398424258,46.162203585447884],[0.834193807969898,46.16319272485899],[0.833182028644709,46.163731944078336],[0.831315149108198,46.16281351461026],[0.831742573602577,46.161610062444666],[0.83120087281664,46.1614411772661],[0.831316769594227,46.160936224813746],[0.830674825966435,46.15933581248879],[0.831650323464797,46.159057163468944],[0.831353306977004,46.15860198180407],[0.83232131532037,46.15834840747378],[0.832336784400049,46.15779289325188],[0.833441559041156,46.15735815099456],[0.832896771611339,46.156513595163325],[0.834196256330337,46.15603842001596],[0.833835762757065,46.15505685343372],[0.832350018310105,46.1558176350857],[0.832013908523074,46.15553196491978],[0.830721560423489,46.15546585496873],[0.831156912617795,46.15356892047363],[0.832524978370318,46.15322659539272],[0.832565177045435,46.15309494103769],[0.831734114666617,46.15244399802071],[0.832663339762704,46.15211941803625],[0.832123038697716,46.14968678615988],[0.832538251945006,46.14964246232162],[0.832696085880763,46.14981392853935],[0.833016352928301,46.14990922088868],[0.833779066577051,46.149434621226604],[0.834049355833362,46.14951544511992],[0.834275676552942,46.14936391785292],[0.835148918599078,46.1493724574523],[0.835613415111242,46.14926149989567],[0.835126447694981,46.148693707748514],[0.834579050890333,46.14877065307865],[0.834295332311837,46.14771668272141],[0.833439599343139,46.14785620548653],[0.833257512147476,46.14675642682516],[0.833933024096904,46.146815253803915],[0.833691668552515,46.146133229563574],[0.833380388446232,46.14567958139621],[0.835501366722356,46.144972337359704],[0.834668438841623,46.14437092364769],[0.835588830072874,46.14360925376308],[0.836381859434256,46.14420359492507],[0.837685387904566,46.14388070204443],[0.837911754114913,46.14431920913547],[0.838145838145755,46.14561454672677],[0.838495503245969,46.145686962081484],[0.839490369912355,46.1444483409942],[0.838504310038282,46.143785489295205],[0.839818431562989,46.142501594620796],[0.841359476547317,46.141410271505606],[0.84169869406989,46.141550040635536],[0.842601672144438,46.14106273674768],[0.842888526611863,46.141215920737174],[0.84169635143165,46.14240037359028],[0.842557906271368,46.1424725946754],[0.842689279649247,46.14242734663518],[0.842929332486423,46.14212292397728],[0.843482898784577,46.14191994178932],[0.843551621429225,46.14162217348336],[0.844103474584817,46.14139663530281],[0.844310513457401,46.14117355808943],[0.844409451983743,46.14083222258606],[0.844771393807238,46.14069045628679],[0.844970246526169,46.14044470204013],[0.845337424978749,46.14023547168968],[0.845452148926147,46.14005297967673],[0.844692020292718,46.139708854753465],[0.845683001486877,46.13846380419024],[0.846536511614267,46.137980036221876],[0.847228480278488,46.137947214171874],[0.847119780590992,46.137447899657246],[0.846168492438003,46.13672541767503],[0.846130866955693,46.136264383723045],[0.845075664831109,46.13413013295534],[0.842129009342333,46.13466061093929],[0.841636136426159,46.13421164155478],[0.840389053155361,46.13396272434057]]]]}},{"type":"Feature","properties":{"fid":2004,"ID":"COMMUNE_0000000009750594","NOM":"Pressac","NOM_M":"PRESSAC","INSEE_COM":"86200","STATUT":"Commune simple","POPULATION":551,"INSEE_CAN":"06","INSEE_ARR":"2","INSEE_DEP":"86","INSEE_REG":"75","SIREN_EPCI":"200070043"},"geometry":{"type":"MultiPolygon","coordinates":[[[[0.539914922205051,46.0855505599086],[0.539620607535459,46.08619554738513],[0.53961766758989,46.086983794811815],[0.539345260550488,46.08844009129553],[0.53837142942037,46.089887476750285],[0.538662233952587,46.09018838936941],[0.538018384443247,46.09062848669965],[0.537366559866765,46.09159274739439],[0.537574370829482,46.09339821209928],[0.537377161745442,46.093868720675836],[0.537383768709643,46.09409679875179],[0.538032387316393,46.09542893159807],[0.537636735433122,46.09573296768545],[0.536757398430911,46.096888690766114],[0.535798698287455,46.09715707206829],[0.535217451203716,46.09758500125106],[0.534309184747708,46.09765265793309],[0.533718660669451,46.09791190453895],[0.533292240019029,46.0985540068176],[0.533271741877397,46.0990391618399],[0.533178102577891,46.09919208593691],[0.532628959939107,46.09933690802621],[0.532093118987729,46.09935858952074],[0.53135049857926,46.09971632136992],[0.531074065052271,46.09972922655651],[0.530577345578155,46.10000401251909],[0.52981393786762,46.100794629646416],[0.529377011165362,46.100949086718295],[0.528674856639296,46.1014139927026],[0.528416609119705,46.101885861266794],[0.527400352675534,46.10265293729839],[0.527291145486633,46.10297849649594],[0.526085047022407,46.10502615250139],[0.525115466047033,46.10564647468113],[0.523608804316661,46.106141553066266],[0.523556776659502,46.106289972443946],[0.523216370555061,46.106342005181816],[0.523071535494621,46.10650912026949],[0.522813165107451,46.106608889858194],[0.522723493069229,46.10673036015874],[0.522830357115454,46.107002972495096],[0.522704632409073,46.10829666955042],[0.523129944138671,46.10949248009439],[0.522840057281977,46.11066367132585],[0.521981199760298,46.1120134384793],[0.521811973034277,46.112117855436665],[0.521894006173864,46.112223253799456],[0.522086782137758,46.11225719348356],[0.52183766156615,46.11246707713529],[0.521858169105531,46.1126441076299],[0.521410825806176,46.11273974844595],[0.520614478587474,46.11367914542444],[0.520339239339168,46.11380737153094],[0.520079209488108,46.114086385098666],[0.519770854575859,46.11417334435564],[0.51957948504597,46.1149682899469],[0.517433853944796,46.11623674354357],[0.514986740229346,46.11697962047971],[0.513874426004342,46.11699670604887],[0.512784260891654,46.117268329837174],[0.510910463781428,46.117536276036056],[0.509890411090379,46.11760399655906],[0.509117956347717,46.11666899358279],[0.507971811821464,46.11603300037797],[0.507343284346425,46.116437234039],[0.506877450352672,46.116853146469325],[0.505273939504816,46.11861348402376],[0.503858502387175,46.1192841976822],[0.502079026839459,46.12063700338649],[0.500798486041681,46.1212169514645],[0.500092210788701,46.12164736472463],[0.499439256952329,46.12184560497816],[0.498181455946212,46.12257918550109],[0.500027059924702,46.12256578931321],[0.502683924429955,46.12280445726126],[0.504507666573255,46.123072500758376],[0.504208267114821,46.12467048934901],[0.504929119286493,46.12571520588913],[0.505184218166283,46.1260037066339],[0.506489531520629,46.12701891064172],[0.507892452097573,46.12771190401295],[0.508976310586145,46.13015380339432],[0.508016141476187,46.13021021299515],[0.508616552057488,46.13114234479377],[0.508678819780821,46.13194013862417],[0.508900693754017,46.1328189147705],[0.509213383127123,46.133552830032926],[0.510077011275044,46.134425859216535],[0.511122070905379,46.13612811469117],[0.511418778407981,46.13627246100306],[0.512434410593815,46.13639562052124],[0.513288802270967,46.13667380417487],[0.515103557788457,46.13789555775654],[0.515637751802831,46.13814779579461],[0.519683204376191,46.138162357146456],[0.521008528193395,46.138488606049464],[0.521925531878429,46.13884556998257],[0.523337972238955,46.13953946988747],[0.526741146286416,46.14075151706138],[0.531987274101607,46.14217019880998],[0.533320051394983,46.14259376235282],[0.534212269353076,46.142467188898216],[0.53510736576101,46.142622660839876],[0.535767987020424,46.142919888728585],[0.536894964971728,46.143857876342494],[0.540360222565329,46.14233834669241],[0.540478397686382,46.142506676259266],[0.541144890874526,46.14264453593681],[0.54109168763652,46.14325330939162],[0.54123859579286,46.14341685466197],[0.541662443491911,46.143589998770004],[0.543630504434586,46.14488036321989],[0.54450552431712,46.14508037153539],[0.545921182391892,46.145161423318484],[0.546176056439347,46.14525882469941],[0.546460789192922,46.14550011713733],[0.547035845647062,46.14533595876469],[0.5513864970124,46.14497037727184],[0.555713003184905,46.14694920158355],[0.556300862355995,46.14742852774804],[0.556853037643425,46.148185466667854],[0.557215185638105,46.148377944671395],[0.558349881513367,46.14868703445252],[0.561044883443243,46.148917015527275],[0.561902606541153,46.14930480707229],[0.562124776405507,46.1491474112415],[0.562593373371409,46.149249362078905],[0.562732093816455,46.149540632098095],[0.563942510718522,46.15048102953676],[0.564417363924444,46.1510263569624],[0.564245022217162,46.15134608969313],[0.564309433352738,46.15153035676913],[0.565694472630927,46.15213032904823],[0.566428681899709,46.15258660956418],[0.567622215234189,46.15350137749428],[0.570707471198748,46.15496562209593],[0.572501999008268,46.15566075235079],[0.574390129645073,46.15611640786124],[0.576965713838471,46.1569461608803],[0.579745882344442,46.15842976855965],[0.58003250259655,46.15878002225478],[0.580788974566233,46.15932406775962],[0.58287905734674,46.159761355897686],[0.584173065674549,46.1621429539186],[0.584537388261695,46.162555208293604],[0.584744272731816,46.1632451973833],[0.58488657566661,46.165932025061416],[0.583336110781458,46.16769096006089],[0.583335819189429,46.16790356802584],[0.583878514480298,46.16877097215135],[0.58496816893509,46.16982117286082],[0.585596551051744,46.17083453402016],[0.586646305350765,46.17170278694071],[0.587225194868754,46.1719853528928],[0.592593481742959,46.173173999245016],[0.592514698815548,46.172989446529314],[0.592617613045828,46.17280153629082],[0.592285395482095,46.17265936147607],[0.592312156435727,46.17202028664737],[0.592491469931538,46.17168714806002],[0.592858642879541,46.171328259452835],[0.592641950529104,46.17112456871376],[0.592529686346177,46.17078705373951],[0.591942913726927,46.170831376282486],[0.591785636476318,46.170721736159365],[0.591743459348018,46.17050102152949],[0.591928700439454,46.17029864059573],[0.59194747377393,46.17013687569826],[0.591718936730828,46.1697896881674],[0.59141586497383,46.168748124443184],[0.591660407684097,46.16858303734128],[0.591698156604965,46.16837302584419],[0.591384183830456,46.1682294326553],[0.590991767657543,46.1678643545636],[0.590956623926824,46.16751315741268],[0.591219194965512,46.16717367807538],[0.590814358802359,46.16688491275507],[0.590997179568031,46.166737437349035],[0.591938175631993,46.166479907440376],[0.592025587749893,46.1663790570334],[0.591910768395834,46.16610004569302],[0.592347580518095,46.165896690026884],[0.592419510762262,46.165705420808024],[0.592351647074316,46.165538216224824],[0.592054472291894,46.16545534114674],[0.591746869267135,46.165196567799676],[0.591922861812778,46.164879576238604],[0.591879032855128,46.16454891609907],[0.591354071697988,46.16433868741325],[0.591491356942446,46.163899253689216],[0.5920954107734,46.163430074284655],[0.591968324170043,46.16310575757434],[0.592280468840091,46.162817777710295],[0.592120064795765,46.16260266539258],[0.592574053542392,46.162214087130636],[0.592544460766166,46.16206120712744],[0.59281691426593,46.16190932230918],[0.593003381033602,46.16126462206122],[0.593438665257528,46.16074050869903],[0.59404581465737,46.16055426941703],[0.593966609030302,46.160231869964896],[0.59402852866945,46.16015029822116],[0.59435120057585,46.16003550975317],[0.594684742803605,46.16008671690217],[0.59489533027367,46.15989658039265],[0.594563271850593,46.15939765593375],[0.594731278691874,46.15917328465522],[0.594752386125567,46.158721477742326],[0.595427953571117,46.158393436555635],[0.595393617369804,46.157845861070186],[0.595566712811653,46.15729817193857],[0.595338767011706,46.15673118268177],[0.595030231870748,46.156405730726576],[0.593993869023451,46.15582702495631],[0.594018924868903,46.15561043769037],[0.594417303817634,46.15539455002502],[0.594447089670181,46.1552474325077],[0.594111488351956,46.15491870181592],[0.594082949601278,46.1544757532092],[0.593765277571109,46.15359064199544],[0.593511923486413,46.153662752366905],[0.5932777989944,46.15314878055361],[0.593533875278299,46.1530145659869],[0.593658596388644,46.152269457355445],[0.593343462943366,46.15194746381082],[0.593394215634508,46.15147015865692],[0.593127100111995,46.15123566867667],[0.59306225327875,46.15100005916561],[0.593202507131824,46.15087600367031],[0.593536237791759,46.151039832534536],[0.59384756586553,46.151034716583574],[0.593936079456057,46.15096722201126],[0.593906463180247,46.150608034497054],[0.594044913461951,46.1504659217169],[0.594549792447883,46.15045139019733],[0.594720365723882,46.15037482208643],[0.594714446264804,46.149859379305724],[0.595112847957086,46.14952367024954],[0.595094659531979,46.1494358973887],[0.594845451272255,46.14932521446496],[0.595099277876455,46.1491531111663],[0.595083333804367,46.14886628592176],[0.594941613875833,46.14875787912962],[0.595117579456356,46.148587730653034],[0.595099716157401,46.14828554938282],[0.595293000116113,46.14822297501837],[0.59527266950876,46.14806578717213],[0.595461180508606,46.14793464274377],[0.595383462077188,46.147844708649444],[0.595632132995143,46.14770132410713],[0.596584046552041,46.14780795915014],[0.596608484833111,46.14766433165592],[0.596371737547892,46.14747643789926],[0.596598231913164,46.14733618560137],[0.596990418529593,46.1473192590183],[0.596742429116536,46.14703292961713],[0.596314709377233,46.14715090544272],[0.596195452405408,46.146973605948325],[0.596270461158673,46.146888706720674],[0.596834820242702,46.14675830710485],[0.596993032405367,46.14660850108854],[0.596855829307921,46.1461010916974],[0.596515729094106,46.145905605660495],[0.596629936956846,46.145251263456345],[0.595876204341069,46.145266841811214],[0.59578485619704,46.14489643808132],[0.59579965242737,46.144706660464706],[0.59661618405416,46.14381943557095],[0.596246354373035,46.14344494013273],[0.596428096777365,46.14331995750989],[0.596699936926482,46.14335724231215],[0.596754139927598,46.14309622622974],[0.596929845223654,46.142931475306035],[0.597847214752775,46.14246349472246],[0.597728610080473,46.14218260651483],[0.598083398334588,46.141982903229874],[0.598129020436327,46.141828912703154],[0.597851026692954,46.14157708586559],[0.597956439451888,46.14103426872652],[0.598251591968575,46.140982853663964],[0.598471344262489,46.14084786107244],[0.59849818762251,46.14058986935884],[0.598824639299009,46.140593168991884],[0.598971480295748,46.140495372622304],[0.59867101932633,46.140401631729134],[0.598804793965728,46.14006932430457],[0.598577337543669,46.13984739663469],[0.5985413449028,46.13969258092423],[0.598826077236441,46.139257159165005],[0.598708976186889,46.138912339508636],[0.59894172567535,46.13865780083521],[0.599094029291855,46.13822768644146],[0.598908410275152,46.137967904990795],[0.598886827539477,46.137750330797545],[0.599235088659227,46.13743246814941],[0.598992631697818,46.13734626040696],[0.598942116867297,46.137227173875324],[0.599056737759066,46.13712509265095],[0.599357225470892,46.13718820274749],[0.599746307857724,46.136973904681746],[0.599746496877509,46.13649552887391],[0.6003337080242,46.136254786161075],[0.600047697129713,46.13594964149418],[0.600123865711424,46.13583773751828],[0.600336678123549,46.13577196469648],[0.600264798240189,46.13551909354043],[0.600996001883254,46.1351264353811],[0.600979676952974,46.13484771136479],[0.601817157801197,46.134365401496375],[0.602256442089427,46.13439539949269],[0.602364895153315,46.13425624790614],[0.602592243104461,46.13430248991055],[0.602807046200098,46.134250268213734],[0.602808562415209,46.13397822762004],[0.603303937886183,46.13364363940196],[0.603450476684807,46.13307736209219],[0.603761704221831,46.13304248923751],[0.603789304890023,46.13276649469327],[0.604045308106841,46.132512437266485],[0.604054653975711,46.13238740905998],[0.604530195338284,46.132061406404645],[0.604669908775358,46.13185894829034],[0.604686438550243,46.1316286660659],[0.605011618328152,46.13094723664566],[0.604920898492465,46.1305912684299],[0.605007780438728,46.13008499238704],[0.604858402195556,46.12994490410867],[0.605108518898928,46.12937990921678],[0.604718960289558,46.12895367261757],[0.604591921822076,46.12856900977576],[0.605144488434936,46.127902287530986],[0.604721577859411,46.1277951674808],[0.604968500006622,46.127392268014304],[0.60517186633253,46.127185746896465],[0.605831955363797,46.12696453354709],[0.606746971687113,46.12695860081663],[0.60700987502482,46.126842520882775],[0.607720711910173,46.12673497912103],[0.608243649549413,46.12683608727857],[0.608751482896676,46.12668912707952],[0.609217062977074,46.12641154515272],[0.60998183060503,46.126404224211825],[0.610537853454782,46.12601322577103],[0.610815105726917,46.12598392572223],[0.610945014012782,46.12579747048781],[0.611130592328384,46.12576083509181],[0.610922497296204,46.1250645646976],[0.610593605040582,46.12461349900889],[0.610319883764671,46.12450233221502],[0.609101753360428,46.12355596347342],[0.608343961958057,46.12274991074],[0.608000826839954,46.12200214008705],[0.607643230153658,46.12078379272932],[0.607731993223005,46.120322599906196],[0.608191285404978,46.119474619928475],[0.607836366317193,46.11923560933039],[0.607788516431266,46.11896613223744],[0.608217830488569,46.11791391680321],[0.608206141334975,46.11764700362005],[0.608358944775159,46.11761869168874],[0.608425612747222,46.1168318074603],[0.607192077798305,46.11573824195126],[0.607905006106556,46.11557939469106],[0.607760877260125,46.11505203225001],[0.606719686342516,46.11373728855485],[0.608160863568478,46.11357217184573],[0.611151507149204,46.113848667726096],[0.611186162889012,46.1123079557895],[0.613811637258492,46.11180552618666],[0.614949181369495,46.11174024699543],[0.614511148352065,46.110552664481666],[0.61227075950168,46.11101816585447],[0.610875703605307,46.11122664629465],[0.611614501414555,46.108982736307624],[0.612329664519353,46.10811490154267],[0.612528870663117,46.10764431771652],[0.612655211613964,46.10667490370868],[0.613795858270102,46.10543312779369],[0.613544350472055,46.10540892028976],[0.613015837100635,46.104397805479685],[0.611727042080127,46.10267339234645],[0.60955270356591,46.100378959687774],[0.609413225665191,46.09986430903238],[0.608694176172797,46.09880050806834],[0.608487710302662,46.09872408462817],[0.610042905758664,46.09783432745962],[0.611207513295345,46.09681290429773],[0.611378073881774,46.09643451267225],[0.611719876341952,46.09485792280372],[0.611764361903096,46.094132732583255],[0.612479690800406,46.09242256114334],[0.611933040949984,46.09177231747256],[0.611124101158566,46.09104988179603],[0.610312523485619,46.09047783497685],[0.608985429014181,46.089731855345754],[0.60864943901766,46.08968693597464],[0.608367222811579,46.0883773806542],[0.608961914909156,46.08798180680474],[0.609031843189804,46.08780310004005],[0.608725374805782,46.08725880175721],[0.608610398659135,46.08680682768525],[0.608865297842944,46.08624553264605],[0.60753302881083,46.08615618274599],[0.605740274588032,46.08581926090609],[0.604897744809358,46.08598976512957],[0.604274375247867,46.08603335956449],[0.605189055977287,46.084594108226575],[0.605947219453529,46.08312091663297],[0.606412487042325,46.08272352628766],[0.606938538397897,46.082416605927925],[0.608436861879122,46.082079734938354],[0.608770134477822,46.08176964287],[0.608831011864896,46.07983578642267],[0.609855630068776,46.078096115937186],[0.610083783584459,46.07746398506929],[0.607345557930509,46.07747112279722],[0.605121986631454,46.07698635719698],[0.600686173042087,46.07629351055011],[0.599812228027835,46.07564528683425],[0.598014808929822,46.07465407733647],[0.597879648731056,46.07419265320361],[0.597434259184681,46.073573305280824],[0.596325242161167,46.073211066237384],[0.595963721232384,46.07286466263716],[0.595721099739247,46.07394241095071],[0.595555773817957,46.074052420646034],[0.595422198722449,46.07447211467265],[0.595455027713587,46.074698037633254],[0.595694576805859,46.07478509844477],[0.595733551940719,46.074870609962574],[0.595604651175946,46.07506517632851],[0.595671572160344,46.075488219792305],[0.595587790556723,46.0756278863009],[0.595012799676041,46.07589948190935],[0.595110246663022,46.07666011258844],[0.59406026201177,46.079175704180216],[0.593725332049532,46.081088435193564],[0.592943107303695,46.08130157095882],[0.592166180259978,46.08133463215193],[0.590624914900341,46.08099559682402],[0.588818912780099,46.08087794245551],[0.585385158672258,46.08109409431933],[0.58079358435299,46.081113381783936],[0.579698566025772,46.08096119255941],[0.5785430981844,46.07988967130076],[0.577021677603712,46.0797490732674],[0.575853260591081,46.07991149925248],[0.57501236735524,46.07989803001664],[0.574695598172336,46.079712876402404],[0.574573569538887,46.07948593937664],[0.574904337413949,46.07926598095222],[0.574977045287043,46.078997260927586],[0.574865004369055,46.07845611841291],[0.574100125398556,46.07812894678506],[0.574331748624201,46.07980239509223],[0.573991004102158,46.080365387273254],[0.574017697385367,46.0805524476044],[0.573831821170615,46.080833161347684],[0.573759964153774,46.08117036854557],[0.572029246775204,46.082191012306346],[0.571250304790351,46.08226893350097],[0.570239119747241,46.08355811223184],[0.569602012821216,46.08525800751556],[0.568921568427253,46.08632723047198],[0.567918329796151,46.08734628623653],[0.567721565573669,46.087433060453634],[0.567086658191157,46.08706358407737],[0.566955270761594,46.087106713120384],[0.566540927309314,46.087954598646725],[0.566389422567731,46.088627036927086],[0.565606984494538,46.0888399841632],[0.563552982993512,46.09033826353795],[0.563294219898022,46.09033360712725],[0.562867481519152,46.08956226375765],[0.562492083400971,46.08915148820577],[0.561214168180697,46.08973304619443],[0.560781670218419,46.08950032026509],[0.560515655122133,46.0894549601297],[0.559929817298076,46.08943875795374],[0.558821862725406,46.089604116233716],[0.557866314734588,46.08916642511814],[0.557330380882718,46.08983328061521],[0.556664841037108,46.090997353790456],[0.555381946545053,46.09101926895468],[0.554265485249672,46.09125827600413],[0.553948927522445,46.08958564707938],[0.55342489143955,46.089548220713525],[0.551416452527416,46.08969678744888],[0.550067274888968,46.08940549189814],[0.549689251694999,46.089084707560495],[0.54821002571792,46.08883562670252],[0.546869602508337,46.08832015131493],[0.543971124273281,46.08795923319717],[0.544397353093332,46.086795455036174],[0.544358270270384,46.086424328719254],[0.544032948692751,46.08640287146382],[0.542164764459678,46.085936273481124],[0.541057676552999,46.08582218951761],[0.539914922205051,46.0855505599086]]]]}},{"type":"Feature","properties":{"fid":2011,"ID":"COMMUNE_0000000009749213","NOM":"Jouhet","NOM_M":"JOUHET","INSEE_COM":"86117","STATUT":"Commune simple","POPULATION":510,"INSEE_CAN":"12","INSEE_ARR":"2","INSEE_DEP":"86","INSEE_REG":"75","SIREN_EPCI":"200070043"},"geometry":{"type":"MultiPolygon","coordinates":[[[[0.926403953923,46.47441383300198],[0.925613921445608,46.47321228581229],[0.924369224732184,46.47172864129564],[0.922520785450665,46.47059251058641],[0.917378173981603,46.466686840768546],[0.916576439760723,46.46624345767088],[0.915337335441351,46.465715523545086],[0.913922481940519,46.46528435195115],[0.902879926216417,46.463349100318204],[0.902054216347336,46.46421129299551],[0.900902009540662,46.46563046492329],[0.900018632957249,46.46534760200143],[0.899769028680693,46.465194386073584],[0.898814013976071,46.46507954210097],[0.898308192160469,46.464945030420026],[0.896938365292992,46.46429648652356],[0.896433704772144,46.464267378335144],[0.895527396133363,46.464073234281955],[0.89448284288481,46.46367836454255],[0.893419866648288,46.46771045681665],[0.891657254006025,46.470646900017854],[0.888746326443853,46.47117865334748],[0.887829456121531,46.47165893640922],[0.887200226935997,46.47181484734635],[0.885957004994787,46.47183418844756],[0.884623703774021,46.47172213644599],[0.884517996360459,46.47202734441144],[0.883383755112354,46.47195949832392],[0.88239347754115,46.472314071637214],[0.882040348690959,46.472577759910486],[0.881748233195691,46.47294887006427],[0.881482669392994,46.47334118970784],[0.881258786849294,46.47396938472345],[0.881215815413158,46.47457210914926],[0.881344901029608,46.47571308578832],[0.881264538231409,46.47633853701256],[0.8809961037764,46.47673710789795],[0.880414008370834,46.47685242104029],[0.879321166981529,46.47668982188146],[0.878899595060151,46.476432481764185],[0.878038798065403,46.4763048036174],[0.877633374235704,46.47610180524159],[0.876916978282759,46.47551379999667],[0.876582634119452,46.47536076039843],[0.876163452509438,46.47534396221253],[0.875099405817782,46.47551424474434],[0.872858839870043,46.4751275586097],[0.87227130706879,46.47478062864888],[0.871834628530495,46.474744572271746],[0.871368215131224,46.47453501035616],[0.870826374109308,46.47381960353645],[0.870084605102571,46.47348329934102],[0.86955888777532,46.473457284441274],[0.868834122917551,46.47355366422622],[0.868373966420804,46.473418070473016],[0.8672555123302,46.47244597344528],[0.866448361657438,46.47208230169982],[0.866115193410892,46.47216705910495],[0.86580765960164,46.47209645891055],[0.864993295609353,46.47211727631879],[0.86425030765041,46.47204664142124],[0.862922444062742,46.471763288211335],[0.86155591634768,46.47126931290647],[0.860980331226336,46.470886514793634],[0.860422272209217,46.47065537366567],[0.859665717204418,46.47059886696678],[0.859207154097496,46.47049028875559],[0.85862983151887,46.47011915595121],[0.858007017314985,46.469346317540044],[0.857454162241431,46.46911615967812],[0.856493963213831,46.468967535412666],[0.856351090281948,46.46931886391722],[0.855943319920256,46.4697426892319],[0.854755542947008,46.47047435219239],[0.85344209615859,46.47108563933922],[0.852306387617652,46.47201642923887],[0.85096358079324,46.47287485365862],[0.848769038129321,46.475526012631605],[0.84809254350334,46.476082572653866],[0.846568474999212,46.477102378616884],[0.846161415888845,46.47724063452667],[0.845007740780767,46.477365712051515],[0.842931750000118,46.47717250771988],[0.841850376618764,46.47734846173137],[0.838939603267395,46.47834737564395],[0.838265379801207,46.47874448281887],[0.835919945005833,46.48041159283366],[0.835809452331612,46.48063289654921],[0.835711253217372,46.48297579559717],[0.835554390274719,46.48403665864942],[0.836267321576706,46.48608414315387],[0.83649558746403,46.48723336853758],[0.837007760034909,46.48888610291482],[0.836883805886156,46.49020251275015],[0.837113870144905,46.49081399847659],[0.835177728804125,46.494181427793876],[0.834868253772569,46.49579968923272],[0.834523863702505,46.49649037642268],[0.830639926475738,46.49992080724009],[0.830215826596842,46.5004163000397],[0.829255119499095,46.50170961199359],[0.828651719728153,46.50274306948318],[0.827657879248359,46.50404744996805],[0.827145638259107,46.505083533013455],[0.827039566015225,46.50594447390737],[0.827132958774912,46.506056145263415],[0.827413007111972,46.50613262966657],[0.82727959663391,46.50650121986354],[0.826927784672881,46.50694853172112],[0.827058082550194,46.508261657228765],[0.827532581000896,46.508762505115],[0.828040539709573,46.50914418148003],[0.829147114430241,46.50953181774122],[0.830374113720906,46.50974607440875],[0.830978742236435,46.50976475220846],[0.83422076784237,46.50957038433649],[0.836553976041337,46.509131734216815],[0.837065627392667,46.50919185836067],[0.838765368189998,46.50988877974856],[0.840244981100414,46.510840943350296],[0.840526400914947,46.511904680950785],[0.84089464981576,46.51245660979049],[0.841930160442177,46.51348954033624],[0.8432596881179,46.51431452070709],[0.844033440801017,46.515633446092],[0.845050728144214,46.51617327382568],[0.845851587131973,46.51588389852722],[0.846045033599296,46.51574341728018],[0.846200146373376,46.51558239650062],[0.846653131950375,46.514553226175664],[0.847370466842241,46.514197411531896],[0.847750521509194,46.5137586782672],[0.847778950709996,46.51336917460858],[0.847878012998476,46.51323952488277],[0.84842900158315,46.51309766155425],[0.849704620812514,46.513042388054075],[0.85035479135279,46.51339600897763],[0.851748137828282,46.51349876086314],[0.852058033412489,46.51358114887068],[0.853062233739212,46.51405670351539],[0.85343126643146,46.5144266461914],[0.853757402826134,46.51456067878468],[0.854974682808298,46.514231314655184],[0.855719811532019,46.51416241807621],[0.856714827710386,46.514208996577025],[0.857851924982636,46.51449152992709],[0.858872270484075,46.5143917370739],[0.858934168279833,46.51450999729554],[0.85974599185169,46.514237846562466],[0.861413283877643,46.51397718881338],[0.862545234864186,46.51355967462963],[0.862923441169284,46.513597370109416],[0.864706421052433,46.513280276538595],[0.865229669281382,46.51314592205922],[0.865912613230158,46.51283168810541],[0.867204873423687,46.51261709301495],[0.868598861299892,46.51260345126789],[0.869784853904336,46.512770576872526],[0.870036548318926,46.512673477908315],[0.871853167266374,46.51259560620717],[0.875307820036346,46.51230134221732],[0.877228850858274,46.51252348157198],[0.878097808849782,46.512556724727176],[0.878036576537264,46.51144853812832],[0.878752425088088,46.511526676123886],[0.881443642932565,46.51160359374484],[0.883673573271244,46.51186737855887],[0.885665129911488,46.51168443348948],[0.886295136830039,46.509972906488365],[0.886370407505896,46.50951220238091],[0.885926273965856,46.505893699349905],[0.885482677725235,46.503742559346875],[0.88541880374979,46.500311236220625],[0.884962321330654,46.499334460773824],[0.88406097877608,46.49809092773495],[0.884951014086005,46.49747415488908],[0.887108451722632,46.496261977438586],[0.888405863323906,46.4968111012653],[0.890287360948738,46.4973340592425],[0.891362557608539,46.497761946837755],[0.895835956909959,46.49770925948121],[0.897720941814768,46.497501633376906],[0.898393548277871,46.49751310007303],[0.905916551510662,46.493451781325504],[0.907069969760365,46.49276039915258],[0.908697425882704,46.49246050576588],[0.909066440667047,46.49147641310333],[0.90956003628399,46.49095038591826],[0.910812278143054,46.49036616456187],[0.911434227741944,46.489961376875996],[0.912341620683555,46.48952667005643],[0.913081673704489,46.48906818335686],[0.913989309517819,46.48821731449174],[0.914850412290075,46.48810511856721],[0.915049306870955,46.48798534204881],[0.915430681236204,46.48762928987235],[0.915795116861014,46.486931537459355],[0.920452226315179,46.484669876997025],[0.920313439093272,46.48389809859592],[0.920121198609768,46.483809928315296],[0.921339280050305,46.48018038964526],[0.925322945613736,46.47671457988969],[0.925536602718339,46.47623925223333],[0.925979459754368,46.475633870622275],[0.926403953923,46.47441383300198]]]]}},{"type":"Feature","properties":{"fid":2031,"ID":"COMMUNE_0000000009749444","NOM":"Sillars","NOM_M":"SILLARS","INSEE_COM":"86262","STATUT":"Commune simple","POPULATION":571,"INSEE_CAN":"10","INSEE_ARR":"2","INSEE_DEP":"86","INSEE_REG":"75","SIREN_EPCI":"200070043"},"geometry":{"type":"MultiPolygon","coordinates":[[[[0.776274012530763,46.463114032270674],[0.779407699292498,46.46135624979941],[0.78071867537898,46.46072503461488],[0.783132121070244,46.46032509437384],[0.784855626839327,46.46031889304493],[0.786833264267807,46.46012121312092],[0.787365934700364,46.46016486190125],[0.791170293157191,46.45927822562117],[0.791752680981809,46.45902735034398],[0.792033903109757,46.45864904222018],[0.795919652713266,46.45851779971339],[0.797692727862306,46.458153841405355],[0.798538654721068,46.457799015466605],[0.799870461897144,46.457095923132336],[0.80021336658421,46.45706109028164],[0.800776874781554,46.45682421947794],[0.801661131096093,46.456616940362316],[0.803449714259423,46.456027090990574],[0.805062677477834,46.454812284631515],[0.808173587001639,46.45342353067782],[0.808976682432548,46.45299574370051],[0.810078791563084,46.452553867092504],[0.812077316753616,46.45143553732669],[0.81483081026954,46.45024063987728],[0.816897878310926,46.44909831782634],[0.817852298639935,46.448858928227345],[0.819029660164305,46.448193205515956],[0.819431334270609,46.44825132020253],[0.819863403491338,46.44803797185994],[0.82560726331682,46.44596213432768],[0.831319843110584,46.4439079415701],[0.831746343441101,46.44363589207893],[0.832711252665072,46.44273449425573],[0.831898343014538,46.43784214301125],[0.831930307062012,46.43336397899451],[0.831694379048625,46.430382357331005],[0.834382627896111,46.42540872378591],[0.834854882190279,46.42434032562004],[0.838145508431375,46.42400723825111],[0.839202122687257,46.4238380753526],[0.840415450303764,46.42346108091268],[0.84249264643748,46.422484258770744],[0.841670016264145,46.42085447912882],[0.841374532519503,46.420750704896406],[0.840643714003944,46.42029188839155],[0.84392601706243,46.41950267877969],[0.843772058971982,46.419047570502315],[0.843803925626206,46.418801354030634],[0.842694600880966,46.41796697364682],[0.842960232440167,46.4169468859948],[0.840542329322879,46.416433653129864],[0.841240136124179,46.41528842615674],[0.840338080479189,46.41507768995784],[0.841222078309899,46.41386752532774],[0.84200918314544,46.414284165987915],[0.842551965369671,46.413929603797484],[0.844529970926224,46.4122221304155],[0.840761359142246,46.4094791253342],[0.840730317129028,46.409374946102204],[0.840827768248928,46.40931463467108],[0.840687739132947,46.40867331857462],[0.840121245094983,46.40722492243431],[0.838375489738788,46.40513894457631],[0.836307522701629,46.404024197531804],[0.835903060320792,46.40371566026578],[0.835678368838169,46.403043904890076],[0.835668699990371,46.40141507175889],[0.834252308751309,46.39966766540211],[0.83319933621512,46.39887028204715],[0.830031490104202,46.397067926674836],[0.827200599661407,46.39511335449859],[0.82420545349599,46.39199263401481],[0.822751213825466,46.39032812427786],[0.820969083316575,46.387813274268495],[0.820663658552625,46.38753989993902],[0.81892242065389,46.38462493453992],[0.818373070367709,46.38416942986031],[0.812629369128479,46.37693581856011],[0.809435229357316,46.37353249970881],[0.802819890505303,46.369683976544394],[0.797880090094877,46.36738799950211],[0.789200867308438,46.36354922315387],[0.787541205126119,46.36272881444208],[0.783247091997212,46.36260487834424],[0.783038138414409,46.36265576619356],[0.776066769193388,46.367857402180384],[0.773433096865745,46.369002307176864],[0.773641768555861,46.369406347718694],[0.772313550934551,46.37092712796055],[0.773470767699131,46.37258112123144],[0.771643367483909,46.37462813960374],[0.772782504945936,46.37605657844123],[0.773024143418031,46.37964387672496],[0.772594562443148,46.381401104812994],[0.771696560036814,46.382004233929855],[0.77153607845333,46.38233260230092],[0.771858173452663,46.382828942916035],[0.772509316191736,46.383140733639046],[0.772664867568452,46.38334825814034],[0.772079133995097,46.383571033947824],[0.771206956809615,46.38417826752634],[0.770702453229717,46.384419739274755],[0.768864681784705,46.38482791609762],[0.768573383912863,46.38520326739602],[0.768371807351827,46.38586773650992],[0.767245474306748,46.386671753852035],[0.768072211285586,46.38727436922093],[0.771540246266558,46.388963651111276],[0.771548888921552,46.389230463790916],[0.771035485361169,46.38991226678149],[0.769311456342231,46.391164947047606],[0.768893863377737,46.39160359017522],[0.76889102047653,46.39189630249873],[0.769073626869245,46.392238583327156],[0.769890604248389,46.39321032997682],[0.770039816949486,46.39357357602076],[0.769732220987332,46.39431524732105],[0.769459681160744,46.39451710894289],[0.769536956460367,46.39460149544425],[0.770881172738805,46.394459312102114],[0.771142500973667,46.39437253355551],[0.770985288004633,46.39516218675686],[0.771158747722466,46.395601573834476],[0.771409718304333,46.39583258280009],[0.772763339365436,46.39629050836359],[0.773493052539419,46.39627592404379],[0.774752070045464,46.39640408014903],[0.775666115925405,46.39659486084061],[0.776321567218507,46.39677338803584],[0.776966489488616,46.39717871315816],[0.775544819834596,46.402865815182885],[0.771696060256504,46.404930175769536],[0.769526015428004,46.406602046342506],[0.769080971908787,46.40668973504443],[0.768956149076033,46.40681250913814],[0.768902982221205,46.40722134392566],[0.768419157644552,46.408417184462216],[0.767863001253259,46.409183717794164],[0.76736399399072,46.41017657229237],[0.766834033678193,46.410620218191916],[0.76438016702269,46.411835130663626],[0.764131678211976,46.41211492308738],[0.76151541031876,46.41125199662177],[0.761051485626153,46.41103660761009],[0.760213198586862,46.41029589603409],[0.758389390425563,46.4091034284642],[0.755222754725919,46.40845564854573],[0.754575598382251,46.40848525610218],[0.752364482811132,46.40787961335577],[0.752175998740589,46.40793445478685],[0.751637408433616,46.408838185314174],[0.751220245106042,46.40897499925133],[0.750412068961936,46.409435609567474],[0.749394263975871,46.41074786754891],[0.748783721184474,46.4110574217002],[0.748278769173024,46.411996032687284],[0.746453310302729,46.4130572125253],[0.745641174240845,46.41389515999952],[0.745478252159253,46.4144342409985],[0.745274496196007,46.414668935725054],[0.745575378592646,46.41476316044556],[0.745944458684351,46.41500376464709],[0.745163739999529,46.4155846925575],[0.743540830124368,46.416467862485185],[0.743392495777288,46.41687390649801],[0.743063780544015,46.41720071408798],[0.742949353857118,46.41757409735499],[0.74189649128933,46.418025307876775],[0.740469887091456,46.41916635373726],[0.740040901705957,46.41977492973429],[0.739998053807531,46.42033800105787],[0.739144002057077,46.42139667989405],[0.738977365166638,46.422872542541256],[0.738376020867165,46.42430736343753],[0.737785430694191,46.425136135904275],[0.736076709310124,46.42710480848347],[0.734426805475663,46.42872059809035],[0.732778608648617,46.42938331989303],[0.731552998244344,46.43003369685366],[0.728464587108399,46.434903445841805],[0.728347654064486,46.435740694784094],[0.728001853180654,46.43678598606731],[0.727693886777307,46.44042732523533],[0.727582275280314,46.440823271675576],[0.726935454122539,46.441460798325245],[0.724302608771509,46.44306859318803],[0.717959391013957,46.44377437868858],[0.718691416174765,46.45148212214298],[0.718875706508259,46.45187496282353],[0.720190716158492,46.453685767869274],[0.722483920488472,46.45301715862035],[0.724412164973188,46.45266012770165],[0.725162837173854,46.4534119607822],[0.726284057057128,46.45384236247478],[0.726741597574419,46.45424783490381],[0.727225214066557,46.454465550816025],[0.729594276669679,46.45432169105472],[0.730048322125903,46.454404583489016],[0.731645433679143,46.45502095029766],[0.73230943167376,46.45541518521255],[0.734588128102826,46.45430914545504],[0.73644311983188,46.45364327738281],[0.737188988675132,46.45354094909445],[0.737289647846572,46.4537537366494],[0.736523334186413,46.45648517306416],[0.742244968164398,46.456465989492074],[0.7436449228168,46.45848177079523],[0.745144499985139,46.45799521051383],[0.745284793751091,46.46106618309031],[0.745386761722495,46.46115377383126],[0.745740110066207,46.46115173904818],[0.748107826610103,46.46177226197515],[0.750057561983654,46.462034984544786],[0.750976650859916,46.462001736099005],[0.752991778495388,46.46263953589501],[0.754583041718671,46.46293476462589],[0.754815042506327,46.46293572124457],[0.754815818828488,46.4623150718722],[0.759575192315111,46.46228329896634],[0.759350561828006,46.46461020998774],[0.763939691140709,46.46491992487797],[0.766439466078985,46.465666957501334],[0.767448199657816,46.46672531420711],[0.769469549717093,46.46543429411903],[0.771057759338098,46.46453204869074],[0.77126008053232,46.46455761549508],[0.772254857156423,46.46554449198954],[0.773454955019349,46.46475985818115],[0.77501563101864,46.4639552112742],[0.776274012530763,46.463114032270674]]]]}},{"type":"Feature","properties":{"fid":2066,"ID":"COMMUNE_0000000009748996","NOM":"Leignes-sur-Fontaine","NOM_M":"LEIGNES-SUR-FONTAINE","INSEE_COM":"86126","STATUT":"Commune simple","POPULATION":644,"INSEE_CAN":"05","INSEE_ARR":"2","INSEE_DEP":"86","INSEE_REG":"75","SIREN_EPCI":"200070043"},"geometry":{"type":"MultiPolygon","coordinates":[[[[0.826927784672881,46.50694853172112],[0.82727959663391,46.50650121986354],[0.827413007111972,46.50613262966657],[0.827132958774912,46.506056145263415],[0.827039566015225,46.50594447390737],[0.822032471655225,46.50532583954995],[0.817860108439216,46.50494271256829],[0.816086308177005,46.50470436274322],[0.813299416418743,46.503607071876026],[0.812735514552566,46.50312787136689],[0.812461072719351,46.50261997673315],[0.812381880996303,46.50183026560423],[0.809119575729741,46.50036345095509],[0.806762308942643,46.49949041742902],[0.805339916954727,46.498791123753946],[0.804565220579968,46.49862581489636],[0.801806429066851,46.498947530732394],[0.799161872615431,46.49902366000083],[0.798025491724866,46.499287329968276],[0.796110250230898,46.49958551995488],[0.794800827688733,46.49961161389262],[0.794518615893566,46.499525998267835],[0.793712750224745,46.49855199507314],[0.793414107631108,46.49832463356586],[0.790340392385371,46.49743562100289],[0.790109075365647,46.49709244743553],[0.789700888191142,46.49599638516091],[0.789549019116483,46.49440172866338],[0.789992786789912,46.49375092126373],[0.789406208839041,46.49280904817034],[0.788738977431471,46.49202325196647],[0.787111367425784,46.48970641026368],[0.786131568416866,46.48868664105115],[0.787140550972287,46.48702707947442],[0.787086025902984,46.48695666172602],[0.786050417026327,46.48670239561981],[0.782933344187336,46.485423178610425],[0.775550362547007,46.48041263945913],[0.773065312818925,46.47717806964866],[0.772302810722085,46.47589396308211],[0.77152151003478,46.47385820627586],[0.768856333701622,46.47564565575658],[0.766962266358945,46.47719408821725],[0.766033834717805,46.47700388550536],[0.765667761016387,46.47709131352649],[0.763656881858304,46.47703305903174],[0.763393410771671,46.47716212368663],[0.762838571243447,46.477273773073335],[0.761505100581451,46.47742151568682],[0.761155916030736,46.47738314616083],[0.760016039178759,46.477896792307554],[0.75887958206682,46.47889783590998],[0.757574614381157,46.47904879506969],[0.756873650346028,46.47941518198857],[0.756398347183377,46.47927253012262],[0.755439397287412,46.478366393529825],[0.754779819988713,46.47931100446598],[0.753418271899696,46.48007516238414],[0.752268658766881,46.48135964208078],[0.75147133686199,46.480392692843026],[0.751092301892189,46.48019245902129],[0.749219773852694,46.48016009645943],[0.747423483361758,46.48001840522522],[0.746014106160002,46.480043763030466],[0.745321646883491,46.480107573050645],[0.742812898805948,46.48057601853405],[0.74234542606282,46.48078027846561],[0.742023333358817,46.48078022038572],[0.740666009900218,46.481405587450695],[0.740242147034279,46.48168997353306],[0.740103370979851,46.482017830718306],[0.740075607882227,46.48281360781426],[0.738815151242678,46.483491315672715],[0.737930130738846,46.48382602237392],[0.737456992504045,46.483725673122024],[0.736940508893116,46.48397848666903],[0.735515763554914,46.484434006027705],[0.734979718446599,46.48468642339012],[0.73296592984302,46.48506807888597],[0.7318859117469,46.48538626010334],[0.731505894947017,46.48555527902868],[0.731482978698841,46.48563589828817],[0.731131904291771,46.48573612707819],[0.731141151107631,46.48598403720389],[0.731284444148946,46.48617605482943],[0.730728435841557,46.486311850337685],[0.729896744429276,46.4872114713348],[0.729786627166019,46.48756961364196],[0.72893037742519,46.487774204826295],[0.728048166113171,46.48897728794774],[0.727582850535265,46.49009677024831],[0.72677686819781,46.49072122900157],[0.726128967346999,46.49090111755924],[0.727045495297583,46.493100243337445],[0.727270760585116,46.49407941418496],[0.72724358454599,46.49476259910655],[0.727362151921073,46.49498475755525],[0.727495423807245,46.49510451430244],[0.728792480937866,46.49546810253408],[0.7290761534868,46.49626736370242],[0.729919639484073,46.49624718424649],[0.731401050531039,46.49854486443805],[0.731576430220084,46.49925188658504],[0.731606251532727,46.50054155399341],[0.731426544745341,46.502477456310544],[0.730909321088438,46.5023356714432],[0.730958569648479,46.502876240934015],[0.730770800243083,46.50387692969001],[0.729838882466127,46.505453782770665],[0.730757626483563,46.50560354222625],[0.73199396540955,46.50702524772334],[0.732781239364636,46.50763900692159],[0.733812076400073,46.50829452180188],[0.733131359930846,46.509196260125975],[0.732650716564163,46.510431662398794],[0.731253959552342,46.51257943569812],[0.730546308779606,46.51384365581703],[0.73053510183837,46.51411277848443],[0.731359870851907,46.51545785361333],[0.731238597283499,46.51645896007753],[0.73068252734942,46.518845005653425],[0.728257742875504,46.52367029391332],[0.72728403082456,46.52533187653002],[0.72990609403617,46.52742790754432],[0.729383316033763,46.527664354313565],[0.730407310113957,46.530434874096706],[0.73050627201669,46.530597183161525],[0.731078296756318,46.53080851301571],[0.732890914435452,46.53367121556095],[0.733231568694326,46.53407973050663],[0.734230173254756,46.534643607478245],[0.734921075803751,46.53557612174294],[0.735750743023604,46.5358087426649],[0.736332556939174,46.53610041080293],[0.737965286209275,46.53714432248669],[0.737030106779189,46.537596952028586],[0.736986908356096,46.53791408474106],[0.736628463562126,46.53852945568001],[0.736545827777552,46.53888454294598],[0.736461171210222,46.540544869117426],[0.737248445496546,46.5404172140649],[0.737577857233654,46.540438142072766],[0.738666277146155,46.5407920616435],[0.739690218256254,46.54134737941785],[0.739679265714525,46.54129671753211],[0.740481078471774,46.541164823375055],[0.74329214202621,46.539989800677624],[0.747406948630413,46.53875751576246],[0.749950325351753,46.538810271187096],[0.750632584153823,46.53888494325569],[0.750838528194126,46.53860794001988],[0.752853792020882,46.53867817166318],[0.754489953705577,46.53901477257977],[0.755907906341207,46.53903989410973],[0.755882031032418,46.53969967834327],[0.756120893524747,46.54011242939016],[0.756450551136192,46.5403810297291],[0.75665965500463,46.54151654375318],[0.757035040283145,46.54140409675811],[0.757142194683899,46.54159176371158],[0.756988306533901,46.542063471770895],[0.756840787578458,46.54434592540245],[0.758989564949941,46.54460332736419],[0.760134486878817,46.54482662727029],[0.763328801041103,46.545948464322684],[0.765003789612941,46.546395565943726],[0.766834820850374,46.54673128629455],[0.773075451435988,46.54702137064611],[0.778615802453411,46.547452457104654],[0.78148239527759,46.538041583207374],[0.78173673558557,46.537597917317434],[0.782381781359828,46.535669201127575],[0.782566097133641,46.535566479811955],[0.782881201389116,46.534495231444886],[0.783626411664548,46.53366382223562],[0.784563414045371,46.531999280753446],[0.784584558415118,46.531768184847195],[0.783763385420464,46.53132349658619],[0.783985704196265,46.5301576650659],[0.784514342698591,46.528904984442285],[0.785561328762214,46.5272290538641],[0.785712275334859,46.526501427645],[0.785943908014213,46.52600416637138],[0.787066385499345,46.52523048420426],[0.787812674745322,46.5244963572659],[0.788422044922221,46.52369472059862],[0.788999799485064,46.522385319625975],[0.788927951166495,46.52190470521177],[0.789103668950246,46.52133699544317],[0.788734164185774,46.52105240509879],[0.789843285906795,46.519574915016904],[0.79086572944764,46.51791648141407],[0.796486371718714,46.512870556837775],[0.797357901963287,46.5124522630556],[0.797775192533637,46.51129556848532],[0.799272731756088,46.51081815302928],[0.801560816443789,46.510472124124746],[0.801814945004763,46.51031756893449],[0.802032592813649,46.51029112593269],[0.803252404992021,46.51100547930156],[0.803726463385691,46.51080019649302],[0.804848279541001,46.51057942491121],[0.806807821303362,46.51055036950284],[0.807382030109053,46.51038482625597],[0.809050505846483,46.510163686045274],[0.809381438238019,46.510434860552316],[0.809595356947999,46.51050111363899],[0.809825169091341,46.510464079361796],[0.810993257937515,46.50902535951075],[0.812648437984765,46.50750857124042],[0.81408274847878,46.50599924803914],[0.815308491776059,46.50503720847856],[0.815659076026593,46.505241181055375],[0.816954714722868,46.505594717455935],[0.820006785862332,46.50580698941518],[0.820859164803575,46.50628444448],[0.825023493640064,46.50641418461371],[0.826927784672881,46.50694853172112]]]]}},{"type":"Feature","properties":{"fid":2155,"ID":"COMMUNE_0000000009748997","NOM":"Valdivienne","NOM_M":"VALDIVIENNE","INSEE_COM":"86233","STATUT":"Commune simple","POPULATION":2728,"INSEE_CAN":"05","INSEE_ARR":"2","INSEE_DEP":"86","INSEE_REG":"75","SIREN_EPCI":"200070043"},"geometry":{"type":"MultiPolygon","coordinates":[[[[0.566364584771074,46.48695320042001],[0.566707692591278,46.48829560964492],[0.567180472400233,46.488983135852514],[0.567997451566473,46.49052210792317],[0.568200661782242,46.49117146082974],[0.567343946137983,46.491165841501555],[0.566634170366671,46.49131649372856],[0.563968445056606,46.492387608782295],[0.562375077960459,46.49330766927866],[0.561700289578018,46.49401668277722],[0.560934508227046,46.495534543196115],[0.560022006586872,46.49651144155314],[0.560796906731358,46.4976477743414],[0.561667137064874,46.498461817888824],[0.561930001785853,46.498943089206826],[0.562111815508825,46.49971992137626],[0.561939030090955,46.50092881963912],[0.562001884680415,46.501331952242474],[0.565106387199162,46.50119632416797],[0.568188615748166,46.500711498933065],[0.573147523707048,46.50020969431778],[0.574016309213002,46.501676742282704],[0.574891808618651,46.50270069458947],[0.578109259949394,46.50137435240356],[0.578954295694158,46.50396694710772],[0.58167473086486,46.50599113043953],[0.582130336134583,46.50613229429241],[0.588304600289528,46.50733294084041],[0.588515659031332,46.506986054038464],[0.589920763278193,46.50583734739991],[0.590449617850345,46.505620575368475],[0.591688929859874,46.50559443885828],[0.592148585401564,46.50546718904826],[0.592749971578944,46.50502581647641],[0.593598792312795,46.50494909565796],[0.594655147314556,46.50451548763277],[0.595454726620472,46.503987283757354],[0.595585071223236,46.503990025284786],[0.597048588747566,46.50509192709339],[0.597944656860444,46.505600829138025],[0.599769388608189,46.50558330047668],[0.601097549052504,46.505405780463114],[0.602375540190734,46.50868200663351],[0.604395901507636,46.51181521828995],[0.605735264018385,46.51153427730021],[0.606820094620475,46.51294882042008],[0.604243009849393,46.513720041524245],[0.605060711225562,46.51494793019574],[0.606281081326897,46.51708059903593],[0.606369292228873,46.51744909602438],[0.60613364356512,46.51809008038164],[0.606153793286777,46.51929495322345],[0.606506040257833,46.52009958823018],[0.607041156625852,46.52072247139203],[0.607036094444484,46.52101604590312],[0.606637814662986,46.52143742137292],[0.606755104753305,46.52230290011533],[0.60595274696892,46.52205908914449],[0.605541156244563,46.52201083405159],[0.603225780516907,46.52195512384749],[0.604771428967508,46.52408290980934],[0.604600205594077,46.524296430948745],[0.603509946974154,46.52537534246783],[0.602565512617816,46.52586813817086],[0.601655662240112,46.526138238050926],[0.601328165487991,46.52646198589299],[0.601507370919978,46.52674951558306],[0.599578461747081,46.52766396037642],[0.598055877559483,46.52812386472145],[0.59869951993986,46.52832746212873],[0.600540584819786,46.52857870485321],[0.601863594988488,46.528916349279356],[0.602349824275268,46.52913824559242],[0.603415979779885,46.53065691937993],[0.604222184793641,46.532389045827905],[0.604581433606301,46.53270916814194],[0.605847879316363,46.5335347452707],[0.607286164085525,46.53395581345544],[0.607721123221163,46.53421715144942],[0.608891073598763,46.53569649888725],[0.609529421733794,46.53691608827229],[0.610367043508978,46.53743266392692],[0.612379575551306,46.53684769240921],[0.616719685462764,46.53488875555455],[0.619137886152207,46.534276986625024],[0.619805710994506,46.53503589107454],[0.620792963266093,46.535774409904114],[0.62114239771704,46.53587356442199],[0.621005897173324,46.53672743677972],[0.623214227250843,46.537934540835565],[0.624019718907928,46.53850259523683],[0.624268657220627,46.53896089373027],[0.626351323358032,46.53975994086513],[0.626735874901029,46.53935352818955],[0.627821404778817,46.53999763008178],[0.62754420772141,46.540517077271936],[0.629365334935306,46.5411484900643],[0.629490717156112,46.54096731496864],[0.632460432836024,46.542146765545475],[0.634999683754487,46.54271907581328],[0.634763852435507,46.5430087773609],[0.635998997123628,46.543488333379514],[0.637552855289405,46.541316060106816],[0.638508682156329,46.53839092784725],[0.638795485188136,46.5380085832429],[0.63977017266472,46.537206225057396],[0.641126291112082,46.53561357565426],[0.641913520502713,46.53491813861002],[0.643705230137708,46.53369387701651],[0.643944029410403,46.53336368144738],[0.645290879357466,46.5336715785703],[0.645579114243457,46.53397929485839],[0.646763801758967,46.53429464630164],[0.650595520610462,46.535009406630344],[0.65200790204538,46.53537352030712],[0.652666641727142,46.53262775946772],[0.652518776726209,46.53245446562048],[0.651958032248671,46.530049415598114],[0.652917084571236,46.529814161390604],[0.653065497521831,46.52970189892411],[0.652973083692544,46.52857484945808],[0.653625809553008,46.52654152618823],[0.653460324428333,46.52550486348938],[0.655835579436327,46.52593192731004],[0.657362861821225,46.52629022701275],[0.659307697444376,46.525284169779646],[0.660390962451271,46.52379472343332],[0.660600603789022,46.52210362811722],[0.661038708577295,46.52177837710012],[0.661547408381331,46.52108522303633],[0.661262986842572,46.52102265365323],[0.661385265641109,46.519967566134525],[0.66115264698677,46.51982317826479],[0.661123024745485,46.51938836659196],[0.660750260859467,46.519195168406554],[0.661146387095253,46.51899607730079],[0.662104996407871,46.51894811642454],[0.66250636746755,46.51902208297073],[0.663354925482401,46.51950155668948],[0.66368844472921,46.51978853268265],[0.664611900177313,46.51973893151503],[0.665260248660817,46.52029267468944],[0.665395564364412,46.52021075826339],[0.66565203918067,46.5194025350856],[0.665482171040776,46.51867659326019],[0.666740544695354,46.517326692895736],[0.667772382286149,46.51578028045263],[0.667427600518755,46.514872407239004],[0.667538867391701,46.513370273079474],[0.667897566797287,46.51242810351468],[0.667687164214204,46.51188691071748],[0.667557425483891,46.51180859355181],[0.667514074793768,46.51114469018375],[0.669119742021883,46.509875719854804],[0.669573951995417,46.5095669819576],[0.669993047006248,46.5094385956933],[0.670521888552503,46.506498217928176],[0.671502676525129,46.50662810031363],[0.673163786036496,46.506591654334024],[0.67453524103777,46.5036810193656],[0.674023558543607,46.502067114273274],[0.674309155634489,46.5016720509068],[0.6751526351685,46.50089016254585],[0.674402184559414,46.50022539213296],[0.674021771045465,46.50039691967951],[0.673985282652175,46.49883682194153],[0.675221961977061,46.492993901865034],[0.676295769517568,46.4911500955785],[0.675615281440327,46.49111103515189],[0.675719487192014,46.4896763120513],[0.677628382919754,46.48803594820716],[0.686210169997994,46.484840873313615],[0.688384362334425,46.484283112112074],[0.690278125956623,46.484033134468795],[0.691071693742656,46.48401764120963],[0.694202309394746,46.48421687572216],[0.696524896039865,46.483879057182925],[0.697067858503493,46.48374496554968],[0.699518610395301,46.482748456952386],[0.70266792783293,46.48210015245708],[0.704712119779153,46.48177368914194],[0.705566404006901,46.48155392560216],[0.708045340629117,46.48028395183613],[0.709274136958091,46.47999510150358],[0.709161455870006,46.479355954409016],[0.709220471850331,46.4788202416098],[0.710225068779439,46.47809358687044],[0.708918416811785,46.47688460302765],[0.709305771725048,46.47666535925935],[0.709066868442371,46.476485808180215],[0.709697876040695,46.47611560397342],[0.710006450740304,46.47637492245282],[0.709878467546467,46.47644172153569],[0.710363282717289,46.47691356410576],[0.710527236988491,46.47682856774],[0.710681613312027,46.47694066143898],[0.711519088159768,46.47659079870099],[0.711643294258292,46.47630321842097],[0.711645184703843,46.47576095559934],[0.711906996521454,46.47561215639022],[0.712150756831389,46.475582805771516],[0.711438641787918,46.47543161868738],[0.710818811202266,46.47491473648655],[0.709363074890573,46.47427659929894],[0.708556471028411,46.4737370420481],[0.707889223044672,46.47344980525225],[0.707629007258891,46.473219376477694],[0.706684390539168,46.4729860221811],[0.706862284525057,46.471949129597654],[0.706860437688412,46.47047352646729],[0.707042670185901,46.47020152866575],[0.707794156032913,46.46969322356451],[0.708469551368709,46.46907168423527],[0.705696231273738,46.46669006965411],[0.704937273862529,46.464959634798305],[0.704168171210571,46.464028931907514],[0.703622967675783,46.46316848524822],[0.701505042866165,46.46145573934109],[0.699330961180441,46.45999585635564],[0.698950209172951,46.45984405299138],[0.696517540891969,46.4592941566227],[0.695488589915919,46.46013820839771],[0.694737131300972,46.46055364708379],[0.692279617166519,46.46136162615216],[0.690334644291512,46.46151599810699],[0.688812937968508,46.46192573210052],[0.687120878826412,46.46250946313454],[0.682535309890622,46.46424524001668],[0.680611586077862,46.46533765833927],[0.67797016999336,46.46708658950562],[0.67559905555008,46.46845449983279],[0.673805741288626,46.46755228754378],[0.67264864113622,46.46674318374404],[0.670280268305529,46.46374013257717],[0.669276410964236,46.4634665175549],[0.666468759259207,46.46309119990181],[0.665728762191427,46.462836455484315],[0.665770442108098,46.46250219135259],[0.665079747479741,46.461979095975344],[0.664084287123776,46.46175425158514],[0.661746953860649,46.460354255373545],[0.660392858959912,46.46156249690629],[0.659494836491747,46.4628043915588],[0.658947117586994,46.464692162389014],[0.658843273264925,46.46583591666658],[0.657758783720787,46.46537587321891],[0.6565045341843,46.46507449006078],[0.64880427859105,46.463576697235204],[0.646262053460106,46.46300455141888],[0.644416185608938,46.46267012179274],[0.643195507212457,46.46256026349372],[0.64274343192795,46.46243292339685],[0.642316761344771,46.462532220893316],[0.641987559818232,46.46203535973396],[0.641207831224399,46.46197872315993],[0.637535423323692,46.46282350970389],[0.636553733175215,46.46315543903104],[0.633515734149595,46.45947018575723],[0.629724534252556,46.4551593293768],[0.629361100092276,46.45491395903712],[0.62753793713398,46.455654449353304],[0.620623160629401,46.45816005570078],[0.61971438582736,46.45813481547384],[0.61839568676811,46.45770554158584],[0.61815605959989,46.45773027355343],[0.616199472928574,46.45859482762953],[0.615621964718804,46.458267470570355],[0.614927458243935,46.45739624640264],[0.614846105562938,46.45696123057118],[0.615100387468572,46.45645214508085],[0.613941391791228,46.455979307454996],[0.613714079898349,46.455603401146625],[0.613470307652116,46.45554425584097],[0.613367374030484,46.455811464524224],[0.612794659818274,46.45606074775654],[0.61219519659353,46.45647432788875],[0.611049080518322,46.456511621255174],[0.610089422397448,46.45732124577202],[0.609847783107121,46.45742159123792],[0.608789100589343,46.45751564495545],[0.608308931862402,46.457645226466774],[0.607558658615306,46.45822679057075],[0.606943772343427,46.45904991696368],[0.606607964137813,46.45871136112421],[0.605497411231029,46.46016461179279],[0.606329338201513,46.46131804457019],[0.606307571469427,46.46199233963905],[0.604313327212224,46.46254871096794],[0.603752590340934,46.46264145074242],[0.602724329173986,46.462485646669755],[0.601255329560839,46.46265840568819],[0.599887363047161,46.46308281022267],[0.598366025633241,46.463348123630745],[0.598192833388828,46.46313638090755],[0.59772174629272,46.46305800885142],[0.595721182192725,46.46236458918614],[0.595022797967683,46.461823777920436],[0.594885334735011,46.461807370629835],[0.593127813316093,46.462137008353736],[0.589880932541962,46.46244961997115],[0.58925177766784,46.462644446196364],[0.588638243304632,46.46307562812869],[0.587554282646731,46.463354534880416],[0.586571929239561,46.46336981985223],[0.58449595587435,46.46358719590028],[0.583284386214097,46.464067863508276],[0.583073846232754,46.46434718550191],[0.582612447761092,46.464168057663734],[0.582146989783765,46.463815873493054],[0.581607070626545,46.4638494883366],[0.581263995714932,46.46426563734031],[0.581219325180577,46.46521421660268],[0.581077048052746,46.465747226237305],[0.580423100224754,46.46667569561063],[0.579205724144701,46.46749042472152],[0.578898311133494,46.467572196274794],[0.578478724584083,46.46756690685357],[0.578136778865705,46.467780373534794],[0.574912689996702,46.47023894607084],[0.57450548763577,46.469896075633926],[0.574360481597539,46.46999029199816],[0.574137847568362,46.47024681995845],[0.574312424982664,46.47033791197705],[0.574343916856243,46.4704800186485],[0.574172765335202,46.471103396715606],[0.571798410486388,46.47209887977558],[0.570066031752553,46.47238005905252],[0.568847310240692,46.472750520191376],[0.566643232625439,46.47360808416376],[0.565385337271803,46.47418307615263],[0.564275183573121,46.474456706261975],[0.563657386659806,46.47477145557099],[0.562842310483184,46.475327934769915],[0.559804275940041,46.47602163629978],[0.559683534189024,46.47804964895925],[0.559439861373989,46.478453445674],[0.559556376040437,46.47844332186316],[0.561285872666082,46.48039011801494],[0.563310267076411,46.48195669520399],[0.565259061466957,46.48431349691622],[0.565594906675392,46.48508730088886],[0.56594033706782,46.486347782890384],[0.566364584771074,46.48695320042001]]]]}},{"type":"Feature","properties":{"fid":2164,"ID":"COMMUNE_0000000009749670","NOM":"Bouresse","NOM_M":"BOURESSE","INSEE_COM":"86034","STATUT":"Commune simple","POPULATION":623,"INSEE_CAN":"10","INSEE_ARR":"2","INSEE_DEP":"86","INSEE_REG":"75","SIREN_EPCI":"200070043"},"geometry":{"type":"MultiPolygon","coordinates":[[[[0.625697903107003,46.37600282638316],[0.6251098796791,46.375606811041294],[0.624304644458958,46.374758533413946],[0.624625404840752,46.37321841302464],[0.622607829562374,46.36804858818188],[0.622541402597462,46.366434635162655],[0.622901882196993,46.36577640293588],[0.623120379050041,46.364612521314015],[0.623523604703772,46.363329970371844],[0.621134111914315,46.361573882576714],[0.619840048640044,46.36051266891323],[0.618790704717252,46.359808793959424],[0.617948459841205,46.3598470552245],[0.617684887593002,46.359714524451014],[0.619392770119849,46.35925020969621],[0.621864649333101,46.35842163787329],[0.620318620872728,46.35600655759066],[0.618648177551757,46.35519602189294],[0.616187531475827,46.35385994339297],[0.616474227014639,46.35370017594589],[0.614898743622859,46.35244563201663],[0.615106000189166,46.3520788053064],[0.614742149627972,46.35194957407808],[0.614209564027489,46.35151321368514],[0.613468669571334,46.35152743478448],[0.61394726231159,46.350667202051945],[0.613382039888781,46.35059140753656],[0.613449854857977,46.348144232123396],[0.613829536942372,46.3463305985251],[0.614274753493645,46.34575704739041],[0.614442170290149,46.345378577598225],[0.61436847030217,46.34259601395529],[0.614233715658308,46.342345450961815],[0.613982197663987,46.34104471788726],[0.614561483025452,46.339037066142254],[0.614397987455348,46.33810393377146],[0.61431239935519,46.337948992267464],[0.613837065255447,46.33763454311061],[0.61081172305949,46.33656217245907],[0.610349924455286,46.336176821976565],[0.610250527692289,46.335981047771845],[0.607776613525967,46.336339948989796],[0.606789158327426,46.333790433081774],[0.605431896726331,46.33169889378517],[0.604197596658525,46.32938560014137],[0.604192803152957,46.32866388916388],[0.603914269866815,46.327274270486676],[0.603084716580275,46.3246901956496],[0.600323991418243,46.326439269023496],[0.598742220729409,46.32707170311445],[0.596607785619796,46.325483479457446],[0.59193458018451,46.32355420137815],[0.588009233796382,46.3215396587318],[0.586093977762381,46.31823786112179],[0.582930189096787,46.31933383861214],[0.579540740701036,46.31823936272896],[0.578561094557549,46.31784106974069],[0.577567069233941,46.31791453234274],[0.575125946079052,46.317898636618686],[0.571006713789894,46.3188379119482],[0.569713027982588,46.31956797960117],[0.569243463234503,46.32047868178732],[0.569392213769609,46.32178365521715],[0.569703831787959,46.322701111878054],[0.569971017286079,46.32327257536589],[0.570539649750092,46.32379100669286],[0.570484633189248,46.324853795183245],[0.569940733340548,46.32527102454663],[0.564945411531701,46.3283769909379],[0.554838917959205,46.33231283498886],[0.550393153438467,46.33176960604736],[0.549325427523349,46.33281332118264],[0.547799287809615,46.33407239026772],[0.548282577473655,46.33675307267854],[0.547631703406868,46.33928773038869],[0.547335505404456,46.34009127055588],[0.546348491686434,46.33976642082169],[0.545699459019778,46.33970740098725],[0.545485362287598,46.339869458004664],[0.54541612277727,46.34004994986486],[0.543881592996059,46.3445583599509],[0.544107986653638,46.34464431965047],[0.544389410723152,46.34492425831709],[0.54491808148969,46.345723939017624],[0.545376572408661,46.345913994465555],[0.542857762914325,46.34699036245817],[0.542277217268661,46.34798145625538],[0.538196263196773,46.34763122963929],[0.532978797456573,46.34611751420274],[0.532219422266564,46.34904885350492],[0.531618574692466,46.35356742012806],[0.530330830817998,46.35931886526209],[0.527647983592362,46.36054902118632],[0.525979838379842,46.36184077852766],[0.523812518186921,46.36334870308982],[0.524211045045631,46.36472043536328],[0.525028725909574,46.36686613700178],[0.526252995531615,46.36670171008676],[0.526879301279658,46.366320697099844],[0.527831211623467,46.36538727586118],[0.527572191493135,46.36512940511941],[0.528157865555112,46.36449524994698],[0.528392328839397,46.364030057774634],[0.528811442547341,46.363510308141656],[0.531535541790677,46.361657587127446],[0.532893655539872,46.36192662346349],[0.53439031412389,46.362038277847056],[0.536705574496077,46.36185949057333],[0.537893561634017,46.36194821350025],[0.539239087075526,46.36191960270127],[0.539838695141663,46.362012722512624],[0.540558170848765,46.36224716420195],[0.540949846986547,46.36224750398593],[0.545875829565663,46.36307525937619],[0.548454093019491,46.36457577041976],[0.548501792691564,46.364875895483365],[0.55071269943684,46.36592340814337],[0.55117720194366,46.36627392522605],[0.552700901673586,46.367150781117985],[0.552809238279253,46.36946841977618],[0.552481120916704,46.36976227856733],[0.552261705107875,46.37021522640176],[0.552289462495837,46.37151311836846],[0.55263879035369,46.37153052562215],[0.553346199173019,46.37392768324876],[0.554070757645072,46.37414052219085],[0.554540201594866,46.375778513632525],[0.555896729988283,46.377082363608196],[0.556224339077061,46.377644336912255],[0.556630673405065,46.37868727321749],[0.557051919593019,46.37922242085237],[0.558252482703412,46.38040758367255],[0.558438838628288,46.380810670291126],[0.558558817751342,46.38153395585834],[0.559202468904368,46.38227835821092],[0.559988218562523,46.38194021659956],[0.560894240747054,46.38205689145311],[0.562126393620509,46.382449897655114],[0.562817198370256,46.38257637120853],[0.566878718237167,46.38231353469054],[0.5687337337235,46.382372008603994],[0.569926945641852,46.38223707704094],[0.572556602993364,46.381707491411404],[0.572958029003596,46.38190161748051],[0.574193842878249,46.382946814583114],[0.574618297877153,46.383208991025555],[0.577779411264354,46.38460947930374],[0.577982325197069,46.38478946143306],[0.579372766500317,46.38552166968693],[0.580110264304634,46.3862120829895],[0.580743570909603,46.38713901678426],[0.581696551907921,46.38790335690974],[0.583992579779036,46.386178161445066],[0.583938802354977,46.38612837452717],[0.584606438048164,46.38554432438277],[0.586578463005029,46.38413563729098],[0.587660296874398,46.38504859698704],[0.588614989458713,46.38615885452043],[0.589413738824249,46.38570006931116],[0.590693959976548,46.38530460136975],[0.59095560457995,46.38586597328672],[0.591020143549699,46.38643939804152],[0.590922054476913,46.38665624152038],[0.592272160998126,46.387245096216844],[0.592771898668764,46.387367352601615],[0.593630185497395,46.387359335643104],[0.593953016097695,46.38632562470686],[0.594273176302862,46.38567743485116],[0.59471183955449,46.38585605144952],[0.594940823750889,46.38621402584147],[0.594904121158936,46.38707719907349],[0.597315594821629,46.386446048567414],[0.598366642832286,46.38596188606673],[0.599782865169711,46.38578809494485],[0.601104470025648,46.38575283414152],[0.603286405401883,46.38589959778595],[0.605133856394541,46.386727569769924],[0.607732484507216,46.38722983300293],[0.610352193024,46.387400053700944],[0.611362517698654,46.38769598129786],[0.613806916081575,46.38797596144472],[0.616169512464552,46.38798301572432],[0.617448498514651,46.38808991330905],[0.617964385016106,46.38823131366077],[0.621335187712987,46.38840525027301],[0.622097384959827,46.388062592906685],[0.623061312966488,46.38778088921237],[0.628296233335313,46.38016216590062],[0.627349583648298,46.37915061667044],[0.625933111297285,46.37682031085689],[0.625697903107003,46.37600282638316]]]]}},{"type":"Feature","properties":{"fid":2296,"ID":"COMMUNE_0000000009749879","NOM":"Usson-du-Poitou","NOM_M":"USSON-DU-POITOU","INSEE_COM":"86276","STATUT":"Commune simple","POPULATION":1226,"INSEE_CAN":"10","INSEE_ARR":"2","INSEE_DEP":"86","INSEE_REG":"75","SIREN_EPCI":"200070043"},"geometry":{"type":"MultiPolygon","coordinates":[[[[0.577516795800884,46.23415128313879],[0.570864962401283,46.23464096601767],[0.570809289504695,46.234725363314496],[0.567586032531747,46.234747477000155],[0.56588508850872,46.2349570406786],[0.564778200230734,46.23529551544873],[0.562822845664844,46.235649138350134],[0.563028324424353,46.23695445410508],[0.562965593780783,46.238101770008605],[0.563196582578691,46.23903825852087],[0.562936849767509,46.23988585597513],[0.562563848645016,46.240652647092304],[0.56243204551792,46.24122190067241],[0.559702071099034,46.241529144997635],[0.552137252695487,46.243276563998414],[0.547711617212903,46.24421460577338],[0.542234509548004,46.245546893714874],[0.539604056401672,46.24550986048012],[0.536394008846915,46.246089058689655],[0.535313063225636,46.24638997843594],[0.529215864401913,46.246919010102204],[0.520795664771134,46.249449427928354],[0.520790972352666,46.249581761455914],[0.520335560287682,46.249744814955086],[0.516917640593814,46.250057674929906],[0.514039563329529,46.248375866573774],[0.513942240661431,46.24705838786842],[0.510908350798275,46.248324527777235],[0.510704789007288,46.248231783523785],[0.510441753892668,46.24833323885044],[0.507972578690941,46.24751699992547],[0.50448480940388,46.24702702876377],[0.501162411923506,46.2466991453201],[0.50107712270526,46.24654771756673],[0.499163255982784,46.24739578657576],[0.499022613073134,46.24922428898599],[0.498387935414273,46.250353618923825],[0.497939645484775,46.25092756585689],[0.496214249328802,46.25162567407452],[0.496062904125689,46.25209533319967],[0.495115883913953,46.252072687823386],[0.494480229875939,46.25350469008041],[0.493817834775177,46.2542432829863],[0.490458955374669,46.25679998380934],[0.489108052170184,46.25802068149318],[0.487988460050412,46.258020298344675],[0.485817735689132,46.25870662341804],[0.484851943558324,46.25869429159622],[0.483969151900673,46.25936309247458],[0.483763048709039,46.25966485387101],[0.483396291405602,46.259957656790384],[0.478666089797975,46.26245936963661],[0.480723947586876,46.26668708967172],[0.480746588858437,46.26692904182073],[0.479870326491757,46.269116938302105],[0.478962390953268,46.27086266856995],[0.478430063000429,46.272322107334126],[0.477967668767572,46.27217852463242],[0.477810832680273,46.27245253824629],[0.480519331076723,46.272939563613775],[0.482146327959171,46.27343954508575],[0.483019392903784,46.273609309330496],[0.48439035163706,46.27445135691537],[0.485531495207748,46.27500812042732],[0.486450454524825,46.275339237493874],[0.485599834590906,46.27552856794358],[0.485159626803315,46.27574948296481],[0.484908565008716,46.276971909608704],[0.481579523146792,46.285024744446936],[0.480592018854271,46.2875345240478],[0.480321950809582,46.28848894438082],[0.476029071585393,46.28804610459293],[0.473771960487017,46.28773117338385],[0.473131248368172,46.287562895852055],[0.469244265199036,46.28730989337721],[0.467990105515717,46.28714326574152],[0.466880670654504,46.2881456600215],[0.467796420287571,46.288604786742724],[0.46796318481756,46.28845533563989],[0.469687497032576,46.28916306460922],[0.471075652298416,46.28963716553664],[0.479597183537777,46.29403887838583],[0.482495700482716,46.29508050743954],[0.483535392687249,46.2966368751329],[0.483951518484563,46.29807404779619],[0.483887481726528,46.29861859807755],[0.484207321472966,46.29898423509787],[0.484470523123632,46.2994792552561],[0.484685389182255,46.30048854024684],[0.48498645724284,46.300669069032445],[0.48588731465321,46.30154484409387],[0.488484078390533,46.3032526420668],[0.492792687166307,46.30513861714444],[0.496512284753629,46.307345721770005],[0.49914788777618,46.30918384918966],[0.499891994097053,46.30960019474261],[0.499994732305726,46.30971326348714],[0.499891971467615,46.30997047464059],[0.500042266419691,46.31023774442908],[0.499944728974668,46.31038065273655],[0.501122740251964,46.31114616075655],[0.501277529724157,46.31103063419622],[0.503442777983165,46.312527696798995],[0.504930742657998,46.31157378632444],[0.505677405505962,46.31133697894393],[0.505490629889722,46.31195452605718],[0.508650007496747,46.311524556613385],[0.516078127794269,46.314918370823214],[0.517841418466123,46.316001869764435],[0.51849357160194,46.315526878596835],[0.519512463343936,46.315336451672565],[0.52085980402885,46.31535767226352],[0.520448199244589,46.315918994965614],[0.52051130101304,46.31739517019022],[0.520774679793088,46.31930093639125],[0.521037180254629,46.319218358552156],[0.522094489731069,46.31944406578788],[0.523384770814916,46.31949284257548],[0.524418830505015,46.31974414906099],[0.525527123485651,46.320165529415306],[0.526677092584885,46.319838242202984],[0.527143856471108,46.319407826986065],[0.527544505622692,46.31917417642359],[0.528723462442572,46.3188952467798],[0.529327624726457,46.31884798915048],[0.531956448431585,46.31683827325602],[0.533362567063749,46.316450703130464],[0.534829449651602,46.319445554384124],[0.53517288450679,46.319643978323356],[0.535738123334649,46.31968143116349],[0.536185850238613,46.319873999479626],[0.538852976773617,46.32203617319511],[0.541086563156746,46.32360693663761],[0.546302608343857,46.32705094022425],[0.546542057034883,46.3275110542878],[0.546560646413023,46.3278213665461],[0.546528055059951,46.328199946632694],[0.546119492635527,46.32924791288135],[0.550393153438467,46.33176960604736],[0.554838917959205,46.33231283498886],[0.564945411531701,46.3283769909379],[0.569940733340548,46.32527102454663],[0.570484633189248,46.324853795183245],[0.570539649750092,46.32379100669286],[0.569971017286079,46.32327257536589],[0.569703831787959,46.322701111878054],[0.569392213769609,46.32178365521715],[0.569243463234503,46.32047868178732],[0.569713027982588,46.31956797960117],[0.571006713789894,46.3188379119482],[0.575125946079052,46.317898636618686],[0.577567069233941,46.31791453234274],[0.578561094557549,46.31784106974069],[0.579540740701036,46.31823936272896],[0.582930189096787,46.31933383861214],[0.586093977762381,46.31823786112179],[0.586205537434469,46.3180375236278],[0.586370071513409,46.31696083754409],[0.586415700418607,46.31404110514372],[0.591601406196706,46.31287158754504],[0.593535204896885,46.311026887588326],[0.594960361681888,46.31087230281488],[0.594133788409994,46.309122432937805],[0.59409723700666,46.308918960187846],[0.594386771459378,46.308365621123734],[0.592980051211681,46.307393570233494],[0.59268601976228,46.30710357522548],[0.59285016394403,46.30428905095105],[0.592735912407923,46.30416771840391],[0.592474568232971,46.30413967224959],[0.587130929936427,46.30039148370388],[0.583422982893109,46.29688045011989],[0.583396205267507,46.29657447776622],[0.587011927370673,46.29628177880161],[0.58987699294875,46.29553254430107],[0.588769524483242,46.293441545789435],[0.588233203135678,46.29122029078028],[0.599732556608689,46.28133993288309],[0.600588419350939,46.28084536539768],[0.602891336911579,46.27979568900668],[0.603464661185944,46.27750327758274],[0.605714300443445,46.274043442577465],[0.605812368850944,46.27373199492633],[0.604586544605388,46.2722638787273],[0.605226849569838,46.27167375346415],[0.606680725225709,46.271402531986546],[0.605311969915176,46.26821341602467],[0.604852388304524,46.26241731286464],[0.604958848861701,46.26224027557167],[0.607471206838516,46.260628269013154],[0.608751430775614,46.259538069434925],[0.610766206651607,46.25842994719855],[0.612874556138489,46.25681204790282],[0.61452296558836,46.25570248319259],[0.614746980351828,46.25547925365186],[0.614290686463188,46.25486338948341],[0.611914909352051,46.25255051856868],[0.611440337691122,46.25235497436058],[0.610421187925738,46.252110155948486],[0.607795529632665,46.250173022281366],[0.607415667234396,46.24971278725156],[0.606392513248527,46.24884803237319],[0.604398622189862,46.247822293981606],[0.602851553830304,46.24643926945476],[0.602580779827408,46.246306538125616],[0.600910558294628,46.24583980368889],[0.597884294046611,46.2455903674178],[0.597416127065739,46.2455768786799],[0.594949387486691,46.24580404094076],[0.591815380666029,46.245879191407404],[0.589555718795775,46.24570791817177],[0.587807608944286,46.245302401545786],[0.586982444314712,46.24490382307908],[0.586383956232031,46.2422199571544],[0.585212078945611,46.24205905364513],[0.584475829750868,46.2418245049999],[0.58440594811943,46.241524822774785],[0.582470372271781,46.24157560094441],[0.582395243891458,46.24142445465669],[0.581287452533949,46.24178289109472],[0.581089672369698,46.241410216825265],[0.580383259413883,46.241617718064916],[0.578834668057593,46.23917034986284],[0.578739569513246,46.23853138677265],[0.578354351213111,46.23781777930788],[0.578381703232883,46.23746340530166],[0.578201540054954,46.236634341639515],[0.577977413029279,46.23621245119585],[0.576693823980514,46.23488240614558],[0.576660003774439,46.23470781099533],[0.577516795800884,46.23415128313879]]]]}},{"type":"Feature","properties":{"fid":2314,"ID":"COMMUNE_0000000009749216","NOM":"Civaux","NOM_M":"CIVAUX","INSEE_COM":"86077","STATUT":"Commune simple","POPULATION":1205,"INSEE_CAN":"10","INSEE_ARR":"2","INSEE_DEP":"86","INSEE_REG":"75","SIREN_EPCI":"200070043"},"geometry":{"type":"MultiPolygon","coordinates":[[[[0.699330961180441,46.45999585635564],[0.701014955914598,46.45867039678415],[0.703436319497848,46.456268827655755],[0.703974168639716,46.45606343954824],[0.705395938451957,46.45582266022097],[0.707547125538694,46.4553145437773],[0.708599316396918,46.45446905291065],[0.7121906945026,46.450168392410205],[0.71294856224316,46.44900257653213],[0.713738354644398,46.44803828137618],[0.716731590101863,46.44387325063421],[0.715542595699541,46.44388550479442],[0.715721865975969,46.44361884041393],[0.715634275780436,46.443438722969404],[0.706141220959179,46.430873603088436],[0.705755937933616,46.43071001606887],[0.704546357397063,46.43047490612083],[0.70280602931706,46.42947780356462],[0.699931794771832,46.42874069814628],[0.698117559874065,46.428572609148134],[0.6972165891633,46.42886793268864],[0.695859485428069,46.42895045363177],[0.69499667170624,46.429760911887215],[0.693850418477883,46.43037195754924],[0.693345234867334,46.430518498727736],[0.691729593559914,46.4305209775953],[0.690018151670279,46.43066292799253],[0.688551468295755,46.43142418531804],[0.686095863586546,46.43196990266095],[0.685811581370744,46.4319758517286],[0.684525142975267,46.431434484416265],[0.683875655613158,46.43080513074785],[0.681748458599381,46.432575363192285],[0.680593626714241,46.43172763238908],[0.679840477480849,46.43160693007264],[0.67845555736368,46.43111574080899],[0.678363093693451,46.43050218402356],[0.678148768045901,46.430058210973634],[0.678136671355423,46.42920936486303],[0.678049764204854,46.42904724611735],[0.678177675716468,46.428582306738235],[0.67833985021427,46.42838381461838],[0.67825279063141,46.42819466740773],[0.678828894404244,46.42788207657144],[0.678995657080235,46.42757557495848],[0.678984742499425,46.42731140418999],[0.678425903936974,46.42525781468277],[0.678394816529004,46.42454911443753],[0.677803016092089,46.42428213662397],[0.678076503485689,46.42376340499296],[0.6781171978277,46.42329669148808],[0.678122866589165,46.421877066725216],[0.677885610293553,46.421207412819754],[0.677899663160347,46.42054016840592],[0.677994673543034,46.42026644089403],[0.678136765584665,46.420202668370315],[0.678855302375219,46.420306466257465],[0.679286167969935,46.42009902302282],[0.679975020666647,46.41961395526318],[0.680398509726061,46.41896674328574],[0.680396399134576,46.418832473741766],[0.68012936922175,46.41877119414001],[0.679644961519656,46.41879828269473],[0.678885598086007,46.41849096778975],[0.678343891101387,46.418946591368716],[0.677678423964262,46.419096107874594],[0.674292794078055,46.41796957410698],[0.673411472798343,46.417774145106996],[0.672008741418645,46.4176185234499],[0.670278701167405,46.418051668299924],[0.669644505199769,46.41838374894612],[0.66849512625939,46.41867017074772],[0.667797078436108,46.418727978357595],[0.666921711470943,46.41866774890917],[0.666230691594786,46.41843921879436],[0.664897788719821,46.417473266754854],[0.662517434232284,46.41633090416963],[0.65906219042217,46.41568444153485],[0.657635978262425,46.41531916062071],[0.656995655618575,46.41524656092412],[0.655378634967686,46.41523047077947],[0.654051810238712,46.414977991681134],[0.645745049600121,46.41795456046458],[0.644776456916593,46.41754990990755],[0.642600204706527,46.41696896924888],[0.641781238299972,46.417021417820564],[0.639592348801624,46.4167941971827],[0.638749857144906,46.4168785686187],[0.638127309936707,46.41684676961458],[0.633222674471824,46.4197432533209],[0.631891054216386,46.42044173238521],[0.632656286565759,46.42178007691262],[0.632764748240482,46.422222849635865],[0.633130729801672,46.42261510845978],[0.633228105257632,46.42295315031203],[0.63379645797814,46.42333518868051],[0.635484172489024,46.42386023078868],[0.636778184605282,46.424542856380505],[0.637515250704095,46.42518151058143],[0.638374504865932,46.42627852428847],[0.636903412311524,46.42893265502393],[0.636311966170701,46.42950326963859],[0.635902290222167,46.429727209644035],[0.635375203323736,46.42983430673556],[0.635348245172242,46.430035541855574],[0.634612326570757,46.42997074915934],[0.635198036985392,46.43058556093051],[0.634736663661751,46.431911984314176],[0.634670660494302,46.43382585299913],[0.634402885157701,46.43471306093134],[0.634372598910592,46.43514124443447],[0.634545937476396,46.435952009280925],[0.634959705911836,46.436717305713806],[0.634440794284384,46.43690474597787],[0.633992832759427,46.4377999309821],[0.633931143140006,46.43865177008712],[0.633458268875828,46.439640126766726],[0.633506891762036,46.43993121240995],[0.632946791878854,46.440196168004455],[0.635453895224052,46.441100327872384],[0.634767443219211,46.44124376206601],[0.634493975317541,46.4414497999838],[0.633908916852374,46.442350252461324],[0.633079106967573,46.443004198181015],[0.632331646147003,46.443982354598674],[0.631176335935934,46.44438810667132],[0.63034762278489,46.44450514176848],[0.6293629448947,46.44524233104687],[0.627726415046967,46.4467335093351],[0.629305405056558,46.447526627596005],[0.629665723507162,46.44760257244495],[0.631029459369446,46.4483416503284],[0.631638140834557,46.44879119318766],[0.630656337150689,46.451741873345014],[0.629361100092276,46.45491395903712],[0.629724534252556,46.4551593293768],[0.633515734149595,46.45947018575723],[0.636553733175215,46.46315543903104],[0.637535423323692,46.46282350970389],[0.641207831224399,46.46197872315993],[0.641987559818232,46.46203535973396],[0.642316761344771,46.462532220893316],[0.64274343192795,46.46243292339685],[0.643195507212457,46.46256026349372],[0.644416185608938,46.46267012179274],[0.646262053460106,46.46300455141888],[0.64880427859105,46.463576697235204],[0.6565045341843,46.46507449006078],[0.657758783720787,46.46537587321891],[0.658843273264925,46.46583591666658],[0.658947117586994,46.464692162389014],[0.659494836491747,46.4628043915588],[0.660392858959912,46.46156249690629],[0.661746953860649,46.460354255373545],[0.664084287123776,46.46175425158514],[0.665079747479741,46.461979095975344],[0.665770442108098,46.46250219135259],[0.665728762191427,46.462836455484315],[0.666468759259207,46.46309119990181],[0.669276410964236,46.4634665175549],[0.670280268305529,46.46374013257717],[0.67264864113622,46.46674318374404],[0.673805741288626,46.46755228754378],[0.67559905555008,46.46845449983279],[0.67797016999336,46.46708658950562],[0.680611586077862,46.46533765833927],[0.682535309890622,46.46424524001668],[0.687120878826412,46.46250946313454],[0.688812937968508,46.46192573210052],[0.690334644291512,46.46151599810699],[0.692279617166519,46.46136162615216],[0.694737131300972,46.46055364708379],[0.695488589915919,46.46013820839771],[0.696517540891969,46.4592941566227],[0.698950209172951,46.45984405299138],[0.699330961180441,46.45999585635564]]]]}},{"type":"Feature","properties":{"fid":2337,"ID":"COMMUNE_0000000009750097","NOM":"Le Vigeant","NOM_M":"LE VIGEANT","INSEE_COM":"86289","STATUT":"Commune simple","POPULATION":656,"INSEE_CAN":"10","INSEE_ARR":"2","INSEE_DEP":"86","INSEE_REG":"75","SIREN_EPCI":"200070043"},"geometry":{"type":"MultiPolygon","coordinates":[[[[0.678888893871841,46.22763183794875],[0.678617835975132,46.22719749174941],[0.678527162087411,46.22621279112858],[0.678529256852015,46.22561195305535],[0.678839007189272,46.22470389105647],[0.678751271147669,46.223803031349846],[0.678546256152788,46.223342105320754],[0.67794564517824,46.222660497047485],[0.677245423846224,46.22209396421618],[0.676278348859734,46.22154629822151],[0.675946428439828,46.221201688892364],[0.675855563374389,46.22068183056204],[0.676015777123878,46.21907704787094],[0.676352913197831,46.21822720749631],[0.678533430966496,46.21430159951266],[0.67877596279809,46.21344711898524],[0.678474237813014,46.212574320738824],[0.679158653004264,46.21170363583895],[0.679643833145547,46.21054240451864],[0.680626618948803,46.20951924661756],[0.681433500781456,46.20838979474213],[0.68226802465622,46.20767980618759],[0.683650119844073,46.207030516608825],[0.684938376145559,46.20663604818441],[0.68552305094335,46.2062794957208],[0.68607099810838,46.205378968433614],[0.685981889853403,46.20429340838019],[0.685705317827317,46.20353014720596],[0.685175748353156,46.20252120182029],[0.684093421976918,46.200961373113884],[0.683662096964319,46.200514762465986],[0.682919852841282,46.199904160916354],[0.680903042936293,46.19863244571635],[0.679528034521452,46.19795395727216],[0.678906346051666,46.197745776062334],[0.677494779472212,46.19756379762117],[0.675934683553326,46.19761119043779],[0.673641056331259,46.19800750640498],[0.672555208077396,46.198037531009355],[0.670399875791109,46.19774293953624],[0.66706786917639,46.19696111419598],[0.664386499431318,46.19686551492809],[0.663938505787885,46.196753609478606],[0.663332208925071,46.19642944463201],[0.662197991963877,46.19534308793853],[0.661998908186568,46.194992155154985],[0.661977482001051,46.19461244453935],[0.662456951309177,46.192707938262956],[0.66242839887116,46.19231276622477],[0.661626428432213,46.19131611453062],[0.661389659672993,46.19048063280275],[0.660757042647232,46.18916404251853],[0.660818724607349,46.18866081946123],[0.660733681323773,46.18831313145197],[0.660207478278292,46.187604118430386],[0.660221401872364,46.18733864552958],[0.66233191862863,46.184688444881864],[0.663379561524863,46.184179371008156],[0.665446605584178,46.182909270255834],[0.666245391351398,46.18236442901604],[0.666731675982859,46.18181767131508],[0.669202437918772,46.178612601403266],[0.66954538367678,46.17771425323042],[0.669977002678587,46.17552226094942],[0.670295081137979,46.17481168440028],[0.667976269148161,46.17435782376349],[0.668195072558354,46.17378665300449],[0.667883094554809,46.17356043616552],[0.666666549593523,46.17347330065696],[0.666538446909045,46.173771563467554],[0.665972451582375,46.174242809908286],[0.665810959517518,46.1747160575134],[0.665151129405238,46.1743754824231],[0.665267377242334,46.17380761461457],[0.665154735637673,46.17331612280492],[0.66494099617028,46.17331082978093],[0.664710106474233,46.17316014233193],[0.664423391580682,46.17301100956922],[0.663831188434644,46.1729709082176],[0.663153662814451,46.17280292589749],[0.662440351243282,46.17253150293748],[0.660812855024619,46.172229547490076],[0.659834136189573,46.171675172227125],[0.659221274637465,46.171481471214754],[0.657874362124105,46.1711690368016],[0.654236830158284,46.17056878318328],[0.653051988596639,46.17025783469452],[0.652492697997359,46.169994934189],[0.651470954361121,46.16923689643341],[0.650683686758301,46.168938643998764],[0.649135001833556,46.16864715614648],[0.647059285666693,46.16876274445774],[0.646040893846285,46.1685632744277],[0.644669472701195,46.16813035476666],[0.641993697214303,46.167756839921594],[0.639842941212065,46.16699507550012],[0.638523907189611,46.16721451043815],[0.637731986818039,46.16705660812021],[0.637181611217954,46.1671911073944],[0.636213666625737,46.167176378474736],[0.634632021136249,46.1676218333093],[0.632322144664817,46.167905248049536],[0.630550568468464,46.168273716823215],[0.629585074078877,46.16874186072321],[0.628179902942923,46.16906208187365],[0.627392243717995,46.16895554727017],[0.626576131398642,46.16932678666018],[0.625109280376817,46.16885469805437],[0.625068960055958,46.16783944973143],[0.624435798754501,46.16695054459661],[0.623940025961755,46.166781620087804],[0.623620799668913,46.16678755599397],[0.621482713785303,46.16702569569144],[0.620228726270236,46.166521061288215],[0.6177903273701,46.16674743540881],[0.617528996581794,46.167390600482314],[0.617594534102252,46.16838926620172],[0.617302171307919,46.16852277415097],[0.616989000713485,46.16818017198446],[0.616770604473154,46.16762604459115],[0.616499081806005,46.16620594192434],[0.614908583933607,46.16413833849426],[0.614811361359388,46.16452548476099],[0.615194242470674,46.16597765986974],[0.611557177438249,46.16609855297219],[0.611371597380173,46.165774832651486],[0.608865705278953,46.16540770585485],[0.608346172287686,46.165963435563825],[0.608194217184727,46.16632600159954],[0.608221737118354,46.16667612973858],[0.608627058063894,46.16713421032017],[0.608922855949281,46.16733863366997],[0.609708067077058,46.1676191194026],[0.61102688825403,46.16767568658102],[0.611470117684456,46.16866338036833],[0.609175029770781,46.168722315237886],[0.60684472664837,46.16860748946119],[0.606683854447997,46.16846085783747],[0.606407330224114,46.1698054807291],[0.606424932240151,46.17070945355191],[0.606083873144914,46.17246262550289],[0.605892615392063,46.17414057479585],[0.6054822013388,46.17543192452578],[0.604386315236528,46.17795656994807],[0.607812155253408,46.179307114578044],[0.606063343326157,46.18044866292233],[0.605691597331878,46.18091290223334],[0.605353273043991,46.18194811372984],[0.605270338062216,46.18283735517748],[0.605417603118686,46.18341523166793],[0.606014735764787,46.18373051376437],[0.605874103547798,46.18409962240229],[0.604743952084421,46.18568301273039],[0.603382397458672,46.186267821809984],[0.601019051965333,46.18763237428155],[0.601113589591514,46.18784337848282],[0.599663364912076,46.189088435172046],[0.599390090803203,46.19023401444049],[0.596831553479618,46.190274542145616],[0.598635913014835,46.1929406047868],[0.595708740105901,46.1941958447009],[0.596302013149696,46.19522190564967],[0.596911115390188,46.19576901831116],[0.603231473111879,46.198770017342135],[0.60167801439378,46.199344460176384],[0.604647542336852,46.20083409186986],[0.604754962900279,46.20101833656522],[0.605915308479918,46.20192926133401],[0.606485844399153,46.20268001031124],[0.606508458537145,46.20314264661314],[0.604761080245394,46.205955384503895],[0.6033117553445,46.209069876207714],[0.602990742504601,46.21350183202395],[0.602773739749677,46.2148431983198],[0.601424936638011,46.21592015738937],[0.60076928528315,46.21684506172366],[0.600274938999532,46.21725715204786],[0.598084301560763,46.21832081051823],[0.597212506824534,46.2189636536762],[0.596111485113562,46.219091736245545],[0.593181428763063,46.219670302029044],[0.591612996217462,46.21989025016476],[0.59164996860719,46.22214959165883],[0.591917873016689,46.22272823743958],[0.591073362881324,46.223249091508904],[0.58813403734254,46.22577148270253],[0.587797012299675,46.22717604837956],[0.58777808418568,46.227458530089855],[0.588103552022454,46.22835101854757],[0.587855454732698,46.229416028403655],[0.587696544985641,46.22978202794353],[0.586280040795297,46.23152585355077],[0.587223148677786,46.2322188359065],[0.58682721828283,46.23251313990732],[0.586821756363442,46.23302023165815],[0.58495144745913,46.23289315068861],[0.583186042744552,46.23303673678035],[0.581130173190621,46.23334889469361],[0.579803293324237,46.23364499677041],[0.578273849092437,46.234117853160555],[0.577516795800884,46.23415128313879],[0.576660003774439,46.23470781099533],[0.576693823980514,46.23488240614558],[0.577977413029279,46.23621245119585],[0.578201540054954,46.236634341639515],[0.578381703232883,46.23746340530166],[0.578354351213111,46.23781777930788],[0.578739569513246,46.23853138677265],[0.578834668057593,46.23917034986284],[0.580383259413883,46.241617718064916],[0.581089672369698,46.241410216825265],[0.581287452533949,46.24178289109472],[0.582395243891458,46.24142445465669],[0.582470372271781,46.24157560094441],[0.58440594811943,46.241524822774785],[0.584475829750868,46.2418245049999],[0.585212078945611,46.24205905364513],[0.586383956232031,46.2422199571544],[0.586982444314712,46.24490382307908],[0.587807608944286,46.245302401545786],[0.589555718795775,46.24570791817177],[0.591815380666029,46.245879191407404],[0.594949387486691,46.24580404094076],[0.597416127065739,46.2455768786799],[0.597884294046611,46.2455903674178],[0.600910558294628,46.24583980368889],[0.602580779827408,46.246306538125616],[0.602851553830304,46.24643926945476],[0.604398622189862,46.247822293981606],[0.606392513248527,46.24884803237319],[0.607415667234396,46.24971278725156],[0.607795529632665,46.250173022281366],[0.610421187925738,46.252110155948486],[0.611440337691122,46.25235497436058],[0.611914909352051,46.25255051856868],[0.614290686463188,46.25486338948341],[0.614746980351828,46.25547925365186],[0.61452296558836,46.25570248319259],[0.612874556138489,46.25681204790282],[0.610766206651607,46.25842994719855],[0.608751430775614,46.259538069434925],[0.607471206838516,46.260628269013154],[0.604958848861701,46.26224027557167],[0.604852388304524,46.26241731286464],[0.605790546641588,46.26347848403366],[0.606889469327142,46.26436915478763],[0.60773854922428,46.26491402607271],[0.608493771268663,46.26522899306538],[0.609245609632812,46.26511596050697],[0.61223952785901,46.26523916818551],[0.612452624939497,46.26508868540492],[0.614930003656436,46.26433703294632],[0.615373979523063,46.2642535441965],[0.616931393095902,46.264253731736304],[0.62057133171278,46.26577040456893],[0.622827700072752,46.26633736355985],[0.623095876402202,46.26635377479561],[0.623526756345486,46.26570422421956],[0.623751712083076,46.265728740409074],[0.625537901257116,46.267103832018904],[0.625872388159881,46.26723873498694],[0.625899886444855,46.26738345017648],[0.626080724306292,46.267526859105224],[0.628524809054604,46.268591301778116],[0.634373734841893,46.27248320046201],[0.637930057188809,46.27442547622747],[0.640798618922489,46.27575159726771],[0.640928427832828,46.27445792192438],[0.640909384318873,46.272880087303996],[0.64262808138315,46.27110132176266],[0.644151950175404,46.26980227204664],[0.646571836964113,46.26853884922391],[0.647208096456031,46.267879947646676],[0.647627016850231,46.26689764053845],[0.655410890639334,46.26785912114431],[0.655707341976727,46.267943603242145],[0.655802409988239,46.26827167790437],[0.657362942014254,46.26820110603436],[0.658939837171381,46.268264178731926],[0.659638942341998,46.26801549999126],[0.659515676770278,46.26758685220616],[0.660755871075508,46.268263677947964],[0.66109043244471,46.268216500656564],[0.661126619045383,46.2683424655801],[0.662342734660709,46.26885391877294],[0.662611116910114,46.26850088290666],[0.662120391613568,46.26828090161825],[0.662070493780564,46.268171772017595],[0.664451335692858,46.26738554008826],[0.664610924214726,46.266963602957894],[0.668538499449099,46.265938751298606],[0.670863249992895,46.26558095506324],[0.67238738555584,46.265508533555284],[0.671337664251022,46.26386369435545],[0.671150402967739,46.262983316226446],[0.67384262053257,46.26256361346396],[0.675694953360819,46.26259064620738],[0.676067233761452,46.263061294695895],[0.67820844943555,46.26258609486851],[0.678427006972617,46.26337430812765],[0.678994165134335,46.26329308599208],[0.679082617091159,46.264178640709076],[0.679885996069653,46.26597152983964],[0.680221441167912,46.265872064680124],[0.679558834755914,46.26455770606927],[0.67975980043636,46.264535677862064],[0.679613631739329,46.263939026545934],[0.679593724365969,46.26309090454928],[0.680006366115647,46.26291644044492],[0.679847682095292,46.26240061224737],[0.68022173236703,46.262309141411734],[0.680304645387448,46.26157842628117],[0.680535503104204,46.261065132685694],[0.681277147529482,46.26048206920308],[0.681514447289029,46.260061694395056],[0.682280490310548,46.25942326811042],[0.682843766025812,46.25820505494422],[0.683248206860473,46.25776285561473],[0.683631992394052,46.256918448075616],[0.684068546282781,46.256422847749846],[0.684064216766989,46.254467879284825],[0.684254516837013,46.25359160533194],[0.684472024210026,46.25308524004815],[0.685617966121951,46.25199688322381],[0.686797326244752,46.25137674447016],[0.687377800786667,46.25073091110101],[0.687878693797108,46.25006273807701],[0.688062908776276,46.24951334954778],[0.688006651469647,46.248815837279125],[0.687438071255014,46.247181823290354],[0.687313487159777,46.246503641502045],[0.687746409822528,46.24532239602039],[0.687787502567123,46.24487189716964],[0.68767085831994,46.24465151702085],[0.68724132887671,46.24439955284348],[0.685711504735876,46.24391440866654],[0.684965134156215,46.2435713087959],[0.681663450248968,46.24292301983528],[0.680237458698094,46.2424101872325],[0.678409115822673,46.24149634748929],[0.678194117230861,46.24133070437522],[0.67783711385118,46.24077839189969],[0.67762201365749,46.23988033824761],[0.677653121250035,46.23868732046448],[0.67744738173504,46.23763000313994],[0.677528124335066,46.23655240897434],[0.677789958777258,46.23582714839006],[0.678232272615996,46.23500917788776],[0.679118167013504,46.233955220215606],[0.679254468014829,46.233679632201884],[0.680355771198193,46.230388696181095],[0.679610718613526,46.229805050889894],[0.679336586083883,46.22904452905911],[0.679273023576938,46.228400010793116],[0.678888893871841,46.22763183794875]]]]}},{"type":"Feature","properties":{"fid":2492,"ID":"COMMUNE_0000000009748787","NOM":"Saint-Germain","NOM_M":"SAINT-GERMAIN","INSEE_COM":"86223","STATUT":"Commune simple","POPULATION":883,"INSEE_CAN":"12","INSEE_ARR":"2","INSEE_DEP":"86","INSEE_REG":"75","SIREN_EPCI":"200070043"},"geometry":{"type":"MultiPolygon","coordinates":[[[[0.937684878803364,46.59442604035587],[0.937549341295294,46.59276173126404],[0.936283596808014,46.5890305716579],[0.934539865120078,46.587847081635395],[0.93445431373362,46.58769151129393],[0.935213654097678,46.58634148066554],[0.936989278167418,46.58613118588567],[0.937462784783012,46.58587489765607],[0.937716944552962,46.58533902977475],[0.940051081054279,46.58210684662817],[0.941243513036985,46.580974442899276],[0.93739912902052,46.57810843971254],[0.936288264656878,46.577192179792206],[0.933976698191476,46.57476981677001],[0.932411972027846,46.57332289138254],[0.932274444280955,46.57316097519588],[0.932256634504078,46.572873315281065],[0.932048101832007,46.572861441680985],[0.931827941211282,46.57274306948306],[0.930442844608137,46.57162452966585],[0.924810307112388,46.567424149004964],[0.919500582166207,46.564162519813216],[0.916913344000276,46.56280126303029],[0.913223772023149,46.561038832339676],[0.909809685835783,46.55952181130257],[0.905264437852753,46.55771285759745],[0.904919808814206,46.557506580838776],[0.904564663680261,46.55743792637683],[0.903651150589496,46.55742389850403],[0.894596386531516,46.55415815516852],[0.890216021557194,46.55273444243089],[0.885871219297307,46.55151028345221],[0.879565153485201,46.5504640105567],[0.876522178081357,46.550150861843605],[0.875228102624974,46.55008900714621],[0.874237298653916,46.54991747393052],[0.872655242112761,46.54977457498489],[0.871608664611549,46.54956054642497],[0.87016012107335,46.54937595834059],[0.867983204131778,46.54928767644267],[0.86769667487289,46.549369711997514],[0.867531402374393,46.54918918021719],[0.866113414658952,46.549724825845985],[0.86454586957654,46.5498117816036],[0.864916900776546,46.55070506415264],[0.86642413874886,46.55252481012129],[0.867754676603017,46.55492494006789],[0.867683740825831,46.55563612691172],[0.866958944456563,46.55643871655554],[0.866490158361018,46.55670561328605],[0.865374374554609,46.55712167944114],[0.864878944689809,46.557534898304915],[0.864682571645025,46.5578474046478],[0.864692077219428,46.558370929287975],[0.865064365700338,46.559366919986566],[0.865654742744065,46.56209555217413],[0.865957987170247,46.56225523832382],[0.866354203585368,46.56277516278325],[0.866964807550196,46.56408995584701],[0.867694229013984,46.56513943036078],[0.868572865452341,46.56584758511897],[0.870426957866186,46.566760344182484],[0.870828418622911,46.56708127950309],[0.870988333229738,46.56736709470751],[0.870955688481463,46.56800152773644],[0.869538403736443,46.56967580429934],[0.86876882363188,46.57125133107919],[0.86872563861463,46.57188736881945],[0.869036875717158,46.57261197447429],[0.870199534202583,46.57350915610809],[0.871166101686,46.5737433186199],[0.871761496436189,46.5740165118943],[0.872453119823065,46.574167184868244],[0.873164274226374,46.57418580407518],[0.874436470515704,46.57391938685292],[0.875868069682853,46.57385228009716],[0.876977770186479,46.57400077393594],[0.877242664931447,46.5741750297395],[0.877851694824792,46.5748700005748],[0.878433566931848,46.57616167008678],[0.878494429532301,46.5771473313095],[0.878323913334632,46.577735071404234],[0.878017705782588,46.57815095297966],[0.876757172046589,46.579321993195684],[0.87447089154834,46.58337533842888],[0.873990924551583,46.584057312095794],[0.873353317597868,46.584627363788165],[0.873056242286985,46.58504160105511],[0.872691015642831,46.58626345624221],[0.872475992368557,46.58882303084942],[0.872338965286894,46.58938706421184],[0.872167513684186,46.58979552665465],[0.871106291468813,46.59110532705747],[0.874575436163098,46.59230743029202],[0.875566361998798,46.59259604598136],[0.876540229058633,46.59275282558346],[0.87806598593676,46.592227140139066],[0.878930437075257,46.592140468364356],[0.879876312645043,46.592546211426104],[0.883546139418418,46.59336622808503],[0.886210140569772,46.59411351851415],[0.88727670092903,46.59454304434367],[0.887654181273366,46.594580633389064],[0.890906986096337,46.594467640708125],[0.895572706917635,46.59451293934405],[0.896701791504765,46.59471293186144],[0.898343683428524,46.5954393574003],[0.900092924618294,46.59602630877387],[0.899339025549085,46.59659977346112],[0.898046749542758,46.597206589701685],[0.899050399299482,46.59828789365165],[0.901988935176583,46.59789138577305],[0.902025814967688,46.59778216967839],[0.902709590542421,46.59770551903367],[0.905658623797299,46.59706860988462],[0.908108349608683,46.59684135549194],[0.909583296817954,46.59603419297456],[0.911527576088843,46.59651373483733],[0.911593439932364,46.59639783855832],[0.914660913891656,46.59532509688582],[0.915966368782103,46.59665404378031],[0.918938960700329,46.59614693270847],[0.920637437744949,46.595127513571256],[0.922157577621486,46.594602046423304],[0.922849290851287,46.5944524603648],[0.924090934437465,46.594375892269504],[0.927740009118288,46.59452484913171],[0.932484132962669,46.59450070512769],[0.93364020626019,46.594612545550724],[0.935130185287412,46.59487811685868],[0.936305832257426,46.59474978500347],[0.937684878803364,46.59442604035587]]]]}},{"type":"Feature","properties":{"fid":2503,"ID":"COMMUNE_0000000009749877","NOM":"Nérignac","NOM_M":"NERIGNAC","INSEE_COM":"86176","STATUT":"Commune simple","POPULATION":117,"INSEE_CAN":"10","INSEE_ARR":"2","INSEE_DEP":"86","INSEE_REG":"75","SIREN_EPCI":"200070043"},"geometry":{"type":"MultiPolygon","coordinates":[[[[0.713183152667667,46.28729837323103],[0.712203640303684,46.2877894816527],[0.711730228909151,46.28820337062566],[0.711698540648559,46.28840182263739],[0.712007120813649,46.28882241632903],[0.712046505843323,46.28909256308091],[0.711490095427605,46.28981287573966],[0.7118897026351,46.290449702163805],[0.71166898936262,46.29072453185738],[0.710860384891492,46.29104249687378],[0.710411752909136,46.291577593606654],[0.710578735744351,46.29193498660749],[0.711358502515197,46.29208939217131],[0.711934754298415,46.29241807246857],[0.712030652879244,46.292548821346145],[0.712124992874424,46.293307433888806],[0.712351422426575,46.29373538389887],[0.713412805911183,46.29455305438218],[0.714158037019922,46.29491304171882],[0.714229857382248,46.29506042142529],[0.714298388722775,46.29572212201354],[0.714055344827597,46.296904567785646],[0.713682495373093,46.297771811441336],[0.713623997482191,46.298798510071684],[0.71348908674149,46.2992588399485],[0.713156967317934,46.29964854703534],[0.712683154924545,46.29975884587823],[0.712558092385602,46.29992119027143],[0.712326614821984,46.30001743657513],[0.712554107404527,46.30032739490467],[0.713231802767095,46.300563514257846],[0.713969518655502,46.300638680730145],[0.714967618237059,46.30054790474903],[0.715770106897115,46.30072165100388],[0.716430133197216,46.3010078442708],[0.716898397823316,46.30050104395698],[0.71750958369061,46.300213310473985],[0.718269573414878,46.30019070269387],[0.718810594896153,46.30043215790363],[0.719077908030021,46.300411386904905],[0.719416988618896,46.299729026259506],[0.720858774686565,46.300281281157304],[0.72230276606738,46.30050024692374],[0.723448608059248,46.30029434019771],[0.724130639600348,46.30027103592414],[0.724342400605853,46.300460842077946],[0.724473311618965,46.30075082845562],[0.724842638183111,46.30090234245137],[0.725380693453358,46.301028397848675],[0.725588049715629,46.300886601299126],[0.726156638827682,46.3010285771532],[0.725931139170483,46.30138801777832],[0.726552055912097,46.30152202780573],[0.72831452575091,46.301428372702034],[0.729101506735251,46.301789090871246],[0.730441150499372,46.30173651826666],[0.73072621109278,46.30050443453879],[0.731337732681769,46.30067696767932],[0.730897485586767,46.30110691004751],[0.732394512061207,46.30255645830051],[0.732698937719965,46.302016605915014],[0.733025094403907,46.301861846588],[0.734554956434872,46.30233189850617],[0.734149552470104,46.3030192871199],[0.734207148412767,46.30357445284543],[0.733845845137096,46.30429514824556],[0.732056886984749,46.30643688688304],[0.731353446757372,46.30691203840347],[0.73135497646405,46.307031881394494],[0.731655355213464,46.30728019098105],[0.731724440678307,46.30780856153267],[0.732950631865538,46.30830141137853],[0.733832105725024,46.3088945908813],[0.73532658524008,46.30934500639542],[0.736008811688969,46.30947657798562],[0.740171532901806,46.30972138557556],[0.742302274135129,46.31053745836418],[0.743204196993121,46.310669736765966],[0.743568244710907,46.309659897966114],[0.743524385383323,46.3093365278192],[0.743620137713413,46.30896907934635],[0.743950761088365,46.30854862880923],[0.743989877359143,46.30835662336448],[0.744473906385791,46.30821937125398],[0.743669064618977,46.30570269457893],[0.743742966810488,46.3043835237972],[0.743582831550839,46.3031921405683],[0.743332927246426,46.30275928941836],[0.743675235869348,46.302653465629064],[0.745374855362499,46.302602442667926],[0.746194122085047,46.3024664146542],[0.746817178214078,46.30169771216243],[0.747284617726746,46.30133040657742],[0.747811067644357,46.300666087600895],[0.747676961454355,46.29921938690696],[0.747821922593544,46.29790792577295],[0.748075181273841,46.29721748401528],[0.748278782155834,46.29694405044653],[0.748655388818771,46.29666682993835],[0.747241216974395,46.295565962935655],[0.748114682487383,46.295310282481765],[0.745629411386129,46.29358554597287],[0.746114901685789,46.29347264101258],[0.746490157612663,46.29313324295132],[0.744928944914648,46.29156730178716],[0.745181326521578,46.29140294084452],[0.74470330852556,46.29117727246099],[0.74422076781471,46.291061415293235],[0.741351633630171,46.290584750707886],[0.739597989114049,46.28990765210384],[0.738966409761299,46.289814037352414],[0.737930840951954,46.28940250369909],[0.7355027338425,46.289230827582],[0.734714370202689,46.289283611521505],[0.734830473792665,46.28892738416986],[0.733409723695575,46.2876829694845],[0.732821932013162,46.288038813545995],[0.732270533621749,46.28851969645669],[0.731389607053979,46.2877021964611],[0.730212358186156,46.28770125718588],[0.729362291616603,46.28745639459968],[0.727965084702732,46.28740149890381],[0.727278833771999,46.28696710726246],[0.725986411644914,46.28720525287238],[0.724889772964784,46.28692210039655],[0.723972847272664,46.28700467135915],[0.723362563951743,46.28696274301642],[0.722232306828348,46.28711310259264],[0.720819774668039,46.28667765303878],[0.720164787227554,46.28699154988977],[0.719389282174861,46.28751563042092],[0.718886992854711,46.28753259473856],[0.71777328128178,46.28778413746204],[0.716797770031188,46.28783755050083],[0.715859296211358,46.28799980053992],[0.71559420499349,46.287999887777396],[0.713944898894974,46.28766500190189],[0.713183152667667,46.28729837323103]]]]}},{"type":"Feature","properties":{"fid":2600,"ID":"COMMUNE_0000000009749663","NOM":"Bourg-Archambault","NOM_M":"BOURG-ARCHAMBAULT","INSEE_COM":"86035","STATUT":"Commune simple","POPULATION":171,"INSEE_CAN":"12","INSEE_ARR":"2","INSEE_DEP":"86","INSEE_REG":"75","SIREN_EPCI":"200070043"},"geometry":{"type":"MultiPolygon","coordinates":[[[[1.026838623748983,46.34330734364642],[1.026445073042292,46.34336448416432],[1.02535160525889,46.34331852518036],[1.024786174515687,46.34374109012823],[1.023985110651041,46.34409741619475],[1.023963004097684,46.34431321356373],[1.023406327750827,46.34470890115788],[1.023127572968001,46.344756311079095],[1.022858900139508,46.344668782291826],[1.022526350474288,46.34490891955376],[1.02222897537233,46.345363144558235],[1.02186287982393,46.34563152207549],[1.021435083893996,46.34573579132723],[1.020068388724661,46.34583456497492],[1.019909404843248,46.34591467291904],[1.019520586820071,46.34637901272816],[1.019398985944022,46.346863306968736],[1.01905965489434,46.347541082907384],[1.018213539560112,46.34798936465687],[1.017659372592358,46.34845712930624],[1.016555014116247,46.34917473764874],[1.016205907885908,46.3495469800924],[1.015541406762837,46.350007410461764],[1.015336356873723,46.350065993110526],[1.015078258844245,46.35000925601901],[1.014665592383072,46.34965978382215],[1.013672096990325,46.34965148598243],[1.013303306686494,46.34988466071701],[1.01219669271344,46.35094807884613],[1.0109567864444,46.350847187141106],[1.009977384452878,46.35091566758893],[1.009367929011796,46.35118426217599],[1.008241867408128,46.34942253268214],[1.008084587803266,46.34859829493414],[1.00777237379785,46.34802806500013],[1.006375134893237,46.3470001958289],[1.004910073564609,46.34619270791997],[1.00416278203002,46.346567853705814],[1.003165548066322,46.34669901536267],[1.001965704537774,46.34650144369169],[1.001786615819269,46.346276718105905],[1.001321936039577,46.346143366593786],[1.000515385841081,46.34650213703169],[0.999796655378195,46.34694891569462],[0.998603655657868,46.347879179296534],[0.997107300705822,46.34778624346474],[0.997226847812434,46.347505505182966],[0.994072063618921,46.347164496945],[0.993275063989089,46.34694239450246],[0.993246897363132,46.3471427683678],[0.992770884973194,46.346857854436536],[0.991995133383396,46.34665953678347],[0.990125920524675,46.346414016878015],[0.98917871493297,46.34585595494057],[0.988697957978542,46.34580693944338],[0.988403839762237,46.34644759645885],[0.987757180325244,46.34708923662406],[0.987151300260701,46.347400112717224],[0.986985615726262,46.34773137013835],[0.98709335482033,46.348443974206724],[0.98754185025003,46.34933463937777],[0.987624324665497,46.349850430474426],[0.98730285621558,46.35183363857165],[0.987389431506125,46.35375739295888],[0.987525382125743,46.35412820430207],[0.988302571864587,46.35453735416654],[0.98833308330962,46.35501619685024],[0.988731585913748,46.355358310404746],[0.988890513526803,46.355988944347004],[0.990063706541715,46.357552634764716],[0.990135291750018,46.35797635334652],[0.990681323005212,46.358730004944036],[0.990575773910705,46.359088449064465],[0.990236923053453,46.35956438392088],[0.990158767432802,46.36002689795385],[0.98983804073811,46.36036353332709],[0.989840725623863,46.36082116692607],[0.989614746878117,46.360916266669314],[0.989495976821982,46.361244751703964],[0.988996908426485,46.361583644880064],[0.989046953665817,46.36255734871682],[0.988903753516076,46.36294845559162],[0.989011587382879,46.363412447347244],[0.989348667298475,46.363586833399275],[0.990397087547985,46.36532846770807],[0.989610756059765,46.365693828006],[0.989552106882741,46.36608552535649],[0.989414944031043,46.3662416409128],[0.988663818262243,46.3665337533511],[0.98780803617566,46.366734839156535],[0.986751191842656,46.367095406993954],[0.985970336856218,46.36759325149175],[0.985571044579182,46.36808251835578],[0.984062551782998,46.36950338597714],[0.983522807017625,46.37016581175302],[0.983562419779394,46.37039710697082],[0.98388633023131,46.37085861844585],[0.984302794883372,46.371210070359176],[0.984604199544936,46.371823410331125],[0.984643327880415,46.37252669497318],[0.984225900300324,46.373788489722],[0.984677548393172,46.37420992004911],[0.984957352054574,46.37435087848181],[0.983541099902592,46.37499511386635],[0.983344398593638,46.374859224368706],[0.981001497730285,46.375996871946214],[0.980010287591787,46.376300893901174],[0.978229825699077,46.3761630585592],[0.976498402908184,46.376669209628474],[0.977009770640907,46.37832397276943],[0.974371567819141,46.37843208384541],[0.973673725746504,46.37857912412561],[0.972575769673122,46.378986575902694],[0.970886730566809,46.379819473899225],[0.970445209097582,46.3797927029498],[0.967520454947611,46.380044184417315],[0.964783402276999,46.3799728634289],[0.961673103148089,46.3802776332588],[0.954319093385005,46.3793830341988],[0.953580078117546,46.379168006041446],[0.95120803982952,46.37797153966742],[0.9488822618254,46.37880438868952],[0.947355209031198,46.37926513678793],[0.94534103786224,46.38028818052132],[0.944894155572697,46.380438665913026],[0.943702843073801,46.3814521830381],[0.950079802841556,46.38847856044768],[0.954632480466268,46.39051583877935],[0.95565070170867,46.39113580074558],[0.957840037500325,46.392849533323606],[0.961823932250112,46.396679660547555],[0.962074640140559,46.39679943636555],[0.96260916536926,46.396849516277115],[0.963312743345291,46.39669543561463],[0.966006102441033,46.39635434924155],[0.967117477793094,46.39545717867222],[0.969837431921838,46.39457331760953],[0.971122424360398,46.39425658701024],[0.971330026939011,46.39455572821924],[0.973363477038542,46.39599615104592],[0.974910926019144,46.395623688034824],[0.976062182634638,46.396772767324734],[0.976305948514151,46.3967644802647],[0.976831304752161,46.39642970626969],[0.977175884604298,46.396441220068425],[0.976894903593762,46.397102800743326],[0.976946222082357,46.39754508288724],[0.977607070844923,46.39850890033485],[0.978504152249032,46.3995633714735],[0.981066246698379,46.3988998343235],[0.981428973912783,46.398737809729525],[0.982697727785274,46.39850893545096],[0.983916710789437,46.3986052421255],[0.985064493487263,46.398443562660354],[0.988667860803035,46.39849092108247],[0.994220421903001,46.39803739678635],[0.995210338100019,46.396961277469195],[0.995141901040187,46.396733084896816],[0.996195341329209,46.39587605626886],[0.996545911319277,46.39575970967282],[0.996527524519476,46.39565760160047],[0.998090049667782,46.395117551745855],[0.998413046617519,46.39522049969997],[0.998762583038157,46.3955229787486],[0.99916432960527,46.39543094140939],[0.999590928765659,46.39526457586139],[0.999636098447987,46.39488434906951],[1.000870345614958,46.39506000948568],[1.000962844820237,46.39367086729353],[1.004289741702618,46.394435296875514],[1.005653303194081,46.39352956282695],[1.008111432011494,46.39487859168306],[1.009128328416796,46.39558901665131],[1.00971798755933,46.39627036262805],[1.010008107462334,46.39720499696726],[1.010519062519433,46.39793901055036],[1.012499659929839,46.39635487869632],[1.011253559364306,46.395752183171595],[1.011281239063916,46.39563556811354],[1.01610284592279,46.39346402832013],[1.016677277359121,46.3941720951105],[1.017770309727018,46.39203379690685],[1.017869515562067,46.39199048299034],[1.019144029677984,46.39234769587381],[1.019260977729747,46.39217408030981],[1.018323228180705,46.38845481916302],[1.018252510137417,46.38767714521542],[1.018672735619013,46.38689358651572],[1.019314374264614,46.38617782392403],[1.021613244060535,46.38423246410705],[1.020674628221267,46.38330282324359],[1.021431753157577,46.383134006264726],[1.021864499552768,46.38214618396586],[1.022326897359694,46.381453419020765],[1.023306253576006,46.379494151880564],[1.026343749542201,46.37218493406222],[1.027332158081625,46.37198495353002],[1.027806929622094,46.37173825249679],[1.029691049497665,46.3712736043776],[1.031113370501824,46.37076762679025],[1.033072510556353,46.369879967141756],[1.03964333544608,46.36775384822312],[1.039850192539185,46.367609681574365],[1.040438961230146,46.36653980621725],[1.042548843956022,46.36524924355092],[1.045709698538126,46.363601048869754],[1.046144205137572,46.363457169426596],[1.047365490107266,46.36325110068271],[1.05007747917458,46.3629813453122],[1.050949590183168,46.35968692547816],[1.050983873478692,46.35894439847257],[1.050902134754507,46.35809900498421],[1.050549018437527,46.3576038647543],[1.049846107241204,46.3568856619807],[1.048963429497134,46.35661204832758],[1.048840981723252,46.356434307966985],[1.048623908945697,46.35639276189668],[1.048538249130161,46.35627780211264],[1.046231404021933,46.35563119512306],[1.044187785920117,46.35439186182636],[1.043316980006991,46.35371577348173],[1.042454920559754,46.35286868646277],[1.040977520975332,46.351769620726],[1.04034150248725,46.35118671609579],[1.039412751954789,46.3502429787592],[1.039069843379787,46.34979391350678],[1.039116399530401,46.34972895970468],[1.037962865163428,46.34906958240542],[1.037176350083292,46.348839864159544],[1.036756190453745,46.34840567480012],[1.036175913603322,46.34812005141604],[1.035854684527213,46.347647929679255],[1.035283452145801,46.34714717836518],[1.03478996054404,46.346836020699904],[1.034556555657436,46.34677975343355],[1.034389635482521,46.346466117033984],[1.034143477234169,46.34629433308325],[1.033886580266708,46.346240361526895],[1.033182278141572,46.34629396714512],[1.032103652916314,46.34615915588321],[1.031911982596848,46.34581085980679],[1.031540525531341,46.345615288774695],[1.031299611739921,46.34508148743227],[1.030918048770866,46.3448055729233],[1.030573623703524,46.34483475232812],[1.030222361928065,46.344692669962406],[1.029810076998295,46.34407843920915],[1.028846610506869,46.34338441855288],[1.028352609127185,46.34319752652166],[1.027326054969387,46.343387839930934],[1.026838623748983,46.34330734364642]]]]}},{"type":"Feature","properties":{"fid":2651,"ID":"COMMUNE_0000000009749217","NOM":"Lhommaizé","NOM_M":"LHOMMAIZE","INSEE_COM":"86131","STATUT":"Commune simple","POPULATION":912,"INSEE_CAN":"10","INSEE_ARR":"2","INSEE_DEP":"86","INSEE_REG":"75","SIREN_EPCI":"200070043"},"geometry":{"type":"MultiPolygon","coordinates":[[[[0.538240360938443,46.46665104716172],[0.538399722037427,46.46756888699315],[0.535569484578135,46.46917722286928],[0.5361022160294,46.46947790010822],[0.537084311537869,46.47039546455843],[0.537505353861182,46.47057120560042],[0.537848107441925,46.47060381779048],[0.536534640576182,46.4729232293952],[0.536903624607036,46.473559106481474],[0.535612733460288,46.47520332628056],[0.5353309531146,46.47560985697181],[0.535248281196977,46.47590987254828],[0.536785702744698,46.47686283736211],[0.53717010691017,46.4769558074347],[0.545118073028332,46.4757421784988],[0.54780375904837,46.47546471938888],[0.548861590267882,46.475081117263315],[0.54975880102753,46.475485941145024],[0.550541197611368,46.47568920036827],[0.55249431052552,46.47598600495579],[0.554459700945712,46.47618394108007],[0.55690724335316,46.47618585083121],[0.558528968958142,46.47593403374126],[0.559804275940041,46.47602163629978],[0.562842310483184,46.475327934769915],[0.563657386659806,46.47477145557099],[0.564275183573121,46.474456706261975],[0.565385337271803,46.47418307615263],[0.566643232625439,46.47360808416376],[0.568847310240692,46.472750520191376],[0.570066031752553,46.47238005905252],[0.571798410486388,46.47209887977558],[0.574172765335202,46.471103396715606],[0.574343916856243,46.4704800186485],[0.574312424982664,46.47033791197705],[0.574137847568362,46.47024681995845],[0.574360481597539,46.46999029199816],[0.57450548763577,46.469896075633926],[0.574912689996702,46.47023894607084],[0.578136778865705,46.467780373534794],[0.578478724584083,46.46756690685357],[0.578898311133494,46.467572196274794],[0.579205724144701,46.46749042472152],[0.580423100224754,46.46667569561063],[0.581077048052746,46.465747226237305],[0.581219325180577,46.46521421660268],[0.581263995714932,46.46426563734031],[0.581607070626545,46.4638494883366],[0.582146989783765,46.463815873493054],[0.582612447761092,46.464168057663734],[0.583073846232754,46.46434718550191],[0.583284386214097,46.464067863508276],[0.58449595587435,46.46358719590028],[0.586571929239561,46.46336981985223],[0.587554282646731,46.463354534880416],[0.588638243304632,46.46307562812869],[0.58925177766784,46.462644446196364],[0.589880932541962,46.46244961997115],[0.593127813316093,46.462137008353736],[0.594885334735011,46.461807370629835],[0.595022797967683,46.461823777920436],[0.595721182192725,46.46236458918614],[0.59772174629272,46.46305800885142],[0.598192833388828,46.46313638090755],[0.598366025633241,46.463348123630745],[0.599887363047161,46.46308281022267],[0.601255329560839,46.46265840568819],[0.602724329173986,46.462485646669755],[0.603752590340934,46.46264145074242],[0.604313327212224,46.46254871096794],[0.606307571469427,46.46199233963905],[0.606329338201513,46.46131804457019],[0.605497411231029,46.46016461179279],[0.606607964137813,46.45871136112421],[0.606943772343427,46.45904991696368],[0.607558658615306,46.45822679057075],[0.608308931862402,46.457645226466774],[0.608789100589343,46.45751564495545],[0.609847783107121,46.45742159123792],[0.610089422397448,46.45732124577202],[0.611049080518322,46.456511621255174],[0.61219519659353,46.45647432788875],[0.612794659818274,46.45606074775654],[0.613367374030484,46.455811464524224],[0.613470307652116,46.45554425584097],[0.613714079898349,46.455603401146625],[0.613941391791228,46.455979307454996],[0.615100387468572,46.45645214508085],[0.614846105562938,46.45696123057118],[0.614927458243935,46.45739624640264],[0.615621964718804,46.458267470570355],[0.616199472928574,46.45859482762953],[0.61815605959989,46.45773027355343],[0.61839568676811,46.45770554158584],[0.61971438582736,46.45813481547384],[0.620623160629401,46.45816005570078],[0.62753793713398,46.455654449353304],[0.629361100092276,46.45491395903712],[0.630656337150689,46.451741873345014],[0.631638140834557,46.44879119318766],[0.631029459369446,46.4483416503284],[0.629665723507162,46.44760257244495],[0.629305405056558,46.447526627596005],[0.627726415046967,46.4467335093351],[0.6293629448947,46.44524233104687],[0.63034762278489,46.44450514176848],[0.631176335935934,46.44438810667132],[0.632331646147003,46.443982354598674],[0.633079106967573,46.443004198181015],[0.633908916852374,46.442350252461324],[0.634493975317541,46.4414497999838],[0.634767443219211,46.44124376206601],[0.635453895224052,46.441100327872384],[0.632946791878854,46.440196168004455],[0.633506891762036,46.43993121240995],[0.633458268875828,46.439640126766726],[0.633931143140006,46.43865177008712],[0.633992832759427,46.4377999309821],[0.634440794284384,46.43690474597787],[0.634959705911836,46.436717305713806],[0.634545937476396,46.435952009280925],[0.634372598910592,46.43514124443447],[0.634402885157701,46.43471306093134],[0.634670660494302,46.43382585299913],[0.634736663661751,46.431911984314176],[0.635198036985392,46.43058556093051],[0.634612326570757,46.42997074915934],[0.635348245172242,46.430035541855574],[0.635375203323736,46.42983430673556],[0.635902290222167,46.429727209644035],[0.636311966170701,46.42950326963859],[0.636903412311524,46.42893265502393],[0.638374504865932,46.42627852428847],[0.637515250704095,46.42518151058143],[0.636778184605282,46.424542856380505],[0.635484172489024,46.42386023078868],[0.63379645797814,46.42333518868051],[0.633228105257632,46.42295315031203],[0.633130729801672,46.42261510845978],[0.632764748240482,46.422222849635865],[0.632656286565759,46.42178007691262],[0.631891054216386,46.42044173238521],[0.630468169941058,46.420450940777805],[0.629416457524485,46.4209119681122],[0.628806130404378,46.42086776078911],[0.628075891898906,46.42130482433332],[0.627465049168459,46.42148221263838],[0.626344700337934,46.42157333093122],[0.624541559701958,46.42133943140259],[0.621669237522141,46.421666994193934],[0.618702969373772,46.42116102202151],[0.618066775651727,46.42111261405798],[0.617598530786787,46.42049925834787],[0.616461016894767,46.42050614027646],[0.615278528562423,46.420111183246384],[0.613792066053642,46.4200251646431],[0.611068500292198,46.41814392583434],[0.609943078947423,46.41858972058605],[0.609555563794194,46.4182771099981],[0.609124340419377,46.41717801991262],[0.608910636971987,46.41712039157457],[0.607311795955442,46.41698508683035],[0.605933649968812,46.41668862781383],[0.605229138000173,46.416654929688576],[0.604418199051299,46.41649377166843],[0.60279449803828,46.41642094261985],[0.599587542469177,46.4164517368166],[0.598108001134692,46.4165070948378],[0.597797265525077,46.41664199313674],[0.59611441081568,46.41841552673985],[0.595383183457922,46.41889921101973],[0.594330433815066,46.41928872952237],[0.592236285395985,46.41966168084705],[0.590568248421156,46.41961747340315],[0.589264999473076,46.419837697759895],[0.588250537097643,46.420184727782264],[0.586809874229291,46.420477695128326],[0.58351923234053,46.4218927326212],[0.583137688491609,46.421565742116506],[0.580775072293456,46.42114362767866],[0.579699074459308,46.42105505291185],[0.579180285668631,46.420856667437576],[0.578737303642034,46.42050583632297],[0.57752060595615,46.419214276968084],[0.576844535269195,46.41865669228525],[0.575397194285505,46.41701697360115],[0.575105574885572,46.416808078872066],[0.574033197414321,46.41713843790213],[0.572232933487938,46.41807762163951],[0.571692656284823,46.417777844412775],[0.571420107845221,46.41772610025754],[0.569405659282074,46.41773997545892],[0.568675516333653,46.417550552934095],[0.568153809250823,46.41750700639767],[0.567311014042877,46.41762417963415],[0.566546292649963,46.417801569125125],[0.56646280399663,46.41827185505277],[0.56629740432597,46.41853409078149],[0.565270865921736,46.41722122299452],[0.563514556314982,46.41615042271098],[0.563608879205035,46.4158173049682],[0.563328606486931,46.41544285735489],[0.563111022693353,46.415327402253446],[0.562843072659247,46.4153189781168],[0.562306364616006,46.41485346692016],[0.561921314443395,46.41463803706547],[0.561282972586735,46.414436112523944],[0.56077170375368,46.414538698978376],[0.560681106983346,46.414467394008916],[0.560766188955828,46.4141665128213],[0.559940301336573,46.41352724293537],[0.560509985546406,46.41226285739089],[0.560508580509647,46.411973640983945],[0.558287739407264,46.412180199131654],[0.556878529252421,46.41212031076866],[0.55618018569894,46.41203779184149],[0.555325932175692,46.41183030824519],[0.554853063139559,46.4118318894712],[0.552576176431447,46.4128524459151],[0.552214701373175,46.41292577409372],[0.548813940468519,46.41304017010707],[0.548459579411455,46.41327399885404],[0.548022032349472,46.413416850633055],[0.548292692890977,46.41739651769491],[0.549562443644724,46.417809368873435],[0.55382245125662,46.418816957729746],[0.556728249230676,46.41923324738111],[0.558127187987617,46.41964336086433],[0.558588839327088,46.421612675731424],[0.558637583675066,46.42305694641533],[0.558161053775881,46.42398277976854],[0.557289719469457,46.42514250352791],[0.560987088049134,46.42578281708005],[0.558763241943178,46.43058837846234],[0.563172662841947,46.43192310635855],[0.564642128327955,46.432162566989],[0.565017364127171,46.432338135860256],[0.565561756394443,46.43281099991329],[0.566273053421668,46.43293066774394],[0.566728719771213,46.432705248665286],[0.567433958788026,46.43328243068955],[0.567715915560496,46.43362176598558],[0.568309802105595,46.434651517419965],[0.570063367095855,46.43617981782409],[0.569519038053241,46.4365231808816],[0.570374741573211,46.43755669086303],[0.570844283705328,46.438308109760754],[0.571403648024254,46.43891549355169],[0.572098145851631,46.43862396237868],[0.572481791761724,46.43919787481176],[0.571914914341665,46.439491221422934],[0.572048514183707,46.43982738956249],[0.572655519386732,46.4397745305006],[0.572860837821258,46.44037347852011],[0.573084794592386,46.44058273943339],[0.573520377817955,46.44060460894496],[0.573584662636148,46.44082939416859],[0.573491843339568,46.44218415253448],[0.573157516634823,46.443167118694255],[0.573001665994621,46.44336019898744],[0.571792456701027,46.44294621122581],[0.571672214555585,46.442983293162435],[0.571520467778342,46.44352329918838],[0.571918386461595,46.444274990131525],[0.571180268348705,46.44449082036866],[0.570705734686438,46.44449423962221],[0.568839629891687,46.4449590212747],[0.568668436639557,46.445115734003416],[0.568565212063579,46.4456189325947],[0.568100859205303,46.44571534915886],[0.567622936203896,46.44623308905089],[0.567522560320949,46.446496712116875],[0.567689110571281,46.446707463165744],[0.567064245091336,46.44689595068226],[0.565970554576714,46.447017687513615],[0.566107082322716,46.44798904921629],[0.563402136700712,46.448205237610935],[0.563762480984444,46.44862913475098],[0.563431551721261,46.44885990860558],[0.563921968390105,46.44931901206313],[0.561768477579019,46.449384765460955],[0.561211316062454,46.449661152560104],[0.561068041404861,46.44965899377484],[0.560680976819226,46.44939577596095],[0.559590854401367,46.4492031195276],[0.558972506210559,46.44874937023968],[0.557008789693059,46.44885602619087],[0.555853626268625,46.44944661636855],[0.555821743458328,46.449983764597796],[0.554856489250316,46.44912797817124],[0.554185116797621,46.449828907886356],[0.553921296116901,46.45042234897844],[0.554179075617871,46.45147560395258],[0.551084492770571,46.452846209411604],[0.550601728492172,46.453176393363506],[0.552574642557454,46.45420516168477],[0.550642375358722,46.454942108524946],[0.549854636231022,46.45532881136421],[0.55024420992651,46.455710136223345],[0.551572131661664,46.456502564400644],[0.55228079894156,46.45703576465966],[0.551898253138867,46.45728161678754],[0.549410554192778,46.459672384178035],[0.548530746813847,46.46030755136932],[0.547576523388932,46.45987175788291],[0.547390644544128,46.45968578705489],[0.542940885245766,46.46097032225415],[0.543578359398321,46.46181015014736],[0.542159186512187,46.46182737022045],[0.541714811642025,46.46202591390513],[0.540438803459314,46.46317591268214],[0.539393120773506,46.4632939322442],[0.539636573281333,46.463792865155725],[0.539690708557093,46.46415348719936],[0.53900360995447,46.46522336145382],[0.539183244850851,46.46572092023846],[0.538782106221434,46.46602939265458],[0.538240360938443,46.46665104716172]]]]}},{"type":"Feature","properties":{"fid":2691,"ID":"COMMUNE_0000000009750356","NOM":"Mauprévoir","NOM_M":"MAUPREVOIR","INSEE_COM":"86152","STATUT":"Commune simple","POPULATION":590,"INSEE_CAN":"06","INSEE_ARR":"2","INSEE_DEP":"86","INSEE_REG":"75","SIREN_EPCI":"200070043"},"geometry":{"type":"MultiPolygon","coordinates":[[[[0.508678819780821,46.13194013862417],[0.5077933637895,46.13203422386287],[0.506622787898486,46.131929240712026],[0.505558919342073,46.13258427797036],[0.504631026368892,46.13295579622391],[0.503134061669535,46.1332454219124],[0.502049805365795,46.13363510351368],[0.501796856681952,46.13386828693288],[0.49870895501256,46.13485800609298],[0.497193599152644,46.13517958397853],[0.496849143222167,46.13517379262884],[0.492717835819033,46.13590790252354],[0.491940816021713,46.13646283997559],[0.491915850246606,46.1358748744232],[0.491707176768021,46.13559187380924],[0.491488907769277,46.13489512835439],[0.491412835107771,46.13400782153251],[0.491283503569838,46.1338887424588],[0.491071539677294,46.13384802118128],[0.490535139740581,46.13387400661434],[0.490499728846708,46.13362816760158],[0.490159436292401,46.13302151900237],[0.489707731404498,46.13247096724359],[0.489691889966861,46.132194027530424],[0.489388304485088,46.13194676309013],[0.48903481822488,46.1318272290535],[0.488843032853336,46.131459006330545],[0.488440399330777,46.13113927481814],[0.488262907402649,46.130713706768795],[0.488254123056453,46.130424309570735],[0.488381851268933,46.13021000789679],[0.488250782144129,46.129959348806565],[0.488152645808025,46.128819285888575],[0.487972490711147,46.12859366769188],[0.487808169967204,46.12790891823121],[0.487899156744955,46.12750640782192],[0.482185847033048,46.12869882655187],[0.48025921398475,46.12832723680105],[0.479742597296061,46.12831847234724],[0.478636330152664,46.128480404766584],[0.477591979507799,46.12873289603097],[0.476015437822056,46.12942762540041],[0.474905556234519,46.12972368316569],[0.472142987950713,46.13019917235886],[0.463460016055807,46.13290927971922],[0.457908671248572,46.13494470979858],[0.458192493431907,46.136091671945096],[0.458796349713961,46.13757644598121],[0.45894056863558,46.138548198843566],[0.458885884237555,46.13883347838583],[0.45964548015324,46.14059472050138],[0.460288756720898,46.14162178093854],[0.461996997667031,46.143443859061975],[0.464355341113914,46.14340194224124],[0.464622555939897,46.14457554146909],[0.464948258220012,46.14512878901078],[0.466469751864527,46.14639704502476],[0.468925217229799,46.14728697725694],[0.47301338201365,46.148219501214385],[0.473989316507513,46.14850428868391],[0.474968094318467,46.149093650949055],[0.475315812769663,46.14942482121585],[0.475436821582144,46.14972482367941],[0.475127049036371,46.15051257292118],[0.475190930948803,46.15064553133548],[0.474683567951815,46.15102255969552],[0.474376891582166,46.15109502384214],[0.471898541411155,46.151258815571744],[0.471628340633611,46.15290243729768],[0.470445382806565,46.15465997606451],[0.466727101160579,46.157498888030595],[0.466249040922319,46.15737921036709],[0.46513785814818,46.159008563465015],[0.463055250338584,46.15898909865779],[0.463146752044138,46.15925331895177],[0.462169054318816,46.16141358410407],[0.461497323063621,46.16402124488531],[0.461465993085221,46.16525845192438],[0.461372522326529,46.1655689933705],[0.460049662042021,46.16781432827123],[0.460201853715198,46.1685601147553],[0.458611331485682,46.17070214866783],[0.458444528154631,46.171391249587685],[0.458570731643792,46.17185806285655],[0.458584965607902,46.17261427989351],[0.458758729142696,46.173062335666955],[0.45958407521959,46.17327449679143],[0.460141363042403,46.17333830975584],[0.460882045258063,46.17319449493637],[0.461934525648644,46.172786454570115],[0.462268383103361,46.17274616140314],[0.464085565718209,46.17324441624751],[0.465619337110724,46.17328134074086],[0.466102876694209,46.17336960684031],[0.466667535048346,46.173638968325996],[0.467458115070803,46.17421157660938],[0.467803475303217,46.174680559307795],[0.46903284952668,46.175665657499444],[0.469459882943147,46.17579859839778],[0.470588559357008,46.17573453516444],[0.472232953831048,46.177030651800216],[0.472767861302857,46.1772434608994],[0.473147886732358,46.1775807576947],[0.474213888332571,46.177920689641475],[0.474935869195667,46.17798628735767],[0.47586556450949,46.17824479217866],[0.476041150672028,46.17826220652755],[0.47653862009853,46.17813360851961],[0.477078430611446,46.178606878618744],[0.477705281200544,46.178823506886815],[0.478526101225446,46.1790246150279],[0.47996046864294,46.179196079868674],[0.48212086258356,46.1804755583634],[0.483050010713851,46.18066281611661],[0.483256384820117,46.1809421742847],[0.484249608684316,46.181485812145326],[0.484626936196732,46.18182751322497],[0.48489537529359,46.18185687914637],[0.485305006394891,46.182031717637386],[0.485376277185007,46.18225943103485],[0.485825634835188,46.182529745426606],[0.485636210154295,46.18318143979977],[0.484034543647492,46.18515509185913],[0.483904053815884,46.18517202367671],[0.483836196008879,46.18529395035103],[0.484640584466961,46.18772177505958],[0.484570546064357,46.18842836486893],[0.488119553120607,46.19007359166048],[0.488084385613838,46.19018993663406],[0.488293754595967,46.19054683111433],[0.488874891886696,46.19077409560627],[0.489670067639958,46.19131330485063],[0.490766291972684,46.19258801413796],[0.49100575550424,46.19271312514484],[0.491940310304469,46.192758976835165],[0.492091829480991,46.193019988459625],[0.492490191047535,46.19318824334599],[0.492448670873535,46.19341526472961],[0.491746036830481,46.193659232066004],[0.491733684616208,46.193872481885],[0.492167761543819,46.1941108981423],[0.492617152139922,46.194950576105185],[0.494553255539159,46.19653026660956],[0.494891477614109,46.1969080060184],[0.495018175409557,46.19748559588636],[0.494982362428132,46.1977866205548],[0.494832494826124,46.19842568589497],[0.494459955046373,46.19919588489007],[0.495017262747918,46.19949286309486],[0.495347186878136,46.19954157585787],[0.496488386824031,46.20015052076106],[0.497431894620851,46.2004577929609],[0.498804282082444,46.20072133892408],[0.500942889356851,46.201425153706744],[0.501015056695181,46.20152133825143],[0.501765249182062,46.201516204253686],[0.502730581784992,46.201715798839054],[0.503559215989643,46.20295115961585],[0.50543124312227,46.20361389610367],[0.506936701420252,46.20429198708706],[0.507459552303709,46.2047214838922],[0.508579068527075,46.205983902724455],[0.510285260836924,46.20564469007029],[0.51083036562355,46.20544220450395],[0.512574254771771,46.20410014739564],[0.513276052498744,46.20381819331193],[0.513794723483493,46.20256733463797],[0.513802623471729,46.20222155036042],[0.515120781495395,46.20110799155918],[0.516776349742021,46.199963049532165],[0.518405824505712,46.199192301396785],[0.521877810610313,46.19784277522755],[0.523225845332786,46.19755502823764],[0.52502441470174,46.19737437578991],[0.526031798330495,46.19575121405309],[0.526213803823429,46.19522543073736],[0.526357107291394,46.19420599851414],[0.529181444784548,46.19311063923409],[0.532096132566497,46.19268565949823],[0.533928244595736,46.192101083966385],[0.532965158415178,46.191132412773555],[0.533692439357964,46.19045088137874],[0.534281723571015,46.18972220681606],[0.535838369438254,46.18830818313346],[0.536183715463109,46.18804178951004],[0.537130556229664,46.187755096626965],[0.538615197412393,46.1876241919096],[0.539805669019839,46.187197704821024],[0.540180254318901,46.187146351834734],[0.540818851157152,46.18546013287433],[0.541559308695083,46.18575363633349],[0.541669613390917,46.18572358919024],[0.543052728803443,46.18435436879805],[0.54349379993981,46.183310727411936],[0.544570038989403,46.18253577052098],[0.548610139110511,46.184105902629504],[0.548826234035622,46.18388533398172],[0.551448504956325,46.184504034345444],[0.55240481854369,46.18461202308482],[0.552494261806597,46.18481665572733],[0.553388226304508,46.1851593335127],[0.554156319633848,46.18448576403506],[0.555226315941733,46.18451689482363],[0.55663060135706,46.18484709972414],[0.557542947358106,46.18521446417235],[0.558765351160549,46.18604704725109],[0.55897453443164,46.186097486970134],[0.55987001081753,46.18559148340753],[0.560951482657473,46.18376151731863],[0.561171532691251,46.18321758295957],[0.561270679871167,46.1826215035403],[0.562250694929224,46.18277946863846],[0.562563178018327,46.182169045179734],[0.562951248015443,46.18222151264182],[0.563957728429449,46.1809079381271],[0.565323703288478,46.181574156784755],[0.567282473260049,46.17928724626241],[0.570852226449215,46.180855518863204],[0.571476776794356,46.18028327525031],[0.572076342515753,46.18006995801187],[0.574151755332802,46.178656608179956],[0.577117323371909,46.17813969122994],[0.577111097843955,46.17789901578556],[0.582371007687736,46.177936268499415],[0.582756259658434,46.17734626191221],[0.583601080233986,46.17639215146193],[0.58364765713224,46.176100347190136],[0.58336133720632,46.174475328408704],[0.583470169733569,46.17341817630622],[0.582321305225563,46.17212165570163],[0.585596551051744,46.17083453402016],[0.58496816893509,46.16982117286082],[0.583878514480298,46.16877097215135],[0.583335819189429,46.16790356802584],[0.583336110781458,46.16769096006089],[0.58488657566661,46.165932025061416],[0.584744272731816,46.1632451973833],[0.584537388261695,46.162555208293604],[0.584173065674549,46.1621429539186],[0.58287905734674,46.159761355897686],[0.580788974566233,46.15932406775962],[0.58003250259655,46.15878002225478],[0.579745882344442,46.15842976855965],[0.576965713838471,46.1569461608803],[0.574390129645073,46.15611640786124],[0.572501999008268,46.15566075235079],[0.570707471198748,46.15496562209593],[0.567622215234189,46.15350137749428],[0.566428681899709,46.15258660956418],[0.565694472630927,46.15213032904823],[0.564309433352738,46.15153035676913],[0.564245022217162,46.15134608969313],[0.564417363924444,46.1510263569624],[0.563942510718522,46.15048102953676],[0.562732093816455,46.149540632098095],[0.562593373371409,46.149249362078905],[0.562124776405507,46.1491474112415],[0.561902606541153,46.14930480707229],[0.561044883443243,46.148917015527275],[0.558349881513367,46.14868703445252],[0.557215185638105,46.148377944671395],[0.556853037643425,46.148185466667854],[0.556300862355995,46.14742852774804],[0.555713003184905,46.14694920158355],[0.5513864970124,46.14497037727184],[0.547035845647062,46.14533595876469],[0.546460789192922,46.14550011713733],[0.546176056439347,46.14525882469941],[0.545921182391892,46.145161423318484],[0.54450552431712,46.14508037153539],[0.543630504434586,46.14488036321989],[0.541662443491911,46.143589998770004],[0.54123859579286,46.14341685466197],[0.54109168763652,46.14325330939162],[0.541144890874526,46.14264453593681],[0.540478397686382,46.142506676259266],[0.540360222565329,46.14233834669241],[0.536894964971728,46.143857876342494],[0.535767987020424,46.142919888728585],[0.53510736576101,46.142622660839876],[0.534212269353076,46.142467188898216],[0.533320051394983,46.14259376235282],[0.531987274101607,46.14217019880998],[0.526741146286416,46.14075151706138],[0.523337972238955,46.13953946988747],[0.521925531878429,46.13884556998257],[0.521008528193395,46.138488606049464],[0.519683204376191,46.138162357146456],[0.515637751802831,46.13814779579461],[0.515103557788457,46.13789555775654],[0.513288802270967,46.13667380417487],[0.512434410593815,46.13639562052124],[0.511418778407981,46.13627246100306],[0.511122070905379,46.13612811469117],[0.510077011275044,46.134425859216535],[0.509213383127123,46.133552830032926],[0.508900693754017,46.1328189147705],[0.508678819780821,46.13194013862417]]]]}},{"type":"Feature","properties":{"fid":2745,"ID":"COMMUNE_0000000009748990","NOM":"Liglet","NOM_M":"LIGLET","INSEE_COM":"86132","STATUT":"Commune simple","POPULATION":301,"INSEE_CAN":"12","INSEE_ARR":"2","INSEE_DEP":"86","INSEE_REG":"75","SIREN_EPCI":"200070043"},"geometry":{"type":"MultiPolygon","coordinates":[[[[1.012353076976512,46.52452504657717],[1.012625566009042,46.5252116352258],[1.012854792276578,46.52644061217473],[1.013980615359338,46.52648718792061],[1.014620327911833,46.52794846957167],[1.015158867183286,46.52971604070435],[1.016204006874303,46.531442854865816],[1.016231527513254,46.531618974320665],[1.01675648193343,46.53214869830023],[1.016971707744076,46.53225961629104],[1.017087427492364,46.53248680448331],[1.017381192637828,46.5338826212228],[1.017762352441121,46.53495749030729],[1.018973832677834,46.536637616445915],[1.019735433807011,46.53679942225851],[1.020475491124757,46.53719503916579],[1.021083926501302,46.53672277588402],[1.02217120451235,46.53621915713784],[1.022318581127033,46.53607848946821],[1.023417779799425,46.53600110890018],[1.025173344439406,46.53632416386535],[1.033159959083487,46.53733905829525],[1.033590442749396,46.53698436774718],[1.038095718257151,46.53710495332256],[1.038240994470903,46.53752898246697],[1.039076798258819,46.537444232254195],[1.041122242663903,46.53700549469034],[1.043903325252309,46.53679817692087],[1.045116540062733,46.53688917086195],[1.046496749891238,46.536691170395066],[1.047582430571656,46.536625937317574],[1.050623614849373,46.5360058629603],[1.050852678143749,46.53631601028365],[1.052784675546848,46.5379152595323],[1.05351656415962,46.538290703469265],[1.054302815668782,46.53743668730202],[1.0641371873282,46.53965895167239],[1.065575149942472,46.53963553615005],[1.065842901165874,46.538785285575486],[1.066437757142511,46.538096386795274],[1.066661525296903,46.538080352798126],[1.066945055194273,46.53821935019998],[1.067638448511561,46.53887327278697],[1.068246102870106,46.5390375566241],[1.068641792811133,46.538921740174835],[1.068854664309174,46.538771311645284],[1.069039429786716,46.53808808692287],[1.069467849190065,46.537637754898164],[1.06977540013561,46.53746730528699],[1.070532354938664,46.53724859099822],[1.071158275818731,46.53719159233229],[1.072644421572748,46.53757512269973],[1.073983122491344,46.53755173162098],[1.074779164010221,46.53740840660565],[1.075596037836986,46.5371186105795],[1.077299040303742,46.53627715773975],[1.077580822054693,46.53557843783136],[1.077976765581774,46.535158153695335],[1.087753697918477,46.538324058990895],[1.088605544097581,46.53777985532565],[1.089071601559037,46.53770297444052],[1.090226852031329,46.537811435112566],[1.091069817924071,46.53778046841266],[1.093993035313289,46.53704919556073],[1.097262703848024,46.535925500079856],[1.10106805321832,46.53433233208101],[1.103866274653591,46.5335455953378],[1.106352282709401,46.53257708560067],[1.107822134506644,46.53181689507543],[1.108422397025705,46.5311801175328],[1.108877116125173,46.53086338271898],[1.110917223243855,46.52822020277184],[1.123506735110223,46.5220765899218],[1.124663313111042,46.52149389205545],[1.133703976244483,46.51514683678578],[1.143915712616487,46.507676025300476],[1.146327474948626,46.50580387037553],[1.146622676827068,46.50548530561842],[1.148847569704919,46.50211941717291],[1.148163714765183,46.501746262356875],[1.146453868907988,46.5005521508894],[1.145821119120659,46.5004031830593],[1.144764719710237,46.49994019949149],[1.143308607959534,46.49911223681655],[1.141881435554577,46.49804874186187],[1.140078727594322,46.49717547145589],[1.1390305358915,46.4969719681198],[1.136150298590275,46.49782484569435],[1.135141667098669,46.49802816798159],[1.133976225345607,46.49808751189386],[1.133271676536679,46.49801836472934],[1.133358522659726,46.49765319713934],[1.133593002118142,46.49701392438905],[1.134544179753309,46.49517310324628],[1.135126258363935,46.4944368193127],[1.135649848747037,46.49346539620876],[1.136630087860078,46.49107560455949],[1.137615611542879,46.489864909959785],[1.138010778927988,46.489214736190625],[1.138831747401336,46.48774194886168],[1.139122170554333,46.48695045706686],[1.14094370450339,46.48504268970961],[1.141573213575709,46.48405675129292],[1.143301307200109,46.4823221650526],[1.148688025865412,46.47743408020505],[1.152722758341793,46.473212940527745],[1.153381985519713,46.47264804828053],[1.156986168105274,46.470422963408325],[1.157607544306965,46.46950976724405],[1.153788016168767,46.469433704747246],[1.151686559943623,46.47016712780536],[1.143925763258991,46.47048717348941],[1.141050370500369,46.47082052687652],[1.135177979809713,46.470960823244575],[1.134438050378023,46.47151709016491],[1.126856522062206,46.4711246470559],[1.125985776236025,46.471046419270856],[1.125846822601484,46.470954970166936],[1.125047953281502,46.47083377936558],[1.117502829454714,46.4714681199469],[1.116965196793616,46.471445750599266],[1.116506000473217,46.47122831680023],[1.113551996732866,46.471415572077476],[1.110013739181021,46.47145798222103],[1.109154441682055,46.471313162537825],[1.107955505419072,46.47126359271654],[1.103744999740909,46.47474350759994],[1.103415073096517,46.47482089785133],[1.102826772845642,46.47483004719585],[1.101542940359532,46.47425838913484],[1.100970151727484,46.47445873793327],[1.100368623363607,46.47451088901904],[1.099489961540494,46.47432244090362],[1.099163033671516,46.471695022154755],[1.098373023713639,46.47072261549588],[1.098231100298806,46.470343754373005],[1.09824147097282,46.469859342031356],[1.098434424909118,46.469148285959136],[1.098460869014316,46.468801049822304],[1.098379653121043,46.468737548784176],[1.096410072194325,46.46944333905463],[1.092042709470461,46.46945155909966],[1.081998978786578,46.47154871372786],[1.077729325834805,46.47695424674272],[1.077461247784362,46.47742081366479],[1.077313214068154,46.47747777064653],[1.077894812972124,46.4780297879415],[1.078665596119988,46.4799108421198],[1.079284301967785,46.480558050817834],[1.073031029982792,46.48896819320328],[1.071199306943409,46.49123953838848],[1.069705330866797,46.492807693137955],[1.06945965133615,46.49355834758769],[1.061917188067222,46.49683274351854],[1.061203191411767,46.49644503547806],[1.060937318522523,46.49680621908685],[1.061129933151932,46.4970013398353],[1.060694459509665,46.49754699644593],[1.060391803529392,46.49762202602793],[1.059927058457129,46.49748713809237],[1.059556319754642,46.498192416255925],[1.058293607525949,46.49801334981683],[1.056124075953261,46.49809987897335],[1.054178576750928,46.49786592002199],[1.05326361814392,46.497664793749955],[1.053084339134047,46.4974987096171],[1.052927638282568,46.496919577368864],[1.053059135266022,46.49594002762326],[1.0528960709374,46.49506444838802],[1.053570536673756,46.493378969909806],[1.052705798141064,46.49323453776216],[1.049915174881137,46.492386219446935],[1.04877727946554,46.49193084987626],[1.048007800665259,46.49182223521076],[1.047630124251354,46.49166176083531],[1.046937985737509,46.49176072622482],[1.045716880847226,46.49159033490457],[1.045130028677125,46.4916262370693],[1.044182801097591,46.49196492012533],[1.0436415123943,46.492257400934704],[1.041700809706716,46.49204222234609],[1.040220889866923,46.49272302983938],[1.039406271300885,46.49281804866774],[1.039693462224097,46.493717397490634],[1.038899003219989,46.49397669127225],[1.038529239787892,46.494031596592485],[1.037113931345916,46.494001897983686],[1.034831668346612,46.493781638562005],[1.028885250856022,46.49412061386314],[1.02785632735424,46.494802735444495],[1.027421065125328,46.49562209697448],[1.02581323857595,46.49528899309504],[1.022695081633909,46.495496312455366],[1.02319406884299,46.496662383981835],[1.023326339769731,46.497223125367775],[1.023164723004245,46.49808323241508],[1.022515556123342,46.49979870910035],[1.022443340575557,46.5002433224282],[1.022086609346763,46.500836138164445],[1.021795929156755,46.50338288303632],[1.021138727495432,46.50484961116503],[1.020950893079486,46.507903443595396],[1.020678670940764,46.50886161351037],[1.019749990351856,46.511118980134064],[1.019680700252586,46.511589763374886],[1.019600856378886,46.513571790638125],[1.020730345319063,46.51853995847157],[1.012353076976512,46.52452504657717]]]]}},{"type":"Feature","properties":{"fid":2782,"ID":"COMMUNE_0000000009748994","NOM":"Béthines","NOM_M":"BETHINES","INSEE_COM":"86025","STATUT":"Commune simple","POPULATION":470,"INSEE_CAN":"12","INSEE_ARR":"2","INSEE_DEP":"86","INSEE_REG":"75","SIREN_EPCI":"200070043"},"geometry":{"type":"MultiPolygon","coordinates":[[[[1.020475491124757,46.53719503916579],[1.019735433807011,46.53679942225851],[1.018973832677834,46.536637616445915],[1.017762352441121,46.53495749030729],[1.017381192637828,46.5338826212228],[1.017087427492364,46.53248680448331],[1.016971707744076,46.53225961629104],[1.01675648193343,46.53214869830023],[1.016231527513254,46.531618974320665],[1.016204006874303,46.531442854865816],[1.015158867183286,46.52971604070435],[1.014620327911833,46.52794846957167],[1.013980615359338,46.52648718792061],[1.012854792276578,46.52644061217473],[1.012625566009042,46.5252116352258],[1.012353076976512,46.52452504657717],[1.011722630726297,46.5231701970455],[1.011476004643366,46.521811208491016],[1.011199970669518,46.52097233074765],[1.010358064074328,46.519013906098394],[1.008660677869762,46.515794865429996],[1.0083360837403,46.514358847012375],[1.007290782136798,46.51297332135622],[1.006169250419555,46.51231785264477],[1.00617742311291,46.51216577091696],[1.003212716503745,46.50925960561573],[1.003052642133025,46.50896407072269],[1.002886165471528,46.509234987026495],[1.002481743548957,46.50959091946245],[0.999625965538603,46.50909332801426],[0.998568911313315,46.50856951633139],[0.996931520849532,46.50985141760417],[0.996283427399178,46.51023368506107],[0.995361445588347,46.51047153315686],[0.994668232760377,46.51055485622933],[0.993590078063478,46.51138443893208],[0.992327419565768,46.51134246008172],[0.991875034232321,46.51066076318449],[0.991336449292283,46.51022975710562],[0.990883179688003,46.510138925605695],[0.990172873089446,46.51019039522672],[0.990213726910171,46.51007311636557],[0.989764592278428,46.50979950279224],[0.989467424221081,46.509756446866625],[0.987828962048879,46.508834090455004],[0.986673023277324,46.5083768828283],[0.985967744065643,46.50857523540572],[0.985484390738724,46.50855771298808],[0.984994062665285,46.50841125952777],[0.984427960360335,46.50851477520922],[0.984168139493295,46.508661519481564],[0.984003982956182,46.508972984239094],[0.98356881375295,46.509063491639026],[0.983160536465192,46.50902656635121],[0.982966991808762,46.509109623550884],[0.98282965925211,46.50933058495308],[0.982854358027428,46.50954449659816],[0.983009119515033,46.50966342243638],[0.983612965769457,46.509703797132914],[0.983664194053546,46.50980017916552],[0.983223969826465,46.51037969916923],[0.983149388012004,46.51063239293784],[0.983335134615586,46.510689713574514],[0.983698542494932,46.510599742949665],[0.983973512957692,46.51064332323213],[0.984200126926039,46.510795040115035],[0.984413438082467,46.51116540223553],[0.984434304657562,46.51141257323299],[0.984193276976665,46.51189742707198],[0.984163903916826,46.51219775691525],[0.984313687778626,46.51248683312411],[0.984766628849382,46.51276323737437],[0.984816736286901,46.51292535310553],[0.984364331665744,46.51330469820736],[0.984941680738702,46.51378055672927],[0.984864889925162,46.514198948821395],[0.984532725883324,46.51453717794509],[0.984408591544746,46.51517721833186],[0.984151357472833,46.51539426634825],[0.983846394098446,46.51549067376632],[0.983546430383591,46.51548718628382],[0.983151952972325,46.51525234211143],[0.982807434064077,46.51532462986225],[0.982512856455233,46.51588059508445],[0.981982314791571,46.51600814661983],[0.981328877464398,46.51589573057445],[0.98103539726213,46.51554106167879],[0.980857763365546,46.51551090310738],[0.980669604738117,46.51555351850579],[0.980187390198513,46.515890887274345],[0.97991564339147,46.51590049907492],[0.97971633820387,46.51532860983307],[0.979498876072329,46.51514101630598],[0.979200285202954,46.51513574015814],[0.978024422170162,46.5153896814333],[0.977034066440841,46.51549646853838],[0.976472056796159,46.515768457653216],[0.976267951351538,46.51638095412799],[0.975909073431592,46.51659348320571],[0.975730903815172,46.51685875098472],[0.975328021850286,46.516991233972206],[0.97550003829459,46.51748878737094],[0.974643333754554,46.518105939711305],[0.974616613766909,46.51836848353493],[0.974767264575674,46.518773783754924],[0.974508193056779,46.51942493660524],[0.974829833093881,46.52007466400629],[0.975105241799457,46.52042362440296],[0.975756179351215,46.52088551905823],[0.977080733527057,46.522183505632114],[0.977533581443444,46.522358151809],[0.977792428298054,46.5225563883496],[0.978014045605211,46.523195329444576],[0.977441616200408,46.525222685276795],[0.977230018556395,46.525438724190955],[0.976710341206672,46.525657419954726],[0.975945548796983,46.526361779496185],[0.975270227353823,46.526589424158956],[0.974647774648307,46.52655318297309],[0.974064585834169,46.526373515113306],[0.972928756990076,46.52652633342322],[0.972378349107829,46.5257464424229],[0.970503511051334,46.52625994171683],[0.969426674896563,46.526020147199326],[0.967788885068698,46.52633514336546],[0.966229118598747,46.52630741939107],[0.96352899664719,46.526832249875504],[0.960691780635397,46.526520482480336],[0.96053086983337,46.52639150892706],[0.960005620491669,46.526303777027444],[0.958940984783737,46.52622713575576],[0.957979322177503,46.526327968647564],[0.956445528198617,46.526721223893134],[0.955314007513205,46.52682710641273],[0.951922784159344,46.52740236115243],[0.951597816010779,46.527159644903406],[0.950851535488577,46.527431814748276],[0.947947218686519,46.52782831918005],[0.946428443707092,46.528373938276765],[0.944927768788958,46.52944229809057],[0.9437705786873,46.53081406181876],[0.9429813687714,46.53125294964441],[0.941401739430596,46.53191991206648],[0.938050028903814,46.534266352304435],[0.937560723273457,46.534469208123284],[0.936355357138356,46.534624017251446],[0.935258872440704,46.534970837820126],[0.934805397190125,46.53522657247287],[0.933242718174216,46.5369548182541],[0.93244175695313,46.53828336733296],[0.931971700765466,46.5387684835997],[0.933380402732018,46.539725317351845],[0.933928318986361,46.53928663919624],[0.93773864760288,46.54032009216128],[0.937731072991827,46.54048569374033],[0.938489334344757,46.54090379640572],[0.939968184058911,46.541908648563016],[0.940332324431353,46.54204851554937],[0.94100980072709,46.54211835779006],[0.94096682334066,46.54263371371453],[0.940644253600642,46.54363854878091],[0.940184650433086,46.543986071326685],[0.942974827514494,46.547293374850526],[0.945358133491813,46.55059690028689],[0.944798413982245,46.554046616293704],[0.944810261244105,46.554217070106375],[0.945093127935288,46.554298713273184],[0.944758525855732,46.55558797733827],[0.943591087564138,46.55534902435372],[0.941458400460768,46.55777872728059],[0.943005314882582,46.559345916831624],[0.938333083960407,46.55951855849465],[0.93307045439101,46.55814637337814],[0.923946966495407,46.55673909632798],[0.922806483287338,46.55678775921307],[0.918602842233288,46.557617540466],[0.91880895280276,46.55649534695421],[0.917378533115434,46.55637474539844],[0.913639933527307,46.5563120521968],[0.905264437852753,46.55771285759745],[0.909809685835783,46.55952181130257],[0.913223772023149,46.561038832339676],[0.916913344000276,46.56280126303029],[0.919500582166207,46.564162519813216],[0.924810307112388,46.567424149004964],[0.930442844608137,46.57162452966585],[0.931827941211282,46.57274306948306],[0.932048101832007,46.572861441680985],[0.932256634504078,46.572873315281065],[0.932274444280955,46.57316097519588],[0.932411972027846,46.57332289138254],[0.933976698191476,46.57476981677001],[0.936288264656878,46.577192179792206],[0.93739912902052,46.57810843971254],[0.941243513036985,46.580974442899276],[0.941811982318169,46.580830636481906],[0.943785188612093,46.58074449094115],[0.944519222281587,46.580574820836055],[0.945455671621098,46.58051056241805],[0.947899572134414,46.57902673526562],[0.949014868973939,46.578548610819574],[0.950464076201496,46.57839531608088],[0.95171235537498,46.578443777251145],[0.952422971615586,46.57858259221043],[0.952958826611001,46.578818260200556],[0.953596855673207,46.578942258757436],[0.953749210699618,46.578885533097804],[0.953996484612375,46.578597212074435],[0.954600831164534,46.578400840697356],[0.957362108588536,46.57816190325518],[0.957570531783031,46.57737657480849],[0.957495096780422,46.57695008041186],[0.957707727469905,46.576679148474796],[0.958106956232628,46.5756819461814],[0.959662878125725,46.57435137362322],[0.960221499126965,46.574292872350576],[0.961180535657534,46.573273206883655],[0.961015728777907,46.573174793318806],[0.96143642224666,46.57282289116448],[0.962739766559096,46.57261820679911],[0.963296537011455,46.572364197872105],[0.963654337647478,46.571947216518836],[0.963760230408139,46.5714906246963],[0.965010707195917,46.572210031929274],[0.965930105906089,46.57259747579358],[0.966576032014473,46.57306832687543],[0.970580517836968,46.57377260469303],[0.973766236657547,46.574649604393684],[0.975028676127815,46.57463140890829],[0.976507861743052,46.57447471494221],[0.976810658189565,46.57437558156911],[0.978932719628313,46.57322679980177],[0.979763510635531,46.573189221722004],[0.980301795959211,46.57329059458501],[0.980530402840683,46.57346576678967],[0.980790792627244,46.57348837460996],[0.981126634961393,46.57330784627528],[0.981917060393038,46.57354876763428],[0.981859191833592,46.57324239930526],[0.982061644977457,46.5729604361493],[0.982208532549653,46.57234512309938],[0.982363128309251,46.57212086347247],[0.984791076411151,46.57117102455439],[0.985583369923096,46.57016083788143],[0.985578984998092,46.569785155648184],[0.984999906143899,46.56856347926642],[0.984801351804999,46.56835281551013],[0.984261652005328,46.56814965533762],[0.983876992742691,46.56788617215279],[0.983816405859791,46.56733565817643],[0.983622778961373,46.56688638480535],[0.986324402519756,46.56693394433429],[0.986771167792838,46.566153662720815],[0.987352241992649,46.565519858303375],[0.988489666703981,46.56530926553438],[0.989258250880223,46.56525521508226],[0.990916219799171,46.56587250604266],[0.991735206163927,46.56604540689327],[0.994015355895057,46.566224102315445],[0.995150163082688,46.56583595401307],[0.996595821775278,46.56576578896524],[0.997097786795248,46.56585924220116],[0.999059485502781,46.566707810399734],[1.000214708391169,46.566829781274805],[1.002684935771352,46.56748900895303],[1.004748791555861,46.56715750628344],[1.007796171815246,46.56742856057392],[1.008756606956299,46.567128217035005],[1.009078955534795,46.567205882215376],[1.009410955011386,46.56751970428678],[1.013477178762675,46.56785876044925],[1.014411538049545,46.56777138887085],[1.014971660528212,46.5674172113645],[1.015517148338005,46.56678355322859],[1.015990883586167,46.56661342223795],[1.017513935729491,46.56570846365062],[1.018481550924889,46.56481368712398],[1.018706934653649,46.56439785182673],[1.018912231248689,46.56363669152498],[1.018567271328461,46.561560858088384],[1.01896048308713,46.55933116813407],[1.019253604827947,46.558380573627396],[1.02047860385367,46.55582479784378],[1.021159405840429,46.55501961537336],[1.021497311450131,46.55416436582042],[1.022507237696016,46.55310365562328],[1.02294965843287,46.55170617088847],[1.024628295300171,46.549700425814066],[1.024323979457652,46.54844406644923],[1.023314752743098,46.54733045500891],[1.022114052391454,46.54527136557454],[1.020593893879935,46.54313287537872],[1.019629921667006,46.54063559353158],[1.019565188520881,46.54008232751453],[1.020514479591604,46.53824145772499],[1.020475491124757,46.53719503916579]]]]}},{"type":"Feature","properties":{"fid":2844,"ID":"COMMUNE_0000000009749448","NOM":"Saint-Laurent-de-Jourdes","NOM_M":"SAINT-LAURENT-DE-JOURDES","INSEE_COM":"86228","STATUT":"Commune simple","POPULATION":196,"INSEE_CAN":"10","INSEE_ARR":"2","INSEE_DEP":"86","INSEE_REG":"75","SIREN_EPCI":"200070043"},"geometry":{"type":"MultiPolygon","coordinates":[[[[0.525268532547717,46.41786538674397],[0.53740909658456,46.41873067734939],[0.539714101876987,46.41854344942035],[0.541147729263762,46.41910587270366],[0.541746640100687,46.41902598075277],[0.544033955082959,46.419058103552935],[0.544828355595389,46.41917879728745],[0.545084266650608,46.41910772551024],[0.546156049750694,46.41914338503527],[0.54792622779836,46.41885620445243],[0.548335922634534,46.41901545486257],[0.548292692890977,46.41739651769491],[0.548022032349472,46.413416850633055],[0.548459579411455,46.41327399885404],[0.548813940468519,46.41304017010707],[0.552214701373175,46.41292577409372],[0.552576176431447,46.4128524459151],[0.554853063139559,46.4118318894712],[0.555325932175692,46.41183030824519],[0.55618018569894,46.41203779184149],[0.556878529252421,46.41212031076866],[0.558287739407264,46.412180199131654],[0.560508580509647,46.411973640983945],[0.561038548529176,46.41238496420262],[0.561314989582175,46.41240708770895],[0.561282075559923,46.41197755986337],[0.561158359269059,46.411860502839644],[0.561215586252177,46.41157073767412],[0.560857335658709,46.40961895604712],[0.56040275462068,46.40874528317423],[0.560640996434291,46.40828101101686],[0.560330414272532,46.407915816295514],[0.560399842929788,46.40746955688996],[0.563262506231291,46.40306139477773],[0.563767317622336,46.402517224357226],[0.564585495632467,46.40134100832105],[0.566443371906539,46.399362650888605],[0.56664251504594,46.397669618204425],[0.566824927297563,46.3970825234573],[0.565590809882963,46.39570305749117],[0.565209468049707,46.39453096668533],[0.565131993241117,46.39349418742669],[0.565647236013926,46.39283041415025],[0.565942603693981,46.390205208466014],[0.565357594186753,46.38837472217562],[0.565282069770711,46.38711906650894],[0.564079591761246,46.38681682046079],[0.559773578925751,46.38642478899364],[0.55879477140651,46.385866911916935],[0.558231164951164,46.38586475862784],[0.557940778873159,46.385982865955484],[0.557885283631703,46.38486546723541],[0.557997703438875,46.384330939729836],[0.558372901411032,46.383771406854116],[0.559187969076944,46.38298164792357],[0.558511071890956,46.38260229810418],[0.559202468904368,46.38227835821092],[0.558558817751342,46.38153395585834],[0.558438838628288,46.380810670291126],[0.558252482703412,46.38040758367255],[0.557051919593019,46.37922242085237],[0.556630673405065,46.37868727321749],[0.556224339077061,46.377644336912255],[0.555896729988283,46.377082363608196],[0.554540201594866,46.375778513632525],[0.554070757645072,46.37414052219085],[0.553346199173019,46.37392768324876],[0.55263879035369,46.37153052562215],[0.552289462495837,46.37151311836846],[0.552261705107875,46.37021522640176],[0.552481120916704,46.36976227856733],[0.552809238279253,46.36946841977618],[0.552700901673586,46.367150781117985],[0.55117720194366,46.36627392522605],[0.55071269943684,46.36592340814337],[0.548501792691564,46.364875895483365],[0.548454093019491,46.36457577041976],[0.545875829565663,46.36307525937619],[0.540949846986547,46.36224750398593],[0.540558170848765,46.36224716420195],[0.539838695141663,46.362012722512624],[0.539239087075526,46.36191960270127],[0.537893561634017,46.36194821350025],[0.536705574496077,46.36185949057333],[0.53439031412389,46.362038277847056],[0.532893655539872,46.36192662346349],[0.531535541790677,46.361657587127446],[0.528811442547341,46.363510308141656],[0.528392328839397,46.364030057774634],[0.528157865555112,46.36449524994698],[0.527572191493135,46.36512940511941],[0.527831211623467,46.36538727586118],[0.526879301279658,46.366320697099844],[0.526252995531615,46.36670171008676],[0.525028725909574,46.36686613700178],[0.522463882355152,46.36760684409785],[0.520140357950409,46.36867797239095],[0.521372382099931,46.37029486696935],[0.522117266591247,46.37220837316848],[0.524160281044963,46.37635368698736],[0.525132061993611,46.37883696313629],[0.522351425468992,46.377578381612835],[0.520339949085112,46.37689862348701],[0.519208197686615,46.37631004095314],[0.518300163740637,46.37500918928993],[0.517319142245789,46.37611758112031],[0.517043081509285,46.37617733786319],[0.5164135915953,46.3786573561632],[0.516044110512279,46.379425896057285],[0.515138903782948,46.380581868819],[0.513383188229236,46.38203281385678],[0.511666767169867,46.38470532801454],[0.511515045101487,46.38512094264802],[0.511471457532115,46.38782092833517],[0.511722997350129,46.38981563014235],[0.512798811241988,46.391608481900676],[0.514950552298498,46.394395043875264],[0.515858828088287,46.395953579062265],[0.515886535595603,46.39651815202401],[0.515090294125778,46.39896480173306],[0.519398445943742,46.4001288272494],[0.519796619144873,46.40010685231998],[0.520047684513497,46.40016996766982],[0.526423653629621,46.403152530951985],[0.528980903285703,46.40477371027547],[0.528619871361653,46.405154181336066],[0.527324234300247,46.40730720323364],[0.526935088935208,46.40865282994957],[0.526388157282986,46.409024761253875],[0.526279403112543,46.409556640297616],[0.526385132378753,46.41012650197748],[0.526171955087331,46.410663324657435],[0.525555183014421,46.41159860566428],[0.525264516814099,46.4124941085378],[0.525170282748303,46.41371098893951],[0.525268532547717,46.41786538674397]]]]}},{"type":"Feature","properties":{"fid":2873,"ID":"COMMUNE_0000000009749875","NOM":"Plaisance","NOM_M":"PLAISANCE","INSEE_COM":"86192","STATUT":"Commune simple","POPULATION":177,"INSEE_CAN":"12","INSEE_ARR":"2","INSEE_DEP":"86","INSEE_REG":"75","SIREN_EPCI":"200070043"},"geometry":{"type":"MultiPolygon","coordinates":[[[[0.834376944325239,46.29394211315627],[0.835583863997181,46.295527969561014],[0.835321379577841,46.295757192397],[0.836213545117244,46.29629932061803],[0.836427320977434,46.2961187151862],[0.836961575813058,46.29802237264728],[0.838861864512861,46.29916824770548],[0.82599852183057,46.31472104639787],[0.828882334457336,46.3174964973563],[0.828189055555104,46.317897658523016],[0.829353361977813,46.31837115404809],[0.829685887235758,46.31824777155726],[0.832714871286551,46.31950170813985],[0.832845720159877,46.319415016610456],[0.832912532906195,46.31913973804358],[0.833261988879094,46.31888424782602],[0.83364576098058,46.31795920485898],[0.834370865982608,46.31770544854361],[0.834428769511081,46.31745792504516],[0.834667780293829,46.31726609074868],[0.834717896279204,46.31682114130849],[0.834839074610208,46.31668291757808],[0.835194300694846,46.316609495475085],[0.835822793759547,46.31672683060925],[0.836251462050234,46.31667011406118],[0.836648255949255,46.31672899535133],[0.83679122905156,46.316598389969926],[0.836686591736184,46.316351382500685],[0.836752383096573,46.31629858303723],[0.837503524039235,46.31633896621242],[0.837864025953707,46.315967467585025],[0.838350669495951,46.31615416163561],[0.838509478204615,46.31614906735372],[0.839193305078649,46.3159188199369],[0.839343681127527,46.31599553833537],[0.839465753968024,46.316295120809265],[0.840176909358155,46.316327521573264],[0.840535632341558,46.31626405820095],[0.840896259901371,46.31648168254509],[0.841164401728053,46.31640749246502],[0.842191386228923,46.317463779491156],[0.842709274351678,46.31837529679394],[0.843954710993253,46.31972936602249],[0.844271747126965,46.320163248906596],[0.844673955451378,46.321174358532176],[0.844874557888263,46.32136281865955],[0.846037047654473,46.32201986985791],[0.846993682148778,46.32278742169442],[0.8476164799395,46.32361351757002],[0.848069658438413,46.3245210823156],[0.850058029492669,46.327027725277446],[0.850235222289182,46.32777963796636],[0.849979295921441,46.32889811469985],[0.850119763242804,46.329988938197495],[0.850100597984839,46.33136951175696],[0.849670974891851,46.33329993991759],[0.849847207608566,46.335068843492095],[0.849222303684217,46.33617675362305],[0.849033839194294,46.33703346611397],[0.848003287433938,46.33945879881955],[0.847939316886213,46.33989448162176],[0.848069161744279,46.34099051071801],[0.847953321516409,46.34148827056514],[0.851266321777403,46.33923210218775],[0.852298695209419,46.33788233737413],[0.852560246494984,46.338110664984654],[0.853810173833059,46.33883773557698],[0.855094566082419,46.33918440059467],[0.856089019261156,46.339860696259656],[0.85919402859867,46.34058024560577],[0.859742423112679,46.3411571483388],[0.860756730743935,46.34096269938688],[0.86392449308332,46.33941327833834],[0.865743951964026,46.338015990583855],[0.866693619476633,46.337576163063986],[0.86730271177534,46.33743172349985],[0.867737674616794,46.33811726277628],[0.867885582389093,46.33929377120309],[0.868916693367919,46.340768745423155],[0.868739627552852,46.34094018975966],[0.869197402963594,46.34170902232694],[0.87077094494261,46.341949213421366],[0.871009221658108,46.342042843120566],[0.87243943934208,46.34208936473909],[0.873798913428416,46.34188142481002],[0.873803876271489,46.341954481951554],[0.873864682860761,46.34196282254471],[0.877616516201944,46.3412067121564],[0.878101618534875,46.341207636520764],[0.878082708468839,46.34082354542921],[0.877179897112651,46.33928709177818],[0.878355117559942,46.33906575855362],[0.878610269002031,46.338121068677395],[0.878516943765434,46.3378112593703],[0.878704143762745,46.33774628309831],[0.878662705747193,46.33747347143538],[0.878832170095336,46.3369604692062],[0.879406545534104,46.33603342862803],[0.879881024572966,46.33473069681602],[0.879262408519908,46.334284102883075],[0.878771207970479,46.33360386826164],[0.878132667027959,46.333168607235635],[0.876912120310154,46.33281888702219],[0.875029640939423,46.331465935583246],[0.873455337827716,46.330483525559586],[0.873190062187223,46.33065062770216],[0.87288399541672,46.33039539412498],[0.872736185952203,46.33048451661063],[0.87170844643509,46.32915916905162],[0.871585292469947,46.328882125210654],[0.871787283588166,46.32696629438094],[0.872129351151331,46.326830356023585],[0.872880754865691,46.32616608279869],[0.874055559194476,46.32561419755663],[0.87502131978854,46.32502056896841],[0.874223395279596,46.32373826222869],[0.873807137214301,46.32324136196402],[0.87321254238522,46.32278346908117],[0.872542686096814,46.322455684455036],[0.872343581842259,46.32242674443728],[0.872483045355334,46.32168258557064],[0.872121796267313,46.32007331682753],[0.871984705759369,46.31861776594157],[0.872382747846522,46.31740911934443],[0.87259312354291,46.31574386491701],[0.873197715560356,46.31480570933599],[0.873963889841822,46.31332197903372],[0.87405537505305,46.31300840621256],[0.873988411702067,46.31242343808425],[0.874574592538819,46.31108767952288],[0.874190279897153,46.3109084559188],[0.873092318955057,46.31052854278992],[0.871593698538356,46.31015644740564],[0.870105017520869,46.31006376626255],[0.869491869580155,46.3099532126581],[0.866489568871341,46.309141250546595],[0.866976796450775,46.30794690211756],[0.867471841566535,46.307285072626016],[0.867617339624537,46.30672029063711],[0.864596729655558,46.30634932559799],[0.864612187476807,46.30598659147054],[0.862718527693293,46.30591594542784],[0.862120675626591,46.30581464599518],[0.862068733846784,46.3052146360889],[0.862256485047901,46.30500016509524],[0.861704064849145,46.3049339464657],[0.861917774229243,46.30452088546162],[0.861662903112992,46.30435755950553],[0.861769572208336,46.30405599070059],[0.861497036228109,46.304012139764964],[0.861633079661971,46.30379039338191],[0.861478370871402,46.30312629806622],[0.861937933618523,46.30267461400113],[0.861687873420913,46.302587946636606],[0.861469908331465,46.30237847100328],[0.861770556087767,46.301968844173615],[0.861789191743599,46.30159175670108],[0.861471636948384,46.30150292088434],[0.861347400773842,46.301256470029685],[0.861576527884751,46.30101395138963],[0.861457035925362,46.30071264058064],[0.861799468726521,46.300430811841714],[0.861923789290554,46.30007642678393],[0.861857920374771,46.29989953327159],[0.861956010964497,46.29965095079323],[0.861839208930148,46.29951363737394],[0.862067796360131,46.299317949616274],[0.861878587195085,46.2991378400127],[0.862057157134691,46.29892499883529],[0.86199421381925,46.29860673384996],[0.862254979948989,46.29845218606139],[0.862238150048907,46.298217660810245],[0.862444186532335,46.29816657875571],[0.862463411639331,46.29780751829504],[0.862677062532834,46.29776108278199],[0.862724451673671,46.297679098004735],[0.859154200238154,46.2973192818852],[0.856932257723904,46.29641362011491],[0.856065245262257,46.295954105053845],[0.855828137568018,46.29570372087995],[0.855806035821699,46.295471797244616],[0.85601481426121,46.294819939922974],[0.856222926276477,46.29451668221842],[0.856213991252842,46.293683267078954],[0.856438897527095,46.29324970809415],[0.855659268064267,46.292916144979735],[0.855740391163906,46.29247087178069],[0.854285166971212,46.291769657746634],[0.854295577599889,46.290874450378354],[0.848871887860037,46.2891164385586],[0.847782766555313,46.28869229635427],[0.843920324315657,46.28283691748116],[0.842758153099366,46.282127584515806],[0.842359599860803,46.28175700502107],[0.841560978604843,46.28121939658732],[0.839875719713892,46.28165135527463],[0.840487102058365,46.28262051753281],[0.840266217447579,46.28298295908284],[0.83917776959077,46.286594388981776],[0.838369568178233,46.287351046775996],[0.835247309655672,46.28912128795462],[0.834904575332834,46.28950752722562],[0.834394091527076,46.29186696280065],[0.836136080340842,46.293131488680345],[0.83591706837875,46.29328046543379],[0.834440884685832,46.29377127349205],[0.834376944325239,46.29394211315627]]]]}},{"type":"Feature","properties":{"fid":3000,"ID":"COMMUNE_0000000009748789","NOM":"Saint-Savin","NOM_M":"SAINT-SAVIN","INSEE_COM":"86246","STATUT":"Commune simple","POPULATION":816,"INSEE_CAN":"12","INSEE_ARR":"2","INSEE_DEP":"86","INSEE_REG":"75","SIREN_EPCI":"200070043"},"geometry":{"type":"MultiPolygon","coordinates":[[[[0.818509775576052,46.56348742478841],[0.818483898822662,46.56403550859668],[0.81879649844045,46.56565386800965],[0.819146851283956,46.565938886013264],[0.819482392566387,46.56851791337883],[0.81981626698981,46.56924760114361],[0.819886659275043,46.57075144589462],[0.819987757692319,46.57099928471517],[0.819929335061858,46.57154494646391],[0.820083699577495,46.5725828840292],[0.821149074106363,46.57644589739146],[0.822206217020335,46.58133472599087],[0.820985430706987,46.58311215596093],[0.820105480937361,46.58414121046603],[0.816745966695978,46.58865045894094],[0.815135182677476,46.591411251695604],[0.814349757376618,46.59216282672401],[0.806928304806957,46.603598674649376],[0.806162857806797,46.60494959847039],[0.805898709546497,46.60566606356606],[0.804867520929051,46.60666959221297],[0.803980730319426,46.6081100565381],[0.801842829845072,46.61201356735998],[0.800551106566224,46.61492982087632],[0.799170920914803,46.61615179588504],[0.800877331358113,46.615558522373426],[0.801798346678208,46.61534649958116],[0.802722743964063,46.61495347776315],[0.80799228175323,46.613360063027095],[0.814830153160941,46.61111355034187],[0.823505671027007,46.60839713710615],[0.824572232400459,46.60712208513121],[0.828005467752663,46.60807900206129],[0.82822816131921,46.607739129386516],[0.829028818447723,46.60716340021491],[0.829956033502716,46.606330641032955],[0.8306439782541,46.6050078271517],[0.830206158413157,46.60245124853208],[0.830789746174506,46.60151559058646],[0.831529637612711,46.60183856638532],[0.831422654798002,46.602063535509885],[0.832532033627497,46.60249438623124],[0.834299541299125,46.602709776707876],[0.836946995425317,46.602192319832554],[0.838739765481762,46.60160733402825],[0.840800885071125,46.600779668448794],[0.843118733218873,46.60029819346041],[0.843706686482138,46.60007056065983],[0.84430286224106,46.59983317123104],[0.846678851721746,46.60009315123102],[0.847984487194752,46.60038792165384],[0.848624639118399,46.59999640432076],[0.848957549663974,46.59960812118224],[0.848773149108868,46.598818287591754],[0.848786849096631,46.59847174935693],[0.849026833441195,46.59838437852438],[0.849937361257571,46.59835913975785],[0.85183446348434,46.59807046299939],[0.853817287665526,46.597098779186695],[0.854121819457817,46.59679912589244],[0.854443062259261,46.59624126496552],[0.854711443753417,46.59546622904107],[0.854699402870461,46.594512091732334],[0.854826371472896,46.594042468475415],[0.855129786771728,46.59357164616978],[0.855394361600748,46.592660521591995],[0.855628485614576,46.592223530277074],[0.856669807982623,46.59113057850221],[0.857107255643269,46.59103787956552],[0.857719207552657,46.59046202990864],[0.858016495363144,46.58984696320577],[0.858522310603073,46.58931146013439],[0.859563714151097,46.58947595456228],[0.860096422066644,46.58935259755266],[0.860390310218377,46.58918874532055],[0.860602417450526,46.58887834115168],[0.860662970344057,46.58853447917576],[0.860374425472279,46.587964307638025],[0.861141426558102,46.5880957366572],[0.86223148756202,46.58855116246481],[0.863110007611175,46.58867114850268],[0.863437522287208,46.58894839024554],[0.864500307528071,46.58940058248382],[0.864886658384957,46.58964378725142],[0.865850625453801,46.59045082636062],[0.866570178202269,46.59082724222185],[0.866767932007416,46.59084894161155],[0.866788364778114,46.59099434517652],[0.867221174674309,46.591119506290966],[0.867381944389094,46.59095135546929],[0.867699005998442,46.590896007944465],[0.867925066474862,46.59109568275239],[0.868216492447745,46.591594726493966],[0.86903558056,46.59103168205389],[0.869505343097888,46.59054680497871],[0.871066810402138,46.59117935631861],[0.871106291468813,46.59110532705747],[0.872167513684186,46.58979552665465],[0.872338965286894,46.58938706421184],[0.872475992368557,46.58882303084942],[0.872691015642831,46.58626345624221],[0.873056242286985,46.58504160105511],[0.873353317597868,46.584627363788165],[0.873990924551583,46.584057312095794],[0.87447089154834,46.58337533842888],[0.876757172046589,46.579321993195684],[0.878017705782588,46.57815095297966],[0.878323913334632,46.577735071404234],[0.878494429532301,46.5771473313095],[0.878433566931848,46.57616167008678],[0.877851694824792,46.5748700005748],[0.877242664931447,46.5741750297395],[0.876977770186479,46.57400077393594],[0.875868069682853,46.57385228009716],[0.874436470515704,46.57391938685292],[0.873164274226374,46.57418580407518],[0.872453119823065,46.574167184868244],[0.871761496436189,46.5740165118943],[0.871166101686,46.5737433186199],[0.870199534202583,46.57350915610809],[0.869036875717158,46.57261197447429],[0.86872563861463,46.57188736881945],[0.86876882363188,46.57125133107919],[0.869538403736443,46.56967580429934],[0.870955688481463,46.56800152773644],[0.870988333229738,46.56736709470751],[0.870828418622911,46.56708127950309],[0.870426957866186,46.566760344182484],[0.868572865452341,46.56584758511897],[0.867694229013984,46.56513943036078],[0.866964807550196,46.56408995584701],[0.866354203585368,46.56277516278325],[0.866038679848443,46.562828730995754],[0.865569204212144,46.56277854128519],[0.86456228064325,46.56297954624565],[0.863274649821966,46.563544617735104],[0.863210634038219,46.562946212477485],[0.862036847519709,46.56300626226361],[0.861582668594132,46.5623005813181],[0.861205394234761,46.561898093504496],[0.860423707373147,46.561717741206785],[0.859794819924406,46.56117182566647],[0.859597203696775,46.56065108751496],[0.858923321162706,46.56071865115702],[0.858275444874412,46.56092181324024],[0.857034659378827,46.56072744037779],[0.855529681224005,46.56074248763596],[0.854170581748458,46.56040264361285],[0.85269533900242,46.560293003508015],[0.849370144188436,46.55941086141362],[0.849021528037503,46.559508799553456],[0.848435985710895,46.55948878507767],[0.847546748765307,46.55958646232502],[0.843056648967976,46.55940193906204],[0.841253778213736,46.56037681596325],[0.840993754654419,46.56028183328098],[0.840367603169065,46.56072581247234],[0.840487604333593,46.56076230637342],[0.839947488273378,46.56173666284719],[0.839871509272288,46.56269725851224],[0.838959356010796,46.56271246704008],[0.835241603051284,46.562475564821625],[0.83422532211184,46.56251488860689],[0.833387610972204,46.562726930375455],[0.83301233365384,46.562738741936954],[0.83145234711235,46.562362394806584],[0.828499806953174,46.56219381579436],[0.828014774124382,46.56230531664068],[0.827474393965571,46.562822016942086],[0.827182069881143,46.562784039526065],[0.823827110305649,46.56304457880282],[0.821731310629027,46.56333169417634],[0.819221608400493,46.56335506343153],[0.818509775576052,46.56348742478841]]]]}},{"type":"Feature","properties":{"fid":3079,"ID":"COMMUNE_0000000009749443","NOM":"Montmorillon","NOM_M":"MONTMORILLON","INSEE_COM":"86165","STATUT":"Sous-préfecture","POPULATION":5867,"INSEE_CAN":"12","INSEE_ARR":"2","INSEE_DEP":"86","INSEE_REG":"75","SIREN_EPCI":"200070043"},"geometry":{"type":"MultiPolygon","coordinates":[[[[0.943702843073801,46.3814521830381],[0.943324231604764,46.38169036723951],[0.941002496792786,46.38265014200201],[0.939915975518781,46.382365698250496],[0.938910315756172,46.381973711485166],[0.936897769919672,46.38156801321113],[0.932122405204477,46.38142749875066],[0.9314924445415,46.38149624602596],[0.9280651242939,46.38215556658734],[0.927961352011533,46.38224916394594],[0.924789947093731,46.38302202988039],[0.925779141826399,46.38305713561463],[0.926695681558909,46.38325755588301],[0.923789675680916,46.38646371323988],[0.9174215705011,46.387117805013595],[0.916679228107655,46.3870249825317],[0.915611919372113,46.38671543583219],[0.914262632796766,46.3868024715821],[0.912546787978374,46.386705331103485],[0.909472153408129,46.3885082419859],[0.909258022319428,46.38838901801583],[0.908587453951525,46.38859741842019],[0.90927536065999,46.38803803118526],[0.910066847332339,46.38759493675768],[0.910150387164747,46.38738478364329],[0.910102510413175,46.38717312387661],[0.908920017356087,46.38725504519027],[0.908123589769832,46.38772506460647],[0.907399091225416,46.38713257500704],[0.906477148762124,46.38751470650139],[0.906130568922929,46.38847398415394],[0.905926665249538,46.38863148156238],[0.905697965623394,46.388043576708526],[0.90536029867769,46.387819388170676],[0.904541195001121,46.38758995974925],[0.903956978957215,46.38782063718665],[0.903043885133048,46.38776782600585],[0.902967393586649,46.388675309910276],[0.901262417013364,46.388260223730555],[0.900352432483087,46.38795703043987],[0.900868725737426,46.38864752370915],[0.901008990307969,46.39018053531213],[0.901616136887779,46.391048348585564],[0.900172591830429,46.3913487735986],[0.897675295358712,46.391629768319596],[0.896889626854861,46.391883722032915],[0.896410880328482,46.392111802338135],[0.89545120106586,46.39357049000822],[0.894981955265307,46.39324745969285],[0.891772267135797,46.39505012014793],[0.889488670022167,46.39521958725185],[0.883382242059746,46.39640630825259],[0.883335280203489,46.396341481143764],[0.883266964699841,46.3963573287815],[0.881259103881923,46.397572158244046],[0.881098256523648,46.39779166613933],[0.880937959455042,46.39836609465428],[0.880725607516995,46.39971153171409],[0.880556823059382,46.3998669355598],[0.879851328890005,46.40006281244082],[0.879486055158334,46.40028212294622],[0.879237859768414,46.40087293164166],[0.879193576259331,46.401879190137876],[0.878913805121628,46.402377530927765],[0.878741026339134,46.40250133043791],[0.878195282632869,46.402673143589524],[0.878212027149163,46.40334814557641],[0.877628091129397,46.403564285490006],[0.877045845590934,46.403636327728954],[0.87702975976077,46.404284596425484],[0.877133709072532,46.404792773448705],[0.877482885239311,46.40529019816262],[0.878106320962004,46.405834157680694],[0.879869634130381,46.4067019602761],[0.881070544114767,46.40746651272939],[0.881376740913307,46.407764052440676],[0.882619194318667,46.40994359356327],[0.882956948833424,46.41124158659744],[0.882881116960918,46.41182028618407],[0.882686557358482,46.41233733136303],[0.881797713263316,46.41359635215775],[0.879678159799096,46.415322538729086],[0.878468507566051,46.416756633608436],[0.877796023980908,46.41777283110099],[0.875832434062517,46.4168220076895],[0.872313730201196,46.41527197185548],[0.871054059267086,46.41484402901787],[0.866318482780148,46.41394579093162],[0.866386754816966,46.414098400043635],[0.863654514545208,46.41366175375377],[0.861075476487619,46.41343779703341],[0.859870888359328,46.413202629402804],[0.85698297305121,46.41291873975242],[0.85505381486535,46.41253029055638],[0.853723515369128,46.4125124885283],[0.853293692924407,46.4124143254451],[0.852870631443847,46.41257481612289],[0.852250713875296,46.41297211341362],[0.851693326521642,46.41310394901699],[0.849796496006371,46.413846517918955],[0.848593642472107,46.414130121934065],[0.84752779369319,46.414473047477934],[0.84697933611512,46.414146523386854],[0.844529970926224,46.4122221304155],[0.842551965369671,46.413929603797484],[0.84200918314544,46.414284165987915],[0.841222078309899,46.41386752532774],[0.840338080479189,46.41507768995784],[0.841240136124179,46.41528842615674],[0.840542329322879,46.416433653129864],[0.842960232440167,46.4169468859948],[0.842694600880966,46.41796697364682],[0.843803925626206,46.418801354030634],[0.843772058971982,46.419047570502315],[0.84392601706243,46.41950267877969],[0.840643714003944,46.42029188839155],[0.841374532519503,46.420750704896406],[0.841670016264145,46.42085447912882],[0.84249264643748,46.422484258770744],[0.840415450303764,46.42346108091268],[0.839202122687257,46.4238380753526],[0.838145508431375,46.42400723825111],[0.834854882190279,46.42434032562004],[0.834382627896111,46.42540872378591],[0.831694379048625,46.430382357331005],[0.831930307062012,46.43336397899451],[0.831898343014538,46.43784214301125],[0.832711252665072,46.44273449425573],[0.831746343441101,46.44363589207893],[0.831319843110584,46.4439079415701],[0.82560726331682,46.44596213432768],[0.826222718243313,46.44628012234819],[0.828205209032467,46.44705649466071],[0.829943537458813,46.44735437278714],[0.831554517413027,46.44747955554542],[0.8326403307005,46.44747314277664],[0.833144189350494,46.449027569692944],[0.835782904938152,46.452387124405426],[0.836064624487634,46.452086191813],[0.83997370594149,46.45230431270763],[0.841828559695036,46.452528542328075],[0.842137702106543,46.45182996294587],[0.842409739954873,46.45160810228345],[0.8446798499558,46.451382526893426],[0.845173378941923,46.45205302057795],[0.845918024482739,46.452074273017516],[0.845816364256288,46.45134811885405],[0.847054682352327,46.45167323289167],[0.847792851616475,46.45199071151467],[0.847936733383503,46.45191145059035],[0.848437688106784,46.451865940168],[0.849368745557023,46.45142317099442],[0.8503075559805,46.450419347709854],[0.851738424500846,46.450819197293356],[0.851832889110494,46.45149836835322],[0.852833308788601,46.451676619605976],[0.852980582652847,46.45151094041675],[0.854885630697562,46.451851202133206],[0.854634435990662,46.45243920351637],[0.85597825704334,46.452734673319924],[0.855794889392803,46.45318883187101],[0.860729683250416,46.45414161599445],[0.860627342365271,46.45528910352523],[0.860842838437734,46.456674045705824],[0.860655908565959,46.457452427777184],[0.860261862678169,46.45806118533108],[0.85958405863645,46.45852680466302],[0.858113780130558,46.459323466062806],[0.857610957830189,46.45987973138358],[0.857626148824738,46.4604222902056],[0.857980787826375,46.46134954493583],[0.858036382446288,46.46199194763623],[0.857894082453956,46.462462192537856],[0.857114498152523,46.46332673999472],[0.856734203964482,46.46394835531703],[0.85656380375568,46.46553144414228],[0.856493963213831,46.468967535412666],[0.857454162241431,46.46911615967812],[0.858007017314985,46.469346317540044],[0.85862983151887,46.47011915595121],[0.859207154097496,46.47049028875559],[0.859665717204418,46.47059886696678],[0.860422272209217,46.47065537366567],[0.860980331226336,46.470886514793634],[0.86155591634768,46.47126931290647],[0.862922444062742,46.471763288211335],[0.86425030765041,46.47204664142124],[0.864993295609353,46.47211727631879],[0.86580765960164,46.47209645891055],[0.866115193410892,46.47216705910495],[0.866448361657438,46.47208230169982],[0.8672555123302,46.47244597344528],[0.868373966420804,46.473418070473016],[0.868834122917551,46.47355366422622],[0.86955888777532,46.473457284441274],[0.870084605102571,46.47348329934102],[0.870826374109308,46.47381960353645],[0.871368215131224,46.47453501035616],[0.871834628530495,46.474744572271746],[0.87227130706879,46.47478062864888],[0.872858839870043,46.4751275586097],[0.875099405817782,46.47551424474434],[0.876163452509438,46.47534396221253],[0.876582634119452,46.47536076039843],[0.876916978282759,46.47551379999667],[0.877633374235704,46.47610180524159],[0.878038798065403,46.4763048036174],[0.878899595060151,46.476432481764185],[0.879321166981529,46.47668982188146],[0.880414008370834,46.47685242104029],[0.8809961037764,46.47673710789795],[0.881264538231409,46.47633853701256],[0.881344901029608,46.47571308578832],[0.881215815413158,46.47457210914926],[0.881258786849294,46.47396938472345],[0.881482669392994,46.47334118970784],[0.881748233195691,46.47294887006427],[0.882040348690959,46.472577759910486],[0.88239347754115,46.472314071637214],[0.883383755112354,46.47195949832392],[0.884517996360459,46.47202734441144],[0.884623703774021,46.47172213644599],[0.885957004994787,46.47183418844756],[0.887200226935997,46.47181484734635],[0.887829456121531,46.47165893640922],[0.888746326443853,46.47117865334748],[0.891657254006025,46.470646900017854],[0.893419866648288,46.46771045681665],[0.89448284288481,46.46367836454255],[0.895527396133363,46.464073234281955],[0.896433704772144,46.464267378335144],[0.896938365292992,46.46429648652356],[0.898308192160469,46.464945030420026],[0.898814013976071,46.46507954210097],[0.899769028680693,46.465194386073584],[0.900018632957249,46.46534760200143],[0.900902009540662,46.46563046492329],[0.902054216347336,46.46421129299551],[0.902879926216417,46.463349100318204],[0.913922481940519,46.46528435195115],[0.915337335441351,46.465715523545086],[0.914697964506451,46.46518591302737],[0.914031110058676,46.46445492527812],[0.912219860071247,46.461609635348935],[0.91080895043191,46.4600237062771],[0.910918794219021,46.45977620153126],[0.910561066984103,46.4596552610765],[0.910019961812391,46.45921749619677],[0.909190845722299,46.458744731988574],[0.907649341419973,46.45801930966509],[0.905758915041745,46.45718297958692],[0.904270475515897,46.456808883604666],[0.903270734744169,46.45474127658053],[0.904081805899374,46.453916640703405],[0.904974077529965,46.452673728230565],[0.905745566837576,46.450875519623764],[0.907010317350507,46.45130134865451],[0.908606643452373,46.451305367989285],[0.910874718358455,46.45204317232528],[0.912265345515967,46.45122457607986],[0.911945953081483,46.45075033615864],[0.91186561931153,46.45022732049278],[0.912797641759186,46.44824554348919],[0.913185222732384,46.44833369534976],[0.914173671300636,46.44794190047973],[0.917477186781474,46.44695188622541],[0.917074294336905,46.44647974116324],[0.91880800154948,46.44598709913279],[0.919269619242475,46.4451244652531],[0.920438538842373,46.443447804205015],[0.922470619316866,46.441754410622984],[0.925712599368515,46.43870118626636],[0.925557171716871,46.43860828585099],[0.92767196647126,46.436546091164615],[0.928376340910042,46.43525455880515],[0.928387865653123,46.43505389637169],[0.929339352117283,46.43421902765659],[0.930296343853999,46.43279154530833],[0.93106730692788,46.43125259247453],[0.931662685011446,46.4303238777253],[0.932110752319715,46.42970686040853],[0.933721972198771,46.42806150300031],[0.93469890371095,46.426720821137614],[0.937854893814378,46.42631577669339],[0.940095856968872,46.426131941848425],[0.941904408023742,46.426291567695095],[0.944673020051793,46.42690082016313],[0.94761070416607,46.426583454867114],[0.948061991161714,46.424073028982285],[0.948415417083998,46.42295252424137],[0.949088068735386,46.42210618199812],[0.950385376756171,46.420857602379705],[0.952059232644151,46.420819185820044],[0.95300641653042,46.420916342499275],[0.953999908139282,46.42064680975497],[0.955138695454081,46.41333319738178],[0.957464757148477,46.40769012640241],[0.958275770301159,46.406059843259875],[0.962239074864913,46.3970680985077],[0.962074640140559,46.39679943636555],[0.961823932250112,46.396679660547555],[0.957840037500325,46.392849533323606],[0.95565070170867,46.39113580074558],[0.954632480466268,46.39051583877935],[0.950079802841556,46.38847856044768],[0.943702843073801,46.3814521830381]]]]}},{"type":"Feature","properties":{"fid":3212,"ID":"COMMUNE_0000000009749438","NOM":"Coulonges-les-Hérolles","NOM_M":"COULONGES-LES-HEROLLES","INSEE_COM":"86084","STATUT":"Commune simple","POPULATION":232,"INSEE_CAN":"12","INSEE_ARR":"2","INSEE_DEP":"86","INSEE_REG":"75","SIREN_EPCI":"200070043"},"geometry":{"type":"MultiPolygon","coordinates":[[[[1.157046077659861,46.389243375108634],[1.156890823243535,46.389138186156444],[1.155768542405654,46.388991249019554],[1.154546342127736,46.389336274256245],[1.152652326368055,46.389608261765616],[1.152329479697448,46.38972462997474],[1.152353669665851,46.389933086093954],[1.153170960437494,46.39082361128906],[1.153211199800596,46.390980986379795],[1.153242727911112,46.39143455442928],[1.152966191813966,46.3927604284963],[1.152727191751644,46.39320691489198],[1.152143060167024,46.39385047200399],[1.152017973139241,46.39427718469261],[1.15214609707628,46.39491516169984],[1.152003683942662,46.39527674257012],[1.150910380612686,46.395962486136156],[1.150845083560931,46.39608392470895],[1.151532385988022,46.39777848947055],[1.151805903913791,46.39804412596918],[1.152364023921926,46.3982864482297],[1.152508009222152,46.39853287202611],[1.15016691876673,46.40065575090023],[1.149835685766196,46.400748558593904],[1.14937211345755,46.4006356585782],[1.14839990555872,46.39970386461121],[1.14701318542795,46.39871128876815],[1.146377894813631,46.398365005327896],[1.145761846426216,46.39814242847279],[1.144956177234174,46.39805997907306],[1.144220364063499,46.3981056605358],[1.143644411068735,46.39823590286774],[1.142363435420212,46.39911396852435],[1.141939922248895,46.39908725769374],[1.141627175993763,46.39924879688146],[1.141321387309559,46.399703180401794],[1.140604516823135,46.400185993529554],[1.140496332989646,46.40061026819325],[1.140744077037096,46.401402429037596],[1.14097708509369,46.40163320479987],[1.141487185880281,46.40183246454297],[1.141988562371994,46.40228828305676],[1.142383043775503,46.40278649416751],[1.143004486708135,46.404191811631534],[1.142868184160126,46.40574962727598],[1.143033878418954,46.406620609838264],[1.142666054437484,46.40729015848321],[1.142450438602534,46.40746589107866],[1.141022297880834,46.40745795027559],[1.140260773752584,46.4082165538428],[1.140651418434412,46.408407564639134],[1.141188975649405,46.40845234929951],[1.141676653324506,46.40835580818611],[1.142753210199204,46.408709297330745],[1.143285531051127,46.409406102038254],[1.144896753326378,46.409814203183],[1.145533298838605,46.41012718638519],[1.145635633395325,46.410296381273355],[1.146530058300779,46.40995602943521],[1.147638212986125,46.4107234105326],[1.148904279884652,46.41113575960037],[1.14960148429905,46.41158120678472],[1.152069983611923,46.412865077753644],[1.152548351607678,46.41323670769573],[1.153443331588916,46.413496182510094],[1.153629193768296,46.41373787683947],[1.153641138595653,46.414116367508214],[1.154119738843772,46.41432766817649],[1.154009057190859,46.41459699137384],[1.154532700644513,46.414824330676865],[1.155774260150551,46.416544932552625],[1.158828180421722,46.42029163054966],[1.158639327958898,46.420446208079504],[1.16006405959213,46.42126090022129],[1.162749301408214,46.42262638175261],[1.16443781067186,46.42400549975783],[1.16590384104902,46.42413894709917],[1.167045120559312,46.42525523349665],[1.167860315056277,46.425881697085885],[1.167776927063934,46.4270467690357],[1.166548313834628,46.430507361522956],[1.162911424546808,46.43437506944618],[1.163375521173729,46.43467526349587],[1.166042262803412,46.44130495644339],[1.166113484475369,46.44193839241319],[1.16762679921425,46.44494670423262],[1.167663380023165,46.44533189016285],[1.16859884211666,46.445917037493054],[1.168594840450823,46.446230416906786],[1.169655450935451,46.44572681450563],[1.170372689671027,46.4454762030878],[1.170874218367258,46.445168991519104],[1.172007934113204,46.44512679595214],[1.173826624795224,46.444590251676004],[1.173514200493511,46.44442583197595],[1.172710513627698,46.44441838038224],[1.172651506950715,46.44435168525276],[1.174108791304975,46.44375080835843],[1.175001350198369,46.443282300188386],[1.175703069430992,46.44407892037032],[1.179488060091059,46.44310621693003],[1.182958229304625,46.442036510496294],[1.184293336497734,46.44130386197935],[1.186249550948369,46.441169219002035],[1.186459337829238,46.44105095667407],[1.186443226947488,46.44083003032252],[1.186729125854062,46.440303159529115],[1.186679983327406,46.44017448040584],[1.187244300733351,46.44001230726803],[1.186446528564177,46.43877019075885],[1.186282863309884,46.43746158174447],[1.186585687374443,46.43689534947146],[1.186108015768885,46.436411294432155],[1.186161247739514,46.43543668545067],[1.185595022811205,46.43495212193447],[1.185637837957045,46.434643863165974],[1.185429134126879,46.43437754329298],[1.185416604903336,46.433931499104126],[1.183807787330861,46.43068052264942],[1.183816801322048,46.429822300752974],[1.183564971941836,46.42936524352502],[1.18658800920179,46.428237886317724],[1.187077490159333,46.42816819957567],[1.18838298624182,46.42831591967311],[1.189305836838719,46.428297233006205],[1.193837335724617,46.42881485195123],[1.193896248612102,46.42935710193978],[1.193818319474317,46.4295864472679],[1.194735614659051,46.42977568914933],[1.194663067997595,46.429448490387735],[1.195199708921561,46.42941013813967],[1.195917851342948,46.429200817223546],[1.196549200859885,46.43059335776687],[1.197657564958582,46.43032263651472],[1.198003235684294,46.430939663898045],[1.198486340563289,46.4314976113097],[1.198625635892351,46.43185558310094],[1.199384346199257,46.43156221494336],[1.199310978640599,46.43141694691989],[1.200626018073127,46.43100174226161],[1.201083126349113,46.43207266379353],[1.201133989617798,46.43246616738906],[1.203412971621601,46.4346249801182],[1.206357073464407,46.43478565087825],[1.207615248291152,46.43475406747417],[1.209171332228133,46.43433804425511],[1.210919798940921,46.433616077716714],[1.211851631269869,46.433007396112],[1.212040097307119,46.43274194160017],[1.212490977898482,46.433214657652435],[1.213221993294786,46.43312882435112],[1.211886742985953,46.431060653012636],[1.21104935153333,46.42938486059001],[1.210409536458913,46.428994742393144],[1.209809578857429,46.42810446087304],[1.209409956230101,46.42769918792807],[1.208411343095075,46.4270503358578],[1.207656566325518,46.42583876725356],[1.2071159331841,46.42540515174268],[1.206883518265053,46.42506554334098],[1.206639596164743,46.42467981831237],[1.206550414413612,46.424222666781034],[1.206549831743312,46.42289233399611],[1.206328290633116,46.42269790654695],[1.206126542012932,46.422257900368436],[1.205285900626169,46.42207715903787],[1.204578374226352,46.42165081420266],[1.202688200126834,46.42015834403093],[1.202155396840218,46.419529375691084],[1.201518133006746,46.41906718888076],[1.200814571684247,46.418403999090316],[1.200168130168191,46.41766784821351],[1.200117148658282,46.41747609693902],[1.199702170464442,46.41710657274177],[1.199584211140893,46.416694895779294],[1.198905944062521,46.41550338351304],[1.197662741292961,46.41406876663551],[1.19660564657211,46.41185076688535],[1.196313362267116,46.41171104390888],[1.196317062982103,46.41152015456877],[1.194775076004103,46.41062029890452],[1.193336419385054,46.4100228903777],[1.193388558484907,46.40966703916244],[1.192374100395834,46.407112808270746],[1.19226605955542,46.40601044290692],[1.192045601264857,46.40562955781827],[1.192275584071389,46.40552601767197],[1.192266781747636,46.40535924891148],[1.193301640939014,46.404265074266924],[1.19692606097659,46.40151581889315],[1.177490660093732,46.38419007260619],[1.177488901910285,46.38393064129388],[1.177219147733331,46.383940742807106],[1.177062284626205,46.38403911540657],[1.176447944541795,46.38478048577765],[1.176145518641672,46.384950388229264],[1.175758856842517,46.38507030485479],[1.175032583197982,46.38507039835901],[1.17386651582654,46.38533906451546],[1.17296375905016,46.38524534845691],[1.172370491886152,46.384771081111765],[1.172060900925225,46.38464902909189],[1.171799243029505,46.384611510114226],[1.171267234700436,46.384679543448286],[1.17062923405978,46.38460896721992],[1.170271733960598,46.385062594782575],[1.169161147387939,46.38522852165047],[1.168408327813138,46.38582621702801],[1.167404711450361,46.386255950472474],[1.167266466225867,46.386962586942026],[1.166704261553769,46.38754171655185],[1.166229072441484,46.387777270953734],[1.165778510052141,46.388132112849526],[1.165274569296642,46.388332073538606],[1.164448110252036,46.38832958850529],[1.163579324661713,46.38842459345593],[1.163229611106881,46.38860541061618],[1.16239348954527,46.38885135091001],[1.161568336825224,46.38923527045019],[1.161320296763763,46.389450145731914],[1.16057349380506,46.38974885283167],[1.160331222207533,46.39002416658194],[1.159610540776755,46.39039714693962],[1.158040307049982,46.390138523800324],[1.157046077659861,46.389243375108634]]]]}},{"type":"Feature","properties":{"fid":3309,"ID":"COMMUNE_0000000009749441","NOM":"Brigueil-le-Chantre","NOM_M":"BRIGUEIL-LE-CHANTRE","INSEE_COM":"86037","STATUT":"Commune simple","POPULATION":460,"INSEE_CAN":"12","INSEE_ARR":"2","INSEE_DEP":"86","INSEE_REG":"75","SIREN_EPCI":"200070043"},"geometry":{"type":"MultiPolygon","coordinates":[[[[1.140260773752584,46.4082165538428],[1.141022297880834,46.40745795027559],[1.142450438602534,46.40746589107866],[1.142666054437484,46.40729015848321],[1.143033878418954,46.406620609838264],[1.142868184160126,46.40574962727598],[1.143004486708135,46.404191811631534],[1.142383043775503,46.40278649416751],[1.141988562371994,46.40228828305676],[1.141487185880281,46.40183246454297],[1.14097708509369,46.40163320479987],[1.140744077037096,46.401402429037596],[1.140496332989646,46.40061026819325],[1.140604516823135,46.400185993529554],[1.141321387309559,46.399703180401794],[1.141627175993763,46.39924879688146],[1.141939922248895,46.39908725769374],[1.142363435420212,46.39911396852435],[1.143644411068735,46.39823590286774],[1.144220364063499,46.3981056605358],[1.144956177234174,46.39805997907306],[1.145761846426216,46.39814242847279],[1.146377894813631,46.398365005327896],[1.14701318542795,46.39871128876815],[1.14839990555872,46.39970386461121],[1.14937211345755,46.4006356585782],[1.149835685766196,46.400748558593904],[1.15016691876673,46.40065575090023],[1.152508009222152,46.39853287202611],[1.152364023921926,46.3982864482297],[1.151805903913791,46.39804412596918],[1.151532385988022,46.39777848947055],[1.150845083560931,46.39608392470895],[1.150910380612686,46.395962486136156],[1.152003683942662,46.39527674257012],[1.15214609707628,46.39491516169984],[1.152017973139241,46.39427718469261],[1.152143060167024,46.39385047200399],[1.152727191751644,46.39320691489198],[1.152966191813966,46.3927604284963],[1.153242727911112,46.39143455442928],[1.153211199800596,46.390980986379795],[1.153170960437494,46.39082361128906],[1.152353669665851,46.389933086093954],[1.152329479697448,46.38972462997474],[1.152652326368055,46.389608261765616],[1.154546342127736,46.389336274256245],[1.155768542405654,46.388991249019554],[1.156890823243535,46.389138186156444],[1.157046077659861,46.389243375108634],[1.157287689558894,46.38902660361276],[1.157566609548153,46.3890157960688],[1.157571277483311,46.38868441004809],[1.156780699210519,46.38796548334541],[1.156671594748208,46.38757281216865],[1.15621622659285,46.38725831148668],[1.156019218943123,46.386809275537715],[1.155794059276062,46.38669304719706],[1.155287720879327,46.38584539826339],[1.155214867036554,46.38549744635331],[1.155039305698666,46.385338784252575],[1.154833015627452,46.385319235148046],[1.154549487704518,46.38496607369912],[1.153918560559908,46.38453253130758],[1.153812222853949,46.38421285920716],[1.15346724975571,46.384099190532844],[1.15249480146742,46.38321966313038],[1.152219765824714,46.38288554786596],[1.152233424449169,46.38267410166359],[1.151491129531464,46.38157131287688],[1.151430412130941,46.38132713651078],[1.151095709926991,46.380987547721745],[1.150616843901633,46.38075460705175],[1.150236942386522,46.38071241888977],[1.149192382872138,46.38012082084501],[1.148848304306201,46.37963605801588],[1.148835777031569,46.37812355613602],[1.147794696844278,46.37662498114239],[1.146965707822752,46.37589634948192],[1.151315726813264,46.37013841532078],[1.149064920761937,46.36978395712731],[1.149662425443825,46.36920008142532],[1.140919500073815,46.3647308550991],[1.137738809170743,46.36586250330296],[1.136094032007454,46.36498985800719],[1.135368094145157,46.3644537722759],[1.135023775594725,46.364325644074825],[1.133859659361813,46.364353437841814],[1.133243599317011,46.36460096082771],[1.132816074430397,46.36466151572424],[1.131831345358765,46.36457963588263],[1.129489115858041,46.36378914020578],[1.128625231239478,46.36340837357584],[1.12891656918903,46.36303124838119],[1.128964609151776,46.36257807316206],[1.127813008177277,46.36083609217732],[1.127854405668332,46.360653024622735],[1.128140349986543,46.36050909977514],[1.12857765831719,46.36042800678745],[1.129219278616039,46.36045925152778],[1.129501170928626,46.360547642941626],[1.13014398740599,46.3605059436643],[1.130300692649715,46.36029864517137],[1.130287788723285,46.3599912877132],[1.129992433213373,46.3590415879488],[1.129655184558805,46.35870819415636],[1.129313850625353,46.356479613960225],[1.129602975035619,46.35570973637649],[1.130272831120303,46.35487584581535],[1.129899059303352,46.35389963858039],[1.130058029072802,46.35347350227312],[1.130061834765703,46.35294394020962],[1.129713319450834,46.352218546831566],[1.12942002821652,46.352198423019814],[1.12907052677263,46.35199633089074],[1.128978393979092,46.350735609058546],[1.129077388088201,46.35038955472791],[1.130208150634969,46.34881833030471],[1.130465567115398,46.34859376836301],[1.130779546574524,46.34797021258987],[1.130657230921878,46.34766736577866],[1.130313671758635,46.347330266009465],[1.130029140535312,46.34716887354644],[1.129662050069113,46.347101602507784],[1.129436851706537,46.34710691490361],[1.129148079059399,46.347297633209855],[1.127670473973458,46.34798224456731],[1.127084892038749,46.34814196189241],[1.126443213213339,46.34849621136872],[1.123971424116053,46.349229285502034],[1.118140080805559,46.3511994438994],[1.117391135503715,46.35119068233733],[1.116430829476549,46.35135136353941],[1.108677499170144,46.35385223260334],[1.104584086770692,46.3559433036878],[1.105384862127143,46.35614756685988],[1.103864145702826,46.360159353057],[1.10356828796646,46.36032467068307],[1.103143982167901,46.36107962949239],[1.102953150916277,46.361667332760284],[1.102994957845284,46.36241202979425],[1.102889056604126,46.36276425423605],[1.102466753991281,46.36346069675065],[1.101002346758107,46.364304622486884],[1.099369109318658,46.36300558427718],[1.098426665211775,46.36290700559406],[1.098641786642426,46.36240798559952],[1.096913355318379,46.36194049797489],[1.096853038512091,46.362103424192895],[1.085779260257788,46.35981666184701],[1.078378724746213,46.35842395201043],[1.077896888934093,46.3583635881768],[1.077613641387001,46.35842726909793],[1.076472653333313,46.35868725535272],[1.074494164324021,46.358826804124405],[1.071024194122315,46.36012466621392],[1.069238140869845,46.36089159134081],[1.066944045136941,46.36211646056735],[1.065023321124588,46.362237010442065],[1.062171014739644,46.36221109384794],[1.062147253097463,46.36196388740798],[1.061862591689339,46.36180952678077],[1.060590461141676,46.36176447883838],[1.058936640081414,46.3614399957679],[1.056296785580964,46.361733707893514],[1.053519189159529,46.362387106565556],[1.05007747917458,46.3629813453122],[1.047365490107266,46.36325110068271],[1.046144205137572,46.363457169426596],[1.045709698538126,46.363601048869754],[1.042548843956022,46.36524924355092],[1.040438961230146,46.36653980621725],[1.039850192539185,46.367609681574365],[1.03964333544608,46.36775384822312],[1.033072510556353,46.369879967141756],[1.031113370501824,46.37076762679025],[1.029691049497665,46.3712736043776],[1.027806929622094,46.37173825249679],[1.027332158081625,46.37198495353002],[1.026343749542201,46.37218493406222],[1.023306253576006,46.379494151880564],[1.022326897359694,46.381453419020765],[1.021864499552768,46.38214618396586],[1.021431753157577,46.383134006264726],[1.020674628221267,46.38330282324359],[1.021613244060535,46.38423246410705],[1.022348566113084,46.384846012950305],[1.023615016660312,46.384378854619484],[1.02380654647348,46.384625374552826],[1.024484619208303,46.385563087182994],[1.02454669087102,46.38586230943374],[1.024945276952518,46.38661052564694],[1.023835481165144,46.38692007992188],[1.024611948743214,46.389277271159266],[1.024784864331735,46.38953517632674],[1.025539158135471,46.39005895610583],[1.025868481889402,46.390671758027175],[1.026222630073476,46.39070580841738],[1.02714393411658,46.39143603467434],[1.027251656540893,46.3916252524585],[1.029951844344763,46.39273568801569],[1.030401487164527,46.39214355476583],[1.030907741273111,46.39229190840925],[1.033330695060419,46.39315067341183],[1.033348098634556,46.3936797100912],[1.035147811398653,46.393626947312306],[1.03710606211142,46.393147229366626],[1.038539283251649,46.39304036853707],[1.040977718952533,46.3933263628416],[1.042364863526071,46.39337899486325],[1.043574925088131,46.39357809671997],[1.043622130420711,46.39618565017391],[1.04212156776303,46.396280611673184],[1.040680435360628,46.39653330305891],[1.041145316823842,46.398236479713205],[1.041198138814608,46.39894176600062],[1.041094564764212,46.399651573419455],[1.041891313057349,46.39983458734341],[1.042190675786446,46.40005500088915],[1.043131035877596,46.40146277433244],[1.04393913749213,46.401947715899915],[1.04443315039697,46.402368721457634],[1.04727768739017,46.40358118580287],[1.048274502280381,46.40421614463541],[1.045154684871507,46.4058912646342],[1.042802834887169,46.40662469085897],[1.037489855040043,46.40797373753885],[1.035651392578669,46.40829429925],[1.033274673446805,46.408952343265724],[1.031753496528425,46.40928371465708],[1.030982563543278,46.40935688828264],[1.030960742192566,46.41100937433432],[1.032348925899094,46.41119004368078],[1.0328024321205,46.411940072295955],[1.033378594266615,46.412032869438626],[1.034155330967164,46.412486712712585],[1.034668717851028,46.4126594886862],[1.035927641001307,46.41350263441621],[1.038113875898946,46.4151786790313],[1.03872749543734,46.41582514632155],[1.039325990942285,46.416711847619816],[1.040597610032599,46.416443644786646],[1.042351060514056,46.41810136460766],[1.042078996301789,46.418896554052644],[1.042753987791105,46.4189234419648],[1.042931405614123,46.4188427151889],[1.043118860663753,46.418917987876775],[1.043262248378302,46.41938702806007],[1.043513343671536,46.41932197508537],[1.044348947237605,46.42039195787691],[1.044419399995103,46.42078858851323],[1.045443795887813,46.421788836620685],[1.045721261719738,46.421824211956014],[1.046037932962868,46.42174676483803],[1.046365069622966,46.42181361381984],[1.046915119979628,46.42162036000314],[1.047291293117184,46.42133585732243],[1.048229340827902,46.42092765240891],[1.049861473058891,46.42103300909833],[1.05005593147378,46.42145967662977],[1.050372191964572,46.421502909177015],[1.050556467690839,46.42185013710784],[1.050943921154446,46.42165048445602],[1.051169693380855,46.421857004352006],[1.051594599721191,46.42137425730435],[1.051732019505629,46.420735279178686],[1.051939155323201,46.4204785016325],[1.052440900013947,46.420324029723695],[1.052753779221606,46.42031585617787],[1.052866261683785,46.420156543265584],[1.053896385016451,46.4196480802513],[1.05539395843893,46.41998345376417],[1.057129067611117,46.421183951761385],[1.057849531638447,46.42150786502383],[1.057917198537268,46.42147298687234],[1.058824699217003,46.4219216745377],[1.059496314410711,46.42215467310953],[1.060051908083625,46.422207351020916],[1.060565172970978,46.42279164004124],[1.062053889900074,46.420187684097094],[1.062924269463189,46.420581664936286],[1.065189831145585,46.42141002745266],[1.06654988239541,46.42180687359095],[1.067649043843678,46.418866583373884],[1.067971129252211,46.41690483841329],[1.071304934000614,46.41739086457373],[1.071846275620007,46.416628984923705],[1.070683533233717,46.41647422872499],[1.070722175624691,46.415896612840925],[1.072052183142645,46.415813699143186],[1.072311918145108,46.41594508875992],[1.073719128240681,46.41592560977653],[1.073813603624557,46.415831726706614],[1.076512141344772,46.415680872888096],[1.077133994359612,46.415588667014674],[1.077995794197664,46.415302338005894],[1.081843278878521,46.41592010457879],[1.082619669241109,46.41587730354543],[1.084855583698899,46.41551131387741],[1.085919962912354,46.41382859543022],[1.085610190076724,46.41345230094272],[1.084800920502609,46.412837039302154],[1.084119964283793,46.41197982832843],[1.084264406108284,46.41168591347926],[1.084239239854815,46.41136393139731],[1.084751586008638,46.41112482982847],[1.085144566327306,46.41083598495438],[1.085693041841226,46.40990032261241],[1.085931691906336,46.40966743386424],[1.086358547808449,46.40948904183996],[1.08679066308817,46.40942062511426],[1.087855109340561,46.40951592590388],[1.089268331452985,46.410175506407406],[1.089978712736142,46.41026756130332],[1.091545108057861,46.41012262592688],[1.094251056949667,46.40952562335667],[1.094812047845874,46.4094953572523],[1.0970828443509,46.40979985452451],[1.098959095891882,46.41070302147332],[1.10113719535137,46.41090411116438],[1.103028327821375,46.413293648346965],[1.103596992141994,46.41199344814886],[1.105154435257288,46.41233186458778],[1.106362609220928,46.412753636851654],[1.107218279341708,46.413427157213086],[1.108403207243461,46.41376925826825],[1.109254396896158,46.41412203196372],[1.110273634581884,46.41473698868237],[1.113358123518162,46.419127674873316],[1.113881658874462,46.419731700954046],[1.114934463337845,46.42066151807385],[1.115971283058959,46.420772308826386],[1.117232346518567,46.42076339043859],[1.118403000653728,46.42084574183233],[1.119000607507,46.420662836895715],[1.119277614055475,46.420977247357015],[1.119658824533196,46.42110242161556],[1.119940550175305,46.421090848764756],[1.120157128334077,46.42119349414416],[1.120546213695208,46.42112784322329],[1.122254957367544,46.42056148997473],[1.122320462686561,46.42020948684008],[1.12186136296842,46.41988758464936],[1.120949011449686,46.41967981736546],[1.120488684985169,46.41946957806837],[1.120343177185675,46.41896728460289],[1.120549732021427,46.41792315220695],[1.120020777300545,46.41762621265296],[1.119124399221714,46.41744751599897],[1.119003228592676,46.417297801788806],[1.119035556156626,46.41711548891123],[1.119786219921298,46.41623074176147],[1.120311812753227,46.41601962302186],[1.121420665786977,46.4159649192193],[1.122726599766991,46.4163142647799],[1.123036689353469,46.41634818697227],[1.123237905737933,46.41629114744953],[1.123317976607878,46.41559080604718],[1.123138463196099,46.414599768789536],[1.123318759183745,46.414052395543955],[1.124623781715256,46.41310017038373],[1.125319194379749,46.412454972105586],[1.126826457190713,46.41224823401494],[1.128024442535981,46.41198416275207],[1.130916415773622,46.41172531369776],[1.133358752586797,46.411933715527105],[1.133658399478145,46.411662997128225],[1.133955814406549,46.41065725897059],[1.134868662228937,46.41008491429206],[1.135305691184924,46.40994704020305],[1.135426158771365,46.409469828626975],[1.136545986802957,46.409203491937205],[1.138471839717137,46.40855488065188],[1.13977755713055,46.408487899892535],[1.140260773752584,46.4082165538428]]]]}},{"type":"Feature","properties":{"fid":3334,"ID":"COMMUNE_0000000009750593","NOM":"Availles-Limouzine","NOM_M":"AVAILLES-LIMOUZINE","INSEE_COM":"86015","STATUT":"Commune simple","POPULATION":1287,"INSEE_CAN":"06","INSEE_ARR":"2","INSEE_DEP":"86","INSEE_REG":"75","SIREN_EPCI":"200070043"},"geometry":{"type":"MultiPolygon","coordinates":[[[[0.592593481742959,46.173173999245016],[0.594544994410897,46.17350271757674],[0.605892615392063,46.17414057479585],[0.606083873144914,46.17246262550289],[0.606424932240151,46.17070945355191],[0.606407330224114,46.1698054807291],[0.606683854447997,46.16846085783747],[0.60684472664837,46.16860748946119],[0.609175029770781,46.168722315237886],[0.611470117684456,46.16866338036833],[0.61102688825403,46.16767568658102],[0.609708067077058,46.1676191194026],[0.608922855949281,46.16733863366997],[0.608627058063894,46.16713421032017],[0.608221737118354,46.16667612973858],[0.608194217184727,46.16632600159954],[0.608346172287686,46.165963435563825],[0.608865705278953,46.16540770585485],[0.611371597380173,46.165774832651486],[0.611557177438249,46.16609855297219],[0.615194242470674,46.16597765986974],[0.614811361359388,46.16452548476099],[0.614908583933607,46.16413833849426],[0.616499081806005,46.16620594192434],[0.616770604473154,46.16762604459115],[0.616989000713485,46.16818017198446],[0.617302171307919,46.16852277415097],[0.617594534102252,46.16838926620172],[0.617528996581794,46.167390600482314],[0.6177903273701,46.16674743540881],[0.620228726270236,46.166521061288215],[0.621482713785303,46.16702569569144],[0.623620799668913,46.16678755599397],[0.623940025961755,46.166781620087804],[0.624435798754501,46.16695054459661],[0.625068960055958,46.16783944973143],[0.625109280376817,46.16885469805437],[0.626576131398642,46.16932678666018],[0.627392243717995,46.16895554727017],[0.628179902942923,46.16906208187365],[0.629585074078877,46.16874186072321],[0.630550568468464,46.168273716823215],[0.632322144664817,46.167905248049536],[0.634632021136249,46.1676218333093],[0.636213666625737,46.167176378474736],[0.637181611217954,46.1671911073944],[0.637731986818039,46.16705660812021],[0.638523907189611,46.16721451043815],[0.639842941212065,46.16699507550012],[0.641993697214303,46.167756839921594],[0.644669472701195,46.16813035476666],[0.646040893846285,46.1685632744277],[0.647059285666693,46.16876274445774],[0.649135001833556,46.16864715614648],[0.650683686758301,46.168938643998764],[0.651470954361121,46.16923689643341],[0.652492697997359,46.169994934189],[0.653051988596639,46.17025783469452],[0.654236830158284,46.17056878318328],[0.657874362124105,46.1711690368016],[0.659221274637465,46.171481471214754],[0.659834136189573,46.171675172227125],[0.660812855024619,46.172229547490076],[0.662440351243282,46.17253150293748],[0.663153662814451,46.17280292589749],[0.663831188434644,46.1729709082176],[0.664423391580682,46.17301100956922],[0.664710106474233,46.17316014233193],[0.664917206492896,46.17319953276756],[0.665289677121297,46.17313151268476],[0.665948059787601,46.17289639601391],[0.66631412895088,46.17246068263775],[0.666489925023342,46.172047186220546],[0.66749862471537,46.17205078054886],[0.667520818549172,46.17177286473441],[0.668298526973375,46.171719459147205],[0.668573808583169,46.1714665558895],[0.669425296843166,46.17156870663549],[0.669967784744838,46.17094741635572],[0.670098835699927,46.170640201819005],[0.670118654107092,46.17035683177652],[0.669784571750815,46.16973558216693],[0.671065256500139,46.16944022691467],[0.672391972863018,46.16970974942911],[0.672486577442199,46.16833604848828],[0.671363984404895,46.166160850185165],[0.673097223371717,46.16546484962942],[0.674401204515412,46.164342030767045],[0.675858837523159,46.16384484676053],[0.676740382054245,46.16308181816257],[0.677067508391505,46.16294977254554],[0.67717156619077,46.1625438035027],[0.677312307767377,46.16237371294269],[0.678180854216655,46.16222300349287],[0.678826742681469,46.16178846708848],[0.679721302790621,46.16184998323731],[0.680714153236633,46.16176395380672],[0.68251330180373,46.161434915093515],[0.682713518917709,46.161084054971],[0.683301458235172,46.16116090917799],[0.684231051355701,46.16076095629614],[0.684908033985624,46.16060178679096],[0.685623593461385,46.16063438431928],[0.686031099540719,46.16043998915988],[0.68700148771085,46.159717431962775],[0.688423381503833,46.158831988770785],[0.688624435220125,46.158521675403364],[0.688543352862606,46.15804616685831],[0.688757910091598,46.157846034472975],[0.689805700203472,46.15765384140465],[0.690214511366591,46.15767386594027],[0.690456519178905,46.157776080615385],[0.690851309798894,46.15828318919239],[0.691128021740597,46.15836178426968],[0.691549511491052,46.1583271084373],[0.692859208576556,46.15754833716979],[0.692529557828147,46.15678671169769],[0.692524605993302,46.15634968872506],[0.692667785133569,46.15627422132621],[0.693429803172521,46.15615636816151],[0.694009807454038,46.15592761155564],[0.694989632592419,46.155901553874045],[0.695241558739066,46.15579856124149],[0.695587466148219,46.15546414936205],[0.695950087216403,46.15534898689331],[0.696231579769419,46.15515920749567],[0.696798757866191,46.15514278217404],[0.697390518253992,46.15494217411833],[0.698076625984891,46.15493355845416],[0.698575415748134,46.15469322377015],[0.699385809801367,46.15465738966228],[0.699437418917016,46.15404494331882],[0.699965168406256,46.15367005904733],[0.699861407996245,46.153393193036315],[0.702466299497644,46.15145769656659],[0.703774260416426,46.150743632938756],[0.705650585924856,46.14951763368245],[0.705976339901896,46.14922872922361],[0.706881245573746,46.14733266095743],[0.707149439656678,46.145474182509005],[0.708332432095501,46.144426929260135],[0.709525345362865,46.142488908116924],[0.709792091163147,46.14268076699367],[0.710003847997416,46.14242018258608],[0.710656970568849,46.14086854687925],[0.710768886541734,46.140267222929424],[0.711161088556035,46.13965713467002],[0.712100452232949,46.138729254515304],[0.711195536244436,46.13715342224535],[0.710970271003652,46.13655791354724],[0.710547183721056,46.12936677757105],[0.708990621809893,46.129221870190975],[0.706487907918223,46.12920827743963],[0.704664899938525,46.12905252259545],[0.701033442184147,46.128239434891235],[0.700977775044689,46.12814551810632],[0.699685192390449,46.127855381787946],[0.699683122193546,46.12703915150866],[0.699560471903266,46.126812349720545],[0.69879850547395,46.126351877900426],[0.696690712175452,46.12542087588817],[0.695022452653347,46.12494649135357],[0.694145984275343,46.12394403974344],[0.693314403923641,46.123662289838734],[0.691577719021054,46.12327654993742],[0.689184961920719,46.12324228424687],[0.68879844519764,46.123191174034496],[0.688416282613398,46.123005920908994],[0.687914627936999,46.12245878402733],[0.686646829108029,46.12158523300903],[0.685432530367454,46.12107220701533],[0.684738625271835,46.12047699217943],[0.684148365918472,46.119574886914094],[0.684062990130288,46.11898847677782],[0.681634690984195,46.11670203223969],[0.681435315486393,46.1164231925812],[0.679895947275894,46.11502330636111],[0.679241014740233,46.1149189289596],[0.678963890187801,46.114733087026785],[0.678597348193856,46.11418056015636],[0.678157461028661,46.11404543988225],[0.677787655958272,46.11375409802512],[0.67619368962734,46.112117911558265],[0.675491153452427,46.11179272254622],[0.675432734361439,46.111612251178535],[0.676818360472798,46.11073253570571],[0.677603191671999,46.11042878574434],[0.678721023830073,46.1098156334704],[0.6807147839389,46.10808977256843],[0.68168445185999,46.10708798938651],[0.681989588613294,46.10657892042392],[0.682573412199562,46.1062791399925],[0.683826709940878,46.10527592414919],[0.684821041194767,46.10390165681567],[0.686867650402052,46.09983539796162],[0.687262440535615,46.09821015728464],[0.687241009592783,46.09724308088012],[0.686216976153942,46.09723661847142],[0.686078199829636,46.09754909523177],[0.68536579191269,46.09758411370386],[0.684794706468456,46.097215715958356],[0.683244914848146,46.09714804905614],[0.68297609461979,46.09750381190373],[0.682263685313257,46.09753881090548],[0.681685709432297,46.09739547572959],[0.680022840483974,46.09678582852873],[0.678006415641567,46.09666800852908],[0.677530651367667,46.098088867460035],[0.676977642443654,46.09809015984129],[0.675295385622638,46.097694455212896],[0.673903321733122,46.09769385457158],[0.673808190224175,46.096699134401156],[0.672590524662794,46.09658677955767],[0.672382514465907,46.097033854024346],[0.6721884022126,46.09703077290463],[0.671357341926054,46.096748861824544],[0.666820374674083,46.09704124020271],[0.666117468006946,46.096761024359765],[0.663513991835158,46.095193059562156],[0.661634429755238,46.09529938252341],[0.660283907823081,46.09505442902129],[0.65726057489474,46.09422809485943],[0.6561781116966,46.09489401669445],[0.655505058344561,46.09512965715812],[0.65439230643795,46.09535170057661],[0.651837957627942,46.09564210567614],[0.651607178465642,46.095618410883425],[0.650177650231616,46.09531404430794],[0.64857998667251,46.09479356536669],[0.644338674257357,46.09202724291942],[0.643566762937121,46.091880584535275],[0.641628950016426,46.09180698834785],[0.639695689541738,46.09159741897936],[0.639228614424932,46.09204085004229],[0.638776999306449,46.09203415492781],[0.635570362278496,46.09117548999981],[0.634796548263166,46.0910737762561],[0.634266692634794,46.09147083416985],[0.633390751018059,46.09262733223742],[0.632492037949924,46.09238876457164],[0.6314723351157,46.09192334114326],[0.629688444110493,46.091253658452125],[0.627952118368977,46.092331778653026],[0.626379146940083,46.09289437478694],[0.625605837917029,46.093409723382315],[0.624628170257465,46.09361988924549],[0.621980567817622,46.09348965500294],[0.618572148336338,46.09289834832765],[0.617483306148142,46.092566480679174],[0.615776123777746,46.09132611535821],[0.614452695028507,46.09022532383504],[0.614755854662452,46.088790256789046],[0.614167682448365,46.08900671812981],[0.613973601873313,46.08900353745104],[0.613537718164598,46.08845653150555],[0.613343600458422,46.08845424982778],[0.608985429014181,46.089731855345754],[0.610312523485619,46.09047783497685],[0.611124101158566,46.09104988179603],[0.611933040949984,46.09177231747256],[0.612479690800406,46.09242256114334],[0.611764361903096,46.094132732583255],[0.611719876341952,46.09485792280372],[0.611378073881774,46.09643451267225],[0.611207513295345,46.09681290429773],[0.610042905758664,46.09783432745962],[0.608487710302662,46.09872408462817],[0.608694176172797,46.09880050806834],[0.609413225665191,46.09986430903238],[0.60955270356591,46.100378959687774],[0.611727042080127,46.10267339234645],[0.613015837100635,46.104397805479685],[0.613544350472055,46.10540892028976],[0.613795858270102,46.10543312779369],[0.612655211613964,46.10667490370868],[0.612528870663117,46.10764431771652],[0.612329664519353,46.10811490154267],[0.611614501414555,46.108982736307624],[0.610875703605307,46.11122664629465],[0.61227075950168,46.11101816585447],[0.614511148352065,46.110552664481666],[0.614949181369495,46.11174024699543],[0.613811637258492,46.11180552618666],[0.611186162889012,46.1123079557895],[0.611151507149204,46.113848667726096],[0.608160863568478,46.11357217184573],[0.606719686342516,46.11373728855485],[0.607760877260125,46.11505203225001],[0.607905006106556,46.11557939469106],[0.607192077798305,46.11573824195126],[0.608425612747222,46.1168318074603],[0.608358944775159,46.11761869168874],[0.608206141334975,46.11764700362005],[0.608217830488569,46.11791391680321],[0.607788516431266,46.11896613223744],[0.607836366317193,46.11923560933039],[0.608191285404978,46.119474619928475],[0.607731993223005,46.120322599906196],[0.607643230153658,46.12078379272932],[0.608000826839954,46.12200214008705],[0.608343961958057,46.12274991074],[0.609101753360428,46.12355596347342],[0.610319883764671,46.12450233221502],[0.610593605040582,46.12461349900889],[0.610922497296204,46.1250645646976],[0.611130592328384,46.12576083509181],[0.610945014012782,46.12579747048781],[0.610815105726917,46.12598392572223],[0.610537853454782,46.12601322577103],[0.60998183060503,46.126404224211825],[0.609217062977074,46.12641154515272],[0.608751482896676,46.12668912707952],[0.608243649549413,46.12683608727857],[0.607720711910173,46.12673497912103],[0.60700987502482,46.126842520882775],[0.606746971687113,46.12695860081663],[0.605831955363797,46.12696453354709],[0.60517186633253,46.127185746896465],[0.604968500006622,46.127392268014304],[0.604721577859411,46.1277951674808],[0.605144488434936,46.127902287530986],[0.604591921822076,46.12856900977576],[0.604718960289558,46.12895367261757],[0.605108518898928,46.12937990921678],[0.604858402195556,46.12994490410867],[0.605007780438728,46.13008499238704],[0.604920898492465,46.1305912684299],[0.605011618328152,46.13094723664566],[0.604686438550243,46.1316286660659],[0.604669908775358,46.13185894829034],[0.604530195338284,46.132061406404645],[0.604054653975711,46.13238740905998],[0.604045308106841,46.132512437266485],[0.603789304890023,46.13276649469327],[0.603761704221831,46.13304248923751],[0.603450476684807,46.13307736209219],[0.603303937886183,46.13364363940196],[0.602808562415209,46.13397822762004],[0.602807046200098,46.134250268213734],[0.602592243104461,46.13430248991055],[0.602364895153315,46.13425624790614],[0.602256442089427,46.13439539949269],[0.601817157801197,46.134365401496375],[0.600979676952974,46.13484771136479],[0.600996001883254,46.1351264353811],[0.600264798240189,46.13551909354043],[0.600336678123549,46.13577196469648],[0.600123865711424,46.13583773751828],[0.600047697129713,46.13594964149418],[0.6003337080242,46.136254786161075],[0.599746496877509,46.13649552887391],[0.599746307857724,46.136973904681746],[0.599357225470892,46.13718820274749],[0.599056737759066,46.13712509265095],[0.598942116867297,46.137227173875324],[0.598992631697818,46.13734626040696],[0.599235088659227,46.13743246814941],[0.598886827539477,46.137750330797545],[0.598908410275152,46.137967904990795],[0.599094029291855,46.13822768644146],[0.59894172567535,46.13865780083521],[0.598708976186889,46.138912339508636],[0.598826077236441,46.139257159165005],[0.5985413449028,46.13969258092423],[0.598577337543669,46.13984739663469],[0.598804793965728,46.14006932430457],[0.59867101932633,46.140401631729134],[0.598971480295748,46.140495372622304],[0.598824639299009,46.140593168991884],[0.59849818762251,46.14058986935884],[0.598471344262489,46.14084786107244],[0.598251591968575,46.140982853663964],[0.597956439451888,46.14103426872652],[0.597851026692954,46.14157708586559],[0.598129020436327,46.141828912703154],[0.598083398334588,46.141982903229874],[0.597728610080473,46.14218260651483],[0.597847214752775,46.14246349472246],[0.596929845223654,46.142931475306035],[0.596754139927598,46.14309622622974],[0.596699936926482,46.14335724231215],[0.596428096777365,46.14331995750989],[0.596246354373035,46.14344494013273],[0.59661618405416,46.14381943557095],[0.59579965242737,46.144706660464706],[0.59578485619704,46.14489643808132],[0.595876204341069,46.145266841811214],[0.596629936956846,46.145251263456345],[0.596515729094106,46.145905605660495],[0.596855829307921,46.1461010916974],[0.596993032405367,46.14660850108854],[0.596834820242702,46.14675830710485],[0.596270461158673,46.146888706720674],[0.596195452405408,46.146973605948325],[0.596314709377233,46.14715090544272],[0.596742429116536,46.14703292961713],[0.596990418529593,46.1473192590183],[0.596598231913164,46.14733618560137],[0.596371737547892,46.14747643789926],[0.596608484833111,46.14766433165592],[0.596584046552041,46.14780795915014],[0.595632132995143,46.14770132410713],[0.595383462077188,46.147844708649444],[0.595461180508606,46.14793464274377],[0.59527266950876,46.14806578717213],[0.595293000116113,46.14822297501837],[0.595099716157401,46.14828554938282],[0.595117579456356,46.148587730653034],[0.594941613875833,46.14875787912962],[0.595083333804367,46.14886628592176],[0.595099277876455,46.1491531111663],[0.594845451272255,46.14932521446496],[0.595094659531979,46.1494358973887],[0.595112847957086,46.14952367024954],[0.594714446264804,46.149859379305724],[0.594720365723882,46.15037482208643],[0.594549792447883,46.15045139019733],[0.594044913461951,46.1504659217169],[0.593906463180247,46.150608034497054],[0.593936079456057,46.15096722201126],[0.59384756586553,46.151034716583574],[0.593536237791759,46.151039832534536],[0.593202507131824,46.15087600367031],[0.59306225327875,46.15100005916561],[0.593127100111995,46.15123566867667],[0.593394215634508,46.15147015865692],[0.593343462943366,46.15194746381082],[0.593658596388644,46.152269457355445],[0.593533875278299,46.1530145659869],[0.5932777989944,46.15314878055361],[0.593511923486413,46.153662752366905],[0.593765277571109,46.15359064199544],[0.594082949601278,46.1544757532092],[0.594111488351956,46.15491870181592],[0.594447089670181,46.1552474325077],[0.594417303817634,46.15539455002502],[0.594018924868903,46.15561043769037],[0.593993869023451,46.15582702495631],[0.595030231870748,46.156405730726576],[0.595338767011706,46.15673118268177],[0.595566712811653,46.15729817193857],[0.595393617369804,46.157845861070186],[0.595427953571117,46.158393436555635],[0.594752386125567,46.158721477742326],[0.594731278691874,46.15917328465522],[0.594563271850593,46.15939765593375],[0.59489533027367,46.15989658039265],[0.594684742803605,46.16008671690217],[0.59435120057585,46.16003550975317],[0.59402852866945,46.16015029822116],[0.593966609030302,46.160231869964896],[0.59404581465737,46.16055426941703],[0.593438665257528,46.16074050869903],[0.593003381033602,46.16126462206122],[0.59281691426593,46.16190932230918],[0.592544460766166,46.16206120712744],[0.592574053542392,46.162214087130636],[0.592120064795765,46.16260266539258],[0.592280468840091,46.162817777710295],[0.591968324170043,46.16310575757434],[0.5920954107734,46.163430074284655],[0.591491356942446,46.163899253689216],[0.591354071697988,46.16433868741325],[0.591879032855128,46.16454891609907],[0.591922861812778,46.164879576238604],[0.591746869267135,46.165196567799676],[0.592054472291894,46.16545534114674],[0.592351647074316,46.165538216224824],[0.592419510762262,46.165705420808024],[0.592347580518095,46.165896690026884],[0.591910768395834,46.16610004569302],[0.592025587749893,46.1663790570334],[0.591938175631993,46.166479907440376],[0.590997179568031,46.166737437349035],[0.590814358802359,46.16688491275507],[0.591219194965512,46.16717367807538],[0.590956623926824,46.16751315741268],[0.590991767657543,46.1678643545636],[0.591384183830456,46.1682294326553],[0.591698156604965,46.16837302584419],[0.591660407684097,46.16858303734128],[0.59141586497383,46.168748124443184],[0.591718936730828,46.1697896881674],[0.59194747377393,46.17013687569826],[0.591928700439454,46.17029864059573],[0.591743459348018,46.17050102152949],[0.591785636476318,46.170721736159365],[0.591942913726927,46.170831376282486],[0.592529686346177,46.17078705373951],[0.592641950529104,46.17112456871376],[0.592858642879541,46.171328259452835],[0.592491469931538,46.17168714806002],[0.592312156435727,46.17202028664737],[0.592285395482095,46.17265936147607],[0.592617613045828,46.17280153629082],[0.592514698815548,46.172989446529314],[0.592593481742959,46.173173999245016]]]]}},{"type":"Feature","properties":{"fid":3492,"ID":"COMMUNE_0000000009748593","NOM":"Saint-Pierre-de-Maillé","NOM_M":"SAINT-PIERRE-DE-MAILLE","INSEE_COM":"86236","STATUT":"Commune simple","POPULATION":852,"INSEE_CAN":"12","INSEE_ARR":"2","INSEE_DEP":"86","INSEE_REG":"75","SIREN_EPCI":"200070043"},"geometry":{"type":"MultiPolygon","coordinates":[[[[0.781921363734969,46.72932843475994],[0.781853793810441,46.72912265605652],[0.781940914959565,46.728176736506676],[0.782901901924417,46.72790074990725],[0.783228072209062,46.72741973583625],[0.783195788819412,46.727247967480125],[0.782272382648519,46.72615552196445],[0.783139495684312,46.72496975088884],[0.783367577600646,46.72435623146966],[0.783296414200549,46.72372522350764],[0.783391983307839,46.723501878019036],[0.784730887497954,46.722308090334096],[0.78531476886156,46.721544700274464],[0.786423254964529,46.720988692408156],[0.787683952892272,46.72007169966364],[0.789739820459409,46.717380192433005],[0.790220371101689,46.71686790345038],[0.791252700757098,46.716313087191146],[0.791484704924123,46.716276116506705],[0.791544871076055,46.71524770232153],[0.792639427019501,46.71454634648264],[0.792702648627626,46.714376417450275],[0.792557182535067,46.714217787818725],[0.792960269696236,46.71406340246225],[0.793016845536271,46.71386362030122],[0.793495322488807,46.713400820451334],[0.795979808207335,46.71139572162546],[0.796875574535964,46.710394158753125],[0.799112905136493,46.708600433560726],[0.79943507256816,46.70837331432807],[0.799608517280005,46.70835862481225],[0.800174789289128,46.708053313650495],[0.801835149020704,46.70789236608296],[0.803849153212135,46.708117383112665],[0.805970499909244,46.70850565272879],[0.806248326064496,46.70866229156143],[0.806521899692949,46.70895666460584],[0.806847922787778,46.70950875565333],[0.807417004440427,46.70991145970733],[0.8118752607431,46.711745819438754],[0.813175260359784,46.71247048532299],[0.814654750627676,46.712933731230244],[0.816451078604088,46.713139064524476],[0.819660654270084,46.71418730926713],[0.820826885153596,46.71426800709324],[0.82147021332219,46.714162221237665],[0.822869928930188,46.713515017420875],[0.824920182179147,46.71130561134437],[0.82606283194234,46.71073096282001],[0.826453351263933,46.71042940126729],[0.826867456794588,46.70993102019826],[0.827071106165758,46.70893233827616],[0.827855752068204,46.70827072683113],[0.828259216707707,46.70777574264882],[0.828440523567839,46.70707298333896],[0.82837331968318,46.70678887518765],[0.830124917084036,46.70660222463501],[0.830628992471445,46.70637395612852],[0.830870689793107,46.70638753245046],[0.831048764468866,46.706190931255875],[0.831888198586667,46.705761822316944],[0.832666907489421,46.705836882403666],[0.832983833366793,46.70554021496169],[0.833597765669409,46.705708537472276],[0.834370890441087,46.70566097836383],[0.83456819439701,46.70557282501082],[0.835327237917897,46.70577990635597],[0.835475737361961,46.70563498427722],[0.836269738368011,46.70568778953409],[0.836532819457728,46.70546035596311],[0.836952993577084,46.705529527726426],[0.83770693456566,46.70543744788026],[0.83783525049623,46.70573351022416],[0.838453573827054,46.70592350716512],[0.838757754553403,46.707262346031314],[0.84080303774488,46.707724198314864],[0.842610345083636,46.7096614691801],[0.844296868315663,46.708805924423395],[0.844809676178892,46.70875250354459],[0.847151772249767,46.70883159228288],[0.847415918875533,46.70880772324352],[0.847939342155288,46.70851939270799],[0.848144641240789,46.70849351773263],[0.849417766393731,46.70858403770883],[0.849649998770841,46.70837401182558],[0.850164501937412,46.70817828110555],[0.852397253774661,46.70790932856596],[0.853108750404907,46.70773168313997],[0.853932017492073,46.70744262973816],[0.854732520606853,46.70690093650555],[0.855656086669206,46.70645881793792],[0.856305799837158,46.7059548299459],[0.857258495781329,46.70560331751209],[0.858215703394773,46.705502288416604],[0.860213454291312,46.705012621769605],[0.860559331795231,46.70500736101487],[0.861331824711927,46.70530729599516],[0.861927311629654,46.70591288263801],[0.86214867715221,46.705977356516385],[0.862048688965925,46.70575661327111],[0.865530900861697,46.704475726817755],[0.865834199372239,46.704421018185734],[0.866263456754759,46.70392638669681],[0.86603577374022,46.702556627931706],[0.865415282970503,46.70168758035238],[0.864909882373857,46.70042254204279],[0.864931260278626,46.69964559856187],[0.864515730239797,46.698493021064444],[0.86447908059611,46.698026654534694],[0.864656805540125,46.69636989147814],[0.864157475099899,46.69528510889231],[0.864197401905503,46.69503544523084],[0.865533013844164,46.69392806503223],[0.865214737450243,46.692833143443835],[0.865284495742574,46.6908915352398],[0.865522425158418,46.69063294472792],[0.865474684832139,46.6893827232335],[0.86600422621145,46.68876475546529],[0.866668298081715,46.687353929333696],[0.867135449141333,46.68419019072015],[0.867452512761005,46.68351512190525],[0.868161328832647,46.6828959738919],[0.869548214682359,46.68380897457368],[0.869743957774767,46.68412426757861],[0.870840027757556,46.68477784047736],[0.876992393529195,46.68760670584728],[0.877676024394279,46.688200333636814],[0.878261711040908,46.68895608048873],[0.879133170928892,46.68822638102271],[0.879529343499952,46.68833819049694],[0.880051099530539,46.68808301559325],[0.880384453831333,46.68819456198212],[0.880293913382941,46.68803255721369],[0.880836589490361,46.68724092390049],[0.880693265111647,46.68705632653949],[0.879606888904105,46.686820974294754],[0.87933820834682,46.68659532611581],[0.87926561003623,46.68634267716393],[0.879500841022445,46.6855138397425],[0.879298133921516,46.68530832636504],[0.878806517558144,46.68509386767062],[0.87876078774346,46.684991238222466],[0.87929885756379,46.68448506177834],[0.879318768656557,46.684377340856685],[0.878893793361575,46.68416591580776],[0.878803201391117,46.68403903749781],[0.879054673949375,46.68359872081163],[0.879871765779551,46.68281756981065],[0.880668452867242,46.68182075896483],[0.88288342033772,46.679893541666296],[0.883056905051467,46.6795724766459],[0.883832558846146,46.67867613991999],[0.884933932759294,46.67916123713052],[0.885499152126931,46.678694265577526],[0.885421199571159,46.678444223921616],[0.886719435835025,46.678309620374726],[0.887102449001943,46.67798430328686],[0.887280991149783,46.67793624992686],[0.888851184017775,46.67848128605768],[0.889161097731496,46.67825189675299],[0.889805439376179,46.67810522277715],[0.89035717692651,46.6778829813455],[0.890629909987999,46.67759976070083],[0.891883527467384,46.67682655516384],[0.892825556891034,46.67612327443752],[0.894118844466046,46.675439046683636],[0.895084186424749,46.67507845701546],[0.895676157392705,46.67543790568432],[0.895768875112643,46.67605120828068],[0.896714952520288,46.67727014620352],[0.897266045276104,46.677097400936496],[0.898514585070258,46.677061735764475],[0.900322821595221,46.67723987099184],[0.901168956512126,46.67745802325395],[0.901997453993456,46.67755694933186],[0.902430304577824,46.67770087722492],[0.903100691937369,46.67803109496693],[0.90384170778259,46.6782608162713],[0.90615390152884,46.67847148643513],[0.908554671751137,46.678251372410756],[0.90924645636198,46.67809464647522],[0.910505075198727,46.677524899181904],[0.91066520512758,46.677376492962686],[0.911377907894795,46.67565375957998],[0.912113524703372,46.67479794509151],[0.912430926091516,46.6747451750418],[0.912173851927677,46.674249595641015],[0.912227447162107,46.67271842266082],[0.911680426115999,46.67088087295264],[0.910267945899716,46.669637349656604],[0.908850819074864,46.667972178210384],[0.90779652699506,46.667114362469405],[0.907525044892583,46.6669950154963],[0.90717958375266,46.66652032814513],[0.906822336702394,46.666249891792056],[0.906628329805688,46.66595361074882],[0.906749068669271,46.66546851594331],[0.907589405202533,46.66467769289428],[0.909826101252243,46.66163165949206],[0.91308816471379,46.6581773034078],[0.914893853105699,46.65595110822558],[0.915967743647286,46.6543159804227],[0.916380721399219,46.65214190211896],[0.916934305488821,46.6514178614655],[0.917900115933617,46.65048332757534],[0.916422669217943,46.65046729338665],[0.916104299021217,46.65034441070648],[0.916290920244496,46.650218997469594],[0.916213951132154,46.650111311418385],[0.913870194278079,46.64979936442902],[0.911450128119772,46.64936347828425],[0.909217943899874,46.648634623728796],[0.908467925371904,46.64851285326616],[0.907574972086053,46.64846863484306],[0.906427128592708,46.64858999468269],[0.907119335646404,46.6462381898742],[0.908105101311758,46.644141243835946],[0.906900313976258,46.64394360589176],[0.906991984198834,46.642819352860585],[0.906233790979589,46.642946021564434],[0.904767344226535,46.64200497187],[0.903613171749037,46.64151368049299],[0.899282670785854,46.63732519749199],[0.898639542467817,46.63633699983229],[0.897950481399723,46.63575959628845],[0.897908248169238,46.63546517855016],[0.897762500487387,46.63541296417923],[0.896890935055209,46.63431427680449],[0.896050707735765,46.63298106231414],[0.895704164151277,46.63220456098812],[0.889904398436694,46.63363549668007],[0.889868610231455,46.63499586866872],[0.8882837661002,46.63523059691984],[0.883996378681399,46.63478221065278],[0.88382138502528,46.63433941341925],[0.882907114667385,46.63374064281863],[0.882214579688426,46.6325523672825],[0.87955545338473,46.632504998112395],[0.877003796581911,46.63228391132421],[0.876311750144443,46.63219182262928],[0.876155115084706,46.63191689243293],[0.87581817081293,46.63187281578327],[0.876353705554126,46.63490116361857],[0.876687210181056,46.63570360802598],[0.876839919590621,46.63661529601713],[0.87536926600032,46.63666911014641],[0.875224716273784,46.63735640675521],[0.875371356528562,46.6384229136053],[0.875750718185428,46.639256835618866],[0.876352908778152,46.639810247377994],[0.876495227471748,46.640084010416366],[0.877303537316539,46.64279493071927],[0.874662744243914,46.64300180878472],[0.874776720433591,46.64410103718372],[0.873398368097406,46.644397942450624],[0.870791389765228,46.64457383400595],[0.870851905690018,46.645533358470374],[0.868487575992572,46.64579026953618],[0.865826855482387,46.646233474919356],[0.863229819365258,46.64602025578419],[0.860299439944923,46.646567298342056],[0.85943587147906,46.64684121885617],[0.857515210859884,46.64645764531396],[0.856994997307009,46.64561922527527],[0.857357442441348,46.64525038533318],[0.856181586935684,46.6449527683213],[0.85487379934259,46.64405456721694],[0.854443615803139,46.6438528529322],[0.853564159691875,46.643104972329674],[0.85307886632186,46.6428418698451],[0.852763454563535,46.64251619241526],[0.852552317924379,46.64190152270843],[0.85205983862177,46.6414896557299],[0.851534338029337,46.64135099821538],[0.850684720414879,46.64127291706206],[0.848865483628101,46.64064608850275],[0.847714247711352,46.64035785128493],[0.846696858543283,46.64151153226218],[0.846002099600065,46.64254245941401],[0.844193320041173,46.643928053042465],[0.841998901892708,46.646162983714454],[0.840704718342946,46.64703486957755],[0.839535295971982,46.64855133570955],[0.83814185937658,46.64941681960371],[0.836325068517697,46.65020403816899],[0.835160601210316,46.65106570172351],[0.834610557248636,46.65167323630486],[0.834399520109202,46.65207819597732],[0.834199167820494,46.65316703558254],[0.834052454837061,46.6548793145404],[0.834102571448064,46.65526308506979],[0.834639238231449,46.6563388230947],[0.833913966392618,46.656352145680145],[0.832945265547094,46.656138374613946],[0.831845165349652,46.65616891921585],[0.831478795087366,46.65610524213819],[0.831100115208695,46.65595665933342],[0.829708624702518,46.65502866334706],[0.829250614847719,46.65486866401086],[0.828661772413598,46.65477464299688],[0.826969801180369,46.65459125726436],[0.824000550672835,46.654813275351145],[0.823268354642488,46.65480387972683],[0.820856751734361,46.6541023089599],[0.81973480287214,46.654026031015725],[0.817945429708402,46.65402171286125],[0.815139653419912,46.65359355623861],[0.814574885074462,46.65322698817883],[0.813704462731137,46.653044650729754],[0.811691618909744,46.65277565015085],[0.809891319672585,46.652718752314335],[0.800564894604081,46.65293293815402],[0.798200061438682,46.65602673828776],[0.790391672542277,46.65572968738027],[0.78943341784098,46.65555267838849],[0.785981930912912,46.65578873773974],[0.785158784238034,46.65547468138881],[0.777630215428361,46.65188801198009],[0.775042333912179,46.647615851877916],[0.774803764355191,46.647628335876085],[0.772590369861873,46.64900678297326],[0.769879811567759,46.65028904322189],[0.769766380079254,46.65024810279864],[0.768311863975795,46.651138595084824],[0.767556962026386,46.6514283614952],[0.767378082391956,46.6519617448843],[0.766156874964872,46.65328462683992],[0.765126212873626,46.65487153769049],[0.764983756265517,46.655027298510554],[0.763824687060283,46.65563164225298],[0.763728661030959,46.65656658447344],[0.763021234091775,46.66002350317432],[0.763039780565285,46.66030400862936],[0.764878551039407,46.66032185272047],[0.766670466031587,46.66084319259802],[0.766933385169297,46.66113115899405],[0.767046365199811,46.661565734567034],[0.76673715280444,46.66316850843377],[0.767028149099714,46.663760584397366],[0.767105186071235,46.66433768379453],[0.767738436099049,46.665039110780306],[0.767962470092942,46.665701041810195],[0.767949568737863,46.66601516311172],[0.768222959035866,46.66668616109016],[0.772224380664428,46.66977977611883],[0.767223708351394,46.67221731590403],[0.764639552038564,46.67185890832115],[0.747351847448197,46.67355640956659],[0.749223283304484,46.67595591197106],[0.747440565352584,46.67615151344724],[0.740085942948238,46.67752735895576],[0.738244737158553,46.67777391236494],[0.737989577560918,46.67786706621604],[0.736531337247275,46.67950745783375],[0.736203676672779,46.68011532870345],[0.735610231004404,46.68006578124907],[0.734422375267594,46.680146815746554],[0.733619777313411,46.681346123692265],[0.732926397804004,46.68133872660101],[0.732797991178799,46.6821261803768],[0.733036789420568,46.682676778105325],[0.732158460063526,46.68484202663989],[0.734055033988724,46.68506326786324],[0.734980427435853,46.685346375736096],[0.735466878711566,46.68557757367897],[0.737006702793243,46.68660242995374],[0.738256811506384,46.687733249880985],[0.740291590120191,46.68797062195332],[0.740639396332671,46.68785406510745],[0.740845150553483,46.68787973617787],[0.741500994974502,46.6883511496608],[0.74263365251516,46.68890941012277],[0.742940406612616,46.68949735237721],[0.744198705299779,46.69024633207812],[0.744352112835036,46.6904295051674],[0.745130843114896,46.692924668995325],[0.745643273485312,46.69344728448884],[0.746577021972289,46.69384936168175],[0.746825538701907,46.69432805383238],[0.748050364590593,46.69389900874952],[0.749426846922925,46.693221608123245],[0.749648003315831,46.69303407993728],[0.750545056138755,46.694291146200946],[0.750574064865591,46.6953609412569],[0.751565810986001,46.69660904481891],[0.752168288396031,46.697836902064516],[0.752831578169941,46.69863987792033],[0.754178792664785,46.69971656288073],[0.754064971548155,46.70202573130301],[0.754193338049435,46.703955907613995],[0.756464920873281,46.705355110717484],[0.756621779799829,46.70555184424336],[0.756405766621419,46.70596287890372],[0.755257092548793,46.70726906025301],[0.754392101358919,46.7085537589355],[0.754955043231717,46.70865214843389],[0.755446947592283,46.70888516291017],[0.756413049790175,46.70952649030065],[0.757204560493539,46.71021033666813],[0.758936532869592,46.71222227137997],[0.758837217510073,46.7124392200998],[0.760073044470546,46.7146080877736],[0.762825947745643,46.716831740688164],[0.764538177971128,46.71780640746183],[0.766298172200677,46.71848111952008],[0.766526008411386,46.7187053410373],[0.766813794073418,46.719318960314084],[0.769506921107325,46.721511552216676],[0.76970469647323,46.721766709531785],[0.769846876558536,46.72219553541623],[0.771099735308068,46.7228170785275],[0.771579159387256,46.72342269471315],[0.772018700093775,46.72359606697281],[0.772234506626857,46.7238272486716],[0.774006427071663,46.7248569694121],[0.774562162310979,46.72555142589621],[0.77518759859831,46.72607968770173],[0.775531416224835,46.72667184814424],[0.776337446827236,46.72742879362275],[0.776988858589745,46.727803516966276],[0.778134273948366,46.72814276011402],[0.779387062937888,46.72864350370897],[0.781921363734969,46.72932843475994]]]]}},{"type":"Feature","properties":{"fid":3591,"ID":"COMMUNE_0000000009748993","NOM":"Haims","NOM_M":"HAIMS","INSEE_COM":"86110","STATUT":"Commune simple","POPULATION":230,"INSEE_CAN":"12","INSEE_ARR":"2","INSEE_DEP":"86","INSEE_REG":"75","SIREN_EPCI":"200070043"},"geometry":{"type":"MultiPolygon","coordinates":[[[[0.931971700765466,46.5387684835997],[0.93244175695313,46.53828336733296],[0.933242718174216,46.5369548182541],[0.934805397190125,46.53522657247287],[0.935258872440704,46.534970837820126],[0.936355357138356,46.534624017251446],[0.937560723273457,46.534469208123284],[0.938050028903814,46.534266352304435],[0.941401739430596,46.53191991206648],[0.9429813687714,46.53125294964441],[0.9437705786873,46.53081406181876],[0.944927768788958,46.52944229809057],[0.946428443707092,46.528373938276765],[0.947947218686519,46.52782831918005],[0.950851535488577,46.527431814748276],[0.951597816010779,46.527159644903406],[0.951922784159344,46.52740236115243],[0.955314007513205,46.52682710641273],[0.956445528198617,46.526721223893134],[0.957979322177503,46.526327968647564],[0.958940984783737,46.52622713575576],[0.960005620491669,46.526303777027444],[0.96053086983337,46.52639150892706],[0.960691780635397,46.526520482480336],[0.96352899664719,46.526832249875504],[0.966229118598747,46.52630741939107],[0.967788885068698,46.52633514336546],[0.969426674896563,46.526020147199326],[0.970503511051334,46.52625994171683],[0.972378349107829,46.5257464424229],[0.972928756990076,46.52652633342322],[0.974064585834169,46.526373515113306],[0.974647774648307,46.52655318297309],[0.975270227353823,46.526589424158956],[0.975945548796983,46.526361779496185],[0.976710341206672,46.525657419954726],[0.977230018556395,46.525438724190955],[0.977441616200408,46.525222685276795],[0.978014045605211,46.523195329444576],[0.977792428298054,46.5225563883496],[0.977533581443444,46.522358151809],[0.977080733527057,46.522183505632114],[0.975756179351215,46.52088551905823],[0.975105241799457,46.52042362440296],[0.974829833093881,46.52007466400629],[0.974508193056779,46.51942493660524],[0.974767264575674,46.518773783754924],[0.974616613766909,46.51836848353493],[0.974643333754554,46.518105939711305],[0.97550003829459,46.51748878737094],[0.975328021850286,46.516991233972206],[0.975730903815172,46.51685875098472],[0.975909073431592,46.51659348320571],[0.976267951351538,46.51638095412799],[0.976472056796159,46.515768457653216],[0.977034066440841,46.51549646853838],[0.978024422170162,46.5153896814333],[0.979200285202954,46.51513574015814],[0.979498876072329,46.51514101630598],[0.97971633820387,46.51532860983307],[0.97991564339147,46.51590049907492],[0.980187390198513,46.515890887274345],[0.980669604738117,46.51555351850579],[0.980857763365546,46.51551090310738],[0.98103539726213,46.51554106167879],[0.981328877464398,46.51589573057445],[0.981982314791571,46.51600814661983],[0.982512856455233,46.51588059508445],[0.982807434064077,46.51532462986225],[0.983151952972325,46.51525234211143],[0.983546430383591,46.51548718628382],[0.983846394098446,46.51549067376632],[0.984151357472833,46.51539426634825],[0.984408591544746,46.51517721833186],[0.984532725883324,46.51453717794509],[0.984864889925162,46.514198948821395],[0.984941680738702,46.51378055672927],[0.984364331665744,46.51330469820736],[0.984816736286901,46.51292535310553],[0.984766628849382,46.51276323737437],[0.984313687778626,46.51248683312411],[0.984163903916826,46.51219775691525],[0.984193276976665,46.51189742707198],[0.984434304657562,46.51141257323299],[0.984413438082467,46.51116540223553],[0.984200126926039,46.510795040115035],[0.983973512957692,46.51064332323213],[0.983698542494932,46.510599742949665],[0.983335134615586,46.510689713574514],[0.983149388012004,46.51063239293784],[0.983223969826465,46.51037969916923],[0.983664194053546,46.50980017916552],[0.983612965769457,46.509703797132914],[0.983009119515033,46.50966342243638],[0.982854358027428,46.50954449659816],[0.982589153320327,46.509483971702515],[0.982405592694667,46.50894479111469],[0.982056122846466,46.508940425514005],[0.981673868041713,46.50932820394112],[0.981056705701045,46.51049277756667],[0.980319496273319,46.510812132577634],[0.979907197984189,46.511235404478235],[0.979767522293885,46.51120231154547],[0.978722715450461,46.51059836421777],[0.976579747134444,46.509142691450045],[0.976551962914324,46.508836847485235],[0.976118748936576,46.50803112066094],[0.974746655568001,46.50693403808829],[0.973432593910614,46.50708459826502],[0.972727730005784,46.5064640993634],[0.971093585447319,46.505646059042306],[0.970109831287147,46.50491430549173],[0.969212515576984,46.504419173294146],[0.967932934383876,46.5033659825815],[0.966825992875004,46.502826570964515],[0.965954764696362,46.5022282897642],[0.963953146459391,46.5010919449311],[0.963686847864729,46.500817877966085],[0.962763923700201,46.50031322894585],[0.961092619524063,46.49959075697562],[0.959413193305637,46.499016738598776],[0.957354157571812,46.4981314585929],[0.952464855260544,46.49627220947612],[0.951003418654781,46.49660092036351],[0.949801373726932,46.49526877104468],[0.947364445641207,46.49323887320381],[0.946231605799743,46.491908826176875],[0.941899091647169,46.48814139703234],[0.938851774090482,46.48478430233823],[0.9387907677307,46.48467330949583],[0.939357013941077,46.48411334004552],[0.939946495674921,46.483007026129606],[0.940638328497487,46.48039828626476],[0.939229959257061,46.48064312603562],[0.937100851083399,46.48125776375869],[0.930922885759071,46.47788531856284],[0.928956546162374,46.47661745459231],[0.926403953923,46.47441383300198],[0.925979459754368,46.475633870622275],[0.925536602718339,46.47623925223333],[0.925322945613736,46.47671457988969],[0.921339280050305,46.48018038964526],[0.920121198609768,46.483809928315296],[0.920313439093272,46.48389809859592],[0.920452226315179,46.484669876997025],[0.915795116861014,46.486931537459355],[0.915430681236204,46.48762928987235],[0.915049306870955,46.48798534204881],[0.914850412290075,46.48810511856721],[0.913989309517819,46.48821731449174],[0.913081673704489,46.48906818335686],[0.912341620683555,46.48952667005643],[0.911434227741944,46.489961376875996],[0.910812278143054,46.49036616456187],[0.90956003628399,46.49095038591826],[0.909066440667047,46.49147641310333],[0.908697425882704,46.49246050576588],[0.907069969760365,46.49276039915258],[0.905916551510662,46.493451781325504],[0.898393548277871,46.49751310007303],[0.897720941814768,46.497501633376906],[0.895835956909959,46.49770925948121],[0.891362557608539,46.497761946837755],[0.890287360948738,46.4973340592425],[0.888405863323906,46.4968111012653],[0.887108451722632,46.496261977438586],[0.884951014086005,46.49747415488908],[0.88406097877608,46.49809092773495],[0.884962321330654,46.499334460773824],[0.88541880374979,46.500311236220625],[0.885482677725235,46.503742559346875],[0.885926273965856,46.505893699349905],[0.886370407505896,46.50951220238091],[0.886295136830039,46.509972906488365],[0.885665129911488,46.51168443348948],[0.884538166305825,46.51500454903352],[0.884364606113881,46.51604713292224],[0.88301146217956,46.51876944170886],[0.881815608857904,46.52022816544871],[0.881339830445858,46.52058416443421],[0.881536294761435,46.520666170976945],[0.881200908202691,46.52150578158918],[0.883310571089821,46.520979163465384],[0.885020615869128,46.5206613021957],[0.885945150110457,46.52061083865524],[0.886221809343122,46.521014092543645],[0.886741225013809,46.52282973352925],[0.888503441905976,46.5224461267517],[0.888508949190679,46.522034577264],[0.888726046574544,46.5216854840133],[0.889904260954821,46.5215207696903],[0.890584054938867,46.521657616189316],[0.891756377795075,46.521645003949885],[0.893027881061663,46.52142973282247],[0.892766636326973,46.52167263054005],[0.891938456501025,46.52287520544645],[0.891839524480867,46.52317243659779],[0.892062222354987,46.5238250937112],[0.893068917947019,46.525059678546356],[0.893568286825489,46.526286712714715],[0.893662848900193,46.52930962322783],[0.893974620482421,46.52931356253991],[0.894570214641356,46.53028114002973],[0.894612869793746,46.53062962054567],[0.895710621871781,46.53140376089202],[0.897935531281017,46.53249676179474],[0.897780422720397,46.53272810995439],[0.897717264046876,46.53311337693146],[0.898269729081577,46.53374685736644],[0.898551954263835,46.53465280582811],[0.8985171500881,46.53535205955382],[0.899399393084584,46.536675270308514],[0.899310235601742,46.53678712924939],[0.899470421908576,46.536898162172555],[0.899603625661534,46.53750592041647],[0.900754288924778,46.539114183884294],[0.901594892576175,46.541182441107644],[0.901902459973248,46.541500646117434],[0.902269833276106,46.541723565365224],[0.90365052268256,46.543871965090034],[0.905936194215397,46.54785013993114],[0.906495728859824,46.54850982584342],[0.90677255816974,46.54945978612386],[0.9075525352338,46.55090715806592],[0.907338092156554,46.553328076584314],[0.907039077543944,46.55458547021012],[0.907303151207751,46.55450923148931],[0.907752286432464,46.554612023517194],[0.90818721312295,46.55430290800291],[0.909308164583396,46.552653389431434],[0.911364705660662,46.55067595171785],[0.912737920323395,46.54952552137771],[0.913788521825617,46.54534355185369],[0.912037865449202,46.54445769958715],[0.913026544049736,46.543935283391136],[0.913573483768769,46.54380023670228],[0.914277128150982,46.543731998007466],[0.916592635015183,46.54374175855228],[0.917573229707827,46.54353171923133],[0.919353707518753,46.543296587498325],[0.920507685995878,46.54302392117475],[0.921538414159587,46.54249138846925],[0.925034916096897,46.54120822745415],[0.927428052168416,46.54061567364151],[0.930716870840357,46.53967266823983],[0.931450893890443,46.53921484881191],[0.931971700765466,46.5387684835997]]]]}},{"type":"Feature","properties":{"fid":3704,"ID":"COMMUNE_0000000009749669","NOM":"Queaux","NOM_M":"QUEAUX","INSEE_COM":"86203","STATUT":"Commune simple","POPULATION":570,"INSEE_CAN":"10","INSEE_ARR":"2","INSEE_DEP":"86","INSEE_REG":"75","SIREN_EPCI":"200070043"},"geometry":{"type":"MultiPolygon","coordinates":[[[[0.684541934064248,46.307820461969946],[0.684963659405648,46.30651737948263],[0.685773002798175,46.305760886737325],[0.685834391685775,46.305508091092086],[0.685740487734907,46.30514673956765],[0.686377008589087,46.30475698546596],[0.687242851157666,46.30453854379415],[0.68753067345018,46.304310163759666],[0.687735223316426,46.303868390311344],[0.687709196801223,46.30334626353051],[0.687046446591208,46.30198962310913],[0.686790201570922,46.30110247590118],[0.686284709157637,46.299993157084764],[0.68531480382296,46.29864828142555],[0.684554501605853,46.29787970565485],[0.684386472531996,46.29739703049833],[0.683511201069017,46.29621351411451],[0.683346302714141,46.294337265454494],[0.683474170972062,46.293987629069264],[0.682383041463982,46.29372940210959],[0.682140517341755,46.29353348304142],[0.681719724129282,46.29276008417529],[0.68174293210228,46.292580383851366],[0.681980913778457,46.292331184704324],[0.681991615156315,46.29189448355727],[0.681618471551925,46.29195985738888],[0.681294276169626,46.29185145905176],[0.681447782446917,46.29160234264944],[0.681389106639573,46.291300259347366],[0.6810223682116,46.2910918988366],[0.680341880891759,46.29003844139139],[0.680035382827769,46.29000336971607],[0.679874875567503,46.28989650006671],[0.679814218821783,46.289396185055125],[0.679532657407364,46.28920216694231],[0.679208129771657,46.28858116319542],[0.678718186224909,46.288061286702714],[0.678032164477133,46.28781397537974],[0.677588781511473,46.287820247828144],[0.677514431577464,46.28788809804577],[0.677103855419935,46.28764189442995],[0.676602472703396,46.28751455247937],[0.676611347273046,46.286999438127815],[0.675056930152834,46.286730782216125],[0.673534249642382,46.28614384620303],[0.673019941356529,46.28604595254176],[0.672519510913472,46.286171755369566],[0.671751575799084,46.28705692331119],[0.671080773009207,46.28727743088409],[0.670776059249572,46.28747569517676],[0.670455081444384,46.28790334733941],[0.670359558779935,46.288559927675436],[0.670210557079118,46.28879380747706],[0.669872160300783,46.288928319615074],[0.668995492869219,46.288947312469745],[0.668827150149433,46.28902494440099],[0.668341770654869,46.28891861357546],[0.668006214302355,46.28874237867642],[0.665125883429501,46.2883923731539],[0.662382902595149,46.28793070320759],[0.660057813740305,46.28708747719974],[0.65719563752989,46.286953850778794],[0.656183270242214,46.286440238948444],[0.65537743768609,46.285261521797835],[0.65505773080377,46.28495945142932],[0.654439751200156,46.28461339924022],[0.653918276091437,46.28416843415281],[0.652105217212946,46.28339054232572],[0.650237567410247,46.28179710239874],[0.647447466411768,46.280930497839286],[0.647046323322292,46.28074113199409],[0.645288220335603,46.27838862804837],[0.644726830557052,46.277877929050426],[0.643859841448115,46.2772834272112],[0.641704973612245,46.27642621652811],[0.640798618922489,46.27575159726771],[0.637930057188809,46.27442547622747],[0.634373734841893,46.27248320046201],[0.628524809054604,46.268591301778116],[0.626080724306292,46.267526859105224],[0.625899886444855,46.26738345017648],[0.625872388159881,46.26723873498694],[0.625537901257116,46.267103832018904],[0.623751712083076,46.265728740409074],[0.623526756345486,46.26570422421956],[0.623095876402202,46.26635377479561],[0.622827700072752,46.26633736355985],[0.62057133171278,46.26577040456893],[0.616931393095902,46.264253731736304],[0.615373979523063,46.2642535441965],[0.614930003656436,46.26433703294632],[0.612452624939497,46.26508868540492],[0.61223952785901,46.26523916818551],[0.609245609632812,46.26511596050697],[0.608493771268663,46.26522899306538],[0.60773854922428,46.26491402607271],[0.606889469327142,46.26436915478763],[0.605790546641588,46.26347848403366],[0.604852388304524,46.26241731286464],[0.605311969915176,46.26821341602467],[0.606680725225709,46.271402531986546],[0.605226849569838,46.27167375346415],[0.604586544605388,46.2722638787273],[0.605812368850944,46.27373199492633],[0.605714300443445,46.274043442577465],[0.603464661185944,46.27750327758274],[0.602891336911579,46.27979568900668],[0.600588419350939,46.28084536539768],[0.599732556608689,46.28133993288309],[0.588233203135678,46.29122029078028],[0.588769524483242,46.293441545789435],[0.58987699294875,46.29553254430107],[0.587011927370673,46.29628177880161],[0.583396205267507,46.29657447776622],[0.583422982893109,46.29688045011989],[0.587130929936427,46.30039148370388],[0.592474568232971,46.30413967224959],[0.592735912407923,46.30416771840391],[0.59285016394403,46.30428905095105],[0.59268601976228,46.30710357522548],[0.592980051211681,46.307393570233494],[0.594386771459378,46.308365621123734],[0.59409723700666,46.308918960187846],[0.594133788409994,46.309122432937805],[0.594960361681888,46.31087230281488],[0.593535204896885,46.311026887588326],[0.591601406196706,46.31287158754504],[0.586415700418607,46.31404110514372],[0.586370071513409,46.31696083754409],[0.586205537434469,46.3180375236278],[0.586093977762381,46.31823786112179],[0.588009233796382,46.3215396587318],[0.59193458018451,46.32355420137815],[0.596607785619796,46.325483479457446],[0.598742220729409,46.32707170311445],[0.600323991418243,46.326439269023496],[0.603084716580275,46.3246901956496],[0.603914269866815,46.327274270486676],[0.604192803152957,46.32866388916388],[0.604197596658525,46.32938560014137],[0.605431896726331,46.33169889378517],[0.606789158327426,46.333790433081774],[0.607776613525967,46.336339948989796],[0.610250527692289,46.335981047771845],[0.610349924455286,46.336176821976565],[0.61081172305949,46.33656217245907],[0.613837065255447,46.33763454311061],[0.61431239935519,46.337948992267464],[0.614397987455348,46.33810393377146],[0.614561483025452,46.339037066142254],[0.613982197663987,46.34104471788726],[0.614233715658308,46.342345450961815],[0.61436847030217,46.34259601395529],[0.614442170290149,46.345378577598225],[0.614274753493645,46.34575704739041],[0.613829536942372,46.3463305985251],[0.613449854857977,46.348144232123396],[0.613382039888781,46.35059140753656],[0.61394726231159,46.350667202051945],[0.613468669571334,46.35152743478448],[0.614209564027489,46.35151321368514],[0.614742149627972,46.35194957407808],[0.615106000189166,46.3520788053064],[0.614898743622859,46.35244563201663],[0.616474227014639,46.35370017594589],[0.616187531475827,46.35385994339297],[0.618648177551757,46.35519602189294],[0.620318620872728,46.35600655759066],[0.621864649333101,46.35842163787329],[0.625507160604736,46.35757055476754],[0.627669419216341,46.356886758669184],[0.630147652203024,46.35578607994901],[0.631636163430593,46.35593502588344],[0.632997629805913,46.35622365269695],[0.633843569676448,46.35630877800479],[0.637864490627766,46.356086761551914],[0.639532117866333,46.35591500098469],[0.641634180280235,46.35586661432492],[0.643799894606411,46.35509610578051],[0.644810684714361,46.354888170433824],[0.646828180197712,46.35468749675041],[0.647229841103788,46.35451471190572],[0.654739415243156,46.352395653397956],[0.663682490918937,46.35215317132982],[0.667375185280514,46.35080092117012],[0.66853963548335,46.350646371217465],[0.669765876089341,46.35062910272052],[0.673610838701717,46.35033918018434],[0.67448438277402,46.34998855156806],[0.675755990999862,46.349852330097825],[0.677236941968174,46.34953478320515],[0.678368268322945,46.349147938252436],[0.67868148410046,46.34955339729927],[0.680173926912456,46.34951621377259],[0.680987593030366,46.349287735474206],[0.68157706184815,46.34882407236966],[0.680830041719204,46.348309801561626],[0.679992805348841,46.34743875112023],[0.679409872787341,46.346001726545495],[0.679122682738612,46.34424821243922],[0.678510411331562,46.342645726805635],[0.677995537045203,46.339792124475395],[0.67771869651263,46.33908291213977],[0.677706012521986,46.338493490916534],[0.677939401613587,46.3373163171233],[0.677020627709568,46.334665278194656],[0.676433043770311,46.33358758074517],[0.675443753239249,46.33223142782556],[0.67351521541031,46.32923273898117],[0.672981389405061,46.32759758274194],[0.673088538809174,46.32682142491704],[0.674009430745273,46.325593431860206],[0.674788775462341,46.32387067237814],[0.6750387157432,46.32129479967794],[0.674946539775714,46.318355202974466],[0.675560380069696,46.31691373461011],[0.676831137798813,46.31540188086111],[0.679387169969213,46.31328740054233],[0.681647640445129,46.310258782663176],[0.682412368253708,46.30972932211079],[0.683738620020961,46.30898606055012],[0.684175474020609,46.308493162758296],[0.684541934064248,46.307820461969946]]]]}},{"type":"Feature","properties":{"fid":3747,"ID":"COMMUNE_0000000009749210","NOM":"Thollet","NOM_M":"THOLLET","INSEE_COM":"86270","STATUT":"Commune simple","POPULATION":163,"INSEE_CAN":"12","INSEE_ARR":"2","INSEE_DEP":"86","INSEE_REG":"75","SIREN_EPCI":"200070043"},"geometry":{"type":"MultiPolygon","coordinates":[[[[1.116506000473217,46.47122831680023],[1.116965196793616,46.471445750599266],[1.117502829454714,46.4714681199469],[1.125047953281502,46.47083377936558],[1.125846822601484,46.470954970166936],[1.125985776236025,46.471046419270856],[1.126856522062206,46.4711246470559],[1.134438050378023,46.47151709016491],[1.135177979809713,46.470960823244575],[1.151835552307016,46.44864815159707],[1.154321864622865,46.447876822030324],[1.156563091441275,46.44683667724845],[1.157510556320135,46.44783553299719],[1.160205934005185,46.447198051380084],[1.165352441749208,46.44667106213238],[1.16833539814825,46.4465063741336],[1.168594840450823,46.446230416906786],[1.16859884211666,46.445917037493054],[1.167663380023165,46.44533189016285],[1.16762679921425,46.44494670423262],[1.166113484475369,46.44193839241319],[1.166042262803412,46.44130495644339],[1.163375521173729,46.43467526349587],[1.162911424546808,46.43437506944618],[1.166548313834628,46.430507361522956],[1.167776927063934,46.4270467690357],[1.167860315056277,46.425881697085885],[1.167045120559312,46.42525523349665],[1.16590384104902,46.42413894709917],[1.16443781067186,46.42400549975783],[1.162749301408214,46.42262638175261],[1.16006405959213,46.42126090022129],[1.158639327958898,46.420446208079504],[1.158828180421722,46.42029163054966],[1.155774260150551,46.416544932552625],[1.154532700644513,46.414824330676865],[1.154009057190859,46.41459699137384],[1.154119738843772,46.41432766817649],[1.153641138595653,46.414116367508214],[1.153629193768296,46.41373787683947],[1.153443331588916,46.413496182510094],[1.152548351607678,46.41323670769573],[1.152069983611923,46.412865077753644],[1.14960148429905,46.41158120678472],[1.148904279884652,46.41113575960037],[1.147638212986125,46.4107234105326],[1.146530058300779,46.40995602943521],[1.145635633395325,46.410296381273355],[1.145533298838605,46.41012718638519],[1.144896753326378,46.409814203183],[1.143285531051127,46.409406102038254],[1.142753210199204,46.408709297330745],[1.141676653324506,46.40835580818611],[1.141188975649405,46.40845234929951],[1.140651418434412,46.408407564639134],[1.140260773752584,46.4082165538428],[1.13977755713055,46.408487899892535],[1.138471839717137,46.40855488065188],[1.136545986802957,46.409203491937205],[1.135426158771365,46.409469828626975],[1.135305691184924,46.40994704020305],[1.134868662228937,46.41008491429206],[1.133955814406549,46.41065725897059],[1.133658399478145,46.411662997128225],[1.133358752586797,46.411933715527105],[1.130916415773622,46.41172531369776],[1.128024442535981,46.41198416275207],[1.126826457190713,46.41224823401494],[1.125319194379749,46.412454972105586],[1.124623781715256,46.41310017038373],[1.123318759183745,46.414052395543955],[1.123138463196099,46.414599768789536],[1.123317976607878,46.41559080604718],[1.123237905737933,46.41629114744953],[1.123036689353469,46.41634818697227],[1.122726599766991,46.4163142647799],[1.121420665786977,46.4159649192193],[1.120311812753227,46.41601962302186],[1.119786219921298,46.41623074176147],[1.119035556156626,46.41711548891123],[1.119003228592676,46.417297801788806],[1.119124399221714,46.41744751599897],[1.120020777300545,46.41762621265296],[1.120549732021427,46.41792315220695],[1.120343177185675,46.41896728460289],[1.120488684985169,46.41946957806837],[1.120949011449686,46.41967981736546],[1.12186136296842,46.41988758464936],[1.122320462686561,46.42020948684008],[1.122254957367544,46.42056148997473],[1.120546213695208,46.42112784322329],[1.120157128334077,46.42119349414416],[1.119940550175305,46.421090848764756],[1.119658824533196,46.42110242161556],[1.119277614055475,46.420977247357015],[1.119000607507,46.420662836895715],[1.118403000653728,46.42084574183233],[1.117232346518567,46.42076339043859],[1.115971283058959,46.420772308826386],[1.114934463337845,46.42066151807385],[1.113881658874462,46.419731700954046],[1.113358123518162,46.419127674873316],[1.110273634581884,46.41473698868237],[1.109254396896158,46.41412203196372],[1.108403207243461,46.41376925826825],[1.107218279341708,46.413427157213086],[1.106362609220928,46.412753636851654],[1.105154435257288,46.41233186458778],[1.103596992141994,46.41199344814886],[1.103028327821375,46.413293648346965],[1.102349475205316,46.414765853438226],[1.101794503650172,46.41563302830169],[1.099195533952112,46.41565733322072],[1.098827821408017,46.41578271489732],[1.097608379428998,46.415310234929905],[1.095907515955105,46.416693308971574],[1.094966042569538,46.41672714035597],[1.09440962735463,46.41688538760389],[1.092946629840448,46.41824086460464],[1.093180558625783,46.41885186042789],[1.092484998207475,46.41900327070916],[1.091693103949756,46.42023393556947],[1.090365012229443,46.42018560557993],[1.090247221108975,46.42005303000442],[1.088993493188273,46.42026173389102],[1.088522541893787,46.42099064212347],[1.088457132957939,46.42133362382367],[1.0873678318332,46.421160453890984],[1.086884006481049,46.42180987624175],[1.086930624481442,46.422969890844605],[1.086828626331032,46.42316724182385],[1.08423936288258,46.424648749337685],[1.083708143924954,46.42519918464206],[1.083797164239187,46.426448183839334],[1.084353915617925,46.42814008180173],[1.084333764431935,46.42838023731403],[1.084215826879056,46.42851156575056],[1.083406413563718,46.42867362268795],[1.082371428699142,46.428656244060114],[1.081964150466433,46.428532308446826],[1.080863092918217,46.42798598058315],[1.080025144499758,46.42795928213359],[1.079664683421486,46.4282081254664],[1.077820018565847,46.42869320060127],[1.076328629706681,46.42894820862794],[1.074329495201298,46.42904691551768],[1.073570053563285,46.429342153182425],[1.072195575844123,46.429568455607125],[1.071815377523105,46.42989530500281],[1.070597461942339,46.430482722438875],[1.070320075475689,46.430701415466935],[1.07025124800817,46.43091642711355],[1.070466792721379,46.43137854075549],[1.070723925717199,46.4325069949224],[1.071605639235521,46.43243992319858],[1.073765040595268,46.43252861482197],[1.075270001496453,46.43215046772169],[1.076797215564513,46.43210144121625],[1.077868487418451,46.431978066096484],[1.078622357302051,46.431730444470595],[1.079197174574863,46.43168427080949],[1.079969943087545,46.4318990307707],[1.080526199015841,46.43226957429365],[1.080818951230131,46.43257623838143],[1.081128649906518,46.434068541016885],[1.081262357907626,46.43419328652517],[1.081228230647022,46.434534087911096],[1.081095886924288,46.434666972723825],[1.080384103443614,46.43497656791771],[1.080312472696391,46.43508705364483],[1.080351348033371,46.43631539575338],[1.080510760746985,46.43652434159291],[1.083241342748382,46.437047592764216],[1.084279317335217,46.43691008643817],[1.085250378656766,46.43663724093883],[1.08584506468073,46.436620189393295],[1.086290424354771,46.43673754227747],[1.086914947155779,46.437207375751555],[1.0873566251783,46.4371697382915],[1.087746517149211,46.43704836541566],[1.087863257552547,46.43717462006966],[1.088400168573059,46.43735654815156],[1.088760009727202,46.43757243979326],[1.089196532546342,46.43760766743785],[1.0895205715432,46.437767112716145],[1.089592394242586,46.43806014837069],[1.089887370721645,46.438305575667975],[1.090097755670748,46.43892068492359],[1.090367390347325,46.43925756064153],[1.090058535822815,46.43981804889684],[1.089910027932691,46.44071088269646],[1.089455983778595,46.44184540296747],[1.089143038858409,46.443229080291125],[1.088372589262319,46.443537744368754],[1.097849134869036,46.4509044273973],[1.106569562204628,46.464358282754034],[1.111027909605159,46.46844836009008],[1.110956272275679,46.46852193484338],[1.111403025181641,46.46887159077856],[1.111636372227607,46.469172682511996],[1.111708685925226,46.46953146025345],[1.11262220887747,46.46995457602231],[1.11449418769606,46.47048267463812],[1.116506000473217,46.47122831680023]]]]}},{"type":"Feature","properties":{"fid":3753,"ID":"COMMUNE_0000000009749878","NOM":"Moussac","NOM_M":"MOUSSAC","INSEE_COM":"86171","STATUT":"Commune simple","POPULATION":433,"INSEE_CAN":"10","INSEE_ARR":"2","INSEE_DEP":"86","INSEE_REG":"75","SIREN_EPCI":"200070043"},"geometry":{"type":"MultiPolygon","coordinates":[[[[0.712326614821984,46.30001743657513],[0.712558092385602,46.29992119027143],[0.712683154924545,46.29975884587823],[0.713156967317934,46.29964854703534],[0.71348908674149,46.2992588399485],[0.713623997482191,46.298798510071684],[0.713682495373093,46.297771811441336],[0.714055344827597,46.296904567785646],[0.714298388722775,46.29572212201354],[0.714229857382248,46.29506042142529],[0.714158037019922,46.29491304171882],[0.713412805911183,46.29455305438218],[0.712351422426575,46.29373538389887],[0.712124992874424,46.293307433888806],[0.712030652879244,46.292548821346145],[0.711934754298415,46.29241807246857],[0.711358502515197,46.29208939217131],[0.710578735744351,46.29193498660749],[0.710411752909136,46.291577593606654],[0.710860384891492,46.29104249687378],[0.71166898936262,46.29072453185738],[0.7118897026351,46.290449702163805],[0.711490095427605,46.28981287573966],[0.712046505843323,46.28909256308091],[0.712007120813649,46.28882241632903],[0.711698540648559,46.28840182263739],[0.711730228909151,46.28820337062566],[0.712203640303684,46.2877894816527],[0.713183152667667,46.28729837323103],[0.714215454924779,46.286569590222456],[0.71450714179168,46.28649256675022],[0.715198585745848,46.286519956002174],[0.71600546650847,46.28627219385176],[0.716262540392696,46.28612150256774],[0.716659792738227,46.28553850985548],[0.71666527549693,46.28540709526805],[0.716352590069846,46.285146783896565],[0.716330069433458,46.28493913599833],[0.716631379612287,46.28444430449345],[0.716486000476639,46.28388015745918],[0.716685643028713,46.283579672839146],[0.716833118690689,46.283595242130225],[0.717005243863561,46.28342482889647],[0.716845369921786,46.28320812095886],[0.71702401506548,46.28275677228968],[0.716780353086446,46.28246181160446],[0.716261153567688,46.28220006062823],[0.716372518452631,46.28174195824337],[0.716049629045562,46.28110398318153],[0.716155132630913,46.28100430311116],[0.716483876695361,46.2810036902114],[0.716509524408016,46.28082493477409],[0.716614635027673,46.28076578482591],[0.717092406799821,46.28077446488852],[0.717031909852905,46.28048047450846],[0.717304660187737,46.280295863301795],[0.717478213260568,46.28058941755276],[0.717706071564305,46.28057777005125],[0.717709829222031,46.28017606489005],[0.718105586755464,46.280032654262165],[0.718222776026754,46.279839517882564],[0.718547655899194,46.2796820733183],[0.718566212760996,46.279579747944645],[0.718228047378463,46.279058583956534],[0.7183406875565,46.278600505515996],[0.717968402321862,46.27824351287138],[0.718124930625633,46.27791693802382],[0.718594265882723,46.27775338025356],[0.718657069064125,46.277181696207926],[0.718968942831708,46.276961831254134],[0.719151175460123,46.27661054627834],[0.719730078777664,46.27656088495171],[0.719802928667314,46.27621551575912],[0.719889216326877,46.276171300497815],[0.720100766420278,46.276176438152106],[0.720329052205094,46.27649720895405],[0.720882168644853,46.27672358713774],[0.721655937919802,46.27658052493445],[0.721677361560473,46.27634673211402],[0.722010375338306,46.27608674387165],[0.722127193639139,46.2758395452937],[0.722418475146356,46.27577060239914],[0.722724971876208,46.2753046874428],[0.723223799895424,46.274837213330365],[0.723803274823199,46.274492063833975],[0.723147708046041,46.27366818746384],[0.723131030537983,46.27306968819478],[0.72345918461663,46.27139526136418],[0.723331225999181,46.27038014449097],[0.723396158101107,46.270099476401114],[0.722511425912488,46.26985206114957],[0.722681431148592,46.26963745613112],[0.722540419398456,46.26949860620493],[0.721268107074374,46.2693254034181],[0.719960324114354,46.26888121974597],[0.719177311688919,46.268469157369054],[0.717930452209757,46.267499170639],[0.716861203728498,46.267005680706724],[0.715267736666711,46.26681065246156],[0.714696018762019,46.266037051617495],[0.71466807194408,46.26574191077908],[0.715392115435145,46.264919551354396],[0.715552430974129,46.26447053976365],[0.715897518704075,46.26401352500318],[0.716114854788677,46.26356745870523],[0.716037290449586,46.26334068846103],[0.716099972795085,46.263021241834544],[0.71666725795496,46.262063303788636],[0.717790897077785,46.26153001313509],[0.719513341557107,46.26096366906517],[0.719990735842602,46.260602982681526],[0.720382558701043,46.260051401105606],[0.721094453221922,46.25951703808309],[0.722036385437528,46.25810443890109],[0.72287034180312,46.257444587471404],[0.723478944478288,46.25714416729766],[0.725013960787046,46.25658300276463],[0.726340942619501,46.255839293206364],[0.726655674091377,46.25548433901728],[0.727041569002893,46.255292057971644],[0.727667275880647,46.25479737384715],[0.728085354810748,46.25345354228623],[0.728690531996181,46.252952137220916],[0.72869889374889,46.25262529485676],[0.728278205250225,46.252216918982825],[0.727497202158666,46.2509158083719],[0.726951920207316,46.2505688993218],[0.726435595242667,46.249555934903334],[0.725957752732594,46.24924279882249],[0.725239923629087,46.249142869748525],[0.72460657200505,46.24916624064616],[0.72432772845291,46.248970584193614],[0.724156266752085,46.24790955256368],[0.724220130227193,46.24702889394519],[0.72405150227708,46.24683724261419],[0.723659201454556,46.24665372837284],[0.723243276856315,46.246601264744385],[0.722475090640706,46.24627689784469],[0.721841272925815,46.24624979552504],[0.722028099334858,46.24759580946712],[0.720912973337845,46.2477140124939],[0.72118418955949,46.24827977628587],[0.719748043017981,46.248030295646195],[0.719615960691867,46.246898876837335],[0.719029843782714,46.24719161785679],[0.718690893132509,46.24709924126264],[0.717886966161766,46.24782002020578],[0.717690439479113,46.24748816683297],[0.717606791002819,46.247002729248855],[0.717759717191924,46.24651122673354],[0.716611199033539,46.246060277144664],[0.718101844350712,46.24415874654321],[0.715865993748431,46.243349055145],[0.715643425886698,46.243953566048646],[0.71481553746577,46.24546659662037],[0.714486259343444,46.24635633577023],[0.71438963701359,46.24848492199108],[0.712418035683884,46.247811998578946],[0.710937098743061,46.24742367388932],[0.710134887172357,46.24701385727003],[0.709705296795167,46.24759887689058],[0.709561129429621,46.24772389687541],[0.709341132565714,46.247768114581056],[0.708369341582233,46.248587246548944],[0.707705315181672,46.24769913690238],[0.707249075465848,46.24730707932291],[0.706865924724453,46.24839480339236],[0.705397849324502,46.24788595012764],[0.705115708757115,46.247894673843334],[0.705401973165765,46.24719867704247],[0.704605233395411,46.2471240509555],[0.702522583730215,46.246564022549926],[0.702274313036615,46.24678692709263],[0.701581433393716,46.24649636847379],[0.699815438675573,46.246250780356796],[0.698631145730861,46.246252957681186],[0.697728866784363,46.24612569995415],[0.69764235935676,46.24568162587043],[0.697220794550014,46.2451154604549],[0.696260818278242,46.24583563610279],[0.69578500386843,46.24597284189442],[0.694855222142971,46.24659182019147],[0.694532413399071,46.24661050401883],[0.694241259161045,46.247357726396295],[0.693512596384924,46.24779429097212],[0.693404172037641,46.24842630135716],[0.693693594093561,46.2493240232205],[0.693518163839053,46.24969702846491],[0.693217919252408,46.24982697257711],[0.692231512456364,46.2499384974893],[0.690682557278647,46.250271922507466],[0.690337916732917,46.250376634855996],[0.690031800815277,46.25058392599525],[0.688882513017751,46.250738960637655],[0.688704757328043,46.25092002762026],[0.688318990859318,46.250922100860194],[0.687900885222898,46.251044231694934],[0.687377800786667,46.25073091110101],[0.686797326244752,46.25137674447016],[0.685617966121951,46.25199688322381],[0.684472024210026,46.25308524004815],[0.684254516837013,46.25359160533194],[0.684064216766989,46.254467879284825],[0.684068546282781,46.256422847749846],[0.683631992394052,46.256918448075616],[0.683248206860473,46.25776285561473],[0.682843766025812,46.25820505494422],[0.682280490310548,46.25942326811042],[0.681514447289029,46.260061694395056],[0.681277147529482,46.26048206920308],[0.680535503104204,46.261065132685694],[0.680304645387448,46.26157842628117],[0.68022173236703,46.262309141411734],[0.679847682095292,46.26240061224737],[0.680006366115647,46.26291644044492],[0.679593724365969,46.26309090454928],[0.679613631739329,46.263939026545934],[0.67975980043636,46.264535677862064],[0.679558834755914,46.26455770606927],[0.680221441167912,46.265872064680124],[0.679885996069653,46.26597152983964],[0.679082617091159,46.264178640709076],[0.678994165134335,46.26329308599208],[0.678427006972617,46.26337430812765],[0.67820844943555,46.26258609486851],[0.676067233761452,46.263061294695895],[0.675694953360819,46.26259064620738],[0.67384262053257,46.26256361346396],[0.671150402967739,46.262983316226446],[0.671337664251022,46.26386369435545],[0.67238738555584,46.265508533555284],[0.670863249992895,46.26558095506324],[0.668538499449099,46.265938751298606],[0.664610924214726,46.266963602957894],[0.664451335692858,46.26738554008826],[0.662070493780564,46.268171772017595],[0.662120391613568,46.26828090161825],[0.662611116910114,46.26850088290666],[0.662342734660709,46.26885391877294],[0.661126619045383,46.2683424655801],[0.66109043244471,46.268216500656564],[0.660755871075508,46.268263677947964],[0.659515676770278,46.26758685220616],[0.659638942341998,46.26801549999126],[0.658939837171381,46.268264178731926],[0.657362942014254,46.26820110603436],[0.655802409988239,46.26827167790437],[0.655707341976727,46.267943603242145],[0.655410890639334,46.26785912114431],[0.647627016850231,46.26689764053845],[0.647208096456031,46.267879947646676],[0.646571836964113,46.26853884922391],[0.644151950175404,46.26980227204664],[0.64262808138315,46.27110132176266],[0.640909384318873,46.272880087303996],[0.640928427832828,46.27445792192438],[0.640798618922489,46.27575159726771],[0.641704973612245,46.27642621652811],[0.643859841448115,46.2772834272112],[0.644726830557052,46.277877929050426],[0.645288220335603,46.27838862804837],[0.647046323322292,46.28074113199409],[0.647447466411768,46.280930497839286],[0.650237567410247,46.28179710239874],[0.652105217212946,46.28339054232572],[0.653918276091437,46.28416843415281],[0.654439751200156,46.28461339924022],[0.65505773080377,46.28495945142932],[0.65537743768609,46.285261521797835],[0.656183270242214,46.286440238948444],[0.65719563752989,46.286953850778794],[0.660057813740305,46.28708747719974],[0.662382902595149,46.28793070320759],[0.665125883429501,46.2883923731539],[0.668006214302355,46.28874237867642],[0.668341770654869,46.28891861357546],[0.668827150149433,46.28902494440099],[0.668995492869219,46.288947312469745],[0.669872160300783,46.288928319615074],[0.670210557079118,46.28879380747706],[0.670359558779935,46.288559927675436],[0.670455081444384,46.28790334733941],[0.670776059249572,46.28747569517676],[0.671080773009207,46.28727743088409],[0.671751575799084,46.28705692331119],[0.672519510913472,46.286171755369566],[0.673019941356529,46.28604595254176],[0.673534249642382,46.28614384620303],[0.675056930152834,46.286730782216125],[0.676611347273046,46.286999438127815],[0.676602472703396,46.28751455247937],[0.677103855419935,46.28764189442995],[0.677514431577464,46.28788809804577],[0.677588781511473,46.287820247828144],[0.678032164477133,46.28781397537974],[0.678718186224909,46.288061286702714],[0.679208129771657,46.28858116319542],[0.679532657407364,46.28920216694231],[0.679814218821783,46.289396185055125],[0.679874875567503,46.28989650006671],[0.680035382827769,46.29000336971607],[0.680341880891759,46.29003844139139],[0.6810223682116,46.2910918988366],[0.681389106639573,46.291300259347366],[0.681447782446917,46.29160234264944],[0.681294276169626,46.29185145905176],[0.681618471551925,46.29195985738888],[0.681991615156315,46.29189448355727],[0.681980913778457,46.292331184704324],[0.68174293210228,46.292580383851366],[0.681719724129282,46.29276008417529],[0.682140517341755,46.29353348304142],[0.682383041463982,46.29372940210959],[0.683474170972062,46.293987629069264],[0.683346302714141,46.294337265454494],[0.683511201069017,46.29621351411451],[0.684386472531996,46.29739703049833],[0.684554501605853,46.29787970565485],[0.68531480382296,46.29864828142555],[0.686284709157637,46.299993157084764],[0.686790201570922,46.30110247590118],[0.687046446591208,46.30198962310913],[0.687709196801223,46.30334626353051],[0.687735223316426,46.303868390311344],[0.68753067345018,46.304310163759666],[0.687242851157666,46.30453854379415],[0.686377008589087,46.30475698546596],[0.685740487734907,46.30514673956765],[0.685834391685775,46.305508091092086],[0.685773002798175,46.305760886737325],[0.684963659405648,46.30651737948263],[0.684541934064248,46.307820461969946],[0.689285976228191,46.30919151270001],[0.691168950999394,46.3096386832929],[0.691934815553026,46.30886415026551],[0.692444025790059,46.30970505837952],[0.69361007619407,46.310044874411155],[0.69492702268569,46.30982739815136],[0.694572744810416,46.310614785362304],[0.694838589639832,46.31072286301209],[0.695524045161648,46.310930415955305],[0.695916287108464,46.310506839475266],[0.697123650038269,46.31066908464264],[0.696724187967008,46.31129521196246],[0.696885745997594,46.31162639031401],[0.697636540059913,46.31191903076273],[0.699465422394121,46.31245054891731],[0.700088630427971,46.31472698289295],[0.700835573996254,46.314524953643826],[0.700947840799567,46.31429750119911],[0.700923045430638,46.31383576285552],[0.701036281712079,46.3136470666885],[0.701341446652591,46.31334603289371],[0.701904456322244,46.31306551460243],[0.702333323228964,46.313038131009534],[0.703384140408745,46.31315300894381],[0.70482835462458,46.31359020163347],[0.705110622460028,46.313617508589104],[0.705535216764555,46.31344408849136],[0.705906240452769,46.31318400698442],[0.706746175587991,46.312189259532566],[0.707627366741431,46.3113881192368],[0.707836372964339,46.31096081612656],[0.707834645188169,46.30988516233519],[0.707714627647563,46.30905756541032],[0.707985581656936,46.3079892000566],[0.70795361891338,46.30772821021138],[0.707540823518965,46.30693886306837],[0.707206663170142,46.30659972229814],[0.706229716053564,46.306089988777764],[0.70623523015169,46.30536941625065],[0.706535530576331,46.304965574408186],[0.707064153265235,46.30466542230138],[0.707681091848085,46.304521992165405],[0.709155710704215,46.30435257088935],[0.709729143619008,46.304161410452295],[0.710176182471759,46.30391545682709],[0.710826941679336,46.30305651161898],[0.711510748203302,46.30249460767952],[0.711624056702981,46.30220951213724],[0.711529028676368,46.30177789593665],[0.711340815981758,46.301492147098955],[0.711017654306226,46.301325301100555],[0.710216524237228,46.301243435635804],[0.710133750165907,46.301171504925954],[0.710165901602483,46.301024411328164],[0.710742819350547,46.30065584842114],[0.711291871742113,46.300518242084145],[0.711784364444998,46.300147977585446],[0.712326614821984,46.30001743657513]]]]}},{"type":"Feature","properties":{"fid":3760,"ID":"COMMUNE_0000000009750098","NOM":"Saint-Martin-l'Ars","NOM_M":"SAINT-MARTIN-L'ARS","INSEE_COM":"86234","STATUT":"Commune simple","POPULATION":369,"INSEE_CAN":"06","INSEE_ARR":"2","INSEE_DEP":"86","INSEE_REG":"75","SIREN_EPCI":"200070043"},"geometry":{"type":"MultiPolygon","coordinates":[[[[0.605892615392063,46.17414057479585],[0.594544994410897,46.17350271757674],[0.592593481742959,46.173173999245016],[0.587225194868754,46.1719853528928],[0.586646305350765,46.17170278694071],[0.585596551051744,46.17083453402016],[0.582321305225563,46.17212165570163],[0.583470169733569,46.17341817630622],[0.58336133720632,46.174475328408704],[0.58364765713224,46.176100347190136],[0.583601080233986,46.17639215146193],[0.582756259658434,46.17734626191221],[0.582371007687736,46.177936268499415],[0.577111097843955,46.17789901578556],[0.577117323371909,46.17813969122994],[0.574151755332802,46.178656608179956],[0.572076342515753,46.18006995801187],[0.571476776794356,46.18028327525031],[0.570852226449215,46.180855518863204],[0.567282473260049,46.17928724626241],[0.565323703288478,46.181574156784755],[0.563957728429449,46.1809079381271],[0.562951248015443,46.18222151264182],[0.562563178018327,46.182169045179734],[0.562250694929224,46.18277946863846],[0.561270679871167,46.1826215035403],[0.561171532691251,46.18321758295957],[0.560951482657473,46.18376151731863],[0.55987001081753,46.18559148340753],[0.55897453443164,46.186097486970134],[0.558765351160549,46.18604704725109],[0.557542947358106,46.18521446417235],[0.55663060135706,46.18484709972414],[0.555226315941733,46.18451689482363],[0.554156319633848,46.18448576403506],[0.553388226304508,46.1851593335127],[0.552494261806597,46.18481665572733],[0.55240481854369,46.18461202308482],[0.551448504956325,46.184504034345444],[0.548826234035622,46.18388533398172],[0.548610139110511,46.184105902629504],[0.544570038989403,46.18253577052098],[0.54349379993981,46.183310727411936],[0.543052728803443,46.18435436879805],[0.541669613390917,46.18572358919024],[0.541559308695083,46.18575363633349],[0.540818851157152,46.18546013287433],[0.540180254318901,46.187146351834734],[0.539805669019839,46.187197704821024],[0.538615197412393,46.1876241919096],[0.537130556229664,46.187755096626965],[0.536183715463109,46.18804178951004],[0.535838369438254,46.18830818313346],[0.534281723571015,46.18972220681606],[0.533692439357964,46.19045088137874],[0.532965158415178,46.191132412773555],[0.533928244595736,46.192101083966385],[0.532096132566497,46.19268565949823],[0.529181444784548,46.19311063923409],[0.526357107291394,46.19420599851414],[0.526213803823429,46.19522543073736],[0.526031798330495,46.19575121405309],[0.52502441470174,46.19737437578991],[0.523225845332786,46.19755502823764],[0.521877810610313,46.19784277522755],[0.518405824505712,46.199192301396785],[0.516776349742021,46.199963049532165],[0.515120781495395,46.20110799155918],[0.513802623471729,46.20222155036042],[0.513794723483493,46.20256733463797],[0.513276052498744,46.20381819331193],[0.51335609346512,46.20394156958114],[0.513591146978575,46.20399445985368],[0.514068882443691,46.204647269962926],[0.514553782933334,46.205943497941675],[0.515143135008806,46.206653699481855],[0.516113855714531,46.20690915267228],[0.515703465360313,46.20746056376087],[0.516265076709014,46.20823952406646],[0.51994584116358,46.20920097854735],[0.521179494685466,46.20992790093661],[0.522679639851741,46.21170749177582],[0.524998183957995,46.2129255821754],[0.523872433419029,46.21523627132985],[0.523687353680085,46.215454769514714],[0.523517102126207,46.21818807272668],[0.522792988826537,46.21878853399995],[0.522974942581235,46.21889790572876],[0.522767413699862,46.21903843412903],[0.522401527397897,46.21960975823171],[0.522470820490383,46.21979956129299],[0.521938698654367,46.22002851433311],[0.521674154813141,46.2203389743458],[0.521496173972966,46.220399962144775],[0.522626704521766,46.22062910580044],[0.522620252355576,46.22088662987277],[0.522939896844777,46.22125216086587],[0.522784685100365,46.221326259601504],[0.523473133610971,46.22186018652699],[0.523152817028096,46.222026188322744],[0.523027866680409,46.22191895963352],[0.522209457040137,46.22224978955678],[0.522144040108766,46.22231863644925],[0.522186337285241,46.222359198723325],[0.521228082585462,46.223198700622056],[0.521318264855032,46.22329976797774],[0.520753917022601,46.223580267583856],[0.520221405195311,46.22373082441843],[0.519926492861708,46.22399467148096],[0.519521739725547,46.223846200844065],[0.519169662855407,46.22451241419342],[0.517782613263886,46.226219136272746],[0.517176229894668,46.22734016727621],[0.515442202695029,46.22908073127692],[0.513825389347333,46.23026705978176],[0.511941919367495,46.231834933321274],[0.510178595911906,46.232727909307194],[0.508735224051978,46.23357831587769],[0.507151458827809,46.2347454584822],[0.506776391971349,46.23505616749181],[0.505701067308699,46.23646056771684],[0.505085728048414,46.236402027029584],[0.504352909812319,46.23729769396152],[0.501308460156953,46.238659740113874],[0.499022048268101,46.240194236666426],[0.498534856188945,46.24031416029941],[0.497859680425115,46.24071193938354],[0.496267333730947,46.24109133508819],[0.494544691258828,46.24111106978325],[0.493454801525686,46.241433921347436],[0.491530024400765,46.2422095458954],[0.495021635091637,46.24524694674813],[0.495606862801475,46.24630671453025],[0.495741217409101,46.246833113834185],[0.497671599804348,46.24707379091318],[0.499163255982784,46.24739578657576],[0.50107712270526,46.24654771756673],[0.501162411923506,46.2466991453201],[0.50448480940388,46.24702702876377],[0.507972578690941,46.24751699992547],[0.510441753892668,46.24833323885044],[0.510704789007288,46.248231783523785],[0.510908350798275,46.248324527777235],[0.513942240661431,46.24705838786842],[0.514039563329529,46.248375866573774],[0.516917640593814,46.250057674929906],[0.520335560287682,46.249744814955086],[0.520790972352666,46.249581761455914],[0.520795664771134,46.249449427928354],[0.529215864401913,46.246919010102204],[0.535313063225636,46.24638997843594],[0.536394008846915,46.246089058689655],[0.539604056401672,46.24550986048012],[0.542234509548004,46.245546893714874],[0.547711617212903,46.24421460577338],[0.552137252695487,46.243276563998414],[0.559702071099034,46.241529144997635],[0.56243204551792,46.24122190067241],[0.562563848645016,46.240652647092304],[0.562936849767509,46.23988585597513],[0.563196582578691,46.23903825852087],[0.562965593780783,46.238101770008605],[0.563028324424353,46.23695445410508],[0.562822845664844,46.235649138350134],[0.564778200230734,46.23529551544873],[0.56588508850872,46.2349570406786],[0.567586032531747,46.234747477000155],[0.570809289504695,46.234725363314496],[0.570864962401283,46.23464096601767],[0.577516795800884,46.23415128313879],[0.578273849092437,46.234117853160555],[0.579803293324237,46.23364499677041],[0.581130173190621,46.23334889469361],[0.583186042744552,46.23303673678035],[0.58495144745913,46.23289315068861],[0.586821756363442,46.23302023165815],[0.58682721828283,46.23251313990732],[0.587223148677786,46.2322188359065],[0.586280040795297,46.23152585355077],[0.587696544985641,46.22978202794353],[0.587855454732698,46.229416028403655],[0.588103552022454,46.22835101854757],[0.58777808418568,46.227458530089855],[0.587797012299675,46.22717604837956],[0.58813403734254,46.22577148270253],[0.591073362881324,46.223249091508904],[0.591917873016689,46.22272823743958],[0.59164996860719,46.22214959165883],[0.591612996217462,46.21989025016476],[0.593181428763063,46.219670302029044],[0.596111485113562,46.219091736245545],[0.597212506824534,46.2189636536762],[0.598084301560763,46.21832081051823],[0.600274938999532,46.21725715204786],[0.60076928528315,46.21684506172366],[0.601424936638011,46.21592015738937],[0.602773739749677,46.2148431983198],[0.602990742504601,46.21350183202395],[0.6033117553445,46.209069876207714],[0.604761080245394,46.205955384503895],[0.606508458537145,46.20314264661314],[0.606485844399153,46.20268001031124],[0.605915308479918,46.20192926133401],[0.604754962900279,46.20101833656522],[0.604647542336852,46.20083409186986],[0.60167801439378,46.199344460176384],[0.603231473111879,46.198770017342135],[0.596911115390188,46.19576901831116],[0.596302013149696,46.19522190564967],[0.595708740105901,46.1941958447009],[0.598635913014835,46.1929406047868],[0.596831553479618,46.190274542145616],[0.599390090803203,46.19023401444049],[0.599663364912076,46.189088435172046],[0.601113589591514,46.18784337848282],[0.601019051965333,46.18763237428155],[0.603382397458672,46.186267821809984],[0.604743952084421,46.18568301273039],[0.605874103547798,46.18409962240229],[0.606014735764787,46.18373051376437],[0.605417603118686,46.18341523166793],[0.605270338062216,46.18283735517748],[0.605353273043991,46.18194811372984],[0.605691597331878,46.18091290223334],[0.606063343326157,46.18044866292233],[0.607812155253408,46.179307114578044],[0.604386315236528,46.17795656994807],[0.6054822013388,46.17543192452578],[0.605892615392063,46.17414057479585]]]]}},{"type":"Feature","properties":{"fid":3785,"ID":"COMMUNE_0000000009749212","NOM":"Journet","NOM_M":"JOURNET","INSEE_COM":"86118","STATUT":"Commune simple","POPULATION":368,"INSEE_CAN":"12","INSEE_ARR":"2","INSEE_DEP":"86","INSEE_REG":"75","SIREN_EPCI":"200070043"},"geometry":{"type":"MultiPolygon","coordinates":[[[[0.915337335441351,46.465715523545086],[0.916576439760723,46.46624345767088],[0.917378173981603,46.466686840768546],[0.922520785450665,46.47059251058641],[0.924369224732184,46.47172864129564],[0.925613921445608,46.47321228581229],[0.926403953923,46.47441383300198],[0.928956546162374,46.47661745459231],[0.930922885759071,46.47788531856284],[0.937100851083399,46.48125776375869],[0.939229959257061,46.48064312603562],[0.940638328497487,46.48039828626476],[0.939946495674921,46.483007026129606],[0.939357013941077,46.48411334004552],[0.9387907677307,46.48467330949583],[0.938851774090482,46.48478430233823],[0.941899091647169,46.48814139703234],[0.946231605799743,46.491908826176875],[0.947364445641207,46.49323887320381],[0.949801373726932,46.49526877104468],[0.951003418654781,46.49660092036351],[0.952464855260544,46.49627220947612],[0.957354157571812,46.4981314585929],[0.959413193305637,46.499016738598776],[0.961092619524063,46.49959075697562],[0.962763923700201,46.50031322894585],[0.963686847864729,46.500817877966085],[0.963953146459391,46.5010919449311],[0.965954764696362,46.5022282897642],[0.966825992875004,46.502826570964515],[0.967932934383876,46.5033659825815],[0.969212515576984,46.504419173294146],[0.970109831287147,46.50491430549173],[0.971093585447319,46.505646059042306],[0.972727730005784,46.5064640993634],[0.973432593910614,46.50708459826502],[0.974746655568001,46.50693403808829],[0.976118748936576,46.50803112066094],[0.976551962914324,46.508836847485235],[0.976579747134444,46.509142691450045],[0.978722715450461,46.51059836421777],[0.979767522293885,46.51120231154547],[0.979907197984189,46.511235404478235],[0.980319496273319,46.510812132577634],[0.981056705701045,46.51049277756667],[0.981673868041713,46.50932820394112],[0.982056122846466,46.508940425514005],[0.982405592694667,46.50894479111469],[0.982589153320327,46.509483971702515],[0.982854358027428,46.50954449659816],[0.98282965925211,46.50933058495308],[0.982966991808762,46.509109623550884],[0.983160536465192,46.50902656635121],[0.98356881375295,46.509063491639026],[0.984003982956182,46.508972984239094],[0.984168139493295,46.508661519481564],[0.984427960360335,46.50851477520922],[0.984994062665285,46.50841125952777],[0.985484390738724,46.50855771298808],[0.985967744065643,46.50857523540572],[0.986673023277324,46.5083768828283],[0.987828962048879,46.508834090455004],[0.989467424221081,46.509756446866625],[0.989764592278428,46.50979950279224],[0.990213726910171,46.51007311636557],[0.990172873089446,46.51019039522672],[0.990883179688003,46.510138925605695],[0.991336449292283,46.51022975710562],[0.991875034232321,46.51066076318449],[0.992327419565768,46.51134246008172],[0.993590078063478,46.51138443893208],[0.994668232760377,46.51055485622933],[0.995361445588347,46.51047153315686],[0.996283427399178,46.51023368506107],[0.996931520849532,46.50985141760417],[0.998568911313315,46.50856951633139],[0.999625965538603,46.50909332801426],[1.002481743548957,46.50959091946245],[1.002886165471528,46.509234987026495],[1.003052642133025,46.50896407072269],[1.003212716503745,46.50925960561573],[1.00617742311291,46.51216577091696],[1.006169250419555,46.51231785264477],[1.007290782136798,46.51297332135622],[1.0083360837403,46.514358847012375],[1.008660677869762,46.515794865429996],[1.010358064074328,46.519013906098394],[1.011199970669518,46.52097233074765],[1.011476004643366,46.521811208491016],[1.011722630726297,46.5231701970455],[1.012353076976512,46.52452504657717],[1.020730345319063,46.51853995847157],[1.019600856378886,46.513571790638125],[1.019680700252586,46.511589763374886],[1.019749990351856,46.511118980134064],[1.020678670940764,46.50886161351037],[1.020950893079486,46.507903443595396],[1.021138727495432,46.50484961116503],[1.021795929156755,46.50338288303632],[1.022086609346763,46.500836138164445],[1.022443340575557,46.5002433224282],[1.022515556123342,46.49979870910035],[1.023164723004245,46.49808323241508],[1.023326339769731,46.497223125367775],[1.02319406884299,46.496662383981835],[1.022695081633909,46.495496312455366],[1.023260331547343,46.49411535676638],[1.023490137712763,46.493820287178416],[1.024197026945799,46.49324432916725],[1.024125871499742,46.49301251161947],[1.023561320192067,46.492216411653594],[1.022466004852064,46.4908805951113],[1.02218137378481,46.490242454557624],[1.022084512740834,46.488059200596076],[1.022136389022142,46.487132341995235],[1.024766354106116,46.48735706872388],[1.025584570374061,46.48460415255789],[1.026513964127556,46.48407345921237],[1.027041099869127,46.48186585498874],[1.028308974131559,46.48030244503963],[1.029309443455429,46.47848760987952],[1.029944778295628,46.47811665334715],[1.02798897329573,46.466290498798465],[1.024452202398294,46.46312906186246],[1.023343892999295,46.46195154281485],[1.023222684942891,46.461339646112854],[1.023849284717658,46.46052180812981],[1.024879271312829,46.45626561993535],[1.024453571111189,46.4556043225593],[1.024321484583645,46.45511293718463],[1.023593320001639,46.4541311458059],[1.023553543871428,46.45386203742298],[1.024060728383434,46.45202069475003],[1.024047888635575,46.45151155514605],[1.025593607237846,46.44844694949617],[1.021947796506625,46.443296485042545],[1.020429485825836,46.44316118738063],[1.020180151681605,46.44371262249604],[1.018501291687595,46.44412306759194],[1.018105904757898,46.44413872532159],[1.016818711164571,46.44388218733114],[1.015781699086504,46.44387678505724],[1.005843735970183,46.44561777026426],[1.004832345698561,46.445944190775464],[1.003870186954769,46.44638495692867],[1.000862336420266,46.448065382216775],[0.998781271505423,46.44724708881663],[0.998670386977964,46.44710823230728],[0.998035165029892,46.44698270456475],[0.997200418212184,46.44664830412717],[0.993333273346362,46.44429702582061],[0.989737250744212,46.44198731356395],[0.986671038764396,46.44097039463988],[0.985089505411075,46.440998347413235],[0.984396145060812,46.440791549173476],[0.983994956397827,46.44054126434362],[0.982407633963535,46.4389990658396],[0.981958191268653,46.43875062307331],[0.979274553168437,46.437966348966135],[0.978262553265935,46.43774576641095],[0.976028685677176,46.43762422525071],[0.974276152914864,46.43727698373951],[0.972506540614998,46.43707443335816],[0.972474751181434,46.43386177276172],[0.97212602296665,46.431956785128875],[0.972648791969119,46.43128059292369],[0.972960977760045,46.43062678197431],[0.96648922823598,46.42876783171189],[0.9647424769198,46.42893847685501],[0.96386219571476,46.429138963535756],[0.962485726466245,46.42884688160774],[0.961241522909069,46.42843193909447],[0.959052859343514,46.42801811814665],[0.957302512379265,46.42786701334821],[0.954641562481134,46.42733476272271],[0.95203169481605,46.42697000666619],[0.948586786944669,46.42674602101864],[0.94761070416607,46.426583454867114],[0.944673020051793,46.42690082016313],[0.941904408023742,46.426291567695095],[0.940095856968872,46.426131941848425],[0.937854893814378,46.42631577669339],[0.93469890371095,46.426720821137614],[0.933721972198771,46.42806150300031],[0.932110752319715,46.42970686040853],[0.931662685011446,46.4303238777253],[0.93106730692788,46.43125259247453],[0.930296343853999,46.43279154530833],[0.929339352117283,46.43421902765659],[0.928387865653123,46.43505389637169],[0.928376340910042,46.43525455880515],[0.92767196647126,46.436546091164615],[0.925557171716871,46.43860828585099],[0.925712599368515,46.43870118626636],[0.922470619316866,46.441754410622984],[0.920438538842373,46.443447804205015],[0.919269619242475,46.4451244652531],[0.91880800154948,46.44598709913279],[0.917074294336905,46.44647974116324],[0.917477186781474,46.44695188622541],[0.914173671300636,46.44794190047973],[0.913185222732384,46.44833369534976],[0.912797641759186,46.44824554348919],[0.91186561931153,46.45022732049278],[0.911945953081483,46.45075033615864],[0.912265345515967,46.45122457607986],[0.910874718358455,46.45204317232528],[0.908606643452373,46.451305367989285],[0.907010317350507,46.45130134865451],[0.905745566837576,46.450875519623764],[0.904974077529965,46.452673728230565],[0.904081805899374,46.453916640703405],[0.903270734744169,46.45474127658053],[0.904270475515897,46.456808883604666],[0.905758915041745,46.45718297958692],[0.907649341419973,46.45801930966509],[0.909190845722299,46.458744731988574],[0.910019961812391,46.45921749619677],[0.910561066984103,46.4596552610765],[0.910918794219021,46.45977620153126],[0.91080895043191,46.4600237062771],[0.912219860071247,46.461609635348935],[0.914031110058676,46.46445492527812],[0.914697964506451,46.46518591302737],[0.915337335441351,46.465715523545086]]]]}},{"type":"Feature","properties":{"fid":3794,"ID":"COMMUNE_0000000009748995","NOM":"Antigny","NOM_M":"ANTIGNY","INSEE_COM":"86006","STATUT":"Commune simple","POPULATION":543,"INSEE_CAN":"12","INSEE_ARR":"2","INSEE_DEP":"86","INSEE_REG":"75","SIREN_EPCI":"200070043"},"geometry":{"type":"MultiPolygon","coordinates":[[[[0.904919808814206,46.557506580838776],[0.904909664327016,46.556276860784514],[0.90598629876325,46.55527420625625],[0.906707296108118,46.5549964523941],[0.907039077543944,46.55458547021012],[0.907338092156554,46.553328076584314],[0.9075525352338,46.55090715806592],[0.90677255816974,46.54945978612386],[0.906495728859824,46.54850982584342],[0.905936194215397,46.54785013993114],[0.90365052268256,46.543871965090034],[0.902269833276106,46.541723565365224],[0.901902459973248,46.541500646117434],[0.901594892576175,46.541182441107644],[0.900754288924778,46.539114183884294],[0.899603625661534,46.53750592041647],[0.899470421908576,46.536898162172555],[0.899310235601742,46.53678712924939],[0.899399393084584,46.536675270308514],[0.8985171500881,46.53535205955382],[0.898551954263835,46.53465280582811],[0.898269729081577,46.53374685736644],[0.897717264046876,46.53311337693146],[0.897780422720397,46.53272810995439],[0.897935531281017,46.53249676179474],[0.895710621871781,46.53140376089202],[0.894612869793746,46.53062962054567],[0.894570214641356,46.53028114002973],[0.893974620482421,46.52931356253991],[0.893662848900193,46.52930962322783],[0.893568286825489,46.526286712714715],[0.893068917947019,46.525059678546356],[0.892062222354987,46.5238250937112],[0.891839524480867,46.52317243659779],[0.891938456501025,46.52287520544645],[0.892766636326973,46.52167263054005],[0.893027881061663,46.52142973282247],[0.891756377795075,46.521645003949885],[0.890584054938867,46.521657616189316],[0.889904260954821,46.5215207696903],[0.888726046574544,46.5216854840133],[0.888508949190679,46.522034577264],[0.888503441905976,46.5224461267517],[0.886741225013809,46.52282973352925],[0.886221809343122,46.521014092543645],[0.885945150110457,46.52061083865524],[0.885020615869128,46.5206613021957],[0.883310571089821,46.520979163465384],[0.881200908202691,46.52150578158918],[0.881536294761435,46.520666170976945],[0.881339830445858,46.52058416443421],[0.881815608857904,46.52022816544871],[0.88301146217956,46.51876944170886],[0.884364606113881,46.51604713292224],[0.884538166305825,46.51500454903352],[0.885665129911488,46.51168443348948],[0.883673573271244,46.51186737855887],[0.881443642932565,46.51160359374484],[0.878752425088088,46.511526676123886],[0.878036576537264,46.51144853812832],[0.878097808849782,46.512556724727176],[0.877228850858274,46.51252348157198],[0.875307820036346,46.51230134221732],[0.871853167266374,46.51259560620717],[0.870036548318926,46.512673477908315],[0.869784853904336,46.512770576872526],[0.868598861299892,46.51260345126789],[0.867204873423687,46.51261709301495],[0.865912613230158,46.51283168810541],[0.865229669281382,46.51314592205922],[0.864706421052433,46.513280276538595],[0.862923441169284,46.513597370109416],[0.862545234864186,46.51355967462963],[0.861413283877643,46.51397718881338],[0.85974599185169,46.514237846562466],[0.858934168279833,46.51450999729554],[0.858872270484075,46.5143917370739],[0.857851924982636,46.51449152992709],[0.856714827710386,46.514208996577025],[0.855719811532019,46.51416241807621],[0.854974682808298,46.514231314655184],[0.853757402826134,46.51456067878468],[0.85343126643146,46.5144266461914],[0.853062233739212,46.51405670351539],[0.852058033412489,46.51358114887068],[0.851748137828282,46.51349876086314],[0.85035479135279,46.51339600897763],[0.849704620812514,46.513042388054075],[0.84842900158315,46.51309766155425],[0.847878012998476,46.51323952488277],[0.847778950709996,46.51336917460858],[0.847750521509194,46.5137586782672],[0.847370466842241,46.514197411531896],[0.846653131950375,46.514553226175664],[0.846200146373376,46.51558239650062],[0.846045033599296,46.51574341728018],[0.845851587131973,46.51588389852722],[0.845050728144214,46.51617327382568],[0.844033440801017,46.515633446092],[0.8432596881179,46.51431452070709],[0.841930160442177,46.51348954033624],[0.84089464981576,46.51245660979049],[0.840526400914947,46.511904680950785],[0.840244981100414,46.510840943350296],[0.838765368189998,46.50988877974856],[0.837065627392667,46.50919185836067],[0.836553976041337,46.509131734216815],[0.83422076784237,46.50957038433649],[0.830978742236435,46.50976475220846],[0.830374113720906,46.50974607440875],[0.829147114430241,46.50953181774122],[0.828040539709573,46.50914418148003],[0.827532581000896,46.508762505115],[0.827058082550194,46.508261657228765],[0.826927784672881,46.50694853172112],[0.825023493640064,46.50641418461371],[0.820859164803575,46.50628444448],[0.820006785862332,46.50580698941518],[0.816954714722868,46.505594717455935],[0.815659076026593,46.505241181055375],[0.815308491776059,46.50503720847856],[0.81408274847878,46.50599924803914],[0.812648437984765,46.50750857124042],[0.810993257937515,46.50902535951075],[0.809825169091341,46.510464079361796],[0.809595356947999,46.51050111363899],[0.809381438238019,46.510434860552316],[0.809050505846483,46.510163686045274],[0.807382030109053,46.51038482625597],[0.806807821303362,46.51055036950284],[0.804848279541001,46.51057942491121],[0.803726463385691,46.51080019649302],[0.803252404992021,46.51100547930156],[0.802032592813649,46.51029112593269],[0.801814945004763,46.51031756893449],[0.801560816443789,46.510472124124746],[0.799272731756088,46.51081815302928],[0.797775192533637,46.51129556848532],[0.797357901963287,46.5124522630556],[0.796486371718714,46.512870556837775],[0.79086572944764,46.51791648141407],[0.789843285906795,46.519574915016904],[0.788734164185774,46.52105240509879],[0.789103668950246,46.52133699544317],[0.788927951166495,46.52190470521177],[0.788999799485064,46.522385319625975],[0.788422044922221,46.52369472059862],[0.787812674745322,46.5244963572659],[0.787066385499345,46.52523048420426],[0.785943908014213,46.52600416637138],[0.785712275334859,46.526501427645],[0.785561328762214,46.5272290538641],[0.784514342698591,46.528904984442285],[0.783985704196265,46.5301576650659],[0.783763385420464,46.53132349658619],[0.784584558415118,46.531768184847195],[0.784563414045371,46.531999280753446],[0.783626411664548,46.53366382223562],[0.782881201389116,46.534495231444886],[0.782566097133641,46.535566479811955],[0.782381781359828,46.535669201127575],[0.78173673558557,46.537597917317434],[0.78148239527759,46.538041583207374],[0.778615802453411,46.547452457104654],[0.777783940624691,46.55001709215712],[0.778589327235542,46.550118306682776],[0.77932717142389,46.549922742902815],[0.779925851775054,46.551315283320804],[0.782670266009173,46.55103069853517],[0.783729679939803,46.55098636565166],[0.787425306459951,46.55129479490726],[0.787572564668522,46.55136610268833],[0.788154798577996,46.55349062342522],[0.791831924779336,46.55648201186572],[0.792320635626975,46.55705353567473],[0.794606856723573,46.55689944322622],[0.796934527232863,46.55694697978174],[0.796705837130171,46.557435309839335],[0.796673117716584,46.55775986552924],[0.798964616267801,46.5580570833729],[0.800222559120412,46.558887477575745],[0.801686390216933,46.559309250598915],[0.806980286985632,46.560512480741295],[0.817906905998543,46.56344260335121],[0.818509775576052,46.56348742478841],[0.819221608400493,46.56335506343153],[0.821731310629027,46.56333169417634],[0.823827110305649,46.56304457880282],[0.827182069881143,46.562784039526065],[0.827474393965571,46.562822016942086],[0.828014774124382,46.56230531664068],[0.828499806953174,46.56219381579436],[0.83145234711235,46.562362394806584],[0.83301233365384,46.562738741936954],[0.833387610972204,46.562726930375455],[0.83422532211184,46.56251488860689],[0.835241603051284,46.562475564821625],[0.838959356010796,46.56271246704008],[0.839871509272288,46.56269725851224],[0.839947488273378,46.56173666284719],[0.840487604333593,46.56076230637342],[0.840367603169065,46.56072581247234],[0.840993754654419,46.56028183328098],[0.841253778213736,46.56037681596325],[0.843056648967976,46.55940193906204],[0.847546748765307,46.55958646232502],[0.848435985710895,46.55948878507767],[0.849021528037503,46.559508799553456],[0.849370144188436,46.55941086141362],[0.85269533900242,46.560293003508015],[0.854170581748458,46.56040264361285],[0.855529681224005,46.56074248763596],[0.857034659378827,46.56072744037779],[0.858275444874412,46.56092181324024],[0.858923321162706,46.56071865115702],[0.859597203696775,46.56065108751496],[0.859794819924406,46.56117182566647],[0.860423707373147,46.561717741206785],[0.861205394234761,46.561898093504496],[0.861582668594132,46.5623005813181],[0.862036847519709,46.56300626226361],[0.863210634038219,46.562946212477485],[0.863274649821966,46.563544617735104],[0.86456228064325,46.56297954624565],[0.865569204212144,46.56277854128519],[0.866038679848443,46.562828730995754],[0.866354203585368,46.56277516278325],[0.865957987170247,46.56225523832382],[0.865654742744065,46.56209555217413],[0.865064365700338,46.559366919986566],[0.864692077219428,46.558370929287975],[0.864682571645025,46.5578474046478],[0.864878944689809,46.557534898304915],[0.865374374554609,46.55712167944114],[0.866490158361018,46.55670561328605],[0.866958944456563,46.55643871655554],[0.867683740825831,46.55563612691172],[0.867754676603017,46.55492494006789],[0.86642413874886,46.55252481012129],[0.864916900776546,46.55070506415264],[0.86454586957654,46.5498117816036],[0.866113414658952,46.549724825845985],[0.867531402374393,46.54918918021719],[0.86769667487289,46.549369711997514],[0.867983204131778,46.54928767644267],[0.87016012107335,46.54937595834059],[0.871608664611549,46.54956054642497],[0.872655242112761,46.54977457498489],[0.874237298653916,46.54991747393052],[0.875228102624974,46.55008900714621],[0.876522178081357,46.550150861843605],[0.879565153485201,46.5504640105567],[0.885871219297307,46.55151028345221],[0.890216021557194,46.55273444243089],[0.894596386531516,46.55415815516852],[0.903651150589496,46.55742389850403],[0.904564663680261,46.55743792637683],[0.904919808814206,46.557506580838776]]]]}},{"type":"Feature","properties":{"fid":3801,"ID":"COMMUNE_0000000009749666","NOM":"Moulismes","NOM_M":"MOULISMES","INSEE_COM":"86170","STATUT":"Commune simple","POPULATION":361,"INSEE_CAN":"12","INSEE_ARR":"2","INSEE_DEP":"86","INSEE_REG":"75","SIREN_EPCI":"200070043"},"geometry":{"type":"MultiPolygon","coordinates":[[[[0.848003287433938,46.33945879881955],[0.849033839194294,46.33703346611397],[0.849222303684217,46.33617675362305],[0.849847207608566,46.335068843492095],[0.849670974891851,46.33329993991759],[0.850100597984839,46.33136951175696],[0.850119763242804,46.329988938197495],[0.849979295921441,46.32889811469985],[0.850235222289182,46.32777963796636],[0.850058029492669,46.327027725277446],[0.848069658438413,46.3245210823156],[0.8476164799395,46.32361351757002],[0.846993682148778,46.32278742169442],[0.846037047654473,46.32201986985791],[0.844874557888263,46.32136281865955],[0.844673955451378,46.321174358532176],[0.844271747126965,46.320163248906596],[0.843954710993253,46.31972936602249],[0.842709274351678,46.31837529679394],[0.842191386228923,46.317463779491156],[0.841164401728053,46.31640749246502],[0.840896259901371,46.31648168254509],[0.840535632341558,46.31626405820095],[0.840176909358155,46.316327521573264],[0.839465753968024,46.316295120809265],[0.839343681127527,46.31599553833537],[0.839193305078649,46.3159188199369],[0.838509478204615,46.31614906735372],[0.838350669495951,46.31615416163561],[0.837864025953707,46.315967467585025],[0.837503524039235,46.31633896621242],[0.836752383096573,46.31629858303723],[0.836686591736184,46.316351382500685],[0.83679122905156,46.316598389969926],[0.836648255949255,46.31672899535133],[0.836251462050234,46.31667011406118],[0.835822793759547,46.31672683060925],[0.835194300694846,46.316609495475085],[0.834839074610208,46.31668291757808],[0.834717896279204,46.31682114130849],[0.834667780293829,46.31726609074868],[0.834428769511081,46.31745792504516],[0.834370865982608,46.31770544854361],[0.83364576098058,46.31795920485898],[0.833261988879094,46.31888424782602],[0.832912532906195,46.31913973804358],[0.832845720159877,46.319415016610456],[0.832714871286551,46.31950170813985],[0.829685887235758,46.31824777155726],[0.829353361977813,46.31837115404809],[0.828189055555104,46.317897658523016],[0.828882334457336,46.3174964973563],[0.82599852183057,46.31472104639787],[0.838861864512861,46.29916824770548],[0.836961575813058,46.29802237264728],[0.836427320977434,46.2961187151862],[0.836213545117244,46.29629932061803],[0.835321379577841,46.295757192397],[0.835583863997181,46.295527969561014],[0.834376944325239,46.29394211315627],[0.833552220733633,46.29603072988408],[0.833867821736191,46.29626553978511],[0.833751005497661,46.296458794624165],[0.824928082463173,46.294398018442905],[0.822898496654926,46.29409619882118],[0.821139750923305,46.29407517517446],[0.820678400590231,46.29332497383755],[0.819162270419423,46.29305362990559],[0.819249860304406,46.29277965654557],[0.819735904494231,46.29215929037228],[0.819198272262706,46.291758941264774],[0.818137646294995,46.29261242025362],[0.81681145204237,46.29334639504139],[0.816015935082134,46.29410044218752],[0.815139333509277,46.293792663050425],[0.814280707195419,46.29488960131038],[0.813938535768201,46.294899248550934],[0.81400421998836,46.29517435882292],[0.813861415905374,46.29578867980858],[0.814979663014442,46.296164162027715],[0.814906838845778,46.2964582338606],[0.813800616953982,46.2962370222],[0.813798283860825,46.29603519360334],[0.812867237674523,46.295788508905524],[0.812007443452851,46.29597017458259],[0.811742377116626,46.296293881630085],[0.811828101520258,46.29649010608056],[0.811779011432938,46.296970201395744],[0.811475157551888,46.297256228992076],[0.811191092108677,46.29737238091197],[0.810917443845134,46.29739054284332],[0.810776876379804,46.29752566660655],[0.810551418670065,46.29750872112676],[0.810315490667116,46.29733122765785],[0.809672608703722,46.29754767442],[0.809714745964512,46.297631360383946],[0.809357921655736,46.297909157317314],[0.808147182706375,46.297344468922184],[0.808070311876305,46.297381724859655],[0.808227534321517,46.29822611855146],[0.808176372664026,46.299665548494076],[0.804664338454489,46.29737287484489],[0.804005013602652,46.29770698099585],[0.800969633857954,46.29517024540935],[0.800881960843878,46.29502351970597],[0.800955201799461,46.294882603640644],[0.802635441189039,46.29530599310882],[0.803245740029703,46.29425029027825],[0.800276529701864,46.29337052405679],[0.799408903742269,46.29381138119864],[0.798338457993444,46.29389879078918],[0.797391160404953,46.29496236509662],[0.796015419575441,46.296982426433075],[0.793751115151411,46.29853845367233],[0.794087772941328,46.3007294789081],[0.793064109515643,46.30042678890234],[0.791485043925722,46.30203478563756],[0.791994564550072,46.30222753191604],[0.791463319220236,46.303442357040055],[0.790154295751172,46.30392863801424],[0.788645134438154,46.30428490318611],[0.789019521186531,46.30338323578311],[0.788255001777774,46.303421541918595],[0.788070789579209,46.30363776681741],[0.786543053195286,46.303296402282946],[0.786130478576373,46.303952294739524],[0.784394420834046,46.30390862991366],[0.784242144327309,46.30510106809917],[0.781951123453423,46.30492675960968],[0.781717577620708,46.3056536854938],[0.78064964157447,46.305832867362376],[0.780712407020647,46.30608001687978],[0.780512856364659,46.306449072537525],[0.779829018636213,46.30651592001049],[0.779567127603086,46.307075635953254],[0.779280866860815,46.30701870823539],[0.779009706617691,46.307486357602414],[0.778539739716354,46.30788797222186],[0.777989601428543,46.308279012900115],[0.777782840499412,46.30818489650412],[0.776457467177655,46.309419296210166],[0.776000619890034,46.30959324672735],[0.775981263885832,46.3096856544579],[0.775218246687099,46.310259899057506],[0.775150785799701,46.31067206318625],[0.774579596613876,46.31094016406982],[0.774345488758266,46.311134674285334],[0.772463547323018,46.3131995323294],[0.772024677637266,46.31430347798096],[0.772017423501068,46.31441774179129],[0.772191250850804,46.314458976050915],[0.772229803838428,46.314661516313414],[0.771985871857635,46.31500086392722],[0.772063449026569,46.31545820202633],[0.771962067008217,46.31571295650227],[0.771625188986472,46.31597211331532],[0.770826341685012,46.316178090327845],[0.770508984805252,46.316372766011085],[0.769955180290387,46.31732852053489],[0.769236011156851,46.318226084218416],[0.766881514970991,46.319721285699515],[0.766274614190467,46.320319253222145],[0.765669537234762,46.32144514188918],[0.765622139699012,46.3220324566338],[0.765856668980721,46.322529811275054],[0.765754264167983,46.3230313690937],[0.766471406774101,46.32400121256115],[0.76715373212613,46.32365875635111],[0.767918361741803,46.32352960415004],[0.768525189351859,46.32357121724837],[0.769204376947185,46.32371964112157],[0.76934901437498,46.32399902812809],[0.769331349280045,46.32433649428473],[0.769136530199312,46.32464977310011],[0.769358805607946,46.32528921105977],[0.768787207238249,46.327220213646136],[0.768361645187089,46.32802533145004],[0.767745162078636,46.32844205282691],[0.766759407801982,46.330991011249964],[0.766718726602775,46.331286587769924],[0.767129940157138,46.33274498476957],[0.769095035621215,46.333763573659674],[0.770413542822954,46.334310956889325],[0.772536511438075,46.3350325960281],[0.774787354980439,46.336128733583486],[0.777352191360011,46.33791737941294],[0.778667772736751,46.338957358855104],[0.779433667721998,46.33976230833427],[0.779502393467668,46.340568085716164],[0.779995519947932,46.342133419070194],[0.781257740966811,46.34433168893596],[0.786220438223751,46.346893733463645],[0.786279437800605,46.347075044033375],[0.787023339172621,46.34772186609038],[0.788614728643163,46.349929136806885],[0.788276626188042,46.35021534527908],[0.789711815452567,46.35278169777449],[0.791355486448616,46.356148393815985],[0.792078035815887,46.35710284578699],[0.79851892283619,46.35692471661897],[0.799081377500505,46.356882427133655],[0.799179288396381,46.35680954917152],[0.804509389480335,46.357982481219665],[0.805005064381254,46.35827488116776],[0.80527074792743,46.35830071437149],[0.804928258114309,46.354582755158845],[0.80498344614969,46.35430996925129],[0.806406655404701,46.352787956082715],[0.808169795223154,46.34995636923272],[0.808997210971014,46.3491435232446],[0.810306189442606,46.34829127854051],[0.8143923450192,46.34620323277418],[0.814297595863446,46.346132954143556],[0.81904549863823,46.34466458252093],[0.819452329369074,46.34470479489958],[0.819615135760452,46.34460161312405],[0.8196991320731,46.34468068973607],[0.823837298864614,46.34437421777266],[0.828242163837734,46.34399971232029],[0.828852166989402,46.34380414615273],[0.830830372694499,46.34367786043039],[0.83225829447785,46.345784093252426],[0.837447635978478,46.34412518122143],[0.848003287433938,46.33945879881955]]]]}},{"type":"Feature","properties":{"fid":3861,"ID":"COMMUNE_0000000009748790","NOM":"Paizay-le-Sec","NOM_M":"PAIZAY-LE-SEC","INSEE_COM":"86187","STATUT":"Commune simple","POPULATION":474,"INSEE_CAN":"05","INSEE_ARR":"2","INSEE_DEP":"86","INSEE_REG":"75","SIREN_EPCI":"200070043"},"geometry":{"type":"MultiPolygon","coordinates":[[[[0.741801299846457,46.61351926671086],[0.743192894022942,46.61381692967229],[0.743401241161965,46.61393093139387],[0.74393504958076,46.6136991305727],[0.745079903519706,46.613453233598406],[0.745967256854795,46.61339593053727],[0.747765174022191,46.61335202242153],[0.749631185976934,46.61362109944598],[0.750907682779447,46.61411097872916],[0.751880463917877,46.61461199866269],[0.75367627624996,46.61537957206206],[0.753355648659927,46.6162110239641],[0.753510922739143,46.61634468412287],[0.753531290639354,46.61651623451857],[0.759350819134532,46.618050751633454],[0.759561224374927,46.618814234459705],[0.764216990137637,46.61880519774361],[0.764347973913611,46.61886270203328],[0.764213097091054,46.619186156277905],[0.770742305401853,46.620229487683304],[0.771209515549548,46.6205367383147],[0.773040792865296,46.621279466020226],[0.772859495096159,46.62261000824059],[0.773113086574523,46.62248342232655],[0.775223125066439,46.622102845051614],[0.782526109880963,46.62056715726359],[0.78269859714048,46.62069750612586],[0.782954887363732,46.62063220457334],[0.783118661997091,46.62052727945364],[0.783528273359924,46.619939785895234],[0.783553531635741,46.618261212124345],[0.784003403546729,46.618257303552504],[0.783996926953106,46.61838418890302],[0.784265058373699,46.618605563118784],[0.78475393488865,46.618703293718795],[0.786192132165478,46.618699565544944],[0.787176535989889,46.6187960502885],[0.78773413479579,46.618618554871986],[0.788133455502545,46.618636173484475],[0.788627977959506,46.61869165961696],[0.789079998539503,46.618892250233394],[0.789771628388588,46.618955138034956],[0.789896654406897,46.61854859462446],[0.790199244821512,46.61830851775857],[0.790434139037948,46.61825449732045],[0.790713726192113,46.61835537205456],[0.791700737069869,46.61771142526287],[0.792471306661048,46.61779383420736],[0.793746219842606,46.61768958094904],[0.793861414037252,46.61758911013228],[0.793771934411178,46.61744236120813],[0.793881055479629,46.61739491953855],[0.793809453286498,46.61625945656601],[0.793508444085514,46.61623564390244],[0.793673434423701,46.61606767293534],[0.794506516552445,46.61592968021742],[0.795882159894481,46.61591922290576],[0.797912933542427,46.616000612307495],[0.799170920914803,46.61615179588504],[0.800551106566224,46.61492982087632],[0.801842829845072,46.61201356735998],[0.803980730319426,46.6081100565381],[0.804867520929051,46.60666959221297],[0.805898709546497,46.60566606356606],[0.806162857806797,46.60494959847039],[0.806928304806957,46.603598674649376],[0.814349757376618,46.59216282672401],[0.815135182677476,46.591411251695604],[0.816745966695978,46.58865045894094],[0.820105480937361,46.58414121046603],[0.820985430706987,46.58311215596093],[0.822206217020335,46.58133472599087],[0.821149074106363,46.57644589739146],[0.820083699577495,46.5725828840292],[0.819929335061858,46.57154494646391],[0.819987757692319,46.57099928471517],[0.819886659275043,46.57075144589462],[0.81981626698981,46.56924760114361],[0.819482392566387,46.56851791337883],[0.819146851283956,46.565938886013264],[0.81879649844045,46.56565386800965],[0.818483898822662,46.56403550859668],[0.818509775576052,46.56348742478841],[0.817906905998543,46.56344260335121],[0.806980286985632,46.560512480741295],[0.801686390216933,46.559309250598915],[0.800222559120412,46.558887477575745],[0.798964616267801,46.5580570833729],[0.796673117716584,46.55775986552924],[0.796705837130171,46.557435309839335],[0.796934527232863,46.55694697978174],[0.794606856723573,46.55689944322622],[0.792320635626975,46.55705353567473],[0.791831924779336,46.55648201186572],[0.788154798577996,46.55349062342522],[0.787572564668522,46.55136610268833],[0.787425306459951,46.55129479490726],[0.783729679939803,46.55098636565166],[0.782670266009173,46.55103069853517],[0.779925851775054,46.551315283320804],[0.77932717142389,46.549922742902815],[0.778589327235542,46.550118306682776],[0.777783940624691,46.55001709215712],[0.778615802453411,46.547452457104654],[0.773075451435988,46.54702137064611],[0.766834820850374,46.54673128629455],[0.766479061230586,46.546842347158794],[0.763521926273385,46.54846277927289],[0.762916907326008,46.54837978823503],[0.7602785112388,46.548467797251796],[0.759558426703073,46.54984904579439],[0.75925032113629,46.5507050824018],[0.761406107551994,46.550480640819224],[0.762562630702179,46.550551904779304],[0.762713953155473,46.550618820681095],[0.764043385654883,46.55252117902317],[0.764604910877248,46.55290147902808],[0.765037146036477,46.55302792715429],[0.765634710843867,46.55335758002133],[0.765777810238561,46.55372069485092],[0.765678650934824,46.5540052137228],[0.765819980008665,46.55517541210382],[0.766326319973366,46.55616987253402],[0.765864478340095,46.55647793894205],[0.765479120795198,46.556958649308406],[0.765060132290042,46.5579404480356],[0.764763773326923,46.558193189904635],[0.764180360136849,46.55847185127231],[0.763855059149471,46.55892040020072],[0.763767992380168,46.56119952803557],[0.763856538038316,46.56161922987892],[0.764068964816597,46.56169364270858],[0.764073135649187,46.56292782144371],[0.763973113369802,46.563582551101504],[0.763799292777215,46.56399892818778],[0.763199311879591,46.56486998878995],[0.762415168461278,46.565772577515794],[0.763075254574807,46.566045811549785],[0.762597901379679,46.56857223470166],[0.761718531694285,46.570645799896155],[0.760735028504471,46.57150214219089],[0.758193743458743,46.57402598879102],[0.757280353977583,46.57460442787789],[0.757014575539877,46.575253202122184],[0.755662384319446,46.5762716294017],[0.754999400860719,46.57650995327146],[0.753848237156788,46.576707167943326],[0.753192331157268,46.576742039216256],[0.753058364343576,46.57691776863881],[0.753127253949864,46.57721098057464],[0.750714071061721,46.57756805234208],[0.749547847304664,46.57784419924923],[0.747952222705222,46.57836321238986],[0.746922957517078,46.5788014694845],[0.744207789764894,46.58070544929909],[0.743621195568,46.580989353653784],[0.743153054626145,46.58248086637182],[0.742813860867624,46.58527297794979],[0.742333034377906,46.58539951931388],[0.741727556056832,46.585444329440726],[0.741128130324375,46.58531179733506],[0.738406605091364,46.584337449587416],[0.73764133875989,46.58505198337141],[0.73673638029391,46.585669166532384],[0.735759863587776,46.58649841882018],[0.733650602937605,46.587764659324385],[0.738918188501858,46.58976048972078],[0.738786890112254,46.592889091967365],[0.739570472608068,46.5940323681509],[0.741016705882575,46.595866115060616],[0.741740261824182,46.596568598444506],[0.74310271577415,46.597526885837446],[0.746449661055347,46.599289902965516],[0.746766775672507,46.59999516322602],[0.747357931276611,46.600584204752295],[0.748421465386794,46.60201216644548],[0.746562701658307,46.60419698147601],[0.745345188184883,46.60509724154653],[0.744828973236045,46.605978870427805],[0.744586027644104,46.60670013124046],[0.743954858237176,46.60748490893876],[0.742092052144314,46.61092348963657],[0.742000426145387,46.612816064540425],[0.741801299846457,46.61351926671086]]]]}},{"type":"Feature","properties":{"fid":3865,"ID":"COMMUNE_0000000009749665","NOM":"Saulgé","NOM_M":"SAULGE","INSEE_COM":"86254","STATUT":"Commune simple","POPULATION":1005,"INSEE_CAN":"12","INSEE_ARR":"2","INSEE_DEP":"86","INSEE_REG":"75","SIREN_EPCI":"200070043"},"geometry":{"type":"MultiPolygon","coordinates":[[[[0.792078035815887,46.35710284578699],[0.792117901357327,46.35724324503683],[0.787541205126119,46.36272881444208],[0.789200867308438,46.36354922315387],[0.797880090094877,46.36738799950211],[0.802819890505303,46.369683976544394],[0.809435229357316,46.37353249970881],[0.812629369128479,46.37693581856011],[0.818373070367709,46.38416942986031],[0.81892242065389,46.38462493453992],[0.820663658552625,46.38753989993902],[0.820969083316575,46.387813274268495],[0.822751213825466,46.39032812427786],[0.82420545349599,46.39199263401481],[0.827200599661407,46.39511335449859],[0.830031490104202,46.397067926674836],[0.83319933621512,46.39887028204715],[0.834252308751309,46.39966766540211],[0.835668699990371,46.40141507175889],[0.835678368838169,46.403043904890076],[0.835903060320792,46.40371566026578],[0.836307522701629,46.404024197531804],[0.838375489738788,46.40513894457631],[0.840121245094983,46.40722492243431],[0.840687739132947,46.40867331857462],[0.840827768248928,46.40931463467108],[0.840730317129028,46.409374946102204],[0.840761359142246,46.4094791253342],[0.844529970926224,46.4122221304155],[0.84697933611512,46.414146523386854],[0.84752779369319,46.414473047477934],[0.848593642472107,46.414130121934065],[0.849796496006371,46.413846517918955],[0.851693326521642,46.41310394901699],[0.852250713875296,46.41297211341362],[0.852870631443847,46.41257481612289],[0.853293692924407,46.4124143254451],[0.853723515369128,46.4125124885283],[0.85505381486535,46.41253029055638],[0.85698297305121,46.41291873975242],[0.859870888359328,46.413202629402804],[0.861075476487619,46.41343779703341],[0.863654514545208,46.41366175375377],[0.866386754816966,46.414098400043635],[0.866318482780148,46.41394579093162],[0.871054059267086,46.41484402901787],[0.872313730201196,46.41527197185548],[0.875832434062517,46.4168220076895],[0.877796023980908,46.41777283110099],[0.878468507566051,46.416756633608436],[0.879678159799096,46.415322538729086],[0.881797713263316,46.41359635215775],[0.882686557358482,46.41233733136303],[0.882881116960918,46.41182028618407],[0.882956948833424,46.41124158659744],[0.882619194318667,46.40994359356327],[0.881376740913307,46.407764052440676],[0.881070544114767,46.40746651272939],[0.879869634130381,46.4067019602761],[0.878106320962004,46.405834157680694],[0.877482885239311,46.40529019816262],[0.877133709072532,46.404792773448705],[0.87702975976077,46.404284596425484],[0.877045845590934,46.403636327728954],[0.877628091129397,46.403564285490006],[0.878212027149163,46.40334814557641],[0.878195282632869,46.402673143589524],[0.878741026339134,46.40250133043791],[0.878913805121628,46.402377530927765],[0.879193576259331,46.401879190137876],[0.879237859768414,46.40087293164166],[0.879486055158334,46.40028212294622],[0.879851328890005,46.40006281244082],[0.880556823059382,46.3998669355598],[0.880725607516995,46.39971153171409],[0.880937959455042,46.39836609465428],[0.881098256523648,46.39779166613933],[0.881259103881923,46.397572158244046],[0.883266964699841,46.3963573287815],[0.883335280203489,46.396341481143764],[0.883382242059746,46.39640630825259],[0.889488670022167,46.39521958725185],[0.891772267135797,46.39505012014793],[0.894981955265307,46.39324745969285],[0.89545120106586,46.39357049000822],[0.896410880328482,46.392111802338135],[0.896889626854861,46.391883722032915],[0.897675295358712,46.391629768319596],[0.900172591830429,46.3913487735986],[0.901616136887779,46.391048348585564],[0.901008990307969,46.39018053531213],[0.900868725737426,46.38864752370915],[0.900352432483087,46.38795703043987],[0.901262417013364,46.388260223730555],[0.902967393586649,46.388675309910276],[0.903043885133048,46.38776782600585],[0.903956978957215,46.38782063718665],[0.904541195001121,46.38758995974925],[0.90536029867769,46.387819388170676],[0.905697965623394,46.388043576708526],[0.905926665249538,46.38863148156238],[0.906130568922929,46.38847398415394],[0.906477148762124,46.38751470650139],[0.907399091225416,46.38713257500704],[0.908123589769832,46.38772506460647],[0.908920017356087,46.38725504519027],[0.910102510413175,46.38717312387661],[0.910150387164747,46.38738478364329],[0.910066847332339,46.38759493675768],[0.90927536065999,46.38803803118526],[0.908587453951525,46.38859741842019],[0.909258022319428,46.38838901801583],[0.909472153408129,46.3885082419859],[0.912546787978374,46.386705331103485],[0.914262632796766,46.3868024715821],[0.915611919372113,46.38671543583219],[0.916679228107655,46.3870249825317],[0.9174215705011,46.387117805013595],[0.923789675680916,46.38646371323988],[0.926695681558909,46.38325755588301],[0.925779141826399,46.38305713561463],[0.924789947093731,46.38302202988039],[0.927961352011533,46.38224916394594],[0.9280651242939,46.38215556658734],[0.9314924445415,46.38149624602596],[0.932122405204477,46.38142749875066],[0.936897769919672,46.38156801321113],[0.938910315756172,46.381973711485166],[0.939915975518781,46.382365698250496],[0.941002496792786,46.38265014200201],[0.940254895074119,46.382214183261084],[0.936449164822113,46.379523249372106],[0.934625707336998,46.378559747041095],[0.92916104260316,46.37693655351261],[0.929361274933531,46.37649520516377],[0.92961429865501,46.37620614519037],[0.929597160201539,46.37600586175294],[0.932425600482154,46.37369083101984],[0.933132932377425,46.372640736113055],[0.932192539858376,46.37118334942473],[0.931016828109811,46.36996219231621],[0.930242474480004,46.36828080354203],[0.930204638741487,46.36739014907199],[0.930488348361536,46.36618645499744],[0.921921086057524,46.361192568654054],[0.91864936069558,46.360597832518174],[0.918637812971958,46.35987609578539],[0.918312334894624,46.359335089892156],[0.917628677605173,46.358770427266485],[0.917767690528432,46.35836581252343],[0.917998789700818,46.35813943239693],[0.917758431599125,46.35782337269368],[0.916257859998833,46.3575293277796],[0.915305536160377,46.35749480496761],[0.914666763821402,46.357323685518764],[0.91409964352191,46.357559225682664],[0.913693266267709,46.35750314832362],[0.913221311082489,46.35780167875634],[0.912723706858311,46.357817792552915],[0.912393119888782,46.35771895958048],[0.911612897756687,46.35781096423935],[0.910896656984346,46.35820319620455],[0.909889789200896,46.358608112480056],[0.909522511139844,46.3588563013799],[0.908940430947259,46.358971737925735],[0.907840119393047,46.35902992231152],[0.906850789696599,46.35887394506404],[0.906379099199598,46.358688731181225],[0.905677822898605,46.35821374950916],[0.905450820043966,46.35819606794247],[0.905113024279906,46.3584213641239],[0.9047793478046,46.358912466857426],[0.904333185473068,46.35935105733502],[0.901684228977374,46.36043553021737],[0.901041837107588,46.36052819828127],[0.900424983102466,46.360836621070995],[0.899991159883154,46.360851151909266],[0.899305264176239,46.36072141545969],[0.899385692338817,46.359779772876166],[0.899208909165432,46.358726197786496],[0.899000744847754,46.35842149923185],[0.897973909375908,46.357753105637116],[0.897677511803139,46.35723959648834],[0.897258248960773,46.35505015570618],[0.897454100711327,46.35462589306634],[0.897371408956414,46.35440817884887],[0.897497252256666,46.354079009405325],[0.8976646354996,46.35395508482362],[0.897687675392915,46.3536942809965],[0.897383534028457,46.35311216763201],[0.896748574483866,46.35233748748025],[0.896293261635999,46.35193183885796],[0.896147779788786,46.35162198516096],[0.895921147657031,46.35041254654583],[0.895613224943755,46.34945653005407],[0.895684565248686,46.348448061682866],[0.895343054269107,46.34772292694376],[0.895431666805866,46.34741469115408],[0.895645930936956,46.347153814351095],[0.897226456888672,46.3459002551011],[0.897522619418962,46.34543730725482],[0.896984576111164,46.34386991694911],[0.897175485027919,46.342220489438304],[0.896890378196869,46.340435268113595],[0.896395262909551,46.33971450721496],[0.89615668918089,46.338748960367305],[0.896008541430566,46.338509317799044],[0.893729102547614,46.33613416778993],[0.893199057128626,46.335714510906186],[0.893155781601424,46.33542005278412],[0.893438252626292,46.33487308862625],[0.894136849979432,46.3342590477486],[0.894453471392477,46.33410815985569],[0.894913836989539,46.33400676739841],[0.895730863119715,46.33396420473044],[0.899258996162623,46.33396443440128],[0.900296656577443,46.33369620425792],[0.900679988556996,46.333263680435145],[0.900767669032988,46.332842825038455],[0.899649091261224,46.332103385212285],[0.899384540015948,46.331779629521535],[0.898650444473352,46.33040950543607],[0.898287779373418,46.329356999379954],[0.897738029904487,46.32826681059389],[0.898230051545512,46.32798312906174],[0.899629222752873,46.32662801368102],[0.898617850639453,46.325098740938664],[0.898364609728435,46.32519225689897],[0.897981881022256,46.325508581664806],[0.896913754168355,46.326741874840444],[0.89657138846385,46.32698867831334],[0.895653258875158,46.32729601258078],[0.893592860239104,46.32744981478572],[0.893640212162746,46.32733448779453],[0.893468306660565,46.3269025328285],[0.892912301402072,46.32584282954218],[0.892988407400067,46.32535240378743],[0.892554362068059,46.325346178883606],[0.892537508311876,46.32527740690252],[0.892743564521703,46.324822713873175],[0.892892016178854,46.32383818970695],[0.89324293210003,46.32255924630495],[0.893336163988588,46.320780101608655],[0.893010348222791,46.32042907324403],[0.891972085058137,46.318795646296806],[0.892580816927943,46.318180855381904],[0.893593308116394,46.31839054656254],[0.895249674813985,46.31849051754841],[0.895821079244173,46.31827046859754],[0.897835248225857,46.31795724005346],[0.89868117186821,46.31796834052279],[0.900335890958017,46.31773851754102],[0.90062285104229,46.317612289844185],[0.900955421808699,46.31643297567753],[0.901532877559445,46.31591845154495],[0.902906385473144,46.315256437709515],[0.903567787245274,46.31509475737974],[0.904540610662525,46.31508382881202],[0.905378764861212,46.314549759276474],[0.906088104801096,46.3135088738551],[0.906078145906542,46.31308982331062],[0.906228136742662,46.31256741921637],[0.907352089829205,46.31067749434739],[0.907953629362145,46.30745650734853],[0.908905458573816,46.304998612288216],[0.909133127011887,46.304891093492564],[0.90948433265266,46.3048840276666],[0.9095633178357,46.30461974411902],[0.909443529061573,46.30370684677953],[0.907956505295059,46.30204461006869],[0.907426343916685,46.30098815217744],[0.907152904369503,46.29994811905985],[0.907045920865857,46.29985697488348],[0.901708996145197,46.30112618436013],[0.900531279527034,46.30157199402535],[0.898772777179756,46.30241874198341],[0.896372280267176,46.303228386828856],[0.896169112799806,46.30323904722346],[0.892785903671474,46.3044880671652],[0.892478500408147,46.30477513850371],[0.887348832890134,46.305064754760636],[0.886496048186238,46.30503452237329],[0.885143133241179,46.30630836187855],[0.883651173265994,46.30791560070436],[0.88077169232525,46.30970239969211],[0.879906122620327,46.31006733204177],[0.878652832660448,46.31080967995656],[0.877380193200588,46.31134627190418],[0.875903865075626,46.31187184608104],[0.873988411702067,46.31242343808425],[0.87405537505305,46.31300840621256],[0.873963889841822,46.31332197903372],[0.873197715560356,46.31480570933599],[0.87259312354291,46.31574386491701],[0.872382747846522,46.31740911934443],[0.871984705759369,46.31861776594157],[0.872121796267313,46.32007331682753],[0.872483045355334,46.32168258557064],[0.872343581842259,46.32242674443728],[0.872542686096814,46.322455684455036],[0.87321254238522,46.32278346908117],[0.873807137214301,46.32324136196402],[0.874223395279596,46.32373826222869],[0.87502131978854,46.32502056896841],[0.874055559194476,46.32561419755663],[0.872880754865691,46.32616608279869],[0.872129351151331,46.326830356023585],[0.871787283588166,46.32696629438094],[0.871585292469947,46.328882125210654],[0.87170844643509,46.32915916905162],[0.872736185952203,46.33048451661063],[0.87288399541672,46.33039539412498],[0.873190062187223,46.33065062770216],[0.873455337827716,46.330483525559586],[0.875029640939423,46.331465935583246],[0.876912120310154,46.33281888702219],[0.878132667027959,46.333168607235635],[0.878771207970479,46.33360386826164],[0.879262408519908,46.334284102883075],[0.879881024572966,46.33473069681602],[0.879406545534104,46.33603342862803],[0.878832170095336,46.3369604692062],[0.878662705747193,46.33747347143538],[0.878704143762745,46.33774628309831],[0.878516943765434,46.3378112593703],[0.878610269002031,46.338121068677395],[0.878355117559942,46.33906575855362],[0.877179897112651,46.33928709177818],[0.878082708468839,46.34082354542921],[0.878101618534875,46.341207636520764],[0.877616516201944,46.3412067121564],[0.873864682860761,46.34196282254471],[0.873803876271489,46.341954481951554],[0.873798913428416,46.34188142481002],[0.87243943934208,46.34208936473909],[0.871009221658108,46.342042843120566],[0.87077094494261,46.341949213421366],[0.869197402963594,46.34170902232694],[0.868739627552852,46.34094018975966],[0.868916693367919,46.340768745423155],[0.867885582389093,46.33929377120309],[0.867737674616794,46.33811726277628],[0.86730271177534,46.33743172349985],[0.866693619476633,46.337576163063986],[0.865743951964026,46.338015990583855],[0.86392449308332,46.33941327833834],[0.860756730743935,46.34096269938688],[0.859742423112679,46.3411571483388],[0.85919402859867,46.34058024560577],[0.856089019261156,46.339860696259656],[0.855094566082419,46.33918440059467],[0.853810173833059,46.33883773557698],[0.852560246494984,46.338110664984654],[0.852298695209419,46.33788233737413],[0.851266321777403,46.33923210218775],[0.847953321516409,46.34148827056514],[0.848069161744279,46.34099051071801],[0.847939316886213,46.33989448162176],[0.848003287433938,46.33945879881955],[0.837447635978478,46.34412518122143],[0.83225829447785,46.345784093252426],[0.830830372694499,46.34367786043039],[0.828852166989402,46.34380414615273],[0.828242163837734,46.34399971232029],[0.823837298864614,46.34437421777266],[0.8196991320731,46.34468068973607],[0.819615135760452,46.34460161312405],[0.819452329369074,46.34470479489958],[0.81904549863823,46.34466458252093],[0.814297595863446,46.346132954143556],[0.8143923450192,46.34620323277418],[0.810306189442606,46.34829127854051],[0.808997210971014,46.3491435232446],[0.808169795223154,46.34995636923272],[0.806406655404701,46.352787956082715],[0.80498344614969,46.35430996925129],[0.804928258114309,46.354582755158845],[0.80527074792743,46.35830071437149],[0.805005064381254,46.35827488116776],[0.804509389480335,46.357982481219665],[0.799179288396381,46.35680954917152],[0.799081377500505,46.356882427133655],[0.79851892283619,46.35692471661897],[0.792078035815887,46.35710284578699]]]]}},{"type":"Feature","properties":{"fid":3929,"ID":"COMMUNE_0000000009750355","NOM":"Millac","NOM_M":"MILLAC","INSEE_COM":"86159","STATUT":"Commune simple","POPULATION":467,"INSEE_CAN":"10","INSEE_ARR":"2","INSEE_DEP":"86","INSEE_REG":"75","SIREN_EPCI":"200070043"},"geometry":{"type":"MultiPolygon","coordinates":[[[[0.664710106474233,46.17316014233193],[0.66494099617028,46.17331082978093],[0.665154735637673,46.17331612280492],[0.665267377242334,46.17380761461457],[0.665151129405238,46.1743754824231],[0.665810959517518,46.1747160575134],[0.665972451582375,46.174242809908286],[0.666538446909045,46.173771563467554],[0.666666549593523,46.17347330065696],[0.667883094554809,46.17356043616552],[0.668195072558354,46.17378665300449],[0.667976269148161,46.17435782376349],[0.670295081137979,46.17481168440028],[0.669977002678587,46.17552226094942],[0.66954538367678,46.17771425323042],[0.669202437918772,46.178612601403266],[0.666731675982859,46.18181767131508],[0.666245391351398,46.18236442901604],[0.665446605584178,46.182909270255834],[0.663379561524863,46.184179371008156],[0.66233191862863,46.184688444881864],[0.660221401872364,46.18733864552958],[0.660207478278292,46.187604118430386],[0.660733681323773,46.18831313145197],[0.660818724607349,46.18866081946123],[0.660757042647232,46.18916404251853],[0.661389659672993,46.19048063280275],[0.661626428432213,46.19131611453062],[0.66242839887116,46.19231276622477],[0.662456951309177,46.192707938262956],[0.661977482001051,46.19461244453935],[0.661998908186568,46.194992155154985],[0.662197991963877,46.19534308793853],[0.663332208925071,46.19642944463201],[0.663938505787885,46.196753609478606],[0.664386499431318,46.19686551492809],[0.66706786917639,46.19696111419598],[0.670399875791109,46.19774293953624],[0.672555208077396,46.198037531009355],[0.673641056331259,46.19800750640498],[0.675934683553326,46.19761119043779],[0.677494779472212,46.19756379762117],[0.678906346051666,46.197745776062334],[0.679528034521452,46.19795395727216],[0.680903042936293,46.19863244571635],[0.682919852841282,46.199904160916354],[0.683662096964319,46.200514762465986],[0.684093421976918,46.200961373113884],[0.685175748353156,46.20252120182029],[0.685705317827317,46.20353014720596],[0.685981889853403,46.20429340838019],[0.68607099810838,46.205378968433614],[0.68552305094335,46.2062794957208],[0.684938376145559,46.20663604818441],[0.683650119844073,46.207030516608825],[0.68226802465622,46.20767980618759],[0.681433500781456,46.20838979474213],[0.680626618948803,46.20951924661756],[0.679643833145547,46.21054240451864],[0.679158653004264,46.21170363583895],[0.678474237813014,46.212574320738824],[0.67877596279809,46.21344711898524],[0.678533430966496,46.21430159951266],[0.676352913197831,46.21822720749631],[0.676015777123878,46.21907704787094],[0.675855563374389,46.22068183056204],[0.675946428439828,46.221201688892364],[0.676278348859734,46.22154629822151],[0.677245423846224,46.22209396421618],[0.67794564517824,46.222660497047485],[0.678546256152788,46.223342105320754],[0.678751271147669,46.223803031349846],[0.678839007189272,46.22470389105647],[0.678529256852015,46.22561195305535],[0.678527162087411,46.22621279112858],[0.678617835975132,46.22719749174941],[0.678888893871841,46.22763183794875],[0.679986112800098,46.22737765629724],[0.680221950741484,46.22714193418556],[0.680707065972535,46.22708876633141],[0.681285392851469,46.22682669314508],[0.681867941951865,46.22704756929448],[0.682092073138525,46.22699628315266],[0.682471279879665,46.22671573213306],[0.682622977315412,46.22622875002324],[0.682977610489464,46.226375609696596],[0.68312041749752,46.22634428574968],[0.68332934099626,46.225639557300134],[0.683732032640257,46.2257855917986],[0.684031686319516,46.22578989209721],[0.684857761249501,46.22553104406371],[0.685835278559003,46.225988759387725],[0.687112988473518,46.22588502397802],[0.687694509521252,46.22603828405231],[0.687786188795517,46.2252807163603],[0.688719430653093,46.22528076662388],[0.691098528285828,46.225005676841185],[0.693182872337317,46.22430115288914],[0.69359481632035,46.22487525110606],[0.6936267397383,46.225411913623375],[0.693577792537157,46.22564965049765],[0.693294880216674,46.22604930278383],[0.693017334078515,46.22613646280043],[0.693122605358316,46.22724305953436],[0.694166531856342,46.2289317293101],[0.69790808833224,46.22836249775741],[0.699191317205469,46.22794253459621],[0.701870688864037,46.22725619244095],[0.701811173861973,46.22749912378594],[0.70127022531107,46.22817194755236],[0.701275240506403,46.22857833813016],[0.700591491824043,46.23036444239104],[0.700204067876655,46.231770064282],[0.700232865038595,46.23194991824912],[0.699761577344648,46.23269351065414],[0.700041448676287,46.232737005941615],[0.700223562128858,46.23291365362746],[0.702039986908727,46.2335251123765],[0.703344341892751,46.23405863944472],[0.704938222649604,46.23456105729976],[0.708242242702912,46.23508530532412],[0.710960028606767,46.23559766154017],[0.711548825282145,46.23576715799405],[0.712657838206231,46.236536273905536],[0.714252523031312,46.23720973720202],[0.719215594162679,46.238615589701304],[0.719654316651724,46.23868023747685],[0.720428643725245,46.23866692821576],[0.721577016333425,46.23846291722218],[0.722267895129494,46.23848936357898],[0.724643749319134,46.23917651304505],[0.725875788278269,46.23945879155651],[0.726793572169921,46.23986810410848],[0.729025544048445,46.24017662906076],[0.729158848040082,46.23996758946969],[0.730028996739832,46.23927147914694],[0.730204091233604,46.238962376772136],[0.730567807807583,46.23861289521696],[0.731138793808654,46.2383369120477],[0.731834819107089,46.23823908530522],[0.732314742308655,46.23824955348461],[0.734563445498125,46.23868622493561],[0.73596051772037,46.23833748072481],[0.737108139127843,46.23827563370361],[0.738894634521804,46.237958922267744],[0.740560381205204,46.23786229487986],[0.741617449378583,46.237697709113284],[0.74317363704693,46.237203396275255],[0.74370967115097,46.23682846569681],[0.744102530383135,46.23630475623775],[0.744068027664417,46.236133811711746],[0.743413536267865,46.23557131337659],[0.742262750697829,46.23482960265138],[0.742082204844047,46.23454855774049],[0.742112536007591,46.23419062182303],[0.742270531593568,46.23397935558166],[0.742779853809785,46.2337165057373],[0.744521215104097,46.23222140494168],[0.744745493903442,46.232133965147966],[0.7452077271792,46.232226006441266],[0.745725359605799,46.232075914711125],[0.74629645934044,46.23176202483342],[0.74692546535409,46.23123938164322],[0.747498704535811,46.23103092756377],[0.74812273080284,46.23059736340077],[0.748540627169885,46.230062424689365],[0.748648069981824,46.2297537589576],[0.74875232888308,46.22901712763752],[0.748686335710618,46.228096056282034],[0.748548180820725,46.2279518886803],[0.747939858579086,46.22772003909208],[0.747550830700973,46.22739523745395],[0.745081262228172,46.22634185953297],[0.744084789875231,46.22601761304244],[0.743249026073424,46.22601454621773],[0.742760910400324,46.22592198216307],[0.741821782514023,46.22559254749628],[0.741094105603824,46.225108754940244],[0.740823521556313,46.22480880262569],[0.740783960158498,46.224635053551594],[0.74129757938538,46.22429752650048],[0.741909949503029,46.22373674537342],[0.742250745920897,46.22324624185099],[0.745004781162127,46.22192438165207],[0.745356914435169,46.22150436052874],[0.745632795907637,46.221328758733485],[0.747329391366763,46.22091105095791],[0.748683635480597,46.21982261685011],[0.74913581470425,46.21958833822124],[0.749472891940882,46.21953375144593],[0.750017052154925,46.21958775916111],[0.751574950357647,46.219986115713915],[0.752168246657037,46.22004468781517],[0.752684720679537,46.21998282700637],[0.753036674069333,46.21981862035934],[0.753353656218367,46.21946274234236],[0.753417030395972,46.21911987086668],[0.753135079875674,46.2188746755426],[0.751370404690488,46.21798128978693],[0.751022875995651,46.2175951608579],[0.751017160487589,46.21719687322279],[0.750502437233003,46.21712183177334],[0.750163097499838,46.21735834779402],[0.749880314238377,46.21745004453979],[0.749385526902898,46.217426740845596],[0.748982521688885,46.21709626083046],[0.748035412303698,46.21589019130337],[0.746039247891113,46.21450837851211],[0.745214804493167,46.214013683120825],[0.74499485954829,46.21393455123085],[0.744916581182477,46.214007769448905],[0.744704601450224,46.21386123120851],[0.744271162169853,46.213451755769114],[0.743032978551961,46.21194438744432],[0.74246821092737,46.21141608803183],[0.741266831141028,46.210560744472666],[0.739980359528612,46.210636978486995],[0.738244218975556,46.21091865740934],[0.73751437887075,46.21086990555095],[0.7373271315676,46.2105022352817],[0.736971406142687,46.21044380752858],[0.736578844354467,46.210491846878455],[0.736181985854265,46.210047032810735],[0.735831660352668,46.20913560106671],[0.735790960464281,46.20814205045078],[0.731219870420501,46.20472137302547],[0.731456315167816,46.20418107381497],[0.73032439648427,46.20240812108691],[0.729365468897911,46.2014719022271],[0.730617840078087,46.19983302823415],[0.730765475603772,46.198773866644274],[0.730592983496652,46.198396568323545],[0.730321367015302,46.19809476427228],[0.729787648490296,46.1979507805353],[0.729016747452509,46.197582247430304],[0.727530446099873,46.196633672192576],[0.727150573761118,46.1966594094873],[0.72539198127904,46.19433335454474],[0.725716223039411,46.19395968029879],[0.72617857660794,46.1938527191947],[0.726079557714415,46.193612912100335],[0.726126340510534,46.193360707015266],[0.726472851011036,46.1917929394051],[0.72670514384539,46.191352561826946],[0.728484750488266,46.19007108650892],[0.728895024663504,46.18962345131342],[0.731939241838415,46.186929419468484],[0.730459708704231,46.18679448543671],[0.727011267852313,46.18756697503059],[0.7252907565413,46.18783163970916],[0.724875339888199,46.18780891137356],[0.72491278936166,46.184874664704694],[0.722703290185588,46.18451691518116],[0.724142048291864,46.18207017501473],[0.724676117573816,46.18098272202384],[0.725180453666028,46.179110924665785],[0.724809260594394,46.179117907467],[0.726119261123813,46.17695594188944],[0.727686713067311,46.17464956902706],[0.728501245468649,46.17279837581212],[0.729245286226592,46.17211598320912],[0.727350986582443,46.17226819245354],[0.727181426805139,46.1713846622478],[0.726922443457865,46.17071915223019],[0.726459459782593,46.17018919282564],[0.724835945047399,46.1689414362568],[0.724195797885219,46.16802595462063],[0.723816818856476,46.16728506305139],[0.723194425471563,46.164974498195484],[0.724904840727482,46.16477994384344],[0.726268496832129,46.16472436396352],[0.724924710140091,46.162831782131526],[0.724308691601342,46.16171138645408],[0.723720205219956,46.16095908952304],[0.723342734325284,46.15971464411703],[0.722934293359564,46.15877947230712],[0.722479159978511,46.15803254335138],[0.721990557799343,46.15671829948834],[0.721325414413394,46.1559410284916],[0.719325939110954,46.152430780630105],[0.71933668056996,46.152328298008065],[0.719531618412953,46.15225383693213],[0.719888734622304,46.15220695447829],[0.719931109648039,46.15227897320567],[0.721015169550089,46.152175509127005],[0.722465168035049,46.151968566970986],[0.721944204556035,46.14993658662675],[0.719767728472824,46.14663539471905],[0.719172514789574,46.14611265391993],[0.716763411407616,46.14355083837407],[0.715658084786392,46.14261243213684],[0.715115516780335,46.14204117970387],[0.714093891274611,46.140650405243704],[0.712845347211676,46.1393883783998],[0.712590452774507,46.13956521914196],[0.712100452232949,46.138729254515304],[0.711161088556035,46.13965713467002],[0.710768886541734,46.140267222929424],[0.710656970568849,46.14086854687925],[0.710003847997416,46.14242018258608],[0.709792091163147,46.14268076699367],[0.709525345362865,46.142488908116924],[0.708332432095501,46.144426929260135],[0.707149439656678,46.145474182509005],[0.706881245573746,46.14733266095743],[0.705976339901896,46.14922872922361],[0.705650585924856,46.14951763368245],[0.703774260416426,46.150743632938756],[0.702466299497644,46.15145769656659],[0.699861407996245,46.153393193036315],[0.699965168406256,46.15367005904733],[0.699437418917016,46.15404494331882],[0.699385809801367,46.15465738966228],[0.698575415748134,46.15469322377015],[0.698076625984891,46.15493355845416],[0.697390518253992,46.15494217411833],[0.696798757866191,46.15514278217404],[0.696231579769419,46.15515920749567],[0.695950087216403,46.15534898689331],[0.695587466148219,46.15546414936205],[0.695241558739066,46.15579856124149],[0.694989632592419,46.155901553874045],[0.694009807454038,46.15592761155564],[0.693429803172521,46.15615636816151],[0.692667785133569,46.15627422132621],[0.692524605993302,46.15634968872506],[0.692529557828147,46.15678671169769],[0.692859208576556,46.15754833716979],[0.691549511491052,46.1583271084373],[0.691128021740597,46.15836178426968],[0.690851309798894,46.15828318919239],[0.690456519178905,46.157776080615385],[0.690214511366591,46.15767386594027],[0.689805700203472,46.15765384140465],[0.688757910091598,46.157846034472975],[0.688543352862606,46.15804616685831],[0.688624435220125,46.158521675403364],[0.688423381503833,46.158831988770785],[0.68700148771085,46.159717431962775],[0.686031099540719,46.16043998915988],[0.685623593461385,46.16063438431928],[0.684908033985624,46.16060178679096],[0.684231051355701,46.16076095629614],[0.683301458235172,46.16116090917799],[0.682713518917709,46.161084054971],[0.68251330180373,46.161434915093515],[0.680714153236633,46.16176395380672],[0.679721302790621,46.16184998323731],[0.678826742681469,46.16178846708848],[0.678180854216655,46.16222300349287],[0.677312307767377,46.16237371294269],[0.67717156619077,46.1625438035027],[0.677067508391505,46.16294977254554],[0.676740382054245,46.16308181816257],[0.675858837523159,46.16384484676053],[0.674401204515412,46.164342030767045],[0.673097223371717,46.16546484962942],[0.671363984404895,46.166160850185165],[0.672486577442199,46.16833604848828],[0.672391972863018,46.16970974942911],[0.671065256500139,46.16944022691467],[0.669784571750815,46.16973558216693],[0.670118654107092,46.17035683177652],[0.670098835699927,46.170640201819005],[0.669967784744838,46.17094741635572],[0.669425296843166,46.17156870663549],[0.668573808583169,46.1714665558895],[0.668298526973375,46.171719459147205],[0.667520818549172,46.17177286473441],[0.66749862471537,46.17205078054886],[0.666489925023342,46.172047186220546],[0.66631412895088,46.17246068263775],[0.665948059787601,46.17289639601391],[0.665289677121297,46.17313151268476],[0.664917206492896,46.17319953276756],[0.664710106474233,46.17316014233193]]]]}},{"type":"Feature","properties":{"fid":4093,"ID":"COMMUNE_0000000009749445","NOM":"Mazerolles","NOM_M":"MAZEROLLES","INSEE_COM":"86153","STATUT":"Commune simple","POPULATION":853,"INSEE_CAN":"10","INSEE_ARR":"2","INSEE_DEP":"86","INSEE_REG":"75","SIREN_EPCI":"200070043"},"geometry":{"type":"MultiPolygon","coordinates":[[[[0.625697903107003,46.37600282638316],[0.625933111297285,46.37682031085689],[0.627349583648298,46.37915061667044],[0.628296233335313,46.38016216590062],[0.623061312966488,46.38778088921237],[0.622879116334841,46.388706794088485],[0.622923301067871,46.391580599335796],[0.623287832278913,46.391580987248524],[0.623217496674188,46.39209031683138],[0.623410668479894,46.39231865843034],[0.62426450674513,46.39274363649418],[0.625890867673309,46.39336846425359],[0.626202716869458,46.39410195665997],[0.628137822930541,46.39373500947541],[0.628198729652491,46.39449120548346],[0.628889849079559,46.39443710483968],[0.628990337407518,46.3954815003932],[0.631548170716088,46.395437333596014],[0.631589315414665,46.39586970421762],[0.630751483602371,46.39834501513781],[0.631770380396808,46.400131871271135],[0.632694537595976,46.40107173642407],[0.63301192128482,46.4018008171107],[0.63423795874248,46.40304781999405],[0.63451554485181,46.40343374086928],[0.63461969207524,46.40388543267354],[0.635061485412449,46.404328807775116],[0.633943452393778,46.40711003146816],[0.634456885250805,46.40734318984141],[0.634940820058969,46.40771626970032],[0.63463065222213,46.40856296209395],[0.634649243583134,46.40876514160757],[0.635050553855707,46.40915182280399],[0.635781565928751,46.41073717929736],[0.637001431472626,46.412042573862905],[0.636930151998889,46.41236540961351],[0.637029815082496,46.412620616356364],[0.638107025531743,46.4138230476313],[0.638127309936707,46.41684676961458],[0.638749857144906,46.4168785686187],[0.639592348801624,46.4167941971827],[0.641781238299972,46.417021417820564],[0.642600204706527,46.41696896924888],[0.644776456916593,46.41754990990755],[0.645745049600121,46.41795456046458],[0.654051810238712,46.414977991681134],[0.655378634967686,46.41523047077947],[0.656995655618575,46.41524656092412],[0.657635978262425,46.41531916062071],[0.65906219042217,46.41568444153485],[0.662517434232284,46.41633090416963],[0.664897788719821,46.417473266754854],[0.666230691594786,46.41843921879436],[0.666921711470943,46.41866774890917],[0.667797078436108,46.418727978357595],[0.66849512625939,46.41867017074772],[0.669644505199769,46.41838374894612],[0.670278701167405,46.418051668299924],[0.672008741418645,46.4176185234499],[0.673411472798343,46.417774145106996],[0.674292794078055,46.41796957410698],[0.677678423964262,46.419096107874594],[0.678343891101387,46.418946591368716],[0.678885598086007,46.41849096778975],[0.679644961519656,46.41879828269473],[0.68012936922175,46.41877119414001],[0.680396399134576,46.418832473741766],[0.680398509726061,46.41896674328574],[0.679975020666647,46.41961395526318],[0.679286167969935,46.42009902302282],[0.678855302375219,46.420306466257465],[0.678136765584665,46.420202668370315],[0.677994673543034,46.42026644089403],[0.677899663160347,46.42054016840592],[0.677885610293553,46.421207412819754],[0.678122866589165,46.421877066725216],[0.6781171978277,46.42329669148808],[0.678076503485689,46.42376340499296],[0.677803016092089,46.42428213662397],[0.678394816529004,46.42454911443753],[0.678425903936974,46.42525781468277],[0.678984742499425,46.42731140418999],[0.678995657080235,46.42757557495848],[0.678828894404244,46.42788207657144],[0.67825279063141,46.42819466740773],[0.67833985021427,46.42838381461838],[0.678177675716468,46.428582306738235],[0.678049764204854,46.42904724611735],[0.678136671355423,46.42920936486303],[0.678148768045901,46.430058210973634],[0.678363093693451,46.43050218402356],[0.67845555736368,46.43111574080899],[0.679840477480849,46.43160693007264],[0.680593626714241,46.43172763238908],[0.681748458599381,46.432575363192285],[0.683875655613158,46.43080513074785],[0.684604129494688,46.43012535388458],[0.685559051319026,46.428928573253394],[0.686305818609333,46.427478032234205],[0.686890219033261,46.425984559736705],[0.686965530602428,46.42555998511479],[0.687560659317246,46.42479641290961],[0.688396147658388,46.42303236042007],[0.6892672667356,46.42168701661917],[0.690353743892429,46.420361338957875],[0.693710535555007,46.416908706732364],[0.698501726731628,46.412725504653736],[0.699059058752964,46.41189355161883],[0.701418800030061,46.406948623192676],[0.701885276883335,46.404931117910145],[0.702567052265791,46.399745170117484],[0.703003405913923,46.39844142396708],[0.703115852116413,46.39740861656633],[0.703109859464385,46.396684216361635],[0.702713594966921,46.39536370654195],[0.702497882606755,46.39210370605405],[0.702357663583204,46.39141353660658],[0.701833995772382,46.390306658806416],[0.701822385521707,46.390087519219314],[0.697010911980393,46.391192222469584],[0.695489693949787,46.391391220384854],[0.693771552086335,46.39107363450415],[0.6916167289267,46.39083096634636],[0.690140716111933,46.3908227114147],[0.687720542715834,46.39048270943827],[0.685773178085686,46.390045947176176],[0.679688926923762,46.389261134983876],[0.678267092394002,46.38905113524699],[0.678191266697452,46.38896671341106],[0.677800733549106,46.38948666522504],[0.677550030707007,46.38959597024629],[0.677387818738684,46.38958365928398],[0.676629718979655,46.389164639288886],[0.676442344971464,46.388856334011166],[0.675390476622594,46.387937652645704],[0.673753737701918,46.38718090071456],[0.672839568221256,46.38608753321809],[0.672130642059993,46.385585704900365],[0.671104408708236,46.384496341076115],[0.670338113187662,46.38390594626019],[0.670083678265398,46.383462031762704],[0.670014580289746,46.38303721710813],[0.669126517745349,46.382006508824404],[0.666810571178244,46.38146278623026],[0.666598568501283,46.38115395900787],[0.665135524294586,46.38096997283282],[0.66460944199471,46.381005146542535],[0.66387628552823,46.380525289098614],[0.664110182632892,46.38041296752915],[0.661993629793531,46.37977503408653],[0.660587008418898,46.38009842923951],[0.659278188025427,46.38017427569135],[0.658475329686734,46.37998573210918],[0.657271388087168,46.38007451889052],[0.65580849400751,46.37985798385941],[0.654701303681203,46.379997378604216],[0.654266764399407,46.37993168837875],[0.653847036673059,46.37976360266226],[0.653635483893677,46.37956736689635],[0.652960978342892,46.379391333762776],[0.649839945944873,46.378778441083625],[0.649501587137341,46.37877687386465],[0.64820769467658,46.37844570923464],[0.647258265884817,46.378095510578426],[0.646388809439634,46.37758119460507],[0.64579959740562,46.37736003309676],[0.645041863115455,46.377394838696915],[0.64339418970982,46.378024745598196],[0.64211070160134,46.37754418152364],[0.641179342870226,46.376686214830286],[0.640931315965533,46.3765522606882],[0.640873959545586,46.37658440644995],[0.639445875805727,46.37577650720422],[0.638532099321149,46.37550714899129],[0.63753341826056,46.374883784381815],[0.635879601690658,46.376467477737876],[0.635394969195123,46.37620698901739],[0.633472417362505,46.376540073629144],[0.630572547844203,46.377708655388275],[0.625697903107003,46.37600282638316]]]]}},{"type":"Feature","properties":{"fid":4106,"ID":"COMMUNE_0000000009749447","NOM":"Verrières","NOM_M":"VERRIERES","INSEE_COM":"86285","STATUT":"Commune simple","POPULATION":930,"INSEE_CAN":"10","INSEE_ARR":"2","INSEE_DEP":"86","INSEE_REG":"75","SIREN_EPCI":"200070043"},"geometry":{"type":"MultiPolygon","coordinates":[[[[0.631891054216386,46.42044173238521],[0.633222674471824,46.4197432533209],[0.638127309936707,46.41684676961458],[0.638107025531743,46.4138230476313],[0.637029815082496,46.412620616356364],[0.636930151998889,46.41236540961351],[0.637001431472626,46.412042573862905],[0.635781565928751,46.41073717929736],[0.635050553855707,46.40915182280399],[0.634649243583134,46.40876514160757],[0.63463065222213,46.40856296209395],[0.634940820058969,46.40771626970032],[0.634456885250805,46.40734318984141],[0.633943452393778,46.40711003146816],[0.635061485412449,46.404328807775116],[0.63461969207524,46.40388543267354],[0.63451554485181,46.40343374086928],[0.63423795874248,46.40304781999405],[0.63301192128482,46.4018008171107],[0.632694537595976,46.40107173642407],[0.631770380396808,46.400131871271135],[0.630751483602371,46.39834501513781],[0.631589315414665,46.39586970421762],[0.631548170716088,46.395437333596014],[0.628990337407518,46.3954815003932],[0.628889849079559,46.39443710483968],[0.628198729652491,46.39449120548346],[0.628137822930541,46.39373500947541],[0.626202716869458,46.39410195665997],[0.625890867673309,46.39336846425359],[0.62426450674513,46.39274363649418],[0.623410668479894,46.39231865843034],[0.623217496674188,46.39209031683138],[0.623287832278913,46.391580987248524],[0.622923301067871,46.391580599335796],[0.622879116334841,46.388706794088485],[0.623061312966488,46.38778088921237],[0.622097384959827,46.388062592906685],[0.621335187712987,46.38840525027301],[0.617964385016106,46.38823131366077],[0.617448498514651,46.38808991330905],[0.616169512464552,46.38798301572432],[0.613806916081575,46.38797596144472],[0.611362517698654,46.38769598129786],[0.610352193024,46.387400053700944],[0.607732484507216,46.38722983300293],[0.605133856394541,46.386727569769924],[0.603286405401883,46.38589959778595],[0.601104470025648,46.38575283414152],[0.599782865169711,46.38578809494485],[0.598366642832286,46.38596188606673],[0.597315594821629,46.386446048567414],[0.594904121158936,46.38707719907349],[0.594940823750889,46.38621402584147],[0.59471183955449,46.38585605144952],[0.594273176302862,46.38567743485116],[0.593953016097695,46.38632562470686],[0.593630185497395,46.387359335643104],[0.592771898668764,46.387367352601615],[0.592272160998126,46.387245096216844],[0.590922054476913,46.38665624152038],[0.591020143549699,46.38643939804152],[0.59095560457995,46.38586597328672],[0.590693959976548,46.38530460136975],[0.589413738824249,46.38570006931116],[0.588614989458713,46.38615885452043],[0.587660296874398,46.38504859698704],[0.586578463005029,46.38413563729098],[0.584606438048164,46.38554432438277],[0.583938802354977,46.38612837452717],[0.583992579779036,46.386178161445066],[0.581696551907921,46.38790335690974],[0.580743570909603,46.38713901678426],[0.580110264304634,46.3862120829895],[0.579372766500317,46.38552166968693],[0.577982325197069,46.38478946143306],[0.577779411264354,46.38460947930374],[0.574618297877153,46.383208991025555],[0.574193842878249,46.382946814583114],[0.572958029003596,46.38190161748051],[0.572556602993364,46.381707491411404],[0.569926945641852,46.38223707704094],[0.5687337337235,46.382372008603994],[0.566878718237167,46.38231353469054],[0.562817198370256,46.38257637120853],[0.562126393620509,46.382449897655114],[0.560894240747054,46.38205689145311],[0.559988218562523,46.38194021659956],[0.559202468904368,46.38227835821092],[0.558511071890956,46.38260229810418],[0.559187969076944,46.38298164792357],[0.558372901411032,46.383771406854116],[0.557997703438875,46.384330939729836],[0.557885283631703,46.38486546723541],[0.557940778873159,46.385982865955484],[0.558231164951164,46.38586475862784],[0.55879477140651,46.385866911916935],[0.559773578925751,46.38642478899364],[0.564079591761246,46.38681682046079],[0.565282069770711,46.38711906650894],[0.565357594186753,46.38837472217562],[0.565942603693981,46.390205208466014],[0.565647236013926,46.39283041415025],[0.565131993241117,46.39349418742669],[0.565209468049707,46.39453096668533],[0.565590809882963,46.39570305749117],[0.566824927297563,46.3970825234573],[0.56664251504594,46.397669618204425],[0.566443371906539,46.399362650888605],[0.564585495632467,46.40134100832105],[0.563767317622336,46.402517224357226],[0.563262506231291,46.40306139477773],[0.560399842929788,46.40746955688996],[0.560330414272532,46.407915816295514],[0.560640996434291,46.40828101101686],[0.56040275462068,46.40874528317423],[0.560857335658709,46.40961895604712],[0.561215586252177,46.41157073767412],[0.561158359269059,46.411860502839644],[0.561282075559923,46.41197755986337],[0.561314989582175,46.41240708770895],[0.561038548529176,46.41238496420262],[0.560508580509647,46.411973640983945],[0.560509985546406,46.41226285739089],[0.559940301336573,46.41352724293537],[0.560766188955828,46.4141665128213],[0.560681106983346,46.414467394008916],[0.56077170375368,46.414538698978376],[0.561282972586735,46.414436112523944],[0.561921314443395,46.41463803706547],[0.562306364616006,46.41485346692016],[0.562843072659247,46.4153189781168],[0.563111022693353,46.415327402253446],[0.563328606486931,46.41544285735489],[0.563608879205035,46.4158173049682],[0.563514556314982,46.41615042271098],[0.565270865921736,46.41722122299452],[0.56629740432597,46.41853409078149],[0.56646280399663,46.41827185505277],[0.566546292649963,46.417801569125125],[0.567311014042877,46.41762417963415],[0.568153809250823,46.41750700639767],[0.568675516333653,46.417550552934095],[0.569405659282074,46.41773997545892],[0.571420107845221,46.41772610025754],[0.571692656284823,46.417777844412775],[0.572232933487938,46.41807762163951],[0.574033197414321,46.41713843790213],[0.575105574885572,46.416808078872066],[0.575397194285505,46.41701697360115],[0.576844535269195,46.41865669228525],[0.57752060595615,46.419214276968084],[0.578737303642034,46.42050583632297],[0.579180285668631,46.420856667437576],[0.579699074459308,46.42105505291185],[0.580775072293456,46.42114362767866],[0.583137688491609,46.421565742116506],[0.58351923234053,46.4218927326212],[0.586809874229291,46.420477695128326],[0.588250537097643,46.420184727782264],[0.589264999473076,46.419837697759895],[0.590568248421156,46.41961747340315],[0.592236285395985,46.41966168084705],[0.594330433815066,46.41928872952237],[0.595383183457922,46.41889921101973],[0.59611441081568,46.41841552673985],[0.597797265525077,46.41664199313674],[0.598108001134692,46.4165070948378],[0.599587542469177,46.4164517368166],[0.60279449803828,46.41642094261985],[0.604418199051299,46.41649377166843],[0.605229138000173,46.416654929688576],[0.605933649968812,46.41668862781383],[0.607311795955442,46.41698508683035],[0.608910636971987,46.41712039157457],[0.609124340419377,46.41717801991262],[0.609555563794194,46.4182771099981],[0.609943078947423,46.41858972058605],[0.611068500292198,46.41814392583434],[0.613792066053642,46.4200251646431],[0.615278528562423,46.420111183246384],[0.616461016894767,46.42050614027646],[0.617598530786787,46.42049925834787],[0.618066775651727,46.42111261405798],[0.618702969373772,46.42116102202151],[0.621669237522141,46.421666994193934],[0.624541559701958,46.42133943140259],[0.626344700337934,46.42157333093122],[0.627465049168459,46.42148221263838],[0.628075891898906,46.42130482433332],[0.628806130404378,46.42086776078911],[0.629416457524485,46.4209119681122],[0.630468169941058,46.420450940777805],[0.631891054216386,46.42044173238521]]]]}}]}