{"type":"FeatureCollection","features":[{"type":"Feature","properties":{"fid":175,"ID":"COMMUNE_0000000009751591","NOM":"Saint-Junien-la-Bregère","NOM_M":"SAINT-JUNIEN-LA-BREGERE","INSEE_COM":"23205","STATUT":"Commune simple","POPULATION":144,"INSEE_CAN":"05","INSEE_ARR":"2","INSEE_DEP":"23","INSEE_REG":"75","SIREN_EPCI":"200067189"},"geometry":{"type":"MultiPolygon","coordinates":[[[[1.720117592700443,45.91201564819222],[1.720309248898245,45.912152007692846],[1.720560929903746,45.91264838958197],[1.721270474111666,45.91265191007289],[1.721339209296836,45.91224741225106],[1.722369173260797,45.912342807431685],[1.724286424027167,45.913792814798605],[1.724668452085378,45.91428975641995],[1.724855685040103,45.91478540157619],[1.726659502431453,45.914840844956416],[1.726716948580405,45.91542598735598],[1.727811750728762,45.915566191890775],[1.727849119568279,45.919089796891356],[1.72924928717484,45.91936490916908],[1.730233284148486,45.91938946723504],[1.731660412406198,45.92006382181001],[1.732595094238482,45.919764487737545],[1.732855968358501,45.91986737765475],[1.733623110314273,45.920456860311724],[1.733945691514649,45.92045776902588],[1.735761570330971,45.91943337089386],[1.735764929864776,45.919118195583245],[1.735196460877592,45.91808064482341],[1.735261481496922,45.91794628054141],[1.736420598757629,45.91804208959105],[1.738498570639717,45.917287156095504],[1.739277225635855,45.91726161359187],[1.739846247719305,45.91720581185149],[1.741421910968623,45.917254874567085],[1.741362102295286,45.915127875723655],[1.741439812884653,45.91421102173073],[1.741648433951748,45.91332444354364],[1.740570907648198,45.90983160443545],[1.740769528810002,45.909382611668846],[1.740136946742189,45.90832816099591],[1.740404135809302,45.90764487416838],[1.74078870161974,45.90758341199176],[1.74361408137903,45.908543358028915],[1.743871818672419,45.90849938917586],[1.748094464877374,45.90537247156019],[1.748681959717228,45.90461075644043],[1.749376726546348,45.90338461165178],[1.750341610445996,45.90367086269048],[1.751152636336216,45.90414363302866],[1.75131855730836,45.90439313150542],[1.751475432279543,45.90441557734949],[1.751676289951697,45.90431872796305],[1.75185257685107,45.90439542385409],[1.752198992431927,45.90436502341748],[1.752720677105247,45.90445633547072],[1.753431312333973,45.904349793618785],[1.755027938371307,45.904311543154556],[1.755826409264396,45.90419964896156],[1.757994146795037,45.90349038383737],[1.758422261661394,45.90349778639428],[1.759335614080346,45.903725755792934],[1.760619427962557,45.9034849612465],[1.760998608463544,45.90377550787415],[1.76138631064727,45.90368699247805],[1.763976487216419,45.902486007287706],[1.763986058495019,45.90154137941612],[1.76371343964873,45.900698136953785],[1.763879987825055,45.90011636682707],[1.765382894854525,45.89959152232957],[1.765669087166218,45.899368595195305],[1.765053118193655,45.89882330983066],[1.765559846619777,45.898486613423515],[1.766073899436531,45.89903258521315],[1.766330848985328,45.899078617525866],[1.766654735128068,45.89890022869122],[1.766513906831445,45.89833401495011],[1.769535013098338,45.898209322475346],[1.771928714792407,45.898686544283144],[1.773733567590615,45.89936897251491],[1.775819179781142,45.90042185617522],[1.776115290268018,45.899982866197824],[1.776411578170707,45.89976812699324],[1.776467851069214,45.89886002974686],[1.776904853755607,45.896953682596106],[1.776584089858044,45.89548223370828],[1.775933539360817,45.894342237696094],[1.776009266220402,45.893371309257326],[1.776387919494971,45.89269815574006],[1.778914120030361,45.890736939471076],[1.779719965674298,45.88981441890348],[1.780034536454737,45.88894513213559],[1.780035704658558,45.888134604799774],[1.780234104025709,45.88791069479629],[1.780518836392549,45.88780659485234],[1.780282899318711,45.88704574472589],[1.779615246522124,45.88598033507207],[1.780001176429936,45.885381998888974],[1.780843509094565,45.88484622244545],[1.781434017965146,45.88385922730408],[1.781504671501875,45.883229569099704],[1.780617156659858,45.88178624515076],[1.780559875565084,45.88111107808653],[1.78069399782653,45.88052713494792],[1.781281772614198,45.87972023156977],[1.781553696387593,45.878326332900514],[1.78136268701598,45.87810092524493],[1.782141730054879,45.87756445823142],[1.782932772275418,45.87572404750484],[1.783201233275412,45.874601188699636],[1.784045355326313,45.87397534997105],[1.78455972680098,45.87397818028381],[1.784373088194306,45.87343761507088],[1.783665057352399,45.87338857073024],[1.783290220538893,45.87226239004527],[1.782003088152171,45.87216567239556],[1.78181799064698,45.871264879512104],[1.782088440804091,45.870051984946436],[1.78209320606092,45.869602637254836],[1.780818807986661,45.86829113394745],[1.779794056613274,45.86770189031052],[1.779537261909556,45.86765498822565],[1.77875792092383,45.86832652270615],[1.777597384076393,45.868455371058914],[1.776365150443229,45.86925888156432],[1.775219381876652,45.869708479433015],[1.774619625873895,45.869604713844645],[1.77394628893665,45.869679366438554],[1.773608309438162,45.86963066963973],[1.772961415134425,45.86938588998529],[1.772698414376689,45.869154281818794],[1.772354148777481,45.86904066969359],[1.771801251974007,45.868975223226066],[1.771217508262846,45.868732020248196],[1.770650498482347,45.86866371286415],[1.768741926846363,45.868400675509015],[1.767704471608012,45.86850104346507],[1.766927788793029,45.86870061164588],[1.765753820488666,45.86919753852983],[1.764971805362023,45.86934660149894],[1.76397873535137,45.86936366448931],[1.763641894017905,45.86932215504078],[1.762913939399548,45.86889991250561],[1.756802984229892,45.86747745209106],[1.75662580362533,45.867159391098795],[1.756563645595578,45.866542694288526],[1.756291368964199,45.86661174667468],[1.755921987251261,45.866356412765626],[1.755852122304568,45.86522448523252],[1.75622915229195,45.86479724595109],[1.755848396465895,45.86384652033574],[1.756096309247338,45.863371028697344],[1.756147846328627,45.86245748312898],[1.755849277289048,45.860263928142025],[1.755896979327946,45.85940617794806],[1.755732820103763,45.855711895293204],[1.754539511451409,45.856330972785535],[1.753797584382821,45.85608143097649],[1.75163302762062,45.85473635158621],[1.751192417779241,45.85461440428584],[1.750729888615701,45.85483444263934],[1.749448985557632,45.85510846727423],[1.747881151863089,45.8544516751644],[1.746645016720438,45.853832763701085],[1.746246579961451,45.85350052305789],[1.745036090612118,45.85288908297807],[1.74421292648222,45.85281509367544],[1.743165100394381,45.852985365592474],[1.742205619423778,45.8524460331573],[1.740432033253746,45.85200209022762],[1.739662185552717,45.851456744099906],[1.739016796151842,45.85138740132294],[1.738823765539344,45.85143117780706],[1.738866425846758,45.85345531713682],[1.736933279004083,45.85361924927645],[1.732403642747614,45.85325421246852],[1.731197008478319,45.853098373304285],[1.731017235068359,45.85301349849917],[1.730638921674336,45.852539131625946],[1.730283212390266,45.85248289965097],[1.729959059681457,45.85256751615158],[1.729748130541703,45.852716447248966],[1.729334156373982,45.853231443594055],[1.728833129264424,45.85355272897901],[1.725072746377523,45.85475950684706],[1.725181623104797,45.85495616746193],[1.726436683221278,45.856030336990564],[1.726876483728989,45.85663239674995],[1.72731364872269,45.856846262589976],[1.729156394651843,45.859102312542966],[1.729796212250689,45.8595850274338],[1.730651455040165,45.86006115249715],[1.731156085629328,45.860986340720565],[1.731611725442335,45.86331412425098],[1.731479217397618,45.86358281944533],[1.729203784978026,45.8655503027329],[1.728551745641904,45.86626615799312],[1.728350819476267,45.86698528511668],[1.726721253366315,45.86877536143399],[1.727039855260771,45.869047331772144],[1.727680992747519,45.86936526106108],[1.727181692728653,45.872454132445824],[1.727433873072151,45.87264429862713],[1.727420342210284,45.87283957847694],[1.727614043930895,45.87304979983659],[1.727529789469434,45.87340459197833],[1.727826051185083,45.87364028391883],[1.728206007613093,45.87427228414446],[1.728201590233201,45.874631577453506],[1.728071094139468,45.874811131545215],[1.727756911183398,45.87490486156059],[1.72753054205879,45.87476902333819],[1.726947453634682,45.87472643348249],[1.724979640082141,45.87479431494681],[1.72328105783972,45.876988841791125],[1.721858121633117,45.877521233257994],[1.721279000960025,45.87747325564245],[1.720960378800455,45.87720126902287],[1.720075936588414,45.87719756246082],[1.719987897659373,45.87726861443467],[1.720135709028228,45.87739997600268],[1.719379870292472,45.877466166441295],[1.719642380128222,45.87765556647603],[1.71960604216994,45.8777767373324],[1.718616404846783,45.87763853747684],[1.717990823773851,45.877814268470566],[1.717340529751491,45.87766639625071],[1.716707665391967,45.87726834820287],[1.715938882933755,45.876948907055905],[1.714918380258244,45.87608893410025],[1.714661361954569,45.87599685132663],[1.713370923378486,45.876042511525824],[1.712619018533209,45.87588534965266],[1.711838771764,45.87583773442745],[1.711148236711943,45.87564793938731],[1.709908504871289,45.87551041321054],[1.709517512610071,45.875248374943816],[1.708486389849522,45.87528793329947],[1.707518095266578,45.87550742264233],[1.706938186201291,45.87554942346767],[1.704628913877938,45.874726841113485],[1.704243460843387,45.87472422442455],[1.702188197632533,45.875164461732865],[1.702510898831895,45.87619036304566],[1.702713514940685,45.87886841225237],[1.703109070055761,45.879484467709176],[1.703116509265989,45.879935760562866],[1.703402097831668,45.88056766492856],[1.703593603407434,45.88070405269351],[1.704689519523215,45.88071031086714],[1.705769269472697,45.88102078063528],[1.706355856587231,45.88300524129391],[1.705560698693705,45.883368993511894],[1.705557760706318,45.88354908255011],[1.70663942618843,45.88477008520739],[1.707219432445399,45.88472808590772],[1.708534167362596,45.88618679456568],[1.708866599195087,45.88603388481231],[1.710025460263584,45.88660639357558],[1.7098982600713,45.887082266879254],[1.710969891964359,45.88796718335567],[1.710961272263178,45.88844621090339],[1.710683133758135,45.88908967927016],[1.710956000040418,45.890326629618414],[1.71096222627132,45.891108432233914],[1.711169881174014,45.891328747622985],[1.711007070986259,45.89145207683095],[1.710041190263212,45.891446465317934],[1.709593347488161,45.89112884256484],[1.709014094575163,45.891080802110864],[1.709074255656062,45.891485864162206],[1.70957933861872,45.89238863992394],[1.710024267648955,45.892886351916836],[1.710658581311133,45.89383472678721],[1.711613005863208,45.894829074434064],[1.712378520830855,45.895463719619556],[1.713145363939999,45.896097473929814],[1.713462454406306,45.89654868622616],[1.714167019846268,45.89686741117283],[1.715002404660485,45.89705252650961],[1.716411008818638,45.89782503814283],[1.716920542057293,45.89832255451627],[1.718574403050644,45.90031094423863],[1.719586661881701,45.901936304783206],[1.720055833968218,45.903952679964455],[1.719919141472023,45.90539481225696],[1.719740812945986,45.90618533142453],[1.719829784589303,45.90635385217123],[1.719492901398042,45.907249748968425],[1.719362195959363,45.907267181915884],[1.719101667901483,45.907541619922355],[1.718859304167455,45.90792253523176],[1.718609254922459,45.90863388731542],[1.719355749172043,45.91093169551853],[1.720117592700443,45.91201564819222]]]]}},{"type":"Feature","properties":{"fid":282,"ID":"COMMUNE_0000000009750795","NOM":"Chamberaud","NOM_M":"CHAMBERAUD","INSEE_COM":"23043","STATUT":"Commune simple","POPULATION":97,"INSEE_CAN":"01","INSEE_ARR":"2","INSEE_DEP":"23","INSEE_REG":"75","SIREN_EPCI":"200067189"},"geometry":{"type":"MultiPolygon","coordinates":[[[[2.022483420216285,46.04077809356768],[2.02300964885404,46.04180206344309],[2.022068257992032,46.0425990487764],[2.02180556735205,46.04340818767964],[2.021864885793026,46.044217402591784],[2.02218472882383,46.044848752318906],[2.022891766254163,46.04552486402489],[2.022954513086722,46.04570551673468],[2.021982152580462,46.04642208512125],[2.020624745610499,46.046463502330326],[2.020154477960516,46.04970145726452],[2.019571072710932,46.04992425655142],[2.017476354923633,46.05459714743255],[2.017859470235945,46.05545239620482],[2.019734607601729,46.05518764459009],[2.021604230425165,46.05595845857521],[2.024698936915267,46.05709100120066],[2.027538635214798,46.05772866620567],[2.028112967523529,46.05889981316386],[2.02869424700662,46.05894711895457],[2.028559855459267,46.059890654254666],[2.029271298631681,46.059893143264944],[2.029461772619752,46.06038827951152],[2.031078805890198,46.060167959592654],[2.03153546678657,46.05935955603829],[2.03173204269116,46.058774970820565],[2.032250030636088,46.05859657842214],[2.033349811119572,46.05850959735807],[2.03367297680018,46.05837546636593],[2.034648344074342,46.05734362778286],[2.035556298392026,46.0567605862934],[2.036720768677987,46.05644898351666],[2.037239507013143,46.05622554712439],[2.038531448334748,46.0560942189312],[2.039500753680576,46.05614205671398],[2.040604344131761,46.055907346676165],[2.040636982090364,46.05818783386223],[2.041371117079735,46.05940979347718],[2.042019525778729,46.062063810125764],[2.042385924508242,46.062715305071535],[2.043091178362968,46.064635840696134],[2.043887971865308,46.0647182064741],[2.045100902164477,46.06519851429449],[2.045817053559504,46.065306303663675],[2.046409595496135,46.065231137047164],[2.047594802311251,46.06492409884359],[2.04813310115365,46.064992556782244],[2.04876205746267,46.06430800713542],[2.049026009048235,46.06340876388774],[2.048961847244787,46.06322901530656],[2.048318154619536,46.06282286896896],[2.048322086375814,46.062147484909694],[2.049103475043508,46.06080050269018],[2.048653590962964,46.06048423715912],[2.048719306753605,46.060349704931554],[2.050467453989745,46.05949891920851],[2.050403807686114,46.05936420352787],[2.04943574198512,46.05909133087144],[2.049437299078898,46.05900128831891],[2.051052918038393,46.05878067280068],[2.05234773270188,46.05833401658032],[2.052932385901284,46.05788592065132],[2.05364379949607,46.057663117877915],[2.053773151981073,46.05766329658019],[2.053965901108911,46.057888242267396],[2.054224591649119,46.05788949921596],[2.054613416328682,46.057619872667296],[2.054871331545067,46.057666149454775],[2.05506485909764,46.05784607195899],[2.055323045273146,46.05780139388325],[2.055517574210767,46.05762200240036],[2.055711595068666,46.057622717406225],[2.056034462576553,46.05780371502677],[2.056937348353386,46.05803096158761],[2.057839257334602,46.05861751418669],[2.059389419720567,46.058666402932545],[2.06074506975123,46.05889467126682],[2.062228833443343,46.059348220657846],[2.064033515491322,46.060252875051184],[2.064679065023205,46.060478836063666],[2.065518583082142,46.06048125317191],[2.066199978861537,46.061034401770684],[2.066947366753098,46.060215645377774],[2.068255601108244,46.059124122496605],[2.069820466483558,46.05670006992887],[2.06864912344663,46.056206859750226],[2.067373816080298,46.05551466059406],[2.066856822379497,46.05510966155795],[2.066382458416342,46.054479872576565],[2.066172866111818,46.05433045612522],[2.064291034574192,46.05356028086975],[2.06401890779082,46.053133874229744],[2.063829818653563,46.052312809078856],[2.063253561067691,46.051897397762346],[2.063064851830843,46.05181388837134],[2.062201813052511,46.0520607111034],[2.061555131781311,46.052058963752145],[2.061234815144396,46.051653764690684],[2.061557103960275,46.051564575595364],[2.061818275023176,46.05111555870539],[2.062012288363928,46.05111536250581],[2.062399031664323,46.05134189823584],[2.062787044587615,46.05134240394534],[2.063109329060122,46.05125321043792],[2.063434154132434,46.050938898412205],[2.06356549023655,46.050669816705245],[2.0631133041957,46.05048867257544],[2.063114312668874,46.05035359774193],[2.065376281319048,46.05013451659571],[2.066472147431635,46.05072169884896],[2.066730055551886,46.05076704825278],[2.066883149467538,46.04906265890998],[2.066768181695345,46.048444833336916],[2.066222957284019,46.04757401192529],[2.064851878984331,46.0466711644553],[2.06571730744667,46.04620190510781],[2.065195746339813,46.04576714162488],[2.064401401951714,46.04555526383579],[2.063949747530588,46.04450959476669],[2.062777466477139,46.04302750437778],[2.062020732460723,46.04372187848635],[2.061598840303653,46.043512160604884],[2.059405531754078,46.04283207931286],[2.058954442418926,46.042515843718874],[2.058184141980114,46.04165932368749],[2.057990948711991,46.04161359154959],[2.057796734393486,46.0417029339071],[2.058113679520878,46.042828559774414],[2.057980815274012,46.04341281697675],[2.057851246462478,46.04350269653267],[2.057206445362076,46.04332172863547],[2.056045921930259,46.04282397195309],[2.055788819512359,46.04250843786824],[2.05547345833754,46.04106762376504],[2.053668001922103,46.04047801430971],[2.05572704309871,46.03940370785747],[2.055919271134274,46.03905319137468],[2.055858526174634,46.03875009880951],[2.055679922876611,46.0386837713421],[2.054688485827243,46.03783439005017],[2.054734594118482,46.03740881152663],[2.054455886091641,46.037073281719806],[2.054438335120458,46.0368155763255],[2.054756859293753,46.036188743833364],[2.054767516893928,46.03579438917103],[2.054207653364553,46.03428939347701],[2.054371144928335,46.033880103743236],[2.053071501966817,46.03374047601861],[2.050945036947868,46.03371098690306],[2.050276683098535,46.033554096248494],[2.048921610866715,46.03407856737556],[2.04840259836255,46.0344821642823],[2.047947171420224,46.03524561509027],[2.046921974677579,46.035384692444495],[2.046946391165717,46.0356172414297],[2.046819002605516,46.035730541209695],[2.046972713227126,46.03618751531888],[2.046456798300248,46.03618677947614],[2.046447337672717,46.037850929417154],[2.046249958938694,46.03856971484317],[2.04553586244263,46.039108542534535],[2.04566359620383,46.03942301166868],[2.046564795815213,46.04010060814455],[2.046562176930046,46.040549964059345],[2.046497244603373,46.04064037426928],[2.044865795672005,46.040685178690715],[2.044667036764809,46.041109467719316],[2.044148684603743,46.04176700860662],[2.043903545616388,46.042478183137085],[2.040929244850982,46.042919552710245],[2.039374012020845,46.04296492336904],[2.037612659738501,46.04237362991425],[2.036453560174878,46.04217466848909],[2.03590039712567,46.04119736320692],[2.035643131724405,46.04097183685255],[2.033835730726722,46.04065206087178],[2.033234371038287,46.041610532770775],[2.028940880872699,46.041251442426514],[2.027610686087896,46.04107794143775],[2.026856190203923,46.040891356229764],[2.026489302160886,46.04072430477762],[2.026302120671363,46.04048675077581],[2.025348138720455,46.0401741648019],[2.024569924111627,46.04023231264098],[2.024360830775598,46.040355691424544],[2.023536547966531,46.04031347359223],[2.023029121877707,46.040633304037065],[2.022483420216285,46.04077809356768]]]]}},{"type":"Feature","properties":{"fid":337,"ID":"COMMUNE_0000000009750799","NOM":"Maisonnisses","NOM_M":"MAISONNISSES","INSEE_COM":"23118","STATUT":"Commune simple","POPULATION":175,"INSEE_CAN":"01","INSEE_ARR":"2","INSEE_DEP":"23","INSEE_REG":"75","SIREN_EPCI":"200067189"},"geometry":{"type":"MultiPolygon","coordinates":[[[[1.912404684925058,46.080971548864596],[1.912535958946897,46.080746762692335],[1.912539187604422,46.08038746405072],[1.912257833759517,46.07989125173389],[1.911655871113409,46.07754938598635],[1.91166057400783,46.076919928706495],[1.912125696587048,46.07525742405748],[1.912068956141802,46.07426714726886],[1.914148685987793,46.07274528693293],[1.914216120441231,46.07247575973398],[1.913898311136855,46.071664901297346],[1.915517026186518,46.071401208925096],[1.916687148453091,46.070460481053374],[1.917079934572271,46.06983202761031],[1.917148294329708,46.06938329319783],[1.916503671665699,46.06920062524727],[1.916873036458559,46.06877547883075],[1.917478725185771,46.06883259325286],[1.918228148526644,46.06842367681069],[1.918777619098461,46.067589579625235],[1.918843730958098,46.06732003729087],[1.918460585986093,46.06686879908181],[1.918400054461137,46.06632877749788],[1.918730964449425,46.06516028426108],[1.918222632698015,46.064168407151016],[1.918878554910461,46.06377390499432],[1.918962736342057,46.063637819930264],[1.918532980224526,46.063189739716435],[1.918655326043106,46.06269198756765],[1.921393187895238,46.06102407514351],[1.922256605265699,46.06073239138288],[1.922128027308522,46.06049431841458],[1.922902867521481,46.06049717646684],[1.924903891262474,46.06077462634469],[1.924967231550923,46.06090941227005],[1.924769512764157,46.06149381187229],[1.925545247254553,46.061451631513556],[1.926200241864931,46.060239357816165],[1.927042613799708,46.06009603341446],[1.927050118725008,46.05971155936347],[1.926746980813309,46.05920346926776],[1.926804848497056,46.057829740972615],[1.926175610336483,46.05746085366145],[1.925710518965537,46.057297948086294],[1.924876471216218,46.057083813147145],[1.923994555132767,46.05700250288947],[1.92308698920275,46.056315756059064],[1.922158921143467,46.05575218563043],[1.921845440483206,46.05564293808096],[1.921513293430863,46.05562807250674],[1.921975649554067,46.055005668314195],[1.922818725083697,46.054558888923474],[1.924178692202459,46.05420346314183],[1.924178748842104,46.05406837750188],[1.92321730731008,46.05303079654598],[1.924127703596777,46.05231447460229],[1.924133160212701,46.05163909542752],[1.924331713584339,46.05101057676257],[1.924851792263856,46.05060754854743],[1.92491832152637,46.05024794948795],[1.924404168305221,46.049885545769115],[1.923051114088399,46.0494314221653],[1.922535566327407,46.0493391690081],[1.922209535178491,46.04960804433493],[1.921176656358544,46.049514469136085],[1.921180791812241,46.04897416339954],[1.920663418511652,46.04910702809685],[1.920531778484467,46.049421876946894],[1.920273113529673,46.049421215482866],[1.919567306198746,46.04874356419083],[1.91737684248407,46.04806074919175],[1.917119625039844,46.047789921551356],[1.916937193013753,46.04634905900517],[1.916952479405384,46.0443256109456],[1.916824063591676,46.04427935547346],[1.916099883079271,46.04335835038274],[1.915470634316514,46.04365762867303],[1.913235084986169,46.04500690110527],[1.913198718791564,46.045210983415366],[1.913002879691513,46.04543515088608],[1.912744636360169,46.045479504939664],[1.912294369576145,46.045162686474626],[1.912301331855752,46.04435313484869],[1.910371245166124,46.04340070511919],[1.910565303702144,46.043266582734425],[1.910566285796009,46.04308647677594],[1.90927630095902,46.04285703572079],[1.909734041561635,46.04227336129032],[1.909595516593529,46.04182444232616],[1.909191289282605,46.041861980653465],[1.907793073648076,46.042330329170355],[1.907128912036244,46.042822849351964],[1.906845013334829,46.04285703626042],[1.906504307351773,46.042171113086354],[1.906038387809638,46.04179918293613],[1.905793276985874,46.04170405820785],[1.905727832352789,46.04239326917432],[1.904111323216109,46.04252174897176],[1.90360254880658,46.041575726213445],[1.903153373000661,46.041078765505596],[1.90315477422187,46.040943692330316],[1.903608740912797,46.04081119526033],[1.903485245323756,46.04000038120228],[1.902710191071452,46.04008744345776],[1.902315545386863,46.04094097391567],[1.901991374327298,46.0409846650675],[1.901348034463621,46.040756890604534],[1.899798128450931,46.040660809232925],[1.899934191722419,46.03980657967453],[1.90046108640864,46.038549079438376],[1.8987307141485,46.03687792097893],[1.898733128824752,46.03656364235499],[1.897579453572115,46.035478939390885],[1.897452081563967,46.03525345648619],[1.892097042890115,46.03437811980779],[1.891192752732307,46.0344647402614],[1.889187900137853,46.03481615274519],[1.888924871220934,46.03535482414227],[1.887883029649563,46.036295621973984],[1.887429426119308,46.03647398929115],[1.886654014817481,46.036515909010085],[1.886135613369139,46.03682872200209],[1.885360348054729,46.03673554719168],[1.884906732713946,46.03691390441359],[1.884582282060361,46.037226816752785],[1.884578855014186,46.0375870155444],[1.884899594906548,46.03790357296904],[1.884703286724675,46.038082658805436],[1.883474616256095,46.038347043760744],[1.88327868044723,46.03857115992917],[1.885782506655797,46.040470804262775],[1.886422762922885,46.04110299823493],[1.885965165464759,46.041731611344915],[1.885897479575293,46.04213620769209],[1.886021420469798,46.04272100190468],[1.886277018286502,46.043126973060794],[1.885497558788114,46.04361913650746],[1.886717277873028,46.04456862356615],[1.886912179673881,46.04452370683419],[1.887495828987314,46.044121471843184],[1.887690181832668,46.04416750704798],[1.892639739098858,46.047111317681725],[1.892360654363311,46.048959283191664],[1.891738184547941,46.05025994252071],[1.890593871871582,46.051523974378576],[1.890727834952278,46.05187200811131],[1.889978515922988,46.05304533630945],[1.890944790439686,46.05400490191039],[1.892603907959158,46.05537558659273],[1.892314927841329,46.05565824815093],[1.893911721048852,46.057687528032346],[1.894551365939367,46.058364695858906],[1.894486051182822,46.05858920398769],[1.892532948873558,46.06024612758758],[1.891815381573336,46.06118832943018],[1.891680183516903,46.061862442945724],[1.891896437501283,46.06255800197795],[1.891434494097187,46.06256249384962],[1.890865889155035,46.06227505370733],[1.889663956906804,46.061831015752375],[1.888375088803481,46.06306389322206],[1.887594454205809,46.063601090811325],[1.886622648003976,46.06386713337246],[1.885976596979317,46.06395445035407],[1.884684262560078,46.06394895496577],[1.883523797637095,46.06362953971512],[1.882199896726652,46.062950070738474],[1.882073234157277,46.06307130141179],[1.882092483421643,46.063651465219294],[1.881975514378649,46.06374127100443],[1.881609314098201,46.06374486548994],[1.881196763413859,46.06392811781906],[1.882260735400398,46.06409350738191],[1.88360033931175,46.06514777141734],[1.883732619841987,46.06615141941467],[1.88443060187958,46.06669413137127],[1.884401646293239,46.06678210347802],[1.882846004106818,46.067315246851784],[1.883357542338229,46.067992116657564],[1.884833627798854,46.06921251440942],[1.884767862154247,46.06939288450056],[1.883986965247292,46.0700642422541],[1.883593263602457,46.07078263382644],[1.883655978715943,46.071007495517435],[1.884504669508669,46.0718416761033],[1.884861185166021,46.07231798575186],[1.894127962150382,46.07883162399966],[1.893346640208236,46.07945891361801],[1.894117230031955,46.08013645744308],[1.895082455871997,46.08072493301086],[1.895239863784117,46.082035906351024],[1.895398100206462,46.08214731745084],[1.895456316354356,46.082341508461035],[1.895463987123734,46.082861216655225],[1.895014142991122,46.08431487263956],[1.895196928746131,46.085072237428164],[1.895739966792483,46.08535670253601],[1.895856417946123,46.085809025235605],[1.897020350060088,46.086304855689],[1.897688566076739,46.086802163635994],[1.898841792503934,46.08789855607638],[1.900725654664108,46.087995171304456],[1.902536944569523,46.08835582289927],[1.904168908234003,46.08777991546265],[1.904680046063714,46.08733095982858],[1.905430324117489,46.0870265999986],[1.905605694416069,46.08686438659324],[1.905929460604226,46.08626952605823],[1.906808470390666,46.085673711195966],[1.907462278879131,46.08468667275351],[1.908175940014203,46.08446389507112],[1.908311086981125,46.08365467705753],[1.908197806350502,46.081539935223724],[1.908007457219496,46.08108961654038],[1.907365990110529,46.080547598247875],[1.907496884999347,46.08027778525152],[1.907948802305912,46.08045954930921],[1.908659706126598,46.080372729531355],[1.90917593973067,46.08050917789728],[1.909625584766731,46.080871028528406],[1.909816347041536,46.081366377140995],[1.909811696763133,46.08186164914571],[1.910136102758799,46.08181793570216],[1.912404684925058,46.080971548864596]]]]}},{"type":"Feature","properties":{"fid":349,"ID":"COMMUNE_0000000009750797","NOM":"Sous-Parsat","NOM_M":"SOUS-PARSAT","INSEE_COM":"23175","STATUT":"Commune simple","POPULATION":114,"INSEE_CAN":"01","INSEE_ARR":"2","INSEE_DEP":"23","INSEE_REG":"75","SIREN_EPCI":"200067189"},"geometry":{"type":"MultiPolygon","coordinates":[[[[1.96322203363114,46.051506086390866],[1.963663990623693,46.05303658980557],[1.964300770273792,46.05438875689189],[1.964297075167232,46.05492816360617],[1.96144254886911,46.05676353455466],[1.959753584403617,46.057971928860766],[1.958834212395522,46.05877220369668],[1.95805310980969,46.05855519789232],[1.957667740795348,46.05875338440693],[1.956796764017444,46.058841737488216],[1.955595562030038,46.058608241887754],[1.954538463927813,46.058212158207404],[1.954340177163315,46.058299486645424],[1.953421307403419,46.060020105396575],[1.95359278560647,46.062020952496994],[1.953217790023992,46.06235160370014],[1.950254337982284,46.06388940665064],[1.951754457198588,46.06527754969557],[1.951555724611675,46.065997069491516],[1.950835682577147,46.06725391163086],[1.950308386895034,46.06878180362033],[1.950102378337449,46.07049007959691],[1.949638849119263,46.07192850187723],[1.951826857352966,46.07328518451237],[1.952983676301228,46.07423426016308],[1.952919003336804,46.07436874869349],[1.951229717901145,46.075487862613066],[1.95200054204537,46.07625506630321],[1.952446198550421,46.07724620613909],[1.953869090915855,46.0770711160828],[1.954577799233143,46.077433373410116],[1.954791244407302,46.07743714110811],[1.955004131718804,46.0767897918818],[1.955559326133726,46.07610596902086],[1.955487179738682,46.07561269359624],[1.955683886855261,46.075066958511414],[1.95569614230131,46.07455824984959],[1.95602382494709,46.07392906628734],[1.957064756687284,46.072943511825656],[1.957452066712962,46.07298939851198],[1.95938486068323,46.07389600505488],[1.959644493589279,46.073851556702984],[1.959970043695173,46.07353754155837],[1.959905750916895,46.07344779586653],[1.959067670493828,46.07308528519776],[1.959588936232102,46.07241193882227],[1.960300145324385,46.072504013105466],[1.960366911137308,46.072189426049164],[1.96275665516657,46.072332877659065],[1.962945724073818,46.07239314309868],[1.963079344182371,46.07271766839443],[1.963398663222558,46.0730069671763],[1.964261479558831,46.07322558059669],[1.964790987925142,46.07327904426695],[1.96532641922588,46.07308670452297],[1.965792945775108,46.07256772870329],[1.967091665871101,46.071761845631215],[1.967545284960515,46.0715840603245],[1.967417940416486,46.07126860328423],[1.968069314547382,46.07055047426819],[1.968272298000407,46.0691114129017],[1.968991174541566,46.06803456646624],[1.96990161667443,46.067227824462094],[1.971139809561208,46.06556760940171],[1.971336266595934,46.06516323545534],[1.972696944159009,46.0646280222105],[1.972827543310118,46.064493219355676],[1.972506983700132,46.064131890433195],[1.973800946226651,46.0639112582277],[1.973928310357761,46.06422670819302],[1.974574291665165,46.0642739759372],[1.97437419801269,46.065082676755836],[1.974045602285781,46.06570559892099],[1.974677878981148,46.067251284516864],[1.975059034600835,46.06762576242394],[1.976413018770803,46.06814590747596],[1.97762606089138,46.06810641507303],[1.979209707892394,46.06845388629915],[1.979456392021275,46.068547063000295],[1.980164201454016,46.06923965955445],[1.981781232940641,46.068975010154446],[1.982506807583981,46.066683278063536],[1.982055216903819,46.06654684332382],[1.982250849524518,46.06632255685156],[1.983417772722651,46.06569632118889],[1.984578860859197,46.06601471421094],[1.986643257697247,46.06674101925685],[1.987029702312235,46.06683272621233],[1.988705074742155,46.067610452957794],[1.989727674768628,46.067161177779035],[1.990591303319053,46.06649074136433],[1.990654753408966,46.06585370658265],[1.993562257427463,46.066042542952225],[1.994529344307535,46.06636091321871],[1.99485359125093,46.06631695757161],[1.995243925771864,46.06591336102909],[1.996021424441728,46.06542043259823],[1.997057404384571,46.06515402495777],[1.998794138820652,46.06491180665517],[1.99897062270633,46.06523756692883],[1.999490932028785,46.06543848016712],[2.000245085967051,46.06494621782333],[2.001352163979767,46.06468129840329],[2.002010226558609,46.06477714638884],[2.003057718897746,46.06508624493962],[2.003657617451879,46.06382352416508],[2.004111390681859,46.063555539360536],[2.009877713164635,46.06109795708141],[2.010914524900512,46.06056126299754],[2.011239703348559,46.060247100641284],[2.011371485588374,46.059752940663536],[2.010595841380589,46.05979570795911],[2.006990123103198,46.05767038998246],[2.006605842334713,46.05717441729597],[2.005639980655708,46.05672197604142],[2.0050612249874,46.056180165131984],[2.00474197459925,46.05559470010024],[2.004213657971807,46.055482895605955],[2.004365302654183,46.05525188187599],[2.003969212257937,46.055052981820694],[2.003528443227726,46.05325158685686],[2.003723125031517,46.0530722842162],[2.003592320076344,46.05236779556437],[2.003012210041139,46.05154768773424],[2.002748094290426,46.0514192866401],[2.001520537478651,46.05121126166881],[2.000362463123932,46.05088135924263],[1.998128958874519,46.05016010983036],[1.997405055873102,46.049854724812576],[1.996085331345097,46.04881820739641],[1.995479619897617,46.04785014046475],[1.995058027707814,46.047352895862154],[1.994544868111556,46.04634691953496],[1.99429019428911,46.046058281615956],[1.993809416667929,46.04561634215413],[1.993018549112709,46.04522928330257],[1.992738149197992,46.045004353378026],[1.992153985358023,46.04582948312831],[1.991642426536341,46.04586816221465],[1.991627609252941,46.04498367598348],[1.991438963772189,46.04412826288082],[1.991116497118057,46.044082167029046],[1.99047180285449,46.04376573404282],[1.990993232219702,46.04304722183051],[1.989836035710359,46.04218948647079],[1.989258881707393,46.04164760619027],[1.988885146146333,46.03939736383146],[1.987722688889285,46.03939329489189],[1.984426022420908,46.03969792299773],[1.983779207986433,46.03992087111901],[1.983261610786657,46.0400089889724],[1.980929852395832,46.04085710116054],[1.976205223303011,46.04228156110134],[1.975752328300538,46.04250441367714],[1.975678802166051,46.043674486604864],[1.975097798340844,46.04376199478975],[1.975036350577108,46.04331205635336],[1.974842381364748,46.04331120334289],[1.973933552749367,46.04384872643383],[1.975467712977497,46.04632745099837],[1.974236825224534,46.046863867654835],[1.97505034388544,46.04776458638131],[1.974584417430067,46.04812870594188],[1.974261870356351,46.04877960045037],[1.972092243812307,46.048745545103266],[1.971574587783251,46.04896959565823],[1.970157707196871,46.048244387730406],[1.96322203363114,46.051506086390866]]]]}},{"type":"Feature","properties":{"fid":376,"ID":"COMMUNE_0000000009751067","NOM":"La Chapelle-Saint-Martial","NOM_M":"LA CHAPELLE-SAINT-MARTIAL","INSEE_COM":"23051","STATUT":"Commune simple","POPULATION":77,"INSEE_CAN":"01","INSEE_ARR":"2","INSEE_DEP":"23","INSEE_REG":"75","SIREN_EPCI":"200067189"},"geometry":{"type":"MultiPolygon","coordinates":[[[[1.955684998267877,46.02993311613371],[1.955813847191288,46.029888374002276],[1.956602975222248,46.0279567124877],[1.95531358814754,46.027636841490626],[1.953833226025141,46.02682258108502],[1.953442023698019,46.02740614198544],[1.953183479041994,46.02740465517382],[1.952022952974233,46.027040907864304],[1.951317882949027,46.02631933357287],[1.950995979070162,46.02618307042026],[1.951063166460673,46.025778435163936],[1.95022812683442,46.02570406231298],[1.949583851784716,46.02545674043687],[1.948571753206418,46.02544735664164],[1.948372046057592,46.02493848215478],[1.948619828836847,46.024420250427504],[1.948299212847999,46.024014720472586],[1.948301790061481,46.02360948714716],[1.947984192121882,46.02284375554782],[1.94846972951836,46.02260150449608],[1.948053694961736,46.02164303796338],[1.94819182698435,46.02104453916191],[1.946839717305833,46.02050064582725],[1.945613459150843,46.02027130609184],[1.943810728974525,46.019634927011346],[1.940972220410932,46.01922029225861],[1.938330265426357,46.018536354860466],[1.933785770517682,46.01624315812459],[1.933000794959293,46.01572874700479],[1.932570456457877,46.01579043640785],[1.931286997778543,46.016517711928344],[1.9309212850748,46.0166457464912],[1.930443924263789,46.016665557892765],[1.92991329272544,46.01643360398581],[1.929011614313568,46.01574064968171],[1.927389857716699,46.01406014865194],[1.924823041100951,46.01199962362096],[1.922949669680562,46.010838102390395],[1.921479579759283,46.00961284530099],[1.921157356476037,46.00956745088335],[1.921095458654984,46.00929668871328],[1.920712355338552,46.00866533880092],[1.919942847415575,46.008033006790704],[1.919750412898071,46.0077628006366],[1.919622488195273,46.0077615809994],[1.91913988304456,46.00726256204323],[1.918687445178854,46.0061496356142],[1.918262955189016,46.005522384819905],[1.918138193117295,46.004046049040355],[1.917434409015831,46.00342783523061],[1.916927935763727,46.00545739809418],[1.914988427140221,46.005899937674144],[1.915185065992769,46.00549656077208],[1.913503599326996,46.00589471527955],[1.913432034697318,46.00670454868408],[1.912073993866822,46.00714901114835],[1.912005652240348,46.00759864375684],[1.910841510980006,46.00790896613479],[1.910386432712043,46.008177466063344],[1.910189144457153,46.00848086465684],[1.910189382592429,46.00866458483078],[1.908151918243281,46.008759344233994],[1.904243884844324,46.009458293800016],[1.903215596396334,46.00891430223769],[1.900571285367354,46.008589684207124],[1.900053341990853,46.008767475258615],[1.899533085478004,46.00912535741771],[1.900044795948656,46.00971210014623],[1.900107508684888,46.00993695316249],[1.899398893096606,46.00988954672418],[1.898555410583073,46.01038117279749],[1.898359635799484,46.010605315187064],[1.898872877220391,46.01092190417874],[1.899841655770786,46.01101596829416],[1.899904877374289,46.01115076840654],[1.89951574082667,46.01128477865393],[1.897258056436612,46.01114035193857],[1.897253811599421,46.01154557156506],[1.898028230808851,46.01172871811127],[1.897364087915389,46.013975508393116],[1.89650640765667,46.01626634043674],[1.895648538904487,46.01811227822189],[1.895912578617156,46.01815987980758],[1.897043930364917,46.018081738412725],[1.898144957983928,46.01822663467205],[1.898814950892493,46.01840065434656],[1.900528123021327,46.01831642232642],[1.901111655904236,46.01854812717972],[1.902301740690218,46.018506525918],[1.903056452273709,46.01961884337065],[1.903582047334993,46.01996975144758],[1.903718781350358,46.020503316108424],[1.903692233704945,46.02079754853096],[1.903812022397347,46.0210139454594],[1.903696474655596,46.0215576779101],[1.906137099111635,46.02318608948924],[1.906135207542983,46.023411215780776],[1.907550223440935,46.024091290783936],[1.90832584264532,46.024094260873675],[1.909416740452346,46.02495310666993],[1.911931148705471,46.02554733693206],[1.913927143880475,46.02627433308577],[1.914313101944432,46.0265013735885],[1.913849914393456,46.02789373088768],[1.908663184412528,46.030483505879076],[1.904188076428951,46.032895310567895],[1.903219784952813,46.032757163829935],[1.90244724360087,46.03252904514562],[1.902252414971275,46.032573088190205],[1.901537903968008,46.033065087539676],[1.901329990242243,46.03486423008837],[1.89874284134821,46.03530382661766],[1.897452081563967,46.03525345648619],[1.897579453572115,46.035478939390885],[1.898733128824752,46.03656364235499],[1.8987307141485,46.03687792097893],[1.90046108640864,46.038549079438376],[1.899934191722419,46.03980657967453],[1.899798128450931,46.040660809232925],[1.901348034463621,46.040756890604534],[1.901991374327298,46.0409846650675],[1.902315545386863,46.04094097391567],[1.902710191071452,46.04008744345776],[1.903485245323756,46.04000038120228],[1.903608740912797,46.04081119526033],[1.90315477422187,46.040943692330316],[1.903153373000661,46.041078765505596],[1.90360254880658,46.041575726213445],[1.904111323216109,46.04252174897176],[1.905727832352789,46.04239326917432],[1.905793276985874,46.04170405820785],[1.906038387809638,46.04179918293613],[1.906504307351773,46.042171113086354],[1.906845013334829,46.04285703626042],[1.907128912036244,46.042822849351964],[1.907793073648076,46.042330329170355],[1.909191289282605,46.041861980653465],[1.909595516593529,46.04182444232616],[1.909734041561635,46.04227336129032],[1.90927630095902,46.04285703572079],[1.910566285796009,46.04308647677594],[1.910565303702144,46.043266582734425],[1.910371245166124,46.04340070511919],[1.912301331855752,46.04435313484869],[1.912294369576145,46.045162686474626],[1.912744636360169,46.045479504939664],[1.913002879691513,46.04543515088608],[1.913198718791564,46.045210983415366],[1.913235084986169,46.04500690110527],[1.915470634316514,46.04365762867303],[1.916099883079271,46.04335835038274],[1.916824063591676,46.04427935547346],[1.916952479405384,46.0443256109456],[1.917212967290027,46.044101153645954],[1.916894797107699,46.04338035577821],[1.917157590396843,46.042841619657224],[1.917678530581397,46.04239360390108],[1.917810170120029,46.0420787582913],[1.918199055058981,46.04190055306934],[1.918200419343053,46.04176547971408],[1.917927675213437,46.04162779069177],[1.91796804110598,46.041548024671634],[1.919188108417815,46.04079507284599],[1.920244612476648,46.04053316543622],[1.92171711038095,46.03936832598669],[1.923521497701473,46.037628450501956],[1.924385282731929,46.03703416420013],[1.924761057921661,46.03593632559064],[1.925038282650059,46.0355796251615],[1.92495564946553,46.035441053639666],[1.924280145703587,46.03513745623655],[1.924431107719888,46.0346913027854],[1.924320039252176,46.034420076451674],[1.924667311326495,46.03385330703251],[1.92472983244192,46.03330094699963],[1.924904278184215,46.03324046182536],[1.925754401020442,46.032546973005175],[1.925967132339393,46.032247296109894],[1.927150725266189,46.03228732211043],[1.927780783034368,46.03246709406662],[1.928579086811802,46.032970858392865],[1.928702685296176,46.03319717008365],[1.92910022202093,46.03329998931409],[1.929403190598351,46.033478462903616],[1.929843483766214,46.033510537907354],[1.9299129107508,46.03379667529988],[1.930494516845963,46.033942653317546],[1.931513219937191,46.03441875662689],[1.93213182209937,46.03452454900039],[1.932901997963333,46.03521533657793],[1.933762651984829,46.03557555863444],[1.934173427113461,46.03586400246581],[1.934277400809002,46.03610363188355],[1.934530432532777,46.03619156467425],[1.934629851509167,46.036532915736],[1.934745510139988,46.036570025480735],[1.934950951057304,46.03657825966775],[1.935053674049878,46.0364153202891],[1.935388599515716,46.03621403577276],[1.935673318773312,46.03580064424137],[1.935573286510615,46.03515669574855],[1.935416969036551,46.034948996664625],[1.935397478149976,46.03428599165081],[1.935052859833153,46.03378653892781],[1.935035660192478,46.03353962023527],[1.935121660938575,46.033438663309326],[1.938540527372469,46.0339669421693],[1.939829114708808,46.03433112399036],[1.943313127982268,46.034973339269676],[1.944734085648942,46.03497846977598],[1.945954638602966,46.035792233910705],[1.946146419904894,46.03610831633258],[1.946270552979687,46.036918183491544],[1.947107566999672,46.03723575657837],[1.947624764696618,46.03710277119458],[1.947562257933217,46.03692297724705],[1.946917484088855,46.03669544934688],[1.94704808009043,46.03656067605126],[1.948082892220126,46.03633973603441],[1.949381010984016,46.035398968969545],[1.950612292731359,46.03477366919463],[1.952232294469765,46.034104219386236],[1.954047432976058,46.03316637620373],[1.955039436547799,46.02988574076925],[1.955684998267877,46.02993311613371]]]]}},{"type":"Feature","properties":{"fid":388,"ID":"COMMUNE_0000000009751311","NOM":"La Pouge","NOM_M":"LA POUGE","INSEE_COM":"23157","STATUT":"Commune simple","POPULATION":96,"INSEE_CAN":"01","INSEE_ARR":"2","INSEE_DEP":"23","INSEE_REG":"75","SIREN_EPCI":"200067189"},"geometry":{"type":"MultiPolygon","coordinates":[[[[1.926686423650127,45.986779561813485],[1.929984682712038,45.98598223848295],[1.930243966354327,45.98580277143488],[1.931092632797829,45.98441129006255],[1.934443783112363,45.98500842723862],[1.937024772301956,45.98501736914262],[1.938060415362948,45.984571393385714],[1.939292867439048,45.983766121534565],[1.939878090913641,45.98322855476423],[1.940135578190397,45.98327419208113],[1.941034573954408,45.98381754168716],[1.942449868074457,45.984452160915374],[1.943869521503404,45.984457302254974],[1.944583457976093,45.98387498243505],[1.94690905421094,45.98352289159235],[1.949049830409539,45.98195596764493],[1.949562242718773,45.98245243368077],[1.952593941170858,45.982597585207735],[1.956218680425204,45.981035235928125],[1.961260633922057,45.97965778873529],[1.961847261412976,45.97889498110054],[1.962110119238514,45.97817603349668],[1.961476735953632,45.97641951812869],[1.962129927674952,45.9752070345689],[1.962004924111887,45.97471237628867],[1.961426998393605,45.97371554943147],[1.961982951192346,45.97354863792108],[1.961054963094065,45.97214424344242],[1.961057427005078,45.9717399098654],[1.961316949674156,45.97147031835806],[1.962222586632303,45.97111389080137],[1.962032583672187,45.97057360820746],[1.961258599501829,45.97066107077224],[1.961327715176034,45.9699412483386],[1.961973392108273,45.969808481309585],[1.962108352159926,45.96908926208057],[1.962818192629437,45.969046234913336],[1.962950191135324,45.968552130244184],[1.963736091767099,45.9668005117405],[1.964203265725935,45.9645524604402],[1.964208163536369,45.96374289267666],[1.963824520376321,45.96333682742498],[1.962996358200372,45.96184960810674],[1.963193717789974,45.96117508731583],[1.962554320356009,45.96036321952337],[1.958874079057778,45.96098144898951],[1.956934785681346,45.96151384775338],[1.955575631804739,45.96209479430168],[1.955702256605595,45.96249941834154],[1.954409331041798,45.96285491859479],[1.95395782272682,45.96289847827598],[1.953619610421569,45.96268822149983],[1.953461093768683,45.962671446643164],[1.952603701899139,45.962804007317146],[1.952407472487204,45.96320834976448],[1.952084667530253,45.96334224942507],[1.952082965862499,45.96356737667155],[1.951371066431842,45.96378953074662],[1.951495113320616,45.96459939329026],[1.950784896761343,45.96473240276271],[1.950463771390716,45.96437099876196],[1.94956157608851,45.96427797829833],[1.948660671476099,45.96404987672773],[1.948599100537484,45.96368997655202],[1.948147578528614,45.96359842715546],[1.949134225853052,45.96291955174045],[1.948862518822749,45.962811662538435],[1.94838052697776,45.96242264217553],[1.948206910134527,45.96211483473937],[1.947523783145895,45.95975078711497],[1.946995744426299,45.95974587700576],[1.94670116093241,45.95982238708049],[1.944108810894171,45.960871722247354],[1.942172192263748,45.96038354460166],[1.940048224152995,45.95970175738493],[1.939789997719769,45.95970024002393],[1.939912556685286,45.96051100359371],[1.939525626739999,45.960554209740934],[1.939332799414534,45.960509175822644],[1.939143074963283,45.95996795438644],[1.938116661994184,45.95929010578787],[1.938253405899107,45.95909596372645],[1.937871324039715,45.95882130692134],[1.937649471685476,45.958340119832506],[1.937110637607627,45.95795862212427],[1.937083581232314,45.95775483830261],[1.936949868744428,45.95765812191778],[1.936539970546846,45.957821778985675],[1.936041212108806,45.95757213639701],[1.935407252542011,45.957703964423715],[1.934802033760451,45.957618120291464],[1.934657786638984,45.95746546640545],[1.934408905671524,45.95751535737539],[1.933747514531954,45.957396558131194],[1.93348745124714,45.95755711246688],[1.933014773063957,45.95742837912893],[1.932373149227181,45.95755561510755],[1.931108948525068,45.95716094133824],[1.930391983459864,45.95711184252284],[1.9303724167878,45.95732149170596],[1.929844547285714,45.95784063786711],[1.928198722231502,45.95894268242466],[1.92750681810021,45.959130654219855],[1.927000918571269,45.95871880022804],[1.926607245367961,45.95871056546414],[1.925908137785894,45.95913531070942],[1.924413047235064,45.9598523840916],[1.92349347355886,45.960654162628806],[1.923898161606588,45.96102454447172],[1.923903849340494,45.96112996596296],[1.923554422964326,45.96182999432609],[1.923341375349302,45.96202699589275],[1.92654879592022,45.962172725669255],[1.927898811000618,45.96280691475946],[1.929702165129792,45.96317340011068],[1.929701706089848,45.96326345331236],[1.92918382323594,45.963531430813816],[1.931238342856073,45.96479814000913],[1.931625726750418,45.96479999488087],[1.931949918634591,45.96453107982906],[1.932527936350421,45.964758072348104],[1.932592476020599,45.96489286648095],[1.932137367231286,45.96538659303416],[1.932327095512129,45.96579183987178],[1.932258515712651,45.96633153816489],[1.932383633821092,45.96687216238767],[1.93289928077701,45.96705353590732],[1.932894393922212,45.96763886352826],[1.93276390871107,45.967907806189835],[1.93321191692625,45.9683145849215],[1.934657784351615,45.96901263448147],[1.934882786696615,45.96926511092384],[1.934944274213002,45.96962501853518],[1.935653676010751,45.96967311528077],[1.935842995889064,45.97016840943115],[1.936420614204473,45.970620521186035],[1.936290139151362,45.970889467903056],[1.935965060939349,45.97120341590869],[1.936284857058861,45.97156394845877],[1.938338509251436,45.97296650290353],[1.938533115427311,45.972921497386054],[1.938663584339318,45.97265254809047],[1.939372602439072,45.972789774355434],[1.939693298305951,45.972971091221254],[1.939692855526092,45.97306114445458],[1.937882956880242,45.97354940532711],[1.938009037706467,45.97390991684381],[1.938265144483479,45.97422571809491],[1.939437591983769,45.97431055166207],[1.939878133533432,45.97504324081012],[1.939917407151731,45.976357545532125],[1.939511691200151,45.97683375280445],[1.93947751543074,45.977534979743815],[1.939025363323123,45.97800714823219],[1.938986950320925,45.97832469092539],[1.938428585239498,45.978409515794304],[1.937202828192252,45.978405223992254],[1.93539850437198,45.97799382548105],[1.933334067074903,45.977941979365895],[1.928454537070222,45.977316845487394],[1.924631116498702,45.9769203737817],[1.922891447388617,45.97664447504187],[1.921407425508933,45.97663845579939],[1.92069516821949,45.97699550284378],[1.919532181194831,45.97721676191039],[1.918693056399086,45.97725828471083],[1.917075685206421,45.977792182477046],[1.915780223464613,45.97850745407399],[1.914939705452293,45.978684022577546],[1.913906796419147,45.97872545450945],[1.913454255108728,45.9788129726241],[1.914095467062255,45.979310838070624],[1.914095385756806,45.97944592394505],[1.913707899401959,45.97944400909842],[1.912806492909498,45.979170589559345],[1.912162159401672,45.979485008059136],[1.910811692383459,45.97958009764807],[1.911832008033186,45.98011134040297],[1.911830141233904,45.980336466976276],[1.911635417485094,45.9805156120639],[1.910798669173945,45.98010771122816],[1.910669499598834,45.98010736946926],[1.910133955384692,45.982624736897066],[1.909035896922502,45.98275555606208],[1.909228191424399,45.9830257805265],[1.910255564660149,45.98365977087927],[1.91012265677621,45.98410878116249],[1.90920611282448,45.98576963028271],[1.91055787064247,45.98626985294277],[1.910291936555436,45.98730386028969],[1.912012677314896,45.990054556154625],[1.912524343512337,45.99064124273354],[1.915107930090507,45.99033550438073],[1.923909298069489,45.98708462410909],[1.925523253988196,45.98700088237207],[1.926686423650127,45.986779561813485]]]]}},{"type":"Feature","properties":{"fid":526,"ID":"COMMUNE_0000000009751592","NOM":"Saint-Priest-Palus","NOM_M":"SAINT-PRIEST-PALUS","INSEE_COM":"23237","STATUT":"Commune simple","POPULATION":55,"INSEE_CAN":"05","INSEE_ARR":"2","INSEE_DEP":"23","INSEE_REG":"75","SIREN_EPCI":"200067189"},"geometry":{"type":"MultiPolygon","coordinates":[[[[1.641564573103623,45.896217572576525],[1.641816400990555,45.89662407791436],[1.64207545302651,45.896580356539886],[1.642724902179758,45.89613513901878],[1.643043451211649,45.89645147917657],[1.643492623839599,45.89654422908141],[1.644154000725112,45.89655756486538],[1.644356102233906,45.896626634209206],[1.644729833706758,45.8964302746446],[1.644929682562679,45.896433570325115],[1.645906881791843,45.897032483798796],[1.646147573017473,45.89768381569162],[1.64649639186369,45.89771410947513],[1.648462230612029,45.897028830655785],[1.649245949479302,45.896629311563935],[1.649661499376665,45.89651539223961],[1.650271418956889,45.89647043779745],[1.651781203478657,45.8959696894735],[1.652893511417674,45.897006955027045],[1.652166860511448,45.898396964880966],[1.652163024330772,45.89871213747659],[1.652354677156843,45.89889274511914],[1.653318862306212,45.89907895240381],[1.65473537327841,45.89917776901429],[1.654932649243015,45.89886399690609],[1.655447267573191,45.89886651434286],[1.655379163720654,45.89922595383414],[1.654635724158498,45.89987816908123],[1.65356133626491,45.90029497955341],[1.653624927933319,45.90038489840174],[1.654458155544065,45.90070553053015],[1.654648724113938,45.90093115238202],[1.654957722698195,45.90201287400161],[1.654335106851645,45.90241705206213],[1.6537802700558,45.90263380334254],[1.653160831384246,45.90274891276649],[1.650680200827332,45.90401083799008],[1.650483973524846,45.90433272133671],[1.650369611397013,45.904841109924135],[1.650460805193604,45.905173627841705],[1.650348028424458,45.90530107132015],[1.650378540357643,45.90542482094634],[1.651057625369596,45.90598410455751],[1.651298219262006,45.90606352694924],[1.651727695184301,45.906068647649526],[1.651872445228628,45.90621627422793],[1.652482421438356,45.90633161830678],[1.654028505962135,45.907048912390245],[1.652957802469183,45.90730905420119],[1.65295708131954,45.907444139166735],[1.654429400739232,45.90817225687735],[1.654416134159521,45.90929697770179],[1.655379409985686,45.909528185535635],[1.655574000012928,45.90948456690939],[1.65571514422142,45.90840549672234],[1.656041638257175,45.90813738860859],[1.656494932497007,45.90795994756058],[1.66016848891648,45.90793777941239],[1.66093252161517,45.90861689059104],[1.661319521187707,45.90861876986136],[1.662289476667297,45.90830962456682],[1.663192427109997,45.90831579736589],[1.664087685392377,45.908905474863516],[1.664407994114434,45.90899751858578],[1.665956649452163,45.908871695840034],[1.666485650193836,45.90775035646383],[1.666296787387936,45.907344651285015],[1.668561239626581,45.906638226073404],[1.668939436588482,45.90663006898066],[1.669233597623289,45.90673620129306],[1.66944759330517,45.90695666918554],[1.669751023217529,45.907801417930905],[1.669952026662308,45.908079371696786],[1.669799468381882,45.90932223502561],[1.670056053646701,45.90948916527718],[1.670474400904701,45.90958234439816],[1.670842998403413,45.909438074208474],[1.671007652802019,45.90903022681898],[1.671137795242243,45.908929985849106],[1.671560598237846,45.90889172279433],[1.673834585839221,45.90902197972428],[1.674846209493924,45.90880147676622],[1.675777377249474,45.90849266283306],[1.675847812204811,45.90840702801458],[1.676635333866983,45.90854593428541],[1.677383742279453,45.90880956369227],[1.678661119057315,45.90869660595809],[1.678935401905753,45.908825896551335],[1.679837948738591,45.908903080504174],[1.680959873972648,45.90930163473774],[1.681680528442965,45.909324446631786],[1.682075620892872,45.90920386508814],[1.682778726298594,45.908611343435176],[1.6819479962002,45.90806669845164],[1.68175343205896,45.908110362445164],[1.681688292626892,45.90824469593435],[1.681366669657532,45.908152686110434],[1.680534882725546,45.90765304910564],[1.679829295686541,45.90737913295921],[1.679850668299069,45.90562497757326],[1.67882003518186,45.90561924701201],[1.678511417043328,45.90444753887306],[1.678190901079151,45.904310501696536],[1.677671272072501,45.90462234576979],[1.677092985688708,45.90452912347615],[1.677915289670057,45.903592188758275],[1.678929706792523,45.90351938476293],[1.679300550849787,45.90376328060853],[1.679714725180069,45.9038140480737],[1.680653952380776,45.90310991795497],[1.680969065945861,45.90374222519865],[1.681095900288445,45.90383286561974],[1.680935257443154,45.90407686088039],[1.681263966559086,45.90424910986241],[1.682703619059545,45.905977962373136],[1.683327804767689,45.9058249207651],[1.683209120271124,45.905014784159796],[1.684112685321122,45.904884804446056],[1.684931388314805,45.90641907264984],[1.685237384471182,45.90673334324598],[1.685460807832966,45.906615257529516],[1.685984845361311,45.90584681618817],[1.686292848514425,45.90575222696784],[1.687262831004062,45.90548790093086],[1.689518402407334,45.9054113887813],[1.690747196470881,45.90505816884966],[1.690940673565001,45.90505950783214],[1.692153971973774,45.90601108627628],[1.692798699078754,45.90596990662759],[1.693182923892576,45.90619679900887],[1.695173388318368,45.90674754125166],[1.695560354589331,45.906750203743115],[1.697819768003148,45.90640338536718],[1.699690522731442,45.906233978593974],[1.701346337894041,45.90237405712611],[1.701754548972267,45.90048745388833],[1.701221233201001,45.899854502544294],[1.701573017613964,45.899541525936534],[1.701830746316664,45.89949765288655],[1.702986043909482,45.89984683829232],[1.703173070298557,45.90045059336574],[1.703560841839836,45.900362276211965],[1.704397897080346,45.90036736607661],[1.704377719302673,45.89985378503055],[1.704535815034909,45.89960342435098],[1.704217974406286,45.89924133855006],[1.70467455523423,45.89874943055133],[1.705249294865134,45.89915768614204],[1.705243900733042,45.89960703059196],[1.705395351115154,45.899914072510434],[1.706453332324701,45.89924441486817],[1.705955639331526,45.8987956189713],[1.705998592616625,45.89817468717348],[1.705676184448835,45.89795214832612],[1.70642472957802,45.897769783524424],[1.706568017204777,45.89655559447984],[1.706898284574164,45.89583798041626],[1.708634316667049,45.896117195943916],[1.708631038411284,45.89647740369817],[1.710368969272695,45.89662152205397],[1.712313470961891,45.895598070716744],[1.712378520830855,45.895463719619556],[1.711613005863208,45.894829074434064],[1.710658581311133,45.89383472678721],[1.710024267648955,45.892886351916836],[1.70957933861872,45.89238863992394],[1.709074255656062,45.891485864162206],[1.709014094575163,45.891080802110864],[1.709593347488161,45.89112884256484],[1.710041190263212,45.891446465317934],[1.711007070986259,45.89145207683095],[1.711169881174014,45.891328747622985],[1.71096222627132,45.891108432233914],[1.710956000040418,45.890326629618414],[1.710683133758135,45.88908967927016],[1.710961272263178,45.88844621090339],[1.710969891964359,45.88796718335567],[1.7098982600713,45.887082266879254],[1.710025460263584,45.88660639357558],[1.708866599195087,45.88603388481231],[1.708534167362596,45.88618679456568],[1.708035729350595,45.886214422495435],[1.706962928792863,45.88609768696547],[1.706258845032006,45.886370623581755],[1.704686708876732,45.886758799302555],[1.70477372080876,45.88700746489213],[1.7043960917506,45.888644056213636],[1.704408351808289,45.89048234923968],[1.704251422901733,45.890739027086916],[1.70347272567023,45.89127497198791],[1.703470011175255,45.89150009433335],[1.703978310939062,45.89204268752538],[1.704162936308193,45.89252843315789],[1.703868799590789,45.893244652319176],[1.703450454182092,45.89320923526508],[1.702423369370205,45.89284351218698],[1.701963266203318,45.893650585263394],[1.701447655377394,45.8936923976575],[1.701062651807761,45.89355558526443],[1.700807447182342,45.893329300926446],[1.70080994407099,45.893059145292945],[1.701269456593847,45.89238716214081],[1.700819992188989,45.892249608399105],[1.700754689429335,45.89233891949434],[1.700366969819895,45.89242722701812],[1.700567292622478,45.891753167894066],[1.700504695449619,45.89161825693822],[1.699927340580364,45.891435099535826],[1.699854704596949,45.89210882465438],[1.699587170370919,45.8930072633302],[1.697923789355547,45.89315293355391],[1.697624541131941,45.892826166408824],[1.697028152925867,45.8924113169226],[1.695983275785752,45.8925820963837],[1.694087722036874,45.891094917995716],[1.692926742935036,45.89094100692644],[1.692732426881336,45.89130350989434],[1.692745090011595,45.89147657455464],[1.692130460343921,45.89161536660254],[1.691481847734175,45.891881649570394],[1.691225236434506,45.89187958022327],[1.690303266188136,45.89159962043854],[1.690518763970349,45.891214851352466],[1.690902937912927,45.89002688403035],[1.691236247586686,45.88945975199985],[1.691549883864598,45.889177886702484],[1.692369186390293,45.88872805107167],[1.692779793269848,45.88832662142948],[1.69278457062324,45.88796192724349],[1.693028248196533,45.887692758394444],[1.692801506577244,45.887573957624895],[1.692377221363407,45.88757355437489],[1.691960724179786,45.8877884868602],[1.691170508851198,45.8884259842859],[1.690555875149655,45.88845759403735],[1.690632727270279,45.88744799263583],[1.690117853964945,45.88729793005379],[1.689272591139854,45.886778385011134],[1.688251859582577,45.88718443294048],[1.687865248940213,45.887226778814984],[1.687672666718027,45.88713628316799],[1.687418618425235,45.886864950234774],[1.687943580271626,45.88610281754969],[1.688201475247129,45.8861040089347],[1.688860087510928,45.886282765962314],[1.688972312354128,45.88525106020456],[1.687326166420787,45.88376035120104],[1.686810636978129,45.883802096850125],[1.686684694529615,45.88362141110173],[1.686491075917427,45.883575031471125],[1.68571509388318,45.8838857321082],[1.685065899018007,45.884287063366976],[1.684739902730543,45.88460028853278],[1.683585466620288,45.8846111688086],[1.683595398262208,45.88408712504207],[1.683477630287796,45.88394255549195],[1.682925268295737,45.8839604384943],[1.681277731969028,45.88420781559439],[1.6804393801184,45.884482628836395],[1.680253753896802,45.8844795614568],[1.679352031611958,45.883200060326494],[1.678873718123771,45.88276487677255],[1.678206076889078,45.88232027268034],[1.677373448158489,45.8812279907615],[1.676507672361734,45.88049736304902],[1.67670036449693,45.88025915361224],[1.677389930540916,45.879788094347006],[1.677457206159966,45.87956372678165],[1.677072360752266,45.87942683274718],[1.67707626237192,45.879156692793664],[1.675051073920603,45.8788654904532],[1.67490400411377,45.87838553783835],[1.675926314958643,45.878340777909386],[1.675991662963328,45.87825058081045],[1.675103515786125,45.877165736300014],[1.67485413306842,45.87649005063264],[1.673626771817343,45.87675214574364],[1.672915287244761,45.87706261437451],[1.672592960956831,45.87706153165185],[1.671570105318529,45.87638035529031],[1.671313340789685,45.876334107732106],[1.670860375855272,45.87651070772048],[1.670473804983079,45.876553894486285],[1.670804218171877,45.87579135273658],[1.669652892703974,45.875199610367424],[1.669331482509438,45.875107566365706],[1.667542077813302,45.87600511992362],[1.66718794854174,45.875346193823916],[1.666450832435818,45.87452964327863],[1.666127395424714,45.873828746535956],[1.665367140529723,45.87274443106803],[1.664852787265048,45.87274105840813],[1.664861378952718,45.8720665948107],[1.663901174138291,45.87152118011926],[1.663678021300288,45.871632020279456],[1.663252602344251,45.87120459842152],[1.662741394532783,45.87160383091929],[1.66247889799598,45.87200780582743],[1.662473158090215,45.87245714798236],[1.66298572109407,45.87264063458728],[1.664014844277818,45.8727365609962],[1.664140886150464,45.87296230535539],[1.663299586622744,45.87336214195467],[1.663104434288943,45.87354085881357],[1.663160071935565,45.87417105114429],[1.663483252274472,45.87408300955973],[1.663998928753528,45.87408550332306],[1.663667319058007,45.874893943683176],[1.663725146083904,45.875434099421625],[1.663529789741829,45.87556778361789],[1.663271944577698,45.87556653596018],[1.663017000089015,45.87533926606465],[1.661593721627345,45.87591593223617],[1.661335874879514,45.87591468016255],[1.661215610131681,45.87523869018201],[1.660850101882984,45.87526408104912],[1.660580821730085,45.8757337169752],[1.660557526172064,45.87600272686072],[1.660946649877268,45.87643873497684],[1.661062740777043,45.87712728453234],[1.66138235608277,45.87739945515454],[1.661317007051485,45.87748874344302],[1.660733958032248,45.877710595085965],[1.661238145324355,45.87861268603799],[1.661106328854554,45.878837180920385],[1.660369026635701,45.87930397417724],[1.660394911198049,45.87956546127794],[1.660671664531082,45.88006318195151],[1.66175239943244,45.88005706797623],[1.661766863668695,45.88020494115853],[1.662125501272903,45.88041092538073],[1.662170561337352,45.881317483976964],[1.662943261676777,45.881412184658174],[1.662934645074539,45.88208664822385],[1.663444421671762,45.882495254092795],[1.662983834445094,45.88330216835176],[1.663685458653499,45.88393639581963],[1.663935630575802,45.88452205461867],[1.66406239271231,45.884612714116166],[1.664514775232057,45.884570325977755],[1.664645479511341,45.88439174564491],[1.664458692116257,45.88385096774428],[1.665584695582752,45.88394892244322],[1.665721145739228,45.88443866950205],[1.665714678828221,45.884759214244205],[1.664831180495218,45.884977541425286],[1.664693839295357,45.88569641630247],[1.66404912975705,45.885692402328736],[1.663471064923117,45.88559911041262],[1.662762070149211,45.88564026080118],[1.662876638432151,45.88676559154345],[1.662617170977289,45.88698857860316],[1.66324849298316,45.893290488574564],[1.662667271244992,45.893377280477914],[1.662471848763194,45.89351096288414],[1.660798634493886,45.89336597172888],[1.660336823809699,45.89421789348439],[1.65988654751456,45.894170228628425],[1.659245729266308,45.89389604785084],[1.658415259433592,45.89330619672439],[1.658092152006602,45.893439257273506],[1.657640787898225,45.89343660160002],[1.656657438225939,45.893193463257376],[1.656459856100615,45.89246251182625],[1.656468933100181,45.89193125219448],[1.656340611982922,45.89142808042171],[1.655345129100414,45.89157835827328],[1.654052129778428,45.89197545953303],[1.652893514824486,45.89183377321975],[1.651368516043617,45.89011431566679],[1.649004888401451,45.888570347265954],[1.648423694006696,45.88865706595344],[1.647708971926526,45.88919249695435],[1.645066036772771,45.88931125977607],[1.644741631219684,45.88944426671918],[1.64441463357624,45.88989246048534],[1.644331711579578,45.89137659723325],[1.643557074202685,45.89146097184059],[1.642973987320787,45.891727765382015],[1.643225060298676,45.892269352436884],[1.642128174268325,45.89239758333247],[1.642132995477687,45.89199235968522],[1.641939565457732,45.89199093721466],[1.641610605448412,45.892621926803116],[1.64189329161327,45.8925604774875],[1.642413735093125,45.8927954863181],[1.641539004526137,45.893591040562804],[1.640699247987907,45.893333276420904],[1.64006465221335,45.89411819676995],[1.640682554418924,45.89463808275757],[1.641391407479061,45.89445116614057],[1.641694116031303,45.89446741159296],[1.642254834490563,45.8946389603265],[1.641964217170558,45.89496960250808],[1.641644484992327,45.89512066970829],[1.641442467806811,45.89567663075176],[1.641564573103623,45.896217572576525]]]]}},{"type":"Feature","properties":{"fid":602,"ID":"COMMUNE_0000000009751589","NOM":"Saint-Pierre-Bellevue","NOM_M":"SAINT-PIERRE-BELLEVUE","INSEE_COM":"23232","STATUT":"Commune simple","POPULATION":213,"INSEE_CAN":"05","INSEE_ARR":"2","INSEE_DEP":"23","INSEE_REG":"75","SIREN_EPCI":"200067189"},"geometry":{"type":"MultiPolygon","coordinates":[[[[1.872956385135132,45.88306961759317],[1.872754393007438,45.88405644514055],[1.871722723768664,45.88475221214604],[1.871420352202517,45.8847194748988],[1.870934642228548,45.88488663697625],[1.870602100641173,45.88487881261015],[1.87031664580941,45.88515334073698],[1.857654304117676,45.88528998115801],[1.857167093470889,45.885589455650546],[1.855777760773457,45.885612327460514],[1.854494168927229,45.88557321251169],[1.854224754586776,45.88519583823193],[1.853393323019166,45.885055923405496],[1.852543899455969,45.88528506068897],[1.850070484991277,45.8857201308676],[1.852837116296588,45.889104725919324],[1.853745292938404,45.88989834812424],[1.854202327906432,45.89018486431336],[1.854990490139241,45.88992807588629],[1.855074146166266,45.89037111129993],[1.854885616929238,45.89137605858318],[1.854903905748617,45.8917995197759],[1.855089445479957,45.892553388887215],[1.855487865957224,45.89311758750866],[1.854783101279585,45.89457300554529],[1.854948881852285,45.8962785954221],[1.854393984523638,45.8971609543278],[1.853743046776821,45.89738851076478],[1.852621416263068,45.8981687524713],[1.852122780888871,45.89839064025117],[1.850672961215527,45.89882440734739],[1.850273017704523,45.89938501061123],[1.849892380256804,45.899699948336924],[1.848791072353934,45.900366885658386],[1.848396610973476,45.90121932904184],[1.847359088621976,45.9019796630434],[1.846382948542934,45.90301079058651],[1.846447205247585,45.90314563373201],[1.84792406742846,45.90364700560171],[1.850364501224385,45.9046471760523],[1.850622134920128,45.90460296400456],[1.850881862577217,45.904334526240625],[1.852812367661259,45.9046125931098],[1.852997216505912,45.90564834254473],[1.853980371207067,45.90557905718089],[1.854072289128476,45.90655622534696],[1.854306648748722,45.906825173464306],[1.854790412664831,45.90682556985159],[1.85472092040948,45.907500306726476],[1.8571433900636,45.90869647403363],[1.859518311627498,45.90957690368248],[1.860539134186783,45.90987267799065],[1.862550612435492,45.91023964934334],[1.859297468738126,45.91476205583647],[1.858250951245057,45.91651214513727],[1.856268442854515,45.92021064282825],[1.858478595069841,45.9191639689596],[1.859841699346219,45.91864096553055],[1.862615102755139,45.918555409538484],[1.863452260521953,45.918693507644356],[1.865509377204003,45.919241899200124],[1.865766304148117,45.919422791412046],[1.866457331891784,45.921584818731276],[1.867807881609871,45.92186041285616],[1.868065563281607,45.921817061471565],[1.868074084453567,45.9209624913086],[1.869684359936948,45.92096868476736],[1.871291865107906,45.92142512003584],[1.871282099266353,45.92259488218944],[1.870645480738788,45.92469409644962],[1.870346409614907,45.92530801140963],[1.870436651657901,45.92657153242065],[1.870310969579112,45.928106675490824],[1.870042206517574,45.92900367615324],[1.86962483045973,45.92978391683323],[1.869517117156797,45.93075637317224],[1.870696626179065,45.930824888119666],[1.871722951015075,45.93150426100066],[1.871914515056195,45.931729515956015],[1.874222630568185,45.93322315719183],[1.874537217962031,45.934124169007404],[1.874847234403689,45.93556548491723],[1.875226917565864,45.93637708337578],[1.875032718508991,45.93672187790581],[1.875521728770544,45.93711038691304],[1.876308730252677,45.93757119801924],[1.876768384860678,45.9370579255148],[1.878251353806403,45.93706362928804],[1.879995892470039,45.936710768769565],[1.883098931979969,45.935688656000636],[1.885494372199353,45.93448387884708],[1.886140346045659,45.93426149122736],[1.889123845844212,45.93211411280033],[1.889382466221985,45.93202569268354],[1.889833248508106,45.932072443555796],[1.890471629559671,45.932929754595634],[1.893244269314764,45.932850638345904],[1.894338548592194,45.93298921840022],[1.894980473026859,45.93335211889409],[1.896068852334076,45.9343011471644],[1.896904017865938,45.93461909127873],[1.897158170367738,45.935205144720534],[1.89825350866643,45.93516448118131],[1.89851112713809,45.93525524594902],[1.897798355779989,45.935657169320294],[1.898822286409174,45.93660644303923],[1.899915015778004,45.937150214302925],[1.900106714705387,45.9373754215205],[1.900165519304281,45.93805052756022],[1.900680494425746,45.938052829499604],[1.900562874043409,45.93670261792479],[1.901208194835805,45.9367052832843],[1.901595492051635,45.93657215499662],[1.902628504605533,45.93739359930427],[1.902423505697993,45.93764107184567],[1.901386725654124,45.93836768601751],[1.903709118933408,45.938289342550625],[1.904032289482387,45.938200613618406],[1.904092433616552,45.93887573011487],[1.903894141836966,45.93937002905305],[1.903892155630624,45.939729341051596],[1.904537116742824,45.939686954628904],[1.904602644916557,45.9395074730182],[1.905440310780767,45.93951107492131],[1.905567512011514,45.939735648768746],[1.905627676635386,45.94041076444866],[1.907427868280391,45.9409576983138],[1.910782128330498,45.94092518875746],[1.913362972727347,45.940575357676956],[1.914783829279622,45.940265683748436],[1.917881785576278,45.939872977026866],[1.918142182201821,45.93969354995886],[1.919252715575153,45.9377634169204],[1.919445429207745,45.93780938544782],[1.919955282687264,45.93866529780249],[1.920276664481817,45.93866656334047],[1.920406193336694,45.93857774137924],[1.92028078279364,45.93812715703117],[1.919773595244595,45.937135284457696],[1.920621776458925,45.93574388107245],[1.922043392638908,45.935254910069915],[1.920647854392921,45.932370568722085],[1.91975361440521,45.931242618129666],[1.919245209366088,45.93025073087597],[1.918994905814288,45.929260406718754],[1.918628883187613,45.92660470935844],[1.918639534208618,45.925075631066264],[1.91877224798254,45.924625710249316],[1.919163087772999,45.92404226836262],[1.920397156529255,45.922967955126886],[1.920590310608362,45.92292296812526],[1.921679805932437,45.92382672957598],[1.921936573557747,45.92382827594828],[1.9251166732749,45.92096047925818],[1.925894903962863,45.92042392266684],[1.930551269517841,45.91819138122696],[1.931651519764624,45.917745185488904],[1.931780981115387,45.917656350515436],[1.930500581140367,45.916481610070974],[1.931666703160879,45.91563077845151],[1.931795286904663,45.91558696397741],[1.93211647775777,45.9158574673034],[1.932373208546379,45.91585898999118],[1.932831967430358,45.91555532209684],[1.933137194617905,45.91571760289149],[1.933910472491686,45.915829359753424],[1.934659201522609,45.916877477775834],[1.93509807686364,45.91733549959632],[1.935395423700342,45.91750580513413],[1.935844363461484,45.91717591598167],[1.939270003102659,45.915838315663954],[1.941659883923069,45.915081703730834],[1.943912971996711,45.91499649312623],[1.943295387346319,45.913089615405916],[1.943496405203931,45.91067975779543],[1.943692948720646,45.91018537754295],[1.944082979510359,45.90982698881786],[1.946472947607201,45.90898112239476],[1.946602812669848,45.90880131678943],[1.946352977780395,45.90763094679492],[1.947716022058228,45.906375629894036],[1.948626230026386,45.90525477670089],[1.949668806184025,45.90354887334009],[1.949735428039177,45.903234291738016],[1.949093920871509,45.90278164872007],[1.946972516124778,45.90214502408327],[1.943114223723437,45.90114181787371],[1.941737798306701,45.89973575920506],[1.940419123490605,45.89895252065801],[1.934988932061803,45.89614305231427],[1.933883038629868,45.89537074543749],[1.931309169500716,45.894944793388106],[1.931086795811084,45.89444017069233],[1.933168558338029,45.893101763420496],[1.931837506422573,45.892638910122905],[1.930361420330476,45.89200806267458],[1.929631849177873,45.89198765019181],[1.928911149987204,45.892174449366195],[1.926262235731937,45.89110826101406],[1.925787363197916,45.890658866137834],[1.924389439878157,45.890721225111],[1.923067877481007,45.89063750022321],[1.922132674077664,45.88959202568613],[1.921976648621751,45.8891951851747],[1.919328399310939,45.88600347696427],[1.919930493924481,45.886075873029924],[1.920399994606502,45.88593896664897],[1.920408256952313,45.88584628615617],[1.920134173884657,45.885618524512175],[1.920134796200858,45.885191657138094],[1.920295065416012,45.884909506177856],[1.920542231287354,45.88473355216799],[1.920407405931314,45.88430899381984],[1.921046927551005,45.8833244647278],[1.916165914291776,45.88222320121312],[1.914685608470803,45.88418846915348],[1.914578971085935,45.88416853329174],[1.914355214731658,45.88400608207354],[1.914269522215426,45.883773810745765],[1.914021882684012,45.883711093589355],[1.913955307484657,45.883621296894226],[1.914017095930723,45.8834958095747],[1.914260965205427,45.88342250333871],[1.914294966263288,45.88313644621908],[1.914188260135789,45.8831201116182],[1.914061761763765,45.883257585564635],[1.91384836156225,45.88328975752552],[1.913839865940095,45.88287000675739],[1.91367626773626,45.8827306465157],[1.913381251190204,45.88265126225865],[1.913422654593494,45.88257871341118],[1.913680465956704,45.882582992130935],[1.913546284511529,45.882325038103694],[1.91338463419989,45.88234870068921],[1.913230482997502,45.88225355888256],[1.913047524339322,45.88237698027171],[1.912895905392072,45.88221882191083],[1.912495506720922,45.88218705311599],[1.912278884637154,45.88231735407103],[1.9122617025747,45.88214247666153],[1.912065674381084,45.881947866754196],[1.911848045107635,45.88193316415475],[1.911921997859173,45.88171413494218],[1.911529817130131,45.88152754237985],[1.911653044680738,45.88129457850335],[1.911453696762274,45.88113775980134],[1.911305810288249,45.88085625599648],[1.911200469761326,45.880836329364506],[1.911200790395115,45.88095070585264],[1.910899278612365,45.88107028017769],[1.910944329395824,45.88094373267784],[1.910818744467968,45.88070837252252],[1.910889365587285,45.88046229452777],[1.910805542096053,45.880397545910085],[1.910502557020028,45.88046126912091],[1.907895448423335,45.88039018397497],[1.907711652876383,45.876779790369135],[1.903735343880796,45.87379460403872],[1.902162888360898,45.87480780437033],[1.900528712865913,45.87619772595052],[1.900138521598901,45.876691050108015],[1.898066159065045,45.88116296071232],[1.897407307012877,45.8823209869415],[1.897926688571585,45.882657464669784],[1.898350954013503,45.882656196218164],[1.898468143208344,45.88292210862026],[1.898857536675402,45.883052883722975],[1.898949596612217,45.883221288205704],[1.898918471966924,45.883488457316844],[1.899123322254149,45.88369128154414],[1.89895776562618,45.883845469654666],[1.899144590613689,45.88398237595023],[1.899341066665239,45.88389423091733],[1.89939373265772,45.88409827468309],[1.899015594953545,45.88417834682514],[1.898738506382211,45.88442871108691],[1.898187242677541,45.884525105591806],[1.898143064995624,45.88473541078407],[1.897853204235111,45.88478571967983],[1.89800616635196,45.88493940876055],[1.897885111007649,45.8849958658855],[1.897932225986959,45.88515482725996],[1.897810396196281,45.88525000170722],[1.897460493706692,45.88527180629141],[1.897218113775342,45.88520460059898],[1.896847667737113,45.885415324763194],[1.896561764193267,45.88513875834469],[1.896431441176455,45.88540045580212],[1.89630904814574,45.885394758162505],[1.896285533069088,45.885281055477314],[1.895944249486951,45.88538759407757],[1.895901422111911,45.88507917733866],[1.895717675958542,45.885110704258814],[1.895728459156485,45.885216177495735],[1.895259057251792,45.88528093648292],[1.894991051545288,45.88559171943614],[1.894758915417484,45.88552821089751],[1.894657050564703,45.88559205685603],[1.894438248625921,45.88557100530965],[1.894595032628243,45.88585532064616],[1.894483651572322,45.88607217213041],[1.893972434077522,45.88609959316894],[1.893528868138197,45.886033113005425],[1.893214451342201,45.886149812782904],[1.893072379650866,45.88641769560677],[1.892856237427488,45.88652094723492],[1.892881589135327,45.88673553374959],[1.892591188644335,45.88681194087042],[1.892693912013045,45.88696244340656],[1.892383428502308,45.88707557714129],[1.89238007726122,45.88717821054825],[1.89215184164933,45.88711293374066],[1.892120405640136,45.88732966574894],[1.890515443084767,45.88717253647962],[1.890429456164825,45.88715187987104],[1.890392195121168,45.8872091514015],[1.890212759793197,45.88721819724911],[1.890114620090648,45.887096555996855],[1.889695040446537,45.887055512565965],[1.888857277990553,45.88677620737429],[1.888600286138931,45.88692227741239],[1.888376651179154,45.886948897484636],[1.887974144214485,45.88721241212647],[1.887780434963703,45.8872258166359],[1.887627746541172,45.88757103850543],[1.887521656457163,45.88765194764039],[1.887375016126771,45.88763339364355],[1.887128129399462,45.8879173488836],[1.886848413778108,45.887847051710224],[1.886219527916874,45.88814435454757],[1.884467840666593,45.886888784803666],[1.883833613294253,45.88719502750753],[1.882988319114694,45.88697053973966],[1.882803471470772,45.88737397552693],[1.882153331792809,45.88827353571133],[1.881910893321808,45.88712829905553],[1.881899204580276,45.88624201007965],[1.881432937623621,45.88615094209615],[1.881615742197207,45.885721371388996],[1.879744101488334,45.885301181686],[1.879333268752727,45.88508457255878],[1.878618412850897,45.88428226949159],[1.878282789356355,45.883221655300886],[1.877922482791765,45.88286775290479],[1.876716399350418,45.8821281044763],[1.876768115670324,45.88148830346854],[1.876503084588056,45.880699460521576],[1.876239525827334,45.8802816719377],[1.87599870787314,45.880013605681505],[1.875378001887283,45.87984802919753],[1.874737579523847,45.879764206139036],[1.874519916547846,45.879815173785786],[1.873815953134133,45.880127870378395],[1.873314571989425,45.880685739535494],[1.872923438771519,45.882094857144054],[1.872956385135132,45.88306961759317]]]]}},{"type":"Feature","properties":{"fid":603,"ID":"COMMUNE_0000000009751068","NOM":"Thauron","NOM_M":"THAURON","INSEE_COM":"23253","STATUT":"Commune simple","POPULATION":170,"INSEE_CAN":"01","INSEE_ARR":"2","INSEE_DEP":"23","INSEE_REG":"75","SIREN_EPCI":"200067189"},"geometry":{"type":"MultiPolygon","coordinates":[[[[1.769613769121666,45.987901133277475],[1.769127821653967,45.98871720247016],[1.768920499996341,45.989437232072525],[1.767700064921596,45.99027953329323],[1.767210363084897,45.99039578605663],[1.766038849728425,45.99043706620093],[1.764813010718239,45.990135512890355],[1.763982517228377,45.99012285129755],[1.760857094786441,45.99104064166075],[1.7602002728437,45.99151978043136],[1.759064427418559,45.99192612359963],[1.758754667050995,45.99236942917766],[1.757686453676185,45.993270030781225],[1.756912615437068,45.994064880307036],[1.756756714479132,45.99438828745161],[1.75677219807958,45.995075618196],[1.757177651485471,45.996175201433864],[1.757991904990303,45.99725494926929],[1.758490299315507,45.997616150657805],[1.759201114598857,45.997840983588496],[1.760086557742538,45.997771424887304],[1.7608576111682,45.997846505873895],[1.762698450875469,45.997469460005455],[1.763806501856456,45.99807415296696],[1.764455504581095,45.998002880498596],[1.764925498712086,45.9978467974985],[1.765208025104193,45.997637335084086],[1.765751515649046,45.99696960705746],[1.766075215063142,45.99624904904619],[1.766614382689202,45.99571545976568],[1.766999917200133,45.995579162692565],[1.767676015102178,45.99550816704304],[1.768325109793332,45.995604385738226],[1.769102091400349,45.99593344496913],[1.770294674978992,45.99593739069932],[1.77057155437994,45.99644203089657],[1.771106603608336,45.99661174566695],[1.772552067011547,45.996807536581215],[1.77378318531985,45.99682267010491],[1.775632121376938,45.99706331503807],[1.776427236060078,45.99762577480613],[1.777823521016069,45.99805962584963],[1.778588146048958,45.998600126719346],[1.778828042268895,45.998970157627035],[1.779020333122911,45.99956392432264],[1.77905385092186,46.0007323636158],[1.778881365402325,46.00105111822927],[1.77794700524482,46.00210014936895],[1.777363278377144,46.0023730377154],[1.776962551471962,46.002668612514974],[1.776769275325898,46.00299164266769],[1.77656844005417,46.003712656212336],[1.775825626890322,46.004571010419],[1.775545994834789,46.005637902115836],[1.775500714302135,46.00674335008811],[1.77560790572211,46.007501913365196],[1.775998181301726,46.00872374152935],[1.775994927085059,46.00927667494789],[1.775794158059749,46.01057407228409],[1.775209613195077,46.01053083100215],[1.775013135141326,46.010763763866144],[1.774928605535514,46.01107715958536],[1.775553823433344,46.0114999944891],[1.775871379491682,46.01204108373815],[1.775999911990335,46.01213163156883],[1.776650458720271,46.01217197873583],[1.776769930889489,46.012495683282516],[1.7770294208834,46.01245165286337],[1.777549504724943,46.01213935277901],[1.778516511245738,46.01218940686212],[1.779675574129512,46.01255492973256],[1.78051055036842,46.01296378456719],[1.781736749974933,46.0147349431932],[1.784570237435023,46.01402867883965],[1.785138959101561,46.014965996094176],[1.784583400119534,46.01548058503693],[1.784856116218181,46.015832941842156],[1.784286131130671,46.01635638074223],[1.784284438683879,46.01649145238655],[1.783833054771342,46.01644428114641],[1.783059512627153,46.01611806587314],[1.781845274599137,46.01678046979005],[1.782010070619163,46.017919697645674],[1.782322635251773,46.0188659835438],[1.782515113816679,46.0190472706138],[1.786440999083144,46.02028086812248],[1.787734281171683,46.02019744421269],[1.787848638637496,46.02163692226982],[1.787262494670632,46.0221295832512],[1.787060100802965,46.02298298558278],[1.787053976684835,46.023612438065435],[1.788782218651499,46.025150228198335],[1.789427278504493,46.02515351712925],[1.790400547798225,46.02475323542066],[1.792347784843858,46.02368337628642],[1.793639163160889,46.02368992365396],[1.795729694818127,46.023923795117916],[1.79542041580633,46.0250588626291],[1.795333199113875,46.026148558093574],[1.79480301782263,46.02609428982957],[1.794481206255622,46.026914913564774],[1.794550157444138,46.0271903288422],[1.796379385549037,46.02743671778934],[1.796274596777078,46.03157474548144],[1.796079008281142,46.03170865844685],[1.79613965718516,46.032068640443974],[1.796901367785746,46.033422217648976],[1.797355547655425,46.03328924568831],[1.800210656612185,46.03186323621121],[1.802479160551792,46.03106497984021],[1.804097564843235,46.03066779158358],[1.805005527642586,46.03035675511352],[1.804945172061807,46.029861692315144],[1.805714020838794,46.0301210612319],[1.805888518484428,46.03030211787768],[1.806053014958721,46.03016966199833],[1.806378510457228,46.030125358373496],[1.807209950107154,46.02982430579807],[1.807997177469823,46.028043105937805],[1.809082151279787,46.027017926482394],[1.809469322403283,46.026273600008366],[1.809920458254951,46.02633687614263],[1.81079171222874,46.025865103259406],[1.812475737672814,46.02517309134929],[1.813824620160856,46.024792755674774],[1.81485337675805,46.02426856476595],[1.814985452161195,46.023898901308044],[1.814911404890006,46.02379545948878],[1.81518023136879,46.02361905192147],[1.815401448107048,46.02307200237777],[1.815659690352256,46.02278651133729],[1.816748828835651,46.02227734420179],[1.816714618602078,46.021704209947224],[1.816586942887533,46.02138947055939],[1.816893167362307,46.02085591419426],[1.81763696615623,46.02083395658817],[1.819714779880204,46.020454850236305],[1.821261608841664,46.01945598097817],[1.821846418972694,46.019372002609124],[1.822268746713567,46.01908820264024],[1.822966482107312,46.01934491513762],[1.823041638301462,46.01945736904592],[1.823967295202097,46.019332789900545],[1.825279345787563,46.01927434974032],[1.825760081191611,46.019463052262395],[1.826475141062742,46.01993876612281],[1.826639881049234,46.019972893082354],[1.827026479558417,46.01984811033219],[1.82731841579195,46.019494497277826],[1.827897961962011,46.019171776672735],[1.828175536270735,46.01912781628499],[1.828720950916974,46.01925413353075],[1.828969440102094,46.01924049070006],[1.829022987818403,46.01909334706657],[1.829325299762311,46.018980293971126],[1.829339137163079,46.0187552891915],[1.829132256407532,46.01875765500166],[1.82905504881766,46.01868030709941],[1.829568739077409,46.018474875094476],[1.829933934933658,46.018140023915876],[1.829781638727918,46.0175818863544],[1.829700200996631,46.01746036625235],[1.829501377193219,46.017388066844674],[1.829498344772972,46.017226829762016],[1.829748501228637,46.017073610962704],[1.829715515126104,46.016801291910184],[1.830001385540263,46.016731295723346],[1.82994427424532,46.01649925426098],[1.830272168154553,46.016519750347946],[1.830560993394548,46.016249852135495],[1.830463291007352,46.015981368450056],[1.830519415682492,46.01571267101974],[1.830281922835366,46.01551389116315],[1.83029450131466,46.01504391261492],[1.829964215182341,46.01471088678499],[1.830266893614721,46.014275423717244],[1.830196554289139,46.01417923502357],[1.829699279870576,46.01397957308557],[1.830048803620876,46.01365086410361],[1.830019139601889,46.01340469654414],[1.830249060235693,46.01335123347562],[1.829850053374277,46.01321112484483],[1.829960147138302,46.01295739439782],[1.829899392128982,46.012836087907175],[1.830023373711093,46.01271939061753],[1.829730882674373,46.012615504233274],[1.829979964945879,46.01239022676653],[1.830316267477442,46.01231804894425],[1.830331037179433,46.01204892474038],[1.830113327075208,46.01195391648766],[1.830201133046301,46.01177560537035],[1.830361112544554,46.01172862483889],[1.830583158256916,46.01180206318437],[1.830704025783187,46.01177088917299],[1.830920598443609,46.01198025957592],[1.831134001912679,46.01203469525922],[1.832686895983065,46.01212995440866],[1.838811696913313,46.01301151679718],[1.839425507766353,46.013018705371856],[1.839203151858706,46.01155026848027],[1.839290140933335,46.0103677851465],[1.83915352594414,46.01004307410977],[1.839291543844841,46.0099337154481],[1.839944691607548,46.00979000549803],[1.840441354567011,46.009895954975164],[1.840730242443,46.010048408613116],[1.842374050210247,46.011410693372035],[1.844378011144955,46.01224527956817],[1.845809025677634,46.01038844150622],[1.846073201986662,46.00962473141803],[1.846914413344666,46.00944867414673],[1.846983289169498,46.008999080964955],[1.847693733800945,46.00895677553225],[1.847760716943345,46.008597221493936],[1.846858319444697,46.00854841579576],[1.846668724907618,46.00809799328977],[1.846671454563634,46.0077828152162],[1.847833825120578,46.00769827750893],[1.847840213773729,46.00702290148525],[1.847973928884706,46.0064388788827],[1.848943132867154,46.00644332533493],[1.849075893135511,46.005904321248345],[1.848374590662951,46.00495608113789],[1.847735192195913,46.004323671810646],[1.845989843822416,46.004540962190354],[1.845856361134071,46.00498989675628],[1.84469308054595,46.00512033436898],[1.844429505660236,46.00579398856323],[1.844106787895783,46.00583752742947],[1.841595220879326,46.00506168719232],[1.840373198605364,46.00460609697123],[1.840895248527235,46.003934195699884],[1.842510188047439,46.003895769390674],[1.84309287415411,46.00371890104195],[1.843484477480901,46.00322577395297],[1.843551481150683,46.00286622236085],[1.843051548581298,46.00273413544845],[1.84284575682925,46.00250328426464],[1.842459659973593,46.00236605314237],[1.841169361796533,46.0022709096306],[1.840818193716697,46.0026842901317],[1.839033975793778,46.00284613947808],[1.838712753996066,46.00257447182378],[1.838519862085309,46.00252926627268],[1.837590451655656,46.002785408672736],[1.837008231078258,46.00245071853759],[1.835707400187018,46.00193753082594],[1.834645065532792,46.00163571825539],[1.835052199906289,46.00053398041428],[1.835054995719285,46.00021880257619],[1.834668915253546,46.00008244529567],[1.834343423396182,46.00044113418966],[1.833879664353362,46.001653059448024],[1.83368711740237,46.00165287866815],[1.833687733887583,46.001562825969],[1.833300094795979,46.001560636032664],[1.833304115822084,46.00106625324228],[1.833112207440798,46.00097511839342],[1.832921796659534,46.000569692521005],[1.832988585674238,46.0003452328603],[1.833703284444092,45.9998536653432],[1.833770347914387,45.99949411951454],[1.833454839759733,45.998772200015665],[1.832623094403586,45.99795940513673],[1.832626522174344,45.99755417464358],[1.833154155566277,45.997168754017196],[1.832943569630999,45.99546086610754],[1.832751473974927,45.995013995168094],[1.832412935557904,45.99483128888424],[1.830873417797602,45.99455514015884],[1.829542354353196,45.99395601088771],[1.828739231381195,45.99399003774961],[1.828134118395307,45.99382707672886],[1.827886918814499,45.9936642139478],[1.827043434211113,45.99243968450246],[1.827005890982255,45.99123070163576],[1.826494503045623,45.990733681822235],[1.826187308755145,45.98902297668222],[1.825906365011869,45.98868684593449],[1.825849655599833,45.98831701539323],[1.825289137622855,45.98800500240236],[1.824891372561942,45.98793693446033],[1.824709205474608,45.987573906959454],[1.822973586325761,45.987658552156745],[1.822796664157431,45.985903259892986],[1.822542128867505,45.98554217828412],[1.820361747100075,45.98395786256066],[1.820298751548515,45.98382301807534],[1.817459504352237,45.98380962011637],[1.815718884315175,45.98371128028912],[1.815075260223786,45.98348390305271],[1.81385685282154,45.98271284929487],[1.812945523376488,45.98351833916494],[1.812296733215058,45.98383034787274],[1.811975090521893,45.983828775710165],[1.810702847091027,45.98184402194036],[1.809677628623082,45.981164109600854],[1.809618258525622,45.98062402928299],[1.809965278181732,45.97801685182432],[1.809979294861565,45.97653191823664],[1.809789775092405,45.97621651952731],[1.809214768745914,45.97562869036282],[1.809020723569662,45.97558252060791],[1.806048574692459,45.97319976864142],[1.796530353847427,45.972914389002426],[1.793879928875027,45.97315096550266],[1.79426065141358,45.97351886142672],[1.794564184280725,45.97404984311013],[1.793455021681539,45.974210044866844],[1.793014802471435,45.97443500604154],[1.792447640479618,45.97520617547505],[1.792371507788418,45.975968170034626],[1.79204154177508,45.97640684440948],[1.790590220264379,45.977381111612715],[1.787988873249259,45.97854569350486],[1.786687097719198,45.97882444885967],[1.786345262920303,45.97903692980667],[1.78577356410473,45.97924604488042],[1.785184734228245,45.97935320565552],[1.784583922461579,45.97935936769176],[1.783024640542259,45.98082500940529],[1.782600458194022,45.98148869540644],[1.78244644447428,45.98196886055295],[1.782574749313157,45.98265109306263],[1.782460472801614,45.98273632218601],[1.782413148222889,45.98300689389741],[1.781565159059824,45.983497607238085],[1.779940024575556,45.984777877099866],[1.778253460949986,45.98567920973138],[1.777437594137624,45.98652327483706],[1.775761399371093,45.98747691811564],[1.775640333285916,45.987634115245314],[1.775739440048571,45.98794139071693],[1.775278844558848,45.98797063427221],[1.77333466441803,45.98877094425026],[1.773011990356595,45.98881428063518],[1.77088875923028,45.98808338826198],[1.769613769121666,45.987901133277475]]]]}},{"type":"Feature","properties":{"fid":727,"ID":"COMMUNE_0000000009751066","NOM":"Saint-Hilaire-le-Château","NOM_M":"SAINT-HILAIRE-LE-CHATEAU","INSEE_COM":"23202","STATUT":"Commune simple","POPULATION":225,"INSEE_CAN":"01","INSEE_ARR":"2","INSEE_DEP":"23","INSEE_REG":"75","SIREN_EPCI":"200067189"},"geometry":{"type":"MultiPolygon","coordinates":[[[[1.923341375349302,45.96202699589275],[1.922283019873022,45.96312103320482],[1.921959044403366,45.96350879912363],[1.921792072127775,45.96392417613528],[1.921567372165119,45.964121964108756],[1.919990988039747,45.96462837213989],[1.918187983888777,45.96509927209428],[1.91805210974762,45.96524476786652],[1.918205121101986,45.96560736136413],[1.918089957750182,45.96575035333827],[1.916911878864364,45.96602817551791],[1.915710802956235,45.96648948315226],[1.914595921136067,45.96663910405809],[1.912241200657922,45.96718297056017],[1.911871658581709,45.96738835396424],[1.911590899081669,45.96780622552263],[1.911348674674286,45.967973205599776],[1.91033613002855,45.96836602443209],[1.909767753056556,45.96915486347907],[1.909186462138181,45.96974724929429],[1.909123317071437,45.969935762477576],[1.908889860262819,45.97096287448396],[1.909384299163095,45.97306058215844],[1.909042516776652,45.97388312045647],[1.908661213246436,45.97435315071803],[1.908376418785915,45.974450369971144],[1.907659866412353,45.974500196823634],[1.907468566085284,45.97431193156818],[1.907428496287224,45.97405307886354],[1.907099593973979,45.973574399459046],[1.906865455629882,45.97346226889504],[1.906624078460732,45.973454535100565],[1.906338422977424,45.97353012701052],[1.905309821093873,45.97413888612227],[1.90447837978306,45.97450998953972],[1.903732174595048,45.97449196126108],[1.902683538913707,45.9741593974015],[1.902169087841193,45.97411388510931],[1.899671661899756,45.97511900905819],[1.898574608856028,45.9748183574613],[1.89765705879674,45.97445550140193],[1.897201724045074,45.97442495126265],[1.896830749790573,45.97463207379588],[1.896557192525135,45.97519857545841],[1.895475864689233,45.9757887212147],[1.895093214427121,45.97612630853199],[1.893948626193705,45.975877381973355],[1.893891244665531,45.97558323213789],[1.893657665659403,45.97525133779764],[1.89247587810931,45.974220328228064],[1.892276908583236,45.97390227809611],[1.89191027814044,45.97402117018571],[1.891239586540437,45.97435862743844],[1.891171800846136,45.974710091043974],[1.89050392699561,45.97529162923486],[1.889579528695409,45.97674331216161],[1.888779086016004,45.97736316623025],[1.888996974084495,45.97815151181093],[1.889444180848536,45.978650317414385],[1.889616672516662,45.980345102122136],[1.889182901166531,45.98020396004979],[1.888859986102576,45.980202593545215],[1.88878796710937,45.981146597139464],[1.88755678306436,45.98172709356907],[1.887390106031409,45.98300698434262],[1.886882218843272,45.98327216856181],[1.885982293070619,45.983248010669584],[1.885833774094025,45.98337353183652],[1.885749402148524,45.98384010395725],[1.885595566089109,45.98403671851433],[1.884325107084454,45.98476539041415],[1.884209343047277,45.985441487996546],[1.884053840260554,45.985656095782254],[1.883853863711918,45.98577030047117],[1.883664174624741,45.98575942524638],[1.883021135801907,45.98555225577362],[1.882809233911579,45.98555376820774],[1.882346137745678,45.98571040380934],[1.881600238042517,45.98573366095605],[1.881321015910006,45.98580565190751],[1.880646469044078,45.986068261970395],[1.880051210664084,45.986497359366254],[1.877945172065823,45.98745815180251],[1.876887857667645,45.987672818878075],[1.875743165437356,45.987674071177544],[1.875265605558876,45.98758827760325],[1.874916432544555,45.98735245923323],[1.874847883842039,45.987040176310224],[1.874550964997862,45.987029121213126],[1.874053846439306,45.98726823893721],[1.873701239502271,45.98795818301306],[1.873479294356909,45.988134291533115],[1.87296957175965,45.9881049052095],[1.872664951271556,45.98796498504957],[1.872007129485643,45.98702993364],[1.871794871497897,45.986922451274644],[1.871326918245371,45.986935800943456],[1.871046491164367,45.987254514902304],[1.870958721016541,45.98869907815911],[1.870835983189931,45.98901395985214],[1.870514318353868,45.989326858022395],[1.869922756705684,45.989507378810124],[1.869584897088568,45.98947608950008],[1.86896135824147,45.98920059028641],[1.868059504454216,45.98832341768942],[1.866662484059746,45.987464699405955],[1.866255602242393,45.986959001532554],[1.866166633898567,45.986699642999724],[1.865852398781239,45.98646324538946],[1.865697585581716,45.98645268927537],[1.865590018142213,45.986531764096505],[1.865526901020599,45.9870867931235],[1.86527132031399,45.98720130908899],[1.864894069199387,45.987264172461956],[1.864605774181367,45.98721085019081],[1.863756653524748,45.98678806606388],[1.863527034898115,45.98677135303784],[1.863360828097873,45.98681201280312],[1.863168681152253,45.987170318755126],[1.86293570467796,45.987253535868106],[1.861800143957839,45.987313276943],[1.860848160746461,45.98730460734255],[1.859393627621122,45.98791857891652],[1.858687666144937,45.988132111496654],[1.85792366005819,45.98865215453497],[1.857359481947737,45.9891922202488],[1.856764075845148,45.98924475063292],[1.855914667094728,45.98914791701126],[1.855671636730314,45.989962294451786],[1.854962380051345,45.989959630029816],[1.854305133178359,45.99130656682928],[1.855981829582729,45.991448694329435],[1.856425069920509,45.992440213031635],[1.856089906072045,45.993832738608894],[1.855243603021548,45.99463922076523],[1.855241504251048,45.99486434629887],[1.857215670854433,45.99462490951487],[1.858317439730554,45.995267329718395],[1.858945758755697,45.99506382354484],[1.859112509308476,45.99518528099386],[1.859889429528266,45.99479414299105],[1.860459323160565,45.996101223986734],[1.861101418756702,45.996418383118616],[1.86116431743716,45.996688290637024],[1.860131030246918,45.99672923211939],[1.859559415662553,45.995692308022],[1.859429276770336,45.99573692774599],[1.858907172536482,45.99636388156709],[1.85877415464136,45.99685876473836],[1.858963234456585,45.9973992199239],[1.85947856641025,45.99753589470842],[1.860447254885213,45.997495209840615],[1.860767262394895,45.99776680290303],[1.86102568377432,45.99776760009549],[1.861676625779431,45.99709600138999],[1.86219608385533,45.99678331292686],[1.863036135783942,45.99665125548112],[1.863809869080501,45.996789602982744],[1.864129889081639,45.997061186550674],[1.864372215105424,45.99890621369108],[1.865340924081246,45.99886548698375],[1.865403482653665,45.999090359232504],[1.866178382775698,45.99904858481542],[1.866312446957617,45.99837448762367],[1.867474953972522,45.99833478133342],[1.867666733260648,45.99856004335474],[1.868441064616339,45.99860830634285],[1.86907375712112,46.000141114841036],[1.86938662011557,46.001266365796084],[1.868739984697072,46.00135357186766],[1.868929718140153,46.00180485789005],[1.866663385179264,46.002604444247034],[1.866276083354237,46.00264830042374],[1.866022113148127,46.00224229670701],[1.863887192745712,46.002682909140944],[1.86342590683434,46.00380581569583],[1.864256114635805,46.004844410348014],[1.864893465763563,46.005836037449264],[1.86411114686576,46.00673328571355],[1.862495588426001,46.00686117232446],[1.862621251587969,46.00722176741582],[1.863396268337951,46.00718001203365],[1.863520821279507,46.00771981141312],[1.865378808702468,46.00943693479093],[1.865371141866051,46.010247384555086],[1.866529249785132,46.010747091727985],[1.867559258653511,46.011066290420175],[1.868076226547967,46.01106785323118],[1.868017177260954,46.01048278397932],[1.869183488961955,46.01033322433637],[1.870218027224071,46.010683964437334],[1.872821884981058,46.010898117307164],[1.872402878888684,46.01229705827853],[1.874952673309216,46.012820424063136],[1.87523014462202,46.013157294872684],[1.876204432524695,46.013614550768],[1.875335849098415,46.014625394229746],[1.874723090087129,46.01507140427557],[1.874158105733525,46.01564576858345],[1.873925766863901,46.01581907397251],[1.873372407045021,46.01601440432206],[1.872476984364033,46.017384292800166],[1.873697369996943,46.01819884771957],[1.873693321678742,46.01864909923687],[1.87388372472183,46.01900942352105],[1.873752259668447,46.019369251146045],[1.873298768340935,46.019546661607684],[1.873040244476287,46.019545892409184],[1.872395982821689,46.01931794070323],[1.872576975184251,46.02089396152238],[1.871666427812981,46.02160987016741],[1.87101531769238,46.02228152590554],[1.871014762083466,46.02237157875598],[1.874178803286553,46.022340010669105],[1.874568258183952,46.02207100174614],[1.876442223690974,46.02203375796302],[1.876571646619144,46.02189995343384],[1.876446951897099,46.02135926818303],[1.877095820610215,46.02104689236216],[1.877740292633245,46.02113973161563],[1.878645134279925,46.02114328411012],[1.87923043058269,46.02065105129111],[1.879813194377033,46.02047309379682],[1.881567563759083,46.01913054072035],[1.884152641924546,46.01882640896747],[1.884472890540628,46.019097934938486],[1.886670569799892,46.01883676238999],[1.886416904705728,46.01834075161049],[1.887451106864472,46.018209517474936],[1.888809093173115,46.017855403177755],[1.893891250068754,46.017433214455856],[1.893718796214932,46.017588232148185],[1.893804082921238,46.01765390642023],[1.894015920044127,46.01759743618824],[1.894132640937449,46.017642703621306],[1.894091508685472,46.01769543648624],[1.894183533215892,46.017940391676746],[1.894570413795045,46.01792165142829],[1.894747995238538,46.01802604953472],[1.895648538904487,46.01811227822189],[1.89650640765667,46.01626634043674],[1.897364087915389,46.013975508393116],[1.898028230808851,46.01172871811127],[1.897253811599421,46.01154557156506],[1.897258056436612,46.01114035193857],[1.89951574082667,46.01128477865393],[1.899904877374289,46.01115076840654],[1.899841655770786,46.01101596829416],[1.898872877220391,46.01092190417874],[1.898359635799484,46.010605315187064],[1.898555410583073,46.01038117279749],[1.899398893096606,46.00988954672418],[1.900107508684888,46.00993695316249],[1.900044795948656,46.00971210014623],[1.899533085478004,46.00912535741771],[1.900053341990853,46.008767475258615],[1.900571285367354,46.008589684207124],[1.903215596396334,46.00891430223769],[1.904243884844324,46.009458293800016],[1.908151918243281,46.008759344233994],[1.910189382592429,46.00866458483078],[1.910189144457153,46.00848086465684],[1.910386432712043,46.008177466063344],[1.910841510980006,46.00790896613479],[1.912005652240348,46.00759864375684],[1.912073993866822,46.00714901114835],[1.913432034697318,46.00670454868408],[1.913503599326996,46.00589471527955],[1.915185065992769,46.00549656077208],[1.914988427140221,46.005899937674144],[1.916927935763727,46.00545739809418],[1.917434409015831,46.00342783523061],[1.918138193117295,46.004046049040355],[1.918262955189016,46.005522384819905],[1.918687445178854,46.0061496356142],[1.91913988304456,46.00726256204323],[1.919622488195273,46.0077615809994],[1.919750412898071,46.0077628006366],[1.920462143197813,46.007584965517644],[1.921172021738538,46.007633152957425],[1.921691241039803,46.007320191863904],[1.925380418297222,46.0060286917531],[1.926870237654312,46.00531424607609],[1.927196015208258,46.00491117161319],[1.927459419042104,46.004326490220926],[1.927848468337403,46.00405819859107],[1.928624313054257,46.003835890815985],[1.928757117611608,46.003386858985465],[1.929403681620618,46.00329931042347],[1.929398312006951,46.00397379032728],[1.929596488889566,46.0045484283634],[1.929716859962257,46.004605401101],[1.931847355000754,46.004567869023944],[1.93140174496374,46.003756752402204],[1.932431580359917,46.00403032873927],[1.932373637933898,46.00322016630902],[1.931922236728709,46.003173584931524],[1.931860313382387,46.002768643185206],[1.932055468293989,46.00263449606761],[1.932060404417868,46.001914082939436],[1.931292648405912,46.00105670109726],[1.930007190999299,46.00024215617583],[1.927692485910534,45.99906483383902],[1.927242512842707,45.998748074360385],[1.927373066971408,45.99861332360864],[1.927760736559464,45.998480105860914],[1.92833814160189,45.99902141140206],[1.928790364584813,45.99902388700107],[1.92866253361968,45.998753406294846],[1.927893090490513,45.998120227741055],[1.927958149883277,45.99803078586829],[1.928410382242591,45.99803236257467],[1.928732065520891,45.99816868994554],[1.92905467117652,45.998124910086545],[1.929842948364656,45.996328507206826],[1.930042171993075,45.995518970904364],[1.929139084800148,45.9953807550747],[1.928948817452415,45.99506555621295],[1.928172267616958,45.99519780086469],[1.927666262428923,45.99384575151194],[1.927346393299393,45.993485194734006],[1.926896003960628,45.993258487006976],[1.926640701381772,45.99303272552844],[1.926778550609046,45.99172819705034],[1.926459164181889,45.99127758459521],[1.926786685209598,45.99064848402046],[1.927118236343641,45.98948087656713],[1.927707291708793,45.98835803327847],[1.928424586789288,45.98741561490745],[1.928425048120086,45.98732556173569],[1.926685959479453,45.98686961497888],[1.926686423650127,45.986779561813485],[1.925523253988196,45.98700088237207],[1.923909298069489,45.98708462410909],[1.915107930090507,45.99033550438073],[1.912524343512337,45.99064124273354],[1.912012677314896,45.990054556154625],[1.910291936555436,45.98730386028969],[1.91055787064247,45.98626985294277],[1.90920611282448,45.98576963028271],[1.91012265677621,45.98410878116249],[1.910255564660149,45.98365977087927],[1.909228191424399,45.9830257805265],[1.909035896922502,45.98275555606208],[1.910133955384692,45.982624736897066],[1.910669499598834,45.98010736946926],[1.910798669173945,45.98010771122816],[1.911635417485094,45.9805156120639],[1.911830141233904,45.980336466976276],[1.911832008033186,45.98011134040297],[1.910811692383459,45.97958009764807],[1.912162159401672,45.979485008059136],[1.912806492909498,45.979170589559345],[1.913707899401959,45.97944400909842],[1.914095385756806,45.97944592394505],[1.914095467062255,45.979310838070624],[1.913454255108728,45.9788129726241],[1.913906796419147,45.97872545450945],[1.914939705452293,45.978684022577546],[1.915780223464613,45.97850745407399],[1.917075685206421,45.977792182477046],[1.918693056399086,45.97725828471083],[1.919532181194831,45.97721676191039],[1.92069516821949,45.97699550284378],[1.921407425508933,45.97663845579939],[1.922891447388617,45.97664447504187],[1.924631116498702,45.9769203737817],[1.928454537070222,45.977316845487394],[1.933334067074903,45.977941979365895],[1.93539850437198,45.97799382548105],[1.937202828192252,45.978405223992254],[1.938428585239498,45.978409515794304],[1.938986950320925,45.97832469092539],[1.939025363323123,45.97800714823219],[1.93947751543074,45.977534979743815],[1.939511691200151,45.97683375280445],[1.939917407151731,45.976357545532125],[1.939878133533432,45.97504324081012],[1.939437591983769,45.97431055166207],[1.938265144483479,45.97422571809491],[1.938009037706467,45.97390991684381],[1.937882956880242,45.97354940532711],[1.939692855526092,45.97306114445458],[1.939693298305951,45.972971091221254],[1.939372602439072,45.972789774355434],[1.938663584339318,45.97265254809047],[1.938533115427311,45.972921497386054],[1.938338509251436,45.97296650290353],[1.936284857058861,45.97156394845877],[1.935965060939349,45.97120341590869],[1.936290139151362,45.970889467903056],[1.936420614204473,45.970620521186035],[1.935842995889064,45.97016840943115],[1.935653676010751,45.96967311528077],[1.934944274213002,45.96962501853518],[1.934882786696615,45.96926511092384],[1.934657784351615,45.96901263448147],[1.93321191692625,45.9683145849215],[1.93276390871107,45.967907806189835],[1.932894393922212,45.96763886352826],[1.93289928077701,45.96705353590732],[1.932383633821092,45.96687216238767],[1.932258515712651,45.96633153816489],[1.932327095512129,45.96579183987178],[1.932137367231286,45.96538659303416],[1.932592476020599,45.96489286648095],[1.932527936350421,45.964758072348104],[1.931949918634591,45.96453107982906],[1.931625726750418,45.96479999488087],[1.931238342856073,45.96479814000913],[1.92918382323594,45.963531430813816],[1.929701706089848,45.96326345331236],[1.929702165129792,45.96317340011068],[1.927898811000618,45.96280691475946],[1.92654879592022,45.962172725669255],[1.923341375349302,45.96202699589275]]]]}},{"type":"Feature","properties":{"fid":807,"ID":"COMMUNE_0000000009750563","NOM":"Moutier-d'Ahun","NOM_M":"MOUTIER-D'AHUN","INSEE_COM":"23138","STATUT":"Commune simple","POPULATION":161,"INSEE_CAN":"01","INSEE_ARR":"2","INSEE_DEP":"23","INSEE_REG":"75","SIREN_EPCI":"200067189"},"geometry":{"type":"MultiPolygon","coordinates":[[[[2.083300396373713,46.08593904918203],[2.082655432223298,46.08557811957274],[2.081946948698057,46.08499153466751],[2.081781360372159,46.084445361664564],[2.080546057985382,46.084793778073454],[2.07994853733587,46.08399735054861],[2.080144899755451,46.0833226287473],[2.081178682711093,46.08341475576605],[2.082540873167948,46.082518022836084],[2.082735400737284,46.08233858485943],[2.082414209316402,46.08188841419037],[2.083658364263298,46.08038374251493],[2.084297715632641,46.0799134134765],[2.08579167539344,46.07847737563004],[2.085792832840778,46.07825224734558],[2.085375440804333,46.07775087896704],[2.083981392323902,46.07847268074888],[2.083141614702708,46.07916742672208],[2.082686151060418,46.07900975109066],[2.082751805680726,46.07887519925737],[2.084243863552477,46.07770933145635],[2.08456831169528,46.07757506602508],[2.084762830144038,46.07739472410521],[2.083923866921056,46.07703313626158],[2.083404705845696,46.077436892748935],[2.083145073448781,46.07779681637171],[2.082886288549839,46.07779562538533],[2.082113196087435,46.0772094188034],[2.081854609586896,46.07711907249653],[2.080365074442203,46.077745499482134],[2.080180740409341,46.077934922065374],[2.080683868117431,46.07864593249401],[2.080360499993874,46.07886935025688],[2.079777442400229,46.07891325261433],[2.078940213537996,46.07837153166348],[2.078490431160934,46.077876178370204],[2.077779073998159,46.07800908341543],[2.077584660438268,46.07787332082179],[2.077264075142226,46.07746816744273],[2.077138036231299,46.07688268429994],[2.076687744936822,46.07634229187246],[2.076429171436843,46.0762519331976],[2.076106005036588,46.076386185897505],[2.075847667924557,46.07620487208028],[2.076107862322643,46.075890897524914],[2.075400109859508,46.07534930346684],[2.075075874216255,46.07539348930331],[2.074168581893126,46.07602097820572],[2.07390903164009,46.07606568858623],[2.073459313486826,46.07557031530204],[2.072879014827429,46.075299011212905],[2.072361987607923,46.075342514230194],[2.07190768966864,46.075655793233935],[2.071591978615367,46.07626738691164],[2.071750229430621,46.07708728388772],[2.071433155701394,46.07800865603618],[2.07124942894761,46.078083699182336],[2.070411535173539,46.07758693667577],[2.070282135739209,46.07758677694899],[2.069761876572049,46.07812554575091],[2.068658904010254,46.078457806684874],[2.068197790728979,46.077796617112625],[2.0680635447907,46.07678509420879],[2.067601789365232,46.0757816865943],[2.067192016543561,46.07583325194605],[2.066318448120435,46.075764828559116],[2.065151463434227,46.07499335060102],[2.064465450502225,46.07477786680934],[2.064038180252443,46.074337574241675],[2.063228485527025,46.074091344152244],[2.063831859004975,46.07482757413671],[2.064407909932469,46.075953515065756],[2.065114862905701,46.076764437342774],[2.065499096254499,46.0775303713684],[2.065496155484691,46.07815983381394],[2.065104241906435,46.07883382113992],[2.066139209054635,46.078926095849155],[2.066072511971811,46.0791957127779],[2.065812994699031,46.07946554334882],[2.065679175033916,46.08041002218255],[2.064514551106882,46.08040672990153],[2.064063171310588,46.08031565378489],[2.063571814579043,46.08036833446469],[2.063544841276673,46.080584244647206],[2.062769185742481,46.08053731533064],[2.062188644519461,46.08035600996957],[2.061929064045777,46.080400692935996],[2.061408488678819,46.081254615411275],[2.061404487597097,46.08201915230321],[2.061725994971512,46.08228927575197],[2.061725751308383,46.08237932908798],[2.06094905760801,46.082467461986745],[2.060754213186927,46.08273691593945],[2.060945819504738,46.08318697751102],[2.060425694062328,46.08386078871799],[2.059810447023475,46.0844203397558],[2.059708065590022,46.08465543647698],[2.059443332213315,46.08477301608521],[2.058992989044756,46.084619790425606],[2.058379346342494,46.08432922433028],[2.058134899047206,46.08401830556976],[2.058012630951475,46.084054213327],[2.05787693530666,46.0843448662385],[2.057427999778997,46.08456267424011],[2.057583548195301,46.08477469585351],[2.057342472673743,46.0848708537882],[2.057130412935639,46.0850861254514],[2.057098205015254,46.085303791898326],[2.057203627161952,46.08549558529897],[2.057444243541879,46.085728126019596],[2.058475705783615,46.08588077762386],[2.05866805047897,46.08606068303795],[2.058472933116645,46.086420186343915],[2.05749852009489,46.087317153955176],[2.057087742694894,46.087949532520135],[2.054882247454088,46.08900644699484],[2.0534623299207,46.09006266988008],[2.052523535239351,46.090011609100934],[2.051799371419847,46.090348671982476],[2.052307795659229,46.09081310225628],[2.052302889784515,46.09184779832647],[2.052041187732189,46.09238684583554],[2.051520609533102,46.09292553062849],[2.051519567771857,46.09328574370661],[2.051712172528451,46.09360074615872],[2.051645386825413,46.09387035442537],[2.051255784800685,46.09431917649574],[2.051123229730442,46.09472421837347],[2.051181125849535,46.09571891448743],[2.050943608970102,46.09657965971811],[2.051474762839057,46.097155051405714],[2.051409934582332,46.09738595205821],[2.051670251342727,46.09835352156448],[2.05237638351314,46.098917762867096],[2.052424030380794,46.09923245403527],[2.051102689342426,46.09995986955727],[2.049267176342593,46.1004740357269],[2.048810198925391,46.10047380930856],[2.048265002805409,46.100260310487315],[2.046986170720565,46.10002534210372],[2.046816186894789,46.10004822971638],[2.045742170120515,46.101288274919035],[2.045124781412841,46.10262130746041],[2.045360862521982,46.103712064045055],[2.045645660948301,46.10393689590184],[2.047415672938353,46.103774354294956],[2.048095355201383,46.10377465280508],[2.04924422465543,46.103968895018674],[2.049714584983215,46.104170055077844],[2.05003359663779,46.104663527307814],[2.049647905218897,46.10555454920406],[2.04938565794081,46.105970210507486],[2.048759710113051,46.10645396788686],[2.048300388770443,46.10666084768343],[2.047574767616066,46.10676913235975],[2.046820414665464,46.10778673119638],[2.046646692911516,46.1086948323982],[2.046018834429802,46.109807146049164],[2.045863068934179,46.11057491051552],[2.045889587755321,46.11113527825702],[2.04572275643949,46.11134730744098],[2.045405985135663,46.11146982138087],[2.044860646128372,46.111482345127776],[2.043230976125842,46.11026368019555],[2.042928108825998,46.110182778999636],[2.042166715511629,46.110260109117945],[2.041983491481055,46.11037203300053],[2.041848525739888,46.11061224271489],[2.04178732705747,46.11092872154893],[2.041875817678159,46.11127438097558],[2.041788876459795,46.11150779148748],[2.041077132503683,46.11244826525066],[2.040737113319869,46.112714658744586],[2.040487216316668,46.112788193610484],[2.039901885886624,46.112791350106804],[2.039190159276401,46.11298795389904],[2.037845037155897,46.11356552539819],[2.037456084215024,46.11425835781868],[2.037225677604088,46.11528754017479],[2.035802065674059,46.117307112461766],[2.035735485623906,46.11770639368824],[2.036047299421818,46.11809087692562],[2.036258669569647,46.117853123496175],[2.037116606107433,46.11759383811521],[2.037517135640424,46.11771970964459],[2.038163958480318,46.117757610919384],[2.038362237041584,46.117897075365185],[2.038851589565289,46.1179795671979],[2.039055438501753,46.11794887266062],[2.039683196703431,46.11811448269878],[2.039955094765558,46.11826537361525],[2.040877442902121,46.11913680076314],[2.041290395885153,46.11936812864308],[2.041601200038356,46.119368050838254],[2.042234385071793,46.119223901602304],[2.042546200607115,46.11924003973005],[2.043165846753754,46.11950102065107],[2.043736140605088,46.119919179510546],[2.043983422604237,46.11992306293503],[2.044648482731298,46.11973324035277],[2.045275535989726,46.11979254782827],[2.045589315039453,46.11991946222244],[2.046228455085092,46.12047597178239],[2.046486999481809,46.12057720415483],[2.046940337792475,46.120572905207034],[2.048016361338735,46.12035769393037],[2.048518450755845,46.119931437769125],[2.048777823322722,46.11983545061411],[2.050906133836834,46.120475542939566],[2.050396737835813,46.12229850660199],[2.050460973361621,46.12247825387546],[2.051428617271201,46.12306539710794],[2.051362572215772,46.123289983643474],[2.051103035513871,46.12346972685095],[2.050455775889979,46.12337786308931],[2.050133836092187,46.12319686096651],[2.049939568011833,46.12319703684414],[2.049612947064531,46.12373553615848],[2.050129659383233,46.12396229628363],[2.049932808876079,46.12441092608302],[2.050449791217195,46.12454763162321],[2.050840647557974,46.124188876967956],[2.051680116725275,46.124325570346265],[2.052004919934038,46.124191398349765],[2.052586393155952,46.124193549585605],[2.052973111429286,46.124599322540064],[2.053166865932498,46.12455410951047],[2.053299720085377,46.12405991316431],[2.053492423398855,46.124150674298306],[2.054006593666846,46.12482677119935],[2.054134062752634,46.125321335868605],[2.053358282885852,46.12509513649833],[2.053099275719615,46.125093877577484],[2.052386711487615,46.12540762978157],[2.052385172435037,46.1257219098768],[2.051801852245211,46.12590075345654],[2.052121235907619,46.12653110517067],[2.05400146024173,46.12595151865672],[2.054194962461323,46.1259963569986],[2.054322412959448,46.126266683653206],[2.055100511750684,46.12613357512989],[2.055613692062716,46.12694473897066],[2.056454747287142,46.126992255104746],[2.056906010140119,46.127262567095215],[2.058134575860415,46.12722053141509],[2.058276260991514,46.12560521564687],[2.05895468269885,46.1258458838067],[2.058976657553981,46.1271329545543],[2.059559720047156,46.12704412726321],[2.060726314968859,46.12668725785777],[2.061204684287409,46.12628236313515],[2.06150735636598,46.12569950642729],[2.062088618049324,46.12579076172277],[2.062220625885733,46.12534157620128],[2.06170383526761,46.125115771536784],[2.062510359593281,46.1239985445928],[2.062381305594469,46.123820070402715],[2.062213583397339,46.12310004520422],[2.062367315403246,46.121833338028566],[2.062176103842989,46.12142741122341],[2.060751113843598,46.121603848265146],[2.060494910383008,46.121288336643424],[2.060559899624542,46.121198819157904],[2.061531105877618,46.12097630904194],[2.061531350031248,46.12088625587795],[2.059146784050784,46.11917078257919],[2.057658381075198,46.119347555505435],[2.057597425248415,46.11844739769251],[2.05896490746433,46.11678641393171],[2.059291890979132,46.11606778115216],[2.058255751768482,46.11615465008486],[2.057870098534919,46.11583895885771],[2.057288176287766,46.11579270313516],[2.057029700470342,46.11561224724157],[2.05748644038082,46.1148037412724],[2.058779503903788,46.11498647388702],[2.059368463768607,46.11363872516608],[2.060473811627706,46.11260683926658],[2.059795332496706,46.112000553927025],[2.060082482976763,46.11201824103617],[2.060587919900356,46.111916159303284],[2.062126875010101,46.11119313209625],[2.062398221800499,46.11115034582313],[2.063735780782329,46.111225323835406],[2.065238464312533,46.11171680015105],[2.066687307184449,46.11194935544189],[2.067343664650766,46.11195655052797],[2.067911296190976,46.1117747981565],[2.069683807601139,46.11170468516644],[2.069863609159784,46.11179171078208],[2.069986577881195,46.11217635297099],[2.070609484940193,46.11285956892879],[2.070988488816448,46.11303557669974],[2.071529710280545,46.11311384933853],[2.072490725443028,46.113023544535714],[2.073763678468398,46.11263319199569],[2.074812122018149,46.11250215557245],[2.074836370054687,46.11183144308611],[2.076713914174078,46.11152072881958],[2.076715328742794,46.11120554773948],[2.075486820062892,46.111112699335024],[2.075300008079207,46.10967299875808],[2.075367139705741,46.109223270297996],[2.075758828060387,46.10841416334178],[2.075372370599136,46.10814355279904],[2.075829881611782,46.106884706452426],[2.076477428443743,46.10679631913917],[2.076481441092132,46.10594172935565],[2.076741334445144,46.105807860312495],[2.077452633318424,46.10585416805357],[2.077781153019097,46.104640193898334],[2.077518416427047,46.10409592766698],[2.077659138102612,46.10388814347716],[2.078019826397419,46.10260778929638],[2.078811661302585,46.10147772362538],[2.079529030389852,46.10084955587247],[2.079818379447863,46.100655582002176],[2.08032314963527,46.10050748003165],[2.080842551408157,46.10010373806791],[2.080980539797734,46.09905211221951],[2.08020446018373,46.09893685910187],[2.079774238989628,46.09857675389958],[2.079227492045957,46.09783206724024],[2.078584823592433,46.097713382350584],[2.077618155649131,46.09723184088615],[2.077025454281782,46.09722161924385],[2.07649955748481,46.09693366786037],[2.07614616141147,46.09685694663819],[2.075555189204881,46.09689806276795],[2.075423801307714,46.097167157846656],[2.07523017688674,46.09721150848607],[2.074753791654763,46.09713558186249],[2.074516769603029,46.096451932136645],[2.076075252500922,46.09622418262875],[2.076676253002417,46.09604806279572],[2.077431553459075,46.09662695521255],[2.077961380443541,46.09691223254235],[2.080617096138186,46.097176924735564],[2.080662989671595,46.096909833025755],[2.08053569056076,46.096549482217455],[2.079892443835089,46.09569324907583],[2.079572380922373,46.09501794258239],[2.079963264597132,46.094478980522304],[2.079641611304174,46.094208008474226],[2.079642039997897,46.09402790182607],[2.080421637760712,46.09331017864826],[2.081068264090806,46.093266786510746],[2.081263375792665,46.093132383050005],[2.081007494677457,46.092411672022564],[2.080102763289551,46.0924097454873],[2.078387876125157,46.091552016059964],[2.078504577345302,46.09130801387748],[2.078876035210936,46.09100033942982],[2.078689075073768,46.09072595486168],[2.07871857768774,46.090587509533684],[2.079314549283799,46.08993494403777],[2.079923198391108,46.08952922920815],[2.081264273170163,46.0882027765925],[2.080253569379296,46.08773170627576],[2.080452612895568,46.08674271347265],[2.081423763684174,46.08624987276416],[2.081747516695903,46.08616063689153],[2.082392271910884,46.08661162501203],[2.082715064533577,46.086657461188985],[2.083300396373713,46.08593904918203]]]]}},{"type":"Feature","properties":{"fid":878,"ID":"COMMUNE_0000000009751071","NOM":"Bosmoreau-les-Mines","NOM_M":"BOSMOREAU-LES-MINES","INSEE_COM":"23027","STATUT":"Commune simple","POPULATION":226,"INSEE_CAN":"05","INSEE_ARR":"2","INSEE_DEP":"23","INSEE_REG":"75","SIREN_EPCI":"200067189"},"geometry":{"type":"MultiPolygon","coordinates":[[[[1.774928605535514,46.01107715958536],[1.775013135141326,46.010763763866144],[1.775209613195077,46.01053083100215],[1.775794158059749,46.01057407228409],[1.775994927085059,46.00927667494789],[1.775998181301726,46.00872374152935],[1.77560790572211,46.007501913365196],[1.775500714302135,46.00674335008811],[1.775545994834789,46.005637902115836],[1.775825626890322,46.004571010419],[1.77656844005417,46.003712656212336],[1.776769275325898,46.00299164266769],[1.776962551471962,46.002668612514974],[1.777363278377144,46.0023730377154],[1.77794700524482,46.00210014936895],[1.778881365402325,46.00105111822927],[1.77905385092186,46.0007323636158],[1.779020333122911,45.99956392432264],[1.778828042268895,45.998970157627035],[1.778588146048958,45.998600126719346],[1.777823521016069,45.99805962584963],[1.776427236060078,45.99762577480613],[1.775632121376938,45.99706331503807],[1.77378318531985,45.99682267010491],[1.772552067011547,45.996807536581215],[1.771106603608336,45.99661174566695],[1.77057155437994,45.99644203089657],[1.770294674978992,45.99593739069932],[1.769102091400349,45.99593344496913],[1.768325109793332,45.995604385738226],[1.767676015102178,45.99550816704304],[1.766999917200133,45.995579162692565],[1.766614382689202,45.99571545976568],[1.766075215063142,45.99624904904619],[1.765751515649046,45.99696960705746],[1.765208025104193,45.997637335084086],[1.764925498712086,45.9978467974985],[1.764455504581095,45.998002880498596],[1.763806501856456,45.99807415296696],[1.762698450875469,45.997469460005455],[1.7608576111682,45.997846505873895],[1.760086557742538,45.997771424887304],[1.759201114598857,45.997840983588496],[1.758490299315507,45.997616150657805],[1.757991904990303,45.99725494926929],[1.757177651485471,45.996175201433864],[1.75677219807958,45.995075618196],[1.756756714479132,45.99438828745161],[1.756912615437068,45.994064880307036],[1.757686453676185,45.993270030781225],[1.758754667050995,45.99236942917766],[1.759064427418559,45.99192612359963],[1.7602002728437,45.99151978043136],[1.760857094786441,45.99104064166075],[1.763982517228377,45.99012285129755],[1.764813010718239,45.990135512890355],[1.766038849728425,45.99043706620093],[1.767210363084897,45.99039578605663],[1.767700064921596,45.99027953329323],[1.768920499996341,45.989437232072525],[1.769127821653967,45.98871720247016],[1.769613769121666,45.987901133277475],[1.768476108828089,45.98775998355984],[1.76920454731456,45.98701950114605],[1.768381135850418,45.98680791521549],[1.768100905154901,45.987264174770495],[1.767836564917927,45.98741440183531],[1.767273273488696,45.9868949294991],[1.766888862977725,45.98634948317879],[1.766486620329605,45.98602358823651],[1.765223721050302,45.98582340278051],[1.76387900962149,45.98529719268741],[1.762926869013457,45.985067050148764],[1.762626509766729,45.98509529027766],[1.762080865921176,45.98540273778725],[1.760880686882439,45.9857462528882],[1.759753406119993,45.98560602898767],[1.758398507429911,45.98559118460366],[1.755809680068236,45.985982457686596],[1.755547615394772,45.986430781393906],[1.755114044217884,45.98646474287275],[1.755188400251331,45.9860332699955],[1.750517771102161,45.9860448842821],[1.74845677057022,45.98571952598301],[1.74793904111559,45.98576153607644],[1.747485668396224,45.985984376663005],[1.746384615048828,45.98633874209255],[1.744383888016109,45.98637331855438],[1.743862738179897,45.98656477286415],[1.742685328860647,45.98624460214679],[1.74251183473594,45.986600216948446],[1.741944715788843,45.986258893576775],[1.741633569642527,45.985910504769315],[1.74144442863769,45.985820143774944],[1.740591176676882,45.98590162075847],[1.740321951771852,45.986036419737744],[1.740453385195551,45.98768869407211],[1.740013570360055,45.987486569477745],[1.73958009176086,45.98745923143899],[1.739210840225934,45.987335341093306],[1.738560555588093,45.9876919461797],[1.738364470067465,45.98796084506304],[1.738686641822425,45.98856063515907],[1.73799027231712,45.988897811222266],[1.737828970404547,45.98905812328778],[1.738442672649334,45.98928380769727],[1.739560808419326,45.990219377774345],[1.739939243028137,45.991523164143004],[1.739481947182985,45.991970181095745],[1.739669329135398,45.992645920190455],[1.739601908203544,45.992825291460804],[1.739278412981295,45.99295858388703],[1.73785751104746,45.99299679760718],[1.737724207049621,45.9934005856021],[1.738175362374355,45.99344794049406],[1.738239199880634,45.993537811690764],[1.73803948146546,45.99407685197742],[1.738684433932402,45.99412546292669],[1.738942064709899,45.99421659070818],[1.739056102886418,45.99561200001317],[1.738925095160233,45.99574653339318],[1.736983210542223,45.99618601078706],[1.736970855888488,45.99739989196015],[1.736577924894326,45.99858611372429],[1.734897652636423,45.998433172093556],[1.732942945826539,45.99846986657886],[1.732819399949415,45.999177263422695],[1.733787685781731,45.999272746890185],[1.734039886805021,45.999769098543595],[1.734098535782872,46.00030921806618],[1.733516295697334,46.000396374058525],[1.733380558451172,46.00090370017506],[1.732901204150714,46.0011243926924],[1.732813804959379,46.00127201553227],[1.732240291093261,46.0014286095417],[1.731637509868242,46.00106071894511],[1.730677001346063,46.000290748715294],[1.730355011757985,46.00024391151365],[1.729511208276548,46.00068925955034],[1.730155444805653,46.000827971103945],[1.730472492833045,46.00136918759605],[1.730013978421737,46.00186208541591],[1.730040483728398,46.002169490082935],[1.729908773287664,46.00233282504351],[1.729543724564112,46.00275111768594],[1.727484024894278,46.00301799892561],[1.728248630129998,46.00387675889132],[1.729147179847909,46.004420902187796],[1.729402229045492,46.004737174514574],[1.730239835456932,46.004787091901],[1.730882573030866,46.005105003039375],[1.732619807569257,46.00565490680347],[1.733380135418176,46.00687292553132],[1.73331498439161,46.00700818901849],[1.732600860401842,46.007319018699235],[1.731550121384917,46.008887828395466],[1.731941968702543,46.00966313483734],[1.732899437922812,46.00961890853881],[1.733334511235532,46.009528308402764],[1.733560356372478,46.00943086531633],[1.733814419539935,46.009174329518395],[1.734308836188786,46.00903215355549],[1.734519353662299,46.00903900788448],[1.734900085745983,46.00962505187276],[1.736190868922829,46.00958722047907],[1.737032430503214,46.00941197905373],[1.737936036044069,46.00946167366781],[1.738193737392727,46.009552803124116],[1.738376521104628,46.01054370488734],[1.739150646233093,46.01054781817496],[1.73973298481798,46.01046063324697],[1.741033000170019,46.009568173601984],[1.741746076106262,46.009302309686305],[1.742134049295405,46.00934894570076],[1.743033306459919,46.009758793829214],[1.742637451508696,46.01056584818613],[1.743600314269369,46.011021427601555],[1.745601088904998,46.01238459558091],[1.746131458836617,46.01242288716381],[1.746514862551927,46.01261445481367],[1.746904052836282,46.01266559068083],[1.747590793116627,46.01304603324346],[1.747985544509306,46.01302337718543],[1.748373841094806,46.01322760095642],[1.748157608552288,46.01341433953953],[1.747830044929487,46.015141683714106],[1.748383909173979,46.01653473407395],[1.748836018935065,46.01649199433571],[1.749743036800189,46.016226419379855],[1.750064867029947,46.01622816825672],[1.750126200191489,46.016544056377384],[1.750642945782884,46.01650112168503],[1.751013314858902,46.01812268996694],[1.751916325566003,46.01826232526244],[1.752033744113646,46.01929751210271],[1.753520662952722,46.019170679528756],[1.754745545646016,46.019312030429234],[1.757514044536388,46.02013584725985],[1.758673598289191,46.02036649945411],[1.758928891158832,46.020682705184925],[1.759700669717336,46.020911801551414],[1.760017386854611,46.021542987310596],[1.760595570840237,46.02181588993744],[1.760789460221103,46.02181710943792],[1.760985835163259,46.02159320510863],[1.761630116932599,46.02168670444869],[1.762215752006391,46.02128422827164],[1.762018781906871,46.02067326963917],[1.761564311023704,46.02041793696132],[1.762744883816853,46.020117421514854],[1.762940232272508,46.019938532855775],[1.763651593519555,46.01980760248409],[1.763977210771932,46.01958420238614],[1.76398708321826,46.018684608455445],[1.764355189537778,46.01818068286676],[1.764725376674048,46.01741110120952],[1.76614442707797,46.017309481570216],[1.765875600928748,46.01678870833911],[1.766036984638173,46.01633656231648],[1.765979376385647,46.01608106469237],[1.767760501929126,46.01591402098546],[1.768015542272338,46.016185173115645],[1.768338665163242,46.01618688415097],[1.769182676973219,46.015786280319176],[1.770313979004708,46.01490786705241],[1.773036929772462,46.012384178220614],[1.772353525316281,46.01173104576056],[1.771548515691704,46.01073616355841],[1.772083288660913,46.00999806338342],[1.772147630610666,46.009952829953164],[1.772792799250577,46.01000124670743],[1.773176648991427,46.01040797174452],[1.772911597092378,46.01099139291666],[1.774928605535514,46.01107715958536]]]]}},{"type":"Feature","properties":{"fid":882,"ID":"COMMUNE_0000002200276507","NOM":"Saint-Dizier-Masbaraud","NOM_M":"SAINT-DIZIER-MASBARAUD","INSEE_COM":"23189","STATUT":"Commune simple","POPULATION":1134,"INSEE_CAN":"05","INSEE_ARR":"2","INSEE_DEP":"23","INSEE_REG":"75","SIREN_EPCI":"200067189"},"geometry":{"type":"MultiPolygon","coordinates":[[[[1.782010070619163,46.017919697645674],[1.781845274599137,46.01678046979005],[1.783059512627153,46.01611806587314],[1.783833054771342,46.01644428114641],[1.784284438683879,46.01649145238655],[1.784286131130671,46.01635638074223],[1.784856116218181,46.015832941842156],[1.784583400119534,46.01548058503693],[1.785138959101561,46.014965996094176],[1.784570237435023,46.01402867883965],[1.781736749974933,46.0147349431932],[1.78051055036842,46.01296378456719],[1.779675574129512,46.01255492973256],[1.778516511245738,46.01218940686212],[1.777549504724943,46.01213935277901],[1.7770294208834,46.01245165286337],[1.776769930889489,46.012495683282516],[1.776650458720271,46.01217197873583],[1.775999911990335,46.01213163156883],[1.775871379491682,46.01204108373815],[1.775553823433344,46.0114999944891],[1.774928605535514,46.01107715958536],[1.772911597092378,46.01099139291666],[1.773176648991427,46.01040797174452],[1.772792799250577,46.01000124670743],[1.772147630610666,46.009952829953164],[1.772083288660913,46.00999806338342],[1.771548515691704,46.01073616355841],[1.772353525316281,46.01173104576056],[1.773036929772462,46.012384178220614],[1.770313979004708,46.01490786705241],[1.769182676973219,46.015786280319176],[1.768338665163242,46.01618688415097],[1.768015542272338,46.016185173115645],[1.767760501929126,46.01591402098546],[1.765979376385647,46.01608106469237],[1.766036984638173,46.01633656231648],[1.765875600928748,46.01678870833911],[1.76614442707797,46.017309481570216],[1.764725376674048,46.01741110120952],[1.764355189537778,46.01818068286676],[1.76398708321826,46.018684608455445],[1.763977210771932,46.01958420238614],[1.763651593519555,46.01980760248409],[1.762940232272508,46.019938532855775],[1.762744883816853,46.020117421514854],[1.761564311023704,46.02041793696132],[1.762018781906871,46.02067326963917],[1.762215752006391,46.02128422827164],[1.761630116932599,46.02168670444869],[1.760985835163259,46.02159320510863],[1.760789460221103,46.02181710943792],[1.760595570840237,46.02181588993744],[1.760017386854611,46.021542987310596],[1.759700669717336,46.020911801551414],[1.758928891158832,46.020682705184925],[1.758673598289191,46.02036649945411],[1.757514044536388,46.02013584725985],[1.754745545646016,46.019312030429234],[1.753520662952722,46.019170679528756],[1.752033744113646,46.01929751210271],[1.751916325566003,46.01826232526244],[1.751013314858902,46.01812268996694],[1.750642945782884,46.01650112168503],[1.750126200191489,46.016544056377384],[1.750064867029947,46.01622816825672],[1.749743036800189,46.016226419379855],[1.748836018935065,46.01649199433571],[1.748383909173979,46.01653473407395],[1.747830044929487,46.015141683714106],[1.748157608552288,46.01341433953953],[1.748373841094806,46.01322760095642],[1.747985544509306,46.01302337718543],[1.747590793116627,46.01304603324346],[1.746904052836282,46.01266559068083],[1.746514862551927,46.01261445481367],[1.746131458836617,46.01242288716381],[1.745601088904998,46.01238459558091],[1.743600314269369,46.011021427601555],[1.742637451508696,46.01056584818613],[1.743033306459919,46.009758793829214],[1.742134049295405,46.00934894570076],[1.741746076106262,46.009302309686305],[1.741033000170019,46.009568173601984],[1.73973298481798,46.01046063324697],[1.739150646233093,46.01054781817496],[1.738376521104628,46.01054370488734],[1.738193737392727,46.009552803124116],[1.737936036044069,46.00946167366781],[1.737032430503214,46.00941197905373],[1.736190868922829,46.00958722047907],[1.734900085745983,46.00962505187276],[1.734519353662299,46.00903900788448],[1.734308836188786,46.00903215355549],[1.733814419539935,46.009174329518395],[1.733560356372478,46.00943086531633],[1.733334511235532,46.009528308402764],[1.732899437922812,46.00961890853881],[1.731941968702543,46.00966313483734],[1.731550121384917,46.008887828395466],[1.732600860401842,46.007319018699235],[1.73331498439161,46.00700818901849],[1.733380135418176,46.00687292553132],[1.732619807569257,46.00565490680347],[1.730882573030866,46.005105003039375],[1.730239835456932,46.004787091901],[1.729402229045492,46.004737174514574],[1.729147179847909,46.004420902187796],[1.728248630129998,46.00387675889132],[1.727484024894278,46.00301799892561],[1.729543724564112,46.00275111768594],[1.729908773287664,46.00233282504351],[1.730040483728398,46.002169490082935],[1.730013978421737,46.00186208541591],[1.730472492833045,46.00136918759605],[1.730155444805653,46.000827971103945],[1.729511208276548,46.00068925955034],[1.730355011757985,46.00024391151365],[1.730677001346063,46.000290748715294],[1.731637509868242,46.00106071894511],[1.732240291093261,46.0014286095417],[1.732813804959379,46.00127201553227],[1.732901204150714,46.0011243926924],[1.733380558451172,46.00090370017506],[1.733516295697334,46.000396374058525],[1.734098535782872,46.00030921806618],[1.734039886805021,45.999769098543595],[1.733787685781731,45.999272746890185],[1.732819399949415,45.999177263422695],[1.732942945826539,45.99846986657886],[1.734897652636423,45.998433172093556],[1.736577924894326,45.99858611372429],[1.736970855888488,45.99739989196015],[1.736983210542223,45.99618601078706],[1.738925095160233,45.99574653339318],[1.739056102886418,45.99561200001317],[1.738942064709899,45.99421659070818],[1.738684433932402,45.99412546292669],[1.73803948146546,45.99407685197742],[1.738239199880634,45.993537811690764],[1.738175362374355,45.99344794049406],[1.737724207049621,45.9934005856021],[1.73785751104746,45.99299679760718],[1.739278412981295,45.99295858388703],[1.739601908203544,45.992825291460804],[1.739669329135398,45.992645920190455],[1.739481947182985,45.991970181095745],[1.739939243028137,45.991523164143004],[1.739560808419326,45.990219377774345],[1.738442672649334,45.98928380769727],[1.737828970404547,45.98905812328778],[1.73799027231712,45.988897811222266],[1.738686641822425,45.98856063515907],[1.738364470067465,45.98796084506304],[1.738560555588093,45.9876919461797],[1.739210840225934,45.987335341093306],[1.73958009176086,45.98745923143899],[1.740013570360055,45.987486569477745],[1.740453385195551,45.98768869407211],[1.740321951771852,45.986036419737744],[1.740591176676882,45.98590162075847],[1.74144442863769,45.985820143774944],[1.741633569642527,45.985910504769315],[1.741944715788843,45.986258893576775],[1.74251183473594,45.986600216948446],[1.742685328860647,45.98624460214679],[1.743862738179897,45.98656477286415],[1.744383888016109,45.98637331855438],[1.746384615048828,45.98633874209255],[1.747485668396224,45.985984376663005],[1.74793904111559,45.98576153607644],[1.74845677057022,45.98571952598301],[1.750517771102161,45.9860448842821],[1.755188400251331,45.9860332699955],[1.755114044217884,45.98646474287275],[1.755547615394772,45.986430781393906],[1.755809680068236,45.985982457686596],[1.758398507429911,45.98559118460366],[1.759753406119993,45.98560602898767],[1.760880686882439,45.9857462528882],[1.762080865921176,45.98540273778725],[1.762626509766729,45.98509529027766],[1.762926869013457,45.985067050148764],[1.76387900962149,45.98529719268741],[1.765223721050302,45.98582340278051],[1.766486620329605,45.98602358823651],[1.766888862977725,45.98634948317879],[1.767273273488696,45.9868949294991],[1.767836564917927,45.98741440183531],[1.768100905154901,45.987264174770495],[1.768381135850418,45.98680791521549],[1.76920454731456,45.98701950114605],[1.768476108828089,45.98775998355984],[1.769613769121666,45.987901133277475],[1.770140870007928,45.98674598216888],[1.770114989219999,45.986343132194314],[1.76889662490685,45.98559500492153],[1.76857374557695,45.98518622407877],[1.768181323192908,45.98407511693967],[1.768248817561563,45.983772348095265],[1.768540512274176,45.98332251722056],[1.768506331463839,45.98294479332384],[1.768182781568827,45.98245134726387],[1.767158455838595,45.98146575010946],[1.766546233811266,45.980596307001974],[1.766900280961089,45.97834325293525],[1.766783313708862,45.97704871425805],[1.766813857003073,45.97631955892415],[1.765766654093451,45.97463212904533],[1.765501662311045,45.97475622551652],[1.765884758110079,45.97650847076933],[1.765522922670171,45.97663061136245],[1.764368471148052,45.976039833860355],[1.76399377977246,45.97477850323081],[1.762003401022847,45.97391289586869],[1.760249031547598,45.97507349323088],[1.760055286516907,45.97507317318662],[1.75902952847081,45.97439278834351],[1.758901664831509,45.97439228765252],[1.757021298275867,45.97523714408896],[1.756306977502355,45.97563817558496],[1.756048661740332,45.975637139539884],[1.755525421554736,45.97455606895104],[1.755187227942433,45.97266108235975],[1.754922302324498,45.971810700824385],[1.754281624135079,45.971983775359284],[1.753765026987705,45.971981693440725],[1.753649917936716,45.97067635077175],[1.75235699859888,45.970450470060435],[1.752218564589514,45.97103073552021],[1.752011412269829,45.97128062203198],[1.751714281812831,45.971112536124714],[1.750934711937649,45.971202105443986],[1.750610349551164,45.971380449263656],[1.750287759534564,45.971423720926815],[1.749531047331123,45.96971052060915],[1.749474809802645,45.96894528540099],[1.749878119957504,45.96750786950295],[1.750071548702614,45.967464074092305],[1.751287243755776,45.968415017979986],[1.75360531883748,45.968709839528046],[1.753739166311421,45.96913009404684],[1.754434166384879,45.96895221687],[1.754630851181949,45.96830774617222],[1.75487605995202,45.96791597808778],[1.755865191255821,45.967523380163456],[1.75658904808089,45.9669243243162],[1.756772320895928,45.96618604010837],[1.757166106219582,45.965561741561174],[1.757277683030458,45.964738012829905],[1.75718593080394,45.96365357882583],[1.757015350858651,45.963258142153286],[1.756114967148416,45.96201262421961],[1.75367789516828,45.959627137838226],[1.752852286035704,45.959020043995565],[1.750421057708258,45.95872215233931],[1.750154482903592,45.95874712837047],[1.749116267857289,45.959145437052854],[1.748168986544178,45.95974647764512],[1.748069767859258,45.95990748954341],[1.74824120355748,45.960602851738926],[1.747225697262717,45.96221451103505],[1.747198176770056,45.96240243316774],[1.74723826273037,45.96257038945886],[1.748075607139923,45.96322898861979],[1.748298022867973,45.96327287567968],[1.749049285542153,45.96317400687522],[1.749511679566804,45.9632277476837],[1.75108783049546,45.96382603577953],[1.751193789297731,45.96416493154952],[1.751045325553354,45.96433350830695],[1.750445976486666,45.96450971804777],[1.74847656114254,45.964565417518294],[1.747810227023006,45.964733668114526],[1.746495888059825,45.965228867289774],[1.746080694229288,45.96554038258815],[1.745827031232011,45.9659041197668],[1.74581607923991,45.9663849221941],[1.745708355292416,45.96663499803164],[1.745430319375726,45.96687778315101],[1.744736032807039,45.96708082999212],[1.744306052122225,45.96707696282555],[1.744111395994534,45.967004556562685],[1.74259495705384,45.966052896196494],[1.741915676824119,45.96503396873695],[1.741741385510488,45.9649185554346],[1.740705925912855,45.96473682853024],[1.739042893336515,45.96511638771978],[1.738144055869882,45.96517211803967],[1.737294632805795,45.96543823397347],[1.735930083919378,45.96535906443074],[1.734720292033536,45.965177137397546],[1.73380043325375,45.965360484776454],[1.73341736888854,45.965563340129826],[1.733154701720258,45.965865707742424],[1.732256649018728,45.96723268661881],[1.732104903333024,45.967316545305266],[1.731422069046973,45.96741246690695],[1.730199721799604,45.96771758076749],[1.729782098065127,45.967905626826735],[1.729123367042779,45.968411582316406],[1.728798855752768,45.96881771676077],[1.728385515986137,45.969826261086524],[1.727348692101649,45.970762954384966],[1.72642690272024,45.97141543916397],[1.72622879581919,45.971659977907734],[1.725352207335869,45.973650368460895],[1.725025575998569,45.97403395361721],[1.723748827782406,45.97522909086355],[1.723212312315063,45.975193322834386],[1.722694358490916,45.975415336199376],[1.722367259337321,45.975817821550834],[1.722229376992886,45.97658268536541],[1.721644991533275,45.97693903612233],[1.721385624694394,45.97698293974269],[1.720750658697453,45.97612469160504],[1.721400676297829,45.975723155406946],[1.721023545163014,45.974775957246486],[1.71988027876794,45.974836889144136],[1.719553512474733,45.97461344568924],[1.719305613484428,45.973998226829444],[1.718826098468685,45.97351187631456],[1.718147689155009,45.97302507356713],[1.717888577377772,45.973003227264726],[1.717571627013955,45.972858242201895],[1.717478345320222,45.97270408179132],[1.717236136479432,45.97262208445192],[1.716846360189496,45.97222139924106],[1.716650577634716,45.972142628531046],[1.716461395477028,45.97139297665532],[1.715899180294529,45.97146405497705],[1.715907970855504,45.970699535328365],[1.715628068268682,45.9702406512383],[1.714959896079262,45.96992686220259],[1.715164668987632,45.96978598867682],[1.715319616279624,45.96978774677376],[1.715886893713926,45.970163432335255],[1.716279419234623,45.97022372106959],[1.716406201727068,45.970159413704714],[1.716609122165907,45.9697654447447],[1.71723362716003,45.96934833337669],[1.717257873816872,45.96919460350138],[1.71706599245016,45.96889342654536],[1.717072000640583,45.96846930660067],[1.717435693296656,45.96688384763845],[1.715697144426629,45.966559733846246],[1.714797745438841,45.966194687223215],[1.714351369678645,45.965787045914006],[1.713780146437405,45.964974510298006],[1.713648901764552,45.96456684314897],[1.713398517216138,45.96444962035809],[1.713294186778784,45.96410620206649],[1.713116021998005,45.96399340180909],[1.713086335668131,45.96327437577357],[1.714584587289955,45.96232503950087],[1.714651833208221,45.96209974936186],[1.714595016213027,45.96138041590015],[1.713386277665053,45.95988878088056],[1.710185684849153,45.95771160457818],[1.708912579755363,45.95622008669505],[1.707181113602272,45.9554456117758],[1.70750904614272,45.95495221790285],[1.708030602730289,45.954461033200246],[1.709891395704169,45.95528109935408],[1.712204124273477,45.956103574608925],[1.714007376812042,45.95657257904486],[1.714560227327562,45.95722819939688],[1.71515461012133,45.95737724375902],[1.715927050662057,45.957698520424124],[1.716185281495903,45.957699647982245],[1.716315991756897,45.9575210078917],[1.716124754425775,45.95724955628516],[1.715548518785657,45.9569314079037],[1.715162228319453,45.956884695491276],[1.714199475187465,45.95647479318381],[1.713909843936765,45.95632560389963],[1.713868354778536,45.95611168744688],[1.714191201893075,45.9553912628221],[1.714227728363004,45.95498820347638],[1.714567218541216,45.95466063380405],[1.714880957027425,45.954495781581564],[1.715047077364994,45.95412751586188],[1.715253544265593,45.95396684859479],[1.716242024031935,45.952662269326225],[1.719726761647603,45.95250090019344],[1.719348212571805,45.95173380035753],[1.719927289521006,45.95187274030027],[1.720692530516556,45.952279461640224],[1.721799451323525,45.951539055923654],[1.72031938170723,45.95133500585038],[1.711636387196855,45.949352426669776],[1.712226484164399,45.94841079692036],[1.712692225596543,45.94792796298161],[1.711999383590594,45.94752201009576],[1.710246716377503,45.94678066082576],[1.710119498784336,45.94664501974577],[1.710785670585703,45.94471449104077],[1.710659273406422,45.94448879859038],[1.709702153684549,45.94362861284298],[1.709645677462812,45.94295340980781],[1.709390208736753,45.94272714477607],[1.708875783917344,45.94258888711856],[1.709671261674698,45.94070397019517],[1.709285109104056,45.93966476232396],[1.708283095867318,45.93967764620638],[1.705917363924041,45.9399343120175],[1.7047314313633,45.94013779263911],[1.703966416049119,45.94033707598045],[1.703528893244407,45.94060765249401],[1.703365482077159,45.94058506621879],[1.702170110828744,45.941133347448755],[1.700624095733721,45.941550604313015],[1.699147026918063,45.942163165681094],[1.698023621345648,45.942394313997234],[1.696822669793672,45.94246514944238],[1.695016399790103,45.94269380668748],[1.6933900346673,45.94350090671948],[1.695726911312662,45.94768870587555],[1.699404753167199,45.95306266771793],[1.699791003455364,45.953109433895655],[1.700954109544197,45.952846299110846],[1.701276858646005,45.952848201341354],[1.702365004336925,45.95357396730122],[1.702550618956979,45.953806652213274],[1.700857241244535,45.954708559058396],[1.699632100056349,45.95508175632442],[1.698875725716308,45.95545222395386],[1.698217092932588,45.95611200752526],[1.697896927995919,45.95670993621873],[1.697233360324129,45.95735885022442],[1.696152218711686,45.958191180514696],[1.694865759261721,45.95880408560862],[1.694063954893708,45.95934421468619],[1.693536007535036,45.95982535646661],[1.695095288299206,45.96039811945775],[1.696605834732613,45.96073974199672],[1.693869627825108,45.96301828693897],[1.693412417603679,45.96351015137075],[1.692353350777797,45.96579809787534],[1.691703238567489,45.96619946736825],[1.691445189598528,45.96624331734246],[1.690931439707075,45.96601492632451],[1.690609662983497,45.96596887652521],[1.690414050724251,45.96610260723334],[1.690347792994781,45.966281964150134],[1.690476077969428,45.9663726089906],[1.691948773205086,45.96728034190002],[1.693017049769786,45.967761899281456],[1.69237585968771,45.9686569134694],[1.691151455580508,45.96925518576985],[1.690053977320015,45.96929473009819],[1.688961221427782,45.96897317116202],[1.68766386422318,45.969595778818686],[1.688408185941359,45.97207389453879],[1.688849323679106,45.973021048495205],[1.689801079620245,45.97433165446361],[1.689664693325694,45.974960507976746],[1.687784318713077,45.97575919608],[1.687717822592512,45.975893518064765],[1.68980539604892,45.979414784137],[1.689993607973072,45.97986546842201],[1.689735273714604,45.979864281124],[1.688772308083823,45.97945416269579],[1.687229437159926,45.97904001703762],[1.685939120069749,45.979032257380915],[1.684510173335557,45.97974426742069],[1.68379969973842,45.98022955095512],[1.681200113442173,45.9814340562951],[1.679630648510031,45.98250551781868],[1.677764003212758,45.98357619109264],[1.677654060021519,45.98422695548887],[1.677366674213066,45.98451990337636],[1.677886516481598,45.98482227638044],[1.678555117444004,45.98506333932982],[1.680182647088293,45.98518408627826],[1.681118488252501,45.98548768849995],[1.681714815457144,45.98545680491638],[1.683733238802845,45.98603415968417],[1.68439613072414,45.985975215724736],[1.684915957530266,45.98606410936024],[1.685139406609296,45.98617477765307],[1.685846573810665,45.98729164458674],[1.686126285273731,45.98753535432826],[1.68385720078935,45.98852220524336],[1.683623797797696,45.9885573188701],[1.683072732343551,45.98858513665894],[1.682489765916719,45.98848829546003],[1.681482008316545,45.98816405452996],[1.679714539891727,45.987840858338764],[1.678844482200436,45.98791717261643],[1.678148175301166,45.98834404748576],[1.678147304490872,45.9884340991845],[1.678708043487987,45.99010228281164],[1.678898809935086,45.99028283035964],[1.679349867362308,45.99033131987038],[1.679997772855069,45.99019927619023],[1.680710679943475,45.98988876294015],[1.680970118429895,45.98984585285031],[1.681597295772114,45.9913337703988],[1.681652648279948,45.991773916170565],[1.682840667966488,45.992235343647714],[1.683383265699004,45.99223894975692],[1.684110949088887,45.99212131890869],[1.684293108264741,45.99260886761897],[1.684162189216033,45.992788371019735],[1.683340709002417,45.99336963076283],[1.683659235428231,45.99377410740122],[1.684488904590559,45.99387740959151],[1.684834395705631,45.99412728975739],[1.684967518139445,45.994342281497396],[1.685054034004803,45.99483142032318],[1.684933481552513,45.995874736883486],[1.685051949451566,45.99627058239836],[1.686314018461033,45.99693727149787],[1.687402709704836,45.99766858310927],[1.688180957353094,45.99798020473103],[1.688705175854252,45.998432078861185],[1.689412075983524,45.99886444916325],[1.689536028950992,45.99903159643747],[1.689798559108693,45.9989688879219],[1.690044956383455,45.9986610246592],[1.69034268684271,45.99858521268065],[1.690753689135648,45.999179866764464],[1.690746645810238,45.99969313651571],[1.690433092445918,46.000216372918395],[1.687543888543877,46.001068245429096],[1.684386104590033,46.00244739034035],[1.683541337454335,46.00269965733946],[1.682723784727409,46.002786520922534],[1.68216857283204,46.002765654407575],[1.681917393484436,46.00262313677579],[1.681791719593699,46.00225872570484],[1.681735081883891,46.00138626875807],[1.681277420975955,46.00107022947874],[1.680248987728608,46.00100601819252],[1.678580658577021,46.00132700542228],[1.676163474379218,46.00247769661913],[1.6725159897232,46.0035688981539],[1.668253371604911,46.005185922505696],[1.666832587991802,46.00595005180465],[1.662979102525583,46.009490918663865],[1.661743942697957,46.01085248709982],[1.661176277561633,46.01134022266089],[1.657211161834685,46.01375740758058],[1.655062826921726,46.01492075226898],[1.65340875446176,46.01569185615952],[1.651842423155015,46.016836838279005],[1.6508326648502,46.01715985332665],[1.649893643041238,46.0172864656875],[1.649369270736446,46.01716223573722],[1.647924657150965,46.01608497520296],[1.646720768819525,46.015891380995846],[1.645484021799281,46.01603511532282],[1.644566038633093,46.016357370469315],[1.645276780757778,46.01710167932116],[1.645364138656736,46.01796372053526],[1.645511599189521,46.018327534068554],[1.64574927397498,46.0188077053611],[1.646114551108954,46.01919843749617],[1.646441335032376,46.01994535583046],[1.646686667983599,46.020272510320964],[1.647475191725063,46.0207484465609],[1.648212400445676,46.021419200469325],[1.648811721981378,46.02212523113806],[1.649080237200821,46.0227201417249],[1.649509204073091,46.02309901267815],[1.650994360011809,46.02374443368212],[1.652317937248928,46.02570912747932],[1.652314093054749,46.02602429978165],[1.651910011400556,46.02737132952756],[1.651902151046066,46.027955740318575],[1.65240682459252,46.02899385517646],[1.652848521868933,46.02980606343497],[1.653411651282332,46.03120421644315],[1.655349624345808,46.03121551355043],[1.656302003671841,46.0316627078982],[1.656998818058803,46.03214469266603],[1.656474928267244,46.03310575262893],[1.655828807933558,46.03361775196],[1.654768489594032,46.034040174850276],[1.654104259423572,46.034128657260666],[1.653674554750052,46.03409203296695],[1.653337505098183,46.03423212913981],[1.652751337563217,46.034723208652196],[1.652537104420373,46.03518088058047],[1.652104284153117,46.035376574043376],[1.652319817234868,46.03592131134129],[1.653214831072127,46.03660111013455],[1.65354615008095,46.03722377324328],[1.654427932429991,46.03749452238839],[1.655449597393216,46.03749223394811],[1.65572771398241,46.03759460047109],[1.656111957095449,46.03742893844753],[1.657276365110571,46.03730043729503],[1.659541368244824,46.03732634047982],[1.659611252455073,46.03769552082197],[1.659367515517422,46.03941822901213],[1.659242689840219,46.039658119360595],[1.661101989257722,46.04137235872843],[1.6611139032233,46.04555678327016],[1.660960971909831,46.04753454151739],[1.660502742592715,46.048027172530865],[1.659299262664711,46.04852900508583],[1.659905158066814,46.048611819491725],[1.66112743487447,46.04840020232393],[1.662170915129444,46.04889164846978],[1.661715578609269,46.04915916338956],[1.661387594433292,46.04956147182982],[1.66138200207371,46.05005674707435],[1.662479995823426,46.050063399144946],[1.665011715229783,46.049088141419645],[1.66572279416104,46.04904787734094],[1.665719917308183,46.04927299840421],[1.665260845113686,46.049854799718496],[1.665186660153156,46.050619453251315],[1.665683183006944,46.05233197098818],[1.6656794354248,46.05264624312035],[1.664819922155972,46.05421581338742],[1.664950069275625,46.05450284205465],[1.666212424290613,46.054403317431515],[1.66660871648369,46.05443769812124],[1.668148838348654,46.05563380589245],[1.66996747820957,46.05628198005288],[1.672603585861449,46.0574719608004],[1.673320262125266,46.056560815843525],[1.675518682012105,46.05648384175804],[1.676624219768545,46.055860011326544],[1.676882910857243,46.05586122852661],[1.678943271888985,46.056413910082654],[1.679135350984041,46.05654943868188],[1.679190910510973,46.05735974029932],[1.680741763404791,46.05736878520872],[1.680425750238657,46.05673737894437],[1.680946801454652,46.05642552282735],[1.68159245633941,46.05647355834004],[1.6816461061142,46.05741892858802],[1.681773296138952,46.05750956806901],[1.684936898683384,46.0577525370071],[1.684990607222224,46.05869790562854],[1.686537848533225,46.05902204434092],[1.687109428318512,46.059789682331036],[1.689987177905579,46.062370797298016],[1.690758572659954,46.0628462225831],[1.691526226495037,46.06250113968377],[1.692452334945998,46.06245598180293],[1.695225791547032,46.0631246548335],[1.695711698107762,46.06309331834637],[1.696267647428044,46.062890767753316],[1.696567568967121,46.06290051910683],[1.697154960888577,46.06322698551882],[1.697381919543477,46.063258411904336],[1.697962097968968,46.06307054112914],[1.698255797365428,46.06268754929807],[1.699101643387797,46.06215238315826],[1.699314179626195,46.062191745811205],[1.699095458441157,46.06263233888523],[1.699114556343011,46.06286401543669],[1.699495031379501,46.06324213293595],[1.699991809318719,46.06346217371961],[1.699518469669457,46.065258873601785],[1.699574718879852,46.06588904677169],[1.699764372079657,46.06629469539598],[1.700346506735701,46.06629866506353],[1.700655456080313,46.06751442887417],[1.701288661587364,46.068642942674664],[1.70193091507475,46.069006035839465],[1.702836047990064,46.06892182569106],[1.702898252296965,46.069191819971444],[1.704222193770945,46.06945461938738],[1.704654834120249,46.06970903003051],[1.705304015136117,46.06994429596646],[1.705477715985057,46.06965628146667],[1.706829678298142,46.07015893251582],[1.707540785464193,46.07007247266404],[1.707610053443395,46.06971301744581],[1.708258334819134,46.069491646349285],[1.708835944277862,46.069854864239865],[1.70915938077056,46.06985674399333],[1.709356137652855,46.06963292951098],[1.709294137374843,46.0694079720019],[1.708972582684139,46.069271022400784],[1.708395800984193,46.068817753471386],[1.708273712646348,46.0682318667575],[1.708539490989219,46.06760356475229],[1.708734126862611,46.067469788333874],[1.709572906963716,46.06756489162834],[1.710681449376384,46.066805674002545],[1.711458216658407,46.0666758065507],[1.711974408646949,46.06667806676776],[1.712419377233422,46.0674009049741],[1.712807257375696,46.06735757486486],[1.71410395765506,46.06695980274665],[1.713995170629269,46.065250112324954],[1.714061230353645,46.06502570877395],[1.715815173782618,46.06427015504258],[1.71633609556719,46.06395813646398],[1.716341415150927,46.063508792468106],[1.716929444239828,46.062926447265816],[1.716417333754054,46.06247395056953],[1.715589839910886,46.061345124853375],[1.715597048978861,46.06075981009168],[1.71494441016074,46.060509252697656],[1.715396518280484,46.05898874111192],[1.715847922439544,46.0584940146298],[1.717188563784292,46.057533826228536],[1.716608041744029,46.05707695347958],[1.716674323225239,46.0568975815694],[1.717196786121609,46.05640545529793],[1.717461597826221,46.055867183948756],[1.718566085197875,46.05537802983212],[1.719741623167924,46.054170080474606],[1.7212383101556,46.053278252659126],[1.721496189208403,46.05336941997207],[1.721883942263463,46.053326959178314],[1.722661312479763,46.05310606270261],[1.723048285403833,46.053152749435256],[1.723433890524242,46.05342547221333],[1.724081916109533,46.053204010563206],[1.724929453157793,46.05257861432939],[1.725445492456785,46.05258171362273],[1.726154213386713,46.052810325967016],[1.726795403434233,46.05321829724883],[1.727506490316051,46.05317764578398],[1.727514362409555,46.05250227818334],[1.727971217360519,46.0521003289389],[1.728943329069754,46.05179061277735],[1.728964231660038,46.04999143287021],[1.728060758158766,46.04985161484189],[1.727670159928777,46.05007418610094],[1.726572950915964,46.049978113285384],[1.726057458541716,46.04984083436037],[1.725930756996221,46.04961515939356],[1.725998042319219,46.04939076329622],[1.726586860889173,46.0487633490462],[1.726267991927869,46.04840222619644],[1.725815352554005,46.04839984264385],[1.724851187343716,46.0480341645109],[1.723622056847013,46.048162631822365],[1.723369480207453,46.04762122437612],[1.723435975972314,46.04748688168717],[1.724083931557399,46.04726541998068],[1.723896006317057,46.046724741170955],[1.723380022075235,46.04672163482672],[1.723647894532313,46.04582404160071],[1.724101060788615,46.04569134866022],[1.724747650552105,46.04569502020735],[1.724745036423768,46.045919242356305],[1.725133778323181,46.04583175175325],[1.728052669012563,46.04472256165312],[1.730010684856269,46.042934288153674],[1.731061390940577,46.042405687756414],[1.729784955742851,46.041788888219024],[1.728358367448222,46.041291071449756],[1.728341868277397,46.04116570186807],[1.728621012927252,46.04067079618995],[1.72834326393592,46.040490261435984],[1.728448601027424,46.04012939841494],[1.728113680347253,46.04007250576726],[1.728071346935065,46.04000178340896],[1.728496590217356,46.039731867837624],[1.729279993553978,46.03901656222756],[1.7288944604781,46.038743859198966],[1.728961720405918,46.0385194612652],[1.729157496495199,46.03838566416932],[1.728555580104188,46.03740445736046],[1.728718547368633,46.037123493966604],[1.729044661312164,46.036945227586024],[1.729560806852714,46.0369933413881],[1.729677844564557,46.038028550818424],[1.730515425952037,46.03821355133118],[1.731166890918009,46.03772190762487],[1.733363439108233,46.03768883104804],[1.733490399608367,46.03795953101732],[1.731679930645404,46.03812931934155],[1.731548019430669,46.038353896040995],[1.731910333191492,46.038624529008544],[1.732293218002066,46.03856396725718],[1.733726294035893,46.038553864964626],[1.734244595785874,46.03822822936406],[1.736199990665104,46.03822302560752],[1.737284412092757,46.03897900990966],[1.738695560585348,46.039248689024],[1.739101062042702,46.038709233433686],[1.739555164319712,46.03853145987751],[1.744025469095784,46.03729500701184],[1.744545212413364,46.03707291069712],[1.746100577231411,46.03663171622589],[1.750834964262159,46.03485665564137],[1.750963238631,46.0349021986245],[1.751664264826649,46.03580602124485],[1.752051891158515,46.03576255690793],[1.752575315573352,46.03509106348727],[1.752770021358779,46.035001344188885],[1.753084950007906,46.035768520546654],[1.753436669958813,46.03593990083351],[1.753948034481909,46.03574288673492],[1.754956698376158,46.03591247500615],[1.758510220091924,46.03579564120377],[1.760894466714816,46.03643773817857],[1.765271901049693,46.037810283444514],[1.76752327622768,46.03867594227622],[1.769202947126987,46.03954976024424],[1.769646105340409,46.039278986489855],[1.769570124615886,46.03920701445506],[1.768630384443491,46.0386114211498],[1.767261157151772,46.037966120582205],[1.766830880431785,46.03766244156808],[1.766131197193912,46.03680195924526],[1.765244504203319,46.03597816152459],[1.765104930417332,46.03562900903727],[1.765364829855545,46.03511129210153],[1.764986086696272,46.034299327000504],[1.76570820389861,46.03317873788172],[1.766489030447801,46.0325523128937],[1.768891526206523,46.031395040014296],[1.769151243810383,46.031171809492655],[1.768645201344226,46.03026931500595],[1.770399861579878,46.0291085747941],[1.770854069874424,46.02897570899315],[1.776206390506744,46.02888051859217],[1.776305442228652,46.026346399459044],[1.776068288358185,46.025732331583654],[1.77623307221335,46.02541529846723],[1.77625627315118,46.02472118644737],[1.775232505917489,46.023959028056595],[1.774784903939097,46.02350749275483],[1.774852671064813,46.02319301522986],[1.776287823407681,46.02185041452843],[1.776288243192516,46.02171532906728],[1.77461326079457,46.02134689840601],[1.773819252827674,46.020024334917665],[1.774625190550756,46.01970883547942],[1.774873478780881,46.019472860648264],[1.774884461857269,46.019327982732236],[1.774328273910523,46.01870415720556],[1.774297428637286,46.017941915686215],[1.773616031706434,46.0178327762615],[1.773621167653707,46.01742846220508],[1.772783469886188,46.017198746899226],[1.772850524440084,46.016974322833256],[1.773111450243959,46.01675109714931],[1.774013491146922,46.01693557555109],[1.774342570427062,46.016902210439596],[1.774505039611096,46.01674636237882],[1.775032157818718,46.01664308862067],[1.775633820237279,46.016268636558635],[1.775763073689097,46.016269132318605],[1.776336015718416,46.01712728784918],[1.776594235552785,46.01708324447707],[1.776542682423481,46.016320780317905],[1.776219985859226,46.015776936029866],[1.776415275083284,46.01559802413029],[1.777907577636842,46.01493057154814],[1.778229693606862,46.01497727358965],[1.779960529894503,46.01620002229206],[1.781816896088578,46.01782846207891],[1.782010070619163,46.017919697645674]]]]}},{"type":"Feature","properties":{"fid":955,"ID":"COMMUNE_0000000009751315","NOM":"Soubrebost","NOM_M":"SOUBREBOST","INSEE_COM":"23173","STATUT":"Commune simple","POPULATION":139,"INSEE_CAN":"05","INSEE_ARR":"2","INSEE_DEP":"23","INSEE_REG":"75","SIREN_EPCI":"200067189"},"geometry":{"type":"MultiPolygon","coordinates":[[[[1.861800143957839,45.987313276943],[1.86293570467796,45.987253535868106],[1.863168681152253,45.987170318755126],[1.863360828097873,45.98681201280312],[1.863527034898115,45.98677135303784],[1.863756653524748,45.98678806606388],[1.864605774181367,45.98721085019081],[1.864894069199387,45.987264172461956],[1.86527132031399,45.98720130908899],[1.865526901020599,45.9870867931235],[1.865590018142213,45.986531764096505],[1.865697585581716,45.98645268927537],[1.865852398781239,45.98646324538946],[1.866166633898567,45.986699642999724],[1.866255602242393,45.986959001532554],[1.866662484059746,45.987464699405955],[1.868059504454216,45.98832341768942],[1.86896135824147,45.98920059028641],[1.869584897088568,45.98947608950008],[1.869922756705684,45.989507378810124],[1.870514318353868,45.989326858022395],[1.870835983189931,45.98901395985214],[1.870958721016541,45.98869907815911],[1.871046491164367,45.987254514902304],[1.871326918245371,45.986935800943456],[1.870807836434576,45.98597780885599],[1.870097724665757,45.98601935881473],[1.869705000281906,45.98664765091772],[1.869058903710802,45.98677989172959],[1.868996344195972,45.98655502145338],[1.868675994975822,45.986238418682795],[1.868097089368919,45.98605612033758],[1.867904444418227,45.98587497859394],[1.867778776858112,45.98551528962588],[1.868040307105612,45.98511083922025],[1.868559249742889,45.984753088617026],[1.869982961144646,45.98430980477086],[1.870307936583382,45.984086099248934],[1.870374553143492,45.98386161751455],[1.869992208655178,45.98323009597821],[1.870059382242324,45.982915561511675],[1.870643811519217,45.98251252518635],[1.872068001666367,45.98197916219986],[1.873038432575219,45.98171324378258],[1.874073629074737,45.98131197282732],[1.874333054519001,45.9811335341943],[1.873439892905598,45.97996019806897],[1.87314450879953,45.97911881550209],[1.873361644555673,45.97835547921725],[1.873811818501129,45.9779447874639],[1.873140166815663,45.977879568373304],[1.87209875527721,45.97833480340712],[1.871711628524941,45.97837867817982],[1.871069869090673,45.97792649327301],[1.87030056516721,45.97796204988733],[1.86869181544455,45.978240481936815],[1.868086230326873,45.97848029055844],[1.867676679858856,45.978797705340945],[1.86751363886537,45.978811385030454],[1.864948473879873,45.977045773500194],[1.864625780644283,45.97690925208564],[1.863792790129762,45.97627589121758],[1.862070179621799,45.97406476724603],[1.864147868585216,45.97258885275363],[1.867191250782212,45.9712522504643],[1.868748415646554,45.97026906883208],[1.868813538188942,45.9701796609121],[1.868300502051348,45.96981700228919],[1.867786333443886,45.96963534757684],[1.867704679067927,45.96952375909899],[1.867859918138216,45.969134457373286],[1.86689755183278,45.96870425771124],[1.866698305371495,45.96859599458667],[1.866698867497287,45.96850594167319],[1.867160717223691,45.967338001223375],[1.86820346238585,45.96599304839964],[1.868405873641595,45.96500442786985],[1.86937769620238,45.96446838199223],[1.869379178323561,45.96433330904387],[1.868220282011401,45.964169531547014],[1.867456197797421,45.96383497855767],[1.865975515337432,45.96299342004181],[1.865743998302865,45.9626975099681],[1.865568056405771,45.962712858311065],[1.864945834826965,45.96245175624146],[1.863002635552214,45.9614992509743],[1.860323469403969,45.959797222084795],[1.860270069574667,45.95844670531579],[1.860087324717586,45.957231775295476],[1.858228045365763,45.95591889501525],[1.857717280264516,45.955331963118184],[1.857591748927452,45.95497226274257],[1.857724099627724,45.95456743359924],[1.858375862204893,45.95389586654903],[1.859933839772684,45.9527327002383],[1.860132787767257,45.95210339257799],[1.860328150912917,45.95183428313754],[1.862078530966708,45.95085224198722],[1.865380649688169,45.949246323629204],[1.86778671695825,45.94700724553669],[1.869994160863145,45.945127269928044],[1.870125284199962,45.94490253216101],[1.866908949617433,45.94398960558658],[1.864613735071595,45.94298496526904],[1.864356014205548,45.942712203767194],[1.863870830288688,45.94257764988767],[1.863389262955393,45.942205375503605],[1.862753819542543,45.941971143731834],[1.861443721314104,45.94271356354508],[1.861169667276482,45.94279456077147],[1.858908822515549,45.94219451253204],[1.858486004043567,45.94216593283678],[1.855609932464441,45.94266193000322],[1.85536557253209,45.94286659398138],[1.855012977549035,45.94362042144471],[1.853094468125409,45.944932065006505],[1.8499943417518,45.94625689377726],[1.849671626705246,45.9462554155441],[1.845507193504812,45.94322395929692],[1.846108068991379,45.940976813571936],[1.847203907942203,45.9409816771294],[1.847206385943306,45.94080158462171],[1.846887597619636,45.940305714872856],[1.846248390172189,45.93976244915431],[1.846052287220883,45.93994236871682],[1.845859031552421,45.93998632805529],[1.844188211256484,45.939393799806446],[1.843156586404103,45.93934453368189],[1.841455000808499,45.93849858438249],[1.841164383688786,45.938446076406194],[1.84079419900098,45.93861699953833],[1.840262782494259,45.93847556579418],[1.840053148650805,45.93850043498096],[1.838852846299357,45.9379423681299],[1.83810448216416,45.9379283829248],[1.838056280148033,45.93776578176865],[1.837750676712521,45.937750935872934],[1.837620680198446,45.937610909783025],[1.837033971919153,45.93770484744962],[1.836787772711143,45.93762756807311],[1.83661840988607,45.93770147669986],[1.83657104658312,45.93756049765889],[1.836346585770416,45.9377374073333],[1.836205187561408,45.93758735584295],[1.836051478222607,45.937714559453],[1.836053827814837,45.937786630868246],[1.835972430681877,45.937790296600056],[1.835895672745072,45.937635506042994],[1.835305150815822,45.937665453607835],[1.835136354624145,45.93746828804934],[1.834897493392254,45.937532472812045],[1.834615835345572,45.93736206273983],[1.834381302697119,45.93740467680902],[1.834341591999737,45.93751233868479],[1.834112568800983,45.93747755813477],[1.834193045783907,45.937578352812274],[1.834117943620044,45.937650526968795],[1.833753129201772,45.93744503552858],[1.833188182863656,45.93736446290445],[1.832533841432339,45.937543236094044],[1.832342155598789,45.93745209988544],[1.832086208781471,45.93722611206262],[1.830122671210283,45.93334859656558],[1.829677287394643,45.93280633783993],[1.828843451461871,45.932262759219064],[1.82846069260984,45.93181120283375],[1.827957072461504,45.93054966167581],[1.827447490893601,45.929872540507816],[1.826595582922394,45.929150440102426],[1.826054537998076,45.92910340066071],[1.825514622054129,45.92894289570115],[1.826839689065009,45.93283909505844],[1.826827742720577,45.9341880582694],[1.826520904445907,45.93453520708349],[1.824169720570532,45.935660857320265],[1.823584203108861,45.936242858910276],[1.822862938420342,45.937498890265466],[1.821362776726211,45.93938172602154],[1.821487380978682,45.939832419627834],[1.820385506677778,45.940411728935594],[1.820742699022513,45.94079099884368],[1.820685004927834,45.94101374477153],[1.819414382870757,45.94145439621474],[1.818850877795037,45.94142600169164],[1.817758314987358,45.94102733845271],[1.817147435886711,45.94092098942979],[1.816627293775701,45.94049677566068],[1.816301966352761,45.940378097395644],[1.814708333464094,45.94035151127204],[1.813775038598561,45.940112081046486],[1.812915304321675,45.94005353357631],[1.812774828024939,45.94016283311686],[1.811495927420923,45.94044660578189],[1.808842837123691,45.9405835213526],[1.806877744912905,45.941078862504526],[1.806260235376705,45.94133892704651],[1.805055986589796,45.94537889982946],[1.805625705668749,45.94655118490391],[1.805620463964887,45.94709058646538],[1.805096549658904,45.94785326494688],[1.805605360990478,45.94862053932792],[1.805862574865605,45.94866648182918],[1.806445454768981,45.948399749243976],[1.806832422679082,45.94835609756263],[1.807862867493353,45.948585799994156],[1.807862209380164,45.94867585260195],[1.80772919017983,45.94903559028062],[1.807471333762371,45.949078804236215],[1.807149262655574,45.94898715216476],[1.805593880854241,45.949745262317286],[1.805206921735594,45.9497880093747],[1.804692171298571,45.94965108769854],[1.804563407094787,45.94969475765098],[1.8040351733758,45.95095181324062],[1.804226195253482,45.95113304997096],[1.803962383813045,45.95180661039581],[1.807568718065386,45.95227334162635],[1.809114662684924,45.95255078903576],[1.811683402661171,45.95359725763617],[1.815258729132455,45.95353296652807],[1.81536027515166,45.95361418214386],[1.815354786266461,45.954109451449575],[1.814967804064226,45.95415223187244],[1.815157580508788,45.954513555445374],[1.815155338784693,45.95473777991707],[1.814897442122379,45.954781911178955],[1.814896795437218,45.95487196382489],[1.816671814678109,45.95807413185705],[1.817494039602642,45.959832576907516],[1.818066414542694,45.96059955557038],[1.818381205508498,45.96145570359944],[1.818374785841508,45.96217611141901],[1.818180138987627,45.962220010013695],[1.81765652043234,45.96194796723306],[1.816976875498355,45.962206542625935],[1.816642933079357,45.962602916343926],[1.816527816754933,45.963212315696474],[1.81700457506385,45.963501885880405],[1.81715738979094,45.96348186825089],[1.818020660291853,45.96375385721882],[1.819915413074269,45.96518755345642],[1.820087288299441,45.965242479732375],[1.82073708981611,45.96475032099318],[1.820930452440382,45.964706404558],[1.821379535373784,45.96502358611483],[1.821442512065095,45.96515843002725],[1.820857596953146,45.96569629821688],[1.821183217532028,45.96598967981085],[1.821160147112798,45.96640371240346],[1.821429771076089,45.96659834557334],[1.822266899447661,45.966646682293295],[1.822709661561199,45.967683366183685],[1.822192139310049,45.96772661604304],[1.822441204828044,45.968762186505934],[1.821343215157021,45.968892155479196],[1.820820275411247,45.96960988700177],[1.821660339608785,45.9695231693707],[1.821715653970925,45.9703784076427],[1.819646830961524,45.97090892456457],[1.817271887834308,45.97125788958808],[1.816893727838707,45.97154573146671],[1.815495480394074,45.972121002688105],[1.814090723656231,45.972157633461066],[1.813757832354753,45.972861113124104],[1.813979567201002,45.97557872716453],[1.809979294861565,45.97653191823664],[1.809965278181732,45.97801685182432],[1.809618258525622,45.98062402928299],[1.809677628623082,45.981164109600854],[1.810702847091027,45.98184402194036],[1.811975090521893,45.983828775710165],[1.812296733215058,45.98383034787274],[1.812945523376488,45.98351833916494],[1.81385685282154,45.98271284929487],[1.815075260223786,45.98348390305271],[1.815718884315175,45.98371128028912],[1.817459504352237,45.98380962011637],[1.820298751548515,45.98382301807534],[1.820944639812015,45.983825240713806],[1.821524310308977,45.98396366079592],[1.823720555363406,45.983658675688446],[1.823913368991817,45.98370390644701],[1.824361992555327,45.98411112877997],[1.826736222798379,45.98551635543882],[1.828799240495222,45.985706117313015],[1.831054213143661,45.986165298255536],[1.831954372217444,45.986484387965284],[1.832599318202905,45.986532464236284],[1.832922886490082,45.986443938424316],[1.833632434396228,45.98649177384707],[1.83749747266027,45.98718443612499],[1.838854501704887,45.987100191304634],[1.841054465590175,45.98643557275659],[1.842153361093584,45.98621535991952],[1.842363025163733,45.98441632450031],[1.842819678621441,45.98383380682069],[1.843663851881363,45.98325254270614],[1.843857953132587,45.98329865309495],[1.843969926987463,45.98356456921927],[1.843915311416664,45.98388912438558],[1.844277130432418,45.98449981392818],[1.844427169678262,45.98510654056502],[1.844395193482308,45.985398905717815],[1.84647941003356,45.98587404786109],[1.847502569944938,45.98704802351739],[1.848240573424012,45.98765081911132],[1.849358277495401,45.98727222418288],[1.849610990156547,45.98698750352099],[1.851563373005561,45.98747021789929],[1.853046509407341,45.98765725798095],[1.854918381137026,45.98766538988655],[1.856339266945982,45.98749152260052],[1.8569878505067,45.987179261688034],[1.857443456242873,45.98664080459192],[1.857771719650296,45.98601280414477],[1.857976121567079,45.98475404394043],[1.8593336336447,45.984579500929826],[1.860810389608279,45.984947393451186],[1.860995252241749,45.985066328823756],[1.860998639287289,45.98602638772101],[1.861379397663235,45.98679301239498],[1.861800143957839,45.987313276943]]]]}},{"type":"Feature","properties":{"fid":1275,"ID":"COMMUNE_0000000009751063","NOM":"Ars","NOM_M":"ARS","INSEE_COM":"23007","STATUT":"Commune simple","POPULATION":236,"INSEE_CAN":"01","INSEE_ARR":"2","INSEE_DEP":"23","INSEE_REG":"75","SIREN_EPCI":"200067189"},"geometry":{"type":"MultiPolygon","coordinates":[[[[2.070920827318606,46.026035331870396],[2.073824089883438,46.02667236826556],[2.075905000230494,46.02662721362842],[2.077357986864582,46.026712895034166],[2.078032010907247,46.027379385264275],[2.080082507808455,46.02869013885992],[2.081765531274261,46.030721022159724],[2.081890837155956,46.03111467795636],[2.081922570549487,46.03207942662497],[2.082065949281364,46.032397582137925],[2.082346951235555,46.03268173001188],[2.083186567204575,46.0331180867548],[2.083711976746542,46.03378874323719],[2.083400586535363,46.03424100485486],[2.082832863070759,46.034634457386986],[2.084374057151401,46.03564832920448],[2.084048086481276,46.036276983059864],[2.084755215506324,46.036908577456494],[2.084682795932499,46.03861814088894],[2.085262165938839,46.0391586451116],[2.086166021400229,46.03916053052517],[2.087006164496521,46.039027713514],[2.087460073820099,46.038714373648055],[2.087975812455094,46.03880497644056],[2.088299821998973,46.038760753681935],[2.088708310538261,46.038378601736774],[2.088983613027957,46.037683787474954],[2.089403884605688,46.03737016969452],[2.089417301529227,46.036872272581874],[2.090196493608697,46.03659125230786],[2.090221898851857,46.03638432939848],[2.089872352277307,46.03594115428713],[2.08968311904668,46.035030978718716],[2.089205578784934,46.03435353079314],[2.089112868926767,46.033081207298856],[2.091618892360488,46.03314454181261],[2.092330765497799,46.032786421077176],[2.092718632902394,46.03278772481147],[2.093105580684499,46.0329232019514],[2.093104262060054,46.03323838422847],[2.093425448395809,46.033598471871024],[2.093553236993881,46.03400384103534],[2.094069858801415,46.0339602413887],[2.094716707089752,46.03378169622268],[2.095549325331021,46.03535800160839],[2.095807925610552,46.03535826328265],[2.096261941397712,46.03495483459109],[2.096455344455239,46.034909547536174],[2.096842301583228,46.03504591234624],[2.097031815987734,46.03594617120274],[2.097416408438552,46.03662104421395],[2.098708117201473,46.0366241159807],[2.099093640071233,46.03716480852823],[2.099028448114475,46.037434455487855],[2.098508667246249,46.03806341040005],[2.098701530636141,46.038288280173816],[2.098895994709989,46.038336654521146],[2.099614729829622,46.03779753194505],[2.100584626702201,46.037238784499635],[2.10131897349413,46.036296328900555],[2.102753111400376,46.03533599493629],[2.103545017628889,46.0345866984971],[2.103752404231348,46.034000279367156],[2.103769329620788,46.033279073001005],[2.102996083757132,46.03304421776516],[2.102133286237547,46.033068006307026],[2.101503119098541,46.03373122154962],[2.101192754064568,46.034288002769436],[2.100955469332116,46.03448694390036],[2.099984177185306,46.03402806157772],[2.098783690921126,46.03398520431712],[2.097493204300451,46.03383265129173],[2.097107535012256,46.03338200681204],[2.096852645205128,46.03284144732415],[2.095562503154432,46.03243401897937],[2.095887594095942,46.03184945315007],[2.095823315966143,46.031669730919404],[2.094986270288985,46.031308234605234],[2.094987215169125,46.030857966780836],[2.094087970984996,46.029956537130445],[2.09370068190931,46.02968597781553],[2.093126000649338,46.02847014066568],[2.093126576687347,46.02819997995984],[2.093581486289385,46.02766148673652],[2.095653686040166,46.026181322404234],[2.095590910707269,46.0259106563155],[2.094948996522035,46.02500948464232],[2.095014367780264,46.024964979045045],[2.096176713974998,46.024877894403105],[2.09843934561159,46.024388003187255],[2.09831557773458,46.02294793900913],[2.098573936609545,46.02303824796432],[2.098960282897813,46.02344386592575],[2.09947551934987,46.02371542405982],[2.099797416091891,46.02371527938418],[2.10050985018989,46.02331208553716],[2.100384213557752,46.022457366819545],[2.100842288616569,46.02124345779418],[2.101040164662256,46.02020939468417],[2.102396862536279,46.02016701487554],[2.102590928355499,46.02007759608621],[2.102786770202572,46.01940373408451],[2.103305416643546,46.018909834538434],[2.103306325850231,46.01877475924045],[2.102467061498625,46.01863753628635],[2.101242926523436,46.01800555527501],[2.101181747868895,46.01724050294679],[2.101571689049773,46.01679151860338],[2.101507967025869,46.01665683145315],[2.100215434520122,46.01665378132501],[2.099959312731964,46.016428411082316],[2.099640371182431,46.015302891252915],[2.099126663795234,46.0146269981405],[2.098290589752433,46.013905311621606],[2.097457847894232,46.01250913271491],[2.097523571789791,46.01228451843377],[2.097912031275073,46.011925589951524],[2.09842807575857,46.01206207764633],[2.098686011829229,46.01201730080833],[2.099014977306219,46.01071321776875],[2.100628996485073,46.010807088604246],[2.102310357493545,46.010180129144814],[2.103149109631019,46.01018226773549],[2.103665898906309,46.01027280945178],[2.104505385304419,46.01022991630207],[2.104571943782346,46.0095550297832],[2.105087982551129,46.00969148715822],[2.105280773377844,46.009916345905644],[2.105603306626452,46.0098720634636],[2.107199143630484,46.0090147169087],[2.106423302116277,46.00768659447556],[2.105743554660732,46.006809499758646],[2.105131586482965,46.00542142370183],[2.105019593742797,46.004679386522376],[2.105166107606206,46.00409338510227],[2.10508323728966,46.00378564305033],[2.104094355389354,46.0030096590008],[2.103795224017374,46.002412930209424],[2.102965312886093,46.00266842284833],[2.102386912952613,46.00271517347892],[2.102602297247504,46.0018694617066],[2.101213025201084,46.00100652870895],[2.101064566577956,45.999731972374306],[2.100816356776489,45.999185169586596],[2.100613606498457,45.99901966003545],[2.100163556033129,45.99888460604916],[2.099455638899713,45.998478236154654],[2.099651094546645,45.99798358610787],[2.099522981796984,45.99775833075807],[2.098558503187384,45.99708155139451],[2.098882973766563,45.99667798421541],[2.099204515670493,45.99676879529916],[2.09984763019973,45.99726470717878],[2.101075646017773,45.99699708802988],[2.100819414498661,45.9965465803982],[2.099855650006364,45.99551049790812],[2.100120601802914,45.993846583804135],[2.101478997046471,45.99326480375496],[2.101416408934927,45.992904087047656],[2.102773857144699,45.99245736681911],[2.103030964038022,45.99245760178643],[2.103416953455297,45.99295325847415],[2.103543987914438,45.99340363846545],[2.10373687524342,45.99353934668971],[2.105155885544226,45.99367664150668],[2.106253521913458,45.99363397515519],[2.105933387213665,45.99313884814133],[2.105934460477231,45.99291371909153],[2.106128034446304,45.992689208608375],[2.107161226685218,45.992555970105826],[2.108131586237578,45.99215386371275],[2.11039625836281,45.99080823891439],[2.112205671793603,45.99004706123983],[2.112210314843104,45.98887818460454],[2.112989042869562,45.98793510629967],[2.113440471148445,45.98798096623257],[2.113699573897282,45.987936165313826],[2.1138323447423,45.986991627495506],[2.11332007339248,45.98591146229164],[2.113643184511529,45.985822135163446],[2.11319625099918,45.98469655253219],[2.113327676710259,45.984156351338555],[2.113587380587213,45.983752236380084],[2.112687789284498,45.98258078224533],[2.113401840299091,45.981637195061396],[2.113239715715126,45.98063541556052],[2.112276864903094,45.97978585903384],[2.110407106045154,45.97942627753125],[2.110157511325506,45.97928473154383],[2.110072961896861,45.97908144351958],[2.11034230676866,45.978880035414356],[2.110188943355738,45.97837902548284],[2.110230346254821,45.97741576256604],[2.110572836906463,45.97676375323832],[2.111624987590611,45.97607678733794],[2.113646309662001,45.974557188939436],[2.112801686418047,45.97399133385437],[2.111495321523409,45.97354702684017],[2.110413171615341,45.97345568055763],[2.109716126673774,45.973830234765806],[2.108344850944262,45.973647440907115],[2.107630274924237,45.972951090295055],[2.106854283367796,45.97237942712906],[2.10588002189996,45.97200881701154],[2.104737129522192,45.97192233985284],[2.10343793822207,45.97270994899891],[2.103115620931694,45.97275422530491],[2.102537155487813,45.972348897226595],[2.101893055603236,45.9721672827594],[2.101442123036076,45.97194126944434],[2.101409054864959,45.97159339438627],[2.101245630068821,45.97139847898228],[2.100719096555834,45.971373586085235],[2.0998618239836,45.97119747122332],[2.099547652837998,45.97105989074438],[2.099291760604267,45.97083361838509],[2.099035571700503,45.97046775762688],[2.098987764466828,45.970232333362986],[2.099068100433272,45.96942697919544],[2.099341390577174,45.96843134250145],[2.099312835181539,45.96796643093214],[2.099143021606008,45.967689511359],[2.098290337933997,45.96778898932504],[2.098089511659757,45.967671218749736],[2.097384066700913,45.96800600598221],[2.097712258470219,45.969099189445345],[2.097453599916362,45.969279039462535],[2.096808442603239,45.969322525108964],[2.095841355440466,45.96923015533992],[2.094034648511077,45.969226521246725],[2.093196147675734,45.96909012995967],[2.092293457059309,45.969087400156916],[2.091584849652456,45.968906109904864],[2.089050967060341,45.96859577554899],[2.088787699227946,45.968506303670495],[2.088422509720868,45.969034690369],[2.089519089575407,45.969261446681934],[2.090782659223546,45.96993440612209],[2.091329783171175,45.97035395248582],[2.091042225809784,45.97063982133768],[2.090363205239172,45.97109004827905],[2.088862132416152,45.97173448307683],[2.087698401053897,45.97236180432843],[2.086922352337704,45.97258519054024],[2.086148742477582,45.97258345293708],[2.085765905726084,45.97168251149651],[2.085444193387533,45.97145657655101],[2.084350039035407,45.97100466232171],[2.083511342568525,45.97095735254264],[2.083058370930305,45.97109147016951],[2.082475966716748,45.971629786370016],[2.082216915318688,45.971674515876074],[2.081573086062758,45.97140363262695],[2.081121820281706,45.97135764569219],[2.080216737108766,45.97180507735661],[2.078689396806097,45.97169540144663],[2.077767629243638,45.97182658353193],[2.077107954930263,45.97165460664211],[2.076318581964467,45.9719003257205],[2.075026844400027,45.972757916227806],[2.074505560513428,45.97288153582563],[2.074089625258012,45.972807892472325],[2.074016869991207,45.97314050274363],[2.074399762207854,45.97395052982067],[2.073884430147019,45.973949918783454],[2.072786711037892,45.974172378777105],[2.071753717133006,45.974079264023075],[2.07149593691177,45.97412397958832],[2.069040246768903,45.975062909646866],[2.067488459617903,45.97555355269706],[2.067551340056403,45.97611151422727],[2.068083108472112,45.976821026181675],[2.067610552047396,45.97703867319701],[2.067349779649077,45.97748770419341],[2.066768841949619,45.97762160406808],[2.065305850566141,45.977365488442004],[2.06530972344667,45.979267493914506],[2.065563711631716,45.97944789980412],[2.064729672330916,45.98033616765532],[2.06073057417387,45.98032918872383],[2.059738798666254,45.980388501029495],[2.058984552633361,45.980834316087694],[2.05753633948252,45.981145574003214],[2.058437169146054,45.98209955147102],[2.058551813774832,45.983251415696145],[2.059552773889019,45.98341372647435],[2.060659640009317,45.983729100729164],[2.060864417688131,45.98421980084933],[2.060797075273075,45.98475957616394],[2.060919985809483,45.98588448934852],[2.060611356578823,45.98648260112336],[2.060931795074564,45.98678244172111],[2.06142125001409,45.98762581675151],[2.060924372970679,45.98895902431503],[2.061460941638674,45.99120765692314],[2.061768020660762,45.991610948115024],[2.062500589685338,45.99229333063255],[2.062236536450718,45.99353481270616],[2.061911800370598,45.99393917533989],[2.06136340642642,45.99419939632167],[2.061423564337454,45.99453580212071],[2.060545743090802,45.996230576890746],[2.060543240449443,45.99667993360081],[2.061119662768695,45.99758076527159],[2.061503043994855,45.99843676822065],[2.061563369459649,45.99906675647306],[2.061370251249089,45.999858546416924],[2.060842724178191,46.00078534962346],[2.060426780234835,46.000625204270875],[2.059889018134629,46.00086389351799],[2.060505368894424,46.001244537923235],[2.060370477338543,46.001879211825646],[2.059770116342825,46.00169682176859],[2.059641681196228,46.001499434646796],[2.05940426789067,46.00140290554576],[2.059427729695299,46.00093751280909],[2.059036982708319,46.00081539486441],[2.058976162138453,46.00014037314168],[2.058590562984962,45.99986880402012],[2.058332900115568,45.999823436045205],[2.058007826307821,46.000092701734204],[2.057488450278307,46.000766501234516],[2.056642728810937,46.002158927448555],[2.056640194027923,46.00260828402226],[2.056768393933397,46.0027435342569],[2.057671150332243,46.00292575392479],[2.05753914886536,46.00346498980691],[2.057216614551918,46.003509135449086],[2.056378186799861,46.003192364517936],[2.055540553915979,46.00305570524817],[2.055151107639408,46.003459509892096],[2.055276759884836,46.004044118339664],[2.054953965962713,46.00417831108647],[2.054305278231963,46.004626779337016],[2.054045558650334,46.00507579027925],[2.054147919986212,46.005887145881616],[2.05489641687239,46.00587357926505],[2.054161709591579,46.007415505761976],[2.053195041180017,46.00718859736859],[2.052869915747285,46.007682087084504],[2.052543234106223,46.008490757821285],[2.052413221830661,46.00853559907867],[2.052346025436993,46.008985315602345],[2.052084458815659,46.00961441825976],[2.052664479180682,46.009930861427684],[2.052659070183455,46.010920528201346],[2.05187459499114,46.012717782902094],[2.051873557066293,46.01307799698682],[2.052324623781832,46.01307906827355],[2.052709525748962,46.01361991878277],[2.053097272540697,46.013620457644755],[2.053414734396879,46.014701076145336],[2.053948207451362,46.014796487027375],[2.054450464589736,46.01505373511177],[2.056967485176814,46.01435066066582],[2.057160597289809,46.01439549415375],[2.057544784720841,46.01498134961217],[2.059092204260212,46.01534542445382],[2.059544582081056,46.01534647773399],[2.060256187878471,46.01507861179809],[2.060384671293884,46.0151238043697],[2.061541179597451,46.01643108772344],[2.061922983877701,46.01708444973331],[2.0620336417883,46.017568963893],[2.062762322498321,46.01751375447363],[2.064249182907842,46.01711268587075],[2.06418604590502,46.01679697024407],[2.063801999720083,46.01612198421378],[2.063803005872344,46.015986909240546],[2.064061994014884,46.01580713624236],[2.064705302714903,46.01643833300604],[2.064897886042909,46.01643902163248],[2.065805593870152,46.015811616307396],[2.065999467406369,46.01581231371536],[2.066319610451058,46.016217499739945],[2.065477050003766,46.01689047414923],[2.065668702541125,46.017250475206],[2.065927966711973,46.017206684019285],[2.066640051423442,46.01675777049647],[2.066962421046304,46.016803651589605],[2.068377773023161,46.017569059242675],[2.069078527871623,46.017177672881964],[2.070060020719865,46.017306404960785],[2.070238873865585,46.01651358344456],[2.070946550627265,46.016093424793645],[2.071516850515655,46.016536668419015],[2.071657617535631,46.018075968069816],[2.072600938994971,46.02047015909283],[2.072126076931802,46.0205734384712],[2.070939633028136,46.02216670563522],[2.071443224870289,46.02495714659357],[2.070920827318606,46.026035331870396]]]]}},{"type":"Feature","properties":{"fid":1351,"ID":"COMMUNE_0000000009751319","NOM":"Saint-Pierre-Chérignat","NOM_M":"SAINT-PIERRE-CHERIGNAT","INSEE_COM":"23230","STATUT":"Commune simple","POPULATION":165,"INSEE_CAN":"05","INSEE_ARR":"2","INSEE_DEP":"23","INSEE_REG":"75","SIREN_EPCI":"200067189"},"geometry":{"type":"MultiPolygon","coordinates":[[[[1.573600244067555,45.986280419879975],[1.57422692060066,45.986976398792294],[1.574474248178601,45.98775316098557],[1.575091077320435,45.98863093990524],[1.575565441803642,45.98902328058408],[1.576166746291618,45.98930373446005],[1.57677223685575,45.989372587570436],[1.57827897351109,45.98936539133091],[1.579276059657326,45.989130226663654],[1.579746064650004,45.989091989716655],[1.579902739256976,45.98887870163974],[1.580277471498582,45.98877712396933],[1.581350898189859,45.988737435888396],[1.58394728910448,45.98921393958709],[1.585267694898721,45.98926736542414],[1.58658439661979,45.98921355385118],[1.587177786319673,45.989351549207434],[1.587493930768279,45.98956894295659],[1.587652153612522,45.990200460832966],[1.587639993132554,45.99082535090631],[1.587779112699603,45.991144109496126],[1.587946405086329,45.99127138354861],[1.588385232170682,45.991391233925285],[1.59007465959783,45.991366342694754],[1.590442608671083,45.99127725589599],[1.591073018843816,45.990878912214235],[1.592854237325776,45.989587927439366],[1.593611182109151,45.9893937848981],[1.595752866945637,45.98926364620063],[1.599260760957044,45.989570066197004],[1.600044060967824,45.98945636329521],[1.602213250332656,45.98702172135035],[1.602799452888787,45.98673084447775],[1.603169100064125,45.986725496824214],[1.603526484926504,45.986846986071704],[1.605071226211277,45.98768199475971],[1.605619281996846,45.98808051835173],[1.60581401618517,45.98840083887054],[1.606990608471301,45.98790825913941],[1.60732027542445,45.9878492688221],[1.609112768016774,45.98793343818319],[1.609718313302463,45.987694099389685],[1.609903810904353,45.98740907453181],[1.610205333463508,45.98728758687014],[1.611366892569265,45.987388294278105],[1.611832085567829,45.98723188292653],[1.612414532768685,45.98724172178734],[1.612878223895107,45.98714472946408],[1.612984273480401,45.987089288402075],[1.612408807835398,45.98654636413568],[1.612410764488575,45.98636626180607],[1.612930557252333,45.986144768884905],[1.61416048828762,45.98583829926428],[1.615773916376877,45.985848122305136],[1.616482293564969,45.98598736896025],[1.617177842431623,45.9859688441737],[1.617504411126313,45.98603227241163],[1.617689014178645,45.985986792141766],[1.618316593267401,45.98610252535644],[1.618715165629983,45.986025429476015],[1.618919536867901,45.98611888534592],[1.619997145569778,45.98585732804769],[1.620809745561611,45.986014028664194],[1.620988587234402,45.98594055337097],[1.621242306835862,45.98597246237956],[1.621554348352077,45.98579073076773],[1.622212849873274,45.98580684877866],[1.622687241351795,45.98595221614836],[1.622927355271104,45.98590830304816],[1.623338099049166,45.98575748737492],[1.623201024695444,45.985400973225566],[1.623274578949178,45.9846813638448],[1.624048497097865,45.984731296878955],[1.624894544973525,45.9846866336933],[1.624588962232506,45.983369805906676],[1.625680862070648,45.983256972830496],[1.625690907485442,45.982492460791036],[1.62414521689805,45.9822575428148],[1.623328040787694,45.980632784032935],[1.623333173661942,45.98027259466884],[1.623655749094201,45.98018465123143],[1.624365175892434,45.98027973116832],[1.62451340469563,45.98070662854807],[1.624493267877816,45.98099548593668],[1.624800945228821,45.981452238866424],[1.625643576970507,45.981231906581044],[1.624560116785714,45.98002632023684],[1.624456873709749,45.979401830889955],[1.624752770935797,45.979037067224965],[1.624961428070741,45.979113452486864],[1.625525244149292,45.98033164280987],[1.627196238472789,45.980927412339376],[1.627957849624897,45.98183186649567],[1.628923597459883,45.982062414862085],[1.629521558161772,45.98206965231099],[1.630171725546409,45.98070586157304],[1.630867867155615,45.97993343519903],[1.632855832959063,45.978795641733406],[1.633498801638148,45.978341380084714],[1.634531426069253,45.97790532329667],[1.635004508175974,45.97778944187273],[1.63697806816615,45.977852840404246],[1.637067198287516,45.97780077616187],[1.633712392357771,45.97592937519819],[1.632573273663688,45.97425757026169],[1.630389004675508,45.97347914822527],[1.627186136160319,45.97174988366796],[1.627123459247507,45.97156989864908],[1.628296379527286,45.970632149196746],[1.628814057414257,45.970590685986224],[1.629333294395596,45.970279050798766],[1.629276825979256,45.969693859442394],[1.629798121858685,45.96924715294557],[1.6303157855931,45.96920568286942],[1.630258016659001,45.968620476377154],[1.63039207102268,45.96821591472136],[1.630783601046519,45.967948660427695],[1.631427980056712,45.96795284847247],[1.631748750043347,45.96809001814324],[1.632845301293358,45.96814109025894],[1.633684323245821,45.96805665213096],[1.633882140078224,45.967787950200595],[1.633901481029899,45.96758103924894],[1.634319034289641,45.967044799391076],[1.634010969828888,45.96670785100528],[1.633640714800777,45.966587202462996],[1.633590618193394,45.96621193684902],[1.633084046722708,45.96518360984713],[1.634310013955727,45.964596785413754],[1.63469832518526,45.964509604748905],[1.638251410682698,45.964081368060796],[1.638568078575134,45.964488657107005],[1.638761785430026,45.96448918498588],[1.639027856080636,45.963861044540394],[1.641045444799453,45.96243437127647],[1.641493378914887,45.96223260315745],[1.640233946070074,45.960205484575795],[1.639900690258687,45.95999974103203],[1.639147960360056,45.959837588684735],[1.638677467868008,45.959124039567136],[1.639674724190334,45.95869201845152],[1.639932958001471,45.95869331993157],[1.641020230477117,45.95937464182937],[1.641204071450257,45.96014057945375],[1.641652830410309,45.96032338811601],[1.642040351260071,45.960371267169656],[1.641724430755985,45.95982890292157],[1.641737968709446,45.958704183541194],[1.642858747054568,45.95682180804563],[1.643378883769124,45.95646509044067],[1.644470683177723,45.95596571354411],[1.644336771530899,45.95537329963094],[1.643093654291984,45.95467753234709],[1.642004526685928,45.954231270648386],[1.642112602640271,45.954613531910674],[1.641983698197198,45.954657016834695],[1.640187188945459,45.9538365946529],[1.640774447433293,45.95374187703774],[1.639453764382005,45.9531577156744],[1.640593240252326,45.952399569218954],[1.640529632030598,45.952308742669594],[1.639694570675518,45.95203392618803],[1.639956660800628,45.951720955742644],[1.640601030234298,45.951770125055596],[1.641056595045407,45.95141264299753],[1.641188666919835,45.95118817138978],[1.639323632192886,45.950742472569814],[1.639467434665973,45.95030469545476],[1.639749079129342,45.9499838549767],[1.638441205307594,45.94914675842849],[1.636388210239665,45.94837002005886],[1.636325728230612,45.948234173221714],[1.636716734642343,45.947876831432005],[1.635751634505205,45.94738246666535],[1.634578902460932,45.946983757176255],[1.634523776652407,45.94675973652882],[1.634910053530952,45.94659327690063],[1.635362409787784,45.94657351434469],[1.637326913956609,45.94549661748001],[1.63797922688693,45.94496049087941],[1.637339778241679,45.944506983437016],[1.637214796325506,45.94423619113459],[1.637443888723743,45.94285558661786],[1.638009647695109,45.943051528284656],[1.638393261160114,45.94309577179478],[1.639026000273017,45.94282779083689],[1.639459899558244,45.94276996402759],[1.639938873222722,45.94245509811699],[1.638992371175256,45.941367470789935],[1.640224132852249,45.94083559727754],[1.640809592784218,45.940389615316704],[1.640826963497679,45.939633297944084],[1.641969017178931,45.94048639201225],[1.642610472568346,45.94080570422652],[1.642867513477532,45.940852016999415],[1.643515646990108,45.94058599737374],[1.644086726841665,45.940146130824175],[1.64356206823156,45.93990658141789],[1.643504762320773,45.93976990005425],[1.643604544685202,45.938915501701615],[1.645217724326639,45.93861690491634],[1.645965884831344,45.938586231715384],[1.646616199492554,45.93970087913985],[1.646577256212819,45.93997240217386],[1.646417055789654,45.94013530054725],[1.646533364539885,45.94049784228754],[1.646972908327849,45.940419340122396],[1.647652210312056,45.940144663500526],[1.648161084433358,45.940344377667294],[1.649369477135758,45.93955004506838],[1.650231487251071,45.939772877083804],[1.650882692216397,45.93932672763611],[1.651076100561611,45.93928310135786],[1.651561708385811,45.939589697117086],[1.6521270390877,45.9393289465559],[1.652326573852143,45.939140390666495],[1.652385616410728,45.93883758351235],[1.651407913513789,45.937066116938865],[1.652724829959548,45.93636850934207],[1.65195922317515,45.93568932726792],[1.653459608208181,45.93434905051305],[1.652612939201103,45.933185272943945],[1.652952838826378,45.93311456802816],[1.653557702908007,45.932711983268746],[1.653738704057777,45.93254121716767],[1.653535250093309,45.9317822724323],[1.652674720479132,45.93002571943341],[1.65210479967129,45.92921197247587],[1.651342417551799,45.928352698551386],[1.650510410395775,45.927807807285944],[1.649796230441886,45.92793257920774],[1.649380462272119,45.92825634478265],[1.64900664701852,45.928237471867774],[1.647676307297874,45.92770011734252],[1.646715303160248,45.92715455633812],[1.64639381248438,45.927107480530424],[1.646004838836912,45.927285653149994],[1.645741792774115,45.92764365561879],[1.644905230869748,45.92754898052024],[1.644584664137533,45.927411848103404],[1.643749238040055,45.92727124609345],[1.642402444365799,45.92672372454786],[1.641501212131139,45.926583216731764],[1.640728274464061,45.92657843639801],[1.640595171209623,45.926847025077635],[1.64007918112856,45.92688945801844],[1.640125132547847,45.92837424249888],[1.639542593622695,45.92855006663911],[1.639124666968159,45.92854053754511],[1.639152526601761,45.926785551571115],[1.638867147398619,45.92658308022121],[1.637415908253774,45.926295423732256],[1.637074732279593,45.92589683971682],[1.635956220693731,45.92577618541873],[1.635743626100753,45.92586638669129],[1.635410715995615,45.9258641731379],[1.634860765934621,45.92555853046029],[1.63368727712344,45.925937939147104],[1.6328424343707,45.92591872703182],[1.631192919846494,45.92623741858718],[1.630942519695275,45.92618665557518],[1.630612025218322,45.92593138063459],[1.630425220563205,45.92560669456521],[1.629630740199615,45.92548269451698],[1.629584413333156,45.92516601281469],[1.629162764649327,45.92509966191783],[1.628859648791964,45.925196859170214],[1.628646430241656,45.92536359308793],[1.628489176977322,45.92577057227984],[1.628143574912865,45.926070794711016],[1.627870965967094,45.926082799576456],[1.627500245437477,45.92594050673241],[1.625661771232015,45.92627934132708],[1.625785877835354,45.92673656716588],[1.625668211773228,45.92726290661316],[1.626882958276031,45.928338596526736],[1.62684703356288,45.92864077186011],[1.62802143383383,45.92983574287457],[1.628630341172733,45.9302619169311],[1.629444045120225,45.93169116664729],[1.62779382750959,45.93234123385411],[1.627748457146382,45.93260817037704],[1.627537515587562,45.9325785931305],[1.626960435012755,45.93284268136219],[1.626344393667397,45.9329090559894],[1.625729077530942,45.933101524172436],[1.625395921929798,45.93310738436108],[1.625211666223501,45.93330148302688],[1.624805167208367,45.93345325294957],[1.620851156910057,45.93450299773044],[1.620348776603033,45.932967603451985],[1.619360571936944,45.92898196869439],[1.61849792652044,45.92874448014142],[1.617656520160726,45.92982126470523],[1.614918426449364,45.931898859297405],[1.613848235347234,45.932009140513955],[1.612810664367697,45.93200272945011],[1.609538736635657,45.931848189156334],[1.609505204999599,45.93261421527321],[1.609604702973746,45.933018921242024],[1.60953097989648,45.933178327895014],[1.609401986267224,45.93322627748407],[1.607351799697146,45.933654081460844],[1.606902870926856,45.93349094460562],[1.606113396778549,45.9329624575572],[1.605375239738686,45.93305873615812],[1.605160770906301,45.9333217794174],[1.604778491640439,45.933432347498446],[1.603633049807009,45.93319936407237],[1.602346170591352,45.93330145905741],[1.600603537643403,45.93422108363571],[1.600501467485209,45.93437743227253],[1.600617331953551,45.93454188000516],[1.601321806254491,45.93501081394435],[1.601617809695515,45.93545218043691],[1.602571705762672,45.936368200817135],[1.602597091643136,45.936843148322396],[1.603114304562362,45.93726652751955],[1.603621308555317,45.93850034851713],[1.603845281011904,45.93862739941378],[1.60495267011846,45.938583415767035],[1.605255237670877,45.938920379610444],[1.605232657260951,45.9390984266949],[1.604976148303191,45.9393384359186],[1.604947565578099,45.93965150396653],[1.60511458665161,45.9401417060293],[1.605455929954794,45.940579117440414],[1.605518943663645,45.941353537852265],[1.60545529394106,45.94152207258838],[1.605123444550568,45.94178006716603],[1.605040580858432,45.942146504196394],[1.605179126191414,45.942385078380696],[1.605064754910131,45.9428231777734],[1.605159085932713,45.94343136726011],[1.605006126972852,45.9437618156725],[1.605133408005982,45.94434339230158],[1.605210716602499,45.9459807957294],[1.60487517011601,45.94699527635854],[1.604088161686165,45.94860401099296],[1.604511961224119,45.94971251284044],[1.604523848985461,45.95092491194861],[1.604403845111544,45.95132961806766],[1.603584590244373,45.95211927661185],[1.603249455615116,45.95214756447582],[1.603037160763017,45.952016154017464],[1.602717000474709,45.95150514548999],[1.602382501309398,45.95044006913309],[1.600727936943304,45.9502097792358],[1.599478137861412,45.9502087320199],[1.598617469401424,45.950340379613756],[1.597918956129241,45.95054337834053],[1.597642954913282,45.95078493180821],[1.597398971701675,45.95123943121068],[1.597186055172037,45.951335862481805],[1.596893930080842,45.95134845310955],[1.595797031858745,45.95107186519781],[1.59536009062512,45.95109256219838],[1.595224207882125,45.95125659275679],[1.595347773628074,45.951727357195054],[1.59527935475301,45.95213179399102],[1.595078360352995,45.95236796781055],[1.594771629957585,45.95254788993268],[1.594366574797739,45.952532953674876],[1.59407321116598,45.95208799889708],[1.593655912048308,45.951945918355],[1.592802944728072,45.9520271823292],[1.592363883828646,45.952282006841344],[1.592202936847232,45.952516872458254],[1.592124658267754,45.95310401410481],[1.591958964082245,45.95347391576077],[1.591254936487835,45.95429374127365],[1.59087462698419,45.954370965516446],[1.590773230358508,45.95459936545712],[1.590832591131224,45.95500449007319],[1.592231416968981,45.956453906023675],[1.592222933458045,45.95703831319125],[1.591699658906325,45.95937255739374],[1.591573422270767,45.95936017929943],[1.591353318422292,45.95948352977476],[1.591061607769605,45.959377227100696],[1.590669528085501,45.95935793653537],[1.590539717668755,45.959232933271736],[1.590386925438602,45.95929947920447],[1.590507126540516,45.959951235173385],[1.590765365044541,45.95995264879786],[1.592574439111876,45.959402349687856],[1.593051980948425,45.95951366001201],[1.593358805571768,45.95978676288554],[1.593437903514046,45.960229057113],[1.592172682617803,45.960771724504106],[1.592351665918861,45.96185291181173],[1.592790928774611,45.9627554058043],[1.590849183594342,45.9632374113937],[1.589945109334409,45.9636431496301],[1.590287632229294,45.96459038120159],[1.590568996020632,45.96490010050195],[1.590177292546003,45.9651672157208],[1.589850416034665,45.96552520070002],[1.589704513397334,45.96678427421404],[1.589567146557024,45.9668528127205],[1.588653223887219,45.966531605136915],[1.587344498793923,45.968258916636806],[1.58653921111568,45.96893785382653],[1.585609943908808,45.96996738601517],[1.585337007116458,45.97008376104801],[1.58496120977102,45.96922706243454],[1.584767509953105,45.969225542168594],[1.584182180324242,45.969536149579085],[1.583989770625313,45.96953464412798],[1.583475254795944,45.96935168352674],[1.58315370456652,45.96934946160263],[1.580896167920371,45.97084597009822],[1.580664629060886,45.97136003428236],[1.580119537273951,45.97166121860524],[1.579805004706971,45.97203734341605],[1.579517224148761,45.97212740001475],[1.579189619616829,45.972459227933086],[1.578748261632057,45.97269415956022],[1.577642415285356,45.97380066873022],[1.576906461476702,45.974238138912995],[1.576370579401047,45.97523021161817],[1.576003946630041,45.97537150528315],[1.575424969648454,45.97538223589901],[1.574505842958611,45.97555890299117],[1.574316441400027,45.975689813220455],[1.575441202231924,45.976252457514576],[1.576300219398239,45.97700178450892],[1.577192615993858,45.97741018198289],[1.57736373947269,45.97763659091238],[1.577418454198339,45.97796871330164],[1.57678391693854,45.98037715443514],[1.575209730526508,45.98314934187229],[1.573970311239085,45.984762999371036],[1.573699105742677,45.985706156320866],[1.57369275420333,45.98620052735446],[1.573600244067555,45.986280419879975]]]]}},{"type":"Feature","properties":{"fid":1370,"ID":"COMMUNE_0000000009750793","NOM":"Saint-Martial-le-Mont","NOM_M":"SAINT-MARTIAL-LE-MONT","INSEE_COM":"23214","STATUT":"Commune simple","POPULATION":264,"INSEE_CAN":"01","INSEE_ARR":"2","INSEE_DEP":"23","INSEE_REG":"75","SIREN_EPCI":"200067189"},"geometry":{"type":"MultiPolygon","coordinates":[[[[2.067601789365232,46.0757816865943],[2.0680635447907,46.07678509420879],[2.068197790728979,46.077796617112625],[2.068658904010254,46.078457806684874],[2.069761876572049,46.07812554575091],[2.070282135739209,46.07758677694899],[2.070411535173539,46.07758693667577],[2.07124942894761,46.078083699182336],[2.071433155701394,46.07800865603618],[2.071750229430621,46.07708728388772],[2.071591978615367,46.07626738691164],[2.07190768966864,46.075655793233935],[2.072361987607923,46.075342514230194],[2.072879014827429,46.075299011212905],[2.073459313486826,46.07557031530204],[2.07390903164009,46.07606568858623],[2.074168581893126,46.07602097820572],[2.075075874216255,46.07539348930331],[2.075400109859508,46.07534930346684],[2.077307795837857,46.074016708469244],[2.077608860832127,46.07388767608973],[2.079358419930527,46.072719463084624],[2.079497594679598,46.0725215705414],[2.080763811626564,46.071469186889466],[2.081185266455019,46.07071613801417],[2.082529135107398,46.069735507637944],[2.083052269426055,46.06901209202591],[2.084001157921045,46.06828220673437],[2.085375594146487,46.06670202335211],[2.086384373844686,46.06586723707697],[2.086340253862643,46.065641744009596],[2.087887342578306,46.064563627842595],[2.088092367692975,46.064292409448335],[2.088191220250551,46.06379249795952],[2.089380905823504,46.06374532041769],[2.090332036458222,46.06357284212113],[2.091222719932319,46.06353495415517],[2.091680367141646,46.06386732067169],[2.093379789615701,46.0638971264788],[2.09413403832719,46.06311066864419],[2.096207551509307,46.061945688209946],[2.096400862812188,46.06199045476459],[2.097303242967595,46.06257759383105],[2.097497281833625,46.0625782373573],[2.09762849367077,46.06199302359124],[2.098016751406182,46.06190425572032],[2.09789014212102,46.061184610356186],[2.098281527842455,46.06051050937189],[2.099258486202294,46.06151968288899],[2.099811339042143,46.06156999993688],[2.100486717321652,46.06132680647084],[2.10183623174997,46.06020280909618],[2.102288979477974,46.06020369175968],[2.103260200068136,46.05966564203306],[2.104878498405817,46.058949881417725],[2.107208546858138,46.05805418998234],[2.10824491317285,46.05756163841836],[2.108825928965546,46.05778774010973],[2.109213973153634,46.05778898740862],[2.109538738409821,46.05738448994377],[2.109021828725645,46.05711386810919],[2.109217639068933,46.05684434121047],[2.110320016491144,46.055947042820996],[2.110839103101272,46.05536305582724],[2.109878516583434,46.05333649172964],[2.110333233233932,46.0525727928206],[2.110914530813092,46.05261877679729],[2.111239090588596,46.052304327919764],[2.111755870324752,46.05226064770746],[2.11207953497571,46.05208127165394],[2.113652251459162,46.05168472586208],[2.113490042678777,46.05155738126499],[2.113535965502069,46.050875125036434],[2.113426896616559,46.05066084256892],[2.113749475929746,46.0499060033428],[2.11372285187498,46.049632028738564],[2.115706835123636,46.04979430642264],[2.115903620170445,46.04929963909216],[2.117432574510433,46.049688878300664],[2.116218556919457,46.04805213405961],[2.115625657261095,46.04672010443564],[2.115185892930065,46.04535684675798],[2.117861458766904,46.044400599200955],[2.119284568391707,46.04372004138814],[2.120246744994086,46.043718505322786],[2.120190664769875,46.043505541067425],[2.11916122487336,46.04237816835576],[2.117551503881057,46.041070664366586],[2.117368837673034,46.038191092348534],[2.114463677464308,46.03800543938516],[2.114074875178805,46.03814018579308],[2.112588130264478,46.038361800593385],[2.11000517941457,46.03840189090465],[2.109871983803626,46.03912128413958],[2.109420702473864,46.03912044189969],[2.109095148885291,46.03966001453994],[2.10890175412388,46.03970442271576],[2.108514171263494,46.03952306722115],[2.107963118114212,46.03977358833969],[2.107481199991985,46.04014622516148],[2.107169937347253,46.040202310187375],[2.106713191654744,46.04013927633181],[2.104543688862512,46.03948097170508],[2.102637246994827,46.03918762898639],[2.101594883664628,46.03919468348528],[2.101018365371647,46.039102760392204],[2.10070060489067,46.038844484270015],[2.10037140484875,46.03817906793279],[2.100367451364423,46.03786744631351],[2.100584626702201,46.037238784499635],[2.099614729829622,46.03779753194505],[2.098895994709989,46.038336654521146],[2.098701530636141,46.038288280173816],[2.098508667246249,46.03806341040005],[2.099028448114475,46.037434455487855],[2.099093640071233,46.03716480852823],[2.098708117201473,46.0366241159807],[2.097416408438552,46.03662104421395],[2.097031815987734,46.03594617120274],[2.096842301583228,46.03504591234624],[2.096455344455239,46.034909547536174],[2.096261941397712,46.03495483459109],[2.095807925610552,46.03535826328265],[2.095549325331021,46.03535800160839],[2.094716707089752,46.03378169622268],[2.094069858801415,46.0339602413887],[2.093553236993881,46.03400384103534],[2.093425448395809,46.033598471871024],[2.093104262060054,46.03323838422847],[2.093105580684499,46.0329232019514],[2.092718632902394,46.03278772481147],[2.092330765497799,46.032786421077176],[2.091618892360488,46.03314454181261],[2.089112868926767,46.033081207298856],[2.089205578784934,46.03435353079314],[2.08968311904668,46.035030978718716],[2.089872352277307,46.03594115428713],[2.090221898851857,46.03638432939848],[2.090196493608697,46.03659125230786],[2.089417301529227,46.036872272581874],[2.089403884605688,46.03737016969452],[2.088983613027957,46.037683787474954],[2.088708310538261,46.038378601736774],[2.088299821998973,46.038760753681935],[2.087975812455094,46.03880497644056],[2.087460073820099,46.038714373648055],[2.087006164496521,46.039027713514],[2.086166021400229,46.03916053052517],[2.085262165938839,46.0391586451116],[2.084682795932499,46.03861814088894],[2.084755215506324,46.036908577456494],[2.084048086481276,46.036276983059864],[2.084374057151401,46.03564832920448],[2.082832863070759,46.034634457386986],[2.083400586535363,46.03424100485486],[2.083711976746542,46.03378874323719],[2.083186567204575,46.0331180867548],[2.082346951235555,46.03268173001188],[2.082065949281364,46.032397582137925],[2.081922570549487,46.03207942662497],[2.081890837155956,46.03111467795636],[2.081765531274261,46.030721022159724],[2.080082507808455,46.02869013885992],[2.078032010907247,46.027379385264275],[2.077357986864582,46.026712895034166],[2.075905000230494,46.02662721362842],[2.073824089883438,46.02667236826556],[2.070920827318606,46.026035331870396],[2.070270650678579,46.027023312039965],[2.070075976372605,46.02706764340066],[2.069625701312015,46.02670732908271],[2.069303271423502,46.02666145557631],[2.06917430652586,46.02679547975544],[2.069171558261617,46.027110651178454],[2.069816049399987,46.027606743770534],[2.069808964017649,46.028866560874505],[2.069354111667507,46.02954004424558],[2.068964564040661,46.0299447965357],[2.067542963257464,46.029986244494275],[2.067412286366248,46.03052550216006],[2.068828946073178,46.03115853024214],[2.068822666757761,46.03259846480416],[2.069274424741348,46.03264450069379],[2.069921107996455,46.03255615051544],[2.070433331095054,46.03323216504693],[2.071209314267767,46.033143967076555],[2.071852601681677,46.033640037414784],[2.072110434132985,46.03368537460686],[2.072305356348232,46.03355098624359],[2.073722461009063,46.03431903868214],[2.074125898148226,46.03431783149385],[2.076163538064458,46.0349414273415],[2.07684866251998,46.035336947746316],[2.075844993849783,46.036123058497346],[2.077261124111502,46.03734133421891],[2.077454318390219,46.03738703352856],[2.078096740329155,46.038018143386104],[2.077640941211113,46.038826734839816],[2.077768087730048,46.03918708970996],[2.078475519545141,46.03995290830944],[2.078474332946976,46.04017803683384],[2.076270315804684,46.04174777655336],[2.076720100775829,46.04237822482459],[2.077301262423303,46.04242438109992],[2.077168166633582,46.043188767776265],[2.074256955672643,46.045274131974345],[2.074192050356225,46.04567254707643],[2.073632979540692,46.04699989914787],[2.074691814884268,46.047637130264384],[2.077781854288557,46.05016313720556],[2.077716221792148,46.05029768631044],[2.076291807279236,46.05101463979193],[2.078803508515066,46.05263985492992],[2.078870975702479,46.05278178964895],[2.078062046779535,46.05335337093898],[2.079402055511613,46.05343089739001],[2.080021628296486,46.05466697980201],[2.080083947938628,46.05511686077697],[2.079818736125104,46.056510564882856],[2.081238873859492,46.0568291664066],[2.079782599142237,46.05805111612352],[2.079231655399945,46.058198837960354],[2.078172320779968,46.0582703820519],[2.077777659486248,46.058431974719525],[2.077555633968622,46.0587894895133],[2.077430552338641,46.059690825480345],[2.076892809579919,46.06012952189527],[2.076168622790461,46.060269515100146],[2.074658011881849,46.06001945507855],[2.073936991366297,46.059971244393964],[2.073676041187153,46.06002674885471],[2.073262122610628,46.06025480963692],[2.072798224118233,46.060838178728005],[2.072516074996059,46.0616130489683],[2.072351629416557,46.06323179865475],[2.072142788353613,46.0635714000049],[2.071444583834094,46.06400785793118],[2.070039901380399,46.06445022896073],[2.069671067163783,46.06483984561365],[2.069662827544365,46.06509733621471],[2.070491814626624,46.06603260241301],[2.070697746912641,46.06663135626353],[2.07060594421591,46.0670871844558],[2.070004999015352,46.067965701676954],[2.069971829602039,46.06908481700909],[2.06970477355608,46.06980397014095],[2.069459226364446,46.07016938181825],[2.067581233145094,46.07134989608999],[2.06662383398706,46.07233623381234],[2.066538639161936,46.07316224070163],[2.066905294943547,46.074429633582184],[2.067269749277981,46.07476043182096],[2.067601789365232,46.0757816865943]]]]}},{"type":"Feature","properties":{"fid":1716,"ID":"COMMUNE_0000000009751318","NOM":"Bourganeuf","NOM_M":"BOURGANEUF","INSEE_COM":"23030","STATUT":"Commune simple","POPULATION":2408,"INSEE_CAN":"05","INSEE_ARR":"2","INSEE_DEP":"23","INSEE_REG":"75","SIREN_EPCI":"200067189"},"geometry":{"type":"MultiPolygon","coordinates":[[[[1.712692225596543,45.94792796298161],[1.712226484164399,45.94841079692036],[1.711636387196855,45.949352426669776],[1.72031938170723,45.95133500585038],[1.721799451323525,45.951539055923654],[1.720692530516556,45.952279461640224],[1.719927289521006,45.95187274030027],[1.719348212571805,45.95173380035753],[1.719726761647603,45.95250090019344],[1.716242024031935,45.952662269326225],[1.715253544265593,45.95396684859479],[1.715047077364994,45.95412751586188],[1.714880957027425,45.954495781581564],[1.714567218541216,45.95466063380405],[1.714227728363004,45.95498820347638],[1.714191201893075,45.9553912628221],[1.713868354778536,45.95611168744688],[1.713909843936765,45.95632560389963],[1.714199475187465,45.95647479318381],[1.715162228319453,45.956884695491276],[1.715548518785657,45.9569314079037],[1.716124754425775,45.95724955628516],[1.716315991756897,45.9575210078917],[1.716185281495903,45.957699647982245],[1.715927050662057,45.957698520424124],[1.71515461012133,45.95737724375902],[1.714560227327562,45.95722819939688],[1.714007376812042,45.95657257904486],[1.712204124273477,45.956103574608925],[1.709891395704169,45.95528109935408],[1.708030602730289,45.954461033200246],[1.70750904614272,45.95495221790285],[1.707181113602272,45.9554456117758],[1.708912579755363,45.95622008669505],[1.710185684849153,45.95771160457818],[1.713386277665053,45.95988878088056],[1.714595016213027,45.96138041590015],[1.714651833208221,45.96209974936186],[1.714584587289955,45.96232503950087],[1.713086335668131,45.96327437577357],[1.713116021998005,45.96399340180909],[1.713294186778784,45.96410620206649],[1.713398517216138,45.96444962035809],[1.713648901764552,45.96456684314897],[1.713780146437405,45.964974510298006],[1.714351369678645,45.965787045914006],[1.714797745438841,45.966194687223215],[1.715697144426629,45.966559733846246],[1.717435693296656,45.96688384763845],[1.717072000640583,45.96846930660067],[1.71706599245016,45.96889342654536],[1.717257873816872,45.96919460350138],[1.71723362716003,45.96934833337669],[1.716609122165907,45.9697654447447],[1.716406201727068,45.970159413704714],[1.716279419234623,45.97022372106959],[1.715886893713926,45.970163432335255],[1.715319616279624,45.96978774677376],[1.715164668987632,45.96978598867682],[1.714959896079262,45.96992686220259],[1.715628068268682,45.9702406512383],[1.715907970855504,45.970699535328365],[1.715899180294529,45.97146405497705],[1.716461395477028,45.97139297665532],[1.716650577634716,45.972142628531046],[1.716846360189496,45.97222139924106],[1.717236136479432,45.97262208445192],[1.717478345320222,45.97270408179132],[1.717571627013955,45.972858242201895],[1.717888577377772,45.973003227264726],[1.718147689155009,45.97302507356713],[1.718826098468685,45.97351187631456],[1.719305613484428,45.973998226829444],[1.719553512474733,45.97461344568924],[1.71988027876794,45.974836889144136],[1.721023545163014,45.974775957246486],[1.721400676297829,45.975723155406946],[1.720750658697453,45.97612469160504],[1.721385624694394,45.97698293974269],[1.721644991533275,45.97693903612233],[1.722229376992886,45.97658268536541],[1.722367259337321,45.975817821550834],[1.722694358490916,45.975415336199376],[1.723212312315063,45.975193322834386],[1.723748827782406,45.97522909086355],[1.725025575998569,45.97403395361721],[1.725352207335869,45.973650368460895],[1.72622879581919,45.971659977907734],[1.72642690272024,45.97141543916397],[1.727348692101649,45.970762954384966],[1.728385515986137,45.969826261086524],[1.728798855752768,45.96881771676077],[1.729123367042779,45.968411582316406],[1.729782098065127,45.967905626826735],[1.730199721799604,45.96771758076749],[1.731422069046973,45.96741246690695],[1.732104903333024,45.967316545305266],[1.732256649018728,45.96723268661881],[1.733154701720258,45.965865707742424],[1.73341736888854,45.965563340129826],[1.73380043325375,45.965360484776454],[1.734720292033536,45.965177137397546],[1.735930083919378,45.96535906443074],[1.737294632805795,45.96543823397347],[1.738144055869882,45.96517211803967],[1.739042893336515,45.96511638771978],[1.740705925912855,45.96473682853024],[1.741741385510488,45.9649185554346],[1.741915676824119,45.96503396873695],[1.74259495705384,45.966052896196494],[1.744111395994534,45.967004556562685],[1.744306052122225,45.96707696282555],[1.744736032807039,45.96708082999212],[1.745430319375726,45.96687778315101],[1.745708355292416,45.96663499803164],[1.74581607923991,45.9663849221941],[1.745827031232011,45.9659041197668],[1.746080694229288,45.96554038258815],[1.746495888059825,45.965228867289774],[1.747810227023006,45.964733668114526],[1.74847656114254,45.964565417518294],[1.750445976486666,45.96450971804777],[1.751045325553354,45.96433350830695],[1.751193789297731,45.96416493154952],[1.75108783049546,45.96382603577953],[1.749511679566804,45.9632277476837],[1.749049285542153,45.96317400687522],[1.748298022867973,45.96327287567968],[1.748075607139923,45.96322898861979],[1.74723826273037,45.96257038945886],[1.747198176770056,45.96240243316774],[1.747225697262717,45.96221451103505],[1.74824120355748,45.960602851738926],[1.748069767859258,45.95990748954341],[1.748168986544178,45.95974647764512],[1.749116267857289,45.959145437052854],[1.750154482903592,45.95874712837047],[1.750421057708258,45.95872215233931],[1.752852286035704,45.959020043995565],[1.75367789516828,45.959627137838226],[1.756114967148416,45.96201262421961],[1.757015350858651,45.963258142153286],[1.75718593080394,45.96365357882583],[1.757277683030458,45.964738012829905],[1.757166106219582,45.965561741561174],[1.756772320895928,45.96618604010837],[1.75658904808089,45.9669243243162],[1.755865191255821,45.967523380163456],[1.75487605995202,45.96791597808778],[1.754630851181949,45.96830774617222],[1.754434166384879,45.96895221687],[1.753739166311421,45.96913009404684],[1.75360531883748,45.968709839528046],[1.751287243755776,45.968415017979986],[1.750071548702614,45.967464074092305],[1.749878119957504,45.96750786950295],[1.749474809802645,45.96894528540099],[1.749531047331123,45.96971052060915],[1.750287759534564,45.971423720926815],[1.750610349551164,45.971380449263656],[1.750934711937649,45.971202105443986],[1.751714281812831,45.971112536124714],[1.752011412269829,45.97128062203198],[1.752218564589514,45.97103073552021],[1.75235699859888,45.970450470060435],[1.753649917936716,45.97067635077175],[1.753765026987705,45.971981693440725],[1.754281624135079,45.971983775359284],[1.754922302324498,45.971810700824385],[1.755187227942433,45.97266108235975],[1.755525421554736,45.97455606895104],[1.756048661740332,45.975637139539884],[1.756306977502355,45.97563817558496],[1.757021298275867,45.97523714408896],[1.758901664831509,45.97439228765252],[1.75902952847081,45.97439278834351],[1.760055286516907,45.97507317318662],[1.760249031547598,45.97507349323088],[1.762003401022847,45.97391289586869],[1.76399377977246,45.97477850323081],[1.764368471148052,45.976039833860355],[1.765522922670171,45.97663061136245],[1.765884758110079,45.97650847076933],[1.765501662311045,45.97475622551652],[1.765766654093451,45.97463212904533],[1.766813857003073,45.97631955892415],[1.766783313708862,45.97704871425805],[1.768399397748814,45.97715816283536],[1.768289763864523,45.97645810321605],[1.768816004559613,45.97637736786962],[1.769466680774602,45.97593053671433],[1.769085833922047,45.97534370820743],[1.769151846014084,45.975164305322885],[1.772127105728883,45.97450404230167],[1.774580823114339,45.97429196214854],[1.776713375287639,45.973942170573245],[1.776659154897448,45.97295272529289],[1.776788724853522,45.972818134302145],[1.784831410815359,45.969435618784786],[1.785151598948748,45.96903108308158],[1.785537338190487,45.968991992282994],[1.785927127217731,45.96876922138501],[1.78605971946765,45.96832034346166],[1.785891580821445,45.96803845437291],[1.785461926924663,45.967843820075124],[1.785283582429025,45.96761495591288],[1.78282031649803,45.965937703619225],[1.781813480304387,45.964572373237544],[1.781827011209421,45.96419426688684],[1.781340461783637,45.96388823049918],[1.781335207210786,45.963483804569194],[1.78205637829881,45.962407242674225],[1.782190978095933,45.961868330699865],[1.782199951848697,45.96087866804743],[1.785316672311011,45.95891462166378],[1.78519271836805,45.95832880268408],[1.785213116589663,45.95775533982349],[1.785399967271093,45.95707018747425],[1.785340861228352,45.95653009433346],[1.784826097182786,45.95639308232886],[1.783344311395703,45.956251082603664],[1.782438463290043,45.95651602629618],[1.781857758626356,45.95655841145031],[1.780250379798939,45.95596562018117],[1.780600338815644,45.95503096509686],[1.779880735736348,45.95499078963755],[1.779568943291512,45.954901871567465],[1.778607715620553,45.95446191793544],[1.778245074434268,45.954162607584124],[1.77819336962265,45.95393239638445],[1.778469781344231,45.95340402519703],[1.777576541362182,45.95257843839667],[1.778158399018058,45.95207498057833],[1.778365222765614,45.95165663243153],[1.777527863783861,45.95104869276648],[1.777146811873937,45.95041685807484],[1.776995055545835,45.949750575116326],[1.776568243141739,45.950017043506904],[1.776491369662375,45.95028098923885],[1.776265903886355,45.95049199431535],[1.776519987195682,45.9511431735863],[1.776885009721,45.951392081871425],[1.776462147153603,45.95171262873494],[1.775818198072708,45.95198845502705],[1.775332022117792,45.952484830853884],[1.774747016499301,45.952780201528476],[1.774294325934255,45.95188730780549],[1.773197988920474,45.951836705132386],[1.771853468442564,45.95093052953244],[1.771211433105314,45.95065698344101],[1.771086211252679,45.95025125377059],[1.77089427672534,45.950115880700494],[1.770909625717843,45.94867598500775],[1.770786832673827,45.94804603143685],[1.770596364723607,45.94772965271183],[1.769955072902556,45.94736694749378],[1.767386409113117,45.94636455132761],[1.767458027527018,45.945644849281926],[1.767590294228061,45.945330178123854],[1.769074459126319,45.94529319372744],[1.769205709786748,45.94502353984917],[1.767986605434238,45.944523050060205],[1.768578860554098,45.943265950515595],[1.768905713170213,45.942908364882975],[1.770558191925559,45.943077629134365],[1.770799549098202,45.94273261843069],[1.771185721737792,45.942492748905494],[1.771173899581107,45.94174962404094],[1.771304700129574,45.941615053313],[1.771181918306503,45.94098510016083],[1.770024988272456,45.94070955652915],[1.770616722818131,45.939587531896755],[1.770876000619469,45.93936429712831],[1.771264223735928,45.93932078105895],[1.771832157306529,45.940538255314365],[1.772530318688152,45.94153198856497],[1.772862981143468,45.941665282737624],[1.773644564675502,45.941174821573185],[1.773807678687787,45.940864080317716],[1.773124443316535,45.9401848268342],[1.773448837270751,45.94005145169857],[1.774094903517486,45.939964789468],[1.774607061160085,45.940326974305584],[1.774928448766213,45.94032865258032],[1.775905856826003,45.939389094759626],[1.77552206072913,45.93911746424746],[1.775263626235112,45.93907143884048],[1.774616456733745,45.93938234536562],[1.774183447923108,45.93940827638618],[1.773921133907717,45.93901457377801],[1.773100054499277,45.938961545619726],[1.772786477692163,45.93860961276956],[1.772474871820919,45.93799562532217],[1.771235706395033,45.937011328375526],[1.771253566432806,45.93673143514042],[1.772097726813767,45.936673953517854],[1.772396742059785,45.936404315371014],[1.772535518507512,45.935795212879796],[1.773760986819637,45.93542304156069],[1.773661342810229,45.93468076680802],[1.773724346481825,45.9343437240664],[1.774039583500442,45.9341562123145],[1.774691250719427,45.934104731566656],[1.774863286340871,45.934030043193005],[1.775105639532328,45.93352112540638],[1.776933425328903,45.933456239525704],[1.77770988217977,45.933189946091275],[1.777523234848582,45.93246925044997],[1.777657805848256,45.93193034381841],[1.778759979576511,45.931350550193564],[1.780132601907238,45.92951372235479],[1.78130711190647,45.9281691745579],[1.781827056511539,45.927767702519816],[1.782794299530408,45.927681748018315],[1.782795992902196,45.92754667627172],[1.782221762524864,45.92695961035529],[1.780168000203274,45.92604949493092],[1.779015568711016,45.925233728560016],[1.778244737949466,45.924960630692254],[1.7761730830942,45.9239908083691],[1.774260723971094,45.924913035330256],[1.772603454844839,45.926141500995925],[1.771589941113311,45.92627729959597],[1.768001992666333,45.927443293324586],[1.767523511759898,45.92742907622452],[1.766197458663493,45.92768840698528],[1.764825779068923,45.927622106596985],[1.763977685024855,45.92797578799026],[1.762549424466588,45.9283024056016],[1.760790949493696,45.9289072782033],[1.760672896814349,45.929221196494275],[1.759884402515137,45.92979164547785],[1.758953666338789,45.92997236878111],[1.758854459452492,45.93007935309441],[1.75862604656346,45.93013538664446],[1.756887980451942,45.930231582144785],[1.755309943512969,45.92964235016137],[1.754551161234862,45.92843889806963],[1.752810344655934,45.92843052996072],[1.752046132975923,45.92752690198347],[1.751273173233661,45.92752287678664],[1.749166727072818,45.92548675526916],[1.748974178587294,45.9254413972789],[1.747486752413472,45.92592837927028],[1.747099649039503,45.92592589442571],[1.746644288207313,45.92552008115714],[1.746223751312532,45.92483186152639],[1.745601197143263,45.92434493758747],[1.745253485990344,45.92357646696433],[1.745200072421875,45.92303190826157],[1.744233216760145,45.92276180581914],[1.744175576976627,45.92217667230459],[1.743210660803413,45.92199214007916],[1.742312834483984,45.92158229305894],[1.740382033396599,45.921257307138525],[1.739933004745303,45.921029856659864],[1.739618124982477,45.92035359526168],[1.739310961406773,45.91900196326013],[1.739277225635855,45.91726161359187],[1.738498570639717,45.917287156095504],[1.736420598757629,45.91804208959105],[1.735261481496922,45.91794628054141],[1.735196460877592,45.91808064482341],[1.735764929864776,45.919118195583245],[1.735761570330971,45.91943337089386],[1.733945691514649,45.92045776902588],[1.733623110314273,45.920456860311724],[1.732855968358501,45.91986737765475],[1.732595094238482,45.919764487737545],[1.731660412406198,45.92006382181001],[1.730233284148486,45.91938946723504],[1.72924928717484,45.91936490916908],[1.727849119568279,45.919089796891356],[1.727624066658092,45.91894496953181],[1.726977237416787,45.919016045567446],[1.7268174794626,45.91883772815789],[1.72643800067659,45.91878662493429],[1.724966440874723,45.91892135112308],[1.724412339043438,45.91916727539049],[1.723502295158251,45.91918132675843],[1.722429480218086,45.919982467596725],[1.721447749021894,45.92058289123406],[1.720403866923667,45.920969158832946],[1.721489770672423,45.921830712081935],[1.72617861883654,45.92236002652066],[1.728232172385171,45.92357103387642],[1.730548538919172,45.92514159333679],[1.730230517480943,45.92589363570515],[1.729829121831053,45.926287199440104],[1.729778472839248,45.927028732868614],[1.729608083790616,45.927478025094395],[1.729687890321403,45.927822953898364],[1.729556664883852,45.92791694509406],[1.730061050477421,45.928598965003005],[1.730175270502001,45.92907486799674],[1.730168738950246,45.92975025160645],[1.732654356404475,45.93026084599671],[1.732002667042414,45.93149098137866],[1.728314625343782,45.93470439541435],[1.726573678260948,45.935698003187966],[1.725593458047203,45.93644618252242],[1.725290293038789,45.937052480984185],[1.724567282557737,45.937561284711165],[1.723860195335988,45.93821796363723],[1.72355967497061,45.93865317162687],[1.723223294361987,45.93929871715244],[1.724516825476905,45.940521021952954],[1.724684144243257,45.942215154217195],[1.724458058288219,45.94456409972117],[1.722008093117434,45.944550871424774],[1.720648197782617,45.945128109563534],[1.720192712436949,45.94539584511316],[1.718767979298976,45.94592819798025],[1.71637639368264,45.94645407514156],[1.713527583689811,45.947428614867675],[1.712692225596543,45.94792796298161]]]]}},{"type":"Feature","properties":{"fid":1760,"ID":"COMMUNE_0000000009751310","NOM":"Saint-Michel-de-Veisse","NOM_M":"SAINT-MICHEL-DE-VEISSE","INSEE_COM":"23222","STATUT":"Commune simple","POPULATION":166,"INSEE_CAN":"01","INSEE_ARR":"2","INSEE_DEP":"23","INSEE_REG":"75","SIREN_EPCI":"200067189"},"geometry":{"type":"MultiPolygon","coordinates":[[[[2.031460148205539,45.94572717808188],[2.030551823725353,45.94657943718805],[2.029357438732283,45.9479857830813],[2.025643389745814,45.949584789364216],[2.02518213448503,45.94953218765816],[2.024367236714529,45.94983856221534],[2.023962443172282,45.95046096278598],[2.023985754965801,45.95060255195516],[2.016101056920342,45.957410988509764],[2.01462987915573,45.95816006909891],[2.011117045039855,45.95920561247971],[2.018041487704837,45.96872178818091],[2.019131747424492,45.96993979210624],[2.019707524078541,45.97075078117917],[2.022866191201729,45.971209450824865],[2.024092592026873,45.97116779432462],[2.033451343353096,45.97033939841204],[2.037713008082954,45.9697660158015],[2.042512537250231,45.968929556971595],[2.042700445919233,45.96904101393042],[2.043854820448653,45.969275907061174],[2.04390357031423,45.969369076235566],[2.044816645144498,45.96974150835409],[2.045038401432833,45.970061275894146],[2.044542421293146,45.97140342702628],[2.046308410807639,45.97264397380818],[2.046196475929556,45.97276820866202],[2.046313556926697,45.973092495173844],[2.046703689151243,45.973237167720825],[2.046992184166319,45.973657454970294],[2.047353418268245,45.973606460915576],[2.047730389784884,45.97398966704842],[2.048369492958602,45.974227383457794],[2.049620765365991,45.97551578298348],[2.050078768209993,45.97524675667792],[2.051350753037436,45.97398763291274],[2.05434089628903,45.972777978201194],[2.0557640917418,45.972106331397406],[2.056474385513121,45.971883510421705],[2.058350277682332,45.97094363448663],[2.059835189220938,45.97081188383],[2.060287169302502,45.97058779478294],[2.06171297068959,45.96937666273143],[2.062518287112939,45.968879021509814],[2.06370971088297,45.96792708554821],[2.064197743552792,45.96687116567569],[2.064594720030196,45.96684112530158],[2.064438908964087,45.966054553292466],[2.064701130542531,45.96529034662402],[2.065872071791966,45.96317920445475],[2.068017015243216,45.96012508635756],[2.06916385611639,45.96026600237369],[2.069747999252532,45.9604662240606],[2.07087305526921,45.960521390940016],[2.074048072983727,45.96183969863079],[2.074718312307914,45.96199016743377],[2.075264468315671,45.96191718189024],[2.075354450277924,45.962479862764326],[2.075512296206809,45.96276932916146],[2.07568049683622,45.96298053162753],[2.076316300113437,45.963414384288484],[2.075752710969355,45.96406358750284],[2.077143403380982,45.9645315122193],[2.077657385794942,45.964144859882786],[2.078035165838215,45.9636400242374],[2.078176004325489,45.96324942997987],[2.078564039921142,45.96328861076918],[2.079165362577607,45.96231099860762],[2.079101235251442,45.96213036624476],[2.078652185395384,45.96172506580974],[2.078588275988521,45.96145437950911],[2.078204021946912,45.96095864857787],[2.079628213651167,45.959882366101446],[2.080015993703675,45.95970360599669],[2.080146294209078,45.95947862574168],[2.079761287587003,45.95902792166939],[2.080020153925169,45.9587589588353],[2.080020580326528,45.9585788515337],[2.079571014110718,45.958128522661795],[2.079700346609788,45.95803861814507],[2.080750489180837,45.957783287709525],[2.080091793499083,45.957330362042256],[2.079665959670721,45.956773960948546],[2.079384822911537,45.95605843636887],[2.079180075453973,45.95494458700433],[2.078931034868016,45.95447247181648],[2.078021841497746,45.95386980433581],[2.077851098581614,45.95358023626202],[2.077852591160804,45.953491093560075],[2.078497256019545,45.953312630177344],[2.078498978278707,45.95313253338469],[2.077085740175425,45.951869249813996],[2.076958581510402,45.95159894727989],[2.077203567391748,45.95138661277966],[2.076913223029864,45.951069952043525],[2.076470424667745,45.94999017783914],[2.076091575913325,45.94956292513501],[2.076168672552602,45.94935372521513],[2.076517596985297,45.949255710356994],[2.076266970116937,45.94803431471747],[2.075871693383919,45.947817656820014],[2.075559713004404,45.947407158078505],[2.07486199661018,45.94682780426122],[2.074766630496578,45.946587477229606],[2.072792909695222,45.94596615326878],[2.073312633290977,45.94538324787503],[2.074541383077196,45.944396387483756],[2.075060553755584,45.943767541531614],[2.075191263760436,45.94336336010162],[2.075515163209323,45.94313906651487],[2.076421980349013,45.94233146828693],[2.077589943035657,45.94080464776152],[2.078299759981158,45.94058078942881],[2.079653960789235,45.94049455014263],[2.078950277916839,45.939502718887866],[2.079337916718898,45.939323961092],[2.079340691924963,45.93869449643368],[2.079857609973239,45.93842583259847],[2.081278222852745,45.938069047605886],[2.08115170928221,45.93752858879624],[2.079802584867605,45.9363108845888],[2.080000876293949,45.93541194290065],[2.080516599357288,45.935367504520215],[2.080647461491561,45.93487326313055],[2.080198211815879,45.93464717567498],[2.080137615823842,45.933792958051875],[2.07982052290554,45.932532306204266],[2.079629072588067,45.93217232874277],[2.078276462256865,45.93194428563297],[2.079568853768472,45.9297511499235],[2.080223679711406,45.92902432436289],[2.080997640233775,45.92889102719738],[2.082288112960732,45.92889429650666],[2.083511614204967,45.929122147024884],[2.084476832019789,45.929438850615774],[2.085247876311978,45.93002504282154],[2.085824193861435,45.930836595998926],[2.08619619328033,45.93089543504657],[2.087239567748159,45.93070393342673],[2.087467474924695,45.93057969419759],[2.089301899273271,45.929220229636925],[2.091704662291343,45.927745526331485],[2.091705050261079,45.92756541897827],[2.090415883563824,45.92756316786899],[2.088612246466283,45.92737844984205],[2.087903642474816,45.92715210449632],[2.087711212131152,45.92692721601859],[2.08765086730949,45.926207187709394],[2.086748724587994,45.92598017476109],[2.085138693719439,45.92579696338268],[2.084426659843508,45.926245082666355],[2.083652744780042,45.92637840328448],[2.0815261455349,45.9263728675735],[2.07972181024668,45.926233929860146],[2.078728326011117,45.92606914851471],[2.077603501204494,45.92581053065796],[2.076824947019407,45.92537281541409],[2.076307381923434,45.92568648694949],[2.066617395441286,45.930026891708955],[2.066328647865666,45.936099658420986],[2.066897898039543,45.936172795805206],[2.068782031710301,45.935731734038185],[2.069357869328098,45.93633173812145],[2.069356432369307,45.93664602011067],[2.069095619201198,45.93718600929957],[2.071157212073017,45.93755056316046],[2.07167228199309,45.9377763260035],[2.072057832276111,45.9381820360834],[2.072117308289114,45.93917223363179],[2.072889998961486,45.939354174374955],[2.07288977417964,45.93944422801798],[2.071012560129523,45.94092375576902],[2.070818190678415,45.94096808845746],[2.070368156678852,45.940787883932664],[2.069532589331436,45.9402010598196],[2.064908050626327,45.93766930508658],[2.06466851189553,45.93763760722635],[2.06337747387003,45.93674438453145],[2.063728121431196,45.93616192465926],[2.061672289907088,45.93652583249607],[2.059976336912064,45.937128638941],[2.061235980337587,45.937740666795364],[2.061734366206224,45.93826171927099],[2.061605151526621,45.93917921540229],[2.062012457764722,45.93966799180548],[2.062778584658572,45.94000664417774],[2.063929762503911,45.940018873199314],[2.064040803420689,45.94047277125978],[2.063859515578669,45.940886428199626],[2.063209740334568,45.94159879491343],[2.062696866437561,45.94200250054821],[2.058762702987992,45.94062441885804],[2.058248429019673,45.94035357582889],[2.059218213820334,45.93972584846818],[2.059221261792843,45.93932062329549],[2.058124422422457,45.93945288759124],[2.058259032149562,45.93837424017108],[2.058001400944119,45.93819288519831],[2.058004170767954,45.93765347469786],[2.057233559997615,45.93697704327681],[2.057039963994879,45.93697633087328],[2.056521422676222,45.93756007273086],[2.056263297095969,45.93755882101879],[2.055620512939939,45.93733282237157],[2.054975432611275,45.93724098388784],[2.054136764569053,45.93737356375884],[2.053619971796905,45.937552956928656],[2.053166963279296,45.93800124757795],[2.052261168095061,45.93858353086391],[2.051744876551874,45.93858280827326],[2.050650369032339,45.938354796557434],[2.050348890538142,45.938397295040524],[2.048157958432824,45.9396973061558],[2.047542524790398,45.93990556068305],[2.047022021997512,45.93992369293513],[2.045792115360257,45.939762035969196],[2.0448559202815,45.939932449265555],[2.042655961221313,45.9407009495089],[2.042454591670893,45.940849639299536],[2.042344149686004,45.94118821556859],[2.041354621613426,45.9404900098918],[2.041095960051741,45.94044459176006],[2.040772720295142,45.940623765513486],[2.040451324687826,45.94062284214437],[2.040000396501358,45.94035155194342],[2.039420342969366,45.940305204419964],[2.0385823766018,45.94039264771618],[2.038193812026174,45.94061628719694],[2.037936161170969,45.940660926377404],[2.037163063972755,45.94043371474271],[2.036519268733977,45.94034178204278],[2.036836550559053,45.94124234078771],[2.037675823253744,45.94115492139151],[2.038187586832354,45.94178606118315],[2.038251290617742,45.942055869849646],[2.037735248984189,45.941965029783994],[2.037219162356164,45.94209842633633],[2.036507599838539,45.94241116914639],[2.036954480874471,45.94335695807782],[2.03605062349712,45.943444722935524],[2.034692191766469,45.9442058256519],[2.033852791659938,45.94451836231656],[2.033205135238684,45.945011742339084],[2.033009270948669,45.94550627785197],[2.031460148205539,45.94572717808188]]]]}},{"type":"Feature","properties":{"fid":1764,"ID":"COMMUNE_0000000009751069","NOM":"Pontarion","NOM_M":"PONTARION","INSEE_COM":"23155","STATUT":"Commune simple","POPULATION":359,"INSEE_CAN":"01","INSEE_ARR":"2","INSEE_DEP":"23","INSEE_REG":"75","SIREN_EPCI":"200067189"},"geometry":{"type":"MultiPolygon","coordinates":[[[[1.861800143957839,45.987313276943],[1.861379397663235,45.98679301239498],[1.860998639287289,45.98602638772101],[1.860995252241749,45.985066328823756],[1.860810389608279,45.984947393451186],[1.8593336336447,45.984579500929826],[1.857976121567079,45.98475404394043],[1.857771719650296,45.98601280414477],[1.857443456242873,45.98664080459192],[1.8569878505067,45.987179261688034],[1.856339266945982,45.98749152260052],[1.854918381137026,45.98766538988655],[1.853046509407341,45.98765725798095],[1.851563373005561,45.98747021789929],[1.849610990156547,45.98698750352099],[1.849358277495401,45.98727222418288],[1.848240573424012,45.98765081911132],[1.847502569944938,45.98704802351739],[1.84647941003356,45.98587404786109],[1.844395193482308,45.985398905717815],[1.844427169678262,45.98510654056502],[1.844277130432418,45.98449981392818],[1.843915311416664,45.98388912438558],[1.843969926987463,45.98356456921927],[1.843857953132587,45.98329865309495],[1.843663851881363,45.98325254270614],[1.842819678621441,45.98383380682069],[1.842363025163733,45.98441632450031],[1.842153361093584,45.98621535991952],[1.841054465590175,45.98643557275659],[1.838854501704887,45.987100191304634],[1.83749747266027,45.98718443612499],[1.833632434396228,45.98649177384707],[1.832922886490082,45.986443938424316],[1.832599318202905,45.986532464236284],[1.831954372217444,45.986484387965284],[1.831054213143661,45.986165298255536],[1.828799240495222,45.985706117313015],[1.826736222798379,45.98551635543882],[1.824361992555327,45.98411112877997],[1.823913368991817,45.98370390644701],[1.823720555363406,45.983658675688446],[1.821524310308977,45.98396366079592],[1.820944639812015,45.983825240713806],[1.820298751548515,45.98382301807534],[1.820361747100075,45.98395786256066],[1.822542128867505,45.98554217828412],[1.822796664157431,45.985903259892986],[1.822973586325761,45.987658552156745],[1.824709205474608,45.987573906959454],[1.824891372561942,45.98793693446033],[1.825289137622855,45.98800500240236],[1.825849655599833,45.98831701539323],[1.825906365011869,45.98868684593449],[1.826187308755145,45.98902297668222],[1.826494503045623,45.990733681822235],[1.827005890982255,45.99123070163576],[1.827043434211113,45.99243968450246],[1.827886918814499,45.9936642139478],[1.828134118395307,45.99382707672886],[1.828739231381195,45.99399003774961],[1.829542354353196,45.99395601088771],[1.830873417797602,45.99455514015884],[1.832412935557904,45.99483128888424],[1.832751473974927,45.995013995168094],[1.832943569630999,45.99546086610754],[1.833154155566277,45.997168754017196],[1.832626522174344,45.99755417464358],[1.832623094403586,45.99795940513673],[1.833454839759733,45.998772200015665],[1.833770347914387,45.99949411951454],[1.833703284444092,45.9998536653432],[1.832988585674238,46.0003452328603],[1.832921796659534,46.000569692521005],[1.833112207440798,46.00097511839342],[1.833304115822084,46.00106625324228],[1.833300094795979,46.001560636032664],[1.833687733887583,46.001562825969],[1.83368711740237,46.00165287866815],[1.833879664353362,46.001653059448024],[1.834343423396182,46.00044113418966],[1.834668915253546,46.00008244529567],[1.835054995719285,46.00021880257619],[1.835052199906289,46.00053398041428],[1.834645065532792,46.00163571825539],[1.835707400187018,46.00193753082594],[1.837008231078258,46.00245071853759],[1.837590451655656,46.002785408672736],[1.838519862085309,46.00252926627268],[1.838712753996066,46.00257447182378],[1.839033975793778,46.00284613947808],[1.840818193716697,46.0026842901317],[1.841169361796533,46.0022709096306],[1.842459659973593,46.00236605314237],[1.84284575682925,46.00250328426464],[1.843051548581298,46.00273413544845],[1.843551481150683,46.00286622236085],[1.843484477480901,46.00322577395297],[1.84309287415411,46.00371890104195],[1.842510188047439,46.003895769390674],[1.840895248527235,46.003934195699884],[1.840373198605364,46.00460609697123],[1.841595220879326,46.00506168719232],[1.844106787895783,46.00583752742947],[1.844429505660236,46.00579398856323],[1.84469308054595,46.00512033436898],[1.845856361134071,46.00498989675628],[1.845989843822416,46.004540962190354],[1.847735192195913,46.004323671810646],[1.848374590662951,46.00495608113789],[1.849075893135511,46.005904321248345],[1.848943132867154,46.00644332533493],[1.847973928884706,46.0064388788827],[1.847840213773729,46.00702290148525],[1.847833825120578,46.00769827750893],[1.846671454563634,46.0077828152162],[1.846668724907618,46.00809799328977],[1.846858319444697,46.00854841579576],[1.847760716943345,46.008597221493936],[1.849172265048329,46.00963823634043],[1.850396001892752,46.009958659011815],[1.852386181657058,46.01127117489161],[1.852580035781197,46.011272237376794],[1.853230775681048,46.00969289094737],[1.854464224420928,46.0097963262944],[1.855559711169873,46.0100703669361],[1.856334773401585,46.010028659852836],[1.857163445879961,46.00977044685871],[1.858526201105537,46.00918619352814],[1.858531270049944,46.009066466629235],[1.858195471832074,46.008681234881806],[1.858536860901953,46.008174042040785],[1.858725438493354,46.00743205737937],[1.85861995819436,46.007221158333145],[1.859064584721278,46.00628452372988],[1.861102817310222,46.00665265522837],[1.861941686110857,46.006460253251],[1.862495588426001,46.00686117232446],[1.86411114686576,46.00673328571355],[1.864893465763563,46.005836037449264],[1.864256114635805,46.004844410348014],[1.86342590683434,46.00380581569583],[1.863887192745712,46.002682909140944],[1.866022113148127,46.00224229670701],[1.866276083354237,46.00264830042374],[1.866663385179264,46.002604444247034],[1.868929718140153,46.00180485789005],[1.868739984697072,46.00135357186766],[1.86938662011557,46.001266365796084],[1.86907375712112,46.000141114841036],[1.868441064616339,45.99860830634285],[1.867666733260648,45.99856004335474],[1.867474953972522,45.99833478133342],[1.866312446957617,45.99837448762367],[1.866178382775698,45.99904858481542],[1.865403482653665,45.999090359232504],[1.865340924081246,45.99886548698375],[1.864372215105424,45.99890621369108],[1.864129889081639,45.997061186550674],[1.863809869080501,45.996789602982744],[1.863036135783942,45.99665125548112],[1.86219608385533,45.99678331292686],[1.861676625779431,45.99709600138999],[1.86102568377432,45.99776760009549],[1.860767262394895,45.99776680290303],[1.860447254885213,45.997495209840615],[1.85947856641025,45.99753589470842],[1.858963234456585,45.9973992199239],[1.85877415464136,45.99685876473836],[1.858907172536482,45.99636388156709],[1.859429276770336,45.99573692774599],[1.859559415662553,45.995692308022],[1.860131030246918,45.99672923211939],[1.86116431743716,45.996688290637024],[1.861101418756702,45.996418383118616],[1.860459323160565,45.996101223986734],[1.859889429528266,45.99479414299105],[1.859112509308476,45.99518528099386],[1.858945758755697,45.99506382354484],[1.858317439730554,45.995267329718395],[1.857215670854433,45.99462490951487],[1.855241504251048,45.99486434629887],[1.855243603021548,45.99463922076523],[1.856089906072045,45.993832738608894],[1.856425069920509,45.992440213031635],[1.855981829582729,45.991448694329435],[1.854305133178359,45.99130656682928],[1.854962380051345,45.989959630029816],[1.855671636730314,45.989962294451786],[1.855914667094728,45.98914791701126],[1.856764075845148,45.98924475063292],[1.857359481947737,45.9891922202488],[1.85792366005819,45.98865215453497],[1.858687666144937,45.988132111496654],[1.859393627621122,45.98791857891652],[1.860848160746461,45.98730460734255],[1.861800143957839,45.987313276943]]]]}},{"type":"Feature","properties":{"fid":1782,"ID":"COMMUNE_0000000009751320","NOM":"Montboucher","NOM_M":"MONTBOUCHER","INSEE_COM":"23133","STATUT":"Commune simple","POPULATION":370,"INSEE_CAN":"05","INSEE_ARR":"2","INSEE_DEP":"23","INSEE_REG":"75","SIREN_EPCI":"200067189"},"geometry":{"type":"MultiPolygon","coordinates":[[[[1.653557702908007,45.932711983268746],[1.652952838826378,45.93311456802816],[1.652612939201103,45.933185272943945],[1.653459608208181,45.93434905051305],[1.65195922317515,45.93568932726792],[1.652724829959548,45.93636850934207],[1.651407913513789,45.937066116938865],[1.652385616410728,45.93883758351235],[1.652326573852143,45.939140390666495],[1.6521270390877,45.9393289465559],[1.651561708385811,45.939589697117086],[1.651076100561611,45.93928310135786],[1.650882692216397,45.93932672763611],[1.650231487251071,45.939772877083804],[1.649369477135758,45.93955004506838],[1.648161084433358,45.940344377667294],[1.647652210312056,45.940144663500526],[1.646972908327849,45.940419340122396],[1.646533364539885,45.94049784228754],[1.646417055789654,45.94013530054725],[1.646577256212819,45.93997240217386],[1.646616199492554,45.93970087913985],[1.645965884831344,45.938586231715384],[1.645217724326639,45.93861690491634],[1.643604544685202,45.938915501701615],[1.643504762320773,45.93976990005425],[1.64356206823156,45.93990658141789],[1.644086726841665,45.940146130824175],[1.643515646990108,45.94058599737374],[1.642867513477532,45.940852016999415],[1.642610472568346,45.94080570422652],[1.641969017178931,45.94048639201225],[1.640826963497679,45.939633297944084],[1.640809592784218,45.940389615316704],[1.640224132852249,45.94083559727754],[1.638992371175256,45.941367470789935],[1.639938873222722,45.94245509811699],[1.639459899558244,45.94276996402759],[1.639026000273017,45.94282779083689],[1.638393261160114,45.94309577179478],[1.638009647695109,45.943051528284656],[1.637443888723743,45.94285558661786],[1.637214796325506,45.94423619113459],[1.637339778241679,45.944506983437016],[1.63797922688693,45.94496049087941],[1.637326913956609,45.94549661748001],[1.635362409787784,45.94657351434469],[1.634910053530952,45.94659327690063],[1.634523776652407,45.94675973652882],[1.634578902460932,45.946983757176255],[1.635751634505205,45.94738246666535],[1.636716734642343,45.947876831432005],[1.636325728230612,45.948234173221714],[1.636388210239665,45.94837002005886],[1.638441205307594,45.94914675842849],[1.639749079129342,45.9499838549767],[1.639467434665973,45.95030469545476],[1.639323632192886,45.950742472569814],[1.641188666919835,45.95118817138978],[1.641056595045407,45.95141264299753],[1.640601030234298,45.951770125055596],[1.639956660800628,45.951720955742644],[1.639694570675518,45.95203392618803],[1.640529632030598,45.952308742669594],[1.640593240252326,45.952399569218954],[1.639453764382005,45.9531577156744],[1.640774447433293,45.95374187703774],[1.640187188945459,45.9538365946529],[1.641983698197198,45.954657016834695],[1.642112602640271,45.954613531910674],[1.642004526685928,45.954231270648386],[1.643093654291984,45.95467753234709],[1.644336771530899,45.95537329963094],[1.644470683177723,45.95596571354411],[1.643378883769124,45.95646509044067],[1.642858747054568,45.95682180804563],[1.641737968709446,45.958704183541194],[1.641724430755985,45.95982890292157],[1.642040351260071,45.960371267169656],[1.641652830410309,45.96032338811601],[1.641204071450257,45.96014057945375],[1.641020230477117,45.95937464182937],[1.639932958001471,45.95869331993157],[1.639674724190334,45.95869201845152],[1.638677467868008,45.959124039567136],[1.639147960360056,45.959837588684735],[1.639900690258687,45.95999974103203],[1.640233946070074,45.960205484575795],[1.641493378914887,45.96223260315745],[1.641045444799453,45.96243437127647],[1.639027856080636,45.963861044540394],[1.638761785430026,45.96448918498588],[1.638568078575134,45.964488657107005],[1.638251410682698,45.964081368060796],[1.63469832518526,45.964509604748905],[1.634310013955727,45.964596785413754],[1.633084046722708,45.96518360984713],[1.633590618193394,45.96621193684902],[1.633640714800777,45.966587202462996],[1.634010969828888,45.96670785100528],[1.634319034289641,45.967044799391076],[1.633901481029899,45.96758103924894],[1.633882140078224,45.967787950200595],[1.633684323245821,45.96805665213096],[1.632845301293358,45.96814109025894],[1.631748750043347,45.96809001814324],[1.631427980056712,45.96795284847247],[1.630783601046519,45.967948660427695],[1.63039207102268,45.96821591472136],[1.630258016659001,45.968620476377154],[1.6303157855931,45.96920568286942],[1.629798121858685,45.96924715294557],[1.629276825979256,45.969693859442394],[1.629333294395596,45.970279050798766],[1.628814057414257,45.970590685986224],[1.628296379527286,45.970632149196746],[1.627123459247507,45.97156989864908],[1.627186136160319,45.97174988366796],[1.630389004675508,45.97347914822527],[1.632573273663688,45.97425757026169],[1.633712392357771,45.97592937519819],[1.637067198287516,45.97780077616187],[1.639560280586428,45.97785507037385],[1.640854289917084,45.97750315274407],[1.642172118098508,45.977337035020064],[1.643722635678612,45.97868403791199],[1.645489388550967,45.9783863619001],[1.646136844081317,45.9781653453347],[1.647212616387265,45.976652542823985],[1.647904312944246,45.9767328535817],[1.648306871202238,45.97664669622392],[1.648929706700258,45.976743290606336],[1.653558988077229,45.9729023290285],[1.653816166023246,45.97294951728904],[1.654456080711509,45.973402931555235],[1.659562931935671,45.97262411884576],[1.660523565730209,45.97316955535541],[1.660193108109556,45.97379788269074],[1.660058380888404,45.9742916307856],[1.660119172784098,45.974606667276944],[1.66095158965792,45.97506142092613],[1.662298831829393,45.97569967351242],[1.66513654785407,45.97576107859895],[1.66590839684042,45.975945795433674],[1.666870241677995,45.97644615988275],[1.667894898325438,45.9771273789777],[1.669342877493209,45.97766496101902],[1.671007054503604,45.976900063035],[1.672424427206641,45.97602957738144],[1.672995187692457,45.97603716776235],[1.674925941547619,45.97583822401127],[1.675821505526965,45.97566047027459],[1.678513965370903,45.97542353783897],[1.679836908262415,45.97546778817949],[1.682517197842129,45.97919243721332],[1.68379969973842,45.98022955095512],[1.684510173335557,45.97974426742069],[1.685939120069749,45.979032257380915],[1.687229437159926,45.97904001703762],[1.688772308083823,45.97945416269579],[1.689735273714604,45.979864281124],[1.689993607973072,45.97986546842201],[1.68980539604892,45.979414784137],[1.687717822592512,45.975893518064765],[1.687784318713077,45.97575919608],[1.689664693325694,45.974960507976746],[1.689801079620245,45.97433165446361],[1.688849323679106,45.973021048495205],[1.688408185941359,45.97207389453879],[1.68766386422318,45.969595778818686],[1.688961221427782,45.96897317116202],[1.690053977320015,45.96929473009819],[1.691151455580508,45.96925518576985],[1.69237585968771,45.9686569134694],[1.693017049769786,45.967761899281456],[1.691948773205086,45.96728034190002],[1.690476077969428,45.9663726089906],[1.690347792994781,45.966281964150134],[1.690414050724251,45.96610260723334],[1.690609662983497,45.96596887652521],[1.690931439707075,45.96601492632451],[1.691445189598528,45.96624331734246],[1.691703238567489,45.96619946736825],[1.692353350777797,45.96579809787534],[1.693412417603679,45.96351015137075],[1.693869627825108,45.96301828693897],[1.696605834732613,45.96073974199672],[1.695095288299206,45.96039811945775],[1.693536007535036,45.95982535646661],[1.694063954893708,45.95934421468619],[1.694865759261721,45.95880408560862],[1.696152218711686,45.958191180514696],[1.697233360324129,45.95735885022442],[1.697896927995919,45.95670993621873],[1.698217092932588,45.95611200752526],[1.698875725716308,45.95545222395386],[1.699632100056349,45.95508175632442],[1.700857241244535,45.954708559058396],[1.702550618956979,45.953806652213274],[1.702365004336925,45.95357396730122],[1.701276858646005,45.952848201341354],[1.700954109544197,45.952846299110846],[1.699791003455364,45.953109433895655],[1.699404753167199,45.95306266771793],[1.695726911312662,45.94768870587555],[1.6933900346673,45.94350090671948],[1.695016399790103,45.94269380668748],[1.696822669793672,45.94246514944238],[1.698023621345648,45.942394313997234],[1.699147026918063,45.942163165681094],[1.700624095733721,45.941550604313015],[1.702170110828744,45.941133347448755],[1.703365482077159,45.94058506621879],[1.703528893244407,45.94060765249401],[1.703966416049119,45.94033707598045],[1.7047314313633,45.94013779263911],[1.705917363924041,45.9399343120175],[1.708283095867318,45.93967764620638],[1.709285109104056,45.93966476232396],[1.709671261674698,45.94070397019517],[1.708875783917344,45.94258888711856],[1.709390208736753,45.94272714477607],[1.709645677462812,45.94295340980781],[1.709702153684549,45.94362861284298],[1.710659273406422,45.94448879859038],[1.710785670585703,45.94471449104077],[1.710119498784336,45.94664501974577],[1.710246716377503,45.94678066082576],[1.711999383590594,45.94752201009576],[1.712692225596543,45.94792796298161],[1.713527583689811,45.947428614867675],[1.71637639368264,45.94645407514156],[1.718767979298976,45.94592819798025],[1.720192712436949,45.94539584511316],[1.720648197782617,45.945128109563534],[1.722008093117434,45.944550871424774],[1.724458058288219,45.94456409972117],[1.724684144243257,45.942215154217195],[1.724516825476905,45.940521021952954],[1.723223294361987,45.93929871715244],[1.72355967497061,45.93865317162687],[1.723860195335988,45.93821796363723],[1.724567282557737,45.937561284711165],[1.725290293038789,45.937052480984185],[1.725593458047203,45.93644618252242],[1.726573678260948,45.935698003187966],[1.728314625343782,45.93470439541435],[1.732002667042414,45.93149098137866],[1.732654356404475,45.93026084599671],[1.730168738950246,45.92975025160645],[1.730175270502001,45.92907486799674],[1.730061050477421,45.928598965003005],[1.729556664883852,45.92791694509406],[1.729687890321403,45.927822953898364],[1.729608083790616,45.927478025094395],[1.729778472839248,45.927028732868614],[1.729829121831053,45.926287199440104],[1.730230517480943,45.92589363570515],[1.730548538919172,45.92514159333679],[1.728232172385171,45.92357103387642],[1.72617861883654,45.92236002652066],[1.721489770672423,45.921830712081935],[1.720403866923667,45.920969158832946],[1.721447749021894,45.92058289123406],[1.722429480218086,45.919982467596725],[1.723502295158251,45.91918132675843],[1.724412339043438,45.91916727539049],[1.724966440874723,45.91892135112308],[1.72643800067659,45.91878662493429],[1.7268174794626,45.91883772815789],[1.726977237416787,45.919016045567446],[1.727624066658092,45.91894496953181],[1.727849119568279,45.919089796891356],[1.727811750728762,45.915566191890775],[1.726716948580405,45.91542598735598],[1.726659502431453,45.914840844956416],[1.724855685040103,45.91478540157619],[1.724668452085378,45.91428975641995],[1.724286424027167,45.913792814798605],[1.722369173260797,45.912342807431685],[1.721339209296836,45.91224741225106],[1.721270474111666,45.91265191007289],[1.720560929903746,45.91264838958197],[1.720309248898245,45.912152007692846],[1.720117592700443,45.91201564819222],[1.717661123615121,45.912676793788016],[1.717079783264375,45.91276386535623],[1.715279739243367,45.91243902825012],[1.713738284894768,45.91198111069748],[1.714010214393088,45.910722445077795],[1.710341612114596,45.910251983750356],[1.707312667343504,45.91023541934771],[1.706413652755253,45.910005391407324],[1.705133053758637,45.90932338339616],[1.703341686004137,45.908143770808366],[1.703083687590735,45.9081426139559],[1.702036119460157,45.90962111373529],[1.700745531449917,45.9097485932055],[1.700421140051219,45.90988175988749],[1.700862818942129,45.91073881521383],[1.701766665593033,45.91065372782155],[1.701791446968,45.91398358370169],[1.700566334892953,45.91406588240128],[1.699660989173774,45.91437609734033],[1.699012372284556,45.91468745692291],[1.699523801410899,45.91504998133359],[1.699777204895777,45.91541133903886],[1.699388507706881,45.915588794748196],[1.69899788838705,45.915902219901675],[1.698928170216201,45.916395855656525],[1.698670360182195,45.916439722098396],[1.697253918403017,45.91620727090262],[1.696224171962914,45.916155780048605],[1.695965295637844,45.91624465882425],[1.695314728454408,45.916691067568465],[1.694724479810069,45.91758667535667],[1.689037901107667,45.92073251696465],[1.688730500916442,45.92177457056939],[1.689019261932399,45.922438069304334],[1.689414270987379,45.92264978784452],[1.690665739568262,45.922770551275214],[1.690857546156747,45.92284482028503],[1.690955679747027,45.92300536493267],[1.690859419884437,45.92374365725438],[1.691192628032682,45.92547129237848],[1.691362946459445,45.925744348066964],[1.691244860074106,45.926803908335025],[1.691452955855502,45.92717106492425],[1.69068754850681,45.929456080415946],[1.689289769384063,45.93032520332807],[1.68903865053415,45.93073567724926],[1.688511704407037,45.930642210927545],[1.688191864679449,45.93041515025917],[1.687348789902104,45.93086018449613],[1.687090685462308,45.930858991165564],[1.686270485773737,45.929369756776644],[1.685245847793071,45.92882378897991],[1.68485870551426,45.92882199156848],[1.684277379747711,45.9289530275877],[1.683373205943221,45.92903797524124],[1.682476572943459,45.92853760172814],[1.682150300138235,45.92885081955618],[1.682021466039918,45.92889525043198],[1.68182984637835,45.92875882606676],[1.681571751901826,45.92875762014818],[1.680663269902875,45.92929190457621],[1.680468608232916,45.92933646673207],[1.679703857596024,45.92861155368304],[1.679382330263581,45.92856457160677],[1.678604384312005,45.92887520851374],[1.678915747146676,45.92977676135566],[1.678658069196067,45.929865615595304],[1.677431467216331,45.929993582458074],[1.677553813767205,45.9304885517326],[1.678702903380939,45.93144042091275],[1.6797333636562,45.93158123768605],[1.680632618850719,45.93181147768148],[1.681912786706016,45.93262884826416],[1.68235975203433,45.932990698727835],[1.682888588536947,45.934733247224614],[1.683946498731725,45.935024747476454],[1.68389939710741,45.93559158892128],[1.684571233228411,45.93578132549646],[1.684302338236795,45.9376361739039],[1.683228766618994,45.94118382985595],[1.68335032854303,45.941768844637224],[1.683798431664577,45.94208657140687],[1.68484057176686,45.94244992761072],[1.684133163921189,45.943637725266],[1.683636469913289,45.9441642144335],[1.683124238607209,45.944530210743906],[1.682707254493684,45.9446919725199],[1.682296652982336,45.944964583133334],[1.681508263009416,45.945055370046155],[1.681015119273431,45.94527027553978],[1.680600021321427,45.94535279724423],[1.680175718829255,45.9453883779386],[1.679776296044008,45.9452477260156],[1.679372704267897,45.94533488054995],[1.67850549982158,45.94488975937888],[1.67799028359509,45.94484051272658],[1.677844627247302,45.94472353202171],[1.677769434240391,45.94446777840127],[1.677498950157004,45.94438806544615],[1.677304302412743,45.944214673148174],[1.675139665711809,45.94361025605907],[1.674752419848738,45.94360842407106],[1.674226749156774,45.944369595425876],[1.674484018847295,45.94446177016822],[1.674546612338485,45.94459669556231],[1.674084791719442,45.94549370709552],[1.673440629724056,45.94559873629634],[1.673019259932607,45.94556587749885],[1.67284580307749,45.94563859512151],[1.673003240514199,45.946070036842606],[1.672787819388103,45.94611614439546],[1.668378888718126,45.945211469375444],[1.67088107657338,45.94450687591893],[1.669097628694881,45.94346281254829],[1.668625154492979,45.94340862191061],[1.668439378896756,45.94308311345116],[1.668126201244616,45.9430614158949],[1.666906533423934,45.94214283228454],[1.666393432580381,45.9418476877469],[1.6649966304351,45.94067662261865],[1.662934300497507,45.939803889761926],[1.662231055510598,45.939260609328144],[1.661701689921646,45.93868065404496],[1.659611662133427,45.93789038884971],[1.657949060046338,45.93508235530718],[1.65755395931343,45.934769655692016],[1.656491062791851,45.93415902722944],[1.655416090552222,45.9337797052112],[1.653557702908007,45.932711983268746]]]]}},{"type":"Feature","properties":{"fid":1815,"ID":"COMMUNE_0000000009751852","NOM":"Saint-Martin-Château","NOM_M":"SAINT-MARTIN-CHATEAU","INSEE_COM":"23216","STATUT":"Commune simple","POPULATION":152,"INSEE_CAN":"09","INSEE_ARR":"2","INSEE_DEP":"23","INSEE_REG":"75","SIREN_EPCI":"200067189"},"geometry":{"type":"MultiPolygon","coordinates":[[[[1.833947905423653,45.82567206587993],[1.833232747525002,45.82549987186612],[1.832293767087794,45.82549557070096],[1.831895769850477,45.82537167648022],[1.831603148619447,45.82513809854675],[1.831658875877251,45.824209266568424],[1.831479831875632,45.824026395628714],[1.830760284245189,45.823637098116464],[1.830367644265496,45.822531610927044],[1.82978900879297,45.82224103003839],[1.829766847669341,45.82134201171096],[1.829018740494956,45.8209046754245],[1.829664991551705,45.81934164672696],[1.829747485694155,45.81806276359904],[1.829539922285826,45.816917763919854],[1.829213815245024,45.81638303520328],[1.829127715074093,45.8158273791296],[1.828872596570803,45.815468099855046],[1.829071362248161,45.81368699351296],[1.829453922061442,45.813198337576154],[1.828936577174301,45.81117655276914],[1.828845767341556,45.81023629584637],[1.828286058244399,45.80990987869966],[1.828037376236539,45.809916303517795],[1.827008207380551,45.81029016782027],[1.823747013458591,45.811037051545526],[1.822216937985667,45.81146599280931],[1.82174217809821,45.811746526712035],[1.821716581583043,45.812040752822014],[1.821445443031005,45.81219372520464],[1.820619513031141,45.81233369857518],[1.820294471781038,45.81217630183586],[1.819613433788915,45.81246637921518],[1.818404364551623,45.81275633153761],[1.817336999955404,45.81322427137277],[1.81568323642364,45.81353024976877],[1.815698134369085,45.814036538733625],[1.815140430360805,45.81415857186646],[1.814449252555826,45.81443860574334],[1.814407147469008,45.814720049019826],[1.813232057483225,45.81564251947828],[1.813993121351174,45.81630704767796],[1.812952193784097,45.81787664964335],[1.811783643799844,45.81825161440869],[1.811293900723085,45.81892370587734],[1.810686531515672,45.81943515161846],[1.809589937044259,45.819696476682225],[1.809224922095249,45.81989886408547],[1.808819884202344,45.820284549217355],[1.809040263757782,45.82147295512191],[1.809071748840529,45.82240179895971],[1.807811953136649,45.82276135219097],[1.805643833379221,45.82354627569828],[1.802442255853049,45.82327641495038],[1.802254919979452,45.82389583851943],[1.802073974467632,45.82404251741431],[1.80154073021348,45.824040462187426],[1.801323826383908,45.82358876336228],[1.801150958378593,45.823719315821],[1.800053744354223,45.82518824107456],[1.798978738322035,45.82504172463137],[1.79869876252053,45.825062162319426],[1.798031338115773,45.82542430499242],[1.797169314416889,45.8261446096344],[1.797265622226228,45.826572517617564],[1.797623671199213,45.82698970344484],[1.798043504467181,45.828001038060734],[1.798166335571254,45.8286904001508],[1.797685219658943,45.82984164424171],[1.797670497283799,45.830990647534705],[1.797458550521783,45.831612503955704],[1.796506518035081,45.831551930437094],[1.794642958264679,45.83164103044292],[1.793549708188969,45.831616749892206],[1.792154495267902,45.83132085222952],[1.790465680286545,45.83131358680602],[1.790115672643945,45.831235989143984],[1.788961008486825,45.830077154383865],[1.788660088651283,45.82993523543914],[1.78847197151487,45.829701764229014],[1.788252858148561,45.82859167904252],[1.788014393328392,45.82824599276351],[1.787574381980036,45.82792696162784],[1.785468405510186,45.828733784637],[1.785335132978094,45.82893588648991],[1.782349966067814,45.82994123162266],[1.782670813056217,45.832391615693936],[1.779430556468454,45.832628627762865],[1.777253170413124,45.832690634257084],[1.776060080557458,45.83298481652573],[1.775552688839707,45.83343952364721],[1.775109852968317,45.83452624904791],[1.77482783479959,45.834461949661296],[1.774843582856956,45.834913320947656],[1.775206109358423,45.83535584454205],[1.774707781668856,45.835517050961606],[1.774617336891376,45.83674718978643],[1.773453687313154,45.83716144484006],[1.773732519937026,45.83754362475483],[1.774042309082556,45.83862050250761],[1.774317916879567,45.839032365670235],[1.774111291917317,45.83922735493912],[1.774219625791807,45.839686935928974],[1.773527110195149,45.83977128050609],[1.772750418661275,45.83970070376072],[1.772797984003975,45.84092243445704],[1.772509978198592,45.84193698375945],[1.772669860986058,45.8428014960129],[1.772637380034132,45.8432190216974],[1.773230136115055,45.84391441925697],[1.772788378945605,45.84517856729093],[1.773410109376647,45.845904898834924],[1.774320192326352,45.84652988581855],[1.774933676081532,45.84681662632984],[1.775363767180458,45.84717972791466],[1.775651253968312,45.84729091573514],[1.775821389352565,45.847580050712004],[1.776410575155241,45.84809166967824],[1.776327661440932,45.8484600176263],[1.775576479392303,45.84891839012624],[1.775574690210535,45.84917324053329],[1.77611022418251,45.849257395131595],[1.77670765145742,45.84916569975759],[1.777215112565546,45.84929547573414],[1.777958944325294,45.84934314988363],[1.778406567568631,45.849789284262265],[1.778388379010567,45.85130929960828],[1.778862416414107,45.85149454372865],[1.779166092640263,45.851923808861976],[1.779556804310529,45.852089237050954],[1.78007046829353,45.852173136287334],[1.780831702780936,45.85201834417093],[1.781302474210286,45.85206034741496],[1.781195475643386,45.85305345467059],[1.780268512270327,45.853125406556636],[1.780065840570035,45.85331504621265],[1.780133493046625,45.85357785100228],[1.778928688641009,45.854032248698445],[1.778074235349974,45.85490289766538],[1.776116556142388,45.85600205694432],[1.775424679943349,45.85581624225064],[1.775360948513141,45.85601638540332],[1.775744405792457,45.85616103417675],[1.776328724080789,45.85741919739305],[1.777167824803518,45.85800016174214],[1.777387440949312,45.85873382517297],[1.777143470706504,45.85886627532208],[1.776904030725418,45.85879433779639],[1.777154160702316,45.85977959934218],[1.777121840777567,45.86007464638645],[1.776928173455607,45.86026347767888],[1.776224836078709,45.8605917870999],[1.77557377567134,45.86123586875372],[1.774498843558685,45.8618114084406],[1.771295804169562,45.86735855408825],[1.770650498482347,45.86866371286415],[1.771217508262846,45.868732020248196],[1.771801251974007,45.868975223226066],[1.772354148777481,45.86904066969359],[1.772698414376689,45.869154281818794],[1.772961415134425,45.86938588998529],[1.773608309438162,45.86963066963973],[1.77394628893665,45.869679366438554],[1.774619625873895,45.869604713844645],[1.775219381876652,45.869708479433015],[1.776365150443229,45.86925888156432],[1.777597384076393,45.868455371058914],[1.77875792092383,45.86832652270615],[1.779537261909556,45.86765498822565],[1.779794056613274,45.86770189031052],[1.780818807986661,45.86829113394745],[1.78209320606092,45.869602637254836],[1.782088440804091,45.870051984946436],[1.78181799064698,45.871264879512104],[1.782003088152171,45.87216567239556],[1.783290220538893,45.87226239004527],[1.783665057352399,45.87338857073024],[1.784373088194306,45.87343761507088],[1.78455972680098,45.87397818028381],[1.790021682262431,45.87530932457476],[1.790343678912795,45.875265939748],[1.791424568345642,45.874069800038114],[1.793205991335116,45.87585580520127],[1.7933370553509,45.87611207342583],[1.792830406464523,45.87646239996376],[1.792530266413942,45.87686176143737],[1.792410014060416,45.877230622481896],[1.792419891375545,45.877545036559916],[1.7926441011268,45.87819946411287],[1.793029602173089,45.87890784803786],[1.793073650911144,45.87919290714734],[1.792930969348934,45.88058640932547],[1.792402449871423,45.88193346253175],[1.792140874046478,45.882336837680484],[1.792136169836573,45.882787086284225],[1.792458511848901,45.88278872855295],[1.793041765358812,45.88247614536394],[1.794302431408885,45.88202578971593],[1.795429674698936,45.88242866536287],[1.795736018404676,45.882690400407775],[1.795909025372038,45.882975931265555],[1.797408713959942,45.88214893536341],[1.797249261426046,45.88183293077384],[1.79757840420092,45.881404145601984],[1.798032290029475,45.88181874379829],[1.799307678138412,45.880985735969674],[1.799531705854325,45.88117904158006],[1.802226021673627,45.88126976138685],[1.804089404695452,45.88043302230423],[1.805664964581494,45.88026145438015],[1.806359030787076,45.880126490918514],[1.807295208201637,45.8798265672029],[1.809347113516266,45.88076320147945],[1.809704750562701,45.88104074839242],[1.813420207619385,45.881616561310715],[1.815028916322358,45.880382510142475],[1.815255541505414,45.87985713749389],[1.81607679894745,45.878961545444554],[1.816859044707219,45.87765937180651],[1.817254738340173,45.87718529752238],[1.817051903143545,45.877023770072356],[1.817267729822505,45.8768801323207],[1.817869100629934,45.87679546286256],[1.818270335622066,45.87768674232301],[1.818699555346711,45.87679063543635],[1.819787834940559,45.8770892920641],[1.818942053471999,45.87847187473255],[1.819682348954877,45.87858407549974],[1.820075167399728,45.87848460812287],[1.820406494609392,45.878245806474744],[1.820573925001691,45.87825475819964],[1.82105465181363,45.877842798356646],[1.821298927126471,45.87781562612387],[1.82129263667222,45.87756699696798],[1.821622664008051,45.877328178317946],[1.821605904741923,45.87636256838982],[1.821577352793539,45.876250597267514],[1.820965778597593,45.87620999752657],[1.820974766032368,45.875970533621285],[1.821464166013774,45.87569465223346],[1.821701446854223,45.87539092440481],[1.82182794416549,45.874961759717856],[1.822407857910332,45.8750956867146],[1.823345192066709,45.87485418247174],[1.823366967162396,45.87474003392398],[1.823200984272449,45.874542877518785],[1.823229184367627,45.87376505940646],[1.823410578397942,45.873481459972034],[1.823680243682194,45.87335097899716],[1.824051694348746,45.87225612166091],[1.824986982575802,45.871563386568035],[1.826374497490557,45.87203440201368],[1.826687614088597,45.871557637401004],[1.828102070606922,45.871974875671455],[1.830486558957786,45.87315953387185],[1.832369125450851,45.873270856592555],[1.83311466176031,45.872889500345316],[1.834194398721173,45.87267729532532],[1.836462063316035,45.874456811471035],[1.837672505650582,45.87495648373968],[1.842200392884066,45.87631691127604],[1.842826998003606,45.87662502476261],[1.845002805409404,45.872837787338355],[1.845506619167442,45.870387930194426],[1.845847519590057,45.86931430803554],[1.846263243105349,45.86842246705954],[1.847813589444364,45.866472298599994],[1.848423361915312,45.86548336371277],[1.848699096595145,45.86443968991163],[1.848743300907983,45.86330990257766],[1.848749744637806,45.86182760081308],[1.848984640230926,45.86144274077179],[1.848689948341819,45.86117226437488],[1.848609549672988,45.85996015479071],[1.841646095832273,45.85679006564561],[1.84069526040181,45.85652724923756],[1.840174132603996,45.85654711809279],[1.838223923281304,45.85612452093475],[1.837581368002796,45.856096298653625],[1.832507273872861,45.855050636393905],[1.832022015968581,45.85502040508645],[1.83222826541525,45.85453171504436],[1.83298570097467,45.85339308904329],[1.833418304561222,45.851889968421546],[1.833523394849634,45.85069867218475],[1.833408423391767,45.84949249571481],[1.83455524197957,45.84962140766075],[1.83556136630276,45.84963898605866],[1.836926823503109,45.851073279863826],[1.837888319854611,45.85076346395266],[1.838568444952674,45.850656982941295],[1.838118664896608,45.849922881350814],[1.838436421107546,45.84982708370564],[1.838939220844563,45.8501852825921],[1.839615077067638,45.85034262408209],[1.840963694875945,45.85019165868141],[1.842825438142451,45.84984600307125],[1.843544683273448,45.849901098284185],[1.846099116421418,45.85032437421437],[1.846605542968067,45.85008008222276],[1.847901732226019,45.84904412205295],[1.848372234434023,45.84891473122551],[1.848743163707207,45.84898695607383],[1.848323839531824,45.848454938312415],[1.84742854571907,45.84800632197735],[1.846858776935427,45.84795277698928],[1.846734293213799,45.84768133006989],[1.846732179022246,45.84667265023859],[1.846604560761908,45.84618142774859],[1.846869185382793,45.846036432603434],[1.847273101188811,45.846625936456554],[1.847724732063833,45.84696736327089],[1.84885907634047,45.846951909021534],[1.848791034731493,45.84724840956939],[1.84915186083818,45.847557384702824],[1.84953182370663,45.84725775651903],[1.849630489131693,45.846913836258814],[1.850041297042888,45.84674150329128],[1.849459199287685,45.84616730638897],[1.848864859239633,45.84624230510713],[1.848719387475917,45.84666770122557],[1.848017338785174,45.846346240024154],[1.84745746901174,45.84563446930673],[1.846833131123803,45.845911783505024],[1.846863730605582,45.84500250229347],[1.846589691984649,45.84418017008739],[1.845220505948894,45.842981910058555],[1.844976598618818,45.84312261009922],[1.842943482150512,45.8405909653695],[1.843314700311755,45.84009313934486],[1.843609096807438,45.83920277000152],[1.844533223625673,45.83838908897907],[1.844725552018368,45.83812628327105],[1.844815100785284,45.837787677455545],[1.845136481934851,45.83529813676198],[1.845157206330214,45.8326452174567],[1.845376269718354,45.83184233173531],[1.845375139953931,45.83109573312107],[1.845184853644323,45.83009233438823],[1.845386058832353,45.82940364083439],[1.844964395363515,45.82954612521266],[1.844003411830364,45.82954349826747],[1.843729503350774,45.82927412048876],[1.843244314406646,45.82900528006989],[1.842636092144623,45.82901345849087],[1.841641845319017,45.82875470347917],[1.840884740416185,45.828429928927925],[1.840723738115482,45.828183316467964],[1.838813239658481,45.82855364508584],[1.838116546641276,45.828848177288855],[1.835521360682348,45.827902849051995],[1.835459341933646,45.82742309619905],[1.834225257793723,45.82632425400049],[1.833947905423653,45.82567206587993]]]]}},{"type":"Feature","properties":{"fid":1980,"ID":"COMMUNE_0000000009750802","NOM":"Sardent","NOM_M":"SARDENT","INSEE_COM":"23168","STATUT":"Commune simple","POPULATION":758,"INSEE_CAN":"01","INSEE_ARR":"2","INSEE_DEP":"23","INSEE_REG":"75","SIREN_EPCI":"200067189"},"geometry":{"type":"MultiPolygon","coordinates":[[[[1.879842656102582,46.09424991237996],[1.885153268805385,46.093191790356975],[1.890967733787361,46.093709855979505],[1.892137708134209,46.0929494877072],[1.894475100118028,46.091743893178055],[1.904235027967858,46.09218707396924],[1.904248427425544,46.09047700899434],[1.904912316157988,46.088275204400915],[1.904168908234003,46.08777991546265],[1.902536944569523,46.08835582289927],[1.900725654664108,46.087995171304456],[1.898841792503934,46.08789855607638],[1.897688566076739,46.086802163635994],[1.897020350060088,46.086304855689],[1.895856417946123,46.085809025235605],[1.895739966792483,46.08535670253601],[1.895196928746131,46.085072237428164],[1.895014142991122,46.08431487263956],[1.895463987123734,46.082861216655225],[1.895456316354356,46.082341508461035],[1.895398100206462,46.08214731745084],[1.895239863784117,46.082035906351024],[1.895082455871997,46.08072493301086],[1.894117230031955,46.08013645744308],[1.893346640208236,46.07945891361801],[1.894127962150382,46.07883162399966],[1.884861185166021,46.07231798575186],[1.884504669508669,46.0718416761033],[1.883655978715943,46.071007495517435],[1.883593263602457,46.07078263382644],[1.883986965247292,46.0700642422541],[1.884767862154247,46.06939288450056],[1.884833627798854,46.06921251440942],[1.883357542338229,46.067992116657564],[1.882846004106818,46.067315246851784],[1.884401646293239,46.06678210347802],[1.88443060187958,46.06669413137127],[1.883732619841987,46.06615141941467],[1.88360033931175,46.06514777141734],[1.882260735400398,46.06409350738191],[1.881196763413859,46.06392811781906],[1.881609314098201,46.06374486548994],[1.881975514378649,46.06374127100443],[1.882092483421643,46.063651465219294],[1.882073234157277,46.06307130141179],[1.882199896726652,46.062950070738474],[1.883523797637095,46.06362953971512],[1.884684262560078,46.06394895496577],[1.885976596979317,46.06395445035407],[1.886622648003976,46.06386713337246],[1.887594454205809,46.063601090811325],[1.888375088803481,46.06306389322206],[1.889663956906804,46.061831015752375],[1.890865889155035,46.06227505370733],[1.891434494097187,46.06256249384962],[1.891896437501283,46.06255800197795],[1.891680183516903,46.061862442945724],[1.891815381573336,46.06118832943018],[1.892532948873558,46.06024612758758],[1.894486051182822,46.05858920398769],[1.894551365939367,46.058364695858906],[1.893911721048852,46.057687528032346],[1.892314927841329,46.05565824815093],[1.892603907959158,46.05537558659273],[1.890944790439686,46.05400490191039],[1.889978515922988,46.05304533630945],[1.890727834952278,46.05187200811131],[1.890593871871582,46.051523974378576],[1.891738184547941,46.05025994252071],[1.892360654363311,46.048959283191664],[1.892639739098858,46.047111317681725],[1.887690181832668,46.04416750704798],[1.887495828987314,46.044121471843184],[1.886912179673881,46.04452370683419],[1.886717277873028,46.04456862356615],[1.885497558788114,46.04361913650746],[1.886277018286502,46.043126973060794],[1.886021420469798,46.04272100190468],[1.885897479575293,46.04213620769209],[1.885965165464759,46.041731611344915],[1.886422762922885,46.04110299823493],[1.885782506655797,46.040470804262775],[1.88327868044723,46.03857115992917],[1.883474616256095,46.038347043760744],[1.884703286724675,46.038082658805436],[1.884899594906548,46.03790357296904],[1.884578855014186,46.0375870155444],[1.884582282060361,46.037226816752785],[1.884906732713946,46.03691390441359],[1.885360348054729,46.03673554719168],[1.886135613369139,46.03682872200209],[1.886654014817481,46.036515909010085],[1.887429426119308,46.03647398929115],[1.887883029649563,46.036295621973984],[1.888924871220934,46.03535482414227],[1.889187900137853,46.03481615274519],[1.891192752732307,46.0344647402614],[1.892097042890115,46.03437811980779],[1.897452081563967,46.03525345648619],[1.89874284134821,46.03530382661766],[1.901329990242243,46.03486423008837],[1.901537903968008,46.033065087539676],[1.902252414971275,46.032573088190205],[1.90244724360087,46.03252904514562],[1.903219784952813,46.032757163829935],[1.904188076428951,46.032895310567895],[1.908663184412528,46.030483505879076],[1.913849914393456,46.02789373088768],[1.914313101944432,46.0265013735885],[1.913927143880475,46.02627433308577],[1.911931148705471,46.02554733693206],[1.909416740452346,46.02495310666993],[1.90832584264532,46.024094260873675],[1.907550223440935,46.024091290783936],[1.906135207542983,46.023411215780776],[1.906137099111635,46.02318608948924],[1.903696474655596,46.0215576779101],[1.903812022397347,46.0210139454594],[1.903692233704945,46.02079754853096],[1.903718781350358,46.020503316108424],[1.903582047334993,46.01996975144758],[1.903056452273709,46.01961884337065],[1.902301740690218,46.018506525918],[1.901111655904236,46.01854812717972],[1.900528123021327,46.01831642232642],[1.898814950892493,46.01840065434656],[1.898144957983928,46.01822663467205],[1.897043930364917,46.018081738412725],[1.895912578617156,46.01815987980758],[1.895648538904487,46.01811227822189],[1.894747995238538,46.01802604953472],[1.894570413795045,46.01792165142829],[1.894183533215892,46.017940391676746],[1.894091508685472,46.01769543648624],[1.894132640937449,46.017642703621306],[1.894015920044127,46.01759743618824],[1.893804082921238,46.01765390642023],[1.893718796214932,46.017588232148185],[1.893891250068754,46.017433214455856],[1.888809093173115,46.017855403177755],[1.887451106864472,46.018209517474936],[1.886416904705728,46.01834075161049],[1.886670569799892,46.01883676238999],[1.884472890540628,46.019097934938486],[1.884152641924546,46.01882640896747],[1.881567563759083,46.01913054072035],[1.879813194377033,46.02047309379682],[1.87923043058269,46.02065105129111],[1.878645134279925,46.02114328411012],[1.877740292633245,46.02113973161563],[1.877095820610215,46.02104689236216],[1.876446951897099,46.02135926818303],[1.876571646619144,46.02189995343384],[1.876442223690974,46.02203375796302],[1.874568258183952,46.02207100174614],[1.874178803286553,46.022340010669105],[1.871014762083466,46.02237157875598],[1.87101531769238,46.02228152590554],[1.871666427812981,46.02160987016741],[1.872576975184251,46.02089396152238],[1.872395982821689,46.01931794070323],[1.873040244476287,46.019545892409184],[1.873298768340935,46.019546661607684],[1.873752259668447,46.019369251146045],[1.87388372472183,46.01900942352105],[1.873693321678742,46.01864909923687],[1.873697369996943,46.01819884771957],[1.872476984364033,46.017384292800166],[1.873372407045021,46.01601440432206],[1.873925766863901,46.01581907397251],[1.874158105733525,46.01564576858345],[1.874723090087129,46.01507140427557],[1.875335849098415,46.014625394229746],[1.876204432524695,46.013614550768],[1.87523014462202,46.013157294872684],[1.874952673309216,46.012820424063136],[1.872402878888684,46.01229705827853],[1.872821884981058,46.010898117307164],[1.870218027224071,46.010683964437334],[1.869183488961955,46.01033322433637],[1.868017177260954,46.01048278397932],[1.868076226547967,46.01106785323118],[1.867559258653511,46.011066290420175],[1.866529249785132,46.010747091727985],[1.865371141866051,46.010247384555086],[1.865378808702468,46.00943693479093],[1.863520821279507,46.00771981141312],[1.863396268337951,46.00718001203365],[1.862621251587969,46.00722176741582],[1.862495588426001,46.00686117232446],[1.861941686110857,46.006460253251],[1.861102817310222,46.00665265522837],[1.859064584721278,46.00628452372988],[1.85861995819436,46.007221158333145],[1.858725438493354,46.00743205737937],[1.858536860901953,46.008174042040785],[1.858195471832074,46.008681234881806],[1.858531270049944,46.009066466629235],[1.858526201105537,46.00918619352814],[1.857163445879961,46.00977044685871],[1.856334773401585,46.010028659852836],[1.855559711169873,46.0100703669361],[1.854464224420928,46.0097963262944],[1.853230775681048,46.00969289094737],[1.852580035781197,46.011272237376794],[1.852386181657058,46.01127117489161],[1.850396001892752,46.009958659011815],[1.849172265048329,46.00963823634043],[1.847760716943345,46.008597221493936],[1.847693733800945,46.00895677553225],[1.846983289169498,46.008999080964955],[1.846914413344666,46.00944867414673],[1.846073201986662,46.00962473141803],[1.845809025677634,46.01038844150622],[1.844378011144955,46.01224527956817],[1.842374050210247,46.011410693372035],[1.840730242443,46.010048408613116],[1.840441354567011,46.009895954975164],[1.839944691607548,46.00979000549803],[1.839291543844841,46.0099337154481],[1.83915352594414,46.01004307410977],[1.839290140933335,46.0103677851465],[1.839203151858706,46.01155026848027],[1.839425507766353,46.013018705371856],[1.838811696913313,46.01301151679718],[1.832686895983065,46.01212995440866],[1.831134001912679,46.01203469525922],[1.830920598443609,46.01198025957592],[1.830704025783187,46.01177088917299],[1.830583158256916,46.01180206318437],[1.830361112544554,46.01172862483889],[1.830201133046301,46.01177560537035],[1.830113327075208,46.01195391648766],[1.830331037179433,46.01204892474038],[1.830316267477442,46.01231804894425],[1.829979964945879,46.01239022676653],[1.829730882674373,46.012615504233274],[1.830023373711093,46.01271939061753],[1.829899392128982,46.012836087907175],[1.829960147138302,46.01295739439782],[1.829850053374277,46.01321112484483],[1.830249060235693,46.01335123347562],[1.830019139601889,46.01340469654414],[1.830048803620876,46.01365086410361],[1.829699279870576,46.01397957308557],[1.830196554289139,46.01417923502357],[1.830266893614721,46.014275423717244],[1.829964215182341,46.01471088678499],[1.83029450131466,46.01504391261492],[1.830281922835366,46.01551389116315],[1.830519415682492,46.01571267101974],[1.830463291007352,46.015981368450056],[1.830560993394548,46.016249852135495],[1.830272168154553,46.016519750347946],[1.82994427424532,46.01649925426098],[1.830001385540263,46.016731295723346],[1.829715515126104,46.016801291910184],[1.829748501228637,46.017073610962704],[1.829498344772972,46.017226829762016],[1.829501377193219,46.017388066844674],[1.829700200996631,46.01746036625235],[1.829781638727918,46.0175818863544],[1.829933934933658,46.018140023915876],[1.829568739077409,46.018474875094476],[1.82905504881766,46.01868030709941],[1.829132256407532,46.01875765500166],[1.829339137163079,46.0187552891915],[1.829325299762311,46.018980293971126],[1.829022987818403,46.01909334706657],[1.828969440102094,46.01924049070006],[1.828720950916974,46.01925413353075],[1.828175536270735,46.01912781628499],[1.827897961962011,46.019171776672735],[1.82731841579195,46.019494497277826],[1.827026479558417,46.01984811033219],[1.826639881049234,46.019972893082354],[1.826475141062742,46.01993876612281],[1.825760081191611,46.019463052262395],[1.825279345787563,46.01927434974032],[1.823967295202097,46.019332789900545],[1.823041638301462,46.01945736904592],[1.822966482107312,46.01934491513762],[1.822268746713567,46.01908820264024],[1.821846418972694,46.019372002609124],[1.821261608841664,46.01945598097817],[1.819714779880204,46.020454850236305],[1.81763696615623,46.02083395658817],[1.816893167362307,46.02085591419426],[1.816586942887533,46.02138947055939],[1.816714618602078,46.021704209947224],[1.816748828835651,46.02227734420179],[1.815659690352256,46.02278651133729],[1.815401448107048,46.02307200237777],[1.81518023136879,46.02361905192147],[1.814911404890006,46.02379545948878],[1.814985452161195,46.023898901308044],[1.81485337675805,46.02426856476595],[1.813824620160856,46.024792755674774],[1.814273179735628,46.024735308102905],[1.815036277243075,46.02478021278524],[1.816163928543559,46.02446598153207],[1.817288337623792,46.02400130636727],[1.817780585512841,46.02389566888319],[1.821341664886867,46.02386431152176],[1.825024479869057,46.023701717421766],[1.827994726136192,46.02367032891581],[1.828381914586827,46.02376168923385],[1.828572038478307,46.02412208953149],[1.829147758602773,46.02470981985903],[1.828887961926396,46.02488905520726],[1.828821126376506,46.025113512325866],[1.829463088947735,46.02556593615233],[1.82984650844042,46.0260174886188],[1.829841142768033,46.02651275805187],[1.829776224898731,46.026647176441905],[1.829322512630233,46.026825311284085],[1.828766020154264,46.02739774170767],[1.828749891896622,46.02754797371078],[1.82892465701765,46.02778033063841],[1.828854103396036,46.02836138330362],[1.828299561950505,46.02896265068718],[1.828088592145786,46.028973078039286],[1.82812590868022,46.029163488492706],[1.82795429514334,46.02932922409172],[1.82812890434283,46.02969036508329],[1.827702505238628,46.02973819042556],[1.827533275441301,46.02985261638731],[1.827029244882031,46.02978165880911],[1.827114060606531,46.02998787116632],[1.826390464769192,46.030087552202296],[1.82610767805551,46.030312473631554],[1.826035596180446,46.030539576704264],[1.826232032698362,46.03084691127798],[1.826060057286942,46.03096851140335],[1.826077636724007,46.0312352684241],[1.82589995071654,46.0313820257351],[1.825777109606016,46.031685153165924],[1.826012301618375,46.032115369908404],[1.825733846285184,46.0326213198066],[1.825947310426745,46.03297926427698],[1.826419662077259,46.033202998889635],[1.826346164385736,46.03337515145861],[1.826554672970325,46.03348087793078],[1.826520627624662,46.033803837673695],[1.826799890471813,46.034290345422896],[1.826831969824336,46.03460498362679],[1.827118715989806,46.03480157770044],[1.827094836527548,46.035072408484076],[1.827352415002806,46.03530292260328],[1.827276222908647,46.03554079102102],[1.827466859942641,46.0356967639154],[1.827465855414152,46.03586516399678],[1.827618887408567,46.03602615121786],[1.827436825543896,46.036498879632],[1.82701464525694,46.037013252600644],[1.826976856350021,46.03732986957358],[1.827314876594227,46.03760894724614],[1.828269375263,46.03754046491274],[1.828487850921652,46.03772554259384],[1.828665812651355,46.03811283412582],[1.828768956403324,46.03873440655808],[1.828705692902414,46.03970098712973],[1.828479473821754,46.04000034763012],[1.827767631464438,46.04057387085554],[1.827585537315328,46.041229419141054],[1.826301021941687,46.04148810756067],[1.825700382071241,46.04145487045957],[1.825144122619847,46.04164453602892],[1.824540642336113,46.04156263144343],[1.823698807949183,46.04168088400845],[1.822744761455618,46.0421473947479],[1.822752311101979,46.0423383985087],[1.822481023272211,46.04244545353533],[1.821885393131593,46.042479792703176],[1.821523691879766,46.04270208228414],[1.820491189612591,46.043749541200945],[1.819542415882958,46.043425360803944],[1.819410229887826,46.04373919168175],[1.818699955644988,46.043691267234124],[1.818702847381138,46.04337609015162],[1.818316829880976,46.04328471029929],[1.817605594327988,46.04328179851733],[1.81747597762203,46.04341553559858],[1.817472754112814,46.043685679650814],[1.81650418930269,46.04368097752673],[1.815203927793055,46.04448513611527],[1.814751317094803,46.04448310754692],[1.814366288612989,46.044345794370166],[1.814359162272519,46.04497613476959],[1.813775618704352,46.04528794064806],[1.812870384230311,46.0452838703027],[1.812917203461789,46.04712877481878],[1.811939153168706,46.04815871646331],[1.811702975609391,46.0480751883246],[1.811262378152612,46.04745636570285],[1.811113823200492,46.04667039153775],[1.810796374835812,46.046039349144664],[1.808996335070403,46.045130669827664],[1.80854076922778,46.04544379328491],[1.80879580750942,46.04584993886195],[1.808208953935884,46.04643185986425],[1.807431705688272,46.046608309614456],[1.806332787811038,46.04664808038881],[1.805814181572762,46.0468254404016],[1.805617899095366,46.04704942219581],[1.806069552932622,46.04709650663048],[1.806133879150071,46.047231372441495],[1.805802337732056,46.04808524685087],[1.805348719493,46.04812820015939],[1.804059076185729,46.04789666196104],[1.80399407004085,46.048031065492694],[1.804180809292735,46.048662550433995],[1.805018822557374,46.04884610003603],[1.805008288062338,46.04992580147435],[1.803835380852517,46.05104458168252],[1.800254098781216,46.053816604982146],[1.799990760341944,46.054265917389614],[1.800113453193816,46.05498589032768],[1.799333728003482,46.05538740862044],[1.799260073232237,46.056331352958175],[1.799971476626167,46.05633437980816],[1.802862959213162,46.05792296685815],[1.802861311131593,46.05805803860783],[1.802601290774028,46.05823631312557],[1.803118680639045,46.05823907264542],[1.803831421397047,46.058062870902326],[1.804156122513309,46.05788437504059],[1.804349180382439,46.05792963901729],[1.80427758465904,46.05860432974281],[1.803231853275271,46.059814505600514],[1.802772305666983,46.0604814988777],[1.80358991827603,46.060421681357646],[1.804252635939007,46.06022693713151],[1.804944408552992,46.05994513762375],[1.805464914327241,46.059448089542094],[1.806012972675299,46.05964748817172],[1.806527117291362,46.05991947532872],[1.806653196001171,46.06019007944479],[1.806650550264019,46.06055028903698],[1.805868509949644,46.06117607597064],[1.805736846585961,46.06140073870951],[1.805863575032104,46.06176050930785],[1.806833118646137,46.0616752499218],[1.806956242840451,46.0622610302567],[1.807407018973968,46.06253324712431],[1.808114256207592,46.062851385880805],[1.808566042023979,46.06289846034627],[1.809529391930043,46.06357771613323],[1.810496041560855,46.06380670168119],[1.811659972461162,46.06376756817072],[1.813082962132636,46.06359424385789],[1.814051569671316,46.06373316021778],[1.815086131170713,46.06369353945847],[1.816115863525555,46.06405822460714],[1.815786011611408,46.06477615539061],[1.816292178205306,46.06590357608991],[1.817651501681361,46.06568450006783],[1.817778616774525,46.065910072276345],[1.81822850840199,46.06622726557938],[1.818486925301257,46.06618312683651],[1.818619170544492,46.06586929728345],[1.819202609836184,46.06569165172845],[1.819463578615802,46.06546831971009],[1.820177019366622,46.06520106245871],[1.82076170395827,46.064844204350145],[1.820762980696712,46.06466409942206],[1.821414897586014,46.06412781881315],[1.821608956815467,46.06412803388526],[1.821735756196615,46.06430856871862],[1.821929160313778,46.064399736104164],[1.821791187238341,46.06534392337992],[1.822178966271099,46.065300219344294],[1.824967263177694,46.06432317878399],[1.825422241940408,46.06410094243215],[1.82613876448982,46.06338428559299],[1.826984668482355,46.06284817994025],[1.827902160679582,46.06150227704295],[1.828158942374965,46.061594088740065],[1.829508391009905,46.06249960660273],[1.832272041086064,46.06413114153033],[1.833429689821851,46.064631172796354],[1.835041434560516,46.065133154914605],[1.835364847170756,46.06513467485437],[1.835494471564748,46.06500091742996],[1.836527835405265,46.06514030581363],[1.83665842895257,46.06496062702519],[1.837368382516658,46.06509849150032],[1.837696733215383,46.06456060311138],[1.838471625920873,46.06456403792478],[1.838727240725613,46.06483503041577],[1.838981983492312,46.0653311603543],[1.838708440801995,46.066949418411866],[1.838116134386645,46.06816094793453],[1.838105904587017,46.069195618693634],[1.838674833449991,46.07068291151751],[1.838542081841581,46.07108681692126],[1.839113113987765,46.07216976479836],[1.841827564678536,46.07218129922881],[1.843457024902842,46.07074887870925],[1.843975735348952,46.070571346719454],[1.844816939947282,46.07044032504634],[1.846972798777454,46.06783975043787],[1.847554609886005,46.067797931801316],[1.848269462145941,46.067396325974364],[1.848593481234962,46.067307755594356],[1.849110977568817,46.067309404919484],[1.84995424319656,46.06695322017475],[1.850211457721411,46.06708911439623],[1.850598266083151,46.067091233363485],[1.85312719337628,46.066246864862265],[1.85338497859489,46.06629359965416],[1.853577521880962,46.066428832449624],[1.853637416605407,46.06696888843893],[1.854344395007354,46.067376791479575],[1.85530570587755,46.068370835957246],[1.855433207327005,46.06846128044036],[1.856208869361793,46.068554659777774],[1.856783240075035,46.069554695415476],[1.856267240841821,46.06954228938103],[1.855958463095295,46.06964454416533],[1.855888815494768,46.06994463710679],[1.85613130610006,46.07035414690233],[1.857097775713338,46.070357584074436],[1.85760924540312,46.07089948439514],[1.857606933124755,46.07125969495217],[1.858703859577955,46.07139951960858],[1.858829069352874,46.071850170834786],[1.858762657720575,46.07211967806719],[1.85850217561596,46.07238813323675],[1.859081383112428,46.07266053282145],[1.859465949546303,46.07302193171651],[1.860563849373045,46.07311671856168],[1.86107516714731,46.07379368865952],[1.86100897611658,46.07392811172222],[1.858995296925742,46.0749993849664],[1.858856781949213,46.0761237220776],[1.859115212718937,46.07607949080606],[1.859833679848956,46.075317614733585],[1.861260019172194,46.07473935620255],[1.861389771750788,46.07478478712409],[1.862474744032976,46.07631855799276],[1.862924047190458,46.07668059368883],[1.863505958371341,46.07663779286207],[1.864144677450253,46.07754026970874],[1.863457391258557,46.07873566565759],[1.864023258511769,46.07896918030993],[1.864791698413484,46.0794199584799],[1.865222264763928,46.08006458021939],[1.865927822624868,46.08074166837723],[1.866863278524519,46.081881245898494],[1.867205629137285,46.08184774047074],[1.869482682415176,46.082006439081056],[1.871106397536297,46.08228107262661],[1.87143266700769,46.08221137117324],[1.871714035693994,46.08237447301154],[1.87185837992628,46.082655989219035],[1.872568096695602,46.082883685947095],[1.873084428027326,46.08288611345086],[1.873788092819127,46.08378827789319],[1.874109220000468,46.08396977986995],[1.874952029447061,46.08370346224209],[1.875146530221275,46.08374861847805],[1.875530340096504,46.08415588306662],[1.876559233764685,46.08478927674559],[1.878106701470708,46.08538095898509],[1.878151202336438,46.08776523594788],[1.878646858287519,46.090241327844886],[1.879533764202103,46.09244930517584],[1.879842656102582,46.09424991237996]]]]}},{"type":"Feature","properties":{"fid":2177,"ID":"COMMUNE_0000000009751594","NOM":"Auriat","NOM_M":"AURIAT","INSEE_COM":"23012","STATUT":"Commune simple","POPULATION":116,"INSEE_CAN":"05","INSEE_ARR":"2","INSEE_DEP":"23","INSEE_REG":"75","SIREN_EPCI":"200067189"},"geometry":{"type":"MultiPolygon","coordinates":[[[[1.628242824966269,45.847541717315906],[1.629160215882765,45.849468486885904],[1.628356507888799,45.84944882553312],[1.627266981634978,45.84962472486973],[1.625980035857064,45.84960277678117],[1.625111327147309,45.84986419848204],[1.624729557870825,45.8498757633943],[1.623312507715234,45.850625841213656],[1.622806790209527,45.850749368571606],[1.622419833748242,45.85040061100961],[1.621987895563921,45.85035661664248],[1.620409782737422,45.850381488918494],[1.619994970294504,45.850477293564346],[1.619481745852942,45.85064304400503],[1.61972581492777,45.851087334323346],[1.619397106633958,45.85160478264846],[1.61873196933237,45.851763269709714],[1.618442868785554,45.85152196884688],[1.618240452647401,45.851576233256075],[1.617470061151563,45.852077466272654],[1.617065310685651,45.85213105389962],[1.616004030536614,45.851793832284436],[1.615375253850421,45.852197716544275],[1.614401022086772,45.85306478877046],[1.614151150381278,45.85300678582827],[1.613976708171578,45.85312713185638],[1.613684217049047,45.85353423109307],[1.612819989315619,45.853458778855355],[1.61207815836066,45.8540512904195],[1.61127988313066,45.85437651679734],[1.610501342304068,45.854583097005765],[1.610289382891038,45.85445260063182],[1.608399778801131,45.855477679521364],[1.607816681029141,45.85641706083736],[1.602394716516057,45.85746060901225],[1.602520471327613,45.857686421934986],[1.602919713843028,45.857954343560365],[1.603092067095801,45.85827439774092],[1.603486117823998,45.859307790971904],[1.603461274409004,45.859627208591874],[1.603797972893099,45.85982050204876],[1.604093807767714,45.86020242256691],[1.606414700382421,45.862320534957234],[1.607025135627932,45.862599151313994],[1.607449400203408,45.8630015588627],[1.606515479876795,45.86328095105453],[1.606405489762668,45.86385870131961],[1.606547328459747,45.865286151222925],[1.607557348943325,45.86597677613922],[1.60842128393176,45.86688894979495],[1.605893044949725,45.86893464989586],[1.605798841158504,45.86924420608502],[1.605429734616617,45.8697692242873],[1.605629210845162,45.870599366747385],[1.604259668071856,45.87229366507751],[1.604248466269622,45.873398603324425],[1.603850177387981,45.87410698571381],[1.603946760401088,45.87513039709724],[1.604479414389864,45.876042110570694],[1.605119384396553,45.87673899378476],[1.605075917794074,45.87713203393589],[1.605165020653392,45.877381708106185],[1.604379000558731,45.87822670700792],[1.603973306007892,45.878360394982636],[1.60458899910731,45.87971174131278],[1.604706401153997,45.87981135945302],[1.604967790387936,45.87982629369242],[1.604999570606327,45.88055799976982],[1.604176236771534,45.88195822804061],[1.603370604797185,45.881996011461794],[1.602514432370527,45.882399722190215],[1.602043210838751,45.88211560032549],[1.601411862457427,45.88260313980571],[1.600631266246493,45.88216207639796],[1.600304812468971,45.88252549353743],[1.599767919762061,45.88208563990326],[1.599769831379473,45.88195957482668],[1.600115709170817,45.88169456885887],[1.59991868334212,45.881328272783676],[1.59917110973116,45.88161892277797],[1.598812820865657,45.88130646558898],[1.598170426240552,45.88116250566015],[1.598971232775265,45.879943968296764],[1.599440082299917,45.879609338439764],[1.599441414372176,45.87945534653195],[1.598981754321328,45.87866699957749],[1.597867220451002,45.87929263105477],[1.59741691889233,45.87981031339029],[1.596849315760634,45.88007255917892],[1.596611482663508,45.88050011017139],[1.59577371316018,45.880585173926406],[1.595054139014154,45.88134537542208],[1.594515011413157,45.88165299547374],[1.594402647225722,45.881912782588834],[1.593966661344566,45.88217034631336],[1.593605711700898,45.88196321352396],[1.593254971623793,45.881912016498525],[1.592962340380216,45.881958810254005],[1.591794865570126,45.88268279456557],[1.591278909460049,45.882889817016654],[1.591067469781604,45.88319069629987],[1.591220559436973,45.88325564863156],[1.591198187537318,45.88347512495697],[1.591990945092135,45.883740781737245],[1.592029330375321,45.88400514602062],[1.592741175540903,45.88466246672015],[1.594768095176474,45.885738720144076],[1.595204845361092,45.886262012998884],[1.595691296006643,45.88665713063173],[1.596510872892603,45.88632776849263],[1.597510298742255,45.88693819223997],[1.597297647011027,45.886983287720994],[1.596353613853522,45.88759120795193],[1.596545545412941,45.88830959522206],[1.59682147448979,45.88886961227297],[1.59761459314688,45.88983502583216],[1.599768919712824,45.89133966689015],[1.600203757926187,45.89123067059417],[1.600398033878787,45.89109707988034],[1.60022219151136,45.89055542331311],[1.59983240175203,45.89005885076242],[1.599778469082781,45.88933857624291],[1.603000493988897,45.889224424889626],[1.604652767391551,45.890900191804356],[1.606363417060766,45.89078079118221],[1.606702636799915,45.89103534772655],[1.610043078741308,45.88955259254467],[1.610364129523173,45.889709646374236],[1.611997373270759,45.88953787372806],[1.612479030712846,45.889668072809286],[1.613035160141674,45.89032425149205],[1.614075470458873,45.89070356500544],[1.614827725583709,45.89166565102539],[1.615607168181858,45.89216243842729],[1.615846291597141,45.892141949541774],[1.616927393047086,45.89125725008721],[1.617814741905631,45.89120595740409],[1.617820258055822,45.8907286906955],[1.618067154157309,45.89029490286431],[1.61867207630391,45.89024195262548],[1.619059981715451,45.889893643992515],[1.61931626789068,45.88882682530971],[1.619167632072814,45.88791267177471],[1.618836974562586,45.887108873280326],[1.618638394602505,45.88695334005117],[1.617833193314901,45.886920082762224],[1.617337138921017,45.886284476579746],[1.616999800310632,45.88605699412855],[1.616330218850635,45.8863757302319],[1.615691131117555,45.88599324443556],[1.613882381217337,45.884378767028934],[1.613621863239604,45.88273822507561],[1.61494777583325,45.88206099171388],[1.615971849667047,45.88179704023342],[1.616581393371216,45.88129924738154],[1.617675182705535,45.880825386373935],[1.618477990745966,45.880899144984454],[1.619104162087023,45.88117788524914],[1.620007248966857,45.8818823980916],[1.62012173694008,45.882151282672744],[1.620813677505616,45.88263706016924],[1.620870895942569,45.8828241885634],[1.620809306827522,45.88425543851764],[1.620703817079912,45.88445138947105],[1.620159965769252,45.88479779989062],[1.620053996391174,45.88521890190871],[1.620415889531571,45.88864030835717],[1.620832760423708,45.89007199190159],[1.619279942117139,45.89192545006678],[1.619505552940512,45.89584414475167],[1.619330841597804,45.89612480954644],[1.619588425163759,45.8964494793024],[1.620370706614394,45.89663104670166],[1.620518855904813,45.89679316625687],[1.620116342726523,45.897620437349104],[1.620440713972195,45.89831788018685],[1.620416559580052,45.8986129921566],[1.619819647793111,45.899681961408646],[1.62090810933438,45.8999501189325],[1.621663997616178,45.89995122890592],[1.621959725236071,45.899680140916516],[1.625989240662497,45.89995072710106],[1.626655825112859,45.899601274642436],[1.627062878084755,45.899831374497005],[1.626999285986389,45.89995038604505],[1.627264546358141,45.90022829807902],[1.627800866163407,45.90039601963535],[1.62809865764415,45.89988537378951],[1.628261610409051,45.899298339521316],[1.626995539630587,45.89947931173517],[1.626572072784362,45.899286838665375],[1.62637424048426,45.89847747233763],[1.625883193143792,45.89809864607897],[1.62752206985717,45.89744938204144],[1.627451457459397,45.89712519931123],[1.626186048838627,45.896556846711825],[1.625878125020612,45.895611047420445],[1.626548144758958,45.89527694867887],[1.626799051749661,45.89468017726594],[1.626548081806628,45.89455464364567],[1.627275369350197,45.894250957139576],[1.626731196298085,45.89357248050033],[1.626735199920319,45.89325640844755],[1.625997791651439,45.893242046384614],[1.626014757555284,45.89313057456905],[1.626292233612269,45.89250260519224],[1.626566125033117,45.89217360041159],[1.62732867836677,45.89210990951941],[1.628348244298277,45.891669266466515],[1.629432446803144,45.891585146062106],[1.630798265912633,45.89101538495932],[1.630985669407042,45.89068802440362],[1.631391655797555,45.890387626569],[1.631558875934303,45.8898339632661],[1.631836351400615,45.88946266015317],[1.632088184153065,45.889345023149716],[1.632992807356291,45.889271305215644],[1.63353117528097,45.88940480157692],[1.633717027745989,45.88976369600464],[1.634019708302745,45.889779961998826],[1.634796298507043,45.88961642123535],[1.634886569053529,45.889043811749296],[1.635540565390311,45.88862210710639],[1.635993742886376,45.88844564862],[1.637147422782296,45.88925211239992],[1.637518548665235,45.89020404439979],[1.637443396352797,45.89084438487116],[1.638015181001883,45.89093142969108],[1.638624424975504,45.89143411136965],[1.639274026589272,45.891713019397685],[1.63969411123764,45.89125785417644],[1.641227536262184,45.89199409102133],[1.641011600556609,45.892330131210215],[1.641610605448412,45.892621926803116],[1.641939565457732,45.89199093721466],[1.642132995477687,45.89199235968522],[1.642128174268325,45.89239758333247],[1.643225060298676,45.892269352436884],[1.642973987320787,45.891727765382015],[1.643557074202685,45.89146097184059],[1.644331711579578,45.89137659723325],[1.64441463357624,45.88989246048534],[1.644741631219684,45.88944426671918],[1.645066036772771,45.88931125977607],[1.647708971926526,45.88919249695435],[1.648423694006696,45.88865706595344],[1.649004888401451,45.888570347265954],[1.651368516043617,45.89011431566679],[1.652893514824486,45.89183377321975],[1.654052129778428,45.89197545953303],[1.655345129100414,45.89157835827328],[1.656340611982922,45.89142808042171],[1.656468933100181,45.89193125219448],[1.656459856100615,45.89246251182625],[1.656657438225939,45.893193463257376],[1.657640787898225,45.89343660160002],[1.658092152006602,45.893439257273506],[1.658415259433592,45.89330619672439],[1.659245729266308,45.89389604785084],[1.65988654751456,45.894170228628425],[1.660336823809699,45.89421789348439],[1.660798634493886,45.89336597172888],[1.662471848763194,45.89351096288414],[1.662667271244992,45.893377280477914],[1.66324849298316,45.893290488574564],[1.662617170977289,45.88698857860316],[1.662876638432151,45.88676559154345],[1.662762070149211,45.88564026080118],[1.663471064923117,45.88559911041262],[1.66404912975705,45.885692402328736],[1.664693839295357,45.88569641630247],[1.664831180495218,45.884977541425286],[1.665714678828221,45.884759214244205],[1.665721145739228,45.88443866950205],[1.665584695582752,45.88394892244322],[1.664458692116257,45.88385096774428],[1.664645479511341,45.88439174564491],[1.664514775232057,45.884570325977755],[1.66406239271231,45.884612714116166],[1.663935630575802,45.88452205461867],[1.663685458653499,45.88393639581963],[1.662983834445094,45.88330216835176],[1.663444421671762,45.882495254092795],[1.662934645074539,45.88208664822385],[1.662943261676777,45.881412184658174],[1.662170561337352,45.881317483976964],[1.662125501272903,45.88041092538073],[1.661766863668695,45.88020494115853],[1.66175239943244,45.88005706797623],[1.660671664531082,45.88006318195151],[1.660394911198049,45.87956546127794],[1.660369026635701,45.87930397417724],[1.661106328854554,45.878837180920385],[1.661238145324355,45.87861268603799],[1.660733958032248,45.877710595085965],[1.661317007051485,45.87748874344302],[1.66138235608277,45.87739945515454],[1.661062740777043,45.87712728453234],[1.660946649877268,45.87643873497684],[1.660557526172064,45.87600272686072],[1.660580821730085,45.8757337169752],[1.660850101882984,45.87526408104912],[1.661215610131681,45.87523869018201],[1.661335874879514,45.87591468016255],[1.661593721627345,45.87591593223617],[1.663017000089015,45.87533926606465],[1.663271944577698,45.87556653596018],[1.663529789741829,45.87556778361789],[1.663725146083904,45.875434099421625],[1.663667319058007,45.874893943683176],[1.663998928753528,45.87408550332306],[1.663483252274472,45.87408300955973],[1.663160071935565,45.87417105114429],[1.663104434288943,45.87354085881357],[1.663299586622744,45.87336214195467],[1.664140886150464,45.87296230535539],[1.664014844277818,45.8727365609962],[1.66298572109407,45.87264063458728],[1.662473158090215,45.87245714798236],[1.66247889799598,45.87200780582743],[1.662741394532783,45.87160383091929],[1.663252602344251,45.87120459842152],[1.664167600387384,45.87084796281322],[1.665330430615564,45.87058520945392],[1.665333990094536,45.87022500316048],[1.667272010423857,45.869786754136555],[1.667986291148948,45.86925119968058],[1.668244106898788,45.86925243658535],[1.668948924518723,45.86948229181937],[1.66927120644636,45.869483384931755],[1.669728938322455,45.86894660008298],[1.670639379727046,45.86818728237605],[1.670592070253737,45.866994305360045],[1.670280904607107,45.86589098801141],[1.669771209100176,45.86548331346262],[1.668299444457461,45.8646644288061],[1.66772817497482,45.864031764730306],[1.667604998327207,45.863580903063884],[1.66773961082514,45.863131279323],[1.668261538319821,45.862550226708706],[1.668330599732656,45.862145761491554],[1.667628514625538,45.86164664807816],[1.667186858403814,45.8608795152856],[1.66667419012773,45.86065101439151],[1.665071243415751,45.86014665569007],[1.664820301230053,45.859650150869136],[1.664701788878659,45.85879496209889],[1.664387096669685,45.858163510392835],[1.663009344000727,45.85725290092809],[1.662786282984921,45.8569368453442],[1.662933726485483,45.855905577805714],[1.662294429079805,45.855586396361446],[1.66152892959811,45.8549973312352],[1.660562794859507,45.85508134861156],[1.660559009650082,45.85539652124207],[1.659656026646927,45.85548037892851],[1.659427419148677,45.85576496526653],[1.659488153314242,45.85634208365698],[1.657893489314895,45.85629973826748],[1.657073569593321,45.85609456176408],[1.65553798681488,45.85532067915543],[1.653953663618519,45.85527840082348],[1.653417179854795,45.854815392916954],[1.652133322543641,45.85423989789793],[1.651774119542857,45.85396002177811],[1.651719899608993,45.853805368255415],[1.651830010136805,45.853571619479894],[1.652643795453137,45.85302294015687],[1.65135837319073,45.852671672269956],[1.650929599121233,45.85265484548797],[1.650745863602878,45.85236805461061],[1.6508318863741,45.85159094333733],[1.650429736908324,45.85106558030724],[1.65035368621503,45.84974886124144],[1.65101708463896,45.84918218639432],[1.653046371512287,45.84804189228149],[1.653813369515164,45.84724137421984],[1.65385601086363,45.84697259616425],[1.653520921277727,45.84676236044469],[1.653336020721113,45.84599552800818],[1.652887963509116,45.845767732480965],[1.652816723403817,45.84557144786441],[1.652503414753645,45.84563075492249],[1.652299549255492,45.84579944148147],[1.651836376777507,45.845874070694926],[1.650822926313136,45.845685450231834],[1.65079717875698,45.845262750511885],[1.649927778799168,45.845033512806936],[1.6486495208061,45.84497680124906],[1.64781726041607,45.844810134425515],[1.647514938192563,45.844684030672454],[1.646643330681033,45.84454570400921],[1.645642272313331,45.84453640922231],[1.644425158235422,45.845138739065504],[1.643198514213865,45.84523659190839],[1.642021396705135,45.846044719176696],[1.641443879777455,45.845633395271605],[1.641037962520945,45.84584196137697],[1.641737115902134,45.84670416164386],[1.640924627943425,45.84730411374494],[1.640367806489196,45.84683719458281],[1.640288811532563,45.84659127383238],[1.639543674168731,45.84675882594399],[1.639160796515106,45.84676412159328],[1.638686514461901,45.846086541108754],[1.63834784462261,45.845971682804645],[1.63737415105464,45.84589689919203],[1.636622788708727,45.8456383609072],[1.636304754100548,45.84567955370803],[1.634468655753421,45.846553498735446],[1.634039127563787,45.84662125699683],[1.631871401133744,45.84615822288916],[1.631640246344836,45.84695698130049],[1.629069261169477,45.84763100392218],[1.628242824966269,45.847541717315906]]]]}},{"type":"Feature","properties":{"fid":2222,"ID":"COMMUNE_0000000009751065","NOM":"Saint-Georges-la-Pouge","NOM_M":"SAINT-GEORGES-LA-POUGE","INSEE_COM":"23197","STATUT":"Commune simple","POPULATION":361,"INSEE_CAN":"01","INSEE_ARR":"2","INSEE_DEP":"23","INSEE_REG":"75","SIREN_EPCI":"200067189"},"geometry":{"type":"MultiPolygon","coordinates":[[[[1.989716072305305,46.01310465890106],[1.990029810039563,46.01164493679653],[1.99042324466304,46.01070104755219],[1.991660013309513,46.009085638156655],[1.992828332104212,46.008099102644046],[1.993415518927264,46.00715692560284],[1.994062263232598,46.00684386894788],[1.994129933352318,46.006394187087146],[1.993905534157677,46.0048135039569],[1.994093105088965,46.00466207323417],[1.994288245958397,46.004237838142345],[1.994963137571408,46.0038673903451],[1.995527567165975,46.002822336718665],[1.995631104729771,46.00217664887055],[1.995630918959611,46.0016912426565],[1.995509811708235,46.00131733506711],[1.995571657731357,46.00104411158175],[1.995347494044671,46.00022801320382],[1.99481990961241,45.99946956056918],[1.994860436483061,45.999302414995114],[1.995438710598566,45.99855827370592],[1.995469803220629,45.99834151319758],[1.995282995563776,45.9979571164839],[1.994816825132197,45.997516207205216],[1.994842101340354,45.997264273196855],[1.995588412691039,45.99658646278019],[1.996583179783323,45.99609996715759],[1.996910610055346,45.995291457753105],[1.997366902303322,45.99457234341026],[1.998274546617242,45.99390044647342],[1.999698482221123,45.993185372637015],[2.000862970491316,45.99273906309448],[2.000993330061824,45.99260422755514],[2.001062085737054,45.992019466999324],[2.000678185581013,45.99138838754587],[2.000549806635608,45.9913431272783],[2.000288746872646,45.99170285061261],[1.999769777446117,45.992106225194334],[1.999060503714668,45.99210356255405],[1.998545570084876,45.99178741602618],[1.997711634409447,45.991110020188174],[1.997666092437122,45.98800627036997],[1.99637925773157,45.98737258540401],[1.993164376278293,45.98542765091041],[1.992391999612196,45.98506595962277],[1.989306657550995,45.983257150410516],[1.989501860885539,45.98289776508313],[1.99143970944592,45.982679089416614],[1.993185677046639,45.9821443777586],[1.993250627917392,45.982053997981566],[1.992799220594817,45.98187347368389],[1.992415256686325,45.98146660499048],[1.991968474242339,45.980610694033935],[1.991780868633421,45.97971025930272],[1.991910845692825,45.97966638801935],[1.99203836593864,45.97975667904265],[1.992425049457923,45.979802446445454],[1.99242623007996,45.97966737207199],[1.992814076488246,45.97957896419227],[1.992624567972658,45.97899371205503],[1.991077067679041,45.978853857359326],[1.990884043512236,45.97867292497016],[1.9901820709207,45.97736625040478],[1.990376633711499,45.97732205622889],[1.991084656832921,45.97759403305209],[1.991471307873198,45.97764070413132],[1.99173070940436,45.97737104296196],[1.992570248043191,45.977374011486425],[1.992889626984511,45.97777940503295],[1.99314793962368,45.97778080128579],[1.993278282669551,45.97764597459585],[1.993087128935904,45.97715076515627],[1.993990785325309,45.977108364392244],[1.994707151755114,45.97607547307124],[1.994707840944054,45.97589626664364],[1.994192861926866,45.97580433913171],[1.994453753812582,45.975310444317884],[1.99503601688088,45.97504184102104],[1.994980925204661,45.97360224838909],[1.993113389173668,45.97310205481853],[1.992338840862714,45.973009611475604],[1.991497936601462,45.9733668549012],[1.991047196555545,45.97336554151602],[1.990727390753962,45.972915110291886],[1.991439515452734,45.97246666910558],[1.991633950972729,45.972287386891196],[1.991587853190917,45.972195118656266],[1.990154287266224,45.97212110493534],[1.989809213966311,45.97206309255744],[1.989378693535877,45.97187553557225],[1.987068125611255,45.96997901033269],[1.986557767794609,45.96907837983519],[1.986171914508677,45.96885158517098],[1.985469537022949,45.9678600739567],[1.984523567278723,45.96698344750016],[1.961982951192346,45.97354863792108],[1.961426998393605,45.97371554943147],[1.962004924111887,45.97471237628867],[1.962129927674952,45.9752070345689],[1.961476735953632,45.97641951812869],[1.962110119238514,45.97817603349668],[1.961847261412976,45.97889498110054],[1.961260633922057,45.97965778873529],[1.956218680425204,45.981035235928125],[1.952593941170858,45.982597585207735],[1.949562242718773,45.98245243368077],[1.949049830409539,45.98195596764493],[1.94690905421094,45.98352289159235],[1.944583457976093,45.98387498243505],[1.943869521503404,45.984457302254974],[1.942449868074457,45.984452160915374],[1.941034573954408,45.98381754168716],[1.940135578190397,45.98327419208113],[1.939878090913641,45.98322855476423],[1.939292867439048,45.983766121534565],[1.938060415362948,45.984571393385714],[1.937024772301956,45.98501736914262],[1.934443783112363,45.98500842723862],[1.931092632797829,45.98441129006255],[1.930243966354327,45.98580277143488],[1.929984682712038,45.98598223848295],[1.926686423650127,45.986779561813485],[1.926685959479453,45.98686961497888],[1.928425048120086,45.98732556173569],[1.928424586789288,45.98741561490745],[1.927707291708793,45.98835803327847],[1.927118236343641,45.98948087656713],[1.926786685209598,45.99064848402046],[1.926459164181889,45.99127758459521],[1.926778550609046,45.99172819705034],[1.926640701381772,45.99303272552844],[1.926896003960628,45.993258487006976],[1.927346393299393,45.993485194734006],[1.927666262428923,45.99384575151194],[1.928172267616958,45.99519780086469],[1.928948817452415,45.99506555621295],[1.929139084800148,45.9953807550747],[1.930042171993075,45.995518970904364],[1.929842948364656,45.996328507206826],[1.92905467117652,45.998124910086545],[1.928732065520891,45.99816868994554],[1.928410382242591,45.99803236257467],[1.927958149883277,45.99803078586829],[1.927893090490513,45.998120227741055],[1.92866253361968,45.998753406294846],[1.928790364584813,45.99902388700107],[1.92833814160189,45.99902141140206],[1.927760736559464,45.998480105860914],[1.927373066971408,45.99861332360864],[1.927242512842707,45.998748074360385],[1.927692485910534,45.99906483383902],[1.930007190999299,46.00024215617583],[1.931292648405912,46.00105670109726],[1.932060404417868,46.001914082939436],[1.932055468293989,46.00263449606761],[1.931860313382387,46.002768643185206],[1.931922236728709,46.003173584931524],[1.932373637933898,46.00322016630902],[1.932431580359917,46.00403032873927],[1.93140174496374,46.003756752402204],[1.931847355000754,46.004567869023944],[1.929716859962257,46.004605401101],[1.929596488889566,46.0045484283634],[1.929398312006951,46.00397379032728],[1.929403681620618,46.00329931042347],[1.928757117611608,46.003386858985465],[1.928624313054257,46.003835890815985],[1.927848468337403,46.00405819859107],[1.927459419042104,46.004326490220926],[1.927196015208258,46.00491117161319],[1.926870237654312,46.00531424607609],[1.925380418297222,46.0060286917531],[1.921691241039803,46.007320191863904],[1.921172021738538,46.007633152957425],[1.920462143197813,46.007584965517644],[1.919750412898071,46.0077628006366],[1.919942847415575,46.008033006790704],[1.920712355338552,46.00866533880092],[1.921095458654984,46.00929668871328],[1.921157356476037,46.00956745088335],[1.921479579759283,46.00961284530099],[1.922949669680562,46.010838102390395],[1.924823041100951,46.01199962362096],[1.927389857716699,46.01406014865194],[1.929011614313568,46.01574064968171],[1.92991329272544,46.01643360398581],[1.930443924263789,46.016665557892765],[1.9309212850748,46.0166457464912],[1.931286997778543,46.016517711928344],[1.932570456457877,46.01579043640785],[1.933000794959293,46.01572874700479],[1.933785770517682,46.01624315812459],[1.938330265426357,46.018536354860466],[1.940972220410932,46.01922029225861],[1.943810728974525,46.019634927011346],[1.945613459150843,46.02027130609184],[1.946839717305833,46.02050064582725],[1.94819182698435,46.02104453916191],[1.948053694961736,46.02164303796338],[1.94846972951836,46.02260150449608],[1.947984192121882,46.02284375554782],[1.948301790061481,46.02360948714716],[1.948299212847999,46.024014720472586],[1.948619828836847,46.024420250427504],[1.948372046057592,46.02493848215478],[1.948571753206418,46.02544735664164],[1.949583851784716,46.02545674043687],[1.95022812683442,46.02570406231298],[1.951063166460673,46.025778435163936],[1.950995979070162,46.02618307042026],[1.951317882949027,46.02631933357287],[1.952022952974233,46.027040907864304],[1.953183479041994,46.02740465517382],[1.953442023698019,46.02740614198544],[1.953833226025141,46.02682258108502],[1.95531358814754,46.027636841490626],[1.956602975222248,46.0279567124877],[1.95664615512719,46.027384347239696],[1.957122292744419,46.02661513902866],[1.957901052544149,46.02590814917665],[1.958794397905606,46.02543005099327],[1.960014955131391,46.02494414177533],[1.961203125831046,46.02459751109495],[1.962520573861569,46.02431869361256],[1.962443041938529,46.023837079807045],[1.962766176690133,46.0237031507523],[1.962641906275644,46.0231634729157],[1.962258229588244,46.022532263751806],[1.962007545086251,46.02136192946212],[1.962332364959021,46.02113796023327],[1.962336943333619,46.02055263191534],[1.96169187612349,46.02041614159393],[1.961748673250532,46.018708281170134],[1.963588338501874,46.016913173533325],[1.963654614137973,46.01668863723451],[1.965151677766361,46.01557750616492],[1.966016532874848,46.01550254787144],[1.968313528142762,46.01508490493622],[1.96934584055347,46.01517805089462],[1.96921457721739,46.01549205608507],[1.9692780111902,46.01576280363781],[1.969662060196375,46.016168850075644],[1.970887484876276,46.01644295041745],[1.971210631361987,46.01644318264],[1.971535758893857,46.01613003414403],[1.971793816984234,46.01608554617821],[1.973212672525485,46.01631544710188],[1.973532974949269,46.01667587414919],[1.974240648104666,46.017128062653946],[1.974820231888544,46.01730981825927],[1.975207533261026,46.01726649153553],[1.975985048859136,46.01695381797492],[1.977530400846316,46.01754323320434],[1.978047415498775,46.01754519476319],[1.978433593542858,46.017771116507504],[1.978820895316733,46.017727777436626],[1.980312301576979,46.01669744871501],[1.981734372458846,46.01647698801701],[1.98385655010814,46.01775142547539],[1.983988181809186,46.01818307637085],[1.987016934570682,46.01712500595669],[1.988220338599526,46.01649365241265],[1.988634157314108,46.015850739863794],[1.988586776459954,46.01519380453425],[1.988011721521424,46.014202551202146],[1.987948744676371,46.01411283277773],[1.986978664417142,46.01428968194347],[1.986721009753312,46.01424325072895],[1.986528688550694,46.01401819055682],[1.987499396305833,46.0135261527706],[1.987631014426019,46.013257158841114],[1.988340424655663,46.012986119790895],[1.989088125837272,46.01309275502],[1.989518379754935,46.01303085102863],[1.989716072305305,46.01310465890106]]]]}},{"type":"Feature","properties":{"fid":2270,"ID":"COMMUNE_0000000009750796","NOM":"Ahun","NOM_M":"AHUN","INSEE_COM":"23001","STATUT":"Commune simple","POPULATION":1442,"INSEE_CAN":"01","INSEE_ARR":"2","INSEE_DEP":"23","INSEE_REG":"75","SIREN_EPCI":"200067189"},"geometry":{"type":"MultiPolygon","coordinates":[[[[2.036047299421818,46.11809087692562],[2.035735485623906,46.11770639368824],[2.035802065674059,46.117307112461766],[2.037225677604088,46.11528754017479],[2.037456084215024,46.11425835781868],[2.037845037155897,46.11356552539819],[2.039190159276401,46.11298795389904],[2.039901885886624,46.112791350106804],[2.040487216316668,46.112788193610484],[2.040737113319869,46.112714658744586],[2.041077132503683,46.11244826525066],[2.041788876459795,46.11150779148748],[2.041875817678159,46.11127438097558],[2.04178732705747,46.11092872154893],[2.041848525739888,46.11061224271489],[2.041983491481055,46.11037203300053],[2.042166715511629,46.110260109117945],[2.042928108825998,46.110182778999636],[2.043230976125842,46.11026368019555],[2.044860646128372,46.111482345127776],[2.045405985135663,46.11146982138087],[2.04572275643949,46.11134730744098],[2.045889587755321,46.11113527825702],[2.045863068934179,46.11057491051552],[2.046018834429802,46.109807146049164],[2.046646692911516,46.1086948323982],[2.046820414665464,46.10778673119638],[2.047574767616066,46.10676913235975],[2.048300388770443,46.10666084768343],[2.048759710113051,46.10645396788686],[2.04938565794081,46.105970210507486],[2.049647905218897,46.10555454920406],[2.05003359663779,46.104663527307814],[2.049714584983215,46.104170055077844],[2.04924422465543,46.103968895018674],[2.048095355201383,46.10377465280508],[2.047415672938353,46.103774354294956],[2.045645660948301,46.10393689590184],[2.045360862521982,46.103712064045055],[2.045124781412841,46.10262130746041],[2.045742170120515,46.101288274919035],[2.046816186894789,46.10004822971638],[2.046986170720565,46.10002534210372],[2.048265002805409,46.100260310487315],[2.048810198925391,46.10047380930856],[2.049267176342593,46.1004740357269],[2.051102689342426,46.09995986955727],[2.052424030380794,46.09923245403527],[2.05237638351314,46.098917762867096],[2.051670251342727,46.09835352156448],[2.051409934582332,46.09738595205821],[2.051474762839057,46.097155051405714],[2.050943608970102,46.09657965971811],[2.051181125849535,46.09571891448743],[2.051123229730442,46.09472421837347],[2.051255784800685,46.09431917649574],[2.051645386825413,46.09387035442537],[2.051712172528451,46.09360074615872],[2.051519567771857,46.09328574370661],[2.051520609533102,46.09292553062849],[2.052041187732189,46.09238684583554],[2.052302889784515,46.09184779832647],[2.052307795659229,46.09081310225628],[2.051799371419847,46.090348671982476],[2.052523535239351,46.090011609100934],[2.0534623299207,46.09006266988008],[2.054882247454088,46.08900644699484],[2.057087742694894,46.087949532520135],[2.05749852009489,46.087317153955176],[2.058472933116645,46.086420186343915],[2.05866805047897,46.08606068303795],[2.058475705783615,46.08588077762386],[2.057444243541879,46.085728126019596],[2.057203627161952,46.08549558529897],[2.057098205015254,46.085303791898326],[2.057130412935639,46.0850861254514],[2.057342472673743,46.0848708537882],[2.057583548195301,46.08477469585351],[2.057427999778997,46.08456267424011],[2.05787693530666,46.0843448662385],[2.058012630951475,46.084054213327],[2.058134899047206,46.08401830556976],[2.058379346342494,46.08432922433028],[2.058992989044756,46.084619790425606],[2.059443332213315,46.08477301608521],[2.059708065590022,46.08465543647698],[2.059810447023475,46.0844203397558],[2.060425694062328,46.08386078871799],[2.060945819504738,46.08318697751102],[2.060754213186927,46.08273691593945],[2.06094905760801,46.082467461986745],[2.061725751308383,46.08237932908798],[2.061725994971512,46.08228927575197],[2.061404487597097,46.08201915230321],[2.061408488678819,46.081254615411275],[2.061929064045777,46.080400692935996],[2.062188644519461,46.08035600996957],[2.062769185742481,46.08053731533064],[2.063544841276673,46.080584244647206],[2.063571814579043,46.08036833446469],[2.064063171310588,46.08031565378489],[2.064514551106882,46.08040672990153],[2.065679175033916,46.08041002218255],[2.065812994699031,46.07946554334882],[2.066072511971811,46.0791957127779],[2.066139209054635,46.078926095849155],[2.065104241906435,46.07883382113992],[2.065496155484691,46.07815983381394],[2.065499096254499,46.0775303713684],[2.065114862905701,46.076764437342774],[2.064407909932469,46.075953515065756],[2.063831859004975,46.07482757413671],[2.063228485527025,46.074091344152244],[2.064038180252443,46.074337574241675],[2.064465450502225,46.07477786680934],[2.065151463434227,46.07499335060102],[2.066318448120435,46.075764828559116],[2.067192016543561,46.07583325194605],[2.067601789365232,46.0757816865943],[2.067269749277981,46.07476043182096],[2.066905294943547,46.074429633582184],[2.066538639161936,46.07316224070163],[2.06662383398706,46.07233623381234],[2.067581233145094,46.07134989608999],[2.069459226364446,46.07016938181825],[2.06970477355608,46.06980397014095],[2.069971829602039,46.06908481700909],[2.070004999015352,46.067965701676954],[2.07060594421591,46.0670871844558],[2.070697746912641,46.06663135626353],[2.070491814626624,46.06603260241301],[2.069662827544365,46.06509733621471],[2.069671067163783,46.06483984561365],[2.070039901380399,46.06445022896073],[2.071444583834094,46.06400785793118],[2.072142788353613,46.0635714000049],[2.072351629416557,46.06323179865475],[2.072516074996059,46.0616130489683],[2.072798224118233,46.060838178728005],[2.073262122610628,46.06025480963692],[2.073676041187153,46.06002674885471],[2.073649882332907,46.05935292177324],[2.073517685945282,46.05913751043358],[2.07332821968107,46.059019791283255],[2.072955078475954,46.05897801820908],[2.072736957033711,46.058718677033916],[2.072038364598396,46.058415780993414],[2.071766702994609,46.05811007161967],[2.071454342402494,46.05799314451602],[2.0713259315318,46.05778406537784],[2.071380267683487,46.057630515700104],[2.071286596017179,46.05735598055865],[2.070824424718871,46.0569955760276],[2.070800384779504,46.056734218645815],[2.07034165726529,46.05662959741404],[2.069820466483558,46.05670006992887],[2.068255601108244,46.059124122496605],[2.066947366753098,46.060215645377774],[2.066199978861537,46.061034401770684],[2.065518583082142,46.06048125317191],[2.064679065023205,46.060478836063666],[2.064033515491322,46.060252875051184],[2.062228833443343,46.059348220657846],[2.06074506975123,46.05889467126682],[2.059389419720567,46.058666402932545],[2.057839257334602,46.05861751418669],[2.056937348353386,46.05803096158761],[2.056034462576553,46.05780371502677],[2.055711595068666,46.057622717406225],[2.055517574210767,46.05762200240036],[2.055323045273146,46.05780139388325],[2.05506485909764,46.05784607195899],[2.054871331545067,46.057666149454775],[2.054613416328682,46.057619872667296],[2.054224591649119,46.05788949921596],[2.053965901108911,46.057888242267396],[2.053773151981073,46.05766329658019],[2.05364379949607,46.057663117877915],[2.052932385901284,46.05788592065132],[2.05234773270188,46.05833401658032],[2.051052918038393,46.05878067280068],[2.049437299078898,46.05900128831891],[2.04943574198512,46.05909133087144],[2.050403807686114,46.05936420352787],[2.050467453989745,46.05949891920851],[2.048719306753605,46.060349704931554],[2.048653590962964,46.06048423715912],[2.049103475043508,46.06080050269018],[2.048322086375814,46.062147484909694],[2.048318154619536,46.06282286896896],[2.048961847244787,46.06322901530656],[2.049026009048235,46.06340876388774],[2.04876205746267,46.06430800713542],[2.04813310115365,46.064992556782244],[2.047594802311251,46.06492409884359],[2.046409595496135,46.065231137047164],[2.045817053559504,46.065306303663675],[2.045100902164477,46.06519851429449],[2.043887971865308,46.0647182064741],[2.043091178362968,46.064635840696134],[2.042385924508242,46.062715305071535],[2.042019525778729,46.062063810125764],[2.041371117079735,46.05940979347718],[2.040636982090364,46.05818783386223],[2.040604344131761,46.055907346676165],[2.039500753680576,46.05614205671398],[2.038531448334748,46.0560942189312],[2.037239507013143,46.05622554712439],[2.036720768677987,46.05644898351666],[2.035556298392026,46.0567605862934],[2.034648344074342,46.05734362778286],[2.03367297680018,46.05837546636593],[2.033349811119572,46.05850959735807],[2.032250030636088,46.05859657842214],[2.03173204269116,46.058774970820565],[2.03153546678657,46.05935955603829],[2.031078805890198,46.060167959592654],[2.029461772619752,46.06038827951152],[2.029271298631681,46.059893143264944],[2.028559855459267,46.059890654254666],[2.02869424700662,46.05894711895457],[2.028112967523529,46.05889981316386],[2.027538635214798,46.05772866620567],[2.024698936915267,46.05709100120066],[2.021604230425165,46.05595845857521],[2.019734607601729,46.05518764459009],[2.017859470235945,46.05545239620482],[2.017779850982191,46.057881418961145],[2.017587107002536,46.05788155069291],[2.015329102415459,46.0572000571005],[2.014619447788542,46.05688320009681],[2.014105754355136,46.05638702945362],[2.01353030998479,46.05544003871556],[2.011915923179741,46.055300806954236],[2.01235699966178,46.05710126875952],[2.012351184806526,46.05800087882619],[2.01221828189382,46.058630114288015],[2.011371485588374,46.059752940663536],[2.011239703348559,46.060247100641284],[2.010914524900512,46.06056126299754],[2.009877713164635,46.06109795708141],[2.004111390681859,46.063555539360536],[2.003657617451879,46.06382352416508],[2.003057718897746,46.06508624493962],[2.002010226558609,46.06477714638884],[2.001352163979767,46.06468129840329],[2.000245085967051,46.06494621782333],[1.999490932028785,46.06543848016712],[1.99897062270633,46.06523756692883],[1.998794138820652,46.06491180665517],[1.997057404384571,46.06515402495777],[1.996021424441728,46.06542043259823],[1.995243925771864,46.06591336102909],[1.99485359125093,46.06631695757161],[1.994529344307535,46.06636091321871],[1.993562257427463,46.066042542952225],[1.990654753408966,46.06585370658265],[1.990591303319053,46.06649074136433],[1.989727674768628,46.067161177779035],[1.988705074742155,46.067610452957794],[1.987029702312235,46.06683272621233],[1.986643257697247,46.06674101925685],[1.986508108623375,46.067685404736785],[1.98585352489605,46.068943046797536],[1.985851958279982,46.06916817396805],[1.986347317733746,46.06917800480059],[1.986925350305421,46.0694056078698],[1.987529490752128,46.070182785270404],[1.987299049761591,46.075245502296454],[1.98678232204486,46.07519856213936],[1.986584842498425,46.07587312214373],[1.98677572015623,46.076188223373954],[1.987099201425418,46.07618931071092],[1.987099567351604,46.07609925755161],[1.987358806141108,46.07614569936006],[1.987679915043057,46.07641603255628],[1.987483903349124,46.07673038145799],[1.988026374939315,46.077136872985925],[1.987436642884125,46.0773990788612],[1.987094393688233,46.07743294700089],[1.986348655124663,46.079417434435804],[1.985946903429521,46.07958945452301],[1.985500087799974,46.07995919444135],[1.985284952394937,46.08039674604718],[1.985259202247029,46.08088011881734],[1.984636710917725,46.08102134196021],[1.984339057776125,46.08137169920333],[1.984178592942238,46.08193131438023],[1.984535721233686,46.08214434258678],[1.984106307927667,46.08255115612942],[1.98381193548551,46.08349321230225],[1.982788251879156,46.083772220582865],[1.982067092630369,46.08476628071817],[1.981483620096357,46.085033916095966],[1.981285956417083,46.085573381127176],[1.980831414457603,46.085797142420375],[1.980635706702062,46.08602142626251],[1.981341718962166,46.08668427802552],[1.98052483669944,46.08753247855628],[1.979914195339738,46.087727816887494],[1.979546428750541,46.088643987078434],[1.978143488044202,46.088848398753136],[1.977615349158569,46.088851746849734],[1.976577633717994,46.08862625722662],[1.975592380839518,46.08850299554187],[1.975638406327719,46.08901943502306],[1.976217985434194,46.08938128916751],[1.976213182128849,46.090055769265355],[1.975890074296284,46.09009968326518],[1.975050291716949,46.089948011138965],[1.974837606429902,46.09059449716882],[1.974338725081378,46.091317646345864],[1.975171867322143,46.091132452124825],[1.975428279648737,46.091403135867196],[1.975100731816925,46.09203147455978],[1.977404150198645,46.09581751562082],[1.977921444949039,46.095774445395634],[1.978374406711202,46.09564073726329],[1.978313330972856,46.09523583388164],[1.978701938619013,46.09501238922956],[1.97889844528746,46.09460800269908],[1.979093811554367,46.09447377500133],[1.979999786298887,46.0943414329655],[1.98045440234131,46.09411767509092],[1.980648551028578,46.09411851849955],[1.980642966274586,46.09483801935479],[1.982323981330278,46.09493325556284],[1.982516178336715,46.09524927571112],[1.982904873379949,46.09516000165856],[1.983370232606142,46.0949849588953],[1.982469142822031,46.09380524959849],[1.982325820650153,46.093436534287],[1.984273942532292,46.093364830815176],[1.984336708252718,46.093680589941094],[1.985498761837353,46.09390892009004],[1.986594183168909,46.0944518405485],[1.986463275963065,46.094811797564695],[1.987626092691775,46.09485999975669],[1.987232105637991,46.09593896191896],[1.98804108302626,46.09594257569117],[1.988623903073945,46.09529306134584],[1.988994586995034,46.094564206122925],[1.989587219021269,46.09387244795695],[1.990025095166664,46.09392317484189],[1.98988912605923,46.094911683614995],[1.990277068496588,46.09500339091593],[1.990012003490434,46.09590249599551],[1.99039960903069,46.09608335554615],[1.990592470554594,46.09608417043138],[1.990918335281592,46.09568001372448],[1.991177218797421,46.095680514051935],[1.991629180804906,46.095951997696105],[1.991490848130343,46.09721155647704],[1.992718903271167,46.097305313799495],[1.992519424988224,46.09815907773674],[1.991938571487261,46.09806746625988],[1.991808065568205,46.09833647587721],[1.992323005892138,46.09856348777544],[1.993552273084716,46.09852216219356],[1.995588820427332,46.099357913160055],[1.996783460441363,46.099653956732034],[1.998228468614169,46.09985133471912],[1.998648002831651,46.09984603112382],[1.998583525221566,46.10047135258677],[1.999807608935414,46.10128544653038],[1.999869669620331,46.1016453173673],[2.001162917449866,46.1016486000389],[2.001333873004501,46.10257047776227],[2.001733249314888,46.103675376974415],[2.002055749512047,46.10381059519568],[2.002247749827547,46.104216634874504],[2.002064305011546,46.10447978718427],[2.002360297559601,46.104577848447946],[2.002746880640243,46.10531970524623],[2.002899995270451,46.10544352656053],[2.002756623879004,46.105567445055506],[2.00243215154679,46.10561142321444],[2.001720919392151,46.10556464543212],[2.001400063250042,46.10533848415974],[2.001080909351448,46.10466295697545],[2.000954461157118,46.10463933012616],[2.000093066365849,46.10487669820866],[1.999907551483566,46.105963842379026],[1.999969057770578,46.106638904535494],[2.000550834606718,46.10668545403905],[2.000285881409036,46.10758458258686],[2.000026268215002,46.10776330875491],[1.999179898995574,46.10788372974149],[1.998319855157149,46.10811479282724],[1.998100669951331,46.108419049409235],[1.998467209741987,46.10883834308887],[1.999761430437818,46.10879752132541],[2.000721117196334,46.110419778177594],[2.001239006993502,46.110421633939175],[2.00207595760876,46.110963927144816],[2.002137361090593,46.11150390267838],[2.001880039439221,46.11141338567666],[2.000784357070227,46.110644574461624],[2.000590608557829,46.11068969814103],[2.00045963984341,46.1109136853078],[2.000544838779848,46.11185281978401],[2.000942887467322,46.11260649043902],[2.001999516063568,46.11303274338486],[2.002061604387553,46.113392612807296],[2.00251362997895,46.11352896760578],[2.002770281630639,46.1137995892572],[2.003933315610003,46.11407276263627],[2.004129028175018,46.11384843893217],[2.004843682147697,46.113712416945276],[2.005369125318586,46.114085350522764],[2.005752412945374,46.11437148359071],[2.005925981511838,46.11601382352567],[2.006183141514595,46.11632946961669],[2.00721708810923,46.116512323301286],[2.009699355059297,46.1171670945156],[2.009214061666154,46.1178670980367],[2.010373139420377,46.118725533227725],[2.010177589838435,46.11908495284543],[2.009661571263963,46.118903043067654],[2.00953126256913,46.11894783493235],[2.009269341373321,46.11939672995695],[2.009849616735425,46.119893496966164],[2.009652106265391,46.12043301043758],[2.010040452317153,46.12029861141106],[2.010235177294557,46.12034443637074],[2.0108789352498,46.120840850721045],[2.010288536669953,46.12205416235897],[2.010546233593954,46.12241483062048],[2.010349377110981,46.12277423917753],[2.010736428137947,46.12300004989068],[2.010930195529196,46.12295580934457],[2.011969626083609,46.12219398022668],[2.013193438387157,46.1232771875534],[2.011697823727646,46.12448713881275],[2.011696361495324,46.124712265728895],[2.013173263153945,46.12656134849806],[2.013626879131838,46.126472532041795],[2.014899405746441,46.12824056676489],[2.015807194742049,46.12810524913253],[2.017963184251598,46.12799153181976],[2.019665428390007,46.12724797021539],[2.02218851077582,46.127246308870035],[2.023783685229902,46.12654679204482],[2.02408586527765,46.126524173776865],[2.024827203666458,46.12671515648273],[2.025121966024725,46.12667265951064],[2.025587601008436,46.126416395109075],[2.026149531632853,46.125696267557174],[2.026582514409672,46.12443199648533],[2.026433233570481,46.123209562066044],[2.025918649320102,46.1224306702472],[2.025951593655107,46.122179697544006],[2.026190564422208,46.121776496738875],[2.026563958196506,46.12138795627971],[2.027023628217502,46.121173060820766],[2.027641031305601,46.12141159374194],[2.028943772488558,46.121563228988045],[2.029301246719757,46.121487937130354],[2.030281183218031,46.121072148256026],[2.031459012526536,46.12111011831938],[2.033278628300957,46.12059159525842],[2.033958776331673,46.12050372615364],[2.034108476029631,46.119871008527724],[2.032684796528743,46.11982286653526],[2.032751496498048,46.11941818461955],[2.033012950762225,46.11905838813515],[2.033531000838211,46.118834958310316],[2.033791639157098,46.118521081486804],[2.033986377643147,46.11856686571881],[2.036113080850639,46.11987633620345],[2.036531295728866,46.11988078623721],[2.036875912014326,46.11950367558822],[2.037050223992942,46.11901615252881],[2.036631717967162,46.11873343027988],[2.036047299421818,46.11809087692562]]]]}},{"type":"Feature","properties":{"fid":2280,"ID":"COMMUNE_0000000009751061","NOM":"Saint-Avit-le-Pauvre","NOM_M":"SAINT-AVIT-LE-PAUVRE","INSEE_COM":"23183","STATUT":"Commune simple","POPULATION":88,"INSEE_CAN":"01","INSEE_ARR":"2","INSEE_DEP":"23","INSEE_REG":"75","SIREN_EPCI":"200067189"},"geometry":{"type":"MultiPolygon","coordinates":[[[[2.05032757010746,46.00896841734871],[2.050732642295642,46.00893668971732],[2.052413221830661,46.00853559907867],[2.052543234106223,46.008490757821285],[2.052869915747285,46.007682087084504],[2.053195041180017,46.00718859736859],[2.054161709591579,46.007415505761976],[2.05489641687239,46.00587357926505],[2.054147919986212,46.005887145881616],[2.054045558650334,46.00507579027925],[2.054305278231963,46.004626779337016],[2.054953965962713,46.00417831108647],[2.055276759884836,46.004044118339664],[2.055151107639408,46.003459509892096],[2.055540553915979,46.00305570524817],[2.056378186799861,46.003192364517936],[2.057216614551918,46.003509135449086],[2.05753914886536,46.00346498980691],[2.057671150332243,46.00292575392479],[2.056768393933397,46.0027435342569],[2.056640194027923,46.00260828402226],[2.056642728810937,46.002158927448555],[2.057488450278307,46.000766501234516],[2.058007826307821,46.000092701734204],[2.058332900115568,45.999823436045205],[2.058590562984962,45.99986880402012],[2.058976162138453,46.00014037314168],[2.059036982708319,46.00081539486441],[2.059427729695299,46.00093751280909],[2.05940426789067,46.00140290554576],[2.059641681196228,46.001499434646796],[2.059770116342825,46.00169682176859],[2.060370477338543,46.001879211825646],[2.060505368894424,46.001244537923235],[2.059889018134629,46.00086389351799],[2.060426780234835,46.000625204270875],[2.060842724178191,46.00078534962346],[2.061370251249089,45.999858546416924],[2.061563369459649,45.99906675647306],[2.061503043994855,45.99843676822065],[2.061119662768695,45.99758076527159],[2.060543240449443,45.99667993360081],[2.060545743090802,45.996230576890746],[2.061423564337454,45.99453580212071],[2.06136340642642,45.99419939632167],[2.061911800370598,45.99393917533989],[2.062236536450718,45.99353481270616],[2.062500589685338,45.99229333063255],[2.061768020660762,45.991610948115024],[2.061460941638674,45.99120765692314],[2.060924372970679,45.98895902431503],[2.06142125001409,45.98762581675151],[2.060931795074564,45.98678244172111],[2.060611356578823,45.98648260112336],[2.060919985809483,45.98588448934852],[2.060797075273075,45.98475957616394],[2.060864417688131,45.98421980084933],[2.059250736159049,45.98430637124075],[2.058732516811571,45.98461996228194],[2.058151996445286,45.98457281034891],[2.057508635040185,45.98412168317514],[2.056670281909805,45.98411920678178],[2.056085922276634,45.984748330395234],[2.0558275754262,45.984747077690045],[2.055442084185878,45.98447639821257],[2.055508452846976,45.984071701060984],[2.05467187738153,45.98366487459242],[2.054543217107621,45.98370972909341],[2.052337433718312,45.98599852289512],[2.051303731932427,45.986085328760865],[2.051172224070173,45.98666958957176],[2.050850028571841,45.98662456396774],[2.050398672285414,45.98635331529602],[2.050076494811039,45.98630738706424],[2.049881423015517,45.986531790903186],[2.048332522143169,45.986527793487525],[2.048334344136527,45.9863476972251],[2.049433179320048,45.985856214036296],[2.049951463281296,45.98554266554773],[2.051245600522433,45.98496094614132],[2.05176258658909,45.9848716174409],[2.051381772592646,45.98343113899518],[2.051061154041931,45.98307093190802],[2.051256469113865,45.982756472457524],[2.052811183286332,45.98159065547113],[2.053070047846909,45.98163604681491],[2.05332657453519,45.981817402163784],[2.053584405535129,45.98177272796135],[2.053844557661428,45.9815929889923],[2.054231034397267,45.98172949937249],[2.054553443496171,45.98168536221301],[2.055073448257249,45.980966554559025],[2.054945303230569,45.980831302358645],[2.054429899079406,45.980605463456804],[2.054625440987381,45.98020094460772],[2.053788157002258,45.979839132990605],[2.053790729493994,45.97938887588856],[2.054549843055938,45.9776832564767],[2.053500112839869,45.97788521857949],[2.046023894143369,45.980566490228455],[2.044997446314325,45.98105945070612],[2.043400548802504,45.97981220894799],[2.041212124831163,45.97886162501818],[2.040953005911359,45.97890626012132],[2.039853169503961,45.97953273593427],[2.039462709361662,45.98007156164592],[2.039394533654737,45.98064734128246],[2.041134154123207,45.981335700825895],[2.041970594132548,45.981742627287765],[2.041970318596715,45.98183268083598],[2.040775830571559,45.98218009260518],[2.040163719195602,45.9829097630197],[2.039894380641967,45.9830947964741],[2.039552423490095,45.98322157774909],[2.038548146408137,45.98332652763983],[2.037869393175791,45.98394935428659],[2.03879470264133,45.984298522576935],[2.038141518560781,45.985601490161784],[2.038589621590657,45.98627711170748],[2.038588778318194,45.98654727230966],[2.036779598933242,45.98694705972394],[2.036260153508828,45.98739562272861],[2.035097930760676,45.98766220007078],[2.034709002543524,45.98788672792853],[2.034451431256054,45.98784040521188],[2.033486846827216,45.98729814679792],[2.033340340619005,45.98740136154864],[2.032708465584525,45.9886585524444],[2.032156960544409,45.98945804169079],[2.031849908381956,45.99134299169897],[2.030318606265713,45.99561205791549],[2.029366980390204,45.99769951241906],[2.032945092459968,45.99930879283133],[2.035273736662189,46.00084969041218],[2.035995216416927,46.00053072952101],[2.036831122148234,46.00098271506729],[2.037154666517836,46.00102869193982],[2.037799737719183,46.00094051394797],[2.037994122773821,46.000761152242355],[2.03922412777433,46.00017992222069],[2.03922626014619,45.99990977263195],[2.040839645931221,45.99986850882772],[2.042451130845343,46.000233357869085],[2.044902053417001,46.00055393152274],[2.045610375085114,46.00091562084352],[2.046446340880952,46.00159267470878],[2.047598830162232,46.003395378779956],[2.048100451875332,46.00398045382209],[2.048203895002324,46.004350551434456],[2.050742657866441,46.0065584021125],[2.050027504512014,46.00748448546271],[2.050006857538008,46.00800663558547],[2.05032757010746,46.00896841734871]]]]}},{"type":"Feature","properties":{"fid":2346,"ID":"COMMUNE_0000000009750798","NOM":"Le Donzeil","NOM_M":"LE DONZEIL","INSEE_COM":"23074","STATUT":"Commune simple","POPULATION":188,"INSEE_CAN":"01","INSEE_ARR":"2","INSEE_DEP":"23","INSEE_REG":"75","SIREN_EPCI":"200067189"},"geometry":{"type":"MultiPolygon","coordinates":[[[[2.017859470235945,46.05545239620482],[2.017476354923633,46.05459714743255],[2.019571072710932,46.04992425655142],[2.020154477960516,46.04970145726452],[2.020624745610499,46.046463502330326],[2.021982152580462,46.04642208512125],[2.022954513086722,46.04570551673468],[2.022891766254163,46.04552486402489],[2.02218472882383,46.044848752318906],[2.021864885793026,46.044217402591784],[2.02180556735205,46.04340818767964],[2.022068257992032,46.0425990487764],[2.02300964885404,46.04180206344309],[2.022483420216285,46.04077809356768],[2.021624720885896,46.04092558340678],[2.021175590232215,46.041238704229634],[2.02083412183581,46.041170014898526],[2.019445857277007,46.04062848758736],[2.018350512953933,46.03983372023652],[2.018116570593752,46.03982719168465],[2.01683452187552,46.039134356824775],[2.016747477175139,46.03915701656359],[2.016638739688146,46.040103463874146],[2.016173710017811,46.040870310045094],[2.01413104390197,46.040623824438796],[2.013759235393511,46.04051702628568],[2.012826511291305,46.040536826532346],[2.012300764189687,46.04036114102221],[2.011818539133132,46.04042628239465],[2.010363974380414,46.04019746066862],[2.00999366787058,46.040295090790146],[2.00925135376598,46.04072808100013],[2.00876588110809,46.0409012485442],[2.008695471629524,46.04078986380439],[2.008519271352531,46.04080813549243],[2.007854511741971,46.04009537891333],[2.00717208523267,46.03971747283363],[2.006784911249697,46.03960331258222],[2.005877570103393,46.040151007665834],[2.005706265944208,46.04018462746932],[2.005502380684509,46.040089180762116],[2.005046136781788,46.03971864885501],[2.004233962753052,46.03879474558906],[2.004073721171017,46.038003544329655],[2.003492190922347,46.03791198040343],[2.003049263421746,46.03638073122516],[2.002663670106138,46.03610987249564],[2.003182354914162,46.03588659174137],[2.003184528272947,46.035481357399405],[2.003637392805933,46.035393480914856],[2.003638747094234,46.035033267548265],[2.004545650517204,46.03472063395697],[2.004482145388828,46.03458589242108],[2.003773660647829,46.03422394632841],[2.00351805293709,46.033773219372755],[2.003520546176566,46.033278832072924],[2.003782458795482,46.03273899493093],[2.003163314075411,46.03230038138044],[2.003434813234522,46.031730910745864],[2.003846938659797,46.03146346345986],[2.003680439808626,46.030947778615975],[2.003352425031742,46.030854838898314],[2.003110462469122,46.030650985142216],[2.001922349093915,46.03057478945794],[2.001022330643527,46.02994187044774],[2.000054667216721,46.02975952988899],[1.999226036081631,46.028047449789085],[1.998781794296534,46.02674131118007],[1.999282110755151,46.02446820283763],[1.998142107225579,46.02367464133619],[1.997062205405204,46.02277713442376],[1.995710392181957,46.02218880324606],[1.995647626307624,46.021873950015895],[1.995391320320142,46.02146822553788],[1.99416848537208,46.02096927402155],[1.993267404335461,46.02033718223383],[1.99367621703255,46.02010756646539],[1.994127282919427,46.01947577173591],[1.995356552491314,46.018346559966666],[1.996634443370461,46.016958403142496],[1.99762804984179,46.01612967059103],[1.997324147436124,46.01578296658794],[1.996616872876893,46.01558308537914],[1.996227065295304,46.01519869457214],[1.995752561736536,46.01513505350073],[1.994162130032394,46.01453017813622],[1.993187512750778,46.01410816422242],[1.992581816243468,46.01365700162629],[1.991968936536611,46.013386785445206],[1.990555880892051,46.01291131660587],[1.990054657377417,46.0131076769012],[1.989716072305305,46.01310465890106],[1.989518379754935,46.01303085102863],[1.989088125837272,46.01309275502],[1.988340424655663,46.012986119790895],[1.987631014426019,46.013257158841114],[1.987499396305833,46.0135261527706],[1.986528688550694,46.01401819055682],[1.986721009753312,46.01424325072895],[1.986978664417142,46.01428968194347],[1.987948744676371,46.01411283277773],[1.988011721521424,46.014202551202146],[1.988586776459954,46.01519380453425],[1.988634157314108,46.015850739863794],[1.988220338599526,46.01649365241265],[1.987016934570682,46.01712500595669],[1.983988181809186,46.01818307637085],[1.98385655010814,46.01775142547539],[1.981734372458846,46.01647698801701],[1.980312301576979,46.01669744871501],[1.978820895316733,46.017727777436626],[1.978433593542858,46.017771116507504],[1.978047415498775,46.01754519476319],[1.977530400846316,46.01754323320434],[1.975985048859136,46.01695381797492],[1.975207533261026,46.01726649153553],[1.974820231888544,46.01730981825927],[1.974240648104666,46.017128062653946],[1.973532974949269,46.01667587414919],[1.973212672525485,46.01631544710188],[1.971793816984234,46.01608554617821],[1.971535758893857,46.01613003414403],[1.971210631361987,46.01644318264],[1.970887484876276,46.01644295041745],[1.969662060196375,46.016168850075644],[1.9692780111902,46.01576280363781],[1.96921457721739,46.01549205608507],[1.96934584055347,46.01517805089462],[1.968313528142762,46.01508490493622],[1.966016532874848,46.01550254787144],[1.965151677766361,46.01557750616492],[1.963654614137973,46.01668863723451],[1.963588338501874,46.016913173533325],[1.961748673250532,46.018708281170134],[1.96169187612349,46.02041614159393],[1.962336943333619,46.02055263191534],[1.962332364959021,46.02113796023327],[1.962007545086251,46.02136192946212],[1.962258229588244,46.022532263751806],[1.962641906275644,46.0231634729157],[1.962766176690133,46.0237031507523],[1.962443041938529,46.023837079807045],[1.962520573861569,46.02431869361256],[1.961203125831046,46.02459751109495],[1.960014955131391,46.02494414177533],[1.958794397905606,46.02543005099327],[1.957901052544149,46.02590814917665],[1.957122292744419,46.02661513902866],[1.95664615512719,46.027384347239696],[1.956602975222248,46.0279567124877],[1.955813847191288,46.029888374002276],[1.955684998267877,46.02993311613371],[1.955617819202383,46.030202668336564],[1.955357153414318,46.0305163667072],[1.955420136106018,46.0308762746865],[1.956309308251899,46.031645446557434],[1.957144436238559,46.032811265462826],[1.957287397446171,46.03318181422643],[1.957338433309069,46.034104467349785],[1.95703099144327,46.03633865527319],[1.956169431954034,46.03703947466584],[1.956035837806025,46.0372651882456],[1.955974502878039,46.037907630516514],[1.955236434943997,46.03870864297293],[1.955028806505991,46.03915521345373],[1.954452273299027,46.039960411466076],[1.953489493386529,46.03985967066276],[1.953297131435359,46.04025054367068],[1.953409443605832,46.04100805963668],[1.953632856145252,46.04136404585195],[1.954364641849702,46.041780556432116],[1.954677887892852,46.042173391726145],[1.955050425521476,46.043529482016645],[1.955930463738733,46.0440410075453],[1.956743931178389,46.04492655064482],[1.957382370981562,46.04549527901673],[1.957741898536979,46.04570031189834],[1.957884889328331,46.0462077462687],[1.958118935562791,46.046551212878136],[1.958251710730668,46.04664248973412],[1.959264907910763,46.04688774275743],[1.959712789699111,46.047140409727625],[1.959884421957413,46.04839107373511],[1.960461816113613,46.04897723547175],[1.960003786477304,46.04987540600028],[1.960967892748318,46.05046330973033],[1.96322203363114,46.051506086390866],[1.970157707196871,46.048244387730406],[1.971574587783251,46.04896959565823],[1.972092243812307,46.048745545103266],[1.974261870356351,46.04877960045037],[1.974584417430067,46.04812870594188],[1.97505034388544,46.04776458638131],[1.974236825224534,46.046863867654835],[1.975467712977497,46.04632745099837],[1.973933552749367,46.04384872643383],[1.974842381364748,46.04331120334289],[1.975036350577108,46.04331205635336],[1.975097798340844,46.04376199478975],[1.975678802166051,46.043674486604864],[1.975752328300538,46.04250441367714],[1.976205223303011,46.04228156110134],[1.980929852395832,46.04085710116054],[1.983261610786657,46.0400089889724],[1.983779207986433,46.03992087111901],[1.984426022420908,46.03969792299773],[1.987722688889285,46.03939329489189],[1.988885146146333,46.03939736383146],[1.989258881707393,46.04164760619027],[1.989836035710359,46.04218948647079],[1.990993232219702,46.04304722183051],[1.99047180285449,46.04376573404282],[1.991116497118057,46.044082167029046],[1.991438963772189,46.04412826288082],[1.991627609252941,46.04498367598348],[1.991642426536341,46.04586816221465],[1.992153985358023,46.04582948312831],[1.992738149197992,46.045004353378026],[1.993018549112709,46.04522928330257],[1.993809416667929,46.04561634215413],[1.99429019428911,46.046058281615956],[1.994544868111556,46.04634691953496],[1.995058027707814,46.047352895862154],[1.995479619897617,46.04785014046475],[1.996085331345097,46.04881820739641],[1.997405055873102,46.049854724812576],[1.998128958874519,46.05016010983036],[2.000362463123932,46.05088135924263],[2.001520537478651,46.05121126166881],[2.002748094290426,46.0514192866401],[2.003012210041139,46.05154768773424],[2.003592320076344,46.05236779556437],[2.003723125031517,46.0530722842162],[2.003528443227726,46.05325158685686],[2.003969212257937,46.055052981820694],[2.004365302654183,46.05525188187599],[2.004213657971807,46.055482895605955],[2.00474197459925,46.05559470010024],[2.0050612249874,46.056180165131984],[2.005639980655708,46.05672197604142],[2.006605842334713,46.05717441729597],[2.006990123103198,46.05767038998246],[2.010595841380589,46.05979570795911],[2.011371485588374,46.059752940663536],[2.01221828189382,46.058630114288015],[2.012351184806526,46.05800087882619],[2.01235699966178,46.05710126875952],[2.011915923179741,46.055300806954236],[2.01353030998479,46.05544003871556],[2.014105754355136,46.05638702945362],[2.014619447788542,46.05688320009681],[2.015329102415459,46.0572000571005],[2.017587107002536,46.05788155069291],[2.017779850982191,46.057881418961145],[2.017859470235945,46.05545239620482]]]]}},{"type":"Feature","properties":{"fid":2650,"ID":"COMMUNE_0000000009750566","NOM":"Saint-Hilaire-la-Plaine","NOM_M":"SAINT-HILAIRE-LA-PLAINE","INSEE_COM":"23201","STATUT":"Commune simple","POPULATION":211,"INSEE_CAN":"01","INSEE_ARR":"2","INSEE_DEP":"23","INSEE_REG":"75","SIREN_EPCI":"200067189"},"geometry":{"type":"MultiPolygon","coordinates":[[[[1.977404150198645,46.09581751562082],[1.976820065123365,46.09604099494334],[1.976671191169507,46.09909887177751],[1.974207066909804,46.10017081509675],[1.972192068825965,46.10034350638423],[1.972300885222211,46.099786141107565],[1.971770935689003,46.099603930059125],[1.970195145374571,46.10051812713697],[1.96967695538825,46.100606182764025],[1.968450108009359,46.100377102542744],[1.967847521143208,46.09985830177734],[1.967496727616713,46.09992535539878],[1.967482556529894,46.100059410849134],[1.967866784016524,46.10055551512369],[1.967735706037422,46.100779464636155],[1.968055204972117,46.10127588006804],[1.967085214626411,46.10136251717324],[1.96643715648218,46.10154033342834],[1.966368742351022,46.10208005020565],[1.965979988422324,46.10216836718384],[1.965719023338881,46.10248298891483],[1.965684572069704,46.10273123130011],[1.96606025574683,46.10326868979667],[1.96546754395376,46.103462314488496],[1.964973348022471,46.103511843276664],[1.964654014760915,46.10376289076267],[1.964273250515104,46.10383866696593],[1.964087749200375,46.10468170558965],[1.965186076367518,46.10486463233153],[1.965317576319739,46.10455063284099],[1.965965272841904,46.10446287597523],[1.966219206513613,46.105003727462744],[1.966217221681818,46.10545309189176],[1.965627652577219,46.106441045611405],[1.965494900288092,46.10689011897002],[1.965557573500261,46.10720588826318],[1.966269243151272,46.107297924981694],[1.966640805265737,46.10764352301405],[1.966395417247507,46.10774845633478],[1.965555538101428,46.10752016729956],[1.964969687650026,46.108102896910005],[1.964773030143618,46.10850725904912],[1.965224922899598,46.10864376232469],[1.965027863000039,46.10913817784087],[1.966255739260003,46.109322274368],[1.966639620769903,46.109908435512025],[1.966702720548077,46.11013325076547],[1.965539152306765,46.110039801875566],[1.965793571278485,46.110624786118336],[1.967537682786634,46.11090092501046],[1.967537284552192,46.11099097795683],[1.96701694737152,46.11139420081467],[1.966500744163648,46.11130214778844],[1.965594411935664,46.11129929665137],[1.965717752601572,46.11224421349511],[1.964827532065333,46.11317178784098],[1.965059199762145,46.11400242061674],[1.965805281839187,46.114678339733324],[1.965973030538351,46.11525983199119],[1.966279863467851,46.11512574011321],[1.966413493594318,46.11463074504898],[1.966672848947701,46.11454214875445],[1.967838156282632,46.11441045956159],[1.968224127585464,46.11468143582504],[1.968286376549599,46.11495217113534],[1.968156111896615,46.11513110038625],[1.966727739511773,46.1158916955993],[1.96659009713932,46.11715033406456],[1.965784508635096,46.12155667054698],[1.96616799178479,46.12175558543829],[1.965485649252326,46.12236535754621],[1.964319947362412,46.12367586086211],[1.963933671704349,46.12396772258357],[1.964342719583955,46.124116445103205],[1.96408129524923,46.12465530037037],[1.965892257670319,46.124706028307905],[1.965954122527033,46.125065917208886],[1.965048009384863,46.12510809404471],[1.96504635585716,46.125333220313024],[1.965692664060253,46.125469690956585],[1.966852867830303,46.12610344363786],[1.968078244818761,46.126647719975736],[1.967294712090407,46.127814933815536],[1.967220509507317,46.12907414924724],[1.966151090641556,46.12987492702916],[1.96645315572495,46.13068638377958],[1.966636568292893,46.130920398563454],[1.966780396827342,46.13098654785864],[1.967312032251147,46.13088781843427],[1.967464840354588,46.131234124127815],[1.969209686013578,46.13164442176664],[1.968684250205316,46.132240327986814],[1.969086917810642,46.132180944358176],[1.970108994716989,46.13259186918913],[1.969650425284632,46.13349007520151],[1.969711084851952,46.133985035256174],[1.969579522619749,46.1342999397407],[1.972039628730924,46.134082682900036],[1.972363903186906,46.1341288445297],[1.972360655579445,46.13457909703953],[1.972682874991581,46.13480445131466],[1.973392760376867,46.13494235249769],[1.973322381023149,46.13579635116573],[1.975198479306157,46.13584751604183],[1.97526646297596,46.135397847789854],[1.975656277423943,46.13526447858287],[1.975724641598669,46.134724757186305],[1.976628843109075,46.134862589229996],[1.977209295299682,46.13513438458589],[1.977119003715942,46.13587833706117],[1.977406252304748,46.13589623324167],[1.978693520642485,46.13626443873361],[1.978904823549936,46.136256432407414],[1.97898802381548,46.13610138301962],[1.978810861153675,46.135806206812404],[1.978504427905802,46.13542701595318],[1.97792050826955,46.13527136871918],[1.977986868177563,46.13504682514985],[1.978508567169291,46.13450847907719],[1.979210368347944,46.13459403845504],[1.979281057075985,46.13490266623078],[1.980449384596716,46.134560139645046],[1.98077239049381,46.13460536522754],[1.981803051414452,46.13532875573916],[1.982515026048724,46.135285605357176],[1.982586009176498,46.13425149521255],[1.983039365180338,46.13425285386124],[1.983170833408011,46.13393883420248],[1.984335309039162,46.13394204936883],[1.984337254564411,46.13362687004883],[1.985114425151873,46.13362931470047],[1.985498309054789,46.13430546415982],[1.985756894715146,46.13426184503335],[1.986117934721492,46.13407144785485],[1.986409228517757,46.13408035182172],[1.987187961854868,46.134560093825165],[1.987940538445118,46.13477303108382],[1.989506284950753,46.13472303270465],[1.98944043890397,46.134992615217676],[1.990021678947049,46.135084239295246],[1.989692951315901,46.13598277732672],[1.990274202264689,46.13607440010666],[1.990728384744155,46.13603160778761],[1.991443452669859,46.135538148456],[1.991509991161415,46.13508935939563],[1.991770963421431,46.13477467894779],[1.992418147841436,46.13473179200773],[1.992487172870614,46.13414703980563],[1.992617872283998,46.134013115040815],[1.993394579117987,46.13397047083384],[1.993656246362999,46.13347568019537],[1.994174708128738,46.13338751525945],[1.993727372710827,46.132351510061504],[1.993665673105242,46.131901583535075],[1.996060101531374,46.13186423885433],[1.996067245908635,46.13069447395377],[1.996380905919678,46.12976246450307],[1.995402205904892,46.12938007842722],[1.995692760838836,46.128578447674705],[1.996921524779191,46.1286721593753],[1.996852553864119,46.12925691445837],[1.998210856145025,46.129350855674694],[1.998408494700761,46.12881226279592],[1.997697679639715,46.12858445353093],[1.997311814673815,46.128223524729336],[1.997122567551647,46.127593262393006],[1.998349669057997,46.1277770001715],[1.998545800782397,46.1274626332956],[1.998935849175256,46.12723913116919],[1.999648051105103,46.12710582040182],[2.001082117005563,46.12531102019751],[2.001858010062965,46.12544842406301],[2.002374080658572,46.12562946882063],[2.003409330099125,46.12567818370947],[2.003469283481967,46.126442384459736],[2.003988934344775,46.126498275377685],[2.004377558998836,46.124851858196315],[2.003875030947219,46.124709665395],[2.003611729806582,46.124374148249835],[2.003483037500667,46.12432889152436],[2.002511741924328,46.12432576688456],[2.001754523892437,46.12451543480866],[2.001194220075615,46.12391883984492],[2.001416386051682,46.12373798009597],[2.000842500483224,46.12225151032683],[2.001617531053773,46.1224339366615],[2.003231349351548,46.123068600412466],[2.003555123473501,46.12306874041415],[2.004139230867989,46.122710939062316],[2.004140385745668,46.12257586522813],[2.004333818984529,46.12262168894548],[2.004459343638545,46.12334143617387],[2.00445588129413,46.123746657665755],[2.004325037674941,46.12410573431289],[2.006520413539694,46.1247427466389],[2.006845011944508,46.12469785642269],[2.007169763111646,46.12442962793208],[2.007686506611588,46.12443054254239],[2.010084989921743,46.123718421968746],[2.010536808868514,46.12394389734943],[2.011054669527713,46.12381062316111],[2.011697823727646,46.12448713881275],[2.013193438387157,46.1232771875534],[2.011969626083609,46.12219398022668],[2.010930195529196,46.12295580934457],[2.010736428137947,46.12300004989068],[2.010349377110981,46.12277423917753],[2.010546233593954,46.12241483062048],[2.010288536669953,46.12205416235897],[2.0108789352498,46.120840850721045],[2.010235177294557,46.12034443637074],[2.010040452317153,46.12029861141106],[2.009652106265391,46.12043301043758],[2.009849616735425,46.119893496966164],[2.009269341373321,46.11939672995695],[2.00953126256913,46.11894783493235],[2.009661571263963,46.118903043067654],[2.010177589838435,46.11908495284543],[2.010373139420377,46.118725533227725],[2.009214061666154,46.1178670980367],[2.009699355059297,46.1171670945156],[2.00721708810923,46.116512323301286],[2.006183141514595,46.11632946961669],[2.005925981511838,46.11601382352567],[2.005752412945374,46.11437148359071],[2.005369125318586,46.114085350522764],[2.004843682147697,46.113712416945276],[2.004129028175018,46.11384843893217],[2.003933315610003,46.11407276263627],[2.002770281630639,46.1137995892572],[2.00251362997895,46.11352896760578],[2.002061604387553,46.113392612807296],[2.001999516063568,46.11303274338486],[2.000942887467322,46.11260649043902],[2.000544838779848,46.11185281978401],[2.00045963984341,46.1109136853078],[2.000590608557829,46.11068969814103],[2.000784357070227,46.110644574461624],[2.001880039439221,46.11141338567666],[2.002137361090593,46.11150390267838],[2.00207595760876,46.110963927144816],[2.001239006993502,46.110421633939175],[2.000721117196334,46.110419778177594],[1.999761430437818,46.10879752132541],[1.998467209741987,46.10883834308887],[1.998100669951331,46.108419049409235],[1.998319855157149,46.10811479282724],[1.999179898995574,46.10788372974149],[2.000026268215002,46.10776330875491],[2.000285881409036,46.10758458258686],[2.000550834606718,46.10668545403905],[1.999969057770578,46.106638904535494],[1.999907551483566,46.105963842379026],[2.000093066365849,46.10487669820866],[2.000954461157118,46.10463933012616],[2.001080909351448,46.10466295697545],[2.001400063250042,46.10533848415974],[2.001720919392151,46.10556464543212],[2.00243215154679,46.10561142321444],[2.002756623879004,46.105567445055506],[2.002899995270451,46.10544352656053],[2.002746880640243,46.10531970524623],[2.002360297559601,46.104577848447946],[2.002064305011546,46.10447978718427],[2.002247749827547,46.104216634874504],[2.002055749512047,46.10381059519568],[2.001733249314888,46.103675376974415],[2.001333873004501,46.10257047776227],[2.001162917449866,46.1016486000389],[1.999869669620331,46.1016453173673],[1.999807608935414,46.10128544653038],[1.998583525221566,46.10047135258677],[1.998648002831651,46.09984603112382],[1.998228468614169,46.09985133471912],[1.996783460441363,46.099653956732034],[1.995588820427332,46.099357913160055],[1.993552273084716,46.09852216219356],[1.992323005892138,46.09856348777544],[1.991808065568205,46.09833647587721],[1.991938571487261,46.09806746625988],[1.992519424988224,46.09815907773674],[1.992718903271167,46.097305313799495],[1.991490848130343,46.09721155647704],[1.991629180804906,46.095951997696105],[1.991177218797421,46.095680514051935],[1.990918335281592,46.09568001372448],[1.990592470554594,46.09608417043138],[1.99039960903069,46.09608335554615],[1.990012003490434,46.09590249599551],[1.990277068496588,46.09500339091593],[1.98988912605923,46.094911683614995],[1.990025095166664,46.09392317484189],[1.989587219021269,46.09387244795695],[1.988994586995034,46.094564206122925],[1.988623903073945,46.09529306134584],[1.98804108302626,46.09594257569117],[1.987232105637991,46.09593896191896],[1.987626092691775,46.09485999975669],[1.986463275963065,46.094811797564695],[1.986594183168909,46.0944518405485],[1.985498761837353,46.09390892009004],[1.984336708252718,46.093680589941094],[1.984273942532292,46.093364830815176],[1.982325820650153,46.093436534287],[1.982469142822031,46.09380524959849],[1.983370232606142,46.0949849588953],[1.982904873379949,46.09516000165856],[1.982516178336715,46.09524927571112],[1.982323981330278,46.09493325556284],[1.980642966274586,46.09483801935479],[1.980648551028578,46.09411851849955],[1.98045440234131,46.09411767509092],[1.979999786298887,46.0943414329655],[1.979093811554367,46.09447377500133],[1.97889844528746,46.09460800269908],[1.978701938619013,46.09501238922956],[1.978313330972856,46.09523583388164],[1.978374406711202,46.09564073726329],[1.977921444949039,46.095774445395634],[1.977404150198645,46.09581751562082]]]]}},{"type":"Feature","properties":{"fid":2681,"ID":"COMMUNE_0000000009751314","NOM":"Vidaillat","NOM_M":"VIDAILLAT","INSEE_COM":"23260","STATUT":"Commune simple","POPULATION":201,"INSEE_CAN":"01","INSEE_ARR":"2","INSEE_DEP":"23","INSEE_REG":"75","SIREN_EPCI":"200067189"},"geometry":{"type":"MultiPolygon","coordinates":[[[[1.871326918245371,45.986935800943456],[1.871794871497897,45.986922451274644],[1.872007129485643,45.98702993364],[1.872664951271556,45.98796498504957],[1.87296957175965,45.9881049052095],[1.873479294356909,45.988134291533115],[1.873701239502271,45.98795818301306],[1.874053846439306,45.98726823893721],[1.874550964997862,45.987029121213126],[1.874847883842039,45.987040176310224],[1.874916432544555,45.98735245923323],[1.875265605558876,45.98758827760325],[1.875743165437356,45.987674071177544],[1.876887857667645,45.987672818878075],[1.877945172065823,45.98745815180251],[1.880051210664084,45.986497359366254],[1.880646469044078,45.986068261970395],[1.881321015910006,45.98580565190751],[1.881600238042517,45.98573366095605],[1.882346137745678,45.98571040380934],[1.882809233911579,45.98555376820774],[1.883021135801907,45.98555225577362],[1.883664174624741,45.98575942524638],[1.883853863711918,45.98577030047117],[1.884053840260554,45.985656095782254],[1.884209343047277,45.985441487996546],[1.884325107084454,45.98476539041415],[1.885595566089109,45.98403671851433],[1.885749402148524,45.98384010395725],[1.885833774094025,45.98337353183652],[1.885982293070619,45.983248010669584],[1.886882218843272,45.98327216856181],[1.887390106031409,45.98300698434262],[1.88755678306436,45.98172709356907],[1.88878796710937,45.981146597139464],[1.888859986102576,45.980202593545215],[1.889182901166531,45.98020396004979],[1.889616672516662,45.980345102122136],[1.889444180848536,45.978650317414385],[1.888996974084495,45.97815151181093],[1.888779086016004,45.97736316623025],[1.889579528695409,45.97674331216161],[1.89050392699561,45.97529162923486],[1.891171800846136,45.974710091043974],[1.891239586540437,45.97435862743844],[1.89191027814044,45.97402117018571],[1.892276908583236,45.97390227809611],[1.89247587810931,45.974220328228064],[1.893657665659403,45.97525133779764],[1.893891244665531,45.97558323213789],[1.893948626193705,45.975877381973355],[1.895093214427121,45.97612630853199],[1.895475864689233,45.9757887212147],[1.896557192525135,45.97519857545841],[1.896830749790573,45.97463207379588],[1.897201724045074,45.97442495126265],[1.89765705879674,45.97445550140193],[1.898574608856028,45.9748183574613],[1.899671661899756,45.97511900905819],[1.902169087841193,45.97411388510931],[1.902683538913707,45.9741593974015],[1.903732174595048,45.97449196126108],[1.90447837978306,45.97450998953972],[1.905309821093873,45.97413888612227],[1.906338422977424,45.97353012701052],[1.906624078460732,45.973454535100565],[1.906865455629882,45.97346226889504],[1.907099593973979,45.973574399459046],[1.907428496287224,45.97405307886354],[1.907468566085284,45.97431193156818],[1.907659866412353,45.974500196823634],[1.908376418785915,45.974450369971144],[1.908661213246436,45.97435315071803],[1.909042516776652,45.97388312045647],[1.909384299163095,45.97306058215844],[1.908889860262819,45.97096287448396],[1.909123317071437,45.969935762477576],[1.909186462138181,45.96974724929429],[1.909767753056556,45.96915486347907],[1.91033613002855,45.96836602443209],[1.911348674674286,45.967973205599776],[1.911590899081669,45.96780622552263],[1.911871658581709,45.96738835396424],[1.912241200657922,45.96718297056017],[1.914595921136067,45.96663910405809],[1.915710802956235,45.96648948315226],[1.916911878864364,45.96602817551791],[1.918089957750182,45.96575035333827],[1.918205121101986,45.96560736136413],[1.91805210974762,45.96524476786652],[1.918187983888777,45.96509927209428],[1.919990988039747,45.96462837213989],[1.921567372165119,45.964121964108756],[1.921792072127775,45.96392417613528],[1.921959044403366,45.96350879912363],[1.922283019873022,45.96312103320482],[1.923341375349302,45.96202699589275],[1.923554422964326,45.96182999432609],[1.923903849340494,45.96112996596296],[1.923898161606588,45.96102454447172],[1.92349347355886,45.960654162628806],[1.924413047235064,45.9598523840916],[1.925908137785894,45.95913531070942],[1.926607245367961,45.95871056546414],[1.927000918571269,45.95871880022804],[1.92750681810021,45.959130654219855],[1.928198722231502,45.95894268242466],[1.929844547285714,45.95784063786711],[1.9303724167878,45.95732149170596],[1.930391983459864,45.95711184252284],[1.929528830787769,45.95641294257566],[1.929232819714881,45.95609764340783],[1.929123076696159,45.9557651935342],[1.928816481175514,45.955463301729196],[1.928835485261095,45.95515008124657],[1.929358336742801,45.95455614470942],[1.930281240575024,45.95423796072619],[1.930587374063104,45.95396527713223],[1.933156159604868,45.953129466345345],[1.933605127102191,45.953080562827985],[1.933995555510818,45.953321091371855],[1.93428743710358,45.95331663505872],[1.934722252096659,45.952530923766986],[1.934987936670413,45.95227856112063],[1.935840273443848,45.951866909352205],[1.93637386150422,45.95144685321348],[1.937099883522497,45.95129066888676],[1.937423679195092,45.95110368767825],[1.937576728998035,45.95086647209389],[1.937728070297851,45.950249197951266],[1.938511928720039,45.949703598913956],[1.940212550250394,45.94901618596077],[1.940644260001742,45.94845286567532],[1.940955213441855,45.94819370853878],[1.941464295206919,45.94803726789071],[1.942216573554094,45.948056908691875],[1.942933441825275,45.94797084670659],[1.943139560606757,45.94785929920762],[1.943348577531973,45.9473947536272],[1.943537693510224,45.94722721115278],[1.945534978789562,45.94647854748126],[1.946145655075554,45.9463410439439],[1.947053508145126,45.945582205158175],[1.94785950629154,45.94461257908437],[1.949235589611929,45.94407331187664],[1.950006463033939,45.94358875348245],[1.95038880415018,45.94316993147893],[1.950764853561601,45.94294557352025],[1.950296847596668,45.9423729726924],[1.949078295775395,45.94142416822486],[1.948885544784072,45.94137825015969],[1.948562859185203,45.941512139792515],[1.94765975189061,45.94155417809537],[1.947402023034641,45.94146352522728],[1.946501933640784,45.941010267253645],[1.945477078230443,45.94019741142718],[1.945349730498408,45.93997198205039],[1.945608747534178,45.93979247977226],[1.94780682149539,45.938990714379266],[1.948065395042553,45.93876617383863],[1.948720564309399,45.937374573211024],[1.948852630545639,45.93687958449707],[1.948380358746614,45.937075123915676],[1.948035416381329,45.93736190235265],[1.94752244308137,45.93759308281264],[1.947108958271587,45.93727853894387],[1.946852540843049,45.937187896831176],[1.946269599124328,45.9375003726255],[1.946033333427846,45.938110562080546],[1.945361388068466,45.93821687372031],[1.945305902682559,45.93700238408161],[1.944596461417925,45.93704530147917],[1.944407193921366,45.9365491214756],[1.944351738304717,45.935199545447816],[1.943577795853339,45.935241854525316],[1.942426644449769,45.934023433033076],[1.941652717041366,45.93406572894522],[1.941260739224882,45.934784322355945],[1.941001764145661,45.93482782834988],[1.940809466300509,45.934692743687485],[1.939072823490818,45.93405688041857],[1.938235683274538,45.933963474196354],[1.937718563035425,45.93414143751412],[1.937264622649184,45.934590164165485],[1.936740456862909,45.93566773077237],[1.935709240463996,45.93566434098919],[1.934421232470993,45.93552433843182],[1.933776810831329,45.93534265641376],[1.933214633479156,45.934846544801815],[1.933011734479783,45.934260158702365],[1.932754499610563,45.93421360476675],[1.9324153528618,45.934531010399624],[1.93185433292226,45.93470853298111],[1.930619574870388,45.93548397403988],[1.930274988091876,45.93608050041867],[1.929770795111406,45.93658726010156],[1.925772779967678,45.93661782304744],[1.922043392638908,45.935254910069915],[1.920621776458925,45.93574388107245],[1.919773595244595,45.937135284457696],[1.92028078279364,45.93812715703117],[1.920406193336694,45.93857774137924],[1.920276664481817,45.93866656334047],[1.919955282687264,45.93866529780249],[1.919445429207745,45.93780938544782],[1.919252715575153,45.9377634169204],[1.918142182201821,45.93969354995886],[1.917881785576278,45.939872977026866],[1.914783829279622,45.940265683748436],[1.913362972727347,45.940575357676956],[1.910782128330498,45.94092518875746],[1.907427868280391,45.9409576983138],[1.905627676635386,45.94041076444866],[1.905567512011514,45.939735648768746],[1.905440310780767,45.93951107492131],[1.904602644916557,45.9395074730182],[1.904537116742824,45.939686954628904],[1.903892155630624,45.939729341051596],[1.903894141836966,45.93937002905305],[1.904092433616552,45.93887573011487],[1.904032289482387,45.938200613618406],[1.903709118933408,45.938289342550625],[1.901386725654124,45.93836768601751],[1.902423505697993,45.93764107184567],[1.902628504605533,45.93739359930427],[1.901595492051635,45.93657215499662],[1.901208194835805,45.9367052832843],[1.900562874043409,45.93670261792479],[1.900680494425746,45.938052829499604],[1.900165519304281,45.93805052756022],[1.900106714705387,45.9373754215205],[1.899915015778004,45.937150214302925],[1.898822286409174,45.93660644303923],[1.897798355779989,45.935657169320294],[1.89851112713809,45.93525524594902],[1.89825350866643,45.93516448118131],[1.897158170367738,45.935205144720534],[1.896904017865938,45.93461909127873],[1.896068852334076,45.9343011471644],[1.894980473026859,45.93335211889409],[1.894338548592194,45.93298921840022],[1.893244269314764,45.932850638345904],[1.890471629559671,45.932929754595634],[1.889833248508106,45.932072443555796],[1.889382466221985,45.93202569268354],[1.889123845844212,45.93211411280033],[1.886140346045659,45.93426149122736],[1.885494372199353,45.93448387884708],[1.883098931979969,45.935688656000636],[1.879995892470039,45.936710768769565],[1.878251353806403,45.93706362928804],[1.876768384860678,45.9370579255148],[1.876308730252677,45.93757119801924],[1.875521728770544,45.93711038691304],[1.875032718508991,45.93672187790581],[1.875226917565864,45.93637708337578],[1.874847234403689,45.93556548491723],[1.874537217962031,45.934124169007404],[1.874222630568185,45.93322315719183],[1.871914515056195,45.931729515956015],[1.871722951015075,45.93150426100066],[1.870696626179065,45.930824888119666],[1.869517117156797,45.93075637317224],[1.869275429738842,45.93121325666238],[1.869068683492452,45.93279712091129],[1.869313325802188,45.93389467717981],[1.869235281684342,45.93518173404272],[1.869331243281541,45.935788786668304],[1.869282486667693,45.9375354346082],[1.868676598085587,45.938943297926954],[1.868813987355494,45.93985876524926],[1.868744259149805,45.940488477902896],[1.86835072562353,45.94129687140726],[1.869809593837601,45.944181613969576],[1.87012822524643,45.944633286618014],[1.870125284199962,45.94490253216101],[1.869994160863145,45.945127269928044],[1.86778671695825,45.94700724553669],[1.865380649688169,45.949246323629204],[1.862078530966708,45.95085224198722],[1.860328150912917,45.95183428313754],[1.860132787767257,45.95210339257799],[1.859933839772684,45.9527327002383],[1.858375862204893,45.95389586654903],[1.857724099627724,45.95456743359924],[1.857591748927452,45.95497226274257],[1.857717280264516,45.955331963118184],[1.858228045365763,45.95591889501525],[1.860087324717586,45.957231775295476],[1.860270069574667,45.95844670531579],[1.860323469403969,45.959797222084795],[1.863002635552214,45.9614992509743],[1.864945834826965,45.96245175624146],[1.865568056405771,45.962712858311065],[1.865743998302865,45.9626975099681],[1.865975515337432,45.96299342004181],[1.867456197797421,45.96383497855767],[1.868220282011401,45.964169531547014],[1.869379178323561,45.96433330904387],[1.86937769620238,45.96446838199223],[1.868405873641595,45.96500442786985],[1.86820346238585,45.96599304839964],[1.867160717223691,45.967338001223375],[1.866698867497287,45.96850594167319],[1.866698305371495,45.96859599458667],[1.86689755183278,45.96870425771124],[1.867859918138216,45.969134457373286],[1.867704679067927,45.96952375909899],[1.867786333443886,45.96963534757684],[1.868300502051348,45.96981700228919],[1.868813538188942,45.9701796609121],[1.868748415646554,45.97026906883208],[1.867191250782212,45.9712522504643],[1.864147868585216,45.97258885275363],[1.862070179621799,45.97406476724603],[1.863792790129762,45.97627589121758],[1.864625780644283,45.97690925208564],[1.864948473879873,45.977045773500194],[1.86751363886537,45.978811385030454],[1.867676679858856,45.978797705340945],[1.868086230326873,45.97848029055844],[1.86869181544455,45.978240481936815],[1.87030056516721,45.97796204988733],[1.871069869090673,45.97792649327301],[1.871711628524941,45.97837867817982],[1.87209875527721,45.97833480340712],[1.873140166815663,45.977879568373304],[1.873811818501129,45.9779447874639],[1.873361644555673,45.97835547921725],[1.87314450879953,45.97911881550209],[1.873439892905598,45.97996019806897],[1.874333054519001,45.9811335341943],[1.874073629074737,45.98131197282732],[1.873038432575219,45.98171324378258],[1.872068001666367,45.98197916219986],[1.870643811519217,45.98251252518635],[1.870059382242324,45.982915561511675],[1.869992208655178,45.98323009597821],[1.870374553143492,45.98386161751455],[1.870307936583382,45.984086099248934],[1.869982961144646,45.98430980477086],[1.868559249742889,45.984753088617026],[1.868040307105612,45.98511083922025],[1.867778776858112,45.98551528962588],[1.867904444418227,45.98587497859394],[1.868097089368919,45.98605612033758],[1.868675994975822,45.986238418682795],[1.868996344195972,45.98655502145338],[1.869058903710802,45.98677989172959],[1.869705000281906,45.98664765091772],[1.870097724665757,45.98601935881473],[1.870807836434576,45.98597780885599],[1.871326918245371,45.986935800943456]]]]}},{"type":"Feature","properties":{"fid":2748,"ID":"COMMUNE_0000000009751313","NOM":"Banize","NOM_M":"BANIZE","INSEE_COM":"23016","STATUT":"Commune simple","POPULATION":181,"INSEE_CAN":"01","INSEE_ARR":"2","INSEE_DEP":"23","INSEE_REG":"75","SIREN_EPCI":"200067189"},"geometry":{"type":"MultiPolygon","coordinates":[[[[1.956696984984407,45.93528431704425],[1.956844294694546,45.935616184757414],[1.956858402168126,45.936098120476224],[1.957114100310581,45.936431887439724],[1.957878532928105,45.9370972471228],[1.958149363337884,45.937586949805954],[1.959175665158752,45.93887700553743],[1.95972487142797,45.93870734448856],[1.960108340718461,45.93849653288458],[1.960607705099085,45.93788963277896],[1.961557740781421,45.93734000058767],[1.961791780657233,45.9370440590674],[1.962209718150372,45.93685246871699],[1.96248470083743,45.93623269589245],[1.962395719239368,45.9360229476963],[1.962070221077148,45.93576149897917],[1.96208232493955,45.935598606721086],[1.962272055795274,45.93539321551976],[1.962988091354694,45.935066568385395],[1.963825307072345,45.93481577379539],[1.963826539911489,45.93468160010803],[1.962346907697602,45.934091676916175],[1.961704531160845,45.93372915868656],[1.963195218085296,45.932564880573594],[1.963453738536606,45.932475390799],[1.963710201745469,45.93270108121449],[1.963904628035556,45.93265693250698],[1.964507421749713,45.93182942278075],[1.964773992703625,45.931860680113395],[1.965799098456516,45.931704348950326],[1.96700658471154,45.931388471653136],[1.967933108315392,45.93105110735449],[1.96976030548077,45.93085972672912],[1.971439393704032,45.9301671546198],[1.972878538247255,45.9299514828427],[1.973734988573009,45.92956210305861],[1.974107399895682,45.92910709065938],[1.974484445754184,45.92937347463421],[1.974761552237681,45.92973981552763],[1.974699800188788,45.92993738110082],[1.974184609165799,45.93050547337516],[1.973980106032994,45.93095300304729],[1.973897732982171,45.931495299091594],[1.974481995219694,45.931793280564584],[1.974908952778593,45.9322915614188],[1.975588453262413,45.93267415265055],[1.975265785686483,45.93302155227955],[1.975191247024477,45.93342072971603],[1.975043032189596,45.93354816864852],[1.974604031240725,45.93369638759492],[1.973709183648327,45.93371889473872],[1.97339739661472,45.933827737128894],[1.97329261392746,45.93404832642604],[1.973278310653065,45.93509285657497],[1.973166086048345,45.93522782421389],[1.972955601625987,45.93530246245316],[1.971932149627308,45.93529857259282],[1.971143308205774,45.93565613387314],[1.970347632946478,45.935826309147124],[1.969935774138983,45.93610894206044],[1.970524665549358,45.93650604847634],[1.970843972383082,45.93703218352869],[1.97118564073848,45.93732887576812],[1.971643464612266,45.93755727868487],[1.972248304902122,45.937585287492915],[1.972687458537566,45.93798462467698],[1.972799256818994,45.93828823067069],[1.97275250011311,45.93864983499441],[1.971997127459653,45.93921753900239],[1.972182534866503,45.93958845633773],[1.972248331115857,45.940143804411896],[1.972922254482193,45.940760508222915],[1.973256434944234,45.94090673093794],[1.973720686336564,45.94093075428977],[1.974361331497958,45.941394951405876],[1.974439873673487,45.94202966354056],[1.974567747475132,45.942233450165475],[1.974898002685129,45.94245257840964],[1.975187022724092,45.942321011103665],[1.977646879865835,45.94088884045984],[1.981464080039795,45.938922197043205],[1.98372954884622,45.937444920091146],[1.983858618793794,45.93744517852835],[1.985465616791108,45.93821517229879],[1.985723760312774,45.93821568506618],[1.986178976270535,45.9376776226821],[1.986372590310908,45.93767755588322],[1.987270933155896,45.9383105920142],[1.986816185177678,45.93889369127659],[1.98796022503188,45.93908223997452],[1.988119220236407,45.93998332783855],[1.987814128122405,45.940500226610496],[1.987742863696412,45.94086611989993],[1.988465275886568,45.9420153980955],[1.989015763459859,45.94254624769964],[1.989551045074369,45.94278067239594],[1.989822239869542,45.943408086401895],[1.990132664012656,45.9437971996356],[1.990496396352142,45.94395444134338],[1.991103551496067,45.944001281208756],[1.991893270197731,45.944653123378785],[1.992232265698176,45.94510462419916],[1.992686997562527,45.94551032460535],[1.993502571429112,45.94616238528495],[1.993928424183386,45.9463832077329],[1.994081117993337,45.94671687366648],[1.993949304152416,45.946936340760736],[1.994157732750403,45.947257894029676],[1.994446396826549,45.94749820823838],[1.995059754843989,45.947702680606255],[1.995206659608349,45.94785888209252],[1.995205557542215,45.9482731325169],[1.995342002831809,45.948648978978355],[1.996037106919089,45.94904419076614],[1.99603560174846,45.94926841823656],[1.994029577641736,45.9503871219574],[1.991633100441531,45.951954397542714],[1.990854812945527,45.95271654546014],[1.990527889885717,45.9534358847347],[1.990523739384954,45.95415540021899],[1.990263166863569,45.95442414674358],[1.990259716230463,45.954964455782715],[1.989402632140388,45.9550918925901],[1.990184487697399,45.95667305971083],[1.990880041461116,45.95887934532978],[1.991588995704164,45.959017145080786],[1.992295965625514,45.95933413534071],[1.993066091354521,45.96001100865175],[1.994603227839252,45.961679909375015],[1.994795499499536,45.962040942327484],[1.987981011643833,45.964228949871774],[1.988683397169144,45.96479807991769],[1.988951104314826,45.96569113102411],[2.011117045039855,45.95920561247971],[2.01462987915573,45.95816006909891],[2.016101056920342,45.957410988509764],[2.023985754965801,45.95060255195516],[2.023962443172282,45.95046096278598],[2.024367236714529,45.94983856221534],[2.02518213448503,45.94953218765816],[2.025643389745814,45.949584789364216],[2.029357438732283,45.9479857830813],[2.030551823725353,45.94657943718805],[2.031460148205539,45.94572717808188],[2.030115184079994,45.94410365740285],[2.028960050256994,45.943066212909656],[2.027931572909522,45.94238826744296],[2.027159287842045,45.942115966251066],[2.025854120738509,45.94212275112597],[2.024591267562754,45.94127074998816],[2.024142790289407,45.94079228795429],[2.023774392914488,45.940675640064484],[2.023234355809393,45.94026572775241],[2.022835420611611,45.940124498025945],[2.022048754127684,45.9390658468119],[2.021536962250364,45.93866607640888],[2.020795958557291,45.93838139365857],[2.021637733160483,45.938006835750286],[2.022027145762217,45.93773823192826],[2.022030575688442,45.9371087688408],[2.02099774353773,45.9371952981635],[2.020616512427269,45.936204983523474],[2.019848917381411,45.935168094711415],[2.019534174586449,45.933997338997294],[2.01927716435046,45.933861828667155],[2.018375666649396,45.93367930301431],[2.017538524932512,45.93336224451833],[2.016960631892322,45.93291054669238],[2.016577618329345,45.93245963908304],[2.016221397180542,45.932460144951776],[2.016120848747564,45.932597957403665],[2.015987645343591,45.932613009284374],[2.014617874669564,45.93263621153108],[2.013997789070743,45.93245249864379],[2.012967757831295,45.93231473821965],[2.012903559664754,45.93222412190952],[2.013291361402318,45.932045590389414],[2.013292005721494,45.9318654833921],[2.013099863534156,45.93164046812569],[2.008929517546984,45.92843403497345],[2.008932454191148,45.927983778848585],[2.009063611762019,45.927579673929614],[2.010227619150968,45.926863107467405],[2.012133538794743,45.92600711812635],[2.012412013876184,45.92580602187625],[2.012041472861187,45.925384025058385],[2.012495518989732,45.924890877977795],[2.012561807967852,45.92457625942126],[2.012305506272352,45.924260626272236],[2.011502425582059,45.92399695215585],[2.01150289372834,45.92339537995355],[2.012306797160308,45.9229647271009],[2.012450172243826,45.92281288293179],[2.01229886501862,45.92153546406624],[2.012655728779068,45.92099103663411],[2.013581339344251,45.91995806001012],[2.01330111914729,45.91917752990597],[2.013519644440062,45.91879129297139],[2.013732768301083,45.918706697147606],[2.01410733390368,45.91875769184229],[2.014524580423324,45.918586618067415],[2.015320699787666,45.91858634581125],[2.015217209774925,45.918384619488606],[2.014407394253664,45.918068674100596],[2.014009023821677,45.917617622947496],[2.013525388019474,45.9173171214266],[2.013111163039292,45.91717572243796],[2.013012102267497,45.916655233321144],[2.012368827260718,45.91583190774022],[2.0122893037393,45.915301682289],[2.012519978740427,45.91495697935387],[2.012519787104104,45.91475164928883],[2.011884206628726,45.914436305524305],[2.011262809562875,45.91455335248242],[2.01072425399161,45.914439675764896],[2.010316015662907,45.91446942570062],[2.010175439204935,45.9147536743363],[2.00988223932051,45.914987056058635],[2.009507210778963,45.91481987036635],[2.009398367255059,45.91455865440676],[2.009006924057614,45.91444355596305],[2.008810892953354,45.914223902058936],[2.008568460737307,45.91414522962946],[2.008484736446712,45.913994101666034],[2.008242613562341,45.91389832052593],[2.00824401949762,45.913676794175174],[2.006958466175874,45.91313328267784],[2.005674084924387,45.912454682040504],[2.003872223309883,45.911999353408525],[2.002874868531057,45.91157540578873],[2.001356822606132,45.9120492192657],[2.000940461828974,45.9116024647853],[2.000397221087348,45.91153642702072],[1.999560686299356,45.910996797504666],[1.998756127602488,45.9097631090416],[1.998203235776729,45.909448419147566],[1.997440941475528,45.90986583130983],[1.995502280135722,45.91062491887588],[1.992659223922653,45.91187573730745],[1.991087014339612,45.91523254445471],[1.991387994890106,45.91563598038832],[1.991759764955532,45.91647231817226],[1.982682824627431,45.919896963384105],[1.982036204404936,45.920254976199935],[1.981710938135102,45.92074916230946],[1.981447046167505,45.921692382804785],[1.977322324364812,45.92158943133304],[1.976418800847959,45.921811805873475],[1.974517465733238,45.92184411901665],[1.974662669039082,45.92243170527698],[1.974368404685481,45.9231972231365],[1.974438845232146,45.92357249825972],[1.974733381519447,45.92376338658575],[1.975698500113337,45.92411704610121],[1.976344502080205,45.92476950089658],[1.976885897102504,45.92514903434677],[1.976811160647486,45.9254905744765],[1.97702678064639,45.92617965782904],[1.976614255054643,45.926851353595595],[1.976647154413455,45.92744242402306],[1.976543754080585,45.927659426328965],[1.97636470763108,45.92778028395735],[1.9737177573459,45.92875503710398],[1.972958385562112,45.928368106853654],[1.970250154251594,45.92840473075652],[1.9696098693816,45.9278621624255],[1.969549366075425,45.927233013959686],[1.968909443233151,45.926465302393844],[1.966592146982254,45.92609834225551],[1.96659542943674,45.925648087297375],[1.966295282636332,45.925000537412465],[1.965507348206823,45.924490817727175],[1.965560450528917,45.92427426587509],[1.965701940842015,45.924161187039964],[1.964928614374573,45.92424867469828],[1.964798789622759,45.92442760094027],[1.964540710895204,45.92442704044488],[1.964154397643938,45.92424609191923],[1.963190423475218,45.9239724945312],[1.957296043118346,45.928046543629314],[1.955869870516554,45.92921133938782],[1.955283272280595,45.9300641695638],[1.954954783849423,45.93105266556976],[1.955143290731422,45.93159294820922],[1.956298460048038,45.93240691868501],[1.956553626073454,45.932767699337],[1.956472675393721,45.93472479509639],[1.956696984984407,45.93528431704425]]]]}},{"type":"Feature","properties":{"fid":2750,"ID":"COMMUNE_0000000009751316","NOM":"Mansat-la-Courrière","NOM_M":"MANSAT-LA-COURRIERE","INSEE_COM":"23122","STATUT":"Commune simple","POPULATION":68,"INSEE_CAN":"05","INSEE_ARR":"2","INSEE_DEP":"23","INSEE_REG":"75","SIREN_EPCI":"200067189"},"geometry":{"type":"MultiPolygon","coordinates":[[[[1.769613769121666,45.987901133277475],[1.77088875923028,45.98808338826198],[1.773011990356595,45.98881428063518],[1.77333466441803,45.98877094425026],[1.775278844558848,45.98797063427221],[1.775739440048571,45.98794139071693],[1.775640333285916,45.987634115245314],[1.775761399371093,45.98747691811564],[1.777437594137624,45.98652327483706],[1.778253460949986,45.98567920973138],[1.779940024575556,45.984777877099866],[1.781565159059824,45.983497607238085],[1.782413148222889,45.98300689389741],[1.782460472801614,45.98273632218601],[1.782574749313157,45.98265109306263],[1.78244644447428,45.98196886055295],[1.782600458194022,45.98148869540644],[1.783024640542259,45.98082500940529],[1.784583922461579,45.97935936769176],[1.785184734228245,45.97935320565552],[1.78577356410473,45.97924604488042],[1.786345262920303,45.97903692980667],[1.786687097719198,45.97882444885967],[1.787988873249259,45.97854569350486],[1.790590220264379,45.977381111612715],[1.79204154177508,45.97640684440948],[1.792371507788418,45.975968170034626],[1.792447640479618,45.97520617547505],[1.793014802471435,45.97443500604154],[1.793455021681539,45.974210044866844],[1.794564184280725,45.97404984311013],[1.79426065141358,45.97351886142672],[1.793879928875027,45.97315096550266],[1.796530353847427,45.972914389002426],[1.806048574692459,45.97319976864142],[1.809020723569662,45.97558252060791],[1.809214768745914,45.97562869036282],[1.809789775092405,45.97621651952731],[1.809979294861565,45.97653191823664],[1.813979567201002,45.97557872716453],[1.813757832354753,45.972861113124104],[1.814090723656231,45.972157633461066],[1.815495480394074,45.972121002688105],[1.816893727838707,45.97154573146671],[1.817271887834308,45.97125788958808],[1.819646830961524,45.97090892456457],[1.821715653970925,45.9703784076427],[1.821660339608785,45.9695231693707],[1.820820275411247,45.96960988700177],[1.821343215157021,45.968892155479196],[1.822441204828044,45.968762186505934],[1.822192139310049,45.96772661604304],[1.822709661561199,45.967683366183685],[1.822266899447661,45.966646682293295],[1.821429771076089,45.96659834557334],[1.821160147112798,45.96640371240346],[1.821183217532028,45.96598967981085],[1.820857596953146,45.96569629821688],[1.821442512065095,45.96515843002725],[1.821379535373784,45.96502358611483],[1.820930452440382,45.964706404558],[1.82073708981611,45.96475032099318],[1.820087288299441,45.965242479732375],[1.819915413074269,45.96518755345642],[1.818020660291853,45.96375385721882],[1.81715738979094,45.96348186825089],[1.81700457506385,45.963501885880405],[1.816527816754933,45.963212315696474],[1.816642933079357,45.962602916343926],[1.816976875498355,45.962206542625935],[1.81765652043234,45.96194796723306],[1.818180138987627,45.962220010013695],[1.818374785841508,45.96217611141901],[1.818381205508498,45.96145570359944],[1.818066414542694,45.96059955557038],[1.817494039602642,45.959832576907516],[1.816671814678109,45.95807413185705],[1.814896795437218,45.95487196382489],[1.814897442122379,45.954781911178955],[1.815155338784693,45.95473777991707],[1.815157580508788,45.954513555445374],[1.814967804064226,45.95415223187244],[1.815354786266461,45.954109451449575],[1.81536027515166,45.95361418214386],[1.815258729132455,45.95353296652807],[1.811683402661171,45.95359725763617],[1.809114662684924,45.95255078903576],[1.807568718065386,45.95227334162635],[1.803962383813045,45.95180661039581],[1.804226195253482,45.95113304997096],[1.8040351733758,45.95095181324062],[1.804563407094787,45.94969475765098],[1.804692171298571,45.94965108769854],[1.805206921735594,45.9497880093747],[1.805593880854241,45.949745262317286],[1.807149262655574,45.94898715216476],[1.807471333762371,45.949078804236215],[1.80772919017983,45.94903559028062],[1.807862209380164,45.94867585260195],[1.807862867493353,45.948585799994156],[1.806832422679082,45.94835609756263],[1.806445454768981,45.948399749243976],[1.805862574865605,45.94866648182918],[1.805605360990478,45.94862053932792],[1.805096549658904,45.94785326494688],[1.805620463964887,45.94709058646538],[1.805625705668749,45.94655118490391],[1.805055986589796,45.94537889982946],[1.806260235376705,45.94133892704651],[1.803299859709944,45.94028728705138],[1.79820900189072,45.940037910820344],[1.79645715080813,45.941109016635835],[1.795238564225221,45.94051876785054],[1.79472394487862,45.94038090045576],[1.792378058595885,45.94275418505585],[1.791826314509328,45.94377858075004],[1.791780745982323,45.94479667085155],[1.79158585644041,45.9449711074509],[1.791466555148449,45.94599561502117],[1.791566882379312,45.94766009116322],[1.791908268883293,45.94963604543992],[1.792042676415208,45.94986533123704],[1.792627933192429,45.95208524547248],[1.79253129743588,45.95237060486097],[1.792246777218881,45.95268638122],[1.791497645226182,45.952992694614046],[1.791363132749788,45.95312094461005],[1.791234503947389,45.954039982551286],[1.789031186547112,45.955063829777814],[1.78864583727678,45.95497234877268],[1.787742089160672,45.954968077816254],[1.786965393623742,45.95523353968303],[1.786201449677723,45.956033188312766],[1.785340861228352,45.95653009433346],[1.785399967271093,45.95707018747425],[1.785213116589663,45.95775533982349],[1.78519271836805,45.95832880268408],[1.785316672311011,45.95891462166378],[1.782199951848697,45.96087866804743],[1.782190978095933,45.961868330699865],[1.78205637829881,45.962407242674225],[1.781335207210786,45.963483804569194],[1.781340461783637,45.96388823049918],[1.781827011209421,45.96419426688684],[1.781813480304387,45.964572373237544],[1.78282031649803,45.965937703619225],[1.785283582429025,45.96761495591288],[1.785461926924663,45.967843820075124],[1.785891580821445,45.96803845437291],[1.78605971946765,45.96832034346166],[1.785927127217731,45.96876922138501],[1.785537338190487,45.968991992282994],[1.785151598948748,45.96903108308158],[1.784831410815359,45.969435618784786],[1.776788724853522,45.972818134302145],[1.776659154897448,45.97295272529289],[1.776713375287639,45.973942170573245],[1.774580823114339,45.97429196214854],[1.772127105728883,45.97450404230167],[1.769151846014084,45.975164305322885],[1.769085833922047,45.97534370820743],[1.769466680774602,45.97593053671433],[1.768816004559613,45.97637736786962],[1.768289763864523,45.97645810321605],[1.768399397748814,45.97715816283536],[1.766783313708862,45.97704871425805],[1.766900280961089,45.97834325293525],[1.766546233811266,45.980596307001974],[1.767158455838595,45.98146575010946],[1.768182781568827,45.98245134726387],[1.768506331463839,45.98294479332384],[1.768540512274176,45.98332251722056],[1.768248817561563,45.983772348095265],[1.768181323192908,45.98407511693967],[1.76857374557695,45.98518622407877],[1.76889662490685,45.98559500492153],[1.770114989219999,45.986343132194314],[1.770140870007928,45.98674598216888],[1.769613769121666,45.987901133277475]]]]}},{"type":"Feature","properties":{"fid":2772,"ID":"COMMUNE_0000000009751593","NOM":"Saint-Amand-Jartoudeix","NOM_M":"SAINT-AMAND-JARTOUDEIX","INSEE_COM":"23181","STATUT":"Commune simple","POPULATION":152,"INSEE_CAN":"05","INSEE_ARR":"2","INSEE_DEP":"23","INSEE_REG":"75","SIREN_EPCI":"200067189"},"geometry":{"type":"MultiPolygon","coordinates":[[[[1.712378520830855,45.895463719619556],[1.712313470961891,45.895598070716744],[1.710368969272695,45.89662152205397],[1.708631038411284,45.89647740369817],[1.708634316667049,45.896117195943916],[1.706898284574164,45.89583798041626],[1.706568017204777,45.89655559447984],[1.70642472957802,45.897769783524424],[1.705676184448835,45.89795214832612],[1.705998592616625,45.89817468717348],[1.705955639331526,45.8987956189713],[1.706453332324701,45.89924441486817],[1.705395351115154,45.899914072510434],[1.705243900733042,45.89960703059196],[1.705249294865134,45.89915768614204],[1.70467455523423,45.89874943055133],[1.704217974406286,45.89924133855006],[1.704535815034909,45.89960342435098],[1.704377719302673,45.89985378503055],[1.704397897080346,45.90036736607661],[1.703560841839836,45.900362276211965],[1.703173070298557,45.90045059336574],[1.702986043909482,45.89984683829232],[1.701830746316664,45.89949765288655],[1.701573017613964,45.899541525936534],[1.701221233201001,45.899854502544294],[1.701754548972267,45.90048745388833],[1.701346337894041,45.90237405712611],[1.699690522731442,45.906233978593974],[1.697819768003148,45.90640338536718],[1.695560354589331,45.906750203743115],[1.695173388318368,45.90674754125166],[1.693182923892576,45.90619679900887],[1.692798699078754,45.90596990662759],[1.692153971973774,45.90601108627628],[1.690940673565001,45.90505950783214],[1.690747196470881,45.90505816884966],[1.689518402407334,45.9054113887813],[1.687262831004062,45.90548790093086],[1.686292848514425,45.90575222696784],[1.685984845361311,45.90584681618817],[1.685460807832966,45.906615257529516],[1.685237384471182,45.90673334324598],[1.684931388314805,45.90641907264984],[1.684112685321122,45.904884804446056],[1.683209120271124,45.905014784159796],[1.683327804767689,45.9058249207651],[1.682703619059545,45.905977962373136],[1.681263966559086,45.90424910986241],[1.680935257443154,45.90407686088039],[1.681095900288445,45.90383286561974],[1.680969065945861,45.90374222519865],[1.680653952380776,45.90310991795497],[1.679714725180069,45.9038140480737],[1.679300550849787,45.90376328060853],[1.678929706792523,45.90351938476293],[1.677915289670057,45.903592188758275],[1.677092985688708,45.90452912347615],[1.677671272072501,45.90462234576979],[1.678190901079151,45.904310501696536],[1.678511417043328,45.90444753887306],[1.67882003518186,45.90561924701201],[1.679850668299069,45.90562497757326],[1.679829295686541,45.90737913295921],[1.680534882725546,45.90765304910564],[1.681366669657532,45.908152686110434],[1.681688292626892,45.90824469593435],[1.68175343205896,45.908110362445164],[1.6819479962002,45.90806669845164],[1.682778726298594,45.908611343435176],[1.682075620892872,45.90920386508814],[1.681680528442965,45.909324446631786],[1.680959873972648,45.90930163473774],[1.679837948738591,45.908903080504174],[1.678935401905753,45.908825896551335],[1.678661119057315,45.90869660595809],[1.677383742279453,45.90880956369227],[1.676635333866983,45.90854593428541],[1.675847812204811,45.90840702801458],[1.675777377249474,45.90849266283306],[1.674846209493924,45.90880147676622],[1.673834585839221,45.90902197972428],[1.671560598237846,45.90889172279433],[1.671137795242243,45.908929985849106],[1.671007652802019,45.90903022681898],[1.670842998403413,45.909438074208474],[1.670474400904701,45.90958234439816],[1.670056053646701,45.90948916527718],[1.669799468381882,45.90932223502561],[1.669952026662308,45.908079371696786],[1.669751023217529,45.907801417930905],[1.66944759330517,45.90695666918554],[1.669233597623289,45.90673620129306],[1.668939436588482,45.90663006898066],[1.668561239626581,45.906638226073404],[1.666296787387936,45.907344651285015],[1.666485650193836,45.90775035646383],[1.665956649452163,45.908871695840034],[1.664407994114434,45.90899751858578],[1.664087685392377,45.908905474863516],[1.663192427109997,45.90831579736589],[1.662289476667297,45.90830962456682],[1.661319521187707,45.90861876986136],[1.66093252161517,45.90861689059104],[1.66016848891648,45.90793777941239],[1.656494932497007,45.90795994756058],[1.656041638257175,45.90813738860859],[1.65571514422142,45.90840549672234],[1.655574000012928,45.90948456690939],[1.655379409985686,45.909528185535635],[1.654416134159521,45.90929697770179],[1.654429400739232,45.90817225687735],[1.65295708131954,45.907444139166735],[1.652957802469183,45.90730905420119],[1.654028505962135,45.907048912390245],[1.652482421438356,45.90633161830678],[1.651872445228628,45.90621627422793],[1.651727695184301,45.906068647649526],[1.651298219262006,45.90606352694924],[1.651057625369596,45.90598410455751],[1.650378540357643,45.90542482094634],[1.650348028424458,45.90530107132015],[1.650460805193604,45.905173627841705],[1.650369611397013,45.904841109924135],[1.650483973524846,45.90433272133671],[1.650680200827332,45.90401083799008],[1.653160831384246,45.90274891276649],[1.6537802700558,45.90263380334254],[1.654335106851645,45.90241705206213],[1.654957722698195,45.90201287400161],[1.654648724113938,45.90093115238202],[1.654458155544065,45.90070553053015],[1.653624927933319,45.90038489840174],[1.65356133626491,45.90029497955341],[1.654635724158498,45.89987816908123],[1.655379163720654,45.89922595383414],[1.655447267573191,45.89886651434286],[1.654932649243015,45.89886399690609],[1.65473537327841,45.89917776901429],[1.653318862306212,45.89907895240381],[1.652354677156843,45.89889274511914],[1.652163024330772,45.89871213747659],[1.652166860511448,45.898396964880966],[1.652893511417674,45.897006955027045],[1.651781203478657,45.8959696894735],[1.650271418956889,45.89647043779745],[1.649661499376665,45.89651539223961],[1.649245949479302,45.896629311563935],[1.648462230612029,45.897028830655785],[1.64649639186369,45.89771410947513],[1.646147573017473,45.89768381569162],[1.645906881791843,45.897032483798796],[1.644929682562679,45.896433570325115],[1.644729833706758,45.8964302746446],[1.644356102233906,45.896626634209206],[1.644154000725112,45.89655756486538],[1.643492623839599,45.89654422908141],[1.643043451211649,45.89645147917657],[1.642724902179758,45.89613513901878],[1.64207545302651,45.896580356539886],[1.641816400990555,45.89662407791436],[1.641564573103623,45.896217572576525],[1.640916491890755,45.89665919749611],[1.641013114794467,45.89718722492549],[1.641320589494671,45.89753405817473],[1.640831689773403,45.89763986054316],[1.639145647035265,45.8976979371769],[1.638567429855662,45.89833852763782],[1.638260991483623,45.89789803407092],[1.6379157991034,45.89792990175938],[1.637600972150745,45.89819449591054],[1.637509530835239,45.89902377195924],[1.638546192527001,45.89982520620422],[1.639794692444276,45.89972765193916],[1.64025984068986,45.9002718202702],[1.640233829903625,45.9003849864068],[1.640011757815804,45.90049759611553],[1.639872833560701,45.90131819703608],[1.640150281390323,45.901523273849],[1.640243386176174,45.90182790436617],[1.640223892204592,45.90204291962133],[1.639981267108481,45.90209944340148],[1.639883592443415,45.902241468292296],[1.64023137491509,45.902471707634504],[1.640072862754276,45.90251753480938],[1.639779846832997,45.902368109439735],[1.639398294860655,45.90235631459022],[1.639452350195148,45.90251817702824],[1.639312293293121,45.9026524865519],[1.639361369752887,45.902963793097335],[1.639560466634407,45.903155319830425],[1.638972056860368,45.903631876413826],[1.639105448751099,45.90381991130935],[1.638989447225655,45.90407699513901],[1.637809916149717,45.90388537067929],[1.637091032999492,45.90337686173396],[1.636570287646217,45.90262936898213],[1.636107608969286,45.902403136361144],[1.635486830200603,45.90241456112331],[1.63599003593478,45.90319246883607],[1.63600639004186,45.90341782282764],[1.635902385552812,45.90360660069487],[1.635719360218438,45.90370436254625],[1.633659100149888,45.90355070045684],[1.632234663323793,45.90309217444807],[1.632074938989544,45.90297856474307],[1.631380449187601,45.902944944676854],[1.631341162022141,45.90359202068289],[1.630796465829462,45.90370791282787],[1.629591593650451,45.9026170684292],[1.629614720946971,45.90246514250596],[1.627822264166824,45.9024902407279],[1.627783042528376,45.9028220967812],[1.627953569633037,45.90358970006436],[1.629012246236013,45.9043338492404],[1.629560939743817,45.90457646405407],[1.630005186821952,45.90445395718829],[1.631157993510319,45.904838074149104],[1.631254096029622,45.90517607212453],[1.631916626074562,45.90603067858864],[1.632013367361255,45.90629122957774],[1.633075479165213,45.90601677119892],[1.633336000099206,45.90534354833341],[1.633954210826349,45.90507272326209],[1.634184154805986,45.90506018977313],[1.634584749646562,45.905189313453874],[1.635326169788425,45.90551708421925],[1.635210850503222,45.90590206172214],[1.634948151229449,45.90588268004497],[1.63467752464403,45.90571459855798],[1.633902170966119,45.905923187586836],[1.63357883713818,45.90658034217804],[1.633620852719701,45.90670693763407],[1.633894488978107,45.9068057096721],[1.63400124646811,45.90707898859973],[1.633838140997605,45.90730938040977],[1.633403088422494,45.907632853545344],[1.633733133736184,45.90785028969451],[1.633466973064878,45.9081262686962],[1.633022291353809,45.90836946827456],[1.633380769301509,45.90848097500434],[1.632322012085162,45.90934628918421],[1.632091727162831,45.90926785157773],[1.631719357061007,45.90961189043898],[1.631515978696274,45.90954098218343],[1.631271732404741,45.90976498497789],[1.630929473579342,45.909727519435066],[1.630321341681904,45.91010922811272],[1.629890974436474,45.90993109506966],[1.629543495486566,45.910259217195446],[1.629118089435128,45.91097096216796],[1.628585433005472,45.911222084812145],[1.62770305803295,45.910750260892165],[1.627015931138588,45.910572603900576],[1.626761321204471,45.91069379974181],[1.626629063248292,45.910927258060894],[1.628581953987135,45.9118804020739],[1.627748105424145,45.91246470380665],[1.627265988450764,45.91234357330128],[1.627112586002907,45.91254525358794],[1.626216130690878,45.91263794164241],[1.626160684933348,45.91294708459469],[1.625829143119619,45.912944858516994],[1.625484665011397,45.9130991837388],[1.625397005499089,45.913251225443176],[1.625466656273695,45.913355644205275],[1.625905355279085,45.91371762347664],[1.626304759320514,45.913896296091075],[1.626192290404797,45.914008409428405],[1.626716356839643,45.91456956056932],[1.626070496744468,45.91511560447935],[1.62585282641423,45.915048115120214],[1.624760435725843,45.91611379328551],[1.625923731222492,45.91675837042973],[1.627026637747706,45.917238287895614],[1.627699075096684,45.91743918196708],[1.628068456826474,45.91742564984754],[1.628112726451346,45.9177206923065],[1.627642249842013,45.918322009385804],[1.626559760221945,45.918730366285665],[1.625792461435265,45.91886604917519],[1.625233737045156,45.91938252611315],[1.624824148605698,45.919403666054414],[1.624708799433684,45.91994084012525],[1.625111771596838,45.91997816104269],[1.62533107475573,45.92008439850154],[1.625456329853555,45.92059837848737],[1.626031835868822,45.92075487405964],[1.626477390463082,45.9202748455301],[1.626984578705066,45.91996217975066],[1.627351645933873,45.92014585938183],[1.627860484155389,45.92023308891705],[1.627883818903677,45.920332441103724],[1.630125836301957,45.92202397325951],[1.629506861705025,45.922420858690685],[1.630044742871008,45.92284616554114],[1.629448605495146,45.923621591243595],[1.6300681731985,45.92392810383303],[1.631529250754383,45.9228803434636],[1.632115753466014,45.92275144157319],[1.632406668616317,45.922781076866336],[1.6329067768125,45.92306541525448],[1.632459000116237,45.9234283602283],[1.633178531694995,45.92386755554516],[1.634031543347854,45.92319157972822],[1.63447863709439,45.92374095600509],[1.634432642863939,45.92481574999499],[1.634676507001358,45.92507807387776],[1.636016578243908,45.92469345867696],[1.636499949093778,45.92445611591961],[1.636691953196321,45.92519784452007],[1.639650128244593,45.92461292032468],[1.639237132650591,45.925397803134985],[1.637321900257003,45.92550444176135],[1.637074732279593,45.92589683971682],[1.637415908253774,45.926295423732256],[1.638867147398619,45.92658308022121],[1.639152526601761,45.926785551571115],[1.639124666968159,45.92854053754511],[1.639542593622695,45.92855006663911],[1.640125132547847,45.92837424249888],[1.64007918112856,45.92688945801844],[1.640595171209623,45.926847025077635],[1.640728274464061,45.92657843639801],[1.641501212131139,45.926583216731764],[1.642402444365799,45.92672372454786],[1.643749238040055,45.92727124609345],[1.644584664137533,45.927411848103404],[1.644905230869748,45.92754898052024],[1.645741792774115,45.92764365561879],[1.646004838836912,45.927285653149994],[1.64639381248438,45.927107480530424],[1.646715303160248,45.92715455633812],[1.647676307297874,45.92770011734252],[1.64900664701852,45.928237471867774],[1.649380462272119,45.92825634478265],[1.649796230441886,45.92793257920774],[1.650510410395775,45.927807807285944],[1.651342417551799,45.928352698551386],[1.65210479967129,45.92921197247587],[1.652674720479132,45.93002571943341],[1.653535250093309,45.9317822724323],[1.653738704057777,45.93254121716767],[1.653557702908007,45.932711983268746],[1.655416090552222,45.9337797052112],[1.656491062791851,45.93415902722944],[1.65755395931343,45.934769655692016],[1.657949060046338,45.93508235530718],[1.659611662133427,45.93789038884971],[1.661701689921646,45.93868065404496],[1.662231055510598,45.939260609328144],[1.662934300497507,45.939803889761926],[1.6649966304351,45.94067662261865],[1.666393432580381,45.9418476877469],[1.666906533423934,45.94214283228454],[1.668126201244616,45.9430614158949],[1.668439378896756,45.94308311345116],[1.668625154492979,45.94340862191061],[1.669097628694881,45.94346281254829],[1.67088107657338,45.94450687591893],[1.668378888718126,45.945211469375444],[1.672787819388103,45.94611614439546],[1.673003240514199,45.946070036842606],[1.67284580307749,45.94563859512151],[1.673019259932607,45.94556587749885],[1.673440629724056,45.94559873629634],[1.674084791719442,45.94549370709552],[1.674546612338485,45.94459669556231],[1.674484018847295,45.94446177016822],[1.674226749156774,45.944369595425876],[1.674752419848738,45.94360842407106],[1.675139665711809,45.94361025605907],[1.677304302412743,45.944214673148174],[1.677498950157004,45.94438806544615],[1.677769434240391,45.94446777840127],[1.677844627247302,45.94472353202171],[1.67799028359509,45.94484051272658],[1.67850549982158,45.94488975937888],[1.679372704267897,45.94533488054995],[1.679776296044008,45.9452477260156],[1.680175718829255,45.9453883779386],[1.680600021321427,45.94535279724423],[1.681015119273431,45.94527027553978],[1.681508263009416,45.945055370046155],[1.682296652982336,45.944964583133334],[1.682707254493684,45.9446919725199],[1.683124238607209,45.944530210743906],[1.683636469913289,45.9441642144335],[1.684133163921189,45.943637725266],[1.68484057176686,45.94244992761072],[1.683798431664577,45.94208657140687],[1.68335032854303,45.941768844637224],[1.683228766618994,45.94118382985595],[1.684302338236795,45.9376361739039],[1.684571233228411,45.93578132549646],[1.68389939710741,45.93559158892128],[1.683946498731725,45.935024747476454],[1.682888588536947,45.934733247224614],[1.68235975203433,45.932990698727835],[1.681912786706016,45.93262884826416],[1.680632618850719,45.93181147768148],[1.6797333636562,45.93158123768605],[1.678702903380939,45.93144042091275],[1.677553813767205,45.9304885517326],[1.677431467216331,45.929993582458074],[1.678658069196067,45.929865615595304],[1.678915747146676,45.92977676135566],[1.678604384312005,45.92887520851374],[1.679382330263581,45.92856457160677],[1.679703857596024,45.92861155368304],[1.680468608232916,45.92933646673207],[1.680663269902875,45.92929190457621],[1.681571751901826,45.92875762014818],[1.68182984637835,45.92875882606676],[1.682021466039918,45.92889525043198],[1.682150300138235,45.92885081955618],[1.682476572943459,45.92853760172814],[1.683373205943221,45.92903797524124],[1.684277379747711,45.9289530275877],[1.68485870551426,45.92882199156848],[1.685245847793071,45.92882378897991],[1.686270485773737,45.929369756776644],[1.687090685462308,45.930858991165564],[1.687348789902104,45.93086018449613],[1.688191864679449,45.93041515025917],[1.688511704407037,45.930642210927545],[1.68903865053415,45.93073567724926],[1.689289769384063,45.93032520332807],[1.69068754850681,45.929456080415946],[1.691452955855502,45.92717106492425],[1.691244860074106,45.926803908335025],[1.691362946459445,45.925744348066964],[1.691192628032682,45.92547129237848],[1.690859419884437,45.92374365725438],[1.690955679747027,45.92300536493267],[1.690857546156747,45.92284482028503],[1.690665739568262,45.922770551275214],[1.689414270987379,45.92264978784452],[1.689019261932399,45.922438069304334],[1.688730500916442,45.92177457056939],[1.689037901107667,45.92073251696465],[1.694724479810069,45.91758667535667],[1.695314728454408,45.916691067568465],[1.695965295637844,45.91624465882425],[1.696224171962914,45.916155780048605],[1.697253918403017,45.91620727090262],[1.698670360182195,45.916439722098396],[1.698928170216201,45.916395855656525],[1.69899788838705,45.915902219901675],[1.699388507706881,45.915588794748196],[1.699777204895777,45.91541133903886],[1.699523801410899,45.91504998133359],[1.699012372284556,45.91468745692291],[1.699660989173774,45.91437609734033],[1.700566334892953,45.91406588240128],[1.701791446968,45.91398358370169],[1.701766665593033,45.91065372782155],[1.700862818942129,45.91073881521383],[1.700421140051219,45.90988175988749],[1.700745531449917,45.9097485932055],[1.702036119460157,45.90962111373529],[1.703083687590735,45.9081426139559],[1.703341686004137,45.908143770808366],[1.705133053758637,45.90932338339616],[1.706413652755253,45.910005391407324],[1.707312667343504,45.91023541934771],[1.710341612114596,45.910251983750356],[1.714010214393088,45.910722445077795],[1.713738284894768,45.91198111069748],[1.715279739243367,45.91243902825012],[1.717079783264375,45.91276386535623],[1.717661123615121,45.912676793788016],[1.720117592700443,45.91201564819222],[1.719355749172043,45.91093169551853],[1.718609254922459,45.90863388731542],[1.718859304167455,45.90792253523176],[1.719101667901483,45.907541619922355],[1.719362195959363,45.907267181915884],[1.719492901398042,45.907249748968425],[1.719829784589303,45.90635385217123],[1.719740812945986,45.90618533142453],[1.719919141472023,45.90539481225696],[1.720055833968218,45.903952679964455],[1.719586661881701,45.901936304783206],[1.718574403050644,45.90031094423863],[1.716920542057293,45.89832255451627],[1.716411008818638,45.89782503814283],[1.715002404660485,45.89705252650961],[1.714167019846268,45.89686741117283],[1.713462454406306,45.89654868622616],[1.713145363939999,45.896097473929814],[1.712378520830855,45.895463719619556]]]]}},{"type":"Feature","properties":{"fid":2857,"ID":"COMMUNE_0000000009751321","NOM":"Saint-Martin-Sainte-Catherine","NOM_M":"SAINT-MARTIN-SAINTE-CATHERINE","INSEE_COM":"23217","STATUT":"Commune simple","POPULATION":330,"INSEE_CAN":"05","INSEE_ARR":"2","INSEE_DEP":"23","INSEE_REG":"75","SIREN_EPCI":"200067189"},"geometry":{"type":"MultiPolygon","coordinates":[[[[1.547221957572595,45.91690438992284],[1.546197631719679,45.917727028823414],[1.545536129289897,45.91863808444925],[1.54494036699761,45.91876912232802],[1.5446156477045,45.91894687553361],[1.544206277737152,45.919446870328095],[1.54371387215311,45.919817002467255],[1.543645127637149,45.920123237735176],[1.54337532928592,45.92041967918732],[1.542491045719254,45.92072441637906],[1.542074868650904,45.9210414849946],[1.541525230789573,45.92123254240923],[1.541208669878049,45.92163735424817],[1.540453591237964,45.92125294600283],[1.540292383865542,45.92124906473424],[1.539752437767596,45.92146365551233],[1.539374987369212,45.92173077812231],[1.539167470722866,45.92235404821543],[1.538932589610555,45.92269506210128],[1.53862252202829,45.922999979105825],[1.538285931363196,45.92313703226581],[1.538280653962335,45.923481911902066],[1.537951513674396,45.923921677813574],[1.537437193474526,45.92385018334566],[1.536941817991656,45.92389151243937],[1.536089384878117,45.92420832108865],[1.535824820738578,45.924742584014176],[1.535813286941293,45.92522518185016],[1.535233058305648,45.925787781120924],[1.535048490772421,45.926807626597224],[1.534692998403042,45.92726595601649],[1.534118359415615,45.92771424010369],[1.534025931178211,45.92788956954369],[1.53414937345464,45.92839192918112],[1.533638908678274,45.92865911154241],[1.53373819606234,45.928808104568965],[1.533715101179083,45.92899694135997],[1.533355948566421,45.92949484799065],[1.532936409690195,45.929739789105184],[1.532516546050155,45.93033597733641],[1.532027768625695,45.93066017489375],[1.531402945142665,45.931294229079775],[1.530549318133389,45.93194061983159],[1.530089217235839,45.93205983383296],[1.529883467496032,45.932031041962794],[1.528896194959918,45.93149403257368],[1.527145876405003,45.93115963748535],[1.525269498391083,45.93162965369528],[1.524874239135304,45.93164071306487],[1.52451212839962,45.93152250972588],[1.523898598925423,45.93105697719361],[1.523135066677477,45.93089120120928],[1.521078250374796,45.93101384370232],[1.520575698053264,45.93083885213552],[1.520349757652687,45.93084130158823],[1.51969583852625,45.930967845890926],[1.51941574652197,45.93106415337228],[1.5193693689361,45.9312049487137],[1.518867944562981,45.9313722117328],[1.518642050316805,45.931372857107135],[1.518225279145919,45.93127193083877],[1.517713924699752,45.930944601106646],[1.517676788911936,45.9305018947355],[1.516805489742857,45.93036078269016],[1.516175535349329,45.93060380490465],[1.515776686522571,45.93093992067465],[1.515495594988502,45.93083355874561],[1.514722981337843,45.930909881893506],[1.513968826225565,45.93073245828734],[1.513758490463366,45.93073059626151],[1.513272074845479,45.930915144193634],[1.512888786460051,45.93124785189593],[1.512867709162883,45.93135925578192],[1.513368127569769,45.93204312240002],[1.513194879865027,45.932340763278674],[1.51293913929322,45.93244277886312],[1.511778149917933,45.93270401513413],[1.510329021748453,45.93245077629169],[1.509864443037517,45.93244736091104],[1.509650521102723,45.93253010550508],[1.509333590593917,45.93279432530459],[1.509461934961102,45.933059907457],[1.511545832645223,45.934232069050445],[1.511649379177881,45.934364926384134],[1.51167139728476,45.93474439080242],[1.511961756985432,45.93498598185053],[1.511287448392684,45.935577847849615],[1.511018838483904,45.936012030944646],[1.510440434026123,45.93644573851157],[1.509172045940076,45.93695141387386],[1.508372894966913,45.93776588113204],[1.508267545249262,45.938367029602354],[1.508948260831808,45.940307001680594],[1.510134430001504,45.93998037598343],[1.510972796969178,45.93995988743281],[1.511912506485971,45.940106445442886],[1.513695290551556,45.94063243831943],[1.514794720087832,45.94074504367175],[1.515672534829914,45.94065028377652],[1.517589106601626,45.940140418804724],[1.517955093107188,45.94016412610988],[1.518218170289104,45.94027024536865],[1.518652673997406,45.94077039139897],[1.519080160168312,45.942108049408375],[1.519308363174365,45.94240734961176],[1.520054049739254,45.94271431831103],[1.521786827973886,45.943089119027796],[1.522031240849707,45.94326613674848],[1.522158321701174,45.943485753702994],[1.522136045361435,45.9444122321822],[1.521713241120251,45.94496511368334],[1.521346171652824,45.94517287204296],[1.520513531533514,45.94536193499269],[1.520047963966516,45.94534323885834],[1.51893229291892,45.945110686728704],[1.517801305654552,45.944632045051],[1.517457392851738,45.94455458770376],[1.517037251631269,45.944575202157516],[1.516289280154922,45.94483199173848],[1.515700833892052,45.945444824935045],[1.515376848929375,45.9460169926997],[1.515326774274839,45.94672514892146],[1.515397110188026,45.94708543168182],[1.51567070368406,45.947616802123655],[1.516227529579995,45.948034800513675],[1.516803391924177,45.948321550377145],[1.518072933882612,45.94859576617567],[1.518334276458794,45.948719874947244],[1.518725136314784,45.94906903971291],[1.51898964588537,45.94979572399949],[1.518894444588887,45.950695129456136],[1.518954747626581,45.9511894753691],[1.519088191353547,45.95141278154726],[1.519533770611712,45.95174464608789],[1.521302780106581,45.95275218117854],[1.521881883842688,45.95292096133498],[1.52275935732196,45.95299005801149],[1.523761967977022,45.95287074276535],[1.524758648284314,45.95244241848222],[1.525625268428832,45.951855678533335],[1.526302822871343,45.95104761289866],[1.526803513499289,45.950672255318636],[1.527224910837168,45.95055795286291],[1.527870287637605,45.95061408295346],[1.528587231770126,45.950939533163194],[1.529879539132562,45.95196144946773],[1.530523629272168,45.9523084570003],[1.531506720787648,45.9526778722665],[1.532805923409881,45.953056780556416],[1.534336990868787,45.95297214058861],[1.534736127126222,45.95301513526546],[1.535114359678257,45.953310039365235],[1.535626509870346,45.954056097857155],[1.536515266052203,45.954576457769036],[1.538910439239705,45.95501899469182],[1.541397949898381,45.95514564275955],[1.54188627749709,45.955283428403376],[1.542279212166319,45.955512750072096],[1.542582637056572,45.95585530000079],[1.542888986196261,45.95677069760495],[1.542858840134672,45.95781235706129],[1.542416186116818,45.959899760025216],[1.542523515095136,45.96062616200212],[1.542858624502463,45.96099253550293],[1.543398851737887,45.96126968137404],[1.544140908422168,45.961337768498446],[1.544885946325027,45.961146503116595],[1.545578810278725,45.96058349668649],[1.54588745535377,45.96048568858349],[1.547421654338649,45.96028922949398],[1.54817114900723,45.96041772895775],[1.549697123322279,45.96126858336732],[1.551573276404132,45.96167177392227],[1.551676720793102,45.96156862262304],[1.552323121848879,45.96193534663077],[1.553610453046668,45.96292719811088],[1.553828459877694,45.96323169875633],[1.554183955031947,45.96415309445084],[1.554546574046313,45.96455761041326],[1.554736578591284,45.96465010041842],[1.556426647837711,45.96452125483806],[1.557449915401687,45.96455501219657],[1.559019110785095,45.96440567436468],[1.559285125034428,45.96430818781812],[1.560959837912897,45.963184770395195],[1.562125130836171,45.96297171375424],[1.564364003166182,45.96299112007084],[1.566152391193053,45.96339835782226],[1.566630879089448,45.96357193603039],[1.567182636374636,45.963858118953056],[1.567319471578485,45.96400935700149],[1.567705331341899,45.96481490887306],[1.56793902251216,45.96605894800926],[1.567925302597395,45.96663608520954],[1.567793114797747,45.96700097396643],[1.568801359012315,45.96845925143176],[1.57029372921112,45.97142049730461],[1.570863224947465,45.973813482231485],[1.571750650312224,45.9746091361821],[1.572795116434541,45.97487898734969],[1.574316441400027,45.975689813220455],[1.574505842958611,45.97555890299117],[1.575424969648454,45.97538223589901],[1.576003946630041,45.97537150528315],[1.576370579401047,45.97523021161817],[1.576906461476702,45.974238138912995],[1.577642415285356,45.97380066873022],[1.578748261632057,45.97269415956022],[1.579189619616829,45.972459227933086],[1.579517224148761,45.97212740001475],[1.579805004706971,45.97203734341605],[1.580119537273951,45.97166121860524],[1.580664629060886,45.97136003428236],[1.580896167920371,45.97084597009822],[1.58315370456652,45.96934946160263],[1.583475254795944,45.96935168352674],[1.583989770625313,45.96953464412798],[1.584182180324242,45.969536149579085],[1.584767509953105,45.969225542168594],[1.58496120977102,45.96922706243454],[1.585337007116458,45.97008376104801],[1.585609943908808,45.96996738601517],[1.58653921111568,45.96893785382653],[1.587344498793923,45.968258916636806],[1.588653223887219,45.966531605136915],[1.589567146557024,45.9668528127205],[1.589704513397334,45.96678427421404],[1.589850416034665,45.96552520070002],[1.590177292546003,45.9651672157208],[1.590568996020632,45.96490010050195],[1.590287632229294,45.96459038120159],[1.589945109334409,45.9636431496301],[1.590849183594342,45.9632374113937],[1.592790928774611,45.9627554058043],[1.592351665918861,45.96185291181173],[1.592172682617803,45.960771724504106],[1.593437903514046,45.960229057113],[1.593358805571768,45.95978676288554],[1.593051980948425,45.95951366001201],[1.592574439111876,45.959402349687856],[1.590765365044541,45.95995264879786],[1.590507126540516,45.959951235173385],[1.590386925438602,45.95929947920447],[1.590539717668755,45.959232933271736],[1.590669528085501,45.95935793653537],[1.591061607769605,45.959377227100696],[1.591353318422292,45.95948352977476],[1.591573422270767,45.95936017929943],[1.591699658906325,45.95937255739374],[1.592222933458045,45.95703831319125],[1.592231416968981,45.956453906023675],[1.590832591131224,45.95500449007319],[1.590773230358508,45.95459936545712],[1.59087462698419,45.954370965516446],[1.591254936487835,45.95429374127365],[1.591958964082245,45.95347391576077],[1.592124658267754,45.95310401410481],[1.592202936847232,45.952516872458254],[1.592363883828646,45.952282006841344],[1.592802944728072,45.9520271823292],[1.593655912048308,45.951945918355],[1.59407321116598,45.95208799889708],[1.594366574797739,45.952532953674876],[1.594771629957585,45.95254788993268],[1.595078360352995,45.95236796781055],[1.59527935475301,45.95213179399102],[1.595347773628074,45.951727357195054],[1.595224207882125,45.95125659275679],[1.59536009062512,45.95109256219838],[1.595797031858745,45.95107186519781],[1.596893930080842,45.95134845310955],[1.597186055172037,45.951335862481805],[1.597398971701675,45.95123943121068],[1.597642954913282,45.95078493180821],[1.597918956129241,45.95054337834053],[1.598617469401424,45.950340379613756],[1.599478137861412,45.9502087320199],[1.600727936943304,45.9502097792358],[1.602382501309398,45.95044006913309],[1.602717000474709,45.95150514548999],[1.603037160763017,45.952016154017464],[1.603249455615116,45.95214756447582],[1.603584590244373,45.95211927661185],[1.604403845111544,45.95132961806766],[1.604523848985461,45.95092491194861],[1.604511961224119,45.94971251284044],[1.604088161686165,45.94860401099296],[1.60487517011601,45.94699527635854],[1.605210716602499,45.9459807957294],[1.605133408005982,45.94434339230158],[1.605006126972852,45.9437618156725],[1.605159085932713,45.94343136726011],[1.605064754910131,45.9428231777734],[1.605179126191414,45.942385078380696],[1.605040580858432,45.942146504196394],[1.605123444550568,45.94178006716603],[1.60545529394106,45.94152207258838],[1.605518943663645,45.941353537852265],[1.605455929954794,45.940579117440414],[1.60511458665161,45.9401417060293],[1.604947565578099,45.93965150396653],[1.604976148303191,45.9393384359186],[1.605232657260951,45.9390984266949],[1.605255237670877,45.938920379610444],[1.60495267011846,45.938583415767035],[1.603845281011904,45.93862739941378],[1.603621308555317,45.93850034851713],[1.603114304562362,45.93726652751955],[1.602597091643136,45.936843148322396],[1.602571705762672,45.936368200817135],[1.601617809695515,45.93545218043691],[1.601321806254491,45.93501081394435],[1.600617331953551,45.93454188000516],[1.600501467485209,45.93437743227253],[1.600603537643403,45.93422108363571],[1.602346170591352,45.93330145905741],[1.603633049807009,45.93319936407237],[1.604778491640439,45.933432347498446],[1.605160770906301,45.9333217794174],[1.604150595282342,45.932589716351735],[1.603367697487429,45.931650601850386],[1.603135727856575,45.93158559464309],[1.587751938202328,45.931881876037025],[1.587800397122321,45.931250233817174],[1.587480705106191,45.93027805869581],[1.5871125598316,45.92993752461685],[1.587258069268831,45.92974930715091],[1.587168057053266,45.92963560360474],[1.58522994019942,45.92986896830581],[1.583905902506388,45.93051437351768],[1.5833950126516,45.93060614783949],[1.58176025392362,45.930785610523124],[1.580733194368374,45.930772732295544],[1.580836013092984,45.931390959135676],[1.579147942863788,45.93138418426618],[1.578730532305685,45.92960288250075],[1.578243265024178,45.92912932915941],[1.578133498042829,45.92883163963338],[1.57812271466973,45.92819925569919],[1.577834198937836,45.92722654213162],[1.577810054212009,45.92681194476778],[1.578104599311966,45.92590059788585],[1.577861977752162,45.92570030850005],[1.577661782566558,45.92565636247991],[1.577933546864228,45.92512750118285],[1.577800497370545,45.924832220479104],[1.577846613720606,45.92444552549403],[1.578207627009476,45.92355843065373],[1.578193420661183,45.92330877518306],[1.577519314300381,45.923226448869954],[1.576815463332803,45.922497085516255],[1.576888698456991,45.92220980230701],[1.575922747060591,45.921336636002394],[1.577141177299296,45.92057831836077],[1.576948839492779,45.91993104154398],[1.577384308717076,45.91975819214484],[1.576837056745299,45.919212726679525],[1.578240723925988,45.918674682784825],[1.578685668863929,45.91928460261084],[1.579313012875165,45.91912676545587],[1.579972830661036,45.91911073273415],[1.580155884156917,45.91866721445927],[1.580883290228349,45.91778020705468],[1.579273482442909,45.91725654347409],[1.57910815183036,45.917412979272086],[1.577687021293749,45.91752931487452],[1.577285680074148,45.91733063056644],[1.576568250189829,45.9175296527858],[1.576029205166271,45.91716711606053],[1.576430901933731,45.91665250322306],[1.575264412984047,45.91625324427436],[1.574711546814996,45.91687492582144],[1.574121321557654,45.91664593018491],[1.574723581942232,45.91601046361366],[1.573162131793515,45.91536753590509],[1.572208372384478,45.91637142308679],[1.572086378727176,45.91644823887881],[1.571730372787918,45.91639330854605],[1.571234502711624,45.915661130475655],[1.571181036956496,45.91533442340803],[1.570759232655536,45.91468243493372],[1.570938808591476,45.914275813143796],[1.570762181906584,45.91422044376029],[1.569957045352974,45.9140706684038],[1.569659419244945,45.91415336673952],[1.570016523129789,45.914563169988924],[1.569116105416839,45.91480306211191],[1.569594834728761,45.91519999490843],[1.570393699584977,45.91489577066733],[1.570594263380485,45.915073029529154],[1.570600916239343,45.915214514121175],[1.569707949640642,45.91571388966541],[1.56740467356346,45.91442384538975],[1.567540630880103,45.91405810572909],[1.567283310209778,45.914029628798374],[1.566613868563757,45.91416975330466],[1.566466357121396,45.91428496727379],[1.565711586876036,45.91428260439522],[1.564927245554522,45.91457347042453],[1.564376696352365,45.91460701317898],[1.562929966601787,45.914964209995496],[1.562391125700054,45.91534013584719],[1.561722684658755,45.915539686866474],[1.561696320938547,45.91605541958032],[1.561820172114678,45.91664961679639],[1.561585933298348,45.916824064963116],[1.561482562554006,45.91702719623067],[1.561741905243571,45.917176397968966],[1.561851027127017,45.91734620541648],[1.561822215611486,45.91756019193771],[1.561299562828447,45.918501021490215],[1.561182947054478,45.91891473437174],[1.560293738148649,45.91990673666417],[1.560118923520562,45.92057188779054],[1.559690222452567,45.9209771234539],[1.559307293396571,45.921704469915035],[1.558340003519315,45.92237303336151],[1.557224328063766,45.92180761683112],[1.55678517394317,45.92142824837206],[1.556868451354831,45.92135275607133],[1.556693365582856,45.921287477411184],[1.556577148313236,45.92109325698414],[1.555956464885933,45.92099347020529],[1.555507886479228,45.92067882262275],[1.555192337108902,45.92016322749074],[1.555124647124543,45.91974266307955],[1.555210609794089,45.91931865727111],[1.555757828998556,45.91872491576199],[1.555677700495599,45.91863112646097],[1.555312186623565,45.91864357129802],[1.555287632066591,45.91834964793929],[1.554996343820526,45.9181396800712],[1.5543505166497,45.9181143162585],[1.554248925184001,45.91805177414155],[1.553884011146931,45.917402248826015],[1.553351044539622,45.91764941573885],[1.553004153177868,45.91769001115835],[1.551681512319399,45.916903934531476],[1.551308328521996,45.91676676114364],[1.55076069650101,45.91673723027203],[1.550090454316869,45.91651248666121],[1.549774141543243,45.91676421489572],[1.549321474563345,45.916901613123294],[1.549030158807437,45.91723291665839],[1.548409455149555,45.91747893512771],[1.547221957572595,45.91690438992284]]]]}},{"type":"Feature","properties":{"fid":3008,"ID":"COMMUNE_0000000009751590","NOM":"Saint-Pardoux-Morterolles","NOM_M":"SAINT-PARDOUX-MORTEROLLES","INSEE_COM":"23227","STATUT":"Commune simple","POPULATION":211,"INSEE_CAN":"05","INSEE_ARR":"2","INSEE_DEP":"23","INSEE_REG":"75","SIREN_EPCI":"200067189"},"geometry":{"type":"MultiPolygon","coordinates":[[[[1.870125284199962,45.94490253216101],[1.87012822524643,45.944633286618014],[1.869809593837601,45.944181613969576],[1.86835072562353,45.94129687140726],[1.868744259149805,45.940488477902896],[1.868813987355494,45.93985876524926],[1.868676598085587,45.938943297926954],[1.869282486667693,45.9375354346082],[1.869331243281541,45.935788786668304],[1.869235281684342,45.93518173404272],[1.869313325802188,45.93389467717981],[1.869068683492452,45.93279712091129],[1.869275429738842,45.93121325666238],[1.869517117156797,45.93075637317224],[1.86962483045973,45.92978391683323],[1.870042206517574,45.92900367615324],[1.870310969579112,45.928106675490824],[1.870436651657901,45.92657153242065],[1.870346409614907,45.92530801140963],[1.870645480738788,45.92469409644962],[1.871282099266353,45.92259488218944],[1.871291865107906,45.92142512003584],[1.869684359936948,45.92096868476736],[1.868074084453567,45.9209624913086],[1.868065563281607,45.921817061471565],[1.867807881609871,45.92186041285616],[1.866457331891784,45.921584818731276],[1.865766304148117,45.919422791412046],[1.865509377204003,45.919241899200124],[1.863452260521953,45.918693507644356],[1.862615102755139,45.918555409538484],[1.859841699346219,45.91864096553055],[1.858478595069841,45.9191639689596],[1.856268442854515,45.92021064282825],[1.858250951245057,45.91651214513727],[1.859297468738126,45.91476205583647],[1.862550612435492,45.91023964934334],[1.860539134186783,45.90987267799065],[1.859518311627498,45.90957690368248],[1.8571433900636,45.90869647403363],[1.85472092040948,45.907500306726476],[1.854790412664831,45.90682556985159],[1.854306648748722,45.906825173464306],[1.854072289128476,45.90655622534696],[1.853980371207067,45.90557905718089],[1.852997216505912,45.90564834254473],[1.852812367661259,45.9046125931098],[1.850881862577217,45.904334526240625],[1.850622134920128,45.90460296400456],[1.850364501224385,45.9046471760523],[1.84792406742846,45.90364700560171],[1.846447205247585,45.90314563373201],[1.846382948542934,45.90301079058651],[1.847359088621976,45.9019796630434],[1.848396610973476,45.90121932904184],[1.848791072353934,45.900366885658386],[1.849892380256804,45.899699948336924],[1.850273017704523,45.89938501061123],[1.850672961215527,45.89882440734739],[1.852122780888871,45.89839064025117],[1.852621416263068,45.8981687524713],[1.853743046776821,45.89738851076478],[1.854393984523638,45.8971609543278],[1.854948881852285,45.8962785954221],[1.854783101279585,45.89457300554529],[1.855487865957224,45.89311758750866],[1.855089445479957,45.892553388887215],[1.854903905748617,45.8917995197759],[1.854885616929238,45.89137605858318],[1.855074146166266,45.89037111129993],[1.854990490139241,45.88992807588629],[1.854202327906432,45.89018486431336],[1.853745292938404,45.88989834812424],[1.852837116296588,45.889104725919324],[1.850070484991277,45.8857201308676],[1.852543899455969,45.88528506068897],[1.853393323019166,45.885055923405496],[1.854224754586776,45.88519583823193],[1.854494168927229,45.88557321251169],[1.855777760773457,45.885612327460514],[1.857167093470889,45.885589455650546],[1.857654304117676,45.88528998115801],[1.87031664580941,45.88515334073698],[1.870602100641173,45.88487881261015],[1.870934642228548,45.88488663697625],[1.871420352202517,45.8847194748988],[1.871722723768664,45.88475221214604],[1.872754393007438,45.88405644514055],[1.872956385135132,45.88306961759317],[1.869975430515977,45.88261118279908],[1.868442638987796,45.882528307553706],[1.865673338546588,45.88262843865268],[1.864995375847586,45.88273871035786],[1.864681541055367,45.88301293949362],[1.863647372163562,45.881197775819224],[1.863213645398299,45.88065756681499],[1.863303048342521,45.880261307515205],[1.862818646293766,45.879302715573594],[1.862367271870108,45.88018164877566],[1.862442227595723,45.880923585151244],[1.861961182628297,45.880490064771415],[1.861623983484483,45.88052179261432],[1.861583616793879,45.880603339444455],[1.861478740879269,45.88056175691869],[1.861042277650384,45.87946855195917],[1.861306179970779,45.87873993469524],[1.858971454806851,45.8775375256753],[1.857126379605619,45.877723320035486],[1.857229873082121,45.8780800980209],[1.855795478626782,45.87748741177892],[1.855780120550609,45.876860447889996],[1.853289463017603,45.873245469103026],[1.853435081938585,45.87281466445394],[1.853362692159207,45.87238975358718],[1.852167872458409,45.869586706512024],[1.856744737885674,45.87032114189293],[1.85696904261626,45.87162836034503],[1.857640593557059,45.87163514944493],[1.857557135595966,45.87018706354106],[1.857958480637261,45.870229844682484],[1.858091969914449,45.86938644341519],[1.858517803528009,45.868058777782814],[1.858830724430169,45.86745224086237],[1.859367843188329,45.86685066778365],[1.85939529373575,45.86645828929913],[1.858757483221896,45.86644374541998],[1.858771140218471,45.86615749692875],[1.858875786832991,45.86564792123036],[1.859317124442436,45.86506429377297],[1.859561868936347,45.86401307811054],[1.857325703366659,45.864369637675374],[1.855577909407103,45.864733801422105],[1.853498367413476,45.864994608302496],[1.853244474744184,45.864929891902065],[1.851536214455426,45.86407409892864],[1.848743300907983,45.86330990257766],[1.848699096595145,45.86443968991163],[1.848423361915312,45.86548336371277],[1.847813589444364,45.866472298599994],[1.846263243105349,45.86842246705954],[1.845847519590057,45.86931430803554],[1.845506619167442,45.870387930194426],[1.845002805409404,45.872837787338355],[1.842826998003606,45.87662502476261],[1.842200392884066,45.87631691127604],[1.837672505650582,45.87495648373968],[1.836462063316035,45.874456811471035],[1.834194398721173,45.87267729532532],[1.83311466176031,45.872889500345316],[1.832369125450851,45.873270856592555],[1.830486558957786,45.87315953387185],[1.828102070606922,45.871974875671455],[1.826687614088597,45.871557637401004],[1.826374497490557,45.87203440201368],[1.824986982575802,45.871563386568035],[1.824051694348746,45.87225612166091],[1.823680243682194,45.87335097899716],[1.823410578397942,45.873481459972034],[1.823229184367627,45.87376505940646],[1.823200984272449,45.874542877518785],[1.823366967162396,45.87474003392398],[1.823345192066709,45.87485418247174],[1.822407857910332,45.8750956867146],[1.82182794416549,45.874961759717856],[1.821701446854223,45.87539092440481],[1.821464166013774,45.87569465223346],[1.820974766032368,45.875970533621285],[1.820965778597593,45.87620999752657],[1.821577352793539,45.876250597267514],[1.821605904741923,45.87636256838982],[1.821622664008051,45.877328178317946],[1.82129263667222,45.87756699696798],[1.821298927126471,45.87781562612387],[1.82105465181363,45.877842798356646],[1.820573925001691,45.87825475819964],[1.820406494609392,45.878245806474744],[1.820075167399728,45.87848460812287],[1.819682348954877,45.87858407549974],[1.818942053471999,45.87847187473255],[1.819787834940559,45.8770892920641],[1.818699555346711,45.87679063543635],[1.818270335622066,45.87768674232301],[1.817869100629934,45.87679546286256],[1.817267729822505,45.8768801323207],[1.817051903143545,45.877023770072356],[1.817254738340173,45.87718529752238],[1.816859044707219,45.87765937180651],[1.81607679894745,45.878961545444554],[1.815255541505414,45.87985713749389],[1.815028916322358,45.880382510142475],[1.813420207619385,45.881616561310715],[1.809704750562701,45.88104074839242],[1.809347113516266,45.88076320147945],[1.807295208201637,45.8798265672029],[1.806359030787076,45.880126490918514],[1.805664964581494,45.88026145438015],[1.804089404695452,45.88043302230423],[1.802226021673627,45.88126976138685],[1.799531705854325,45.88117904158006],[1.799307678138412,45.880985735969674],[1.798032290029475,45.88181874379829],[1.79757840420092,45.881404145601984],[1.797249261426046,45.88183293077384],[1.797408713959942,45.88214893536341],[1.795909025372038,45.882975931265555],[1.795736018404676,45.882690400407775],[1.795429674698936,45.88242866536287],[1.794302431408885,45.88202578971593],[1.793041765358812,45.88247614536394],[1.792458511848901,45.88278872855295],[1.792136169836573,45.882787086284225],[1.792140874046478,45.882336837680484],[1.792402449871423,45.88193346253175],[1.792930969348934,45.88058640932547],[1.793073650911144,45.87919290714734],[1.793029602173089,45.87890784803786],[1.7926441011268,45.87819946411287],[1.792419891375545,45.877545036559916],[1.792410014060416,45.877230622481896],[1.792530266413942,45.87686176143737],[1.792830406464523,45.87646239996376],[1.7933370553509,45.87611207342583],[1.793205991335116,45.87585580520127],[1.791424568345642,45.874069800038114],[1.790343678912795,45.875265939748],[1.790021682262431,45.87530932457476],[1.78455972680098,45.87397818028381],[1.784045355326313,45.87397534997105],[1.783201233275412,45.874601188699636],[1.782932772275418,45.87572404750484],[1.782141730054879,45.87756445823142],[1.78136268701598,45.87810092524493],[1.781553696387593,45.878326332900514],[1.781281772614198,45.87972023156977],[1.78069399782653,45.88052713494792],[1.780559875565084,45.88111107808653],[1.780617156659858,45.88178624515076],[1.781504671501875,45.883229569099704],[1.781434017965146,45.88385922730408],[1.780843509094565,45.88484622244545],[1.780001176429936,45.885381998888974],[1.779615246522124,45.88598033507207],[1.780282899318711,45.88704574472589],[1.780518836392549,45.88780659485234],[1.780234104025709,45.88791069479629],[1.780035704658558,45.888134604799774],[1.780034536454737,45.88894513213559],[1.779719965674298,45.88981441890348],[1.778914120030361,45.890736939471076],[1.776387919494971,45.89269815574006],[1.776009266220402,45.893371309257326],[1.775933539360817,45.894342237696094],[1.776584089858044,45.89548223370828],[1.776904853755607,45.896953682596106],[1.776467851069214,45.89886002974686],[1.776411578170707,45.89976812699324],[1.776115290268018,45.899982866197824],[1.775819179781142,45.90042185617522],[1.779007776217665,45.90217377233741],[1.77957984466914,45.90261223526256],[1.781652185051718,45.90357570626409],[1.782281459429875,45.90352844755086],[1.782706979949653,45.90435437528299],[1.78301852649534,45.904558561823286],[1.783342936953689,45.904647609126336],[1.783277643190161,45.90503416450706],[1.783623883360877,45.90577097684537],[1.784299046424439,45.90627626758971],[1.785510908022109,45.907542020625414],[1.785895525144745,45.907768597915904],[1.786216030273538,45.9078602966041],[1.787956482159005,45.90791408432943],[1.78904931237565,45.90814373484546],[1.789818266149152,45.90855273129879],[1.790394040097917,45.90900558714064],[1.791877623513682,45.908596361147275],[1.792237814586519,45.90840838052796],[1.792450378145673,45.90812786236489],[1.79263432454541,45.907092337284055],[1.794154238568717,45.90672940047016],[1.794735766956329,45.90650684721111],[1.79513043717128,45.905743743266335],[1.795904078049183,45.90570244947347],[1.796461150214014,45.90541748595446],[1.79655233040181,45.90466825871816],[1.797159653978416,45.904503606030396],[1.797846396146905,45.90353646180523],[1.79867132457546,45.90321200658404],[1.800068897595226,45.903247557134414],[1.803056668456752,45.90282441674284],[1.803439626535524,45.90265375354808],[1.803986369538175,45.902247063980155],[1.805529825475937,45.90156181225935],[1.807058159399011,45.901215904824674],[1.807848261041861,45.90094685314454],[1.808250978555548,45.90069622928203],[1.80857829035636,45.901129261912466],[1.808691613217654,45.90274972570713],[1.809720578146953,45.90288934500321],[1.810299706887964,45.90307195524373],[1.810938787117252,45.9035253712313],[1.811001334191825,45.90379530663961],[1.810349586944104,45.90446660074076],[1.810156407757292,45.90451139949492],[1.8098990980373,45.904419533278],[1.809702347619622,45.90486866081086],[1.809053492068387,45.90522567050589],[1.80872187379576,45.90630379278533],[1.807562239556274,45.90629787675523],[1.807685682350188,45.90679360498361],[1.807939756692156,45.907154720046385],[1.80754883376122,45.90769275759458],[1.807023363073947,45.90872470230489],[1.806950360262422,45.90953446820361],[1.807208367146682,45.909535388147845],[1.807468645202935,45.90931208320178],[1.8079191720197,45.90935916034681],[1.808312049880603,45.908731082499415],[1.808504252686556,45.908732206791086],[1.808629675088453,45.909136994594775],[1.80868601652016,45.90999225284124],[1.808485339371326,45.91080067472218],[1.807518116872947,45.910841815722414],[1.806621313678818,45.91025237398818],[1.806427815754388,45.91025123288601],[1.805911448983314,45.91038447453901],[1.805776545762107,45.91101346726685],[1.806420270874469,45.91101665949606],[1.80635313665208,45.91137618928637],[1.807099658432505,45.91157769275604],[1.806954877317237,45.911888672405446],[1.806543338367321,45.91218512990228],[1.807051226898429,45.91250389470823],[1.80788457434407,45.91286751503908],[1.807947774612255,45.91304739955629],[1.807814841956068,45.91340713731086],[1.808007036075481,45.91358838124555],[1.808650810853302,45.913590660391584],[1.809229731254317,45.913728243032025],[1.809550289906662,45.913999994402076],[1.80979887478422,45.91485637431364],[1.8103800903252,45.91476882632007],[1.810571998719529,45.91490413241651],[1.81056972051842,45.91512925718053],[1.810372619151453,45.915533352827765],[1.811788861134462,45.91567522170109],[1.811967148328345,45.9173404925873],[1.811642329739484,45.91756403072649],[1.811191080368188,45.91760702103084],[1.810676635065385,45.917469226182],[1.810544681254571,45.917783947625736],[1.810028609595548,45.9177812219776],[1.809505371861645,45.91858805353511],[1.80982726923506,45.91867969890012],[1.809823360974651,45.919039895792565],[1.810851327164513,45.91935961005376],[1.810973542856934,45.92003453959559],[1.811488664697001,45.92008228046981],[1.811356395635611,45.920531188190644],[1.813087249246521,45.92152920753402],[1.81269141482988,45.92247247946899],[1.811709754200022,45.92395175667538],[1.812929421619516,45.92454274202132],[1.812655812738705,45.92616094115866],[1.812398067225774,45.92620416633686],[1.811305766999281,45.925749603037595],[1.811047684129892,45.92574869243891],[1.810916703582837,45.92601749440428],[1.81057265076879,45.92826536531853],[1.8090254122581,45.92825809566385],[1.808300974989705,45.929829211542334],[1.806238138419024,45.929909234096144],[1.80591485926932,45.92999768370983],[1.805078144276157,45.93067060173365],[1.804948711626841,45.931163661951544],[1.806150865014303,45.931197065746545],[1.806727835105791,45.93101582789627],[1.806993457995997,45.93180214690984],[1.806348514636696,45.931843977435584],[1.80477115561756,45.93232805830337],[1.805201248453757,45.934040130230244],[1.806497398651208,45.93575503359272],[1.80673047364591,45.936316761437354],[1.8068968397123,45.937217309982415],[1.806856296389544,45.93771851426371],[1.806675700925926,45.938368641265825],[1.806120923047055,45.93895177947459],[1.806073266992962,45.93930431023369],[1.806181493039889,45.93967109381508],[1.806635205134586,45.940178411435745],[1.806899758010055,45.94065851644248],[1.806968133270765,45.94089879567986],[1.806877744912905,45.941078862504526],[1.808842837123691,45.9405835213526],[1.811495927420923,45.94044660578189],[1.812774828024939,45.94016283311686],[1.812915304321675,45.94005353357631],[1.813775038598561,45.940112081046486],[1.814708333464094,45.94035151127204],[1.816301966352761,45.940378097395644],[1.816627293775701,45.94049677566068],[1.817147435886711,45.94092098942979],[1.817758314987358,45.94102733845271],[1.818850877795037,45.94142600169164],[1.819414382870757,45.94145439621474],[1.820685004927834,45.94101374477153],[1.820742699022513,45.94079099884368],[1.820385506677778,45.940411728935594],[1.821487380978682,45.939832419627834],[1.821362776726211,45.93938172602154],[1.822862938420342,45.937498890265466],[1.823584203108861,45.936242858910276],[1.824169720570532,45.935660857320265],[1.826520904445907,45.93453520708349],[1.826827742720577,45.9341880582694],[1.826839689065009,45.93283909505844],[1.825514622054129,45.92894289570115],[1.826054537998076,45.92910340066071],[1.826595582922394,45.929150440102426],[1.827447490893601,45.929872540507816],[1.827957072461504,45.93054966167581],[1.82846069260984,45.93181120283375],[1.828843451461871,45.932262759219064],[1.829677287394643,45.93280633783993],[1.830122671210283,45.93334859656558],[1.832086208781471,45.93722611206262],[1.832342155598789,45.93745209988544],[1.832533841432339,45.937543236094044],[1.833188182863656,45.93736446290445],[1.833753129201772,45.93744503552858],[1.834117943620044,45.937650526968795],[1.834193045783907,45.937578352812274],[1.834112568800983,45.93747755813477],[1.834341591999737,45.93751233868479],[1.834381302697119,45.93740467680902],[1.834615835345572,45.93736206273983],[1.834897493392254,45.937532472812045],[1.835136354624145,45.93746828804934],[1.835305150815822,45.937665453607835],[1.835895672745072,45.937635506042994],[1.835972430681877,45.937790296600056],[1.836053827814837,45.937786630868246],[1.836051478222607,45.937714559453],[1.836205187561408,45.93758735584295],[1.836346585770416,45.9377374073333],[1.83657104658312,45.93756049765889],[1.83661840988607,45.93770147669986],[1.836787772711143,45.93762756807311],[1.837033971919153,45.93770484744962],[1.837620680198446,45.937610909783025],[1.837750676712521,45.937750935872934],[1.838056280148033,45.93776578176865],[1.83810448216416,45.9379283829248],[1.838852846299357,45.9379423681299],[1.840053148650805,45.93850043498096],[1.840262782494259,45.93847556579418],[1.84079419900098,45.93861699953833],[1.841164383688786,45.938446076406194],[1.841455000808499,45.93849858438249],[1.843156586404103,45.93934453368189],[1.844188211256484,45.939393799806446],[1.845859031552421,45.93998632805529],[1.846052287220883,45.93994236871682],[1.846248390172189,45.93976244915431],[1.846887597619636,45.940305714872856],[1.847206385943306,45.94080158462171],[1.847203907942203,45.9409816771294],[1.846108068991379,45.940976813571936],[1.845507193504812,45.94322395929692],[1.849671626705246,45.9462554155441],[1.8499943417518,45.94625689377726],[1.853094468125409,45.944932065006505],[1.855012977549035,45.94362042144471],[1.85536557253209,45.94286659398138],[1.855609932464441,45.94266193000322],[1.858486004043567,45.94216593283678],[1.858908822515549,45.94219451253204],[1.861169667276482,45.94279456077147],[1.861443721314104,45.94271356354508],[1.862753819542543,45.941971143731834],[1.863389262955393,45.942205375503605],[1.863870830288688,45.94257764988767],[1.864356014205548,45.942712203767194],[1.864613735071595,45.94298496526904],[1.866908949617433,45.94398960558658],[1.870125284199962,45.94490253216101]]]]}},{"type":"Feature","properties":{"fid":3048,"ID":"COMMUNE_0000000009751588","NOM":"Le Monteil-au-Vicomte","NOM_M":"LE MONTEIL-AU-VICOMTE","INSEE_COM":"23134","STATUT":"Commune simple","POPULATION":217,"INSEE_CAN":"09","INSEE_ARR":"2","INSEE_DEP":"23","INSEE_REG":"75","SIREN_EPCI":"200067189"},"geometry":{"type":"MultiPolygon","coordinates":[[[[1.956696984984407,45.93528431704425],[1.956472675393721,45.93472479509639],[1.956553626073454,45.932767699337],[1.956298460048038,45.93240691868501],[1.955143290731422,45.93159294820922],[1.954954783849423,45.93105266556976],[1.955283272280595,45.9300641695638],[1.955869870516554,45.92921133938782],[1.957296043118346,45.928046543629314],[1.963190423475218,45.9239724945312],[1.964154397643938,45.92424609191923],[1.964540710895204,45.92442704044488],[1.964798789622759,45.92442760094027],[1.964928614374573,45.92424867469828],[1.965701940842015,45.924161187039964],[1.965831824533714,45.924116445260964],[1.965527641822105,45.92141645720884],[1.965351518209563,45.92096906446891],[1.965644650822252,45.920132413659914],[1.965677354292826,45.91983372342366],[1.965577480296415,45.91951761076101],[1.965987629674269,45.918908072139494],[1.966089628146167,45.91849204049528],[1.96602235481171,45.91808887088705],[1.967030231584459,45.91766760596392],[1.968341424097784,45.91517238528102],[1.968943620385701,45.914225073148536],[1.968339552790169,45.91423847757575],[1.967179654181398,45.91410091292623],[1.966588696794412,45.914172064164525],[1.965672087001863,45.91447708504224],[1.965018145804492,45.91446660090847],[1.964817680492813,45.91435489704106],[1.964706849758534,45.91393601822442],[1.964496836919141,45.91364591349718],[1.964010489657375,45.913437030917734],[1.963456261107906,45.913407638266534],[1.963237218246379,45.91332367897961],[1.963232674405015,45.91301654285511],[1.963792041986802,45.91236064976875],[1.963629483997719,45.911811613810535],[1.963811736368381,45.911450353683776],[1.963493623976288,45.910803531404255],[1.963596394427898,45.91048387008634],[1.963245828275241,45.90998534376888],[1.963198098388075,45.909436458962965],[1.962881049485986,45.90907692648602],[1.962683108105441,45.9085581839569],[1.962192825770801,45.90842400435417],[1.961031961647677,45.90834490364482],[1.960764285383816,45.908173137259396],[1.960722875913917,45.90797463123421],[1.96144181873234,45.90699601075307],[1.961679832816402,45.906276839039876],[1.961694524095353,45.90577085329085],[1.962216654857731,45.90517136262459],[1.962249819908025,45.90457458875663],[1.965531547967176,45.901893036765074],[1.966955568377764,45.90086319357354],[1.967667005780541,45.90054998779132],[1.968957094985607,45.90019432444399],[1.969604837665111,45.89983729861016],[1.971463603251098,45.90114743611383],[1.972427748364505,45.901600180978626],[1.97262121893236,45.901601038121306],[1.972495387073654,45.90101632634745],[1.972177397876547,45.90042986816889],[1.971352373068143,45.899988292725304],[1.971547629974369,45.89968567626249],[1.972275382768212,45.89953289150137],[1.974008586675118,45.898929037869806],[1.975108954343048,45.89843649839375],[1.975358685500673,45.89825504543749],[1.97437062514784,45.897772389606345],[1.974709270350074,45.89731797164567],[1.973945719285036,45.896901287591845],[1.973439317307771,45.89680573425267],[1.97214590709425,45.89782963963419],[1.971343021218883,45.897517046365714],[1.971050482765395,45.89805652752392],[1.971911595620291,45.898290402115116],[1.971002031099556,45.89830284257673],[1.970873505951815,45.899038338518274],[1.970051450139058,45.89892278636805],[1.969800619122409,45.898609805273594],[1.969006362499853,45.89811175672478],[1.967565303266804,45.896751357596244],[1.967244034524967,45.896344068276036],[1.966453344692897,45.89565871538308],[1.966213230377587,45.895257568139556],[1.964589385375044,45.893542435190156],[1.96286350517177,45.89190919464903],[1.95974134237814,45.891216793847626],[1.954951097236363,45.89001358706917],[1.953069911000242,45.89019611143569],[1.952990136796574,45.88984685154591],[1.952469372272004,45.88915489191563],[1.951827532603262,45.888998548212435],[1.950758107423467,45.88813488704034],[1.949586002356425,45.88778899110082],[1.948928808584554,45.887898156882216],[1.948649393803335,45.887875746470016],[1.947511861629158,45.88740857305532],[1.947043413737274,45.88729073928534],[1.9466351566048,45.8869924492574],[1.945901900560465,45.886156188019804],[1.945623132873461,45.886100454879234],[1.945391782418231,45.88592538717763],[1.945020568923529,45.88530953448558],[1.944987712616504,45.88500483429275],[1.945206320043064,45.88469977870614],[1.94550540042644,45.88362548367191],[1.945476410177986,45.88278137666905],[1.9453329882954,45.88245943492575],[1.945004651396934,45.88229967178307],[1.943489353675203,45.882039664763035],[1.942925804220721,45.88184077364705],[1.942619193180639,45.88162447051481],[1.942167515512604,45.88110601779343],[1.941511762768367,45.88087473663907],[1.941318616274814,45.880457763775134],[1.940950282430677,45.88003194494375],[1.940682599847544,45.88000512148414],[1.940154935877426,45.88022171689023],[1.939608190972921,45.88029043683877],[1.939414372346412,45.880244490574164],[1.938838826607377,45.879799609631895],[1.938370377329318,45.87988706995866],[1.937867621369406,45.879747261445054],[1.937671268514337,45.87956530170394],[1.937607077136302,45.879216176399794],[1.937285153136841,45.878993410552745],[1.937218270200625,45.87871720618346],[1.93683726183037,45.878282248660796],[1.936533537431445,45.87811908964029],[1.936057066501709,45.877553548635866],[1.935834708681356,45.87751723382539],[1.935661414965427,45.87727695021771],[1.93523615536439,45.8770649128402],[1.934743779771633,45.87578866323458],[1.933614968481614,45.87462258312663],[1.933020140295449,45.87418019142629],[1.932826070733493,45.87388207039631],[1.932551193118915,45.87382904277875],[1.932132478506965,45.87414659303546],[1.931550597684038,45.87416811171544],[1.930783820789832,45.873884384922654],[1.930171850207244,45.87339678705439],[1.929475520267373,45.87360273016647],[1.929141382340022,45.87361397436642],[1.928605284403987,45.87406638647237],[1.92864501890964,45.87427749765889],[1.929060334140798,45.87453449480122],[1.92905086891294,45.87462356205724],[1.928714468547561,45.874750957810654],[1.928689611067657,45.874968661409596],[1.929311662390199,45.875601355340464],[1.929263090171802,45.87670860258987],[1.929058913200767,45.876865169657904],[1.927572403701554,45.87719149448548],[1.92728674688928,45.87749317861258],[1.927184713739929,45.87783352841683],[1.926913597071157,45.87798405296693],[1.926463952718387,45.87856245615716],[1.926111281127446,45.87872931526424],[1.925819478277571,45.87901472709773],[1.925339359009587,45.87923710902855],[1.924495213313142,45.87928221516093],[1.923946233301127,45.879002315311524],[1.923776651411445,45.879036724031785],[1.923665451595137,45.87925090299715],[1.923734390287016,45.879748677284226],[1.92330567087972,45.88024351402192],[1.923386901827224,45.88077202520505],[1.923248454005582,45.88086256539984],[1.923088628846477,45.88085924187939],[1.92283068052499,45.88059831904081],[1.922703068313089,45.88059620247222],[1.92288027151878,45.88083204076104],[1.922829322852801,45.88106390396543],[1.921959555567654,45.88162657868166],[1.921838421125747,45.88188659063354],[1.921429175420621,45.88224111639315],[1.921503267575988,45.88234268778717],[1.921694464972594,45.88239044098168],[1.921900583603093,45.88240051193724],[1.922208260973026,45.882294475853],[1.922315575520919,45.882411673215294],[1.921733320303224,45.88271141675004],[1.921046927551005,45.8833244647278],[1.920407405931314,45.88430899381984],[1.920542231287354,45.88473355216799],[1.920295065416012,45.884909506177856],[1.920134796200858,45.885191657138094],[1.920134173884657,45.885618524512175],[1.920408256952313,45.88584628615617],[1.920399994606502,45.88593896664897],[1.919930493924481,45.886075873029924],[1.919328399310939,45.88600347696427],[1.921976648621751,45.8891951851747],[1.922132674077664,45.88959202568613],[1.923067877481007,45.89063750022321],[1.924389439878157,45.890721225111],[1.925787363197916,45.890658866137834],[1.926262235731937,45.89110826101406],[1.928911149987204,45.892174449366195],[1.929631849177873,45.89198765019181],[1.930361420330476,45.89200806267458],[1.931837506422573,45.892638910122905],[1.933168558338029,45.893101763420496],[1.931086795811084,45.89444017069233],[1.931309169500716,45.894944793388106],[1.933883038629868,45.89537074543749],[1.934988932061803,45.89614305231427],[1.940419123490605,45.89895252065801],[1.941737798306701,45.89973575920506],[1.943114223723437,45.90114181787371],[1.946972516124778,45.90214502408327],[1.949093920871509,45.90278164872007],[1.949735428039177,45.903234291738016],[1.949668806184025,45.90354887334009],[1.948626230026386,45.90525477670089],[1.947716022058228,45.906375629894036],[1.946352977780395,45.90763094679492],[1.946602812669848,45.90880131678943],[1.946472947607201,45.90898112239476],[1.944082979510359,45.90982698881786],[1.943692948720646,45.91018537754295],[1.943496405203931,45.91067975779543],[1.943295387346319,45.913089615405916],[1.943912971996711,45.91499649312623],[1.941659883923069,45.915081703730834],[1.939270003102659,45.915838315663954],[1.935844363461484,45.91717591598167],[1.935395423700342,45.91750580513413],[1.93509807686364,45.91733549959632],[1.934659201522609,45.916877477775834],[1.933910472491686,45.915829359753424],[1.933137194617905,45.91571760289149],[1.932831967430358,45.91555532209684],[1.932373208546379,45.91585898999118],[1.93211647775777,45.9158574673034],[1.931795286904663,45.91558696397741],[1.931666703160879,45.91563077845151],[1.930500581140367,45.916481610070974],[1.931780981115387,45.917656350515436],[1.931651519764624,45.917745185488904],[1.930551269517841,45.91819138122696],[1.925894903962863,45.92042392266684],[1.9251166732749,45.92096047925818],[1.921936573557747,45.92382827594828],[1.921679805932437,45.92382672957598],[1.920590310608362,45.92292296812526],[1.920397156529255,45.922967955126886],[1.919163087772999,45.92404226836262],[1.91877224798254,45.924625710249316],[1.918639534208618,45.925075631066264],[1.918628883187613,45.92660470935844],[1.918994905814288,45.929260406718754],[1.919245209366088,45.93025073087597],[1.91975361440521,45.931242618129666],[1.920647854392921,45.932370568722085],[1.922043392638908,45.935254910069915],[1.925772779967678,45.93661782304744],[1.929770795111406,45.93658726010156],[1.930274988091876,45.93608050041867],[1.930619574870388,45.93548397403988],[1.93185433292226,45.93470853298111],[1.9324153528618,45.934531010399624],[1.932754499610563,45.93421360476675],[1.933011734479783,45.934260158702365],[1.933214633479156,45.934846544801815],[1.933776810831329,45.93534265641376],[1.934421232470993,45.93552433843182],[1.935709240463996,45.93566434098919],[1.936740456862909,45.93566773077237],[1.937264622649184,45.934590164165485],[1.937718563035425,45.93414143751412],[1.938235683274538,45.933963474196354],[1.939072823490818,45.93405688041857],[1.940809466300509,45.934692743687485],[1.941001764145661,45.93482782834988],[1.941260739224882,45.934784322355945],[1.941652717041366,45.93406572894522],[1.942426644449769,45.934023433033076],[1.943577795853339,45.935241854525316],[1.944351738304717,45.935199545447816],[1.944407193921366,45.9365491214756],[1.944596461417925,45.93704530147917],[1.945305902682559,45.93700238408161],[1.945361388068466,45.93821687372031],[1.946033333427846,45.938110562080546],[1.946269599124328,45.9375003726255],[1.946852540843049,45.937187896831176],[1.947108958271587,45.93727853894387],[1.94752244308137,45.93759308281264],[1.948035416381329,45.93736190235265],[1.948380358746614,45.937075123915676],[1.948852630545639,45.93687958449707],[1.949253051858679,45.93503712948673],[1.94983254141632,45.93503890646121],[1.952087707793333,45.935361504028826],[1.952985635969419,45.93599391182943],[1.954145908887674,45.93599833692544],[1.954344156175103,45.9354138967382],[1.954924050360314,45.935326494748935],[1.955626753816588,45.93631820740816],[1.956529354233426,45.93636615884939],[1.956696984984407,45.93528431704425]]]]}},{"type":"Feature","properties":{"fid":3225,"ID":"COMMUNE_0000000009751317","NOM":"Faux-Mazuras","NOM_M":"FAUX-MAZURAS","INSEE_COM":"23078","STATUT":"Commune simple","POPULATION":189,"INSEE_CAN":"05","INSEE_ARR":"2","INSEE_DEP":"23","INSEE_REG":"75","SIREN_EPCI":"200067189"},"geometry":{"type":"MultiPolygon","coordinates":[[[[1.775819179781142,45.90042185617522],[1.773733567590615,45.89936897251491],[1.771928714792407,45.898686544283144],[1.769535013098338,45.898209322475346],[1.766513906831445,45.89833401495011],[1.766654735128068,45.89890022869122],[1.766330848985328,45.899078617525866],[1.766073899436531,45.89903258521315],[1.765559846619777,45.898486613423515],[1.765053118193655,45.89882330983066],[1.765669087166218,45.899368595195305],[1.765382894854525,45.89959152232957],[1.763879987825055,45.90011636682707],[1.76371343964873,45.900698136953785],[1.763986058495019,45.90154137941612],[1.763976487216419,45.902486007287706],[1.76138631064727,45.90368699247805],[1.760998608463544,45.90377550787415],[1.760619427962557,45.9034849612465],[1.759335614080346,45.903725755792934],[1.758422261661394,45.90349778639428],[1.757994146795037,45.90349038383737],[1.755826409264396,45.90419964896156],[1.755027938371307,45.904311543154556],[1.753431312333973,45.904349793618785],[1.752720677105247,45.90445633547072],[1.752198992431927,45.90436502341748],[1.75185257685107,45.90439542385409],[1.751676289951697,45.90431872796305],[1.751475432279543,45.90441557734949],[1.75131855730836,45.90439313150542],[1.751152636336216,45.90414363302866],[1.750341610445996,45.90367086269048],[1.749376726546348,45.90338461165178],[1.748681959717228,45.90461075644043],[1.748094464877374,45.90537247156019],[1.743871818672419,45.90849938917586],[1.74361408137903,45.908543358028915],[1.74078870161974,45.90758341199176],[1.740404135809302,45.90764487416838],[1.740136946742189,45.90832816099591],[1.740769528810002,45.909382611668846],[1.740570907648198,45.90983160443545],[1.741648433951748,45.91332444354364],[1.741439812884653,45.91421102173073],[1.741362102295286,45.915127875723655],[1.741421910968623,45.917254874567085],[1.739846247719305,45.91720581185149],[1.739277225635855,45.91726161359187],[1.739310961406773,45.91900196326013],[1.739618124982477,45.92035359526168],[1.739933004745303,45.921029856659864],[1.740382033396599,45.921257307138525],[1.742312834483984,45.92158229305894],[1.743210660803413,45.92199214007916],[1.744175576976627,45.92217667230459],[1.744233216760145,45.92276180581914],[1.745200072421875,45.92303190826157],[1.745253485990344,45.92357646696433],[1.745601197143263,45.92434493758747],[1.746223751312532,45.92483186152639],[1.746644288207313,45.92552008115714],[1.747099649039503,45.92592589442571],[1.747486752413472,45.92592837927028],[1.748974178587294,45.9254413972789],[1.749166727072818,45.92548675526916],[1.751273173233661,45.92752287678664],[1.752046132975923,45.92752690198347],[1.752810344655934,45.92843052996072],[1.754551161234862,45.92843889806963],[1.755309943512969,45.92964235016137],[1.756887980451942,45.930231582144785],[1.75862604656346,45.93013538664446],[1.758854459452492,45.93007935309441],[1.758953666338789,45.92997236878111],[1.759884402515137,45.92979164547785],[1.760672896814349,45.929221196494275],[1.760790949493696,45.9289072782033],[1.762549424466588,45.9283024056016],[1.763977685024855,45.92797578799026],[1.764825779068923,45.927622106596985],[1.766197458663493,45.92768840698528],[1.767523511759898,45.92742907622452],[1.768001992666333,45.927443293324586],[1.771589941113311,45.92627729959597],[1.772603454844839,45.926141500995925],[1.774260723971094,45.924913035330256],[1.7761730830942,45.9239908083691],[1.778244737949466,45.924960630692254],[1.779015568711016,45.925233728560016],[1.780168000203274,45.92604949493092],[1.782221762524864,45.92695961035529],[1.782795992902196,45.92754667627172],[1.782794299530408,45.927681748018315],[1.781827056511539,45.927767702519816],[1.78130711190647,45.9281691745579],[1.780132601907238,45.92951372235479],[1.778759979576511,45.931350550193564],[1.777657805848256,45.93193034381841],[1.777523234848582,45.93246925044997],[1.77770988217977,45.933189946091275],[1.776933425328903,45.933456239525704],[1.775105639532328,45.93352112540638],[1.774863286340871,45.934030043193005],[1.774691250719427,45.934104731566656],[1.774039583500442,45.9341562123145],[1.773724346481825,45.9343437240664],[1.773661342810229,45.93468076680802],[1.773760986819637,45.93542304156069],[1.772535518507512,45.935795212879796],[1.772396742059785,45.936404315371014],[1.772097726813767,45.936673953517854],[1.771253566432806,45.93673143514042],[1.771235706395033,45.937011328375526],[1.772474871820919,45.93799562532217],[1.772786477692163,45.93860961276956],[1.773100054499277,45.938961545619726],[1.773921133907717,45.93901457377801],[1.774183447923108,45.93940827638618],[1.774616456733745,45.93938234536562],[1.775263626235112,45.93907143884048],[1.77552206072913,45.93911746424746],[1.775905856826003,45.939389094759626],[1.774928448766213,45.94032865258032],[1.774607061160085,45.940326974305584],[1.774094903517486,45.939964789468],[1.773448837270751,45.94005145169857],[1.773124443316535,45.9401848268342],[1.773807678687787,45.940864080317716],[1.773644564675502,45.941174821573185],[1.772862981143468,45.941665282737624],[1.772530318688152,45.94153198856497],[1.771832157306529,45.940538255314365],[1.771264223735928,45.93932078105895],[1.770876000619469,45.93936429712831],[1.770616722818131,45.939587531896755],[1.770024988272456,45.94070955652915],[1.771181918306503,45.94098510016083],[1.771304700129574,45.941615053313],[1.771173899581107,45.94174962404094],[1.771185721737792,45.942492748905494],[1.770799549098202,45.94273261843069],[1.770558191925559,45.943077629134365],[1.768905713170213,45.942908364882975],[1.768578860554098,45.943265950515595],[1.767986605434238,45.944523050060205],[1.769205709786748,45.94502353984917],[1.769074459126319,45.94529319372744],[1.767590294228061,45.945330178123854],[1.767458027527018,45.945644849281926],[1.767386409113117,45.94636455132761],[1.769955072902556,45.94736694749378],[1.770596364723607,45.94772965271183],[1.770786832673827,45.94804603143685],[1.770909625717843,45.94867598500775],[1.77089427672534,45.950115880700494],[1.771086211252679,45.95025125377059],[1.771211433105314,45.95065698344101],[1.771853468442564,45.95093052953244],[1.773197988920474,45.951836705132386],[1.774294325934255,45.95188730780549],[1.774747016499301,45.952780201528476],[1.775332022117792,45.952484830853884],[1.775818198072708,45.95198845502705],[1.776462147153603,45.95171262873494],[1.776885009721,45.951392081871425],[1.776519987195682,45.9511431735863],[1.776265903886355,45.95049199431535],[1.776491369662375,45.95028098923885],[1.776568243141739,45.950017043506904],[1.776995055545835,45.949750575116326],[1.777146811873937,45.95041685807484],[1.777527863783861,45.95104869276648],[1.778365222765614,45.95165663243153],[1.778158399018058,45.95207498057833],[1.777576541362182,45.95257843839667],[1.778469781344231,45.95340402519703],[1.77819336962265,45.95393239638445],[1.778245074434268,45.954162607584124],[1.778607715620553,45.95446191793544],[1.779568943291512,45.954901871567465],[1.779880735736348,45.95499078963755],[1.780600338815644,45.95503096509686],[1.780250379798939,45.95596562018117],[1.781857758626356,45.95655841145031],[1.782438463290043,45.95651602629618],[1.783344311395703,45.956251082603664],[1.784826097182786,45.95639308232886],[1.785340861228352,45.95653009433346],[1.786201449677723,45.956033188312766],[1.786965393623742,45.95523353968303],[1.787742089160672,45.954968077816254],[1.78864583727678,45.95497234877268],[1.789031186547112,45.955063829777814],[1.791234503947389,45.954039982551286],[1.791363132749788,45.95312094461005],[1.791497645226182,45.952992694614046],[1.792246777218881,45.95268638122],[1.79253129743588,45.95237060486097],[1.792627933192429,45.95208524547248],[1.792042676415208,45.94986533123704],[1.791908268883293,45.94963604543992],[1.791566882379312,45.94766009116322],[1.791466555148449,45.94599561502117],[1.79158585644041,45.9449711074509],[1.791780745982323,45.94479667085155],[1.791826314509328,45.94377858075004],[1.792378058595885,45.94275418505585],[1.79472394487862,45.94038090045576],[1.795238564225221,45.94051876785054],[1.79645715080813,45.941109016635835],[1.79820900189072,45.940037910820344],[1.803299859709944,45.94028728705138],[1.806260235376705,45.94133892704651],[1.806877744912905,45.941078862504526],[1.806968133270765,45.94089879567986],[1.806899758010055,45.94065851644248],[1.806635205134586,45.940178411435745],[1.806181493039889,45.93967109381508],[1.806073266992962,45.93930431023369],[1.806120923047055,45.93895177947459],[1.806675700925926,45.938368641265825],[1.806856296389544,45.93771851426371],[1.8068968397123,45.937217309982415],[1.80673047364591,45.936316761437354],[1.806497398651208,45.93575503359272],[1.805201248453757,45.934040130230244],[1.80477115561756,45.93232805830337],[1.806348514636696,45.931843977435584],[1.806993457995997,45.93180214690984],[1.806727835105791,45.93101582789627],[1.806150865014303,45.931197065746545],[1.804948711626841,45.931163661951544],[1.805078144276157,45.93067060173365],[1.80591485926932,45.92999768370983],[1.806238138419024,45.929909234096144],[1.808300974989705,45.929829211542334],[1.8090254122581,45.92825809566385],[1.81057265076879,45.92826536531853],[1.810916703582837,45.92601749440428],[1.811047684129892,45.92574869243891],[1.811305766999281,45.925749603037595],[1.812398067225774,45.92620416633686],[1.812655812738705,45.92616094115866],[1.812929421619516,45.92454274202132],[1.811709754200022,45.92395175667538],[1.81269141482988,45.92247247946899],[1.813087249246521,45.92152920753402],[1.811356395635611,45.920531188190644],[1.811488664697001,45.92008228046981],[1.810973542856934,45.92003453959559],[1.810851327164513,45.91935961005376],[1.809823360974651,45.919039895792565],[1.80982726923506,45.91867969890012],[1.809505371861645,45.91858805353511],[1.810028609595548,45.9177812219776],[1.810544681254571,45.917783947625736],[1.810676635065385,45.917469226182],[1.811191080368188,45.91760702103084],[1.811642329739484,45.91756403072649],[1.811967148328345,45.9173404925873],[1.811788861134462,45.91567522170109],[1.810372619151453,45.915533352827765],[1.81056972051842,45.91512925718053],[1.810571998719529,45.91490413241651],[1.8103800903252,45.91476882632007],[1.80979887478422,45.91485637431364],[1.809550289906662,45.913999994402076],[1.809229731254317,45.913728243032025],[1.808650810853302,45.913590660391584],[1.808007036075481,45.91358838124555],[1.807814841956068,45.91340713731086],[1.807947774612255,45.91304739955629],[1.80788457434407,45.91286751503908],[1.807051226898429,45.91250389470823],[1.806543338367321,45.91218512990228],[1.806954877317237,45.911888672405446],[1.807099658432505,45.91157769275604],[1.80635313665208,45.91137618928637],[1.806420270874469,45.91101665949606],[1.805776545762107,45.91101346726685],[1.805911448983314,45.91038447453901],[1.806427815754388,45.91025123288601],[1.806621313678818,45.91025237398818],[1.807518116872947,45.910841815722414],[1.808485339371326,45.91080067472218],[1.80868601652016,45.90999225284124],[1.808629675088453,45.909136994594775],[1.808504252686556,45.908732206791086],[1.808312049880603,45.908731082499415],[1.8079191720197,45.90935916034681],[1.807468645202935,45.90931208320178],[1.807208367146682,45.909535388147845],[1.806950360262422,45.90953446820361],[1.807023363073947,45.90872470230489],[1.80754883376122,45.90769275759458],[1.807939756692156,45.907154720046385],[1.807685682350188,45.90679360498361],[1.807562239556274,45.90629787675523],[1.80872187379576,45.90630379278533],[1.809053492068387,45.90522567050589],[1.809702347619622,45.90486866081086],[1.8098990980373,45.904419533278],[1.810156407757292,45.90451139949492],[1.810349586944104,45.90446660074076],[1.811001334191825,45.90379530663961],[1.810938787117252,45.9035253712313],[1.810299706887964,45.90307195524373],[1.809720578146953,45.90288934500321],[1.808691613217654,45.90274972570713],[1.80857829035636,45.901129261912466],[1.808250978555548,45.90069622928203],[1.807848261041861,45.90094685314454],[1.807058159399011,45.901215904824674],[1.805529825475937,45.90156181225935],[1.803986369538175,45.902247063980155],[1.803439626535524,45.90265375354808],[1.803056668456752,45.90282441674284],[1.800068897595226,45.903247557134414],[1.79867132457546,45.90321200658404],[1.797846396146905,45.90353646180523],[1.797159653978416,45.904503606030396],[1.79655233040181,45.90466825871816],[1.796461150214014,45.90541748595446],[1.795904078049183,45.90570244947347],[1.79513043717128,45.905743743266335],[1.794735766956329,45.90650684721111],[1.794154238568717,45.90672940047016],[1.79263432454541,45.907092337284055],[1.792450378145673,45.90812786236489],[1.792237814586519,45.90840838052796],[1.791877623513682,45.908596361147275],[1.790394040097917,45.90900558714064],[1.789818266149152,45.90855273129879],[1.78904931237565,45.90814373484546],[1.787956482159005,45.90791408432943],[1.786216030273538,45.9078602966041],[1.785895525144745,45.907768597915904],[1.785510908022109,45.907542020625414],[1.784299046424439,45.90627626758971],[1.783623883360877,45.90577097684537],[1.783277643190161,45.90503416450706],[1.783342936953689,45.904647609126336],[1.78301852649534,45.904558561823286],[1.782706979949653,45.90435437528299],[1.782281459429875,45.90352844755086],[1.781652185051718,45.90357570626409],[1.77957984466914,45.90261223526256],[1.779007776217665,45.90217377233741],[1.775819179781142,45.90042185617522]]]]}},{"type":"Feature","properties":{"fid":3382,"ID":"COMMUNE_0000000009750800","NOM":"Lépinas","NOM_M":"LEPINAS","INSEE_COM":"23107","STATUT":"Commune simple","POPULATION":136,"INSEE_CAN":"01","INSEE_ARR":"2","INSEE_DEP":"23","INSEE_REG":"75","SIREN_EPCI":"200067189"},"geometry":{"type":"MultiPolygon","coordinates":[[[[1.96322203363114,46.051506086390866],[1.960967892748318,46.05046330973033],[1.960003786477304,46.04987540600028],[1.960461816113613,46.04897723547175],[1.959884421957413,46.04839107373511],[1.959712789699111,46.047140409727625],[1.959264907910763,46.04688774275743],[1.958251710730668,46.04664248973412],[1.958118935562791,46.046551212878136],[1.957884889328331,46.0462077462687],[1.957741898536979,46.04570031189834],[1.957382370981562,46.04549527901673],[1.956743931178389,46.04492655064482],[1.955930463738733,46.0440410075453],[1.955050425521476,46.043529482016645],[1.954677887892852,46.042173391726145],[1.954364641849702,46.041780556432116],[1.953632856145252,46.04136404585195],[1.953409443605832,46.04100805963668],[1.953297131435359,46.04025054367068],[1.953489493386529,46.03985967066276],[1.954452273299027,46.039960411466076],[1.955028806505991,46.03915521345373],[1.955236434943997,46.03870864297293],[1.955974502878039,46.037907630516514],[1.956035837806025,46.0372651882456],[1.956169431954034,46.03703947466584],[1.95703099144327,46.03633865527319],[1.957338433309069,46.034104467349785],[1.957287397446171,46.03318181422643],[1.957144436238559,46.032811265462826],[1.956309308251899,46.031645446557434],[1.955420136106018,46.0308762746865],[1.955357153414318,46.0305163667072],[1.955617819202383,46.030202668336564],[1.955684998267877,46.02993311613371],[1.955039436547799,46.02988574076925],[1.954047432976058,46.03316637620373],[1.952232294469765,46.034104219386236],[1.950612292731359,46.03477366919463],[1.949381010984016,46.035398968969545],[1.948082892220126,46.03633973603441],[1.94704808009043,46.03656067605126],[1.946917484088855,46.03669544934688],[1.947562257933217,46.03692297724705],[1.947624764696618,46.03710277119458],[1.947107566999672,46.03723575657837],[1.946270552979687,46.036918183491544],[1.946146419904894,46.03610831633258],[1.945954638602966,46.035792233910705],[1.944734085648942,46.03497846977598],[1.943313127982268,46.034973339269676],[1.939829114708808,46.03433112399036],[1.938540527372469,46.0339669421693],[1.935121660938575,46.033438663309326],[1.935035660192478,46.03353962023527],[1.935052859833153,46.03378653892781],[1.935397478149976,46.03428599165081],[1.935416969036551,46.034948996664625],[1.935573286510615,46.03515669574855],[1.935673318773312,46.03580064424137],[1.935388599515716,46.03621403577276],[1.935053674049878,46.0364153202891],[1.934950951057304,46.03657825966775],[1.934745510139988,46.036570025480735],[1.934629851509167,46.036532915736],[1.934530432532777,46.03619156467425],[1.934277400809002,46.03610363188355],[1.934173427113461,46.03586400246581],[1.933762651984829,46.03557555863444],[1.932901997963333,46.03521533657793],[1.93213182209937,46.03452454900039],[1.931513219937191,46.03441875662689],[1.930494516845963,46.033942653317546],[1.9299129107508,46.03379667529988],[1.929843483766214,46.033510537907354],[1.929403190598351,46.033478462903616],[1.92910022202093,46.03329998931409],[1.928702685296176,46.03319717008365],[1.928579086811802,46.032970858392865],[1.927780783034368,46.03246709406662],[1.927150725266189,46.03228732211043],[1.925967132339393,46.032247296109894],[1.925754401020442,46.032546973005175],[1.924904278184215,46.03324046182536],[1.92472983244192,46.03330094699963],[1.924667311326495,46.03385330703251],[1.924320039252176,46.034420076451674],[1.924431107719888,46.0346913027854],[1.924280145703587,46.03513745623655],[1.92495564946553,46.035441053639666],[1.925038282650059,46.0355796251615],[1.924761057921661,46.03593632559064],[1.924385282731929,46.03703416420013],[1.923521497701473,46.037628450501956],[1.92171711038095,46.03936832598669],[1.920244612476648,46.04053316543622],[1.919188108417815,46.04079507284599],[1.91796804110598,46.041548024671634],[1.917927675213437,46.04162779069177],[1.918200419343053,46.04176547971408],[1.918199055058981,46.04190055306934],[1.917810170120029,46.0420787582913],[1.917678530581397,46.04239360390108],[1.917157590396843,46.042841619657224],[1.916894797107699,46.04338035577821],[1.917212967290027,46.044101153645954],[1.916952479405384,46.0443256109456],[1.916937193013753,46.04634905900517],[1.917119625039844,46.047789921551356],[1.91737684248407,46.04806074919175],[1.919567306198746,46.04874356419083],[1.920273113529673,46.049421215482866],[1.920531778484467,46.049421876946894],[1.920663418511652,46.04910702809685],[1.921180791812241,46.04897416339954],[1.921176656358544,46.049514469136085],[1.922209535178491,46.04960804433493],[1.922535566327407,46.0493391690081],[1.923051114088399,46.0494314221653],[1.924404168305221,46.049885545769115],[1.92491832152637,46.05024794948795],[1.924851792263856,46.05060754854743],[1.924331713584339,46.05101057676257],[1.924133160212701,46.05163909542752],[1.924127703596777,46.05231447460229],[1.92321730731008,46.05303079654598],[1.924178748842104,46.05406837750188],[1.924178692202459,46.05420346314183],[1.922818725083697,46.054558888923474],[1.921975649554067,46.055005668314195],[1.921513293430863,46.05562807250674],[1.921845440483206,46.05564293808096],[1.922158921143467,46.05575218563043],[1.92308698920275,46.056315756059064],[1.923994555132767,46.05700250288947],[1.924876471216218,46.057083813147145],[1.925710518965537,46.057297948086294],[1.926175610336483,46.05746085366145],[1.926804848497056,46.057829740972615],[1.926746980813309,46.05920346926776],[1.927050118725008,46.05971155936347],[1.927042613799708,46.06009603341446],[1.926200241864931,46.060239357816165],[1.925545247254553,46.061451631513556],[1.924769512764157,46.06149381187229],[1.924967231550923,46.06090941227005],[1.924903891262474,46.06077462634469],[1.922902867521481,46.06049717646684],[1.922128027308522,46.06049431841458],[1.922256605265699,46.06073239138288],[1.921393187895238,46.06102407514351],[1.918655326043106,46.06269198756765],[1.918532980224526,46.063189739716435],[1.918962736342057,46.063637819930264],[1.918878554910461,46.06377390499432],[1.918222632698015,46.064168407151016],[1.918730964449425,46.06516028426108],[1.918400054461137,46.06632877749788],[1.918460585986093,46.06686879908181],[1.918843730958098,46.06732003729087],[1.918777619098461,46.067589579625235],[1.918228148526644,46.06842367681069],[1.917478725185771,46.06883259325286],[1.916873036458559,46.06877547883075],[1.916503671665699,46.06920062524727],[1.917148294329708,46.06938329319783],[1.917079934572271,46.06983202761031],[1.916687148453091,46.070460481053374],[1.915517026186518,46.071401208925096],[1.913898311136855,46.071664901297346],[1.914216120441231,46.07247575973398],[1.914148685987793,46.07274528693293],[1.912068956141802,46.07426714726886],[1.912125696587048,46.07525742405748],[1.91166057400783,46.076919928706495],[1.911655871113409,46.07754938598635],[1.912257833759517,46.07989125173389],[1.912539187604422,46.08038746405072],[1.912535958946897,46.080746762692335],[1.912404684925058,46.080971548864596],[1.913307272508588,46.081335023681426],[1.913824984836529,46.08120129230388],[1.915113064174299,46.081835912999445],[1.917177673134467,46.08233924349276],[1.917612391736889,46.082608160176086],[1.918853409926823,46.08248130340093],[1.919309777197785,46.0825712054868],[1.921702105483073,46.082535428348656],[1.922931126468688,46.082359782087934],[1.923512563062705,46.08240762683051],[1.925705352517922,46.08304530206559],[1.926416228142956,46.08309255613176],[1.926412607039804,46.08354280843577],[1.926993612283362,46.08367978784034],[1.926989084464949,46.08430924556073],[1.927636603525268,46.08422170731118],[1.928285045266946,46.08395405953814],[1.928807207519184,46.08332588752239],[1.929646607305135,46.08341936318301],[1.930549390140134,46.0836476153177],[1.933036742264658,46.085318177898515],[1.932728838947326,46.08577817634028],[1.933624573949561,46.087572431707756],[1.934915258731006,46.08789164828101],[1.935108963267504,46.087847537054444],[1.935178117844663,46.087217785867495],[1.934860335126805,46.08645201922838],[1.935386877729548,46.0851943590184],[1.939860938421067,46.083320732765756],[1.940378128047922,46.08341291911931],[1.942057434237631,46.083642924741284],[1.943026712982269,46.08364655441398],[1.94443798252065,46.08348047829215],[1.944403727830239,46.080952258490285],[1.944602155258806,46.08032370506861],[1.945273832490078,46.08038938853414],[1.945675611734362,46.08029045769914],[1.94595295429464,46.08013453416013],[1.946291293810609,46.07915965754729],[1.946746785618664,46.078755928546784],[1.947205703902945,46.07790284506845],[1.947920387209536,46.07727547323779],[1.948569921452294,46.07687353635895],[1.949085792989003,46.07709985617598],[1.950376321585619,46.07741889704454],[1.951732827908722,46.07746836186291],[1.952381085233679,46.07733566185586],[1.952446198550421,46.07724620613909],[1.95200054204537,46.07625506630321],[1.951229717901145,46.075487862613066],[1.952919003336804,46.07436874869349],[1.952983676301228,46.07423426016308],[1.951826857352966,46.07328518451237],[1.949638849119263,46.07192850187723],[1.950102378337449,46.07049007959691],[1.950308386895034,46.06878180362033],[1.950835682577147,46.06725391163086],[1.951555724611675,46.065997069491516],[1.951754457198588,46.06527754969557],[1.950254337982284,46.06388940665064],[1.953217790023992,46.06235160370014],[1.95359278560647,46.062020952496994],[1.953421307403419,46.060020105396575],[1.954340177163315,46.058299486645424],[1.954538463927813,46.058212158207404],[1.955595562030038,46.058608241887754],[1.956796764017444,46.058841737488216],[1.957667740795348,46.05875338440693],[1.95805310980969,46.05855519789232],[1.958834212395522,46.05877220369668],[1.959753584403617,46.057971928860766],[1.96144254886911,46.05676353455466],[1.964297075167232,46.05492816360617],[1.964300770273792,46.05438875689189],[1.963663990623693,46.05303658980557],[1.96322203363114,46.051506086390866]]]]}},{"type":"Feature","properties":{"fid":3746,"ID":"COMMUNE_0000000009751850","NOM":"Royère-de-Vassivière","NOM_M":"ROYERE-DE-VASSIVIERE","INSEE_COM":"23165","STATUT":"Commune simple","POPULATION":572,"INSEE_CAN":"09","INSEE_ARR":"2","INSEE_DEP":"23","INSEE_REG":"75","SIREN_EPCI":"200067189"},"geometry":{"type":"MultiPolygon","coordinates":[[[[1.856311229610163,45.806920013850515],[1.856142651675653,45.80741182655578],[1.856135791780362,45.808240295248744],[1.856251949597013,45.80866294582511],[1.856096846335746,45.81030674335784],[1.855914017797159,45.810615592748796],[1.856049343334188,45.8111077828177],[1.855946471436705,45.81147327864974],[1.855822997069567,45.81183856563054],[1.854406386510531,45.81283105582137],[1.853321114931233,45.81281193414958],[1.853045335395173,45.812262477596406],[1.852702312313552,45.81234634940051],[1.852722308213847,45.81249965215307],[1.851130253617763,45.81275994396491],[1.850695040938791,45.81201343190814],[1.849897127159417,45.81211067567263],[1.849546785519781,45.81236017124987],[1.847533478186792,45.81145346222897],[1.847374055816796,45.811255506996154],[1.847403114242382,45.810480398620086],[1.846700069258697,45.80998239968625],[1.845770358504584,45.810841064723824],[1.844009262470908,45.81222526168129],[1.841538864725763,45.814633329890405],[1.844432861882178,45.81586076518371],[1.844793282354977,45.816116617482706],[1.843792941430793,45.81658999440014],[1.842872603166805,45.81723979705245],[1.842356156325485,45.817729826838],[1.84196974405773,45.8182833285184],[1.841424965498831,45.818710923139776],[1.841369074491188,45.82063760767991],[1.841847185103776,45.821117121879645],[1.841844452727253,45.821370159033506],[1.84146032544253,45.82162919054729],[1.840715209385611,45.82178094797813],[1.839619371287698,45.821888570834346],[1.839396923838477,45.82199255431082],[1.839080926316991,45.823666201745766],[1.838817770955097,45.82386792983399],[1.838000743295165,45.82406846270354],[1.83785926708436,45.82418048109178],[1.837510391066252,45.82496580610575],[1.836984849206757,45.82539267786036],[1.836177406026046,45.82574819784256],[1.835265216820483,45.82551184553328],[1.833947905423653,45.82567206587993],[1.834225257793723,45.82632425400049],[1.835459341933646,45.82742309619905],[1.835521360682348,45.827902849051995],[1.838116546641276,45.828848177288855],[1.838813239658481,45.82855364508584],[1.840723738115482,45.828183316467964],[1.840884740416185,45.828429928927925],[1.841641845319017,45.82875470347917],[1.842636092144623,45.82901345849087],[1.843244314406646,45.82900528006989],[1.843729503350774,45.82927412048876],[1.844003411830364,45.82954349826747],[1.844964395363515,45.82954612521266],[1.845386058832353,45.82940364083439],[1.845184853644323,45.83009233438823],[1.845375139953931,45.83109573312107],[1.845376269718354,45.83184233173531],[1.845157206330214,45.8326452174567],[1.845136481934851,45.83529813676198],[1.844815100785284,45.837787677455545],[1.844725552018368,45.83812628327105],[1.844533223625673,45.83838908897907],[1.843609096807438,45.83920277000152],[1.843314700311755,45.84009313934486],[1.842943482150512,45.8405909653695],[1.844976598618818,45.84312261009922],[1.845220505948894,45.842981910058555],[1.846589691984649,45.84418017008739],[1.846863730605582,45.84500250229347],[1.846833131123803,45.845911783505024],[1.84745746901174,45.84563446930673],[1.848017338785174,45.846346240024154],[1.848719387475917,45.84666770122557],[1.848864859239633,45.84624230510713],[1.849459199287685,45.84616730638897],[1.850041297042888,45.84674150329128],[1.849630489131693,45.846913836258814],[1.84953182370663,45.84725775651903],[1.84915186083818,45.847557384702824],[1.848791034731493,45.84724840956939],[1.84885907634047,45.846951909021534],[1.847724732063833,45.84696736327089],[1.847273101188811,45.846625936456554],[1.846869185382793,45.846036432603434],[1.846604560761908,45.84618142774859],[1.846732179022246,45.84667265023859],[1.846734293213799,45.84768133006989],[1.846858776935427,45.84795277698928],[1.84742854571907,45.84800632197735],[1.848323839531824,45.848454938312415],[1.848743163707207,45.84898695607383],[1.848372234434023,45.84891473122551],[1.847901732226019,45.84904412205295],[1.846605542968067,45.85008008222276],[1.846099116421418,45.85032437421437],[1.843544683273448,45.849901098284185],[1.842825438142451,45.84984600307125],[1.840963694875945,45.85019165868141],[1.839615077067638,45.85034262408209],[1.838939220844563,45.8501852825921],[1.838436421107546,45.84982708370564],[1.838118664896608,45.849922881350814],[1.838568444952674,45.850656982941295],[1.837888319854611,45.85076346395266],[1.836926823503109,45.851073279863826],[1.83556136630276,45.84963898605866],[1.83455524197957,45.84962140766075],[1.833408423391767,45.84949249571481],[1.833523394849634,45.85069867218475],[1.833418304561222,45.851889968421546],[1.83298570097467,45.85339308904329],[1.83222826541525,45.85453171504436],[1.832022015968581,45.85502040508645],[1.832507273872861,45.855050636393905],[1.837581368002796,45.856096298653625],[1.838223923281304,45.85612452093475],[1.840174132603996,45.85654711809279],[1.84069526040181,45.85652724923756],[1.841646095832273,45.85679006564561],[1.848609549672988,45.85996015479071],[1.848689948341819,45.86117226437488],[1.848984640230926,45.86144274077179],[1.848749744637806,45.86182760081308],[1.848743300907983,45.86330990257766],[1.851536214455426,45.86407409892864],[1.853244474744184,45.864929891902065],[1.853498367413476,45.864994608302496],[1.855577909407103,45.864733801422105],[1.857325703366659,45.864369637675374],[1.859561868936347,45.86401307811054],[1.859317124442436,45.86506429377297],[1.858875786832991,45.86564792123036],[1.858771140218471,45.86615749692875],[1.858757483221896,45.86644374541998],[1.85939529373575,45.86645828929913],[1.859367843188329,45.86685066778365],[1.858830724430169,45.86745224086237],[1.858517803528009,45.868058777782814],[1.858091969914449,45.86938644341519],[1.857958480637261,45.870229844682484],[1.857557135595966,45.87018706354106],[1.857640593557059,45.87163514944493],[1.85696904261626,45.87162836034503],[1.856744737885674,45.87032114189293],[1.852167872458409,45.869586706512024],[1.853362692159207,45.87238975358718],[1.853435081938585,45.87281466445394],[1.853289463017603,45.873245469103026],[1.855780120550609,45.876860447889996],[1.855795478626782,45.87748741177892],[1.857229873082121,45.8780800980209],[1.857126379605619,45.877723320035486],[1.858971454806851,45.8775375256753],[1.861306179970779,45.87873993469524],[1.861042277650384,45.87946855195917],[1.861478740879269,45.88056175691869],[1.861583616793879,45.880603339444455],[1.861623983484483,45.88052179261432],[1.861961182628297,45.880490064771415],[1.862442227595723,45.880923585151244],[1.862367271870108,45.88018164877566],[1.862818646293766,45.879302715573594],[1.863303048342521,45.880261307515205],[1.863213645398299,45.88065756681499],[1.863647372163562,45.881197775819224],[1.864681541055367,45.88301293949362],[1.864995375847586,45.88273871035786],[1.865673338546588,45.88262843865268],[1.868442638987796,45.882528307553706],[1.869975430515977,45.88261118279908],[1.872956385135132,45.88306961759317],[1.872923438771519,45.882094857144054],[1.873314571989425,45.880685739535494],[1.873815953134133,45.880127870378395],[1.874519916547846,45.879815173785786],[1.874737579523847,45.879764206139036],[1.875378001887283,45.87984802919753],[1.87599870787314,45.880013605681505],[1.876239525827334,45.8802816719377],[1.876503084588056,45.880699460521576],[1.876768115670324,45.88148830346854],[1.876716399350418,45.8821281044763],[1.877922482791765,45.88286775290479],[1.878282789356355,45.883221655300886],[1.878618412850897,45.88428226949159],[1.879333268752727,45.88508457255878],[1.879744101488334,45.885301181686],[1.881615742197207,45.885721371388996],[1.881432937623621,45.88615094209615],[1.881899204580276,45.88624201007965],[1.881910893321808,45.88712829905553],[1.882153331792809,45.88827353571133],[1.882803471470772,45.88737397552693],[1.882988319114694,45.88697053973966],[1.883833613294253,45.88719502750753],[1.884467840666593,45.886888784803666],[1.886219527916874,45.88814435454757],[1.886848413778108,45.887847051710224],[1.887128129399462,45.8879173488836],[1.887375016126771,45.88763339364355],[1.887521656457163,45.88765194764039],[1.887627746541172,45.88757103850543],[1.887780434963703,45.8872258166359],[1.887974144214485,45.88721241212647],[1.888376651179154,45.886948897484636],[1.888600286138931,45.88692227741239],[1.888857277990553,45.88677620737429],[1.889695040446537,45.887055512565965],[1.890114620090648,45.887096555996855],[1.890212759793197,45.88721819724911],[1.890392195121168,45.8872091514015],[1.890429456164825,45.88715187987104],[1.890515443084767,45.88717253647962],[1.892120405640136,45.88732966574894],[1.89215184164933,45.88711293374066],[1.89238007726122,45.88717821054825],[1.892383428502308,45.88707557714129],[1.892693912013045,45.88696244340656],[1.892591188644335,45.88681194087042],[1.892881589135327,45.88673553374959],[1.892856237427488,45.88652094723492],[1.893072379650866,45.88641769560677],[1.893214451342201,45.886149812782904],[1.893528868138197,45.886033113005425],[1.893972434077522,45.88609959316894],[1.894483651572322,45.88607217213041],[1.894595032628243,45.88585532064616],[1.894438248625921,45.88557100530965],[1.894657050564703,45.88559205685603],[1.894758915417484,45.88552821089751],[1.894991051545288,45.88559171943614],[1.895259057251792,45.88528093648292],[1.895728459156485,45.885216177495735],[1.895717675958542,45.885110704258814],[1.895901422111911,45.88507917733866],[1.895944249486951,45.88538759407757],[1.896285533069088,45.885281055477314],[1.89630904814574,45.885394758162505],[1.896431441176455,45.88540045580212],[1.896561764193267,45.88513875834469],[1.896847667737113,45.885415324763194],[1.897218113775342,45.88520460059898],[1.897460493706692,45.88527180629141],[1.897810396196281,45.88525000170722],[1.897932225986959,45.88515482725996],[1.897885111007649,45.8849958658855],[1.89800616635196,45.88493940876055],[1.897853204235111,45.88478571967983],[1.898143064995624,45.88473541078407],[1.898187242677541,45.884525105591806],[1.898738506382211,45.88442871108691],[1.899015594953545,45.88417834682514],[1.89939373265772,45.88409827468309],[1.899341066665239,45.88389423091733],[1.899144590613689,45.88398237595023],[1.89895776562618,45.883845469654666],[1.899123322254149,45.88369128154414],[1.898918471966924,45.883488457316844],[1.898949596612217,45.883221288205704],[1.898857536675402,45.883052883722975],[1.898468143208344,45.88292210862026],[1.898350954013503,45.882656196218164],[1.897926688571585,45.882657464669784],[1.897407307012877,45.8823209869415],[1.898066159065045,45.88116296071232],[1.900138521598901,45.876691050108015],[1.900528712865913,45.87619772595052],[1.902162888360898,45.87480780437033],[1.903735343880796,45.87379460403872],[1.907711652876383,45.876779790369135],[1.907895448423335,45.88039018397497],[1.910502557020028,45.88046126912091],[1.910805542096053,45.880397545910085],[1.910889365587285,45.88046229452777],[1.910818744467968,45.88070837252252],[1.910944329395824,45.88094373267784],[1.910899278612365,45.88107028017769],[1.911200790395115,45.88095070585264],[1.911200469761326,45.880836329364506],[1.911305810288249,45.88085625599648],[1.911453696762274,45.88113775980134],[1.911653044680738,45.88129457850335],[1.911529817130131,45.88152754237985],[1.911921997859173,45.88171413494218],[1.911848045107635,45.88193316415475],[1.912065674381084,45.881947866754196],[1.9122617025747,45.88214247666153],[1.912278884637154,45.88231735407103],[1.912495506720922,45.88218705311599],[1.912895905392072,45.88221882191083],[1.913047524339322,45.88237698027171],[1.913230482997502,45.88225355888256],[1.91338463419989,45.88234870068921],[1.913546284511529,45.882325038103694],[1.913680465956704,45.882582992130935],[1.913422654593494,45.88257871341118],[1.913381251190204,45.88265126225865],[1.91367626773626,45.8827306465157],[1.913839865940095,45.88287000675739],[1.91384836156225,45.88328975752552],[1.914061761763765,45.883257585564635],[1.914188260135789,45.8831201116182],[1.914294966263288,45.88313644621908],[1.914260965205427,45.88342250333871],[1.914017095930723,45.8834958095747],[1.913955307484657,45.883621296894226],[1.914021882684012,45.883711093589355],[1.914269522215426,45.883773810745765],[1.914355214731658,45.88400608207354],[1.914578971085935,45.88416853329174],[1.914685608470803,45.88418846915348],[1.916165914291776,45.88222320121312],[1.921046927551005,45.8833244647278],[1.921733320303224,45.88271141675004],[1.922315575520919,45.882411673215294],[1.922208260973026,45.882294475853],[1.921900583603093,45.88240051193724],[1.921694464972594,45.88239044098168],[1.921503267575988,45.88234268778717],[1.921429175420621,45.88224111639315],[1.921838421125747,45.88188659063354],[1.921959555567654,45.88162657868166],[1.922829322852801,45.88106390396543],[1.92288027151878,45.88083204076104],[1.922703068313089,45.88059620247222],[1.92283068052499,45.88059831904081],[1.923088628846477,45.88085924187939],[1.923248454005582,45.88086256539984],[1.923386901827224,45.88077202520505],[1.92330567087972,45.88024351402192],[1.923734390287016,45.879748677284226],[1.923665451595137,45.87925090299715],[1.923776651411445,45.879036724031785],[1.923946233301127,45.879002315311524],[1.924495213313142,45.87928221516093],[1.925339359009587,45.87923710902855],[1.925819478277571,45.87901472709773],[1.926111281127446,45.87872931526424],[1.926463952718387,45.87856245615716],[1.926913597071157,45.87798405296693],[1.927184713739929,45.87783352841683],[1.92728674688928,45.87749317861258],[1.927572403701554,45.87719149448548],[1.929058913200767,45.876865169657904],[1.929263090171802,45.87670860258987],[1.929311662390199,45.875601355340464],[1.928689611067657,45.874968661409596],[1.928714468547561,45.874750957810654],[1.92905086891294,45.87462356205724],[1.929060334140798,45.87453449480122],[1.92864501890964,45.87427749765889],[1.928605284403987,45.87406638647237],[1.929141382340022,45.87361397436642],[1.929475520267373,45.87360273016647],[1.930171850207244,45.87339678705439],[1.930783820789832,45.873884384922654],[1.931550597684038,45.87416811171544],[1.932132478506965,45.87414659303546],[1.932551193118915,45.87382904277875],[1.932826070733493,45.87388207039631],[1.933020140295449,45.87418019142629],[1.933614968481614,45.87462258312663],[1.934743779771633,45.87578866323458],[1.93523615536439,45.8770649128402],[1.935661414965427,45.87727695021771],[1.935834708681356,45.87751723382539],[1.936057066501709,45.877553548635866],[1.936533537431445,45.87811908964029],[1.93683726183037,45.878282248660796],[1.937218270200625,45.87871720618346],[1.937285153136841,45.878993410552745],[1.937607077136302,45.879216176399794],[1.937671268514337,45.87956530170394],[1.937867621369406,45.879747261445054],[1.938370377329318,45.87988706995866],[1.938838826607377,45.879799609631895],[1.939414372346412,45.880244490574164],[1.939608190972921,45.88029043683877],[1.940154935877426,45.88022171689023],[1.940682599847544,45.88000512148414],[1.940950282430677,45.88003194494375],[1.941318616274814,45.880457763775134],[1.941511762768367,45.88087473663907],[1.942167515512604,45.88110601779343],[1.942619193180639,45.88162447051481],[1.942925804220721,45.88184077364705],[1.943489353675203,45.882039664763035],[1.945004651396934,45.88229967178307],[1.9453329882954,45.88245943492575],[1.946116378524439,45.88174898401087],[1.946681461424032,45.880923021938095],[1.946940594379983,45.88031754964805],[1.946009604959715,45.87903726521087],[1.94601567427964,45.87817997674938],[1.94586000794177,45.877082528502015],[1.946188018044023,45.87665061024909],[1.947161136460718,45.876397611192296],[1.947271689288476,45.87621222232875],[1.947550580489522,45.87625894727278],[1.948517425984629,45.8758608861533],[1.948198917185918,45.874781739287215],[1.949198576232407,45.87387785651017],[1.949550512518452,45.87333808273827],[1.95110080540957,45.87222136110188],[1.953125603497403,45.87225183961528],[1.954564908327082,45.872564150380306],[1.955579420057964,45.87263837000152],[1.958790260651642,45.87192141916298],[1.960068002061318,45.87150451048555],[1.96028777066444,45.87174608390388],[1.961904666341032,45.871186381440914],[1.961665077870484,45.87042229852637],[1.962549834161542,45.86992250135526],[1.965158524968772,45.867549099534834],[1.966735197345016,45.86671879054953],[1.969207439423265,45.86576604903869],[1.968846889673716,45.86484868271125],[1.968867799297438,45.86448864594746],[1.968418139144889,45.8632363540357],[1.961726849373246,45.86056612816162],[1.960537679910953,45.85992209573051],[1.958999080806366,45.85880833682971],[1.958754748135896,45.85898349813167],[1.955725407406877,45.85736964008217],[1.955408663370034,45.85660392918581],[1.955273296009253,45.85524461715174],[1.955809112845875,45.8542409307043],[1.956497147312507,45.85363760046321],[1.957233952048046,45.85318060866237],[1.958908751985727,45.85239364414876],[1.959903486258228,45.85165172972371],[1.96153474282984,45.85016098138138],[1.961899122521496,45.8496302920231],[1.96226231582133,45.847860407069376],[1.963789110829265,45.845815718928165],[1.963760240278424,45.84405934426673],[1.964471111688624,45.84257091773338],[1.963936006204951,45.83963916222205],[1.96285698703082,45.83864133659842],[1.962221270154397,45.83709282316339],[1.961980008803229,45.836151312749415],[1.961931727725023,45.83447130754359],[1.96202800567065,45.83394175707459],[1.963854665042905,45.83264820024383],[1.963172724989322,45.83164231107117],[1.96316191339369,45.830777665697795],[1.964591681882845,45.829964059506175],[1.965562898307019,45.82873287587745],[1.966089649079032,45.82777679261444],[1.965718550083639,45.82681969293379],[1.96573901020216,45.8264839683005],[1.965934618588002,45.82642542135902],[1.966148396826333,45.826222048916044],[1.966389880331403,45.82619003761181],[1.966553986507396,45.825818704131265],[1.966859375280288,45.825813393066746],[1.966842591469385,45.82574659748568],[1.966648554010968,45.825721407498236],[1.968371559952725,45.82464657155355],[1.967278472420741,45.824136766062665],[1.965454154718849,45.82346895819357],[1.964697691688821,45.82328191229329],[1.96330686188499,45.8230602215611],[1.961334427489631,45.82301237916346],[1.961003262808733,45.82295079590926],[1.96025846855772,45.82241890947858],[1.958389524520822,45.821734365103694],[1.957775362990088,45.82097131986005],[1.956428546321057,45.820674301995176],[1.956035829803118,45.82073551322055],[1.955812516540304,45.82089735226135],[1.955181076792308,45.82098156889723],[1.952964650960378,45.82035585760032],[1.951980556434737,45.81974784981879],[1.948864262045889,45.817412524344995],[1.947739272104182,45.81703911666551],[1.94713152463724,45.81662549307498],[1.945092576942701,45.81798163561429],[1.944220667382331,45.816295722612594],[1.943176193694253,45.81535205949512],[1.942766930426898,45.81479887974015],[1.943051594160531,45.81472949897903],[1.944001929649967,45.814264690116225],[1.942634176309057,45.80928974207378],[1.940854672272264,45.80854179866893],[1.93910698604007,45.80794992469089],[1.93621619677185,45.80713922626487],[1.933864482425626,45.806157032774514],[1.931872990648732,45.80572844823053],[1.931083799083333,45.80538776689862],[1.930525345870272,45.80503485684057],[1.930576715198973,45.80477597843474],[1.929633380789235,45.80395201989387],[1.925750840813087,45.80178348410448],[1.924428065129575,45.80035068396967],[1.921791182920271,45.796326079485866],[1.921587172468217,45.79398263813252],[1.921412840902659,45.79302096052799],[1.921216640275998,45.79252016749095],[1.921364115479405,45.7922198846504],[1.921422924746713,45.791383813473615],[1.920923312980422,45.7913241030114],[1.920407809080682,45.79155062087031],[1.919881521521863,45.79153838107091],[1.919367145738788,45.792101719802695],[1.917075298739824,45.79395745206479],[1.914594053147631,45.79463336609439],[1.911958475895541,45.79516724886211],[1.911623641123329,45.79549903490781],[1.911111415609316,45.79568591737319],[1.908849941099332,45.79748144140079],[1.906927773797591,45.79877948724205],[1.90564264200702,45.79917859920381],[1.904688529008242,45.79983036885549],[1.904932548531774,45.7930432886459],[1.90752976365964,45.79321074780648],[1.908388771281144,45.793194743228995],[1.908929492103661,45.79260739244379],[1.908359762019108,45.791470760227625],[1.908386026215081,45.79131431403306],[1.908469978420458,45.79117013323291],[1.909057224875967,45.79089843356386],[1.909148748197888,45.79069668861392],[1.907950740859587,45.790085319926845],[1.908471394850981,45.78986070957452],[1.908210298554313,45.78965375344297],[1.907988449856407,45.78954533921374],[1.906543030235833,45.78959888805145],[1.905205704511156,45.78861510243896],[1.906542954936908,45.787976949704685],[1.906561514566767,45.787754687223945],[1.906885909162294,45.78710401143746],[1.907240712033221,45.786607627732586],[1.907619174895454,45.78634652230049],[1.908009820718831,45.78625033888938],[1.90875709025561,45.786216140406964],[1.909582153017762,45.78589270332095],[1.911311917334632,45.784011891016945],[1.909833718872338,45.783124963610724],[1.909339513244908,45.78266539778048],[1.908500297731958,45.781557681145586],[1.904934985003912,45.77934914935432],[1.904331310729342,45.77870207932536],[1.904280256292507,45.77803155499886],[1.903877370535762,45.77667137454356],[1.903243339185147,45.77574032199575],[1.90290225267261,45.774964311805654],[1.902305715145474,45.77214781183352],[1.901345984919635,45.77096772155495],[1.902169952851317,45.76978337933499],[1.899030280720203,45.768544211407985],[1.898029814697631,45.76831650433136],[1.896467117048191,45.76776178438918],[1.896128184902136,45.76746488058341],[1.894070749351206,45.76681432687544],[1.892775177113043,45.76802370270384],[1.891935192205306,45.76865036307812],[1.891677167184749,45.76938900401564],[1.891107323988868,45.77264799931704],[1.891049514454862,45.77520777432096],[1.888886862724423,45.779585824618074],[1.887891620480492,45.780944900270946],[1.888110604234923,45.78112807449131],[1.888128947415645,45.78136780917651],[1.887703880830246,45.78183102065106],[1.886272547685313,45.784833843626764],[1.88552944482523,45.78670331507842],[1.885578143491963,45.787734959395785],[1.885876332046795,45.78871503208505],[1.886405221794369,45.78974601170722],[1.887138793388415,45.78969200785831],[1.887597019740338,45.790270194082794],[1.888018364329335,45.790314872146176],[1.887461783082015,45.79065701075684],[1.886994110903632,45.791122502276046],[1.886926212281923,45.79161715134132],[1.885597391169237,45.79297021829661],[1.883445989533895,45.79495274695655],[1.88215805282385,45.79644036613295],[1.880771729609382,45.797760388509744],[1.872695966996046,45.79835366218201],[1.872454772127728,45.79843770907144],[1.872065927803697,45.79919481617043],[1.871291083090963,45.80019031980548],[1.870300466160054,45.80140970553461],[1.868678563774045,45.80314689760759],[1.866517012534514,45.80444547013253],[1.865428237964097,45.80491814655666],[1.863828457430928,45.80631867578521],[1.86294215136379,45.80627372939639],[1.862579844211896,45.80660869934178],[1.861732959659675,45.806900058496964],[1.861511017163511,45.807109457868826],[1.861509526558065,45.807306670752446],[1.861346371794109,45.80747523576347],[1.860983818979634,45.80757154349201],[1.860424225698671,45.80723177976306],[1.859942407623924,45.80711704410151],[1.858192361709569,45.80718041114698],[1.857533529410448,45.80697021396364],[1.857513203417148,45.80677007846432],[1.857819541897577,45.80627875708878],[1.857400959515787,45.80578460343334],[1.856711728835842,45.805302116992316],[1.856421574393778,45.8052604530839],[1.855998500225299,45.80535703225096],[1.856369906435846,45.806511742692464],[1.856311229610163,45.806920013850515]]]]}},{"type":"Feature","properties":{"fid":3782,"ID":"COMMUNE_0000000009751312","NOM":"Chavanat","NOM_M":"CHAVANAT","INSEE_COM":"23060","STATUT":"Commune simple","POPULATION":138,"INSEE_CAN":"01","INSEE_ARR":"2","INSEE_DEP":"23","INSEE_REG":"75","SIREN_EPCI":"200067189"},"geometry":{"type":"MultiPolygon","coordinates":[[[[1.988951104314826,45.96569113102411],[1.988683397169144,45.96479807991769],[1.987981011643833,45.964228949871774],[1.994795499499536,45.962040942327484],[1.994603227839252,45.961679909375015],[1.993066091354521,45.96001100865175],[1.992295965625514,45.95933413534071],[1.991588995704164,45.959017145080786],[1.990880041461116,45.95887934532978],[1.990184487697399,45.95667305971083],[1.989402632140388,45.9550918925901],[1.990259716230463,45.954964455782715],[1.990263166863569,45.95442414674358],[1.990523739384954,45.95415540021899],[1.990527889885717,45.9534358847347],[1.990854812945527,45.95271654546014],[1.991633100441531,45.951954397542714],[1.994029577641736,45.9503871219574],[1.99603560174846,45.94926841823656],[1.996037106919089,45.94904419076614],[1.995342002831809,45.948648978978355],[1.995205557542215,45.9482731325169],[1.995206659608349,45.94785888209252],[1.995059754843989,45.947702680606255],[1.994446396826549,45.94749820823838],[1.994157732750403,45.947257894029676],[1.993949304152416,45.946936340760736],[1.994081117993337,45.94671687366648],[1.993928424183386,45.9463832077329],[1.993502571429112,45.94616238528495],[1.992686997562527,45.94551032460535],[1.992232265698176,45.94510462419916],[1.991893270197731,45.944653123378785],[1.991103551496067,45.944001281208756],[1.990496396352142,45.94395444134338],[1.990132664012656,45.9437971996356],[1.989822239869542,45.943408086401895],[1.989551045074369,45.94278067239594],[1.989015763459859,45.94254624769964],[1.988465275886568,45.9420153980955],[1.987742863696412,45.94086611989993],[1.987814128122405,45.940500226610496],[1.988119220236407,45.93998332783855],[1.98796022503188,45.93908223997452],[1.986816185177678,45.93889369127659],[1.987270933155896,45.9383105920142],[1.986372590310908,45.93767755588322],[1.986178976270535,45.9376776226821],[1.985723760312774,45.93821568506618],[1.985465616791108,45.93821517229879],[1.983858618793794,45.93744517852835],[1.98372954884622,45.937444920091146],[1.981464080039795,45.938922197043205],[1.977646879865835,45.94088884045984],[1.975187022724092,45.942321011103665],[1.974898002685129,45.94245257840964],[1.974567747475132,45.942233450165475],[1.974439873673487,45.94202966354056],[1.974361331497958,45.941394951405876],[1.973720686336564,45.94093075428977],[1.973256434944234,45.94090673093794],[1.972922254482193,45.940760508222915],[1.972248331115857,45.940143804411896],[1.972182534866503,45.93958845633773],[1.971997127459653,45.93921753900239],[1.97275250011311,45.93864983499441],[1.972799256818994,45.93828823067069],[1.972687458537566,45.93798462467698],[1.972248304902122,45.937585287492915],[1.971643464612266,45.93755727868487],[1.97118564073848,45.93732887576812],[1.970843972383082,45.93703218352869],[1.970524665549358,45.93650604847634],[1.969935774138983,45.93610894206044],[1.970347632946478,45.935826309147124],[1.971143308205774,45.93565613387314],[1.971932149627308,45.93529857259282],[1.972955601625987,45.93530246245316],[1.973166086048345,45.93522782421389],[1.973278310653065,45.93509285657497],[1.97329261392746,45.93404832642604],[1.97339739661472,45.933827737128894],[1.973709183648327,45.93371889473872],[1.974604031240725,45.93369638759492],[1.975043032189596,45.93354816864852],[1.975191247024477,45.93342072971603],[1.975265785686483,45.93302155227955],[1.975588453262413,45.93267415265055],[1.974908952778593,45.9322915614188],[1.974481995219694,45.931793280564584],[1.973897732982171,45.931495299091594],[1.973980106032994,45.93095300304729],[1.974184609165799,45.93050547337516],[1.974699800188788,45.92993738110082],[1.974761552237681,45.92973981552763],[1.974484445754184,45.92937347463421],[1.974107399895682,45.92910709065938],[1.973734988573009,45.92956210305861],[1.972878538247255,45.9299514828427],[1.971439393704032,45.9301671546198],[1.96976030548077,45.93085972672912],[1.967933108315392,45.93105110735449],[1.96700658471154,45.931388471653136],[1.965799098456516,45.931704348950326],[1.964773992703625,45.931860680113395],[1.964507421749713,45.93182942278075],[1.963904628035556,45.93265693250698],[1.963710201745469,45.93270108121449],[1.963453738536606,45.932475390799],[1.963195218085296,45.932564880573594],[1.961704531160845,45.93372915868656],[1.962346907697602,45.934091676916175],[1.963826539911489,45.93468160010803],[1.963825307072345,45.93481577379539],[1.962988091354694,45.935066568385395],[1.962272055795274,45.93539321551976],[1.96208232493955,45.935598606721086],[1.962070221077148,45.93576149897917],[1.962395719239368,45.9360229476963],[1.96248470083743,45.93623269589245],[1.962209718150372,45.93685246871699],[1.961791780657233,45.9370440590674],[1.961557740781421,45.93734000058767],[1.960607705099085,45.93788963277896],[1.960108340718461,45.93849653288458],[1.95972487142797,45.93870734448856],[1.959175665158752,45.93887700553743],[1.958149363337884,45.937586949805954],[1.957878532928105,45.9370972471228],[1.957114100310581,45.936431887439724],[1.956858402168126,45.936098120476224],[1.956844294694546,45.935616184757414],[1.956696984984407,45.93528431704425],[1.956529354233426,45.93636615884939],[1.955626753816588,45.93631820740816],[1.954924050360314,45.935326494748935],[1.954344156175103,45.9354138967382],[1.954145908887674,45.93599833692544],[1.952985635969419,45.93599391182943],[1.952087707793333,45.935361504028826],[1.94983254141632,45.93503890646121],[1.949253051858679,45.93503712948673],[1.948852630545639,45.93687958449707],[1.948720564309399,45.937374573211024],[1.948065395042553,45.93876617383863],[1.94780682149539,45.938990714379266],[1.945608747534178,45.93979247977226],[1.945349730498408,45.93997198205039],[1.945477078230443,45.94019741142718],[1.946501933640784,45.941010267253645],[1.947402023034641,45.94146352522728],[1.94765975189061,45.94155417809537],[1.948562859185203,45.941512139792515],[1.948885544784072,45.94137825015969],[1.949078295775395,45.94142416822486],[1.950296847596668,45.9423729726924],[1.950764853561601,45.94294557352025],[1.95038880415018,45.94316993147893],[1.950006463033939,45.94358875348245],[1.949235589611929,45.94407331187664],[1.94785950629154,45.94461257908437],[1.947053508145126,45.945582205158175],[1.946145655075554,45.9463410439439],[1.945534978789562,45.94647854748126],[1.943537693510224,45.94722721115278],[1.943348577531973,45.9473947536272],[1.943139560606757,45.94785929920762],[1.942933441825275,45.94797084670659],[1.942216573554094,45.948056908691875],[1.941464295206919,45.94803726789071],[1.940955213441855,45.94819370853878],[1.940644260001742,45.94845286567532],[1.940212550250394,45.94901618596077],[1.938511928720039,45.949703598913956],[1.937728070297851,45.950249197951266],[1.937576728998035,45.95086647209389],[1.937423679195092,45.95110368767825],[1.937099883522497,45.95129066888676],[1.93637386150422,45.95144685321348],[1.935840273443848,45.951866909352205],[1.934987936670413,45.95227856112063],[1.934722252096659,45.952530923766986],[1.93428743710358,45.95331663505872],[1.933995555510818,45.953321091371855],[1.933605127102191,45.953080562827985],[1.933156159604868,45.953129466345345],[1.930587374063104,45.95396527713223],[1.930281240575024,45.95423796072619],[1.929358336742801,45.95455614470942],[1.928835485261095,45.95515008124657],[1.928816481175514,45.955463301729196],[1.929123076696159,45.9557651935342],[1.929232819714881,45.95609764340783],[1.929528830787769,45.95641294257566],[1.930391983459864,45.95711184252284],[1.931108948525068,45.95716094133824],[1.932373149227181,45.95755561510755],[1.933014773063957,45.95742837912893],[1.93348745124714,45.95755711246688],[1.933747514531954,45.957396558131194],[1.934408905671524,45.95751535737539],[1.934657786638984,45.95746546640545],[1.934802033760451,45.957618120291464],[1.935407252542011,45.957703964423715],[1.936041212108806,45.95757213639701],[1.936539970546846,45.957821778985675],[1.936949868744428,45.95765812191778],[1.937083581232314,45.95775483830261],[1.937110637607627,45.95795862212427],[1.937649471685476,45.958340119832506],[1.937871324039715,45.95882130692134],[1.938253405899107,45.95909596372645],[1.938116661994184,45.95929010578787],[1.939143074963283,45.95996795438644],[1.939332799414534,45.960509175822644],[1.939525626739999,45.960554209740934],[1.939912556685286,45.96051100359371],[1.939789997719769,45.95970024002393],[1.940048224152995,45.95970175738493],[1.942172192263748,45.96038354460166],[1.944108810894171,45.960871722247354],[1.94670116093241,45.95982238708049],[1.946995744426299,45.95974587700576],[1.947523783145895,45.95975078711497],[1.948206910134527,45.96211483473937],[1.94838052697776,45.96242264217553],[1.948862518822749,45.962811662538435],[1.949134225853052,45.96291955174045],[1.948147578528614,45.96359842715546],[1.948599100537484,45.96368997655202],[1.948660671476099,45.96404987672773],[1.94956157608851,45.96427797829833],[1.950463771390716,45.96437099876196],[1.950784896761343,45.96473240276271],[1.951495113320616,45.96459939329026],[1.951371066431842,45.96378953074662],[1.952082965862499,45.96356737667155],[1.952084667530253,45.96334224942507],[1.952407472487204,45.96320834976448],[1.952603701899139,45.962804007317146],[1.953461093768683,45.962671446643164],[1.953619610421569,45.96268822149983],[1.95395782272682,45.96289847827598],[1.954409331041798,45.96285491859479],[1.955702256605595,45.96249941834154],[1.955575631804739,45.96209479430168],[1.956934785681346,45.96151384775338],[1.958874079057778,45.96098144898951],[1.962554320356009,45.96036321952337],[1.963193717789974,45.96117508731583],[1.962996358200372,45.96184960810674],[1.963824520376321,45.96333682742498],[1.964208163536369,45.96374289267666],[1.964203265725935,45.9645524604402],[1.963736091767099,45.9668005117405],[1.962950191135324,45.968552130244184],[1.962818192629437,45.969046234913336],[1.962108352159926,45.96908926208057],[1.961973392108273,45.969808481309585],[1.961327715176034,45.9699412483386],[1.961258599501829,45.97066107077224],[1.962032583672187,45.97057360820746],[1.962222586632303,45.97111389080137],[1.961316949674156,45.97147031835806],[1.961057427005078,45.9717399098654],[1.961054963094065,45.97214424344242],[1.961982951192346,45.97354863792108],[1.984523567278723,45.96698344750016],[1.988951104314826,45.96569113102411]]]]}},{"type":"Feature","properties":{"fid":3993,"ID":"COMMUNE_0000000009751854","NOM":"Saint-Moreil","NOM_M":"SAINT-MOREIL","INSEE_COM":"23223","STATUT":"Commune simple","POPULATION":218,"INSEE_CAN":"05","INSEE_ARR":"2","INSEE_DEP":"23","INSEE_REG":"75","SIREN_EPCI":"200067189"},"geometry":{"type":"MultiPolygon","coordinates":[[[[1.659539688085782,45.83448731572157],[1.659135505295554,45.834895903475996],[1.659315766259977,45.835908540173754],[1.65932069330735,45.836554344053454],[1.659177724068321,45.83681742970239],[1.658835400291542,45.837118676346606],[1.658706052431923,45.837351302049754],[1.658238091625813,45.83741419160625],[1.658024512588339,45.83729547425131],[1.657310790112785,45.8380858441149],[1.657276812668048,45.838423173356006],[1.657708258358479,45.83922625172557],[1.65772161470688,45.83989557228222],[1.657427396405198,45.841714033536256],[1.656702252690093,45.842759140692905],[1.655992749914649,45.84326675827712],[1.655809199887833,45.84413637659548],[1.655169527258496,45.84442146587065],[1.654768440661293,45.845068741138896],[1.654352499258327,45.84553211120055],[1.653992645305515,45.84554493620582],[1.653818300329526,45.84545459787384],[1.652816723403817,45.84557144786441],[1.652887963509116,45.845767732480965],[1.653336020721113,45.84599552800818],[1.653520921277727,45.84676236044469],[1.65385601086363,45.84697259616425],[1.653813369515164,45.84724137421984],[1.653046371512287,45.84804189228149],[1.65101708463896,45.84918218639432],[1.65035368621503,45.84974886124144],[1.650429736908324,45.85106558030724],[1.6508318863741,45.85159094333733],[1.650745863602878,45.85236805461061],[1.650929599121233,45.85265484548797],[1.65135837319073,45.852671672269956],[1.652643795453137,45.85302294015687],[1.651830010136805,45.853571619479894],[1.651719899608993,45.853805368255415],[1.651774119542857,45.85396002177811],[1.652133322543641,45.85423989789793],[1.653417179854795,45.854815392916954],[1.653953663618519,45.85527840082348],[1.65553798681488,45.85532067915543],[1.657073569593321,45.85609456176408],[1.657893489314895,45.85629973826748],[1.659488153314242,45.85634208365698],[1.659427419148677,45.85576496526653],[1.659656026646927,45.85548037892851],[1.660559009650082,45.85539652124207],[1.660562794859507,45.85508134861156],[1.66152892959811,45.8549973312352],[1.662294429079805,45.855586396361446],[1.662933726485483,45.855905577805714],[1.662786282984921,45.8569368453442],[1.663009344000727,45.85725290092809],[1.664387096669685,45.858163510392835],[1.664701788878659,45.85879496209889],[1.664820301230053,45.859650150869136],[1.665071243415751,45.86014665569007],[1.66667419012773,45.86065101439151],[1.667186858403814,45.8608795152856],[1.667628514625538,45.86164664807816],[1.668330599732656,45.862145761491554],[1.668261538319821,45.862550226708706],[1.66773961082514,45.863131279323],[1.667604998327207,45.863580903063884],[1.66772817497482,45.864031764730306],[1.668299444457461,45.8646644288061],[1.669771209100176,45.86548331346262],[1.670280904607107,45.86589098801141],[1.670592070253737,45.866994305360045],[1.670639379727046,45.86818728237605],[1.669728938322455,45.86894660008298],[1.66927120644636,45.869483384931755],[1.668948924518723,45.86948229181937],[1.668244106898788,45.86925243658535],[1.667986291148948,45.86925119968058],[1.667272010423857,45.869786754136555],[1.665333990094536,45.87022500316048],[1.665330430615564,45.87058520945392],[1.664167600387384,45.87084796281322],[1.663252602344251,45.87120459842152],[1.663678021300288,45.871632020279456],[1.663901174138291,45.87152118011926],[1.664861378952718,45.8720665948107],[1.664852787265048,45.87274105840813],[1.665367140529723,45.87274443106803],[1.666127395424714,45.873828746535956],[1.666450832435818,45.87452964327863],[1.66718794854174,45.875346193823916],[1.667542077813302,45.87600511992362],[1.669331482509438,45.875107566365706],[1.669652892703974,45.875199610367424],[1.670804218171877,45.87579135273658],[1.670473804983079,45.876553894486285],[1.670860375855272,45.87651070772048],[1.671313340789685,45.876334107732106],[1.671570105318529,45.87638035529031],[1.672592960956831,45.87706153165185],[1.672915287244761,45.87706261437451],[1.673626771817343,45.87675214574364],[1.67485413306842,45.87649005063264],[1.675103515786125,45.877165736300014],[1.675991662963328,45.87825058081045],[1.675926314958643,45.878340777909386],[1.67490400411377,45.87838553783835],[1.675051073920603,45.8788654904532],[1.67707626237192,45.879156692793664],[1.677072360752266,45.87942683274718],[1.677457206159966,45.87956372678165],[1.677389930540916,45.879788094347006],[1.67670036449693,45.88025915361224],[1.676507672361734,45.88049736304902],[1.677373448158489,45.8812279907615],[1.678206076889078,45.88232027268034],[1.678873718123771,45.88276487677255],[1.679352031611958,45.883200060326494],[1.680253753896802,45.8844795614568],[1.6804393801184,45.884482628836395],[1.681277731969028,45.88420781559439],[1.682925268295737,45.8839604384943],[1.683477630287796,45.88394255549195],[1.683595398262208,45.88408712504207],[1.683585466620288,45.8846111688086],[1.684739902730543,45.88460028853278],[1.685065899018007,45.884287063366976],[1.68571509388318,45.8838857321082],[1.686491075917427,45.883575031471125],[1.686684694529615,45.88362141110173],[1.686810636978129,45.883802096850125],[1.687326166420787,45.88376035120104],[1.688972312354128,45.88525106020456],[1.688860087510928,45.886282765962314],[1.688201475247129,45.8861040089347],[1.687943580271626,45.88610281754969],[1.687418618425235,45.886864950234774],[1.687672666718027,45.88713628316799],[1.687865248940213,45.887226778814984],[1.688251859582577,45.88718443294048],[1.689272591139854,45.886778385011134],[1.690117853964945,45.88729793005379],[1.690632727270279,45.88744799263583],[1.690555875149655,45.88845759403735],[1.691170508851198,45.8884259842859],[1.691960724179786,45.8877884868602],[1.692377221363407,45.88757355437489],[1.692801506577244,45.887573957624895],[1.693028248196533,45.887692758394444],[1.69278457062324,45.88796192724349],[1.692779793269848,45.88832662142948],[1.692369186390293,45.88872805107167],[1.691549883864598,45.889177886702484],[1.691236247586686,45.88945975199985],[1.690902937912927,45.89002688403035],[1.690518763970349,45.891214851352466],[1.690303266188136,45.89159962043854],[1.691225236434506,45.89187958022327],[1.691481847734175,45.891881649570394],[1.692130460343921,45.89161536660254],[1.692745090011595,45.89147657455464],[1.692732426881336,45.89130350989434],[1.692926742935036,45.89094100692644],[1.694087722036874,45.891094917995716],[1.695983275785752,45.8925820963837],[1.697028152925867,45.8924113169226],[1.697624541131941,45.892826166408824],[1.697923789355547,45.89315293355391],[1.699587170370919,45.8930072633302],[1.699854704596949,45.89210882465438],[1.699927340580364,45.891435099535826],[1.700504695449619,45.89161825693822],[1.700567292622478,45.891753167894066],[1.700366969819895,45.89242722701812],[1.700754689429335,45.89233891949434],[1.700819992188989,45.892249608399105],[1.701269456593847,45.89238716214081],[1.70080994407099,45.893059145292945],[1.700807447182342,45.893329300926446],[1.701062651807761,45.89355558526443],[1.701447655377394,45.8936923976575],[1.701963266203318,45.893650585263394],[1.702423369370205,45.89284351218698],[1.703450454182092,45.89320923526508],[1.703868799590789,45.893244652319176],[1.704162936308193,45.89252843315789],[1.703978310939062,45.89204268752538],[1.703470011175255,45.89150009433335],[1.70347272567023,45.89127497198791],[1.704251422901733,45.890739027086916],[1.704408351808289,45.89048234923968],[1.7043960917506,45.888644056213636],[1.70477372080876,45.88700746489213],[1.704686708876732,45.886758799302555],[1.706258845032006,45.886370623581755],[1.706962928792863,45.88609768696547],[1.708035729350595,45.886214422495435],[1.708534167362596,45.88618679456568],[1.707219432445399,45.88472808590772],[1.70663942618843,45.88477008520739],[1.705557760706318,45.88354908255011],[1.705560698693705,45.883368993511894],[1.706355856587231,45.88300524129391],[1.705769269472697,45.88102078063528],[1.704689519523215,45.88071031086714],[1.703593603407434,45.88070405269351],[1.703402097831668,45.88056766492856],[1.703116509265989,45.879935760562866],[1.703109070055761,45.879484467709176],[1.702713514940685,45.87886841225237],[1.702510898831895,45.87619036304566],[1.702188197632533,45.875164461732865],[1.704243460843387,45.87472422442455],[1.704628913877938,45.874726841113485],[1.706938186201291,45.87554942346767],[1.707518095266578,45.87550742264233],[1.708486389849522,45.87528793329947],[1.709517512610071,45.875248374943816],[1.709908504871289,45.87551041321054],[1.711148236711943,45.87564793938731],[1.711838771764,45.87583773442745],[1.712619018533209,45.87588534965266],[1.713370923378486,45.876042511525824],[1.714661361954569,45.87599685132663],[1.714918380258244,45.87608893410025],[1.715938882933755,45.876948907055905],[1.716707665391967,45.87726834820287],[1.717340529751491,45.87766639625071],[1.717990823773851,45.877814268470566],[1.718616404846783,45.87763853747684],[1.71960604216994,45.8777767373324],[1.719642380128222,45.87765556647603],[1.719379870292472,45.877466166441295],[1.720135709028228,45.87739997600268],[1.719987897659373,45.87726861443467],[1.720075936588414,45.87719756246082],[1.720960378800455,45.87720126902287],[1.721279000960025,45.87747325564245],[1.721858121633117,45.877521233257994],[1.72328105783972,45.876988841791125],[1.724979640082141,45.87479431494681],[1.726947453634682,45.87472643348249],[1.72753054205879,45.87476902333819],[1.727756911183398,45.87490486156059],[1.728071094139468,45.874811131545215],[1.728201590233201,45.874631577453506],[1.728206007613093,45.87427228414446],[1.727826051185083,45.87364028391883],[1.727529789469434,45.87340459197833],[1.727614043930895,45.87304979983659],[1.727420342210284,45.87283957847694],[1.727433873072151,45.87264429862713],[1.727181692728653,45.872454132445824],[1.727680992747519,45.86936526106108],[1.727039855260771,45.869047331772144],[1.726721253366315,45.86877536143399],[1.728350819476267,45.86698528511668],[1.728551745641904,45.86626615799312],[1.729203784978026,45.8655503027329],[1.731479217397618,45.86358281944533],[1.731611725442335,45.86331412425098],[1.731156085629328,45.860986340720565],[1.730651455040165,45.86006115249715],[1.729796212250689,45.8595850274338],[1.729156394651843,45.859102312542966],[1.72731364872269,45.856846262589976],[1.726876483728989,45.85663239674995],[1.726436683221278,45.856030336990564],[1.725181623104797,45.85495616746193],[1.725072746377523,45.85475950684706],[1.728833129264424,45.85355272897901],[1.729334156373982,45.853231443594055],[1.729748130541703,45.852716447248966],[1.729959059681457,45.85256751615158],[1.730283212390266,45.85248289965097],[1.730638921674336,45.852539131625946],[1.731017235068359,45.85301349849917],[1.731197008478319,45.853098373304285],[1.732403642747614,45.85325421246852],[1.736933279004083,45.85361924927645],[1.738866425846758,45.85345531713682],[1.738823765539344,45.85143117780706],[1.739016796151842,45.85138740132294],[1.739662185552717,45.851456744099906],[1.739529388947192,45.8510076612902],[1.738700036158978,45.85098039394213],[1.738702584345861,45.850756171331845],[1.739421600277055,45.85076149378629],[1.739545937965574,45.85050890990951],[1.738762799532785,45.85043352573194],[1.738926561984169,45.85009132193973],[1.739610768336372,45.850040417156436],[1.739630245492598,45.84918776011845],[1.73882537110562,45.8492184052717],[1.736891809308054,45.85047656785141],[1.736599457088851,45.85035531964584],[1.736505804183041,45.85005527084782],[1.737511843893635,45.84945680592502],[1.737567074037079,45.84901432450122],[1.736864621989434,45.848230150175894],[1.736532496218322,45.84815799037658],[1.736049287920648,45.848267863331124],[1.735655948564966,45.84822383554507],[1.734584022725117,45.84787410705981],[1.734194722850041,45.84771033860203],[1.733944272730059,45.84750489566093],[1.733417761978411,45.846806427143164],[1.733257565573121,45.846430878961776],[1.733301087280788,45.845657745072195],[1.733445386304425,45.84537837334206],[1.733258269903668,45.845221370953766],[1.733644708513076,45.84494741556815],[1.733634233942358,45.84444926224858],[1.733443957911058,45.84426160407147],[1.733789467582034,45.84408625622656],[1.733667837192958,45.84399573278173],[1.732534346219065,45.843749764194655],[1.731885298932382,45.843507421867365],[1.731309914324779,45.84275165596187],[1.731473068590783,45.84254905015595],[1.730607291252007,45.84187017340431],[1.729847405904865,45.84235786726067],[1.729663764882776,45.84266651216409],[1.726959866523734,45.843411498683096],[1.724854233302404,45.84313468015763],[1.723468591829668,45.84287316503323],[1.722267409476154,45.84238136198715],[1.721157750479982,45.84172216804779],[1.72034776114073,45.841366260952874],[1.718735244920449,45.841000347904185],[1.7183956617264,45.840808268316884],[1.718063399419985,45.84085583307221],[1.717739152972534,45.841057492198246],[1.716726904948035,45.84070106401135],[1.716274681249372,45.84069862773935],[1.71619815363248,45.84127414881219],[1.715703495918375,45.841489175837104],[1.715432802318533,45.84138252783202],[1.715729652951058,45.84086354881503],[1.715302181693444,45.84051735677579],[1.715086568929706,45.84003758082326],[1.714876132395946,45.84005500044942],[1.711149628215745,45.84171289930293],[1.707628898410659,45.843433373107835],[1.707117457106053,45.84348245848953],[1.706024664650017,45.843209669874085],[1.704515893070248,45.84237822423819],[1.704210949892416,45.84274307749461],[1.702932665595833,45.84274281782691],[1.701972313504306,45.84325054062644],[1.700520686222289,45.84355176872561],[1.698227806952169,45.84362443855623],[1.695879575813682,45.84413051911525],[1.694000995689954,45.844065588170885],[1.692366313854595,45.844584346023254],[1.692292462197459,45.8442205432981],[1.691202154188161,45.84444297781117],[1.691163954563656,45.844260610965144],[1.691339823216041,45.84374569517619],[1.690292660019485,45.84323642025207],[1.689367539962176,45.843231995509356],[1.688470367786043,45.84259385413711],[1.689234731969252,45.8422046534346],[1.689011073066318,45.84196429557221],[1.688732362030957,45.84116671773642],[1.688601409403159,45.84109224773842],[1.687133190989018,45.84100674712695],[1.686787624650031,45.84134136213088],[1.686606093539992,45.841334748640854],[1.685133008957493,45.84069618704353],[1.683232621892255,45.84025436393308],[1.683682354271687,45.83965889405872],[1.683482581005526,45.83955299507858],[1.681929588372761,45.8399437652298],[1.681329167163343,45.839942161554355],[1.681083159923046,45.83929084521981],[1.680879041024771,45.83796545524311],[1.680122646636085,45.836189608669514],[1.679184759756525,45.836723519175095],[1.679171299221084,45.83696292600727],[1.678389804466752,45.83693757404052],[1.67640134278721,45.83496445358953],[1.676129842284285,45.834949563756126],[1.675183664886361,45.83539868595606],[1.67508403575424,45.83616754590121],[1.674518177677963,45.8362842919409],[1.674073984307419,45.8364853202807],[1.673585042252753,45.83693979585989],[1.673333558735347,45.837056624764436],[1.672564359928763,45.83727004084351],[1.672416585768991,45.837092683517284],[1.671452434707559,45.83764333397282],[1.671244460161543,45.838039861908484],[1.671332723232021,45.83913695338157],[1.67089240561483,45.84067363330063],[1.670136957071174,45.84052784828469],[1.670100072517619,45.84120287849161],[1.669904336250537,45.841090698447395],[1.669443036328617,45.84114380626263],[1.66942921887363,45.840380818907875],[1.668883712354371,45.83975836852566],[1.668678789680928,45.839279525894945],[1.668431083068632,45.83902533341209],[1.667392601835595,45.83870237340185],[1.66709713376312,45.83845211753798],[1.666455021046575,45.838363483148555],[1.666234501255088,45.83826451326377],[1.665687974524427,45.83784647551353],[1.664660435387715,45.837285855467655],[1.663694040954262,45.83654222265808],[1.663163123254903,45.83638553687777],[1.662823958268232,45.83618518706549],[1.660633132261433,45.834451653374146],[1.65982754984235,45.834040421037905],[1.659758707635146,45.83427556691608],[1.659539688085782,45.83448731572157]]]]}},{"type":"Feature","properties":{"fid":4013,"ID":"COMMUNE_0000000009751062","NOM":"Fransèches","NOM_M":"FRANSECHES","INSEE_COM":"23086","STATUT":"Commune simple","POPULATION":241,"INSEE_CAN":"01","INSEE_ARR":"2","INSEE_DEP":"23","INSEE_REG":"75","SIREN_EPCI":"200067189"},"geometry":{"type":"MultiPolygon","coordinates":[[[[2.069820466483558,46.05670006992887],[2.07034165726529,46.05662959741404],[2.070800384779504,46.056734218645815],[2.070824424718871,46.0569955760276],[2.071286596017179,46.05735598055865],[2.071380267683487,46.057630515700104],[2.0713259315318,46.05778406537784],[2.071454342402494,46.05799314451602],[2.071766702994609,46.05811007161967],[2.072038364598396,46.058415780993414],[2.072736957033711,46.058718677033916],[2.072955078475954,46.05897801820908],[2.07332821968107,46.059019791283255],[2.073517685945282,46.05913751043358],[2.073649882332907,46.05935292177324],[2.073676041187153,46.06002674885471],[2.073936991366297,46.059971244393964],[2.074658011881849,46.06001945507855],[2.076168622790461,46.060269515100146],[2.076892809579919,46.06012952189527],[2.077430552338641,46.059690825480345],[2.077555633968622,46.0587894895133],[2.077777659486248,46.058431974719525],[2.078172320779968,46.0582703820519],[2.079231655399945,46.058198837960354],[2.079782599142237,46.05805111612352],[2.081238873859492,46.0568291664066],[2.079818736125104,46.056510564882856],[2.080083947938628,46.05511686077697],[2.080021628296486,46.05466697980201],[2.079402055511613,46.05343089739001],[2.078062046779535,46.05335337093898],[2.078870975702479,46.05278178964895],[2.078803508515066,46.05263985492992],[2.076291807279236,46.05101463979193],[2.077716221792148,46.05029768631044],[2.077781854288557,46.05016313720556],[2.074691814884268,46.047637130264384],[2.073632979540692,46.04699989914787],[2.074192050356225,46.04567254707643],[2.074256955672643,46.045274131974345],[2.077168166633582,46.043188767776265],[2.077301262423303,46.04242438109992],[2.076720100775829,46.04237822482459],[2.076270315804684,46.04174777655336],[2.078474332946976,46.04017803683384],[2.078475519545141,46.03995290830944],[2.077768087730048,46.03918708970996],[2.077640941211113,46.038826734839816],[2.078096740329155,46.038018143386104],[2.077454318390219,46.03738703352856],[2.077261124111502,46.03734133421891],[2.075844993849783,46.036123058497346],[2.07684866251998,46.035336947746316],[2.076163538064458,46.0349414273415],[2.074125898148226,46.03431783149385],[2.073722461009063,46.03431903868214],[2.072305356348232,46.03355098624359],[2.072110434132985,46.03368537460686],[2.071852601681677,46.033640037414784],[2.071209314267767,46.033143967076555],[2.070433331095054,46.03323216504693],[2.069921107996455,46.03255615051544],[2.069274424741348,46.03264450069379],[2.068822666757761,46.03259846480416],[2.068828946073178,46.03115853024214],[2.067412286366248,46.03052550216006],[2.067542963257464,46.029986244494275],[2.068964564040661,46.0299447965357],[2.069354111667507,46.02954004424558],[2.069808964017649,46.028866560874505],[2.069816049399987,46.027606743770534],[2.069171558261617,46.027110651178454],[2.06917430652586,46.02679547975544],[2.069303271423502,46.02666145557631],[2.069625701312015,46.02670732908271],[2.070075976372605,46.02706764340066],[2.070270650678579,46.027023312039965],[2.070920827318606,46.026035331870396],[2.071443224870289,46.02495714659357],[2.070939633028136,46.02216670563522],[2.072126076931802,46.0205734384712],[2.072600938994971,46.02047015909283],[2.071657617535631,46.018075968069816],[2.071516850515655,46.016536668419015],[2.070946550627265,46.016093424793645],[2.070238873865585,46.01651358344456],[2.070060020719865,46.017306404960785],[2.069078527871623,46.017177672881964],[2.068377773023161,46.017569059242675],[2.066962421046304,46.016803651589605],[2.066640051423442,46.01675777049647],[2.065927966711973,46.017206684019285],[2.065668702541125,46.017250475206],[2.065477050003766,46.01689047414923],[2.066319610451058,46.016217499739945],[2.065999467406369,46.01581231371536],[2.065805593870152,46.015811616307396],[2.064897886042909,46.01643902163248],[2.064705302714903,46.01643833300604],[2.064061994014884,46.01580713624236],[2.063803005872344,46.015986909240546],[2.063801999720083,46.01612198421378],[2.06418604590502,46.01679697024407],[2.064249182907842,46.01711268587075],[2.062762322498321,46.01751375447363],[2.0620336417883,46.017568963893],[2.061922983877701,46.01708444973331],[2.061541179597451,46.01643108772344],[2.060384671293884,46.0151238043697],[2.060256187878471,46.01507861179809],[2.059544582081056,46.01534647773399],[2.059092204260212,46.01534542445382],[2.057544784720841,46.01498134961217],[2.057160597289809,46.01439549415375],[2.056967485176814,46.01435066066582],[2.054450464589736,46.01505373511177],[2.053948207451362,46.014796487027375],[2.053414734396879,46.014701076145336],[2.053097272540697,46.013620457644755],[2.052709525748962,46.01361991878277],[2.052324623781832,46.01307906827355],[2.051873557066293,46.01307799698682],[2.05187459499114,46.012717782902094],[2.052659070183455,46.010920528201346],[2.052664479180682,46.009930861427684],[2.052084458815659,46.00961441825976],[2.052346025436993,46.008985315602345],[2.052413221830661,46.00853559907867],[2.050732642295642,46.00893668971732],[2.05032757010746,46.00896841734871],[2.044850204739481,46.01031554348071],[2.044203198617621,46.01058385771144],[2.042389777410254,46.011704151708024],[2.042067182647084,46.01174825421916],[2.040649760603166,46.0112049340035],[2.040325875096282,46.01124902061812],[2.040130675101035,46.01147340756026],[2.039998202299639,46.012102676392615],[2.040190178282531,46.01250775277504],[2.0409624537598,46.01291503959075],[2.041024406707903,46.01336494251801],[2.04044225657603,46.01354282811638],[2.040631559071801,46.014398160252476],[2.040507897886648,46.014818574684206],[2.040358843628824,46.01469393610089],[2.040150931256276,46.014683169747705],[2.039535930681297,46.01511292899138],[2.038971648467878,46.01537651172788],[2.038234056146905,46.0156458255076],[2.037868550181681,46.01570306049614],[2.037385593507901,46.015602599509904],[2.035614681361163,46.014723006821995],[2.035128413094577,46.01414881378428],[2.034838460365493,46.014025669780025],[2.034529796491802,46.01401133329042],[2.0341825919065,46.014130850844396],[2.033815093068651,46.014669855000186],[2.033587328624757,46.014832715307385],[2.03316789224301,46.01486966291372],[2.032910597258063,46.01472698027445],[2.032578737887726,46.014046927041875],[2.032136252186669,46.01370453841436],[2.031831033523071,46.011144341691065],[2.030449288238096,46.00858304284364],[2.029204311392114,46.007213438342745],[2.028727120523684,46.007303907837056],[2.027763644673017,46.00653647272751],[2.027186878677843,46.00568049277763],[2.026928434223967,46.00567917416039],[2.026282191985314,46.00590236490524],[2.026407527146121,46.00648790572198],[2.024276735108121,46.00661636873562],[2.020206098007369,46.00732510681084],[2.018975419117896,46.007996183721566],[2.018651535144948,46.00804020839214],[2.018588515397145,46.00795050698837],[2.017435973535783,46.007718080114095],[2.016655039315846,46.00795355688734],[2.0162590314524,46.00769435998202],[2.0161286378005,46.00862621010756],[2.015625120698787,46.00982498801953],[2.01563169564401,46.01017986657819],[2.0152433566018,46.010502495960175],[2.015393688839311,46.011129692904134],[2.015219789255142,46.01131369758564],[2.015192821243225,46.01152059249977],[2.014948822647906,46.01150496334255],[2.012792801478218,46.01223456869637],[2.013040227465416,46.012779762988515],[2.013024267495691,46.01302097469773],[2.01236444803403,46.01413642638959],[2.012361307703625,46.01467133309565],[2.012053621063992,46.015250414541185],[2.011614725677398,46.015577994583225],[2.01113953745318,46.01555133521316],[2.01081574556185,46.01565927867175],[2.011003803797005,46.01605536638043],[2.010405090333932,46.016069051808714],[2.0101312595422,46.01620174479101],[2.009734492654736,46.01627032359638],[2.009463181410243,46.01662187375873],[2.008726039573821,46.016713589928386],[2.008390872403815,46.017093397064976],[2.007732958525203,46.01723533099681],[2.007156824389886,46.01793092333344],[2.006756041879977,46.01822099520409],[2.006524002599921,46.01875839874056],[2.006119928075179,46.018943974248735],[2.006092303872666,46.019185082939515],[2.006213404290852,46.01920775838934],[2.006309166069988,46.01941662812871],[2.006729459614573,46.01954999340878],[2.007199639386102,46.0194262330821],[2.007402894293607,46.01991071513637],[2.007761424637475,46.02010027106722],[2.007023972739417,46.02006319336069],[2.006306467707287,46.021140282346806],[2.005781824922587,46.0224883273166],[2.002809439246323,46.02279452319667],[1.999282110755151,46.02446820283763],[1.998781794296534,46.02674131118007],[1.999226036081631,46.028047449789085],[2.000054667216721,46.02975952988899],[2.001022330643527,46.02994187044774],[2.001922349093915,46.03057478945794],[2.003110462469122,46.030650985142216],[2.003352425031742,46.030854838898314],[2.003680439808626,46.030947778615975],[2.003846938659797,46.03146346345986],[2.003434813234522,46.031730910745864],[2.003163314075411,46.03230038138044],[2.003782458795482,46.03273899493093],[2.003520546176566,46.033278832072924],[2.00351805293709,46.033773219372755],[2.003773660647829,46.03422394632841],[2.004482145388828,46.03458589242108],[2.004545650517204,46.03472063395697],[2.003638747094234,46.035033267548265],[2.003637392805933,46.035393480914856],[2.003184528272947,46.035481357399405],[2.003182354914162,46.03588659174137],[2.002663670106138,46.03610987249564],[2.003049263421746,46.03638073122516],[2.003492190922347,46.03791198040343],[2.004073721171017,46.038003544329655],[2.004233962753052,46.03879474558906],[2.005046136781788,46.03971864885501],[2.005502380684509,46.040089180762116],[2.005706265944208,46.04018462746932],[2.005877570103393,46.040151007665834],[2.006784911249697,46.03960331258222],[2.00717208523267,46.03971747283363],[2.007854511741971,46.04009537891333],[2.008519271352531,46.04080813549243],[2.008695471629524,46.04078986380439],[2.00876588110809,46.0409012485442],[2.00925135376598,46.04072808100013],[2.00999366787058,46.040295090790146],[2.010363974380414,46.04019746066862],[2.011818539133132,46.04042628239465],[2.012300764189687,46.04036114102221],[2.012826511291305,46.040536826532346],[2.013759235393511,46.04051702628568],[2.01413104390197,46.040623824438796],[2.016173710017811,46.040870310045094],[2.016638739688146,46.040103463874146],[2.016747477175139,46.03915701656359],[2.01683452187552,46.039134356824775],[2.018116570593752,46.03982719168465],[2.018350512953933,46.03983372023652],[2.019445857277007,46.04062848758736],[2.02083412183581,46.041170014898526],[2.021175590232215,46.041238704229634],[2.021624720885896,46.04092558340678],[2.022483420216285,46.04077809356768],[2.023029121877707,46.040633304037065],[2.023536547966531,46.04031347359223],[2.024360830775598,46.040355691424544],[2.024569924111627,46.04023231264098],[2.025348138720455,46.0401741648019],[2.026302120671363,46.04048675077581],[2.026489302160886,46.04072430477762],[2.026856190203923,46.040891356229764],[2.027610686087896,46.04107794143775],[2.028940880872699,46.041251442426514],[2.033234371038287,46.041610532770775],[2.033835730726722,46.04065206087178],[2.035643131724405,46.04097183685255],[2.03590039712567,46.04119736320692],[2.036453560174878,46.04217466848909],[2.037612659738501,46.04237362991425],[2.039374012020845,46.04296492336904],[2.040929244850982,46.042919552710245],[2.043903545616388,46.042478183137085],[2.044148684603743,46.04176700860662],[2.044667036764809,46.041109467719316],[2.044865795672005,46.040685178690715],[2.046497244603373,46.04064037426928],[2.046562176930046,46.040549964059345],[2.046564795815213,46.04010060814455],[2.04566359620383,46.03942301166868],[2.04553586244263,46.039108542534535],[2.046249958938694,46.03856971484317],[2.046447337672717,46.037850929417154],[2.046456798300248,46.03618677947614],[2.046972713227126,46.03618751531888],[2.046819002605516,46.035730541209695],[2.046946391165717,46.0356172414297],[2.046921974677579,46.035384692444495],[2.047947171420224,46.03524561509027],[2.04840259836255,46.0344821642823],[2.048921610866715,46.03407856737556],[2.050276683098535,46.033554096248494],[2.050945036947868,46.03371098690306],[2.053071501966817,46.03374047601861],[2.054371144928335,46.033880103743236],[2.054207653364553,46.03428939347701],[2.054767516893928,46.03579438917103],[2.054756859293753,46.036188743833364],[2.054438335120458,46.0368155763255],[2.054455886091641,46.037073281719806],[2.054734594118482,46.03740881152663],[2.054688485827243,46.03783439005017],[2.055679922876611,46.0386837713421],[2.055858526174634,46.03875009880951],[2.055919271134274,46.03905319137468],[2.05572704309871,46.03940370785747],[2.053668001922103,46.04047801430971],[2.05547345833754,46.04106762376504],[2.055788819512359,46.04250843786824],[2.056045921930259,46.04282397195309],[2.057206445362076,46.04332172863547],[2.057851246462478,46.04350269653267],[2.057980815274012,46.04341281697675],[2.058113679520878,46.042828559774414],[2.057796734393486,46.0417029339071],[2.057990948711991,46.04161359154959],[2.058184141980114,46.04165932368749],[2.058954442418926,46.042515843718874],[2.059405531754078,46.04283207931286],[2.061598840303653,46.043512160604884],[2.062020732460723,46.04372187848635],[2.062777466477139,46.04302750437778],[2.063949747530588,46.04450959476669],[2.064401401951714,46.04555526383579],[2.065195746339813,46.04576714162488],[2.06571730744667,46.04620190510781],[2.064851878984331,46.0466711644553],[2.066222957284019,46.04757401192529],[2.066768181695345,46.048444833336916],[2.066883149467538,46.04906265890998],[2.066730055551886,46.05076704825278],[2.066472147431635,46.05072169884896],[2.065376281319048,46.05013451659571],[2.063114312668874,46.05035359774193],[2.0631133041957,46.05048867257544],[2.06356549023655,46.050669816705245],[2.063434154132434,46.050938898412205],[2.063109329060122,46.05125321043792],[2.062787044587615,46.05134240394534],[2.062399031664323,46.05134189823584],[2.062012288363928,46.05111536250581],[2.061818275023176,46.05111555870539],[2.061557103960275,46.051564575595364],[2.061234815144396,46.051653764690684],[2.061555131781311,46.052058963752145],[2.062201813052511,46.0520607111034],[2.063064851830843,46.05181388837134],[2.063253561067691,46.051897397762346],[2.063829818653563,46.052312809078856],[2.06401890779082,46.053133874229744],[2.064291034574192,46.05356028086975],[2.066172866111818,46.05433045612522],[2.066382458416342,46.054479872576565],[2.066856822379497,46.05510966155795],[2.067373816080298,46.05551466059406],[2.06864912344663,46.056206859750226],[2.069820466483558,46.05670006992887]]]]}},{"type":"Feature","properties":{"fid":4036,"ID":"COMMUNE_0000000009750805","NOM":"Janaillat","NOM_M":"JANAILLAT","INSEE_COM":"23099","STATUT":"Commune simple","POPULATION":319,"INSEE_CAN":"01","INSEE_ARR":"2","INSEE_DEP":"23","INSEE_REG":"75","SIREN_EPCI":"200067189"},"geometry":{"type":"MultiPolygon","coordinates":[[[[1.727506490316051,46.05317764578398],[1.72802305926412,46.05326989940017],[1.730532358051655,46.05422834447344],[1.731765129190086,46.05405931434887],[1.731829961307973,46.054108672150115],[1.731498440214793,46.054797531238826],[1.731566373131669,46.05521707338385],[1.731672070741633,46.055289403502364],[1.731407355375461,46.05554941992705],[1.731446116202887,46.055607492359776],[1.731719910751439,46.05562676556829],[1.731718903396384,46.055782559322154],[1.731455552225829,46.055927313427745],[1.731052934266465,46.05594082131011],[1.731008307568714,46.05608081668255],[1.73079238366622,46.05618827446057],[1.730590634836817,46.05646610526924],[1.731344675912283,46.05675192985754],[1.731174334996024,46.05768665560096],[1.731570098807496,46.058082846675056],[1.731818107301863,46.05815496691731],[1.732112311163736,46.05813123811748],[1.732914775241347,46.058394177458716],[1.733204358967201,46.05879548055467],[1.733181984060902,46.05920500666945],[1.733457588774796,46.05937109457091],[1.733476249018259,46.05945956240133],[1.733318177932691,46.06036831038505],[1.732849751874512,46.06054139800697],[1.732592814005553,46.061136529960805],[1.732364179824611,46.06134561742891],[1.731866264597347,46.06150666363118],[1.731775664658564,46.06128410132077],[1.731636493739516,46.061204192263375],[1.731276368383724,46.06116864317187],[1.731005313104279,46.061309707897905],[1.731135788335322,46.06193438766632],[1.731552099809717,46.06267484008953],[1.7312877431958,46.062917749050136],[1.731315808414066,46.062991012133665],[1.731860376730059,46.06338796540717],[1.732303625749387,46.06357844529226],[1.732843561610312,46.063671837501616],[1.7329047332916,46.06371214757416],[1.732718144107425,46.06389288611819],[1.733080757266747,46.06398969945056],[1.733311280955073,46.0641480790134],[1.733652384328626,46.06405552292523],[1.733860698951923,46.06411098426535],[1.733985303945472,46.06454286496935],[1.734263296686098,46.06471888387728],[1.734891327045729,46.064807845556004],[1.735454743098023,46.06511853309232],[1.735843396636781,46.06504000958678],[1.735974253842284,46.06508829943873],[1.735948472147322,46.06547797450522],[1.736285476756277,46.066013987689026],[1.736238630046517,46.06619448754051],[1.736468416778482,46.066329436507324],[1.736547423177803,46.066550964981175],[1.736234430261775,46.06722113142343],[1.73637566189068,46.06726863572385],[1.736393946211599,46.06743004784778],[1.736692337049177,46.06733880785605],[1.736819299200905,46.06738795388549],[1.736770921480984,46.067522505999264],[1.73711121320212,46.06757853025018],[1.737476833642977,46.06805271638133],[1.737917931459181,46.068057624982785],[1.738875831713188,46.06848976201709],[1.739026357296693,46.06892192473223],[1.73942937981476,46.069346086133415],[1.739390936050495,46.07000670311404],[1.739691536863422,46.07004516683727],[1.740178105161568,46.06992989057288],[1.740299558564476,46.07010685733082],[1.740671479436159,46.07008216746559],[1.74084515911313,46.070182261373226],[1.741073311708289,46.07010734161163],[1.741791105508721,46.070178347721026],[1.742268755084843,46.07011339746231],[1.742492842354302,46.07027258699041],[1.742505501747675,46.07039791136154],[1.742788103550861,46.07037492619791],[1.742772510248301,46.07020814154012],[1.743177894296035,46.0705872851273],[1.743290252452472,46.07059663536267],[1.743291710049364,46.070928974543556],[1.743415824680107,46.071103265491004],[1.743241649407405,46.07125083633218],[1.743403523289211,46.07147147642059],[1.743300688046989,46.071837783845055],[1.743455220588515,46.07192685427025],[1.743346479531426,46.07215530385148],[1.743508304724133,46.07220843080324],[1.743475706556991,46.07238909121062],[1.744013713479005,46.07251482943578],[1.744146767979036,46.07309088795521],[1.744096459525841,46.07393329652826],[1.744386769525473,46.07414004657294],[1.743991278210155,46.07440224744481],[1.743993292974427,46.07476701443525],[1.744320383796426,46.075006593548515],[1.74406635618061,46.07519380906871],[1.744191959184092,46.07541674810094],[1.744029786239505,46.07554824223786],[1.744156442019341,46.075668524087945],[1.744391511111859,46.075631499400984],[1.74499953462542,46.07580934187593],[1.745483572063042,46.07586332796838],[1.745748584827422,46.075648312029834],[1.74628946419357,46.07559304944858],[1.746661358261584,46.07528735093838],[1.746696884239391,46.07503467378661],[1.747613072720492,46.074807032255926],[1.747977826590999,46.074416594013336],[1.748650853340165,46.07435377262948],[1.748982758136594,46.07387110738632],[1.749142862283771,46.07377290585602],[1.750147149763507,46.07348227273123],[1.751812024050706,46.07282064779128],[1.753538141917034,46.07191020488294],[1.753607358151009,46.07188214610862],[1.753730603228207,46.07221041885214],[1.754571321010347,46.072169218085186],[1.754682325038311,46.07172463854263],[1.755912632683286,46.071621059483604],[1.757041046350299,46.071731594593864],[1.756640590643982,46.07204511864859],[1.756954787628658,46.072856401816054],[1.757274997816896,46.07317331946541],[1.757533772052793,46.073174352710204],[1.757812315141073,46.07304501458135],[1.757320212526837,46.072203866597334],[1.758432927137656,46.071807176998895],[1.758832782317264,46.07255094642585],[1.759151985016278,46.07291287773406],[1.759986987522104,46.073411935046494],[1.76133852569178,46.07395895527439],[1.761791377073877,46.07396119703536],[1.762181292668763,46.07382766017148],[1.763340965491148,46.074104183574335],[1.765668337594271,46.074070990984005],[1.765866336232934,46.07366697438802],[1.767228798533966,46.07326841256022],[1.767553688142762,46.073090921987216],[1.768848415187259,46.07282669505794],[1.769111068610184,46.072423374736694],[1.76924045407113,46.072423877934526],[1.769815323576738,46.07310196062274],[1.769554116840887,46.073325178311116],[1.769618078281195,46.07341593199297],[1.770648264012512,46.07387109584128],[1.771034417022221,46.07396263785183],[1.771938826977293,46.07396702816048],[1.773365916622587,46.0735699932154],[1.773688392527258,46.07361580769504],[1.774267192238161,46.0738886401096],[1.774591078951488,46.073755248096],[1.776266526903023,46.07434881582439],[1.776264101560948,46.07457393925845],[1.775938208439607,46.07479737424645],[1.775614028232254,46.07488573703944],[1.775737872300375,46.075425631430505],[1.776189733719099,46.07547283481925],[1.777482327082974,46.07547956625195],[1.777488169404388,46.07498430023188],[1.778393992498933,46.07480943512394],[1.778848265910743,46.07463150444906],[1.780067534748044,46.07549208455631],[1.780521103950632,46.07540419937356],[1.780655995561383,46.074865290709695],[1.781428218036907,46.07522932395043],[1.781816098873226,46.07518575791603],[1.782141268624519,46.0750523582478],[1.782019468393892,46.07424231423745],[1.782861873777916,46.07406673285843],[1.783708364240647,46.07353095023884],[1.783906927164829,46.07303684994441],[1.784944772343137,46.07268232827457],[1.785848466654482,46.07277665992728],[1.786097024192119,46.073767274459684],[1.787645977561678,46.07399998125973],[1.791061002668422,46.07505139623511],[1.792228230753941,46.07469728613352],[1.792684816523068,46.07429417628856],[1.791917235240285,46.07348087249534],[1.792307435212145,46.07321304720129],[1.792183453145362,46.072672270474435],[1.791358976698268,46.071093750884174],[1.791234321925989,46.07064302534557],[1.790140619749536,46.07018827274005],[1.789757218379519,46.069736586689736],[1.789764695095003,46.06892703047616],[1.789252250865098,46.06851899555651],[1.789255982968545,46.06811466764251],[1.789453786753724,46.06771060980365],[1.788811272000744,46.067393045382325],[1.788879032822697,46.0670776595393],[1.789271272105449,46.06653968780737],[1.789209940068331,46.066269754827864],[1.788313153032656,46.06545594596777],[1.788316220155466,46.06514076992466],[1.788650490403016,46.06406272377504],[1.786849213044642,46.063199613130685],[1.786915592358334,46.06306433295176],[1.788475800842039,46.06212727702964],[1.79035019839404,46.06213647590665],[1.791644537985098,46.0618728891087],[1.793136239784802,46.06134030853187],[1.79391607492542,46.06093973331933],[1.794246209187968,46.060220965668],[1.795150394867422,46.06022517094645],[1.796001592034519,46.05910486341287],[1.795490532740051,46.05851765222558],[1.796334318246415,46.058206899067855],[1.796511596342848,46.05720011352167],[1.797700889143173,46.05717850505137],[1.798806691362862,46.05641931311588],[1.799260073232237,46.056331352958175],[1.799333728003482,46.05538740862044],[1.800113453193816,46.05498589032768],[1.799990760341944,46.054265917389614],[1.800254098781216,46.053816604982146],[1.803835380852517,46.05104458168252],[1.805008288062338,46.04992580147435],[1.805018822557374,46.04884610003603],[1.804180809292735,46.048662550433995],[1.80399407004085,46.048031065492694],[1.804059076185729,46.04789666196104],[1.805348719493,46.04812820015939],[1.805802337732056,46.04808524685087],[1.806133879150071,46.047231372441495],[1.806069552932622,46.04709650663048],[1.805617899095366,46.04704942219581],[1.805814181572762,46.0468254404016],[1.806332787811038,46.04664808038881],[1.807431705688272,46.046608309614456],[1.808208953935884,46.04643185986425],[1.80879580750942,46.04584993886195],[1.80854076922778,46.04544379328491],[1.808996335070403,46.045130669827664],[1.810796374835812,46.046039349144664],[1.811113823200492,46.04667039153775],[1.811262378152612,46.04745636570285],[1.811702975609391,46.0480751883246],[1.811939153168706,46.04815871646331],[1.812917203461789,46.04712877481878],[1.812870384230311,46.0452838703027],[1.813775618704352,46.04528794064806],[1.814359162272519,46.04497613476959],[1.814366288612989,46.044345794370166],[1.814751317094803,46.04448310754692],[1.815203927793055,46.04448513611527],[1.81650418930269,46.04368097752673],[1.817472754112814,46.043685679650814],[1.81747597762203,46.04341553559858],[1.817605594327988,46.04328179851733],[1.818316829880976,46.04328471029929],[1.818702847381138,46.04337609015162],[1.818699955644988,46.043691267234124],[1.819410229887826,46.04373919168175],[1.819542415882958,46.043425360803944],[1.820491189612591,46.043749541200945],[1.821523691879766,46.04270208228414],[1.821885393131593,46.042479792703176],[1.822481023272211,46.04244545353533],[1.822752311101979,46.0423383985087],[1.822744761455618,46.0421473947479],[1.823698807949183,46.04168088400845],[1.824540642336113,46.04156263144343],[1.825144122619847,46.04164453602892],[1.825700382071241,46.04145487045957],[1.826301021941687,46.04148810756067],[1.827585537315328,46.041229419141054],[1.827767631464438,46.04057387085554],[1.828479473821754,46.04000034763012],[1.828705692902414,46.03970098712973],[1.828768956403324,46.03873440655808],[1.828665812651355,46.03811283412582],[1.828487850921652,46.03772554259384],[1.828269375263,46.03754046491274],[1.827314876594227,46.03760894724614],[1.826976856350021,46.03732986957358],[1.82701464525694,46.037013252600644],[1.827436825543896,46.036498879632],[1.827618887408567,46.03602615121786],[1.827465855414152,46.03586516399678],[1.827466859942641,46.0356967639154],[1.827276222908647,46.03554079102102],[1.827352415002806,46.03530292260328],[1.827094836527548,46.035072408484076],[1.827118715989806,46.03480157770044],[1.826831969824336,46.03460498362679],[1.826799890471813,46.034290345422896],[1.826520627624662,46.033803837673695],[1.826554672970325,46.03348087793078],[1.826346164385736,46.03337515145861],[1.826419662077259,46.033202998889635],[1.825947310426745,46.03297926427698],[1.825733846285184,46.0326213198066],[1.826012301618375,46.032115369908404],[1.825777109606016,46.031685153165924],[1.82589995071654,46.0313820257351],[1.826077636724007,46.0312352684241],[1.826060057286942,46.03096851140335],[1.826232032698362,46.03084691127798],[1.826035596180446,46.030539576704264],[1.82610767805551,46.030312473631554],[1.826390464769192,46.030087552202296],[1.827114060606531,46.02998787116632],[1.827029244882031,46.02978165880911],[1.827533275441301,46.02985261638731],[1.827702505238628,46.02973819042556],[1.82812890434283,46.02969036508329],[1.82795429514334,46.02932922409172],[1.82812590868022,46.029163488492706],[1.828088592145786,46.028973078039286],[1.828299561950505,46.02896265068718],[1.828854103396036,46.02836138330362],[1.82892465701765,46.02778033063841],[1.828749891896622,46.02754797371078],[1.828766020154264,46.02739774170767],[1.829322512630233,46.026825311284085],[1.829776224898731,46.026647176441905],[1.829841142768033,46.02651275805187],[1.82984650844042,46.0260174886188],[1.829463088947735,46.02556593615233],[1.828821126376506,46.025113512325866],[1.828887961926396,46.02488905520726],[1.829147758602773,46.02470981985903],[1.828572038478307,46.02412208953149],[1.828381914586827,46.02376168923385],[1.827994726136192,46.02367032891581],[1.825024479869057,46.023701717421766],[1.821341664886867,46.02386431152176],[1.817780585512841,46.02389566888319],[1.817288337623792,46.02400130636727],[1.816163928543559,46.02446598153207],[1.815036277243075,46.02478021278524],[1.814273179735628,46.024735308102905],[1.813824620160856,46.024792755674774],[1.812475737672814,46.02517309134929],[1.81079171222874,46.025865103259406],[1.809920458254951,46.02633687614263],[1.809469322403283,46.026273600008366],[1.809082151279787,46.027017926482394],[1.807997177469823,46.028043105937805],[1.807209950107154,46.02982430579807],[1.806378510457228,46.030125358373496],[1.806053014958721,46.03016966199833],[1.805888518484428,46.03030211787768],[1.805714020838794,46.0301210612319],[1.804945172061807,46.029861692315144],[1.805005527642586,46.03035675511352],[1.804097564843235,46.03066779158358],[1.802479160551792,46.03106497984021],[1.800210656612185,46.03186323621121],[1.797355547655425,46.03328924568831],[1.796901367785746,46.033422217648976],[1.79613965718516,46.032068640443974],[1.796079008281142,46.03170865844685],[1.796274596777078,46.03157474548144],[1.796379385549037,46.02743671778934],[1.794550157444138,46.0271903288422],[1.794481206255622,46.026914913564774],[1.79480301782263,46.02609428982957],[1.795333199113875,46.026148558093574],[1.79542041580633,46.0250588626291],[1.795729694818127,46.023923795117916],[1.793639163160889,46.02368992365396],[1.792347784843858,46.02368337628642],[1.790400547798225,46.02475323542066],[1.789427278504493,46.02515351712925],[1.788782218651499,46.025150228198335],[1.787053976684835,46.023612438065435],[1.787060100802965,46.02298298558278],[1.787262494670632,46.0221295832512],[1.787848638637496,46.02163692226982],[1.787734281171683,46.02019744421269],[1.786440999083144,46.02028086812248],[1.782515113816679,46.0190472706138],[1.782322635251773,46.0188659835438],[1.782010070619163,46.017919697645674],[1.781816896088578,46.01782846207891],[1.779960529894503,46.01620002229206],[1.778229693606862,46.01497727358965],[1.777907577636842,46.01493057154814],[1.776415275083284,46.01559802413029],[1.776219985859226,46.015776936029866],[1.776542682423481,46.016320780317905],[1.776594235552785,46.01708324447707],[1.776336015718416,46.01712728784918],[1.775763073689097,46.016269132318605],[1.775633820237279,46.016268636558635],[1.775032157818718,46.01664308862067],[1.774505039611096,46.01674636237882],[1.774342570427062,46.016902210439596],[1.774013491146922,46.01693557555109],[1.773111450243959,46.01675109714931],[1.772850524440084,46.016974322833256],[1.772783469886188,46.017198746899226],[1.773621167653707,46.01742846220508],[1.773616031706434,46.0178327762615],[1.774297428637286,46.017941915686215],[1.774328273910523,46.01870415720556],[1.774884461857269,46.019327982732236],[1.774873478780881,46.019472860648264],[1.774625190550756,46.01970883547942],[1.773819252827674,46.020024334917665],[1.77461326079457,46.02134689840601],[1.776288243192516,46.02171532906728],[1.776287823407681,46.02185041452843],[1.774852671064813,46.02319301522986],[1.774784903939097,46.02350749275483],[1.775232505917489,46.023959028056595],[1.77625627315118,46.02472118644737],[1.77623307221335,46.02541529846723],[1.776068288358185,46.025732331583654],[1.776305442228652,46.026346399459044],[1.776206390506744,46.02888051859217],[1.770854069874424,46.02897570899315],[1.770399861579878,46.0291085747941],[1.768645201344226,46.03026931500595],[1.769151243810383,46.031171809492655],[1.768891526206523,46.031395040014296],[1.766489030447801,46.0325523128937],[1.76570820389861,46.03317873788172],[1.764986086696272,46.034299327000504],[1.765364829855545,46.03511129210153],[1.765104930417332,46.03562900903727],[1.765244504203319,46.03597816152459],[1.766131197193912,46.03680195924526],[1.766830880431785,46.03766244156808],[1.767261157151772,46.037966120582205],[1.768630384443491,46.0386114211498],[1.769570124615886,46.03920701445506],[1.769646105340409,46.039278986489855],[1.769202947126987,46.03954976024424],[1.76752327622768,46.03867594227622],[1.765271901049693,46.037810283444514],[1.760894466714816,46.03643773817857],[1.758510220091924,46.03579564120377],[1.754956698376158,46.03591247500615],[1.753948034481909,46.03574288673492],[1.753436669958813,46.03593990083351],[1.753084950007906,46.035768520546654],[1.752770021358779,46.035001344188885],[1.752575315573352,46.03509106348727],[1.752051891158515,46.03576255690793],[1.751664264826649,46.03580602124485],[1.750963238631,46.0349021986245],[1.750834964262159,46.03485665564137],[1.746100577231411,46.03663171622589],[1.744545212413364,46.03707291069712],[1.744025469095784,46.03729500701184],[1.739555164319712,46.03853145987751],[1.739101062042702,46.038709233433686],[1.738695560585348,46.039248689024],[1.737284412092757,46.03897900990966],[1.736199990665104,46.03822302560752],[1.734244595785874,46.03822822936406],[1.733726294035893,46.038553864964626],[1.732293218002066,46.03856396725718],[1.731910333191492,46.038624529008544],[1.731548019430669,46.038353896040995],[1.731679930645404,46.03812931934155],[1.733490399608367,46.03795953101732],[1.733363439108233,46.03768883104804],[1.731166890918009,46.03772190762487],[1.730515425952037,46.03821355133118],[1.729677844564557,46.038028550818424],[1.729560806852714,46.0369933413881],[1.729044661312164,46.036945227586024],[1.728718547368633,46.037123493966604],[1.728555580104188,46.03740445736046],[1.729157496495199,46.03838566416932],[1.728961720405918,46.0385194612652],[1.7288944604781,46.038743859198966],[1.729279993553978,46.03901656222756],[1.728496590217356,46.039731867837624],[1.728071346935065,46.04000178340896],[1.728113680347253,46.04007250576726],[1.728448601027424,46.04012939841494],[1.72834326393592,46.040490261435984],[1.728621012927252,46.04067079618995],[1.728341868277397,46.04116570186807],[1.728358367448222,46.041291071449756],[1.729784955742851,46.041788888219024],[1.731061390940577,46.042405687756414],[1.730010684856269,46.042934288153674],[1.728052669012563,46.04472256165312],[1.725133778323181,46.04583175175325],[1.724745036423768,46.045919242356305],[1.724747650552105,46.04569502020735],[1.724101060788615,46.04569134866022],[1.723647894532313,46.04582404160071],[1.723380022075235,46.04672163482672],[1.723896006317057,46.046724741170955],[1.724083931557399,46.04726541998068],[1.723435975972314,46.04748688168717],[1.723369480207453,46.04762122437612],[1.723622056847013,46.048162631822365],[1.724851187343716,46.0480341645109],[1.725815352554005,46.04839984264385],[1.726267991927869,46.04840222619644],[1.726586860889173,46.0487633490462],[1.725998042319219,46.04939076329622],[1.725930756996221,46.04961515939356],[1.726057458541716,46.04984083436037],[1.726572950915964,46.049978113285384],[1.727670159928777,46.05007418610094],[1.728060758158766,46.04985161484189],[1.728964231660038,46.04999143287021],[1.728943329069754,46.05179061277735],[1.727971217360519,46.0521003289389],[1.727514362409555,46.05250227818334],[1.727506490316051,46.05317764578398]]]]}}]}