{"type":"FeatureCollection","features":[{"type":"Feature","properties":{"fid":74,"ID":"COMMUNE_0000000009761836","NOM":"Esquiule","NOM_M":"ESQUIULE","INSEE_COM":"64217","STATUT":"Commune simple","POPULATION":531,"INSEE_CAN":"14","INSEE_ARR":"2","INSEE_DEP":"64","INSEE_REG":"75","SIREN_EPCI":"200067262"},"geometry":{"type":"MultiPolygon","coordinates":[[[[-0.745891938005325,43.203073607091625],[-0.745719926871721,43.203097591041654],[-0.745047383052657,43.202901220594036],[-0.744750386623516,43.20293404519788],[-0.744555151899285,43.2032451957052],[-0.744972427963055,43.20388988186988],[-0.744936356915833,43.20409284865987],[-0.744641960804892,43.20424174837079],[-0.744000194845013,43.20419738909191],[-0.742796611354563,43.203898767805015],[-0.742231981974306,43.20367702275661],[-0.742167939141976,43.20278413916193],[-0.741969501217954,43.202552389174926],[-0.741656710975966,43.20237953691514],[-0.741068442179571,43.20226756816624],[-0.740162741111311,43.20248088124328],[-0.739879382088197,43.202477199237],[-0.738943417133113,43.2020143705311],[-0.738751420631163,43.201805805162955],[-0.738370279376777,43.20162270618794],[-0.737897796341211,43.20246214367302],[-0.737664748818293,43.20258908660052],[-0.737167405426982,43.20237939278103],[-0.736046287198541,43.202592930479504],[-0.735652282816657,43.20209689194259],[-0.735364276707178,43.20247787442663],[-0.735308181608185,43.20311377233958],[-0.73513654395506,43.203219672268624],[-0.734564551591265,43.20307378582733],[-0.73395933928955,43.203080331188666],[-0.733802371126681,43.202918271394324],[-0.733863237633635,43.20252714671203],[-0.733621052672531,43.202379743359785],[-0.733454075349939,43.20238642383128],[-0.732777325658381,43.20284749156792],[-0.732320073845745,43.202876822694904],[-0.731904091319307,43.20268770280413],[-0.731623497580476,43.20225076179183],[-0.731455855028823,43.202437562628894],[-0.73140041638522,43.20281769155686],[-0.731208465058633,43.20295220332622],[-0.730889041120921,43.20277144581085],[-0.730798936164008,43.202215350842565],[-0.730615571468584,43.202120837082944],[-0.730062694343424,43.20204180410817],[-0.729944332105651,43.201772145069754],[-0.729689491469521,43.20047613272685],[-0.729865942877696,43.19947317771113],[-0.729743630171019,43.19916133239061],[-0.728202569166943,43.1991803952284],[-0.728059215020515,43.19909530073526],[-0.728132251419537,43.19852996496623],[-0.727324552489407,43.19844982223866],[-0.726812470560958,43.1980487875136],[-0.726288870190036,43.19798403375748],[-0.724627832002484,43.19801259475352],[-0.724512567401313,43.198114729353094],[-0.724641037563672,43.198446177544454],[-0.724570163038284,43.19864493323546],[-0.723866450325337,43.19916540613836],[-0.723661836525694,43.199141853857434],[-0.7234544879083,43.19909498272666],[-0.72339845463891,43.1990086686237],[-0.723586663065329,43.198682495056566],[-0.723588144860945,43.19824750474673],[-0.723456636932408,43.19802151833614],[-0.723247172838285,43.19799903338337],[-0.72251906315658,43.19814123114936],[-0.721385354362082,43.19852164275322],[-0.720462474306875,43.198506656783344],[-0.719260369968008,43.198991160530674],[-0.718490043451646,43.19908976163772],[-0.718111640585339,43.19921536892169],[-0.716687054483101,43.199838984490725],[-0.716694067757588,43.19992879205686],[-0.717277287334624,43.20013561676228],[-0.717925192242554,43.20060135184222],[-0.717883916094805,43.20083960452217],[-0.717599284060855,43.201255538343815],[-0.717658523491346,43.20177398208811],[-0.717413145319059,43.20258928263149],[-0.716667737054278,43.2026933138968],[-0.7161319148913,43.202993630891484],[-0.715613449399048,43.20314296465321],[-0.714936793631508,43.20358860395591],[-0.714234140816641,43.20374517495174],[-0.71404280012949,43.2041002548132],[-0.713984674267488,43.20455520485463],[-0.713294984429865,43.20510483901228],[-0.712672602946981,43.20603126007177],[-0.712082895922497,43.2065855491827],[-0.712172797967193,43.207179483528954],[-0.711693959863037,43.207601184130155],[-0.711772599068912,43.207713741581195],[-0.712055792366258,43.2078102549669],[-0.712102263316176,43.207996859384224],[-0.711246398452488,43.20810735350344],[-0.710829659634762,43.208461177380975],[-0.709858018073482,43.20830279299737],[-0.709496039977167,43.20841699746404],[-0.709578991580498,43.208615855692734],[-0.710183721532791,43.208773355832],[-0.710429932213204,43.208964797199656],[-0.710346292550621,43.2091765891207],[-0.710036216916939,43.20933223386625],[-0.709428852452127,43.20938283766314],[-0.708315994898752,43.209230195353214],[-0.707823918409134,43.20948484100863],[-0.706661955925275,43.20870172300186],[-0.706705655395419,43.20922881116548],[-0.706148671044356,43.209718907193185],[-0.705393822818606,43.2093324127595],[-0.704359967408916,43.20908696706039],[-0.704252062200204,43.20888265879607],[-0.704048564493606,43.2087617767664],[-0.703589973022365,43.20865595644409],[-0.703361252766537,43.20823787652502],[-0.702464293246547,43.20774638239156],[-0.701864759243532,43.207266286508094],[-0.700290699800085,43.20688896006419],[-0.700083656182113,43.207115781540615],[-0.699947137805367,43.207060131562855],[-0.699675586503592,43.20733689075596],[-0.69893532532681,43.207580195937155],[-0.6988074826345,43.2077367622785],[-0.698089305809001,43.20776768942596],[-0.697783306947856,43.20825633881742],[-0.697259149656384,43.20810681486502],[-0.697116665654749,43.20793880477021],[-0.696209692405485,43.207789789067824],[-0.696035533435069,43.20743466131527],[-0.694678323482301,43.20765585081659],[-0.694056135685568,43.207840147849836],[-0.693652745337567,43.20755770162376],[-0.693350035518311,43.207155644299235],[-0.692572461457337,43.206642874902094],[-0.692011593239001,43.20603443607901],[-0.691410209998014,43.20567771585298],[-0.689993602784289,43.20514267358244],[-0.689511698228325,43.204863800207754],[-0.688743629765341,43.20368972857],[-0.688514525461653,43.20301319866469],[-0.688531584499252,43.20258668849527],[-0.687945228372485,43.2023293911724],[-0.687658188780913,43.202325698064314],[-0.687320836865927,43.202093201716536],[-0.686301230871992,43.202318054300875],[-0.68546868842009,43.20213759388808],[-0.685143557840204,43.201961403570024],[-0.679877571579021,43.20491285656704],[-0.677741865332081,43.20595640910496],[-0.677420284721877,43.20604841581532],[-0.675558529701981,43.2062145251289],[-0.674930905740205,43.2061593691067],[-0.673911284985684,43.205824907378584],[-0.673485403796162,43.20588353514313],[-0.673253105082395,43.20583111426652],[-0.673023736914525,43.20609555979449],[-0.672439344768711,43.20623612097055],[-0.672097176535548,43.20604336241666],[-0.671993505470524,43.20586499607355],[-0.671224995751053,43.205452624812544],[-0.670976219097067,43.205431376058506],[-0.670906746108028,43.20530677383979],[-0.670597267637716,43.205163324938745],[-0.670524596383892,43.20502712524468],[-0.670359346689006,43.20504175306976],[-0.670316497033951,43.20467761976645],[-0.670187068492326,43.20455865921804],[-0.669636163605151,43.20464493812664],[-0.669400103430378,43.20453320620676],[-0.669125993555765,43.20455873915106],[-0.668513087324343,43.204076223320946],[-0.668311077500534,43.20407408890784],[-0.668019665852976,43.20390480562702],[-0.667340493583167,43.203696478961454],[-0.666579660031734,43.203016377445174],[-0.666270906619085,43.20305838890349],[-0.66600061478729,43.2028919846839],[-0.665535196542665,43.20281235274249],[-0.664344900939381,43.20339397733838],[-0.66396247387541,43.2034582951887],[-0.663774877342072,43.20358623046041],[-0.663647022340132,43.20358877228549],[-0.663414592871913,43.203340033669136],[-0.663138428617829,43.20337192452565],[-0.662753125189456,43.20358491267612],[-0.660874276378712,43.20532446433423],[-0.6607260742552,43.205355607590086],[-0.660102895941272,43.20649603501423],[-0.660175321481065,43.205929885225046],[-0.659914502252055,43.20552452051042],[-0.659544438521154,43.20535698291274],[-0.658881901929389,43.20486709365662],[-0.657588843709816,43.20446971978271],[-0.65622148722564,43.20295737520661],[-0.656219451531359,43.20275033786183],[-0.656463703290572,43.202506136999105],[-0.658542838051922,43.201110153764425],[-0.660032001892491,43.19969002785278],[-0.660382059483482,43.1990379197984],[-0.660519661066469,43.198412831707905],[-0.660949192577574,43.197577932440055],[-0.660922969933557,43.19741673955929],[-0.660788575851804,43.197315947411056],[-0.659860784125019,43.197008862091536],[-0.659074631915039,43.19687795624321],[-0.65854068066617,43.19658991415304],[-0.658019178475895,43.19620689927961],[-0.65742365165861,43.19517986397853],[-0.656712446258082,43.19454124420608],[-0.656337265280783,43.19436937101938],[-0.655953371579739,43.19433195993282],[-0.654340415666302,43.19445686163635],[-0.65401612878782,43.19431117022382],[-0.653823780895342,43.193994423798515],[-0.653808312999137,43.19375002419464],[-0.65398278418483,43.19261764479755],[-0.653885601345643,43.19209327173355],[-0.653367999335788,43.19110950417582],[-0.652881034207912,43.19049298242194],[-0.65275256182479,43.19007682327215],[-0.652572718859672,43.189840693429595],[-0.654894646570721,43.18793140540857],[-0.65624524562765,43.187902729398346],[-0.656976608947884,43.187792386563196],[-0.657771546471122,43.18750069229058],[-0.65857513897283,43.186724255081195],[-0.658905483138363,43.18580088900524],[-0.659363469860795,43.185590850251785],[-0.661414076532464,43.18501698797906],[-0.66176711184461,43.184976185482405],[-0.663008193190954,43.18512312799214],[-0.663731769500476,43.185278636300495],[-0.664502682787691,43.18555949526675],[-0.665300441493203,43.18554588829986],[-0.667358623315115,43.18472402834924],[-0.668328278959694,43.184472234579964],[-0.669616768980154,43.184435596228084],[-0.670469278403106,43.184276914623645],[-0.67143442769153,43.18393520003865],[-0.672588286799921,43.183677995414556],[-0.674133547896209,43.18363525791731],[-0.674818644900979,43.183804609641314],[-0.675721712686256,43.184633767335036],[-0.677321776749197,43.18467826234891],[-0.680502255602052,43.18675607413435],[-0.680696959502058,43.18710781298809],[-0.681197782123218,43.187261805317284],[-0.681605952598575,43.187043465055936],[-0.681757902682562,43.187052684538706],[-0.682100465265461,43.18733003700952],[-0.682117630358244,43.18788863968961],[-0.682305364811213,43.18803440779623],[-0.682558786080352,43.18807167749463],[-0.682715199672019,43.18797718975179],[-0.682607597511524,43.18758285874704],[-0.682853026175946,43.1875141457129],[-0.683129235938891,43.18756144127801],[-0.68337925220418,43.187699677448016],[-0.683418104482,43.18813507633038],[-0.683638363513561,43.188134756235385],[-0.684059488814384,43.18788804944039],[-0.684345964296498,43.18786475489747],[-0.684571988659713,43.18774267289994],[-0.684625448227787,43.18763549165691],[-0.684516792788693,43.18741768959395],[-0.684596841170923,43.18732220640617],[-0.685139786261342,43.18732616460666],[-0.685320495903423,43.18734250047423],[-0.685415477930008,43.187461717786064],[-0.684822471795209,43.18779174373869],[-0.684678453567208,43.18821538193948],[-0.684737242194795,43.18828811189298],[-0.685650535637061,43.18844509836481],[-0.686245984209125,43.18836531428836],[-0.685954715971711,43.18810152849492],[-0.68618302324499,43.18788031356101],[-0.686166882202904,43.18755039382404],[-0.686286806003894,43.187501270942725],[-0.68671071175605,43.18774161121155],[-0.686724493176057,43.18789962235078],[-0.686531109510895,43.188108838965114],[-0.686854295032681,43.18842916201897],[-0.687058856025646,43.18835643376095],[-0.687314862918219,43.18804872469689],[-0.687500429194147,43.18796764038467],[-0.687686657267802,43.187530848209065],[-0.688409856505949,43.1875439335198],[-0.689154167545897,43.188099274518265],[-0.689294829046221,43.18841322837177],[-0.689252952598038,43.18872082070708],[-0.68958070772631,43.18865017610065],[-0.689962129529352,43.18868755143477],[-0.690414020341137,43.189018768590685],[-0.69103866472981,43.18912615725963],[-0.691508072194157,43.189076771842345],[-0.691998534425849,43.18912571535812],[-0.692644772015779,43.18937823203939],[-0.693088202822176,43.189711529531834],[-0.693380990681339,43.18974832663902],[-0.693620385128651,43.18952761566557],[-0.694749541178851,43.189037796995954],[-0.695864374527226,43.18874746150213],[-0.696098168285424,43.18861248165281],[-0.696459064113305,43.188156177858545],[-0.697214745368366,43.18781150358339],[-0.697380599152987,43.187442025769506],[-0.698794766822508,43.187195423231145],[-0.699102282195648,43.18746222058108],[-0.699707051107659,43.18768189955397],[-0.69995188019526,43.187431271663485],[-0.700538164483904,43.18730489751597],[-0.700886230905529,43.187129065798],[-0.701005820877277,43.18674856290912],[-0.701191882133948,43.186675541618946],[-0.701988557753342,43.18639516024958],[-0.702524964135306,43.18656584309945],[-0.702660470922241,43.18652967357921],[-0.702790428034608,43.186426158808935],[-0.702968512361768,43.1859409906721],[-0.703173230344186,43.18579438667459],[-0.704987760119251,43.185440301246416],[-0.705132325468978,43.185468651515606],[-0.705283165419709,43.185671478321154],[-0.705697564160853,43.18576259350253],[-0.706842588382205,43.18558006143452],[-0.706938402949238,43.18546240702586],[-0.706388423181902,43.18509951080777],[-0.706295535728767,43.18501355645339],[-0.706331877921296,43.18490875253906],[-0.707250159762571,43.18464486197496],[-0.707415742159969,43.18423395459615],[-0.708434372502409,43.183789209358046],[-0.708919006695312,43.18370950700135],[-0.709071949712923,43.183504340272826],[-0.709025392815586,43.183315941250015],[-0.709168286327289,43.18303097770775],[-0.70937059605888,43.1828664347232],[-0.710269133028539,43.18281300760612],[-0.710375381839782,43.18264726570604],[-0.710274782812191,43.1821923849646],[-0.710831311779632,43.1819679243297],[-0.711059815795245,43.18178986985089],[-0.711497960076338,43.18177208735828],[-0.711896197962386,43.1815737806225],[-0.712935693126716,43.18057447962906],[-0.713250575562236,43.18049610001319],[-0.713317727140876,43.180755826040276],[-0.713437816576968,43.180824628736595],[-0.71399549968792,43.18027413877405],[-0.714490118293334,43.180082407276274],[-0.714810855103682,43.17982732780398],[-0.715456484292641,43.17978346975526],[-0.71618191652889,43.17948832549167],[-0.716455255127862,43.17928079890556],[-0.71727531817913,43.17907963663411],[-0.717688302073333,43.17880515909511],[-0.718622500172096,43.178733321408195],[-0.719864851671815,43.17828795126469],[-0.720820877311823,43.17723742136991],[-0.722796182689247,43.17564202058669],[-0.72372659664266,43.17383324566602],[-0.724183882926136,43.17335010206997],[-0.724777822837176,43.172982899002015],[-0.725135969922741,43.17142080351411],[-0.725918428335541,43.17056262317442],[-0.726050838004815,43.17053643523205],[-0.726429832198613,43.17067101316072],[-0.726537433913247,43.17047008926389],[-0.726816414476966,43.17027494682398],[-0.727152282940351,43.169264706870706],[-0.727493414092241,43.16890802951219],[-0.72786042389847,43.1682280858639],[-0.728311562542729,43.167841487705424],[-0.72831042871949,43.167538066757714],[-0.728173104976996,43.16724025664636],[-0.728474298518805,43.166646331618544],[-0.728587100830213,43.16618318789682],[-0.728176080133821,43.16574266497193],[-0.728112638576849,43.1654459019272],[-0.728547195452441,43.16485997125646],[-0.728437949204057,43.16429194968213],[-0.728886160047987,43.16372715683435],[-0.728932930462679,43.16346079989902],[-0.729306709590501,43.16305796384535],[-0.729357690849316,43.16278065542918],[-0.729258845480946,43.16245000021049],[-0.729252247806675,43.1621953949502],[-0.729507245302121,43.16182008013859],[-0.729601237627846,43.161789813718755],[-0.729728139946977,43.16186916645268],[-0.729809577708252,43.161815922008394],[-0.729733465561776,43.161608745859354],[-0.729563500065996,43.161510172393285],[-0.729605231163846,43.16126109880078],[-0.729937886848997,43.161269398024885],[-0.729959733397082,43.16116959016128],[-0.730456679946311,43.16103623105087],[-0.731828264684878,43.161075196698896],[-0.732098773190058,43.16086412473062],[-0.732550968138566,43.16026676112504],[-0.733086440905649,43.15993034956455],[-0.733790422304686,43.15967004084397],[-0.735278597525551,43.159324922918636],[-0.73594972036631,43.15889915088089],[-0.736109679952804,43.15888099953401],[-0.736410926609532,43.15908847121034],[-0.736693587557018,43.15914170505532],[-0.737805022873318,43.15862051259056],[-0.73804310217438,43.15811789570615],[-0.738513344085355,43.15783864723934],[-0.738589396868729,43.15758837896347],[-0.739509005226126,43.15777168909246],[-0.740174684366963,43.15760451456357],[-0.74080876707032,43.157766205241835],[-0.741409473287048,43.157754358797305],[-0.741594127000356,43.157813683269694],[-0.741795271749082,43.15805162952158],[-0.742065693357153,43.15820072457875],[-0.742778128110532,43.15824262187759],[-0.743237725847271,43.1583878460171],[-0.74371857366393,43.158139722328805],[-0.744021839225034,43.15805534883222],[-0.744196387369459,43.158110517653306],[-0.744813831264566,43.15773067626729],[-0.745053093707904,43.15768364217971],[-0.745769188942019,43.158104493399264],[-0.745963287072551,43.15830935978237],[-0.746437648821077,43.158302777113384],[-0.746832310997459,43.15854659463866],[-0.747730499761981,43.158455934756816],[-0.750291543091061,43.158419979288084],[-0.751625015670245,43.15864911861576],[-0.75259379877896,43.158509135675],[-0.754768705007156,43.15892865465023],[-0.756810166199361,43.15890344075948],[-0.758540139382789,43.159062844621246],[-0.759210573587039,43.1589881352265],[-0.759843317793128,43.15905251076227],[-0.759950145417,43.15899295395033],[-0.760771124846498,43.158982320262275],[-0.762003772986737,43.15909778796509],[-0.76225125379317,43.15889374374682],[-0.762649052169754,43.158164870310166],[-0.762912438833228,43.158129560757956],[-0.76340077709548,43.158243080693396],[-0.763797629539457,43.158104054907284],[-0.764210087783287,43.15848766595344],[-0.764573991984612,43.158447040713895],[-0.765908883115168,43.15879121850152],[-0.766534491335839,43.158783765141216],[-0.767463955335231,43.15856938037332],[-0.768906206858221,43.15912588673591],[-0.768861664529059,43.159366974927465],[-0.769133729014811,43.159747373786786],[-0.768997395209632,43.16008982570044],[-0.76902741206807,43.160267073417145],[-0.769613841705209,43.160356424941654],[-0.772694094541592,43.16271240410239],[-0.773354685127028,43.1628819863895],[-0.774035536913353,43.16317332291601],[-0.775044819139008,43.16333248661668],[-0.77555497906018,43.163854016165814],[-0.775544732234762,43.16397954432512],[-0.775366730730324,43.164060520472226],[-0.774790315493373,43.16380515604643],[-0.774353190926291,43.163779941149166],[-0.773836108268378,43.163943026407786],[-0.773588716112732,43.16418581699658],[-0.773574323875417,43.164549221294656],[-0.774077504223705,43.164794549702165],[-0.774541640893808,43.1656094577968],[-0.774691998580491,43.166291273413805],[-0.774603825879299,43.16676802377649],[-0.773990067980054,43.16722175386438],[-0.773428611690723,43.167252215655814],[-0.773161469690812,43.167362422812324],[-0.772109414689794,43.16818808038817],[-0.771190724766572,43.16832468221907],[-0.770670418866999,43.16866526221102],[-0.770472560973936,43.16891351671593],[-0.770470652985452,43.16926117611701],[-0.770201803595245,43.169383141811544],[-0.770042826705748,43.16969937410899],[-0.769734741336435,43.16976687982092],[-0.769653571838379,43.16986156922489],[-0.769756616265202,43.17010200110952],[-0.769554911197691,43.17044223940606],[-0.769658785385056,43.170733070497306],[-0.770100045252999,43.17099049076504],[-0.771122427748258,43.17114113391069],[-0.771576958395229,43.171130635424426],[-0.771979616041533,43.17102289492644],[-0.772085372212047,43.17107862752528],[-0.772145167680675,43.17129715807493],[-0.772379637978881,43.17157171089173],[-0.772303302312989,43.171815716681195],[-0.77239279974408,43.17205572048059],[-0.773135098703118,43.172438570524314],[-0.773281281314365,43.17260454959846],[-0.77327063277151,43.17278052045561],[-0.772884255144193,43.172817456570435],[-0.772802706123107,43.17301932177693],[-0.773359317445623,43.173441087526484],[-0.773454996155573,43.17402036474713],[-0.774012504144973,43.174662720327724],[-0.774105237108115,43.17493322758049],[-0.774434792924561,43.175043258296654],[-0.774776333573885,43.17573189386312],[-0.774790347179323,43.17587098168663],[-0.77450586393802,43.17597999780481],[-0.773985713358152,43.175815404786235],[-0.773795498338662,43.175841874454434],[-0.773638258135339,43.17629763142551],[-0.774004256307533,43.17666393309429],[-0.773820974073132,43.17722956356054],[-0.773504339448503,43.177373921535114],[-0.772685303207358,43.17753135779392],[-0.772096991512293,43.1778680207755],[-0.771364380820149,43.177917063638276],[-0.771202286047295,43.17822350273269],[-0.770809311733968,43.17846147386395],[-0.770665386796605,43.17898970171802],[-0.770329569614091,43.179179746167534],[-0.7700520420876,43.17965951540209],[-0.770224330207439,43.17992364283208],[-0.771095313495681,43.18046680529909],[-0.771497492134384,43.18052027577503],[-0.77215273173766,43.18024701193921],[-0.772263444898527,43.179963980873424],[-0.772502962018125,43.17973137390843],[-0.773064567757005,43.179588352123595],[-0.77335238563482,43.1796242053416],[-0.773300789178214,43.179926780942424],[-0.772972854364085,43.18006793055248],[-0.772888173825087,43.18018435793232],[-0.772957953860664,43.180310688797846],[-0.773522381937078,43.18062502455625],[-0.773547277469678,43.18100596920675],[-0.773283834935615,43.18119258950684],[-0.77205324575956,43.18122934531848],[-0.771640009874915,43.18140229116955],[-0.771224136093391,43.18179865381081],[-0.770089103532638,43.18201754912049],[-0.769790333878282,43.182209898287375],[-0.769178951341345,43.18211870915339],[-0.768619448444964,43.182426429239044],[-0.768854872285228,43.18294139556873],[-0.76886222570274,43.1831671661559],[-0.768448233339742,43.18347970449377],[-0.768322445706105,43.18394696218408],[-0.766983431608448,43.18522744766082],[-0.766994116101647,43.185485520505125],[-0.767192892127117,43.18574062418092],[-0.766907357009759,43.18623057123091],[-0.767185680813364,43.18664859003148],[-0.76649294634283,43.18742381512192],[-0.766297136894939,43.18783678473748],[-0.766389860843352,43.18814512275054],[-0.766731401454603,43.18858885133649],[-0.767236901976587,43.18903675685248],[-0.767216649749614,43.189593980867016],[-0.767600219291002,43.19021003844016],[-0.767542178872682,43.19033903860665],[-0.767346311028697,43.19043052987386],[-0.767058381220413,43.19037485119938],[-0.766692059461181,43.190079672190535],[-0.766389124856315,43.190152388685746],[-0.766207179059253,43.19028751666977],[-0.766150952387962,43.190444368521284],[-0.766560568629427,43.19089382595213],[-0.766713233446373,43.191196468962275],[-0.766584771041236,43.191585475220656],[-0.76571526019699,43.191972445486414],[-0.765124916087261,43.19207320437639],[-0.764902873635216,43.19240514132866],[-0.76433508110337,43.192870716677966],[-0.764179767929923,43.192848222137656],[-0.763867536626001,43.192570956130204],[-0.763652807008092,43.19248659825446],[-0.762666743326841,43.19310634088231],[-0.762388809232129,43.193109734365514],[-0.761910347313049,43.192925611971845],[-0.761756501492049,43.19296339707223],[-0.761459821705738,43.19330243245739],[-0.761326709228812,43.193828471756675],[-0.761132988079202,43.193991016837],[-0.76063190419016,43.19400759113592],[-0.759457857634806,43.19363158903435],[-0.759166590229346,43.19369487265683],[-0.758916025429846,43.193891813387076],[-0.758756801839957,43.19418732766298],[-0.758793603433576,43.1949415739855],[-0.758656069139982,43.19513547496835],[-0.758372279878757,43.195275939593486],[-0.758341231233079,43.195441815270264],[-0.758377080768115,43.19557654320489],[-0.758789881626185,43.19573505469332],[-0.758826667921918,43.1958652473423],[-0.758587199207591,43.19587359348396],[-0.758575741557901,43.196056796786365],[-0.758160083255627,43.19653504607828],[-0.758089326401348,43.1967338234563],[-0.75725085052144,43.197713078774086],[-0.757273131462824,43.1979797548756],[-0.758012451522247,43.198729338001655],[-0.758130353311819,43.198971070037075],[-0.757980937561387,43.19934188519456],[-0.757983226617347,43.200019892938535],[-0.757169732409157,43.20089201726943],[-0.756431605707049,43.20137158728089],[-0.755570539687554,43.20160779127504],[-0.753531316589543,43.20155810950304],[-0.752865116957098,43.201648830618616],[-0.752456149831119,43.20149286296813],[-0.752094689832936,43.201158740727465],[-0.7517428039192,43.20104761148483],[-0.751438783097598,43.20127520987393],[-0.751149749535285,43.20133569136898],[-0.751023113171396,43.20150849139676],[-0.751058391331516,43.20193770937729],[-0.751450064810825,43.20249050956464],[-0.751455661149492,43.202671318062315],[-0.75129832368542,43.202788454016144],[-0.751177316051644,43.20280166772176],[-0.751022402308993,43.20267197837282],[-0.750283331978697,43.20164137797804],[-0.75008647629532,43.201623908889935],[-0.749554243203362,43.20182521683006],[-0.74840744221766,43.20207849960333],[-0.747578357054375,43.20246661387723],[-0.746335584254452,43.20228466002973],[-0.745931056832704,43.20251933515904],[-0.745891938005325,43.203073607091625]]]]}},{"type":"Feature","properties":{"fid":157,"ID":"COMMUNE_0000000009761607","NOM":"Aren","NOM_M":"AREN","INSEE_COM":"64039","STATUT":"Commune simple","POPULATION":246,"INSEE_CAN":"14","INSEE_ARR":"2","INSEE_DEP":"64","INSEE_REG":"75","SIREN_EPCI":"200067262"},"geometry":{"type":"MultiPolygon","coordinates":[[[[-0.770413853793386,43.23877734776854],[-0.768438883059408,43.238902162582995],[-0.766717146109561,43.2391324724237],[-0.765093480852087,43.239808706037856],[-0.762558116264838,43.24069050800312],[-0.756024351447344,43.24316315028743],[-0.753074481113147,43.24436172882019],[-0.752787751616377,43.24440411834119],[-0.752689709843107,43.24450658702788],[-0.749442033206062,43.245636168819814],[-0.745780365979855,43.2470510803958],[-0.744458137673568,43.24850630598049],[-0.744131652602957,43.24899942148082],[-0.741486778696218,43.2497800456823],[-0.739998778071909,43.25008736601639],[-0.738064512221765,43.25071360248851],[-0.73702689148501,43.251184490786414],[-0.73396634266241,43.25296900785364],[-0.733399182387006,43.25340017126622],[-0.732868547272623,43.25353919419375],[-0.732147983371655,43.25361814111914],[-0.731875586761857,43.25380676567919],[-0.731054993008517,43.254110695787986],[-0.730629589734219,43.254010129057434],[-0.724531495614079,43.256231596650125],[-0.723326075854322,43.25618672653118],[-0.72321765402598,43.25590049325872],[-0.722948497724598,43.25598722193828],[-0.722856734702978,43.25584449965373],[-0.722359638719635,43.25600752795807],[-0.722484941318954,43.256154497358175],[-0.72131972106661,43.2562360948104],[-0.721342310631746,43.256528890678034],[-0.721241314979833,43.256739495255474],[-0.720949810408082,43.25707193481595],[-0.720517991039107,43.257387596470934],[-0.720405409755037,43.25694120855381],[-0.719384450436931,43.25589754802519],[-0.718719501947527,43.25607534751192],[-0.717819600982536,43.25595325208597],[-0.717299093448588,43.2555812457808],[-0.71713190225075,43.25516645408351],[-0.714968694211094,43.25505630900354],[-0.714221764089683,43.25510902637042],[-0.713892418161333,43.25519870348673],[-0.712458081768267,43.2551570856604],[-0.712351959965611,43.25574788062892],[-0.711112844191595,43.25577247391298],[-0.710618060195529,43.255569752707686],[-0.709737019595122,43.25610432860782],[-0.707304780296277,43.25683085904502],[-0.705680101648754,43.257566537921136],[-0.701799997313969,43.25867672473144],[-0.699367201724882,43.259224785769355],[-0.700052426223279,43.2602450139169],[-0.699547353943427,43.26055409298737],[-0.699665962037238,43.26073193503399],[-0.698480385039564,43.26193873763931],[-0.699199008502873,43.26225001484098],[-0.698667114720387,43.26289050219007],[-0.699607749037912,43.26274390744036],[-0.698700004677308,43.26348012192205],[-0.698988370539389,43.26403757600046],[-0.698166434345665,43.26499777935314],[-0.699082860701426,43.26508795806277],[-0.6989471489393,43.26531593880662],[-0.698520354136269,43.26557820494696],[-0.698813665004035,43.26565550877329],[-0.699326574133732,43.26598644204209],[-0.697548008047793,43.266787599368236],[-0.698029642396649,43.26707278257926],[-0.696942095922797,43.26771608123217],[-0.696374661809466,43.266842182277315],[-0.695187965722049,43.26553470976795],[-0.694167333925802,43.26468351583903],[-0.693658285586112,43.26439295143304],[-0.692702562901776,43.26401590321886],[-0.692007020868836,43.2639109143067],[-0.689101864035212,43.263744562164746],[-0.688486208965659,43.26377099926649],[-0.687872163594658,43.263918948441884],[-0.68682883766515,43.264792065833014],[-0.685629581918184,43.26631076736322],[-0.685027150005799,43.268144984059056],[-0.684787000503624,43.26849447828147],[-0.684416935311999,43.26873944152736],[-0.683931710629644,43.268879368974915],[-0.683331884421285,43.26884580024587],[-0.682254059832657,43.26852505347427],[-0.681740864914464,43.268246281140534],[-0.681074245172839,43.2677647165513],[-0.680286970694392,43.26701440300843],[-0.679098581576552,43.265191726624785],[-0.678478179617897,43.263791846828056],[-0.678392109148526,43.262597091138936],[-0.678664737498928,43.26136580150062],[-0.678776203591485,43.258226409890455],[-0.678681262784704,43.25696982659861],[-0.678449098411494,43.25653648613152],[-0.677059285008837,43.25473868508305],[-0.676615605660074,43.25404059248633],[-0.676415850122832,43.25351609485389],[-0.67625427779926,43.2507300214411],[-0.676329051640186,43.24983507240817],[-0.677453406672279,43.24971302674743],[-0.677842699437825,43.25069842681074],[-0.678353872489313,43.25065849673201],[-0.678876772261108,43.250474083182596],[-0.679519996107559,43.25047647349673],[-0.680863158087821,43.250308211934986],[-0.681056372015142,43.25115440618631],[-0.681819672199638,43.25101130818129],[-0.681956367095134,43.25108769170301],[-0.684107128574005,43.250968383998845],[-0.68411764370001,43.252000912456374],[-0.684558453170811,43.25201648484651],[-0.684448348169702,43.25220214651155],[-0.68478630009066,43.25222753224235],[-0.685161326770362,43.25157986863887],[-0.686851740894068,43.2513510498395],[-0.686904127765202,43.25159239925004],[-0.687698070977162,43.251466223035905],[-0.688603997421365,43.25118402750924],[-0.688840208488285,43.25141008954911],[-0.690113506623212,43.2508622817373],[-0.690137572458763,43.25125768563435],[-0.689805186613172,43.252282127337054],[-0.690155863355476,43.25304548463832],[-0.690230051604452,43.25312669660181],[-0.690408291145296,43.25292789289244],[-0.691153081148316,43.25259175045984],[-0.692232868534584,43.254274812380345],[-0.693259469197276,43.25393351885536],[-0.694529923165771,43.255745117539426],[-0.695104584188582,43.256195521441974],[-0.695774964764205,43.25719736757207],[-0.69685767670509,43.25657765878302],[-0.69711710645787,43.25687675331563],[-0.697785377444891,43.25667286030833],[-0.697897073913772,43.25701213370044],[-0.69843441044233,43.257763674655834],[-0.698777146286847,43.25801668684888],[-0.698983014523896,43.257922282510066],[-0.699545170272191,43.25846494753307],[-0.700027480818147,43.25818546526913],[-0.700285338577803,43.25844048150263],[-0.700312053082446,43.25889523191878],[-0.705841708468279,43.25739709451453],[-0.707219573022119,43.256732025415715],[-0.709771939745707,43.25599596566209],[-0.710244907955705,43.25574467336252],[-0.710563416223324,43.25531407963657],[-0.710912729507797,43.25515168416111],[-0.712403616301587,43.255038287704636],[-0.713796630229607,43.25514616592765],[-0.713907096137054,43.2550631189358],[-0.715213701477661,43.25486236789493],[-0.715735394344504,43.25469852634664],[-0.715929891754177,43.25416051814275],[-0.715923780924942,43.253702358312594],[-0.716515290930467,43.253130870591],[-0.716505153685861,43.25289708167847],[-0.716363367300784,43.25266602414351],[-0.716681226070827,43.252570430837885],[-0.716734473493553,43.25276581364932],[-0.718026825237371,43.25200088479199],[-0.718360875930098,43.251755240589496],[-0.718075081562563,43.251621900427956],[-0.718094962028143,43.251567183851094],[-0.718836673873059,43.25101392298247],[-0.718325341143699,43.25028679962129],[-0.717360948158411,43.24960229410034],[-0.717337910996843,43.24880521946845],[-0.717510707168812,43.24879116374553],[-0.717413015035801,43.24811643085779],[-0.717156269889507,43.24764979439038],[-0.71796244882803,43.24742841526635],[-0.71781205968081,43.247121112420345],[-0.723556633547576,43.24601806176241],[-0.724072918291113,43.24602006151874],[-0.725473725852794,43.24575559375002],[-0.725844253864614,43.245789631665225],[-0.727072912234354,43.24553018452852],[-0.729091166607816,43.24527046176696],[-0.729585509523399,43.24512370472416],[-0.73136091524949,43.24484261238576],[-0.733299965605262,43.244235240273376],[-0.735116598430272,43.24392564278289],[-0.736612081689711,43.2431084250635],[-0.739953583938843,43.242113765750005],[-0.740302854081718,43.24174414968329],[-0.742170045894384,43.24079149647537],[-0.743406784540724,43.23976702326962],[-0.745479328331175,43.238829700696904],[-0.745974044893346,43.23867114610427],[-0.748931817863204,43.237274369296266],[-0.74958075207156,43.2368168651948],[-0.749780336646444,43.23657128829686],[-0.749957134939703,43.235103574663505],[-0.748608126278022,43.23504147811865],[-0.747795239607825,43.23511744020043],[-0.74748311172104,43.23507154593588],[-0.746870353172768,43.23483436960593],[-0.746559624463393,43.23482894819761],[-0.745380608737418,43.233685673846146],[-0.7485933763489,43.23195225879983],[-0.753369865747043,43.22972400247269],[-0.756795389772955,43.22763352468822],[-0.75740331381219,43.227418742159024],[-0.761234363463354,43.22526266436807],[-0.762056749728481,43.22592020146723],[-0.762856765472584,43.22617777469879],[-0.7635216698061,43.227327984762454],[-0.764475391718242,43.23018634633087],[-0.765080724341309,43.23115852315374],[-0.764975792288636,43.2314755726861],[-0.765643848908044,43.23186110780163],[-0.765393521651721,43.23227148475],[-0.765231286862813,43.23289942031684],[-0.765169834175283,43.233675130696575],[-0.765326786876582,43.234173958571155],[-0.76524886998129,43.23437659787898],[-0.766765726079012,43.23525482527313],[-0.767294084872417,43.23591449244561],[-0.767262756634493,43.236472123475956],[-0.768064419614618,43.23680885681426],[-0.768816441053981,43.23730941680494],[-0.770413853793386,43.23877734776854]]]]}},{"type":"Feature","properties":{"fid":160,"ID":"COMMUNE_0000000009762051","NOM":"Herrère","NOM_M":"HERRERE","INSEE_COM":"64261","STATUT":"Commune simple","POPULATION":389,"INSEE_CAN":"15","INSEE_ARR":"2","INSEE_DEP":"64","INSEE_REG":"75","SIREN_EPCI":"200067262"},"geometry":{"type":"MultiPolygon","coordinates":[[[[-0.549823475327731,43.14028434849534],[-0.549869609371114,43.141055338870615],[-0.549943419003205,43.14119606485094],[-0.550276643056925,43.14131653948653],[-0.550907640026482,43.14126063403442],[-0.551597377583426,43.14100020720094],[-0.552781261576786,43.14015805676268],[-0.553154606240171,43.140051208507195],[-0.553631977091893,43.140116499083796],[-0.554006234590529,43.14036436085834],[-0.555147737094765,43.14075257779215],[-0.555769405333087,43.14122456509606],[-0.555795390437943,43.14154693870648],[-0.555584775537028,43.14178078043666],[-0.55514497628408,43.141926744495215],[-0.554801847396614,43.14224508893034],[-0.553781873717878,43.14269379975342],[-0.553282119268468,43.143104639750895],[-0.553055656132343,43.143420932124215],[-0.552817015914941,43.14423912907541],[-0.552775364391184,43.14450160834769],[-0.552925275852496,43.1450999112096],[-0.553345160284694,43.14558937200467],[-0.554349543798781,43.14598572491735],[-0.555652461683531,43.1460777990326],[-0.55688658608948,43.14589121299639],[-0.557917142300501,43.14587340022541],[-0.558860816070604,43.14616187157495],[-0.559405771166382,43.14650492213368],[-0.559931292812316,43.14715113699205],[-0.560091554570994,43.14773648674914],[-0.560039010355505,43.14834057152099],[-0.559667670385396,43.14967818634262],[-0.55960440633604,43.150527527379325],[-0.559671893898009,43.150784606027855],[-0.561075565758709,43.152748773162635],[-0.562340502237496,43.15373790267874],[-0.563312756894579,43.15462685008275],[-0.564986984069859,43.155431348368325],[-0.56510466648468,43.15580381484079],[-0.565138299605496,43.15656802605589],[-0.564713816071035,43.157282562310684],[-0.564711570655689,43.15746541401199],[-0.564872342508686,43.15793819952514],[-0.565129411611408,43.15825743615084],[-0.56562943235401,43.15846779283745],[-0.565967109433282,43.1585187482626],[-0.568633570411739,43.158559254445855],[-0.569744681623692,43.15874665769104],[-0.570657140009049,43.15910270010418],[-0.572091277958664,43.15979980217124],[-0.572688605709125,43.16036975915294],[-0.572878872733098,43.16076142411942],[-0.572692581236129,43.161229498029236],[-0.570824688935792,43.163524355071615],[-0.570277767499645,43.16438703596118],[-0.570330954806869,43.16473012360492],[-0.570631714573595,43.16525769474649],[-0.570582064592973,43.166424444886104],[-0.569752365607156,43.1663942979584],[-0.568994796564792,43.166237502824046],[-0.568456289638433,43.16626163274035],[-0.567977514065622,43.166197345581736],[-0.566523883091625,43.165724122835734],[-0.565201104544931,43.16543743608124],[-0.564194022640023,43.165323074638536],[-0.5616639134959,43.165503940156434],[-0.560986486253906,43.16600802634086],[-0.560484160882847,43.166220002224456],[-0.55835471079174,43.16645598404999],[-0.557936575579778,43.16609792639735],[-0.556666991230365,43.16637482134005],[-0.556521015002643,43.166501189228455],[-0.555118455143753,43.16625662863505],[-0.553361415398677,43.1662281220125],[-0.551291045787447,43.16588487176468],[-0.549339300956405,43.16575016661046],[-0.548036011311395,43.16589931429958],[-0.547487850811132,43.16632702689061],[-0.548531104469454,43.16707061924488],[-0.549052303871286,43.1676855290546],[-0.549077760759082,43.16817990063089],[-0.548646486780682,43.16936909583311],[-0.548908314331438,43.1699466259497],[-0.548165512586687,43.17067067266807],[-0.548435467031392,43.17128035091194],[-0.549805252782517,43.172311216875116],[-0.550731841391124,43.17261564755582],[-0.551998871291713,43.173614758170515],[-0.550915474650553,43.17444188554118],[-0.55104684312375,43.17461763625073],[-0.550184875686455,43.175585126273084],[-0.549201684526561,43.17532126860449],[-0.549166028009203,43.17540167638652],[-0.548682358449099,43.17539868870686],[-0.54788846115517,43.17523213326641],[-0.547738778140772,43.174918322145466],[-0.546843383568581,43.17418065361628],[-0.546708316710049,43.173643965868905],[-0.545650176947505,43.17502394344202],[-0.544801615963431,43.1756100839782],[-0.542453224056479,43.17350654084045],[-0.540950793151553,43.17309940235871],[-0.539751446031041,43.17400405168106],[-0.538971427564064,43.17438440798835],[-0.538789963549633,43.17443448287231],[-0.538521742210447,43.17399219561963],[-0.537627142323955,43.1745104590633],[-0.537322846610059,43.174563661272124],[-0.536743315303485,43.17403974448517],[-0.535505881125278,43.17267573956083],[-0.534599489504591,43.1730818166081],[-0.531873998328946,43.173936454997424],[-0.530371026990483,43.17460603864781],[-0.530060940980235,43.174524353291055],[-0.529458929772317,43.17355094787107],[-0.529274714585255,43.17355607783561],[-0.528693502261919,43.1737884907948],[-0.528448488308919,43.17354350422877],[-0.525808888030953,43.171796698420046],[-0.524603936595894,43.17128236906795],[-0.524199568339291,43.170945343787714],[-0.523526851107886,43.17086739084029],[-0.52334274859373,43.17037010078132],[-0.522841496385418,43.17015868758789],[-0.52081858047298,43.16899846922273],[-0.521261664205291,43.16803411031137],[-0.521824818276084,43.1657711008396],[-0.522106171872096,43.16499929919293],[-0.52212845177972,43.16423506173882],[-0.522811402443843,43.16280817679407],[-0.522618575387642,43.16210679241376],[-0.522636550872005,43.16149395803061],[-0.523384476754366,43.160911288607046],[-0.524335628494382,43.16105936684893],[-0.524790941388653,43.160962546191946],[-0.524851906284986,43.16087321737216],[-0.526716786056894,43.15993166303598],[-0.527364145195937,43.159374764181194],[-0.527731024127024,43.159320440573076],[-0.528630746264083,43.15866703852336],[-0.528880546668945,43.158749797415354],[-0.52907872801079,43.15901431867854],[-0.52926020692682,43.158965159324],[-0.530668240529573,43.15741273801192],[-0.529817105851504,43.15686798335581],[-0.530422409080007,43.15640878156745],[-0.529022047749074,43.15476466111982],[-0.52903783194171,43.15460027856789],[-0.531024904775906,43.153469170222685],[-0.531853607605728,43.15286308497926],[-0.532864390730727,43.15193679870964],[-0.534904717361394,43.14976935545605],[-0.535577162170855,43.149705880834105],[-0.53606375064422,43.149378391862385],[-0.536861256531689,43.14814393803331],[-0.537556976928822,43.147316180948145],[-0.537852579512025,43.14708318789122],[-0.538114969056476,43.146147203033664],[-0.539934687360183,43.144880961357146],[-0.541418265607945,43.14412993627501],[-0.542314948343558,43.14387447431112],[-0.542880944894983,43.143600165287495],[-0.543485613259966,43.14299414938994],[-0.543672309790591,43.14267018302401],[-0.545331599671547,43.14103727343576],[-0.545896313123478,43.140782797965755],[-0.546894160286822,43.14051406326846],[-0.548856937672895,43.13978137096906],[-0.549336405612138,43.14030129346209],[-0.549823475327731,43.14028434849534]]]]}},{"type":"Feature","properties":{"fid":198,"ID":"COMMUNE_0000000009761596","NOM":"Estialescq","NOM_M":"ESTIALESCQ","INSEE_COM":"64219","STATUT":"Commune simple","POPULATION":260,"INSEE_CAN":"15","INSEE_ARR":"2","INSEE_DEP":"64","INSEE_REG":"75","SIREN_EPCI":"200067262"},"geometry":{"type":"MultiPolygon","coordinates":[[[[-0.548667016294845,43.21266945044891],[-0.548921082663199,43.212436890096335],[-0.549572705633921,43.21130254154941],[-0.550217922554244,43.21054477254544],[-0.550858921703135,43.20917845969712],[-0.551953176875027,43.20753700143745],[-0.552951379278389,43.20581585811825],[-0.555085656596791,43.20669367461833],[-0.561109166568231,43.20883877777825],[-0.562539515581267,43.20925706727038],[-0.572842313603749,43.21282867971228],[-0.572096349896193,43.21446064251721],[-0.569662439725035,43.21639067686259],[-0.56522278242679,43.2205326675203],[-0.563238892942982,43.22148332200029],[-0.560001871375063,43.22323795205947],[-0.555583068546147,43.22673863685318],[-0.556605363739665,43.227442397982664],[-0.553450322119754,43.229077064776114],[-0.54150900360726,43.23777513392791],[-0.540246021445743,43.238828649671014],[-0.537925426657144,43.24137461554533],[-0.536757697538498,43.237816580825054],[-0.536372664152696,43.22834055193252],[-0.53493672573401,43.2251821159793],[-0.538102350473963,43.22488027464287],[-0.53940647489485,43.22482309958724],[-0.539018665321255,43.22430187200356],[-0.540638997106356,43.22392006461619],[-0.540415941801582,43.223475374002675],[-0.538916677096134,43.22302032271311],[-0.538225448567392,43.22269092840798],[-0.539258641331305,43.22209158302609],[-0.539197466495133,43.22197743601455],[-0.539355752978704,43.22176784976102],[-0.539379087126709,43.22130517140386],[-0.539299679650371,43.221154705608846],[-0.538655918083104,43.2208561731042],[-0.538644384314822,43.22008579701146],[-0.539050109849356,43.218892047915254],[-0.539508722929954,43.21836016701106],[-0.539512710218528,43.21792333603159],[-0.54090540824591,43.217947871094246],[-0.542165710795705,43.21766068960441],[-0.545536136634086,43.2167116983686],[-0.546932374222985,43.21553218349768],[-0.54728090549245,43.214873326646426],[-0.547174869903914,43.21461029035866],[-0.547423287580096,43.214165421665264],[-0.548667016294845,43.21266945044891]]]]}},{"type":"Feature","properties":{"fid":344,"ID":"COMMUNE_0000000009762049","NOM":"Ogeu-les-Bains","NOM_M":"OGEU-LES-BAINS","INSEE_COM":"64421","STATUT":"Commune simple","POPULATION":1274,"INSEE_CAN":"15","INSEE_ARR":"2","INSEE_DEP":"64","INSEE_REG":"75","SIREN_EPCI":"200067262"},"geometry":{"type":"MultiPolygon","coordinates":[[[[-0.468497573120361,43.16733978017834],[-0.468923241686395,43.16723875118796],[-0.469047353450786,43.1670114732105],[-0.468633342818731,43.166077637647625],[-0.468630091987428,43.16477405200399],[-0.468902033745801,43.16403872896757],[-0.469372675329038,43.16362203261296],[-0.470209039778165,43.163151245750264],[-0.471008991944401,43.162913911753314],[-0.472029517639122,43.16243808061707],[-0.472946566505824,43.16236892485618],[-0.473669602605449,43.16208002825715],[-0.474440302533012,43.161520389108496],[-0.475417027230356,43.16113507007912],[-0.476726571651343,43.16029243975348],[-0.47715094645009,43.160191418468706],[-0.480423685069056,43.1572731376665],[-0.482065285085988,43.15529069323946],[-0.48253198631589,43.15387288916004],[-0.482673039663916,43.15298960279757],[-0.482287360051409,43.15128332363457],[-0.483272588370177,43.14904386580741],[-0.483910434328392,43.14826336674789],[-0.484304140115719,43.147533073016696],[-0.484211502421296,43.14567057897367],[-0.484573333623556,43.14557424886772],[-0.485197948643415,43.144228762240445],[-0.485178468206662,43.14382424323993],[-0.484722484137228,43.1432969901421],[-0.484636918009755,43.14279557216574],[-0.48485341430272,43.1422060578576],[-0.485338689836227,43.14183293272941],[-0.485760258088628,43.14168784884763],[-0.486316804693726,43.141762578614994],[-0.486555425632825,43.141621609527256],[-0.486662893331167,43.14130391722059],[-0.48577850578548,43.140787829536634],[-0.484740076463299,43.13983735687645],[-0.485341676650135,43.139334424062284],[-0.485744147623665,43.13887304228707],[-0.485944099120435,43.1388656736119],[-0.486031356137327,43.13878362192804],[-0.486467330423942,43.13816449648226],[-0.486782498584996,43.13725487157746],[-0.487238777483055,43.136524345928486],[-0.487938722223432,43.135777828121405],[-0.488366515134113,43.13545156601558],[-0.48855110288436,43.135617552228396],[-0.489092670490828,43.135811593648924],[-0.490238541006466,43.13587441901053],[-0.490914825440176,43.13581559721927],[-0.491616972446571,43.13549303724959],[-0.492300841488709,43.135498784457475],[-0.492488857297885,43.13541616252033],[-0.49292100193969,43.134796233436546],[-0.493360194744797,43.13453710569198],[-0.493940388786187,43.13443456267625],[-0.49398114785326,43.133604038723625],[-0.495532159037138,43.132439125018806],[-0.495868529536884,43.13180158352298],[-0.496854168971622,43.13147249025249],[-0.497639199080644,43.130611504368936],[-0.498310961346103,43.13025567287243],[-0.498325944725143,43.12979241807654],[-0.498544767079091,43.129528719336164],[-0.500085584763616,43.12915275528013],[-0.502273957681901,43.128265941527424],[-0.503650076493599,43.12710028915113],[-0.503992065700622,43.1266993246577],[-0.50399405315612,43.126245494890135],[-0.503822078311953,43.125983691032154],[-0.503881404586034,43.125867419964955],[-0.505035444208661,43.12570293340277],[-0.505430077716757,43.12548121726185],[-0.507095731118442,43.126658655964334],[-0.50824564405042,43.12703356715556],[-0.509181331572474,43.12687614664678],[-0.509754954036657,43.1266467831842],[-0.510704427895521,43.12608915311248],[-0.511475630363844,43.12595597908864],[-0.511930297445199,43.12607530775696],[-0.512280198064391,43.12645284410961],[-0.512147907308407,43.127168419252314],[-0.511883063349189,43.12784690022317],[-0.511896410781163,43.12804633899628],[-0.51226196528775,43.12866105413508],[-0.51263865330377,43.12873070360093],[-0.51305142367413,43.128665925806125],[-0.514375112130874,43.128238312200246],[-0.514666564859169,43.128199993796336],[-0.515107428059484,43.1282738433346],[-0.515598539904597,43.12893126925414],[-0.516021229945557,43.12991864898916],[-0.516303967161181,43.13040370633963],[-0.516483954390774,43.130553590203405],[-0.516832381199328,43.13058273258773],[-0.516992183565365,43.130501887872164],[-0.518222405316805,43.12924536627833],[-0.518754212323726,43.12923790217565],[-0.519150574431166,43.129468947478394],[-0.519999619023293,43.129745525078704],[-0.520210512224959,43.12993850970976],[-0.520291332542844,43.130357227456194],[-0.519741725824185,43.13205071518743],[-0.520200239710676,43.133342129385575],[-0.520441094043794,43.133582754128874],[-0.520658305097806,43.13367739535037],[-0.521316990435526,43.133794522839956],[-0.521704010362494,43.133790876998454],[-0.522279503114989,43.133551481311095],[-0.522417803082335,43.13340020427942],[-0.522413378971707,43.13316625998472],[-0.521880030518782,43.13207987672977],[-0.521802308743128,43.131571023792596],[-0.522014286432428,43.131055402221236],[-0.522164575672457,43.1308992320224],[-0.522470397309855,43.1308343130984],[-0.523143053313817,43.13099958985572],[-0.523672021773319,43.13130821453597],[-0.524192146367038,43.132116815915644],[-0.524417655872928,43.13279099858591],[-0.524517321814091,43.13293359386945],[-0.524962950765329,43.13318551703872],[-0.5255612607699,43.13334060762868],[-0.526673570960342,43.13343745621186],[-0.52765596801042,43.1332990552949],[-0.528625917809162,43.13350048309317],[-0.529517639627536,43.13409161388492],[-0.529645182692019,43.13436834383679],[-0.529526416265238,43.1351411305709],[-0.529374308703027,43.135508953009115],[-0.528428644765685,43.13701469382955],[-0.528352038949703,43.137270200125215],[-0.528340990538165,43.1375523708694],[-0.528502087981687,43.13801617713358],[-0.528818191543622,43.138239916110216],[-0.529092044216053,43.138275064395145],[-0.529946268778445,43.1381705539074],[-0.530312448669878,43.13800639822472],[-0.530751926162433,43.13759314372031],[-0.531379161202729,43.1365506923403],[-0.531501950161835,43.13586420357287],[-0.531795939957813,43.135062260894586],[-0.532169244773629,43.1344720003358],[-0.532353702946828,43.13437231700272],[-0.532610070351433,43.13436301154713],[-0.532981911180571,43.1346740445616],[-0.533697207109603,43.13591737913583],[-0.533979021465174,43.13626377467646],[-0.534214632894387,43.136397401764704],[-0.534493571932839,43.13647558609005],[-0.535372103262651,43.13652779566418],[-0.536567349567477,43.13651198081958],[-0.537426066424034,43.136782709325445],[-0.53815406346074,43.13778971089495],[-0.537910389336394,43.1380065939461],[-0.536717423038682,43.13838158869677],[-0.536514190469005,43.13851610925808],[-0.536399272217158,43.13880799389519],[-0.536464814377572,43.13911556439232],[-0.536875225316241,43.139513555703644],[-0.537512102088966,43.139814976219455],[-0.537796960335305,43.139909164969175],[-0.538446711272739,43.13989863477362],[-0.539431896760263,43.13938278803275],[-0.540339818134217,43.13901082634198],[-0.541088416810509,43.138747633578326],[-0.54208371465494,43.13865819804739],[-0.543962986376939,43.13794724839736],[-0.544645109718608,43.13756286769536],[-0.54533187972634,43.1373746073706],[-0.546188255379786,43.136925059373155],[-0.546749975422457,43.13682283770251],[-0.5474789610717,43.136941996290645],[-0.547873835765801,43.13714598119053],[-0.548396035315762,43.137601473613266],[-0.549083171420582,43.13846029458903],[-0.549835211578911,43.13963480158902],[-0.549823475327731,43.14028434849534],[-0.549336405612138,43.14030129346209],[-0.548856937672895,43.13978137096906],[-0.546894160286822,43.14051406326846],[-0.545896313123478,43.140782797965755],[-0.545331599671547,43.14103727343576],[-0.543672309790591,43.14267018302401],[-0.543485613259966,43.14299414938994],[-0.542880944894983,43.143600165287495],[-0.542314948343558,43.14387447431112],[-0.541418265607945,43.14412993627501],[-0.539934687360183,43.144880961357146],[-0.538114969056476,43.146147203033664],[-0.537852579512025,43.14708318789122],[-0.537556976928822,43.147316180948145],[-0.536861256531689,43.14814393803331],[-0.53606375064422,43.149378391862385],[-0.535577162170855,43.149705880834105],[-0.534904717361394,43.14976935545605],[-0.532864390730727,43.15193679870964],[-0.531853607605728,43.15286308497926],[-0.531024904775906,43.153469170222685],[-0.52903783194171,43.15460027856789],[-0.529022047749074,43.15476466111982],[-0.530422409080007,43.15640878156745],[-0.529817105851504,43.15686798335581],[-0.530668240529573,43.15741273801192],[-0.52926020692682,43.158965159324],[-0.52907872801079,43.15901431867854],[-0.528880546668945,43.158749797415354],[-0.528630746264083,43.15866703852336],[-0.527731024127024,43.159320440573076],[-0.527364145195937,43.159374764181194],[-0.526716786056894,43.15993166303598],[-0.524851906284986,43.16087321737216],[-0.524790941388653,43.160962546191946],[-0.524335628494382,43.16105936684893],[-0.523384476754366,43.160911288607046],[-0.522636550872005,43.16149395803061],[-0.522618575387642,43.16210679241376],[-0.522811402443843,43.16280817679407],[-0.52212845177972,43.16423506173882],[-0.522106171872096,43.16499929919293],[-0.521824818276084,43.1657711008396],[-0.521261664205291,43.16803411031137],[-0.52081858047298,43.16899846922273],[-0.520062618770565,43.17009729353577],[-0.518428887229396,43.17306331489342],[-0.516221622593441,43.17823051836294],[-0.515872143328589,43.17855254286008],[-0.515792041327086,43.17824722756603],[-0.514701737768371,43.17804057340839],[-0.514419330009053,43.17823165352976],[-0.513685509152807,43.17844464701095],[-0.512553895773036,43.17907576149553],[-0.511941725657295,43.179286580459966],[-0.511404543818861,43.17963811275819],[-0.510309200580013,43.17977371833405],[-0.509982207967662,43.179899610424016],[-0.509196175593564,43.18081295912608],[-0.508800714116797,43.18195849439325],[-0.507637515503757,43.18253746102154],[-0.507234260232488,43.182947641092944],[-0.507520947697978,43.18325164541848],[-0.506581035390503,43.18398270266212],[-0.505731502098175,43.18377082588417],[-0.504723584480761,43.18315892399921],[-0.502746899405491,43.18215351300985],[-0.502109723307812,43.18201394337528],[-0.501747061945057,43.1818564520883],[-0.500941701481558,43.18214911124026],[-0.49995448404879,43.18203980085911],[-0.498831772634814,43.18166386798052],[-0.498415964113802,43.18188804459949],[-0.497412285893461,43.18203494901196],[-0.496878163727168,43.182032463370874],[-0.496097505649678,43.18185969634064],[-0.49562568242193,43.1819920400472],[-0.494847212038237,43.18258720369992],[-0.493424754731647,43.18193371363025],[-0.491612718627453,43.18130722745997],[-0.491304139947461,43.181270400156166],[-0.49013989101342,43.18134590469427],[-0.489715383567693,43.18144697881801],[-0.488326101726519,43.181157897347035],[-0.487401133121889,43.18138589529262],[-0.486365054202823,43.18128164357396],[-0.48550611726046,43.18105460965774],[-0.484901501166853,43.18124972139854],[-0.481812330463017,43.18108931047089],[-0.48135429496613,43.18138951231112],[-0.48095348181245,43.18149608897888],[-0.480843110365084,43.18166531746885],[-0.476478460082666,43.18132713273047],[-0.473186269715564,43.179999862051986],[-0.472616302442083,43.1794212865324],[-0.472637400073155,43.17913789695797],[-0.472461474972527,43.17874920910366],[-0.471692027903945,43.178105926248115],[-0.471058173100205,43.177732880279265],[-0.471084142095156,43.177612297909896],[-0.471353403539223,43.17750729222293],[-0.471009870521998,43.17713390272806],[-0.471036523720261,43.1769223632283],[-0.470764603182533,43.176573678369316],[-0.4710805905654,43.17626369061772],[-0.471043453431218,43.17613703678316],[-0.470770596008596,43.17589552376313],[-0.470705432956602,43.17569144182678],[-0.470242373260163,43.17537591916294],[-0.469586291271127,43.17475508654191],[-0.469297981864113,43.17429708445369],[-0.468070982862897,43.17316160923437],[-0.468035716309604,43.17302499100782],[-0.467544697633009,43.172673443856894],[-0.467012287177341,43.17202161099947],[-0.466449503458926,43.17178581046605],[-0.466194659057857,43.17116736602346],[-0.466646295329979,43.170535210729554],[-0.467082274182674,43.17031861437874],[-0.467545303233816,43.16991747654649],[-0.46848082515283,43.16949843562778],[-0.468585745875746,43.16913582385298],[-0.468331272457065,43.16770436613068],[-0.468497573120361,43.16733978017834]]]]}},{"type":"Feature","properties":{"fid":361,"ID":"COMMUNE_0000000009762636","NOM":"Cette-Eygun","NOM_M":"CETTE-EYGUN","INSEE_COM":"64185","STATUT":"Commune simple","POPULATION":59,"INSEE_CAN":"14","INSEE_ARR":"2","INSEE_DEP":"64","INSEE_REG":"75","SIREN_EPCI":"200067262"},"geometry":{"type":"MultiPolygon","coordinates":[[[[-0.510272853138133,42.92901295049625],[-0.509320656927227,42.92831852885266],[-0.508988456242209,42.92778837803751],[-0.508690940104764,42.92671788750556],[-0.507682390753698,42.92484786718065],[-0.507543396279045,42.92327890390637],[-0.508410252482102,42.921997542279684],[-0.508677156173438,42.92122637477304],[-0.50866125629709,42.920902832455965],[-0.510510202138595,42.921177260403475],[-0.513575920460541,42.92109588533877],[-0.514020755962077,42.92144319788534],[-0.514962217646255,42.9219209808294],[-0.516384169399128,42.92224259390812],[-0.51762966889283,42.92270409616121],[-0.521154812729875,42.92324838278508],[-0.52250027676148,42.92325736246182],[-0.523475830543653,42.92318574594806],[-0.524985635418325,42.92404447460108],[-0.526634956236274,42.92522266834868],[-0.527199473015085,42.925521891330696],[-0.527567893738904,42.92555749836929],[-0.527758297301592,42.9256871710168],[-0.528309806268781,42.92694011318162],[-0.530062830157234,42.92774667774847],[-0.531016723225892,42.92848497653729],[-0.531834413460062,42.92895769089373],[-0.532703777197172,42.92921265395099],[-0.5347358056148,42.929248406775024],[-0.535480810917776,42.92945252967902],[-0.536032701503822,42.92948296831834],[-0.537019081785604,42.92842246335071],[-0.540219945196917,42.92613401543052],[-0.541672301443311,42.92582596603906],[-0.543661842313852,42.92500776403164],[-0.545807076181535,42.92387201555092],[-0.547199100720164,42.92333993299484],[-0.548846562434629,42.92325938852433],[-0.549708339448141,42.92337043195952],[-0.550268734639857,42.923580553508685],[-0.551858752137904,42.923581979732575],[-0.552744133674567,42.92391816771399],[-0.553758395253616,42.92461826419393],[-0.554752657474383,42.924951733373],[-0.555329863947662,42.92547544287211],[-0.555823302914686,42.92555182400729],[-0.556203014635548,42.925811109309294],[-0.557077708307139,42.92619172800595],[-0.557849040877675,42.926943947343155],[-0.558227236959091,42.927158266525716],[-0.560561252010978,42.927364462514376],[-0.564032094150432,42.9282683499316],[-0.564335993952929,42.92799090167855],[-0.565190808166849,42.92796702487792],[-0.566334260137891,42.92757707344571],[-0.56742815194261,42.92745701768572],[-0.568326969578798,42.927073371189245],[-0.568692605650987,42.92706302038704],[-0.570727899913505,42.927151994710194],[-0.571847319883403,42.92752615958209],[-0.574575375064751,42.92826087241342],[-0.575252295726847,42.92833195827809],[-0.575854471227011,42.92814446754672],[-0.57763323511483,42.92800599942609],[-0.577812401457876,42.927911809017],[-0.577974610885013,42.92750310888823],[-0.578062675775939,42.926825915410404],[-0.577713569449825,42.9259724445915],[-0.577535545789024,42.92485401300396],[-0.577099625772755,42.92324815948146],[-0.577145073431026,42.92293247256962],[-0.577803432229418,42.922644074974166],[-0.578734814808713,42.922393384247734],[-0.580110226212057,42.92231152319991],[-0.581216692642762,42.92241685680986],[-0.583367975613781,42.922402694540246],[-0.588464377180681,42.92281132247106],[-0.589701048380748,42.92282309658741],[-0.590184609033627,42.92271960773128],[-0.590700576828822,42.92203169355557],[-0.594621496077448,42.92193290305028],[-0.595043922321305,42.921831438594445],[-0.596885066701729,42.92074712803457],[-0.59899164547607,42.919835731137134],[-0.599250599787239,42.92158067530866],[-0.599892080432035,42.92337041160049],[-0.599872482907223,42.92417946705276],[-0.599716357049771,42.924723033783174],[-0.600283536684181,42.92531526817684],[-0.600052679664731,42.92587844591341],[-0.600276389696757,42.927548061475186],[-0.600475673351089,42.92785735824337],[-0.602347225599647,42.928345525386476],[-0.605895788047106,42.92956055764806],[-0.607871640750753,42.93113260865424],[-0.608134956125773,42.93148565442333],[-0.608281847002963,42.931975846152426],[-0.608320753403774,42.932738835928056],[-0.609813286313095,42.935852998607544],[-0.610661918084661,42.93690835459718],[-0.611021486966442,42.93794054057741],[-0.610524329235282,42.93898802830575],[-0.609596150228585,42.942618385689286],[-0.608919816652739,42.94346573425747],[-0.608970398526137,42.943904252715335],[-0.60883343781239,42.944479607955245],[-0.60925177689077,42.94480224176134],[-0.608669299679617,42.9450711804432],[-0.604125416071107,42.95244099614113],[-0.603892277909497,42.95267297918257],[-0.601595866591143,42.95322982742553],[-0.598630806479999,42.95411150882308],[-0.598062759957215,42.95499026975438],[-0.596911767936329,42.95546183169688],[-0.596275048250383,42.95616283324087],[-0.594597171233217,42.95687436655935],[-0.593197645551595,42.957272280707116],[-0.592648245061246,42.95728705400654],[-0.591529676917672,42.95695805604676],[-0.590214575086699,42.95636464239105],[-0.589207607700753,42.95579872950473],[-0.587959661003947,42.955338983005426],[-0.586533721966049,42.95497338884955],[-0.584263989459245,42.95485559086532],[-0.582459437741299,42.95449087267112],[-0.577607973498777,42.9529520100253],[-0.577242120373484,42.95296149301467],[-0.576096748397446,42.95330750754755],[-0.575899458194153,42.95326816324328],[-0.575879062239605,42.9526395802979],[-0.575429243179264,42.95220173671648],[-0.574432673388958,42.95186040610781],[-0.573994992572915,42.951917279766704],[-0.573393118102172,42.952113747866],[-0.5733048523262,42.95157654636035],[-0.572250422377791,42.95129023463631],[-0.571159180010873,42.95150026210866],[-0.569876970395845,42.95153477881368],[-0.568946456452556,42.95129022870746],[-0.568440902719008,42.95098114210127],[-0.568053899423084,42.95058709535839],[-0.567619839084948,42.9504637777635],[-0.566703489645559,42.95048880636269],[-0.566270115896789,42.95063552805906],[-0.565228645779547,42.9506187863971],[-0.564606785780807,42.95041076708095],[-0.563079943170012,42.95045242074005],[-0.559605030010572,42.94950356530124],[-0.558729968224074,42.949122959373746],[-0.557909110134325,42.94886658214964],[-0.557024266502397,42.94830624358003],[-0.556576156442802,42.94791328289701],[-0.55592136971342,42.94680788965789],[-0.555534247450085,42.945191314362006],[-0.555487452727371,42.944248538262826],[-0.555698200753172,42.94356910190548],[-0.555530598669146,42.94267443684079],[-0.555329971821806,42.94232009281118],[-0.554261225158092,42.94175592395537],[-0.5528853346913,42.942377581595686],[-0.550457025398342,42.94298180281123],[-0.549660375584336,42.942958622449176],[-0.548357320829822,42.94258938290419],[-0.547492512183359,42.942433407103906],[-0.546340823304028,42.94263527769274],[-0.545014681177955,42.94303013698901],[-0.544286771682524,42.94340974146508],[-0.544040567650934,42.943371054717396],[-0.540965597623394,42.94183589897782],[-0.539529694319781,42.94123598197984],[-0.538848405817718,42.941074790349596],[-0.537442903615496,42.94111298910541],[-0.536100250651736,42.94141826061636],[-0.534957600329412,42.94180875318403],[-0.534345967371337,42.94182528085888],[-0.532423578845644,42.941283588185485],[-0.531923049910779,42.941072298343386],[-0.530810610545217,42.94083251334514],[-0.530186243687227,42.94057937670733],[-0.529386900382276,42.940511126112],[-0.529475869428388,42.938611486974246],[-0.529268489996486,42.93812319397838],[-0.528624499679271,42.93746650722827],[-0.527362587327928,42.936681582382676],[-0.526296272245837,42.93617108233142],[-0.525475794123569,42.93565340288668],[-0.524315064844254,42.935685198716676],[-0.523410079027391,42.93593363965807],[-0.522909826119371,42.93594735009581],[-0.520691869985663,42.93563750228976],[-0.519718830291,42.93575401440134],[-0.518637317257339,42.936142327866996],[-0.518042318766795,42.93647238537788],[-0.517917320566739,42.93643147048195],[-0.517694582483741,42.93562769657028],[-0.517294176261946,42.934964770078516],[-0.516849163003005,42.934616568539425],[-0.515231786944678,42.93406729669395],[-0.514635241970824,42.93313892671369],[-0.513753778358783,42.9326231598687],[-0.512793764215096,42.930527435753476],[-0.511796981647048,42.930149555044544],[-0.511285468599877,42.929713490919035],[-0.510890615906906,42.92914038410648],[-0.510702360000015,42.929045718817996],[-0.510272853138133,42.92901295049625]]]]}},{"type":"Feature","properties":{"fid":367,"ID":"COMMUNE_0000000009762266","NOM":"Lanne-en-Barétous","NOM_M":"LANNE-EN-BARETOUS","INSEE_COM":"64310","STATUT":"Commune simple","POPULATION":479,"INSEE_CAN":"14","INSEE_ARR":"2","INSEE_DEP":"64","INSEE_REG":"75","SIREN_EPCI":"200067262"},"geometry":{"type":"MultiPolygon","coordinates":[[[[-0.811028114131557,43.05931985971893],[-0.809909295941404,43.059038023765424],[-0.80830322786217,43.05881574361472],[-0.805340601999011,43.059793082033764],[-0.801955835782866,43.06070151198096],[-0.801231027632075,43.06112691238913],[-0.800768288039186,43.06163489581063],[-0.800382052476381,43.06241030602093],[-0.800428254433722,43.06326318830591],[-0.800772117139303,43.06393627606061],[-0.800864390521244,43.064518301340335],[-0.80054412727899,43.06560653662621],[-0.800570461230666,43.066100847841135],[-0.801388935938172,43.067604487324765],[-0.801697915075259,43.06877405079615],[-0.801626384856407,43.07106820331076],[-0.801751919432685,43.07215600702548],[-0.802139669586689,43.07282304534997],[-0.802659466056714,43.07428411307232],[-0.80190073897186,43.07498084928038],[-0.801371938613391,43.07562533753486],[-0.800668750302316,43.077354716745546],[-0.799275312483051,43.077665041349725],[-0.797596985371627,43.07861301058639],[-0.79681361464598,43.078861255950585],[-0.796157462022368,43.07919505337024],[-0.795453974772492,43.079799749160884],[-0.79343345992911,43.0823309954088],[-0.790485617991633,43.084755290756426],[-0.790496168669534,43.08493500873872],[-0.793420633088061,43.08796015607009],[-0.794635716551317,43.08887811517224],[-0.795154153866386,43.08940191265673],[-0.795242966820371,43.08989403123138],[-0.795115691306323,43.09003268569455],[-0.794574422282954,43.090228254218424],[-0.792858901543234,43.09140256839685],[-0.790492868408491,43.092100907995814],[-0.790638766913497,43.0925459976852],[-0.790138871182126,43.09350457128784],[-0.791400729258125,43.09414178568018],[-0.791481907379267,43.09449910899513],[-0.791116293531447,43.09568797871729],[-0.790602400556318,43.096602026345714],[-0.790536734738858,43.09702485137691],[-0.790682076806241,43.09779862975363],[-0.790436130722688,43.09811434432352],[-0.790387102550553,43.098847241936355],[-0.79021207424283,43.099045200885875],[-0.789798373598582,43.099951216486055],[-0.788252755797062,43.102299074386416],[-0.788064460707185,43.10338264846449],[-0.787906225033068,43.108432602390984],[-0.78852126144532,43.10845959205763],[-0.788850679693351,43.108854112000365],[-0.788065579919462,43.10932656076243],[-0.788615059571097,43.10979708408119],[-0.787859972684776,43.11029638975686],[-0.786252935704843,43.110811238525535],[-0.785063833105094,43.110933179472724],[-0.784092665931714,43.11147426947594],[-0.784205746732952,43.111793562684525],[-0.784255537220965,43.11262924520071],[-0.784485802382236,43.11316143299482],[-0.78400660389183,43.11389594192974],[-0.784468323235055,43.11411474000603],[-0.784455769610662,43.11424214686169],[-0.784541578018033,43.1142949605066],[-0.784801067848271,43.1143722865349],[-0.784391474622186,43.114987290946495],[-0.784217311689534,43.115687670545555],[-0.784179065286926,43.11632384387537],[-0.78477273154336,43.11716833356906],[-0.783723140673348,43.11795890341696],[-0.783551375190844,43.118189154104314],[-0.783311862530767,43.11828581345772],[-0.782935691246253,43.118773573189465],[-0.782956136548086,43.11917986705857],[-0.782504570838446,43.12009349391469],[-0.782251177339408,43.121067695750185],[-0.782266797760005,43.12140032123143],[-0.782489325713655,43.1219643059066],[-0.782510501889605,43.12525568841626],[-0.78237421646733,43.125878198780924],[-0.78211031551257,43.12597841265516],[-0.781814750699095,43.12647774690437],[-0.781717838043745,43.12755181308939],[-0.78178569779384,43.12821308080175],[-0.781496527700786,43.12909219077603],[-0.781755202899925,43.129719746741316],[-0.781690217963795,43.1300606071318],[-0.782219803188814,43.130657040918535],[-0.782268970296639,43.13129555419602],[-0.782586982087337,43.13172112052857],[-0.782786155135591,43.13181498062984],[-0.783067440570325,43.1322616460691],[-0.783468171129304,43.13254203005075],[-0.783446574273268,43.1330947824438],[-0.782786283435732,43.13369517644919],[-0.782493324216248,43.13408456451347],[-0.782216429512709,43.134212248613984],[-0.781586660561611,43.13424606213357],[-0.781605055120528,43.134508356521735],[-0.781506012726842,43.134723445695904],[-0.7808069508975,43.135032531924615],[-0.780535986599477,43.135401331968886],[-0.779838953269981,43.13555365699268],[-0.779329806127536,43.13590919840992],[-0.778231141968669,43.136388067032996],[-0.77822551917923,43.13650892844518],[-0.778486240923344,43.136829360602],[-0.778468938315902,43.13695963650246],[-0.777668036637484,43.13734791320941],[-0.777218496985609,43.137675240248186],[-0.777233440383889,43.1383176590286],[-0.776645547783792,43.13863542617467],[-0.776330955337392,43.1389958391918],[-0.776298962625439,43.139240090176074],[-0.776753778608153,43.1397833470146],[-0.776088734771095,43.14004978636131],[-0.775783909684241,43.14029639490926],[-0.775579486507912,43.140837543596916],[-0.775651551988594,43.14130056716378],[-0.775469230183742,43.141540180569436],[-0.775431063044956,43.1418593879668],[-0.775038892565764,43.14233147382956],[-0.773365471697074,43.14178856842855],[-0.773381133851626,43.141595317096886],[-0.773175278465751,43.14170067839178],[-0.772920007521932,43.14163307643529],[-0.77307939186532,43.14143749396984],[-0.772958673090779,43.14137778709852],[-0.772915622597851,43.1411892932876],[-0.772974494169377,43.14090448113243],[-0.773104574832264,43.14080627612554],[-0.772755676819429,43.140378158915496],[-0.772184798077691,43.13978942322815],[-0.771562035564748,43.13936638836239],[-0.770987727834252,43.139252319159546],[-0.770007195106303,43.13875445102689],[-0.769813044650534,43.1383983523406],[-0.769335964730579,43.13802153591984],[-0.768882721733379,43.13733141906475],[-0.768451849662551,43.13717269893321],[-0.768237517585624,43.136902849337666],[-0.76796145079843,43.136063357728844],[-0.76723837969429,43.134854995890905],[-0.766720962125906,43.13436792262647],[-0.766128740539905,43.13399692168705],[-0.764961781001157,43.13365500928505],[-0.764012473346032,43.133671971763796],[-0.763282239265498,43.13384335807809],[-0.759960309076165,43.13494265574513],[-0.759319071951308,43.13504607475105],[-0.758758903163288,43.13467571703202],[-0.758159254811721,43.13447332031216],[-0.757011726372092,43.134240502083216],[-0.755727976822495,43.13418170832869],[-0.754546002265457,43.13387262531098],[-0.754321296276335,43.13349865916215],[-0.753631279565596,43.13281313728383],[-0.753453570917256,43.13210256036743],[-0.753762572250445,43.13127597513371],[-0.753285239382218,43.13100625935638],[-0.753139473003004,43.13056020650426],[-0.753419126368165,43.13005791111246],[-0.753336442651062,43.12965558449575],[-0.752784424736617,43.128538435298715],[-0.751462903203489,43.1284259834399],[-0.749960303464043,43.127947930038125],[-0.749756774151794,43.12772899997492],[-0.749390183363205,43.126967366968834],[-0.749482728606124,43.12547569188469],[-0.749148342693661,43.12426271178975],[-0.749514852922442,43.12242743590979],[-0.749190968788191,43.122247813614955],[-0.748801536330604,43.12221364372594],[-0.748223592409255,43.12095961678805],[-0.746409801656321,43.11929925718145],[-0.745226783481643,43.11784925679776],[-0.744777367128096,43.11745788094503],[-0.744564619522188,43.11692500957133],[-0.743604256367523,43.116178607845974],[-0.742676620446504,43.1149691337416],[-0.743045853157255,43.11476810937317],[-0.743632657856131,43.113865278934576],[-0.743903954285339,43.11365144766632],[-0.743636103440232,43.113121392870205],[-0.744252122752272,43.11202484911433],[-0.746767656862697,43.10947915368117],[-0.747465820781168,43.108551717829464],[-0.74777760935208,43.10864081670252],[-0.748573763126235,43.1086185092666],[-0.748816206712319,43.10856684861282],[-0.749406997083708,43.10814468355777],[-0.749451649544225,43.10782887446833],[-0.748526535046868,43.107397352954756],[-0.74854150785456,43.10723025008965],[-0.749173915193258,43.105990838019636],[-0.749177514172448,43.10572418225601],[-0.749018577971257,43.10535783375171],[-0.749362448601949,43.10471015065876],[-0.749283241695445,43.10369721263672],[-0.749524468345216,43.103418681554245],[-0.749581143882065,43.102663040743934],[-0.74974913884444,43.1020322865158],[-0.749745719173202,43.101392194214306],[-0.749282433758745,43.10067176889399],[-0.750162031223788,43.09962634538691],[-0.75038153179587,43.09924051690272],[-0.7507694867622,43.09754949110435],[-0.751059241111111,43.09519736645451],[-0.750530493116666,43.093959682364414],[-0.751174858879599,43.09268023012498],[-0.751164153163274,43.09179547885915],[-0.751979387809421,43.09121870826219],[-0.753262786678188,43.090113265383295],[-0.753648073550614,43.08955687250354],[-0.753435887957539,43.08878629853574],[-0.754261393518255,43.088122710451316],[-0.754670940070491,43.087542957267175],[-0.755331922398408,43.08716513236109],[-0.755449312557691,43.086816172596485],[-0.755775366864233,43.0864455261372],[-0.756927550093016,43.08600823245926],[-0.757987429441078,43.08488802063766],[-0.758388400578329,43.08463090598472],[-0.764797046672222,43.08106005975025],[-0.76241503340476,43.078961606767116],[-0.762214422906408,43.07865346918167],[-0.764952561337985,43.07825968691578],[-0.767292971370092,43.08071791259891],[-0.767538207438202,43.08071113021455],[-0.771056939237526,43.07273255582659],[-0.771405109254738,43.07213867966142],[-0.774422005386886,43.07124144230963],[-0.775346432576001,43.06995562175873],[-0.775843437969266,43.06895221721856],[-0.777240023709622,43.0614314792042],[-0.776930679060719,43.06139551555865],[-0.775477810915226,43.060583897285916],[-0.773980923239858,43.060132172310425],[-0.773726564697692,43.05996010876921],[-0.773352366055154,43.05870364099112],[-0.772471669825613,43.05715518963805],[-0.772512917162597,43.05405901540632],[-0.772395445827439,43.0538956571662],[-0.772625638471022,43.05324559078189],[-0.773380899924167,43.05305973215884],[-0.7744808802899,43.052380053666646],[-0.775313368714568,43.052042002920274],[-0.775259433671808,43.05080132442833],[-0.775439782062487,43.05038530778298],[-0.775302539682491,43.04929792329767],[-0.776369251235439,43.048486130830135],[-0.776831000871739,43.047660451095894],[-0.777185072040117,43.04736709177038],[-0.777999652171831,43.04694410823736],[-0.777607082234243,43.045218299660306],[-0.777670360679363,43.04487122047613],[-0.778195030060273,43.04365615007924],[-0.778681085274931,43.043278914096106],[-0.779220289410694,43.04311410609556],[-0.77933835409838,43.04300461031571],[-0.779297391162242,43.04233974653813],[-0.779397855123911,43.041810378113475],[-0.779192057715393,43.04110268414907],[-0.779278071456475,43.040765610884],[-0.779096436436768,43.04070986404462],[-0.779266890868429,43.04035001533898],[-0.779094286622806,43.03949258896479],[-0.778881301054147,43.039182227930205],[-0.778575730512193,43.03893904782315],[-0.778029309416006,43.037902065517535],[-0.777666194801043,43.037510537031885],[-0.777739766527372,43.03677592449747],[-0.777306737151627,43.035200119859184],[-0.776188962202182,43.034040033516334],[-0.776092244341146,43.033404144572756],[-0.776093905834111,43.03205618749169],[-0.775832380016092,43.030624730996216],[-0.774604113852256,43.02831420796229],[-0.773687006945641,43.02721729660801],[-0.773477194220498,43.02672854138396],[-0.774228512958594,43.02501934113051],[-0.774648915049421,43.024879431465514],[-0.77526154651856,43.02435640765812],[-0.776922152387622,43.02198949074389],[-0.77756722701481,43.01985811500636],[-0.777638226247941,43.01932889225346],[-0.777926008930555,43.01903786008216],[-0.778009974743047,43.016958611453845],[-0.779355529308991,43.016913127349106],[-0.780748472341771,43.01671019262733],[-0.781544070143372,43.0167362391529],[-0.781708190182598,43.01607408254848],[-0.783672933767549,43.016247169307555],[-0.785173928884165,43.016045776419595],[-0.786150387880323,43.015666547827124],[-0.787196712033249,43.014798637385155],[-0.787543606556219,43.01464325608734],[-0.789076147106002,43.015299671122456],[-0.791455161114587,43.015409394811705],[-0.792246274142004,43.015367089806105],[-0.792681391608752,43.01545348756652],[-0.793695023079986,43.0150431643603],[-0.794257507022529,43.01538797760301],[-0.796211586574509,43.01528569044828],[-0.798090594676842,43.01604049786737],[-0.801092756576062,43.016950063361236],[-0.801846223647027,43.01728718786455],[-0.802820301656347,43.018292708434316],[-0.803261860183965,43.018513897748974],[-0.804240391752232,43.01848468545655],[-0.804988052194083,43.01873285508676],[-0.805210453916436,43.019353468013506],[-0.805587465925121,43.019544518075655],[-0.806824872193669,43.01958895817991],[-0.806975716043966,43.019680861814464],[-0.807339680003929,43.01967337804286],[-0.808011834842749,43.01994851231815],[-0.80867988319959,43.02038496121438],[-0.808985423200052,43.0204965944321],[-0.810370757878978,43.02174410464246],[-0.814612328387447,43.02197459978687],[-0.815549647244696,43.0223060133562],[-0.816325611535381,43.023056435876654],[-0.81727363949251,43.02356843916211],[-0.817946043862232,43.02354817027974],[-0.818319964929619,43.02367265781778],[-0.820907862484667,43.02504391793406],[-0.822497696197044,43.024996423329306],[-0.824761142797632,43.02470524685979],[-0.825830485657189,43.025212864350934],[-0.825882756289419,43.02533526294347],[-0.825496141621903,43.02604054042797],[-0.825508534066891,43.02626520511395],[-0.825778260459298,43.026706721646676],[-0.826475490940619,43.027135729015626],[-0.82741773573223,43.02755781363421],[-0.828130302598635,43.028255492663746],[-0.828938158898577,43.0282411403592],[-0.829187824093379,43.02832319422294],[-0.829383957559943,43.02854221755984],[-0.829523693247882,43.029077497687034],[-0.829408352958339,43.03033950111172],[-0.828769001918709,43.032066773800864],[-0.828849099009232,43.03242409380881],[-0.829427473956369,43.03291044387742],[-0.829452292377261,43.03335977501844],[-0.829235156104124,43.034085148562],[-0.82926218495285,43.03453079974308],[-0.828633686473571,43.035309535595275],[-0.827508543797339,43.0362815260209],[-0.826952656302242,43.0373422041498],[-0.825884410852113,43.0383031482141],[-0.825397740219953,43.03855456954113],[-0.824305696070373,43.038747375204515],[-0.823907671841982,43.03905866794956],[-0.822645487268446,43.039556447629366],[-0.82254841474034,43.039480659434815],[-0.821685780491401,43.040043465754565],[-0.822307458918997,43.04012582655987],[-0.823341612625532,43.04150905498161],[-0.824008468289601,43.0421633769625],[-0.824399158134792,43.043003999512464],[-0.823283246909001,43.04449066473971],[-0.823397443477593,43.04463967997964],[-0.823328531185792,43.04497168849641],[-0.823442410660976,43.04530170259765],[-0.821747970823198,43.047082644822],[-0.820683496547587,43.047788578396094],[-0.820642244427661,43.04814931744618],[-0.820265144754666,43.04911356999637],[-0.820243878012486,43.04983287391501],[-0.82072867572283,43.050852962398835],[-0.820877799189299,43.051568017359955],[-0.82072637108644,43.05215687966833],[-0.821184692487732,43.05268266723132],[-0.821819132198252,43.05420168703693],[-0.822329310916387,43.05454554109213],[-0.824464421395767,43.05547186119781],[-0.824532723067709,43.05561350440029],[-0.823962929783932,43.05600293878734],[-0.822657920475059,43.05609973638125],[-0.822050536572491,43.056329316356305],[-0.821427749262774,43.0564558889083],[-0.820431972831548,43.05703331742031],[-0.820202908181884,43.05706035988363],[-0.817921064543366,43.058227285267535],[-0.815474616851661,43.05969264076078],[-0.814740476865542,43.05971416816899],[-0.813998737533887,43.05960179415815],[-0.812572950986334,43.059544269778044],[-0.811028114131557,43.05931985971893]]]]}},{"type":"Feature","properties":{"fid":496,"ID":"COMMUNE_0000000009761835","NOM":"Ance Féas","NOM_M":"ANCE FEAS","INSEE_COM":"64225","STATUT":"Commune simple","POPULATION":619,"INSEE_CAN":"14","INSEE_ARR":"2","INSEE_DEP":"64","INSEE_REG":"75","SIREN_EPCI":"200067262"},"geometry":{"type":"MultiPolygon","coordinates":[[[[-0.665610396166227,43.12749250691748],[-0.665969924436565,43.1274433558955],[-0.666348721871034,43.12762045181309],[-0.666535929663613,43.127393479249044],[-0.66688427305571,43.12736181365474],[-0.667185466292216,43.12722640369026],[-0.667568944595924,43.12739973437179],[-0.668233619239107,43.12745183789028],[-0.669413297100942,43.12699927264294],[-0.669678509797228,43.126974931549746],[-0.670134593853265,43.12680092134794],[-0.670466329609788,43.12681753176169],[-0.670758839303833,43.12666169783189],[-0.671112085433623,43.12678472259022],[-0.675984056625993,43.12570646238312],[-0.678942811257235,43.12518316115341],[-0.679628609239969,43.12541275514928],[-0.679796368319612,43.12540252260277],[-0.680507780517666,43.12574468903285],[-0.681615781847022,43.12698632375917],[-0.683747403418181,43.12708273226077],[-0.684260486764725,43.12720565173103],[-0.685187584529518,43.12722796621742],[-0.685406439347278,43.127324928256954],[-0.685665313329336,43.127509662566204],[-0.686162025466037,43.12812746580426],[-0.686828650357509,43.128325257510376],[-0.68887334060434,43.13075664521046],[-0.690054445982098,43.13115560518955],[-0.690344877706549,43.13150672867162],[-0.690659198428813,43.132116356714334],[-0.69185930768414,43.1329468541072],[-0.693369355337234,43.13387476710049],[-0.694809055656214,43.134643896313094],[-0.697135461910925,43.13562750256054],[-0.697587108346838,43.13622970201022],[-0.698974380326695,43.13702309120143],[-0.699922152238813,43.137039172353326],[-0.701748216966271,43.1379444211368],[-0.703511053519535,43.139243506732925],[-0.704997121563868,43.140136980706664],[-0.705514039772155,43.14020204567139],[-0.706050100416255,43.1404888592642],[-0.706631415100392,43.14054179921592],[-0.706752738336267,43.14076543784046],[-0.707276418108894,43.141127408662555],[-0.70779671697053,43.14128329173667],[-0.708022866811587,43.14218225784357],[-0.707904732088862,43.14252579110528],[-0.708240559474743,43.143485815915575],[-0.708043327015379,43.143746529214326],[-0.708210201575049,43.14400911981422],[-0.70818468756158,43.144263023471986],[-0.708390010938572,43.14445405593915],[-0.708284300698657,43.144818773333874],[-0.708419687294606,43.145012212647565],[-0.708425115050163,43.14536500147993],[-0.70867911403652,43.14562459356025],[-0.708722481641689,43.145955366527154],[-0.708860053873053,43.14612531871475],[-0.709419194664983,43.14621502707319],[-0.709583832794559,43.146442575990086],[-0.710265784995935,43.14675946799778],[-0.711474178328667,43.14694386844615],[-0.712624472237919,43.14746792677136],[-0.713372540102245,43.14755020579644],[-0.714161408442797,43.1477697432254],[-0.716614806055462,43.148113771699784],[-0.717550230970711,43.148087808929],[-0.718475412602159,43.14782627214549],[-0.720986082692318,43.151083008567085],[-0.723514899901903,43.154769499341235],[-0.725003349867575,43.15664235703511],[-0.72723868533773,43.158784727831645],[-0.727543233631643,43.15898670615195],[-0.730305269688239,43.16050118853864],[-0.731440838336957,43.160828373452006],[-0.731828264684878,43.161075196698896],[-0.730456679946311,43.16103623105087],[-0.729959733397082,43.16116959016128],[-0.729937886848997,43.161269398024885],[-0.729605231163846,43.16126109880078],[-0.729563500065996,43.161510172393285],[-0.729733465561776,43.161608745859354],[-0.729809577708252,43.161815922008394],[-0.729728139946977,43.16186916645268],[-0.729601237627846,43.161789813718755],[-0.729507245302121,43.16182008013859],[-0.729252247806675,43.1621953949502],[-0.729258845480946,43.16245000021049],[-0.729357690849316,43.16278065542918],[-0.729306709590501,43.16305796384535],[-0.728932930462679,43.16346079989902],[-0.728886160047987,43.16372715683435],[-0.728437949204057,43.16429194968213],[-0.728547195452441,43.16485997125646],[-0.728112638576849,43.1654459019272],[-0.728176080133821,43.16574266497193],[-0.728587100830213,43.16618318789682],[-0.728474298518805,43.166646331618544],[-0.728173104976996,43.16724025664636],[-0.72831042871949,43.167538066757714],[-0.728311562542729,43.167841487705424],[-0.72786042389847,43.1682280858639],[-0.727493414092241,43.16890802951219],[-0.727152282940351,43.169264706870706],[-0.726816414476966,43.17027494682398],[-0.726537433913247,43.17047008926389],[-0.726429832198613,43.17067101316072],[-0.726050838004815,43.17053643523205],[-0.725918428335541,43.17056262317442],[-0.725135969922741,43.17142080351411],[-0.724777822837176,43.172982899002015],[-0.724183882926136,43.17335010206997],[-0.72372659664266,43.17383324566602],[-0.722796182689247,43.17564202058669],[-0.720820877311823,43.17723742136991],[-0.719864851671815,43.17828795126469],[-0.718622500172096,43.178733321408195],[-0.717688302073333,43.17880515909511],[-0.71727531817913,43.17907963663411],[-0.716455255127862,43.17928079890556],[-0.71618191652889,43.17948832549167],[-0.715456484292641,43.17978346975526],[-0.714810855103682,43.17982732780398],[-0.714490118293334,43.180082407276274],[-0.71399549968792,43.18027413877405],[-0.713437816576968,43.180824628736595],[-0.713317727140876,43.180755826040276],[-0.713250575562236,43.18049610001319],[-0.712935693126716,43.18057447962906],[-0.711896197962386,43.1815737806225],[-0.711497960076338,43.18177208735828],[-0.711059815795245,43.18178986985089],[-0.710831311779632,43.1819679243297],[-0.710274782812191,43.1821923849646],[-0.710375381839782,43.18264726570604],[-0.710269133028539,43.18281300760612],[-0.70937059605888,43.1828664347232],[-0.709168286327289,43.18303097770775],[-0.709025392815586,43.183315941250015],[-0.709071949712923,43.183504340272826],[-0.708919006695312,43.18370950700135],[-0.708434372502409,43.183789209358046],[-0.707415742159969,43.18423395459615],[-0.707250159762571,43.18464486197496],[-0.706331877921296,43.18490875253906],[-0.706295535728767,43.18501355645339],[-0.706388423181902,43.18509951080777],[-0.706938402949238,43.18546240702586],[-0.706842588382205,43.18558006143452],[-0.705697564160853,43.18576259350253],[-0.705283165419709,43.185671478321154],[-0.705132325468978,43.185468651515606],[-0.704987760119251,43.185440301246416],[-0.703173230344186,43.18579438667459],[-0.702968512361768,43.1859409906721],[-0.702790428034608,43.186426158808935],[-0.702660470922241,43.18652967357921],[-0.702524964135306,43.18656584309945],[-0.701988557753342,43.18639516024958],[-0.701191882133948,43.186675541618946],[-0.701005820877277,43.18674856290912],[-0.700886230905529,43.187129065798],[-0.700538164483904,43.18730489751597],[-0.69995188019526,43.187431271663485],[-0.699707051107659,43.18768189955397],[-0.699102282195648,43.18746222058108],[-0.698794766822508,43.187195423231145],[-0.697380599152987,43.187442025769506],[-0.697214745368366,43.18781150358339],[-0.696459064113305,43.188156177858545],[-0.696098168285424,43.18861248165281],[-0.695864374527226,43.18874746150213],[-0.694749541178851,43.189037796995954],[-0.693620385128651,43.18952761566557],[-0.693380990681339,43.18974832663902],[-0.693088202822176,43.189711529531834],[-0.692644772015779,43.18937823203939],[-0.691998534425849,43.18912571535812],[-0.691508072194157,43.189076771842345],[-0.69103866472981,43.18912615725963],[-0.690414020341137,43.189018768590685],[-0.689962129529352,43.18868755143477],[-0.68958070772631,43.18865017610065],[-0.689252952598038,43.18872082070708],[-0.689294829046221,43.18841322837177],[-0.689154167545897,43.188099274518265],[-0.688409856505949,43.1875439335198],[-0.687686657267802,43.187530848209065],[-0.687500429194147,43.18796764038467],[-0.687314862918219,43.18804872469689],[-0.687058856025646,43.18835643376095],[-0.686854295032681,43.18842916201897],[-0.686531109510895,43.188108838965114],[-0.686724493176057,43.18789962235078],[-0.68671071175605,43.18774161121155],[-0.686286806003894,43.187501270942725],[-0.686166882202904,43.18755039382404],[-0.68618302324499,43.18788031356101],[-0.685954715971711,43.18810152849492],[-0.686245984209125,43.18836531428836],[-0.685650535637061,43.18844509836481],[-0.684737242194795,43.18828811189298],[-0.684678453567208,43.18821538193948],[-0.684822471795209,43.18779174373869],[-0.685415477930008,43.187461717786064],[-0.685320495903423,43.18734250047423],[-0.685139786261342,43.18732616460666],[-0.685295125642768,43.18654015161551],[-0.686100141646534,43.18548340348799],[-0.686119274433146,43.18466512690776],[-0.687105201415867,43.18216414531786],[-0.688405091472013,43.180014402964275],[-0.689538507549609,43.17886175132467],[-0.689696997612742,43.17776046502345],[-0.689296657034941,43.17736805661494],[-0.688276525993769,43.17732732054619],[-0.687765179320812,43.17708457899571],[-0.687027642594399,43.17709539622758],[-0.685660532575108,43.17684228664276],[-0.685540479116764,43.17696615168001],[-0.68463144756926,43.176911678569624],[-0.684149378014001,43.17710824416831],[-0.683559526802798,43.17792980638764],[-0.683158836272214,43.17820642917435],[-0.681524596383612,43.17872327880532],[-0.680684029287419,43.17877809052756],[-0.680129788246679,43.1785376779317],[-0.679328200648669,43.177910403333115],[-0.678218231751787,43.17738639171747],[-0.677419225942303,43.176567219867074],[-0.676335261563357,43.17612244429849],[-0.674474505238281,43.17418147197828],[-0.674414648865967,43.17397550782614],[-0.67411816103968,43.17360832354591],[-0.673396141087141,43.173146684353526],[-0.673248114479258,43.17267629060216],[-0.672815228836316,43.17221470154069],[-0.672466848523505,43.17228870071206],[-0.672114409649377,43.172260185835384],[-0.670648269927182,43.171820271828075],[-0.669637169085175,43.17002228540485],[-0.668396437780744,43.16836537442323],[-0.668135318278191,43.168340943472735],[-0.66818763841397,43.167653925766146],[-0.666425964973379,43.16668375210862],[-0.66647964072368,43.16607592949766],[-0.666734793103701,43.16542523630542],[-0.667426129214518,43.16439862684004],[-0.667521986382468,43.16368041603545],[-0.667691158803183,43.16328386910756],[-0.667591393956831,43.162642549073496],[-0.668147739262909,43.162105865286065],[-0.667976622147942,43.16198742782887],[-0.66793439557681,43.16147741562005],[-0.667553337548209,43.1608033478275],[-0.667494122927411,43.16051001911255],[-0.667192286370716,43.16034740489395],[-0.666935471508112,43.15897577289219],[-0.665157592782218,43.15691211909748],[-0.663615442693373,43.15561570256228],[-0.66118227466782,43.15417305542347],[-0.660335135309653,43.15322576509713],[-0.659668029265033,43.15143135766699],[-0.65661757975624,43.150082516460515],[-0.65729891603723,43.149869406783175],[-0.658756244972636,43.14967587181744],[-0.6614325710672,43.1480317416987],[-0.665077711947554,43.14316889386662],[-0.665422054430158,43.14119245850712],[-0.666811664601788,43.140323093140395],[-0.667304918565534,43.139725533925805],[-0.668529972525085,43.138957190750865],[-0.669203545877446,43.138624509992404],[-0.669723237470692,43.13821152586839],[-0.67071909894277,43.1359652667466],[-0.671578475987946,43.13459075589057],[-0.672158988961777,43.13393617503622],[-0.672190190634079,43.13289872814611],[-0.672750891524353,43.131874747170315],[-0.673311374856618,43.13038345367528],[-0.673053734752294,43.13037242880263],[-0.672101005743881,43.12967646935432],[-0.66907722734171,43.130283727205764],[-0.668186233156535,43.13023032966629],[-0.666830097561495,43.12999556675314],[-0.66641473709719,43.12984312671823],[-0.665822670337822,43.12977323334344],[-0.664669397642252,43.12944149963741],[-0.664381980705096,43.129426064678164],[-0.66443944527222,43.12903333091302],[-0.66523689939661,43.12879460564035],[-0.665216704679879,43.128418019777754],[-0.665610396166227,43.12749250691748]]]]}},{"type":"Feature","properties":{"fid":656,"ID":"COMMUNE_0000000009761831","NOM":"Bidos","NOM_M":"BIDOS","INSEE_COM":"64126","STATUT":"Commune simple","POPULATION":1109,"INSEE_CAN":"14","INSEE_ARR":"2","INSEE_DEP":"64","INSEE_REG":"75","SIREN_EPCI":"200067262"},"geometry":{"type":"MultiPolygon","coordinates":[[[[-0.61082928356567,43.17211336775468],[-0.611240788332835,43.17306753256427],[-0.611495564219442,43.17301037575716],[-0.612438050146715,43.17480214697014],[-0.613381752652696,43.17692702948166],[-0.61298182387307,43.177024170996724],[-0.611239467244782,43.17745351634224],[-0.611677072633883,43.17839150376824],[-0.609673008645326,43.17890612438567],[-0.6097964086534,43.17975829340227],[-0.609504316314533,43.180655887451756],[-0.609526973016964,43.181215191457035],[-0.609845751625307,43.1817285655821],[-0.609854104668661,43.18196059501591],[-0.609450908656608,43.1820848445373],[-0.609485536802091,43.18214671497075],[-0.606853015815125,43.18276695478274],[-0.606675311887722,43.18262072753854],[-0.604434535530681,43.18318998540866],[-0.60377075887681,43.183240084598665],[-0.603860230355827,43.18268243531954],[-0.603749242729883,43.182008128467956],[-0.60284735708033,43.182166126595135],[-0.602434390670375,43.18213400288527],[-0.602088797572307,43.18128834976952],[-0.60165973280791,43.180919104391585],[-0.599968028582988,43.18017062600838],[-0.600248613151443,43.17979658900306],[-0.599413479675701,43.17909063231256],[-0.598995207359113,43.17919013405563],[-0.598225729111073,43.17904383641787],[-0.598133000639831,43.17889836248931],[-0.598262305022178,43.178307877622835],[-0.598190473542846,43.178280561134144],[-0.598489624952109,43.1778095654428],[-0.598830795573455,43.17680862364976],[-0.599280024872789,43.176455972976626],[-0.597453849620654,43.17435593277958],[-0.598704757865425,43.173996340926266],[-0.598632402053472,43.173565658350746],[-0.59890492197607,43.17051587734653],[-0.598826941120273,43.169856680268566],[-0.600563644703612,43.16969424331632],[-0.600269896828839,43.17011283943196],[-0.600315789547597,43.170691170495665],[-0.600724167281639,43.171242989134626],[-0.601258970616069,43.17167172944705],[-0.601875073679719,43.171411637981976],[-0.602017695024843,43.17158785555967],[-0.602758660878826,43.172067327069335],[-0.602980664660496,43.17174116213818],[-0.602598571701623,43.17088143244076],[-0.602835008191255,43.17009647664475],[-0.602976788796722,43.17006202475412],[-0.602687487189376,43.16934866370216],[-0.604044080807857,43.169088121547105],[-0.604377843900922,43.168798736028876],[-0.604621407887028,43.16915345777985],[-0.606356431436257,43.16859029950324],[-0.6066133061038,43.169000397316886],[-0.607701461749191,43.168696564852986],[-0.607739047492158,43.16878624864255],[-0.608695057048139,43.16847422242677],[-0.609199669918447,43.169383854362046],[-0.609957542629747,43.169227918821946],[-0.610348305990286,43.1708544875906],[-0.611127457641523,43.170704134481156],[-0.610300943858047,43.1714350406682],[-0.61076835885053,43.172142420756686],[-0.61082928356567,43.17211336775468]]]]}},{"type":"Feature","properties":{"fid":698,"ID":"COMMUNE_0000000009762781","NOM":"Borce","NOM_M":"BORCE","INSEE_COM":"64136","STATUT":"Commune simple","POPULATION":114,"INSEE_CAN":"14","INSEE_ARR":"2","INSEE_DEP":"64","INSEE_REG":"75","SIREN_EPCI":"200067262"},"geometry":{"type":"MultiPolygon","coordinates":[[[[-0.578734814808713,42.922393384247734],[-0.578594245894093,42.921961468274425],[-0.578178739193286,42.9216593432215],[-0.577980091516179,42.92137789672023],[-0.577970480259208,42.92100373068428],[-0.578142492046722,42.92029763713939],[-0.578046169329733,42.920165816187044],[-0.577294382747683,42.91979297627861],[-0.577050627122064,42.91953463676412],[-0.576850121849174,42.919143425964094],[-0.576736561215185,42.91815608365265],[-0.576278643527409,42.91786076762834],[-0.576179200390217,42.91751930203206],[-0.575973630633614,42.917244385644366],[-0.575033763793963,42.91693901081706],[-0.57504498718181,42.916107750375346],[-0.574949299635296,42.9159263953523],[-0.574386861573236,42.91558414187883],[-0.574062220294575,42.91443009050054],[-0.573821138518036,42.91405553133194],[-0.572963299967983,42.912953435374206],[-0.572265962956028,42.91238881292773],[-0.571477184985281,42.91103505606731],[-0.570773448386664,42.91044543358676],[-0.570473896937099,42.90991618049269],[-0.570319220447894,42.909014829459835],[-0.570620893155535,42.90848448345527],[-0.570674155895819,42.90811633303001],[-0.570386025004814,42.90771272831403],[-0.569744421133794,42.907196652032994],[-0.569553909869158,42.90656835220463],[-0.569636358813873,42.90575903908523],[-0.569864829,42.90497457645208],[-0.569867859193938,42.904486572589605],[-0.57014511896905,42.90359966607843],[-0.570133256069367,42.903128361490566],[-0.569821804853799,42.902604008214524],[-0.568680785351741,42.90165174460094],[-0.56803421018691,42.90061552130445],[-0.56737377571329,42.90007035730117],[-0.567351467097346,42.89984695269009],[-0.567682380107753,42.8991752178949],[-0.56756990062834,42.89870005862738],[-0.566969599117426,42.89811688776363],[-0.566840138523603,42.897624289143835],[-0.566634828552767,42.89741146752599],[-0.565787014614321,42.89698414634593],[-0.565302122174599,42.896644683633546],[-0.56501234764718,42.895096997030706],[-0.564758504265806,42.89491099002473],[-0.564274875410104,42.894810929790346],[-0.564085957303394,42.89462546563379],[-0.564079562398206,42.89436192555602],[-0.564290930315535,42.89393632276135],[-0.563791888348037,42.892528814279935],[-0.56387893983793,42.89217215382144],[-0.564081750081518,42.89188636365903],[-0.564112685632175,42.89159277879411],[-0.563650934896381,42.89101129631556],[-0.563326673459592,42.8903361299114],[-0.562803389226961,42.889808898360194],[-0.562884333944851,42.88823630751375],[-0.562527765547954,42.88759281970396],[-0.563005118569278,42.88713318598463],[-0.563179317333125,42.886301943859294],[-0.563022284778162,42.885618526810546],[-0.563090360570881,42.88521208950583],[-0.56293624232154,42.88501466848278],[-0.562848734988819,42.88446666966841],[-0.562532709608278,42.88412429567406],[-0.561644206758892,42.88328962851925],[-0.561490124356628,42.88303279378333],[-0.561421825831291,42.88201967117366],[-0.560816338794597,42.881388045488336],[-0.560742929685739,42.880411100634134],[-0.559903626590646,42.87961889989621],[-0.559347193735954,42.87936731072856],[-0.559139532788512,42.879154559297994],[-0.558696973190198,42.87788560583269],[-0.558485823506047,42.87755594826038],[-0.557451557170965,42.8767566964893],[-0.557205953233375,42.87640387516684],[-0.557145398091547,42.87615473800589],[-0.557287250088205,42.87549381786697],[-0.556769681470078,42.873938398964896],[-0.556314199607253,42.87345571077651],[-0.55623513451068,42.87326389751028],[-0.556127302725202,42.87214317529047],[-0.556199562936049,42.87186443188462],[-0.556434490382247,42.87156409327885],[-0.556325050526642,42.870756680460545],[-0.555794911393127,42.87031337363995],[-0.555269527461283,42.87022726850127],[-0.554840958921066,42.87024327087388],[-0.554551255877162,42.8701088454656],[-0.554263438030173,42.86928573913029],[-0.553742263257596,42.868748510810995],[-0.553630496878453,42.868202219953055],[-0.553102447737857,42.86777233535139],[-0.553411826257098,42.866289440185874],[-0.553247155002028,42.86595823851196],[-0.552865648341032,42.86566302344499],[-0.552781830374624,42.865473167424916],[-0.552720886344614,42.86489728986025],[-0.552802324317747,42.8644085121136],[-0.5526930492464,42.86390264714911],[-0.553443406528296,42.862907432852175],[-0.553524523474537,42.86199379614325],[-0.553309037104206,42.86173179068007],[-0.5528147603203,42.86155283144406],[-0.552421116869448,42.86127872235988],[-0.55217370461416,42.8609547621711],[-0.552037585601815,42.8602499552444],[-0.551283106600033,42.859557522426535],[-0.551031885841937,42.85913107026526],[-0.550903288531152,42.85768879767412],[-0.55066723287114,42.85699000080801],[-0.550766846600812,42.856198179093326],[-0.550315643789021,42.8557423419775],[-0.550205934972216,42.855368814660636],[-0.550357490891892,42.854766104854065],[-0.550235017272073,42.854483914594105],[-0.550262030019082,42.854065355732544],[-0.550366937652568,42.85386025180826],[-0.550649366047253,42.8536771752165],[-0.550682814896031,42.853523944343614],[-0.550310125281726,42.852771164430095],[-0.550273794032421,42.8518569269526],[-0.550658417585936,42.8513446175376],[-0.550760144738784,42.851067607855796],[-0.550648901241547,42.84986870853877],[-0.551269728590408,42.84937828117466],[-0.551389133855022,42.84913039025737],[-0.550803607428685,42.84871771372007],[-0.550715907962493,42.84848388192869],[-0.55100339387066,42.84824392844177],[-0.551721382929618,42.848002318966586],[-0.551890381797079,42.84786530199368],[-0.551978283148338,42.847582448613394],[-0.551948072859098,42.84650868877082],[-0.552324544682723,42.84618387203847],[-0.552479023926072,42.84590961464719],[-0.553340953644682,42.845701930942575],[-0.553609045817964,42.84556522816401],[-0.553637797821578,42.845355444291],[-0.553457633000314,42.8450499682991],[-0.553466456755369,42.844854346944366],[-0.554638847339932,42.84390365539123],[-0.554640650521441,42.84375327338252],[-0.554147843813698,42.84329613842987],[-0.554662674940278,42.842554466795995],[-0.554326921705783,42.84206512312371],[-0.554375596680816,42.84184117721749],[-0.555367590234986,42.840882055325466],[-0.556845925299541,42.84067460452298],[-0.557582452997335,42.84073748338409],[-0.557762713525868,42.84064508987301],[-0.557590634524633,42.83991269120651],[-0.557665623570328,42.83951954615776],[-0.557586119391281,42.83918013424358],[-0.55790543082522,42.838722174371675],[-0.557855119533206,42.83814055929617],[-0.558046567221767,42.837172867848246],[-0.557877297721236,42.836606002647734],[-0.557850130455347,42.83612263489273],[-0.558058657503206,42.83583307480916],[-0.55874637515188,42.83539979206005],[-0.559281543534434,42.83455300942747],[-0.559633228808657,42.83430460023513],[-0.559686493884838,42.83357732889798],[-0.560186147974459,42.833169183054665],[-0.55992047693156,42.83290526618988],[-0.55964203478573,42.83243294348618],[-0.559191459836531,42.8320653488044],[-0.559396005973446,42.83111252617264],[-0.559378967586006,42.83077464482848],[-0.558731836410936,42.82953415372223],[-0.55849318807468,42.82873286463992],[-0.558493246977836,42.82815498401109],[-0.558850510108359,42.826381586413326],[-0.558768267187095,42.82587754863893],[-0.560327048853392,42.82391663464465],[-0.5602776321793,42.823050560796986],[-0.560818924945012,42.82184712517594],[-0.560378697954686,42.82120826233588],[-0.560449826996392,42.820792745884326],[-0.561266573632855,42.819874497993844],[-0.561703199489676,42.81869974042155],[-0.562408847096755,42.81834324753028],[-0.562726312429116,42.81795734757878],[-0.562544650515082,42.817606939669034],[-0.561766585343446,42.817300654705605],[-0.561568590381233,42.816903082279914],[-0.561548802080968,42.816620203730295],[-0.561904554696293,42.81592159497742],[-0.5616591987288,42.81526996501049],[-0.56169288963275,42.81482238932512],[-0.560071414762125,42.814438804723785],[-0.55953285191914,42.81418935883351],[-0.559289564017181,42.813810390499825],[-0.558580601330647,42.813413580120944],[-0.558080515652894,42.812993629543804],[-0.557378756713642,42.81231483890874],[-0.557137370777772,42.81194660523993],[-0.557223317518712,42.81153330336945],[-0.557190812286325,42.81100241854041],[-0.556621621838588,42.81001228887386],[-0.556225097079483,42.80782828992147],[-0.555839215725138,42.80643693223244],[-0.554775286398568,42.80487184711888],[-0.554793397648401,42.804708328034046],[-0.555117806181157,42.80425651694325],[-0.555081479129972,42.8038625778545],[-0.554758287901254,42.80341514805859],[-0.554182813925093,42.803059794532516],[-0.553972753058091,42.80270312124355],[-0.554235504259405,42.80204273524331],[-0.554567913892252,42.80164196680404],[-0.554764463721317,42.801158394759504],[-0.554569339383213,42.79986692679534],[-0.554873141130995,42.79963812511081],[-0.554950283953428,42.79930072985101],[-0.555345121392248,42.79866206292706],[-0.555642463841198,42.79846767698701],[-0.555854625646751,42.79819960873543],[-0.555864272549201,42.79767813298262],[-0.556188210093645,42.79739915400095],[-0.556110266743532,42.797064204928255],[-0.556416057842048,42.796808329889586],[-0.556580556693157,42.7963807252152],[-0.556596027941525,42.796054377288065],[-0.556974755909116,42.795832083423164],[-0.557272208865973,42.795380262033675],[-0.55766603622778,42.7951052588467],[-0.557694392160352,42.79461016547483],[-0.558308633577946,42.794242332056285],[-0.558542775510819,42.79363509329495],[-0.55930314991579,42.79359813553604],[-0.559566668563555,42.79345076673376],[-0.55938505152547,42.792500900684686],[-0.559664173511151,42.79216939422473],[-0.559719498897739,42.791935332062245],[-0.560211854935599,42.7917929596986],[-0.561787768154352,42.79094489934112],[-0.561972309735289,42.790705640088255],[-0.562319529736388,42.78987051071747],[-0.562473848046234,42.78977627038879],[-0.562452723764148,42.78965095982487],[-0.562954148184177,42.789636986034985],[-0.563611650728865,42.78941799788858],[-0.563840660220159,42.789266365439836],[-0.564801471080548,42.788971573223236],[-0.564934160933252,42.78888344942826],[-0.565151670644047,42.788484671115675],[-0.565386267128215,42.78834455053061],[-0.565323691624386,42.78756355236331],[-0.565559846528276,42.787090345404046],[-0.565369774961145,42.78676093684688],[-0.565350459791715,42.786525755657614],[-0.565642104880068,42.78588148495038],[-0.566046548373163,42.78570150625288],[-0.56593068720419,42.78494838648511],[-0.566011857239329,42.784897079733156],[-0.56607357363614,42.784369372643475],[-0.566413957972419,42.784101515784506],[-0.566510724783729,42.78382646710354],[-0.567067294156921,42.783357891307624],[-0.567103318764674,42.783208176969836],[-0.567453528671551,42.782861681748074],[-0.567579187345778,42.781683780876136],[-0.567417124444663,42.78115362543921],[-0.567624647960414,42.78081188152502],[-0.5704930272264,42.782989041843855],[-0.56965652031371,42.78512673404642],[-0.570701617041668,42.79060138899251],[-0.567787083391479,42.793133246697685],[-0.564752938620582,42.79828199190835],[-0.564612548635411,42.79989874411579],[-0.566142332791631,42.80371379279018],[-0.568581512345649,42.806329318974946],[-0.569175273176165,42.806940522683895],[-0.569925912421085,42.80682190886072],[-0.576733452113542,42.808206127151166],[-0.579608719196209,42.80600295682096],[-0.580097078114128,42.805060425133455],[-0.580477629255266,42.80461025553718],[-0.581376228118004,42.8043146945141],[-0.582195724436312,42.804302605800174],[-0.583062846975825,42.80436902867433],[-0.58504079204357,42.80482584416656],[-0.585341499027422,42.804865290352126],[-0.586059917323497,42.80474043889212],[-0.587351692589983,42.80501224509361],[-0.587496639707804,42.80494438455759],[-0.587417508988175,42.80471210276192],[-0.587513713968183,42.80460716881461],[-0.587828834400057,42.80442469648267],[-0.587999731932162,42.8044405774977],[-0.588141845410156,42.80422789193247],[-0.588391700648593,42.80415651742231],[-0.588833457625519,42.803827582806626],[-0.589012502173738,42.80377748069032],[-0.589015491355979,42.803647763593155],[-0.589386278758994,42.80359483933818],[-0.589841724074625,42.80330954769348],[-0.589974748305506,42.80334559666776],[-0.590222306440875,42.80297995608696],[-0.590216974640611,42.80283431561907],[-0.590499250432066,42.80263493317861],[-0.590986357979246,42.802545701426425],[-0.591502825363745,42.80281283039471],[-0.5921840650248,42.802798997394895],[-0.592494033297458,42.80290922221208],[-0.592562964668137,42.80299602308981],[-0.5924885089395,42.80311643482348],[-0.592689024182067,42.80323572919143],[-0.592552465833088,42.80336002327906],[-0.592609312132214,42.80346883220384],[-0.593108223390469,42.80378784960962],[-0.593567621945015,42.80378414661548],[-0.593753109382986,42.80385803701324],[-0.593978718941352,42.80418531569507],[-0.594208851782803,42.80430901498025],[-0.594392883098594,42.804675492687984],[-0.594731363598607,42.80435719759062],[-0.594918946739291,42.804326601720604],[-0.595037406443595,42.804067893370906],[-0.595191659571554,42.80401231161633],[-0.595881720710504,42.80429880030393],[-0.596000872809292,42.804584641369324],[-0.596423632020853,42.80495660685249],[-0.596747139806122,42.805008757985014],[-0.597022592291257,42.80517323634804],[-0.597454051190922,42.80515245239849],[-0.598207590073904,42.80496333110948],[-0.598991087419507,42.804606675335855],[-0.599096837405192,42.804636428320336],[-0.599162762678994,42.80487184693221],[-0.598959752381977,42.80510729655139],[-0.599012618806715,42.805210835628685],[-0.599378561892712,42.805316461397425],[-0.599455263068827,42.8056271285977],[-0.599705299473173,42.805657435418986],[-0.599945009569526,42.805876214750825],[-0.600930563988459,42.80639307992126],[-0.600659510329306,42.80706918112726],[-0.600476420861894,42.807132940634965],[-0.600235395309955,42.80701141984761],[-0.600055032822137,42.80711919320836],[-0.599986744276646,42.80773357336582],[-0.59967382336674,42.80799071931561],[-0.599701376432667,42.808455159607625],[-0.599852355433615,42.80860310996263],[-0.599898151779959,42.80880950114578],[-0.599636909513621,42.80907211213699],[-0.599811098800292,42.809594636577025],[-0.599639547300597,42.80996315051352],[-0.599645196342235,42.81042922750457],[-0.599927216666709,42.81152781437284],[-0.599444857315316,42.81256296286017],[-0.599656564146421,42.812921305783206],[-0.599683908323874,42.81318502596753],[-0.599462428927429,42.81353721468448],[-0.598722768577719,42.81377448377325],[-0.598469049820164,42.81408004587777],[-0.598349539960039,42.81410476129577],[-0.59838630574727,42.814362764813836],[-0.598680320472437,42.81474715110871],[-0.598474686925446,42.81535534356934],[-0.598478141094617,42.815707179449795],[-0.598646973537095,42.81602465875174],[-0.598598959200276,42.81609828146757],[-0.598809360876897,42.81627754473842],[-0.598765759074496,42.81650134168281],[-0.599769417748574,42.81760360810683],[-0.599849695358515,42.817951964704754],[-0.599747035482403,42.81820925067236],[-0.60040929293795,42.81855696323201],[-0.600773147963918,42.81884448614109],[-0.600845693470625,42.819067983377636],[-0.600766818075809,42.819274964125526],[-0.600856205039064,42.81941508309568],[-0.601475355413634,42.81963911912521],[-0.601696963478088,42.81995932315796],[-0.602139241166595,42.82017039584658],[-0.601958078480778,42.8205419399032],[-0.601481626001192,42.8209630115723],[-0.60159582717254,42.82138494018394],[-0.601536333464031,42.82168758560098],[-0.601648967354037,42.82269555823421],[-0.601539511446419,42.82349405981383],[-0.60138623936884,42.82388176917056],[-0.601467212775159,42.824714379928686],[-0.601681052224935,42.82494843348595],[-0.601943821772246,42.82498551177874],[-0.60200976084033,42.82514172119225],[-0.602520304231213,42.82554583183709],[-0.603994631385322,42.82605076420576],[-0.60426181694018,42.82673039182423],[-0.604257859192648,42.82721840348919],[-0.604067010341487,42.827690195017496],[-0.604146011222031,42.82827353394921],[-0.603054463229459,42.82843984673503],[-0.602047548218647,42.82876803119514],[-0.60170938064766,42.82897472451678],[-0.601515511916784,42.829891284852856],[-0.601780924690466,42.83083832379648],[-0.602282010110691,42.83158211270387],[-0.602552416797722,42.83164323813425],[-0.602644769518377,42.83179135965292],[-0.603035680463423,42.83188264011405],[-0.60316050270341,42.832080978532424],[-0.603076663554838,42.83222781997517],[-0.6032998607449,42.83247416065122],[-0.603733215440197,42.8325595115545],[-0.603837437186738,42.832682029176475],[-0.604363736319355,42.83282636366778],[-0.604503181982131,42.83274786324165],[-0.604716301635101,42.83285141629696],[-0.605317790672243,42.832867197104775],[-0.605423459864447,42.832993265278745],[-0.605958145239083,42.83297708333847],[-0.60605411445612,42.83312418067734],[-0.605996885924008,42.83336464556142],[-0.606488152235616,42.83339762946217],[-0.606653566800663,42.8335009833486],[-0.606957519737539,42.83347185470567],[-0.607039460004228,42.83362932498704],[-0.607352696326366,42.83365119157779],[-0.607513943214332,42.833884306399774],[-0.607422336574903,42.83416193523384],[-0.608227476939307,42.834561514246786],[-0.609251734303709,42.834865496583795],[-0.611668197020871,42.83515498628552],[-0.612449319077234,42.83571827280356],[-0.612956310596671,42.83563007712266],[-0.613451530717409,42.83576551464398],[-0.614649812184331,42.835700818702314],[-0.615372662915483,42.83581867129715],[-0.615640984209739,42.83608147088773],[-0.61620080168125,42.83623272088075],[-0.616589902485472,42.836588661908685],[-0.617586236598286,42.837130251926816],[-0.617987016781909,42.8372022439919],[-0.618309306914312,42.837506424450545],[-0.619004629095552,42.83765308777833],[-0.619649440856339,42.837950878827975],[-0.620785374570159,42.83888650106356],[-0.621126431617578,42.839079320448654],[-0.621848343714503,42.83984798225168],[-0.622948204779742,42.84065518020063],[-0.623031668072127,42.84085579761379],[-0.623879743882261,42.84127362127098],[-0.624088023708835,42.84151412785401],[-0.624287792346611,42.84214739495564],[-0.624518971978189,42.84244113713432],[-0.625091207521565,42.84286827652531],[-0.625774134116356,42.843108936122015],[-0.625920945039691,42.84334431712735],[-0.626498798362303,42.84376315851508],[-0.62707758903502,42.84496061372714],[-0.627314266504802,42.845224459850485],[-0.628160515378598,42.84582685175895],[-0.628521098360489,42.84591997135812],[-0.629311774695105,42.846454922336925],[-0.62984648329054,42.846985030265],[-0.630409961615313,42.84738813757824],[-0.630997205955239,42.84809289681934],[-0.631482365861197,42.84902345453899],[-0.631645764872486,42.84913224368204],[-0.631531273878519,42.849335960251665],[-0.631763729670773,42.84990330184524],[-0.632463679728733,42.85055112865077],[-0.632395914573054,42.850895492029046],[-0.632578426680132,42.851446521174026],[-0.634001560671931,42.85201763112287],[-0.634054645139284,42.85225978141624],[-0.634660384860878,42.85239858591614],[-0.634745775618613,42.85251181532672],[-0.635524369548086,42.85289050642235],[-0.636017526543028,42.853302274794174],[-0.636146676784795,42.85331319918815],[-0.635599840755473,42.85427152947542],[-0.635620868904591,42.85611169386246],[-0.635395403686836,42.856477610221226],[-0.633588226549066,42.85841303655647],[-0.632910617091118,42.8594730048245],[-0.632500332777956,42.86101181746328],[-0.632052076224447,42.86178765590172],[-0.631020258315789,42.86217456343814],[-0.630744842160957,42.863933852483804],[-0.630462600472157,42.864390799486635],[-0.630053787491152,42.86476111008798],[-0.629332975452446,42.86523019442393],[-0.628827264849724,42.866106084375566],[-0.628842770974097,42.86758727314946],[-0.62845425437644,42.868361076876276],[-0.628493383143535,42.86912401612126],[-0.627530950836286,42.86964446949601],[-0.627004237093967,42.87010697391696],[-0.624658969870824,42.870845181703025],[-0.624884947074892,42.87191597616561],[-0.624525123424271,42.873228912244116],[-0.62519029889025,42.87429657207601],[-0.625342744400198,42.87487564712783],[-0.625160544429724,42.87623029668201],[-0.625041237781495,42.876318946346295],[-0.625161152588738,42.87672988503687],[-0.625080143505018,42.877392466383206],[-0.624947740564846,42.87766339824087],[-0.625140604202869,42.87781171576719],[-0.625182299141211,42.87814608060049],[-0.624902508668349,42.878702854142816],[-0.620498023287457,42.88099043902214],[-0.61978792608375,42.88145909514145],[-0.619375416571443,42.88200862842206],[-0.618998240287152,42.88300706743665],[-0.617069942771672,42.88573127408621],[-0.616791733529146,42.88645270968273],[-0.615080134644453,42.88817845672007],[-0.614598912208519,42.88841251589844],[-0.61411813378442,42.88900753824449],[-0.613702454412514,42.89013688602907],[-0.613349847959201,42.89212200188631],[-0.613097392224718,42.89249148316427],[-0.611733885768861,42.893323257645825],[-0.609848651124647,42.89433010004029],[-0.609410708725615,42.894650898886425],[-0.608544047659101,42.89475205938951],[-0.607765697670716,42.89519052047935],[-0.606609338014113,42.8955948691332],[-0.606604217697397,42.89653665280564],[-0.606732351450377,42.89704186164397],[-0.607089209970392,42.89742505777743],[-0.60753685818465,42.898677499514065],[-0.607457769029003,42.89961097006749],[-0.607204628778393,42.89981302235388],[-0.606890375649844,42.900450126773215],[-0.606834375687149,42.9007310725466],[-0.606942963751757,42.9010595995345],[-0.606813488323542,42.90120258237639],[-0.606479783251045,42.901349727018015],[-0.606462198583941,42.901578970348076],[-0.606592034607944,42.9018356676212],[-0.606151350328946,42.90215294411782],[-0.605950623071296,42.90250896823312],[-0.605327654299437,42.90288817788291],[-0.603402174397845,42.904870277609795],[-0.602844507597381,42.90592693702169],[-0.602821301056516,42.90697285817988],[-0.601966750943677,42.90782432796517],[-0.601845201201436,42.90843064671866],[-0.601035388777728,42.90905645560956],[-0.600644361070742,42.90993827502831],[-0.600283799881282,42.91121246371886],[-0.600471438700968,42.91184802128914],[-0.600877031592761,42.91254198394004],[-0.601023483454424,42.91304659184986],[-0.60099674646806,42.913661434121174],[-0.600670532856263,42.91436464017528],[-0.601315688253852,42.91544486240798],[-0.601353747763344,42.91589999480857],[-0.60126118637893,42.91610564826616],[-0.600190976375722,42.916741085967395],[-0.599769880714333,42.917119793494905],[-0.599137355712146,42.91790078216846],[-0.598870391479484,42.918671314244634],[-0.59899164547607,42.919835731137134],[-0.596885066701729,42.92074712803457],[-0.595043922321305,42.921831438594445],[-0.594621496077448,42.92193290305028],[-0.590700576828822,42.92203169355557],[-0.590184609033627,42.92271960773128],[-0.589701048380748,42.92282309658741],[-0.588464377180681,42.92281132247106],[-0.583367975613781,42.922402694540246],[-0.581216692642762,42.92241685680986],[-0.580110226212057,42.92231152319991],[-0.578734814808713,42.922393384247734]]]]}},{"type":"Feature","properties":{"fid":716,"ID":"COMMUNE_0000000009762478","NOM":"Osse-en-Aspe","NOM_M":"OSSE-EN-ASPE","INSEE_COM":"64433","STATUT":"Commune simple","POPULATION":332,"INSEE_CAN":"14","INSEE_ARR":"2","INSEE_DEP":"64","INSEE_REG":"75","SIREN_EPCI":"200067262"},"geometry":{"type":"MultiPolygon","coordinates":[[[[-0.604102399775917,43.02967104394925],[-0.603448331737666,43.02852796405201],[-0.603071168944671,43.027417020070715],[-0.603008033734309,43.02677721880612],[-0.603115348299295,43.02558342353025],[-0.602886029251563,43.02521117842631],[-0.602154636795035,43.024579357823114],[-0.601792890755588,43.0239126466839],[-0.601708688180645,43.023525636685605],[-0.602018006297902,43.02295529073424],[-0.603604749289965,43.02069099851036],[-0.603992388270156,43.019901050712534],[-0.604052302315311,43.019621750934],[-0.603835505273297,43.01862248361387],[-0.603889735559789,43.018133605488664],[-0.604732522580724,43.01708712199882],[-0.606127445067069,43.01598250433252],[-0.606242666352654,43.015547398386474],[-0.606138369588881,43.01503502652053],[-0.604150533002065,43.012763608476796],[-0.603338940235239,43.01198414688792],[-0.603306108091163,43.011791684394545],[-0.603445944694335,43.01137736553865],[-0.603878881348068,43.01098113222029],[-0.605418982232297,43.0099247762178],[-0.6059236555051,43.00945950729734],[-0.606022825729533,43.00898352855604],[-0.605928842784134,43.008656273788084],[-0.605215782110132,43.007724977865024],[-0.604293376794255,43.006859215542086],[-0.603426993190924,43.0064399124638],[-0.602543359796539,43.00617693060938],[-0.602129168993162,43.00561192387035],[-0.602067878814834,43.00529707655617],[-0.602549947780149,43.00401512283395],[-0.60320386757421,43.00273551075352],[-0.604177912987395,43.000194669418306],[-0.604526721862615,42.99970942588314],[-0.605492798800087,42.99901262084328],[-0.605164468503587,42.99807293378717],[-0.605341384198955,42.998057997789374],[-0.605845915583021,42.99747389807502],[-0.606664985741832,42.99573678627157],[-0.608550388172443,42.99306449801592],[-0.608843055132735,42.99246678998095],[-0.60871815128804,42.99213517911122],[-0.609005150814966,42.99142692686011],[-0.609355161770123,42.990982140395005],[-0.610118636657274,42.990500959918755],[-0.610433837673357,42.989714332875536],[-0.611154623966727,42.98884385788602],[-0.611645677204944,42.98802611157661],[-0.61589809019477,42.98878521898853],[-0.616392198414561,42.98896035534433],[-0.616372245046212,42.9892104044995],[-0.616482006792851,42.98933815253075],[-0.6166976712225,42.98933539744028],[-0.61746564619284,42.98910428953294],[-0.617811900898957,42.988855861556985],[-0.618752581162434,42.989524614822194],[-0.621561886659878,42.99057965962113],[-0.622368007880219,42.990782068854536],[-0.62354202373607,42.99074879985426],[-0.625056744802071,42.99043754331474],[-0.625973700318686,42.99041201638427],[-0.626913885238329,42.990835841600926],[-0.627484915760949,42.991396357741095],[-0.629090108510478,42.99241171864614],[-0.633088220368108,42.992743911812646],[-0.635991171352641,42.99221631552996],[-0.636691808151952,42.991870308068314],[-0.637102201863701,42.991824011832236],[-0.637673979249286,42.992668045597085],[-0.638121330938697,42.99301482418337],[-0.639313630239984,42.99334988679284],[-0.639816600469386,42.99360564660206],[-0.640657208783839,42.9947061524778],[-0.643024368562007,42.99523365650386],[-0.643903505498199,42.99565851044406],[-0.645398035238257,42.99615612183399],[-0.647547686851384,42.99745436362738],[-0.648103055978193,42.997528249237746],[-0.648829202905663,42.99737305995693],[-0.649598850400826,42.996857167300256],[-0.650040700800194,42.997114957673666],[-0.651920514466383,42.997691230653544],[-0.651992823628873,42.99792375413728],[-0.651637049636943,42.998233841410574],[-0.651784817472927,42.99872939241279],[-0.651953694116926,42.99899554834258],[-0.652931560833195,42.9997780036637],[-0.653269956023243,43.000417427783105],[-0.653572201327495,43.00058091593489],[-0.654145298280098,43.00060465230509],[-0.655125735950102,43.00101877623279],[-0.655253058176761,43.00113148762749],[-0.655617449979604,43.00198789772562],[-0.656148182335175,43.00258386236387],[-0.6566116543198,43.003454907638705],[-0.65775040827625,43.00410220941123],[-0.658187512752967,43.00476887548266],[-0.658448410924634,43.00489864636409],[-0.659361038798933,43.00511157274477],[-0.660134306662409,43.00511856205398],[-0.66088212075554,43.00497515933273],[-0.661911154088877,43.00522461493826],[-0.662543004194745,43.0052066931871],[-0.663813240784022,43.0047312604867],[-0.664119686175555,43.00441740965138],[-0.665306175665235,43.00391780329532],[-0.665621599003827,43.00366846479878],[-0.665902960349987,43.00361745649851],[-0.666390968677425,43.00380788825018],[-0.667720057846123,43.00499869310625],[-0.668087829979267,43.005498428478745],[-0.668199419542068,43.005517129239934],[-0.668380216922435,43.00536961007409],[-0.668837679825109,43.005309884397],[-0.669038773831383,43.00503742713835],[-0.669351539175165,43.00484308741851],[-0.670275079403787,43.004801659415],[-0.670653680251344,43.00442680454536],[-0.670965811093266,43.004261291887026],[-0.672679612214543,43.00403079816173],[-0.673725283633299,43.00351700007559],[-0.674700079229664,43.003278411780585],[-0.674759530784822,43.003113421267415],[-0.675375135114956,43.002859193672904],[-0.67790358187993,43.00091265525482],[-0.681931922396433,42.99744086511171],[-0.682492775817583,42.997137151824205],[-0.683639275615145,42.99612912353177],[-0.684250171412803,42.99582188516479],[-0.686085061852218,42.992410684585614],[-0.686090991353857,42.99213768422931],[-0.685631241475975,42.99202470377419],[-0.68539453308377,42.99179333498951],[-0.685723418393958,42.99137241269946],[-0.685875760365832,42.99031651654168],[-0.685617747414494,42.98936472469683],[-0.686484775919089,42.98604973442797],[-0.687039733544278,42.984730642493574],[-0.689454343633065,42.981515584086885],[-0.691010253296292,42.979665131608954],[-0.69196488203453,42.9789634069834],[-0.693570334331888,42.978334739478825],[-0.694989339436454,42.97839759698321],[-0.695233143364104,42.978298282071705],[-0.699030520413728,42.97812442256852],[-0.70577419642239,42.97800552243142],[-0.723317021851221,42.98649518466946],[-0.723627597147697,42.98657625915805],[-0.735780956854765,42.99403162355525],[-0.736027445383097,42.994068974322694],[-0.735889042242899,42.99722860945269],[-0.735687479366553,42.998268317061424],[-0.735241273973414,42.99909053750941],[-0.734602215439089,42.99973758515689],[-0.73229424672907,43.00123129258185],[-0.731747562919088,43.002551280023724],[-0.731567372763974,43.002896067345276],[-0.731404128118303,43.00300887553883],[-0.731075777663457,43.00425285520817],[-0.73071025492324,43.00505334968113],[-0.730461624276747,43.005269058663295],[-0.729461612993548,43.00562788077402],[-0.72894063235689,43.006377039377966],[-0.728531139387046,43.006781094853544],[-0.72783755038305,43.0070599465913],[-0.727722941044881,43.00731872064782],[-0.727914523905924,43.00768392420749],[-0.726386589649243,43.009467374072436],[-0.725704038179629,43.01070020531845],[-0.72470482561425,43.01149292434094],[-0.724108622260715,43.011780081548416],[-0.723600278593654,43.012136221110715],[-0.72160003101043,43.014096219797985],[-0.719749223377629,43.015538707616145],[-0.71630572816497,43.01856862427371],[-0.714539237589612,43.019856844639776],[-0.714024916993127,43.025936725267236],[-0.709688568328369,43.02864521298636],[-0.710750100635226,43.030597493136405],[-0.711391441917315,43.032178012009645],[-0.711598255854559,43.03220689003516],[-0.711723840591196,43.032308799314364],[-0.712596484647148,43.03376338475722],[-0.712320074271591,43.03488847944766],[-0.712708621660774,43.03528203478568],[-0.713592445528512,43.036928911383015],[-0.713543170590637,43.037155704894744],[-0.713132012638413,43.03748142649727],[-0.71291086956547,43.037937444052496],[-0.712805958365042,43.0408177499847],[-0.707988973049248,43.045009456171144],[-0.702762068019901,43.04861899963557],[-0.702458586121837,43.04867266187994],[-0.697633131425605,43.04550995211466],[-0.697438663932457,43.0452906437299],[-0.696102897420173,43.0443848572721],[-0.694887709656868,43.04225222086034],[-0.693554583497096,43.040212762974086],[-0.692538407198079,43.03952285907553],[-0.692141325797189,43.03872436442881],[-0.689150773660055,43.03686779141395],[-0.688951023686651,43.03633352803139],[-0.688602228284768,43.0343656091894],[-0.687937235130621,43.03384909984559],[-0.689440445884313,43.03357516148637],[-0.690244160875439,43.0333026938913],[-0.690522707058475,43.033321047965686],[-0.691803540931178,43.03371736694523],[-0.692205754679402,43.033442457981906],[-0.692613991245428,43.03299267177536],[-0.69266190582719,43.03280105189479],[-0.692508690523691,43.03282341863228],[-0.675928788627757,43.02884008153627],[-0.675020507051877,43.02825798767983],[-0.674085276627058,43.02810176879451],[-0.673582210772129,43.02760035646583],[-0.673201600370638,43.02750081361634],[-0.671117145895002,43.02741262411832],[-0.670512911068932,43.02786991182886],[-0.669547371135115,43.02760304658803],[-0.667413550293222,43.027878405481076],[-0.665900896602407,43.02740147725932],[-0.661034652518843,43.02712246921667],[-0.660238255960325,43.026754329409265],[-0.659792665130348,43.02630582189756],[-0.657280515640545,43.025720531887806],[-0.656640128157671,43.0249851293182],[-0.652804304818794,43.02475444885671],[-0.652010408041732,43.023763140801485],[-0.651030470282126,43.023323741997636],[-0.649861753974523,43.02125215220637],[-0.647507484807619,43.02092778418904],[-0.643985149354751,43.02058443115944],[-0.64306470641411,43.020425649083286],[-0.640252614607149,43.020273288799906],[-0.638388769044121,43.02050742478326],[-0.637546609490257,43.019856175562744],[-0.636914869617975,43.01948770604524],[-0.636105477133256,43.01924048049342],[-0.635368964466059,43.019215863944275],[-0.635065574271865,43.01926933486601],[-0.633972063652969,43.01969522842243],[-0.633435322584021,43.01997985763667],[-0.625198644908788,43.02848759458009],[-0.624680550562627,43.02913077569088],[-0.621179318586568,43.03277885038258],[-0.62070155636655,43.033420654086754],[-0.619873211899547,43.03412827345429],[-0.619410806146661,43.034800165324256],[-0.618854479937312,43.035285247924925],[-0.618806013708875,43.035628999305295],[-0.619118535068863,43.03599481803562],[-0.618897425619203,43.036129201941236],[-0.616565679182006,43.03626974505169],[-0.616197253904678,43.036403674103916],[-0.615315220787624,43.036253258892096],[-0.614625070329701,43.03628635570843],[-0.613661989329707,43.036744563311395],[-0.61319884645131,43.036737613119136],[-0.612742290498846,43.03652156646217],[-0.612182556830484,43.03663849821649],[-0.611313893736999,43.036623549007004],[-0.61016288414105,43.03639118987238],[-0.60888268075761,43.036625914428804],[-0.607832449971616,43.03655310624575],[-0.607084384550517,43.03640533341069],[-0.606851433869003,43.03619256808188],[-0.606519614237696,43.03484602372394],[-0.60633550685862,43.034668532937154],[-0.606269967613055,43.034128743212705],[-0.605982127351113,43.033546889343285],[-0.605876868700087,43.03307865574147],[-0.605337394422118,43.032082091338985],[-0.605216769787491,43.031583762521834],[-0.604102399775917,43.02967104394925]]]]}},{"type":"Feature","properties":{"fid":767,"ID":"COMMUNE_0000000009762057","NOM":"Aramits","NOM_M":"ARAMITS","INSEE_COM":"64029","STATUT":"Commune simple","POPULATION":658,"INSEE_CAN":"14","INSEE_ARR":"2","INSEE_DEP":"64","INSEE_REG":"75","SIREN_EPCI":"200067262"},"geometry":{"type":"MultiPolygon","coordinates":[[[[-0.665624674504431,43.1179296821601],[-0.666794455023706,43.11794389007283],[-0.667933875395314,43.11674357136283],[-0.669275137456673,43.11641966194576],[-0.669345905923735,43.11584999551367],[-0.669492051169701,43.115557787243254],[-0.670435896930434,43.11542117981397],[-0.672488767531212,43.113801603065745],[-0.673173210554934,43.11304533241986],[-0.674070117427494,43.11246099022233],[-0.675247139329366,43.11206877255104],[-0.676098068979576,43.112056839070306],[-0.676548803104955,43.11193610578707],[-0.677696271847253,43.11191043461368],[-0.678205601783946,43.11133929068176],[-0.678611664623309,43.111598245095024],[-0.680312208452273,43.110839629968304],[-0.680993460258679,43.110672282404224],[-0.682577167159726,43.11058842765313],[-0.683723540531862,43.11075811758143],[-0.685131131677243,43.11030207691911],[-0.68566874820707,43.11025306562011],[-0.685858847220384,43.11013130726382],[-0.68590202983185,43.109632803157325],[-0.686139567170621,43.10915646016145],[-0.685996543504649,43.10851306093844],[-0.687429355947479,43.10833795349055],[-0.695028183370415,43.10880593363009],[-0.695826096767078,43.1085228361594],[-0.696735854844806,43.10831693065871],[-0.697143089180137,43.10790136601465],[-0.69824134392847,43.107779917875675],[-0.699509275176932,43.10789033932763],[-0.699821807695116,43.10785799253205],[-0.700835552308988,43.10799063724763],[-0.702671647255221,43.108510094121335],[-0.704458115222213,43.10886825232472],[-0.709115017799027,43.10918158363639],[-0.711899602316473,43.10852738038482],[-0.712308049491025,43.108591638183874],[-0.712629927542991,43.10847519261364],[-0.716496628062081,43.10798525224646],[-0.717975539099894,43.10812689485216],[-0.71884244306188,43.10752339076528],[-0.71913085586507,43.107479214500884],[-0.719299257673984,43.10755623770884],[-0.719988344782275,43.10758916333873],[-0.720183928668878,43.10780211108689],[-0.720696938374879,43.10807792706622],[-0.72102303602286,43.10837100442333],[-0.72199811889673,43.108035665040674],[-0.722313959725362,43.1080166446842],[-0.723168157719388,43.108285157914395],[-0.723643578272876,43.10856856316241],[-0.723996110938002,43.108107959473166],[-0.72469730035253,43.10823318104055],[-0.725334620629002,43.108664052450486],[-0.725581648724095,43.10870232920976],[-0.725638395994365,43.10861032302194],[-0.726061954979286,43.108508327269725],[-0.726689225304372,43.10853524553305],[-0.727138064217587,43.10888258612328],[-0.727448654959468,43.108972684695416],[-0.729502946513141,43.108373908630846],[-0.730052073921412,43.10831347026768],[-0.734012753548881,43.10880471605915],[-0.734224866877356,43.109291700057675],[-0.734225828584148,43.10951587510503],[-0.734741255920043,43.109941916438956],[-0.736501669296223,43.110520162534584],[-0.739854442814081,43.11124299420481],[-0.741581480061959,43.11141802211967],[-0.744252122752272,43.11202484911433],[-0.743636103440232,43.113121392870205],[-0.743903954285339,43.11365144766632],[-0.743632657856131,43.113865278934576],[-0.743045853157255,43.11476810937317],[-0.742676620446504,43.1149691337416],[-0.743604256367523,43.116178607845974],[-0.744564619522188,43.11692500957133],[-0.744777367128096,43.11745788094503],[-0.745226783481643,43.11784925679776],[-0.746409801656321,43.11929925718145],[-0.748223592409255,43.12095961678805],[-0.748801536330604,43.12221364372594],[-0.749190968788191,43.122247813614955],[-0.749514852922442,43.12242743590979],[-0.749148342693661,43.12426271178975],[-0.749482728606124,43.12547569188469],[-0.749390183363205,43.126967366968834],[-0.749756774151794,43.12772899997492],[-0.749960303464043,43.127947930038125],[-0.751462903203489,43.1284259834399],[-0.752784424736617,43.128538435298715],[-0.753336442651062,43.12965558449575],[-0.753419126368165,43.13005791111246],[-0.753139473003004,43.13056020650426],[-0.753285239382218,43.13100625935638],[-0.753762572250445,43.13127597513371],[-0.753453570917256,43.13210256036743],[-0.753631279565596,43.13281313728383],[-0.754321296276335,43.13349865916215],[-0.754546002265457,43.13387262531098],[-0.755727976822495,43.13418170832869],[-0.757011726372092,43.134240502083216],[-0.758159254811721,43.13447332031216],[-0.758758903163288,43.13467571703202],[-0.759319071951308,43.13504607475105],[-0.759960309076165,43.13494265574513],[-0.763282239265498,43.13384335807809],[-0.764012473346032,43.133671971763796],[-0.764961781001157,43.13365500928505],[-0.766128740539905,43.13399692168705],[-0.766720962125906,43.13436792262647],[-0.76723837969429,43.134854995890905],[-0.76796145079843,43.136063357728844],[-0.768237517585624,43.136902849337666],[-0.768451849662551,43.13717269893321],[-0.768882721733379,43.13733141906475],[-0.769335964730579,43.13802153591984],[-0.769813044650534,43.1383983523406],[-0.770007195106303,43.13875445102689],[-0.770987727834252,43.139252319159546],[-0.771562035564748,43.13936638836239],[-0.772184798077691,43.13978942322815],[-0.772755676819429,43.140378158915496],[-0.773104574832264,43.14080627612554],[-0.772974494169377,43.14090448113243],[-0.772915622597851,43.1411892932876],[-0.772958673090779,43.14137778709852],[-0.77307939186532,43.14143749396984],[-0.772920007521932,43.14163307643529],[-0.773175278465751,43.14170067839178],[-0.773381133851626,43.141595317096886],[-0.773365471697074,43.14178856842855],[-0.775038892565764,43.14233147382956],[-0.77477119575636,43.14292076275921],[-0.774991991324504,43.143138148118446],[-0.774957783191789,43.14342389907631],[-0.774338982308547,43.14415425616834],[-0.774092454568978,43.144258342380404],[-0.774086229991928,43.14435131013516],[-0.774465972264292,43.1446486755863],[-0.775339075986462,43.144949466458876],[-0.775359277384954,43.14527743539052],[-0.775514392378608,43.14561868710808],[-0.77532851028138,43.14572875558167],[-0.774883914016682,43.145662387486404],[-0.774831599808058,43.14578398455947],[-0.775195709790429,43.14631242000102],[-0.775237168834819,43.14660812757866],[-0.775509374389342,43.14712267317826],[-0.775903412547489,43.14728085939242],[-0.775937282788925,43.147403939642636],[-0.775581544065691,43.14807646081472],[-0.775023902016169,43.14831301469238],[-0.774290751444123,43.1484233414102],[-0.774090197856071,43.148553732161886],[-0.773800370424989,43.14912488519652],[-0.773495726070908,43.1504295526191],[-0.773167482897264,43.15075171400412],[-0.772634645167887,43.151010798983805],[-0.772497427855613,43.15116958587646],[-0.772429920750433,43.15177437502857],[-0.772726588930907,43.1522115320002],[-0.773380170954755,43.152614580366546],[-0.773415393993801,43.152777236005505],[-0.77329316102165,43.15303365268808],[-0.773132982570295,43.153217557680215],[-0.772705591745375,43.15345314010514],[-0.772173543312091,43.15393191408411],[-0.771677089817696,43.15424014768012],[-0.77122130382522,43.15479459028468],[-0.770300836159849,43.155183389474566],[-0.769835413733273,43.15559048285885],[-0.769745428259284,43.15617174441877],[-0.7699243955514,43.156840851524564],[-0.769552741186739,43.15719603725383],[-0.768963384622825,43.15721214638608],[-0.768800308512273,43.15735202202426],[-0.768804625366905,43.157606709656434],[-0.769038773471895,43.158084786229225],[-0.769424747015605,43.15825048547473],[-0.769586083066481,43.15844205026956],[-0.769499445939548,43.158584656480315],[-0.769195577714755,43.15869703913856],[-0.768906206858221,43.15912588673591],[-0.767463955335231,43.15856938037332],[-0.766534491335839,43.158783765141216],[-0.765908883115168,43.15879121850152],[-0.764573991984612,43.158447040713895],[-0.764210087783287,43.15848766595344],[-0.763797629539457,43.158104054907284],[-0.76340077709548,43.158243080693396],[-0.762912438833228,43.158129560757956],[-0.762649052169754,43.158164870310166],[-0.76225125379317,43.15889374374682],[-0.762003772986737,43.15909778796509],[-0.760771124846498,43.158982320262275],[-0.759950145417,43.15899295395033],[-0.759843317793128,43.15905251076227],[-0.759210573587039,43.1589881352265],[-0.758540139382789,43.159062844621246],[-0.756810166199361,43.15890344075948],[-0.754768705007156,43.15892865465023],[-0.75259379877896,43.158509135675],[-0.751625015670245,43.15864911861576],[-0.750291543091061,43.158419979288084],[-0.747730499761981,43.158455934756816],[-0.746832310997459,43.15854659463866],[-0.746437648821077,43.158302777113384],[-0.745963287072551,43.15830935978237],[-0.745769188942019,43.158104493399264],[-0.745053093707904,43.15768364217971],[-0.744813831264566,43.15773067626729],[-0.744196387369459,43.158110517653306],[-0.744021839225034,43.15805534883222],[-0.74371857366393,43.158139722328805],[-0.743237725847271,43.1583878460171],[-0.742778128110532,43.15824262187759],[-0.742065693357153,43.15820072457875],[-0.741795271749082,43.15805162952158],[-0.741594127000356,43.157813683269694],[-0.741409473287048,43.157754358797305],[-0.74080876707032,43.157766205241835],[-0.740174684366963,43.15760451456357],[-0.739509005226126,43.15777168909246],[-0.738589396868729,43.15758837896347],[-0.738513344085355,43.15783864723934],[-0.73804310217438,43.15811789570615],[-0.737805022873318,43.15862051259056],[-0.736693587557018,43.15914170505532],[-0.736410926609532,43.15908847121034],[-0.736109679952804,43.15888099953401],[-0.73594972036631,43.15889915088089],[-0.735278597525551,43.159324922918636],[-0.733790422304686,43.15967004084397],[-0.733086440905649,43.15993034956455],[-0.732550968138566,43.16026676112504],[-0.732098773190058,43.16086412473062],[-0.731828264684878,43.161075196698896],[-0.731440838336957,43.160828373452006],[-0.730305269688239,43.16050118853864],[-0.727543233631643,43.15898670615195],[-0.72723868533773,43.158784727831645],[-0.725003349867575,43.15664235703511],[-0.723514899901903,43.154769499341235],[-0.720986082692318,43.151083008567085],[-0.718475412602159,43.14782627214549],[-0.717550230970711,43.148087808929],[-0.716614806055462,43.148113771699784],[-0.714161408442797,43.1477697432254],[-0.713372540102245,43.14755020579644],[-0.712624472237919,43.14746792677136],[-0.711474178328667,43.14694386844615],[-0.710265784995935,43.14675946799778],[-0.709583832794559,43.146442575990086],[-0.709419194664983,43.14621502707319],[-0.708860053873053,43.14612531871475],[-0.708722481641689,43.145955366527154],[-0.70867911403652,43.14562459356025],[-0.708425115050163,43.14536500147993],[-0.708419687294606,43.145012212647565],[-0.708284300698657,43.144818773333874],[-0.708390010938572,43.14445405593915],[-0.70818468756158,43.144263023471986],[-0.708210201575049,43.14400911981422],[-0.708043327015379,43.143746529214326],[-0.708240559474743,43.143485815915575],[-0.707904732088862,43.14252579110528],[-0.708022866811587,43.14218225784357],[-0.70779671697053,43.14128329173667],[-0.707276418108894,43.141127408662555],[-0.706752738336267,43.14076543784046],[-0.706631415100392,43.14054179921592],[-0.706050100416255,43.1404888592642],[-0.705514039772155,43.14020204567139],[-0.704997121563868,43.140136980706664],[-0.703511053519535,43.139243506732925],[-0.701748216966271,43.1379444211368],[-0.699922152238813,43.137039172353326],[-0.698974380326695,43.13702309120143],[-0.697587108346838,43.13622970201022],[-0.697135461910925,43.13562750256054],[-0.694809055656214,43.134643896313094],[-0.693369355337234,43.13387476710049],[-0.69185930768414,43.1329468541072],[-0.690659198428813,43.132116356714334],[-0.690344877706549,43.13150672867162],[-0.690054445982098,43.13115560518955],[-0.68887334060434,43.13075664521046],[-0.686828650357509,43.128325257510376],[-0.686162025466037,43.12812746580426],[-0.685665313329336,43.127509662566204],[-0.685406439347278,43.127324928256954],[-0.685187584529518,43.12722796621742],[-0.684260486764725,43.12720565173103],[-0.683747403418181,43.12708273226077],[-0.681615781847022,43.12698632375917],[-0.680507780517666,43.12574468903285],[-0.679796368319612,43.12540252260277],[-0.679628609239969,43.12541275514928],[-0.678942811257235,43.12518316115341],[-0.675984056625993,43.12570646238312],[-0.671112085433623,43.12678472259022],[-0.670758839303833,43.12666169783189],[-0.670466329609788,43.12681753176169],[-0.670134593853265,43.12680092134794],[-0.669678509797228,43.126974931549746],[-0.669413297100942,43.12699927264294],[-0.668233619239107,43.12745183789028],[-0.667568944595924,43.12739973437179],[-0.667185466292216,43.12722640369026],[-0.66688427305571,43.12736181365474],[-0.666535929663613,43.127393479249044],[-0.666348721871034,43.12762045181309],[-0.665969924436565,43.1274433558955],[-0.665610396166227,43.12749250691748],[-0.665470343548014,43.12549745885054],[-0.664616682693603,43.12420920316479],[-0.663956012969754,43.122532606342965],[-0.664528585259205,43.12192786440535],[-0.66454658003911,43.121668835329615],[-0.664707236946531,43.12156612568536],[-0.664628920380414,43.121455338804026],[-0.664809647510894,43.1211457529787],[-0.664771066073126,43.12102190905706],[-0.664928067996333,43.12093913236648],[-0.665004196254575,43.120627702627324],[-0.665415005128403,43.12010859599702],[-0.665624674504431,43.1179296821601]]]]}},{"type":"Feature","properties":{"fid":777,"ID":"COMMUNE_0000000009761827","NOM":"Escou","NOM_M":"ESCOU","INSEE_COM":"64207","STATUT":"Commune simple","POPULATION":430,"INSEE_CAN":"15","INSEE_ARR":"2","INSEE_DEP":"64","INSEE_REG":"75","SIREN_EPCI":"200067262"},"geometry":{"type":"MultiPolygon","coordinates":[[[[-0.506581035390503,43.18398270266212],[-0.507520947697978,43.18325164541848],[-0.507234260232488,43.182947641092944],[-0.507637515503757,43.18253746102154],[-0.508800714116797,43.18195849439325],[-0.509196175593564,43.18081295912608],[-0.509982207967662,43.179899610424016],[-0.510309200580013,43.17977371833405],[-0.511404543818861,43.17963811275819],[-0.511941725657295,43.179286580459966],[-0.512553895773036,43.17907576149553],[-0.513685509152807,43.17844464701095],[-0.514419330009053,43.17823165352976],[-0.514701737768371,43.17804057340839],[-0.515792041327086,43.17824722756603],[-0.515872143328589,43.17855254286008],[-0.516221622593441,43.17823051836294],[-0.518428887229396,43.17306331489342],[-0.520062618770565,43.17009729353577],[-0.52081858047298,43.16899846922273],[-0.522841496385418,43.17015868758789],[-0.52334274859373,43.17037010078132],[-0.523526851107886,43.17086739084029],[-0.524199568339291,43.170945343787714],[-0.524603936595894,43.17128236906795],[-0.525808888030953,43.171796698420046],[-0.528448488308919,43.17354350422877],[-0.528693502261919,43.1737884907948],[-0.529274714585255,43.17355607783561],[-0.529458929772317,43.17355094787107],[-0.530060940980235,43.174524353291055],[-0.530371026990483,43.17460603864781],[-0.531873998328946,43.173936454997424],[-0.534599489504591,43.1730818166081],[-0.535505881125278,43.17267573956083],[-0.536743315303485,43.17403974448517],[-0.537322846610059,43.174563661272124],[-0.537627142323955,43.1745104590633],[-0.538521742210447,43.17399219561963],[-0.538789963549633,43.17443448287231],[-0.538971427564064,43.17438440798835],[-0.539751446031041,43.17400405168106],[-0.540950793151553,43.17309940235871],[-0.542453224056479,43.17350654084045],[-0.544801615963431,43.1756100839782],[-0.545650176947505,43.17502394344202],[-0.546708316710049,43.173643965868905],[-0.546843383568581,43.17418065361628],[-0.547738778140772,43.174918322145466],[-0.54788846115517,43.17523213326641],[-0.548682358449099,43.17539868870686],[-0.549166028009203,43.17540167638652],[-0.549201684526561,43.17532126860449],[-0.550184875686455,43.175585126273084],[-0.549348357146249,43.17650675208156],[-0.549545465276754,43.17677127996874],[-0.549432448791216,43.17695417771352],[-0.548456164376803,43.177944325043946],[-0.549186638951218,43.17837948073178],[-0.548787709475197,43.17881489382314],[-0.548074598514241,43.17928315402012],[-0.548336415530479,43.17959957887271],[-0.547192494040566,43.18030530583659],[-0.547259711167392,43.18043815296237],[-0.547766662378121,43.180739311798284],[-0.545991804440462,43.18209065332773],[-0.545468692726596,43.18268860611228],[-0.545664273370138,43.182908173227304],[-0.544706029724916,43.18365368693582],[-0.544783049453441,43.18396629179688],[-0.5436167162806,43.18521114950425],[-0.543263557732264,43.18619337588152],[-0.542092387453004,43.1861571188006],[-0.541737400030093,43.18600670804368],[-0.54128938916246,43.1861852923954],[-0.541397622340745,43.18660582208461],[-0.541259207370577,43.18701734425442],[-0.541310031638629,43.18832754583357],[-0.541512530813587,43.1888404223327],[-0.540889988748018,43.19002597283886],[-0.540294277876868,43.190786553914364],[-0.541158402296016,43.191332634798265],[-0.541064421878677,43.19158603022092],[-0.541346362611543,43.19188920948051],[-0.541659827933712,43.19593610170986],[-0.541929703443166,43.1964233587321],[-0.542520779546757,43.19717108623412],[-0.542532107989254,43.197395813958934],[-0.541353793706678,43.1977082300674],[-0.540948488737781,43.19713987946204],[-0.54024889379797,43.19640831168728],[-0.539854198794491,43.19627360129214],[-0.538030306647698,43.19480727602366],[-0.537120806617715,43.19422393902886],[-0.535377881092748,43.19564518283774],[-0.535134937096503,43.195697265387565],[-0.530861731640945,43.19774427502904],[-0.53061720029784,43.19775047897088],[-0.529545711546822,43.197456003803005],[-0.528376922801643,43.1974420222151],[-0.527268084849116,43.197381948255305],[-0.525357349275789,43.197108572332624],[-0.524969186441495,43.19637483567874],[-0.524414240840318,43.19573118508802],[-0.522994403275518,43.19478894643925],[-0.521736572880959,43.194080904087194],[-0.519344298656933,43.19234561899286],[-0.518204905070509,43.19121679799721],[-0.517690505271146,43.19028727629824],[-0.516978664771181,43.18946953696624],[-0.516292751192592,43.18887514330495],[-0.510986819870389,43.186608896286586],[-0.510663097986782,43.18638443748897],[-0.510124118656824,43.185594346515266],[-0.50972549600039,43.185331806572236],[-0.508575340433006,43.184931652698396],[-0.507839629676804,43.18436584343019],[-0.506581035390503,43.18398270266212]]]]}},{"type":"Feature","properties":{"fid":789,"ID":"COMMUNE_0000000009761604","NOM":"Préchacq-Josbaig","NOM_M":"PRECHACQ-JOSBAIG","INSEE_COM":"64458","STATUT":"Commune simple","POPULATION":295,"INSEE_CAN":"14","INSEE_ARR":"2","INSEE_DEP":"64","INSEE_REG":"75","SIREN_EPCI":"200067262"},"geometry":{"type":"MultiPolygon","coordinates":[[[[-0.701602989093779,43.26973568943784],[-0.698127552688039,43.26882996770106],[-0.697425301747951,43.26841005477835],[-0.696942095922797,43.26771608123217],[-0.698029642396649,43.26707278257926],[-0.697548008047793,43.266787599368236],[-0.699326574133732,43.26598644204209],[-0.698813665004035,43.26565550877329],[-0.698520354136269,43.26557820494696],[-0.6989471489393,43.26531593880662],[-0.699082860701426,43.26508795806277],[-0.698166434345665,43.26499777935314],[-0.698988370539389,43.26403757600046],[-0.698700004677308,43.26348012192205],[-0.699607749037912,43.26274390744036],[-0.698667114720387,43.26289050219007],[-0.699199008502873,43.26225001484098],[-0.698480385039564,43.26193873763931],[-0.699665962037238,43.26073193503399],[-0.699547353943427,43.26055409298737],[-0.700052426223279,43.2602450139169],[-0.699367201724882,43.259224785769355],[-0.701799997313969,43.25867672473144],[-0.705680101648754,43.257566537921136],[-0.707304780296277,43.25683085904502],[-0.709737019595122,43.25610432860782],[-0.710618060195529,43.255569752707686],[-0.711112844191595,43.25577247391298],[-0.712351959965611,43.25574788062892],[-0.712458081768267,43.2551570856604],[-0.713892418161333,43.25519870348673],[-0.714221764089683,43.25510902637042],[-0.714968694211094,43.25505630900354],[-0.71713190225075,43.25516645408351],[-0.717299093448588,43.2555812457808],[-0.717819600982536,43.25595325208597],[-0.718719501947527,43.25607534751192],[-0.719384450436931,43.25589754802519],[-0.720405409755037,43.25694120855381],[-0.720517991039107,43.257387596470934],[-0.720949810408082,43.25707193481595],[-0.721241314979833,43.256739495255474],[-0.721342310631746,43.256528890678034],[-0.72131972106661,43.2562360948104],[-0.722484941318954,43.256154497358175],[-0.722359638719635,43.25600752795807],[-0.722856734702978,43.25584449965373],[-0.722948497724598,43.25598722193828],[-0.72321765402598,43.25590049325872],[-0.723326075854322,43.25618672653118],[-0.724531495614079,43.256231596650125],[-0.730629589734219,43.254010129057434],[-0.731054993008517,43.254110695787986],[-0.731875586761857,43.25380676567919],[-0.732147983371655,43.25361814111914],[-0.732868547272623,43.25353919419375],[-0.733399182387006,43.25340017126622],[-0.73396634266241,43.25296900785364],[-0.73702689148501,43.251184490786414],[-0.738064512221765,43.25071360248851],[-0.739998778071909,43.25008736601639],[-0.741486778696218,43.2497800456823],[-0.744131652602957,43.24899942148082],[-0.744458137673568,43.24850630598049],[-0.745780365979855,43.2470510803958],[-0.749442033206062,43.245636168819814],[-0.752689709843107,43.24450658702788],[-0.752787751616377,43.24440411834119],[-0.753074481113147,43.24436172882019],[-0.756024351447344,43.24316315028743],[-0.762558116264838,43.24069050800312],[-0.765093480852087,43.239808706037856],[-0.766717146109561,43.2391324724237],[-0.768438883059408,43.238902162582995],[-0.770413853793386,43.23877734776854],[-0.771187803978176,43.23974451319958],[-0.772639488153534,43.24094104099105],[-0.77238943104419,43.24144958824677],[-0.771670423784637,43.24507242842731],[-0.771665425788863,43.24591912474975],[-0.770853066902439,43.246024056062296],[-0.770376855305322,43.24620189150719],[-0.769691390131953,43.2463447072223],[-0.768229507961085,43.24701083277665],[-0.767371255429688,43.24720559372377],[-0.766738648248671,43.24713941788574],[-0.766531375460561,43.2473988060044],[-0.765765830451382,43.24763624694977],[-0.765338909959709,43.24807890346995],[-0.764778077508301,43.24818762097418],[-0.764161024269394,43.248548649838526],[-0.763589895086838,43.24876398529187],[-0.762620088317158,43.249496624611915],[-0.762141120340903,43.24955744658152],[-0.762019454370265,43.2498453611268],[-0.761606843651602,43.249695840253096],[-0.76113793704918,43.24970317448113],[-0.760215479747337,43.25012345078478],[-0.759444133737314,43.25029170486891],[-0.759629122055127,43.25084270359006],[-0.759041961872228,43.250680340552144],[-0.758756843027871,43.25067225820795],[-0.756309477143224,43.25098439043199],[-0.755749065033491,43.25119480729256],[-0.753722471197516,43.25238828590205],[-0.755079417424939,43.25462849206725],[-0.75553203700663,43.25641385324666],[-0.752566634572604,43.25730855992453],[-0.749519843791065,43.258070926636314],[-0.74855391748812,43.25841335973307],[-0.748970138676764,43.25930035933674],[-0.749063431324654,43.259882478876825],[-0.74899064325584,43.26082878627677],[-0.749545755509181,43.26085723780178],[-0.749573349772741,43.26158482772924],[-0.75019937328671,43.26156668620904],[-0.7500808386014,43.26188509717789],[-0.749508102186975,43.26266595834227],[-0.749509456009369,43.26304684619685],[-0.747477935537637,43.26314889860356],[-0.747146283124327,43.263070354284686],[-0.746915174828662,43.263211657071196],[-0.745507170863226,43.263579308004935],[-0.744673610758417,43.263969343953455],[-0.743923913161933,43.26472118933392],[-0.743370098938715,43.26596604554057],[-0.743263097935678,43.266576728815714],[-0.743242613101053,43.26726726392457],[-0.743427259389133,43.26760577505002],[-0.743949301163842,43.268110897641364],[-0.745103945180655,43.268356331456346],[-0.746056327883884,43.26846648260258],[-0.7470656727042,43.26897899934699],[-0.747084183509384,43.26926383397312],[-0.746656995301792,43.26919490579219],[-0.746130494122305,43.26886825981255],[-0.745145847049274,43.2687358136616],[-0.744298831943414,43.268730067354326],[-0.743389292027523,43.26844460806309],[-0.743054042605122,43.268367975809866],[-0.742891563476515,43.268124154292174],[-0.741532301431553,43.268504469069434],[-0.740913466321084,43.26850159596342],[-0.740531052684947,43.268134810449794],[-0.741097636724848,43.2675793512712],[-0.741562467535918,43.26695627130827],[-0.741854229177191,43.265185578701214],[-0.741796469108678,43.26486518261403],[-0.741073449594907,43.26468040864481],[-0.740082085634947,43.26457606949452],[-0.738257323204361,43.264922037446745],[-0.737368230896898,43.264855557677464],[-0.736426712403562,43.2643793338868],[-0.735693467712907,43.263731996692876],[-0.735215240032506,43.263463969224155],[-0.734983533817964,43.26340624507607],[-0.733808713278926,43.26345588565267],[-0.733257404392362,43.26339119923289],[-0.733078156361974,43.262221283576984],[-0.730171990395127,43.26301244804149],[-0.729803025679381,43.26302339383062],[-0.729606473372679,43.2628041470636],[-0.729420315514003,43.2627646498298],[-0.729004734301066,43.263045565357636],[-0.726851955818289,43.26409338525003],[-0.727655440584182,43.265047241232836],[-0.728323913761677,43.26604718009989],[-0.728865986696982,43.26659760608251],[-0.728984913927755,43.26693120393167],[-0.729478181340577,43.26733652399258],[-0.73028997902534,43.26860797247601],[-0.731190375653013,43.269553058350574],[-0.731558206942398,43.27007617479465],[-0.731552796102652,43.27039245509984],[-0.73021135025104,43.270840449857],[-0.730198924496447,43.27099127104279],[-0.729049185794085,43.2713930038708],[-0.728392142319138,43.27139047693928],[-0.728195833315206,43.27180430349955],[-0.727004866717245,43.272827015553474],[-0.726420762937695,43.273819768165474],[-0.726378060136534,43.27428412480481],[-0.725735011319201,43.27465122395425],[-0.724486388237402,43.27339030033238],[-0.722211026198347,43.27245113635625],[-0.722936494316027,43.27065024813996],[-0.723051763921794,43.26980156151184],[-0.722977257502757,43.26935385759101],[-0.722821250399783,43.26899901833065],[-0.722353233794584,43.26852615768817],[-0.721780719446435,43.26822890131707],[-0.720907141713881,43.26802126526988],[-0.719925425555537,43.26808570978876],[-0.719349967588114,43.26837299482627],[-0.716915467544484,43.270007559607876],[-0.714791508783942,43.27118471503457],[-0.713988419400016,43.27174636150365],[-0.713456729858206,43.271910535117904],[-0.71234182667734,43.27207044320041],[-0.71152766368291,43.27207771766774],[-0.709956374416127,43.27194440105408],[-0.707976968659399,43.27159724034817],[-0.704574061501062,43.270673017076184],[-0.701602989093779,43.26973568943784]]]]}},{"type":"Feature","properties":{"fid":791,"ID":"COMMUNE_0000000009762637","NOM":"Accous","NOM_M":"ACCOUS","INSEE_COM":"64006","STATUT":"Commune simple","POPULATION":465,"INSEE_CAN":"14","INSEE_ARR":"2","INSEE_DEP":"64","INSEE_REG":"75","SIREN_EPCI":"200067262"},"geometry":{"type":"MultiPolygon","coordinates":[[[[-0.493040862220347,42.967995697582566],[-0.493315082398523,42.96735934291399],[-0.493270765835352,42.96646148348569],[-0.492879978505778,42.965977277270085],[-0.492434928019504,42.96562986362632],[-0.493154331193774,42.96408244194573],[-0.493059403830821,42.96340227794362],[-0.492669782394383,42.96269298586771],[-0.492697937007485,42.96076025000161],[-0.492499115286732,42.96045074469802],[-0.492798137579021,42.960307795246194],[-0.494009499078475,42.96005056048299],[-0.494579598992651,42.95970794847343],[-0.494417851678015,42.959505264298706],[-0.494243836953635,42.958977108428435],[-0.493513272899449,42.95867049523042],[-0.4934000696968,42.957361694136665],[-0.492963554809748,42.95593467956184],[-0.492900989146607,42.951927267564834],[-0.493048584253702,42.95120411825926],[-0.495223692381922,42.949394205398725],[-0.495639234360924,42.948888281160926],[-0.496100622456201,42.9470701913373],[-0.497237907932567,42.94506176257887],[-0.498533262834671,42.941288315400634],[-0.498886473289287,42.939751000506206],[-0.499230034777223,42.939292417368556],[-0.500536884295832,42.93849367870312],[-0.501755834587393,42.93814698024588],[-0.502108994542364,42.93786811092148],[-0.502677646350593,42.9369988948532],[-0.5040970875254,42.93601730298059],[-0.505436941749227,42.934409062818844],[-0.506138913141645,42.933760521680085],[-0.506972888807603,42.93328950166615],[-0.507510532950863,42.932780444305116],[-0.507714871433569,42.93196630831738],[-0.507941434965556,42.93160063603606],[-0.507912274185063,42.93101737197187],[-0.508256391677728,42.930549739533056],[-0.508692643720458,42.929458872429244],[-0.509177537089792,42.92913156608213],[-0.510272853138133,42.92901295049625],[-0.510702360000015,42.929045718817996],[-0.510890615906906,42.92914038410648],[-0.511285468599877,42.929713490919035],[-0.511796981647048,42.930149555044544],[-0.512793764215096,42.930527435753476],[-0.513753778358783,42.9326231598687],[-0.514635241970824,42.93313892671369],[-0.515231786944678,42.93406729669395],[-0.516849163003005,42.934616568539425],[-0.517294176261946,42.934964770078516],[-0.517694582483741,42.93562769657028],[-0.517917320566739,42.93643147048195],[-0.518042318766795,42.93647238537788],[-0.518637317257339,42.936142327866996],[-0.519718830291,42.93575401440134],[-0.520691869985663,42.93563750228976],[-0.522909826119371,42.93594735009581],[-0.523410079027391,42.93593363965807],[-0.524315064844254,42.935685198716676],[-0.525475794123569,42.93565340288668],[-0.526296272245837,42.93617108233142],[-0.527362587327928,42.936681582382676],[-0.528624499679271,42.93746650722827],[-0.529268489996486,42.93812319397838],[-0.529475869428388,42.938611486974246],[-0.529386900382276,42.940511126112],[-0.530186243687227,42.94057937670733],[-0.530810610545217,42.94083251334514],[-0.531923049910779,42.941072298343386],[-0.532423578845644,42.941283588185485],[-0.534345967371337,42.94182528085888],[-0.534957600329412,42.94180875318403],[-0.536100250651736,42.94141826061636],[-0.537442903615496,42.94111298910541],[-0.538848405817718,42.941074790349596],[-0.539529694319781,42.94123598197984],[-0.540965597623394,42.94183589897782],[-0.544040567650934,42.943371054717396],[-0.544286771682524,42.94340974146508],[-0.545014681177955,42.94303013698901],[-0.546340823304028,42.94263527769274],[-0.547492512183359,42.942433407103906],[-0.548357320829822,42.94258938290419],[-0.549660375584336,42.942958622449176],[-0.550457025398342,42.94298180281123],[-0.5528853346913,42.942377581595686],[-0.554261225158092,42.94175592395537],[-0.555329971821806,42.94232009281118],[-0.555530598669146,42.94267443684079],[-0.555698200753172,42.94356910190548],[-0.555487452727371,42.944248538262826],[-0.555534247450085,42.945191314362006],[-0.55592136971342,42.94680788965789],[-0.556576156442802,42.94791328289701],[-0.557024266502397,42.94830624358003],[-0.557909110134325,42.94886658214964],[-0.558729968224074,42.949122959373746],[-0.559605030010572,42.94950356530124],[-0.563079943170012,42.95045242074005],[-0.564606785780807,42.95041076708095],[-0.565228645779547,42.9506187863971],[-0.566270115896789,42.95063552805906],[-0.566703489645559,42.95048880636269],[-0.567619839084948,42.9504637777635],[-0.568053899423084,42.95058709535839],[-0.568440902719008,42.95098114210127],[-0.568946456452556,42.95129022870746],[-0.569876970395845,42.95153477881368],[-0.571159180010873,42.95150026210866],[-0.572250422377791,42.95129023463631],[-0.5733048523262,42.95157654636035],[-0.573393118102172,42.952113747866],[-0.573994992572915,42.951917279766704],[-0.574432673388958,42.95186040610781],[-0.575429243179264,42.95220173671648],[-0.575879062239605,42.9526395802979],[-0.575899458194153,42.95326816324328],[-0.576096748397446,42.95330750754755],[-0.577242120373484,42.95296149301467],[-0.577607973498777,42.9529520100253],[-0.582459437741299,42.95449087267112],[-0.584263989459245,42.95485559086532],[-0.586533721966049,42.95497338884955],[-0.587959661003947,42.955338983005426],[-0.589207607700753,42.95579872950473],[-0.590214575086699,42.95636464239105],[-0.591529676917672,42.95695805604676],[-0.592648245061246,42.95728705400654],[-0.593197645551595,42.957272280707116],[-0.594597171233217,42.95687436655935],[-0.596275048250383,42.95616283324087],[-0.596911767936329,42.95546183169688],[-0.598062759957215,42.95499026975438],[-0.598630806479999,42.95411150882308],[-0.601595866591143,42.95322982742553],[-0.603892277909497,42.95267297918257],[-0.604125416071107,42.95244099614113],[-0.608669299679617,42.9450711804432],[-0.60925177689077,42.94480224176134],[-0.60883343781239,42.944479607955245],[-0.608970398526137,42.943904252715335],[-0.608919816652739,42.94346573425747],[-0.609596150228585,42.942618385689286],[-0.610524329235282,42.93898802830575],[-0.611021486966442,42.93794054057741],[-0.610661918084661,42.93690835459718],[-0.609813286313095,42.935852998607544],[-0.608320753403774,42.932738835928056],[-0.608281847002963,42.931975846152426],[-0.608134956125773,42.93148565442333],[-0.607871640750753,42.93113260865424],[-0.605895788047106,42.92956055764806],[-0.602347225599647,42.928345525386476],[-0.600475673351089,42.92785735824337],[-0.600276389696757,42.927548061475186],[-0.600052679664731,42.92587844591341],[-0.600283536684181,42.92531526817684],[-0.599716357049771,42.924723033783174],[-0.599872482907223,42.92417946705276],[-0.599892080432035,42.92337041160049],[-0.599250599787239,42.92158067530866],[-0.59899164547607,42.919835731137134],[-0.598870391479484,42.918671314244634],[-0.599137355712146,42.91790078216846],[-0.599769880714333,42.917119793494905],[-0.600190976375722,42.916741085967395],[-0.60126118637893,42.91610564826616],[-0.601353747763344,42.91589999480857],[-0.601315688253852,42.91544486240798],[-0.600670532856263,42.91436464017528],[-0.60099674646806,42.913661434121174],[-0.601023483454424,42.91304659184986],[-0.600877031592761,42.91254198394004],[-0.600471438700968,42.91184802128914],[-0.600283799881282,42.91121246371886],[-0.600644361070742,42.90993827502831],[-0.601035388777728,42.90905645560956],[-0.601845201201436,42.90843064671866],[-0.601966750943677,42.90782432796517],[-0.602821301056516,42.90697285817988],[-0.602844507597381,42.90592693702169],[-0.603402174397845,42.904870277609795],[-0.605327654299437,42.90288817788291],[-0.605950623071296,42.90250896823312],[-0.606151350328946,42.90215294411782],[-0.606592034607944,42.9018356676212],[-0.606462198583941,42.901578970348076],[-0.606479783251045,42.901349727018015],[-0.606813488323542,42.90120258237639],[-0.606942963751757,42.9010595995345],[-0.606834375687149,42.9007310725466],[-0.606890375649844,42.900450126773215],[-0.607204628778393,42.89981302235388],[-0.607457769029003,42.89961097006749],[-0.60753685818465,42.898677499514065],[-0.607089209970392,42.89742505777743],[-0.606732351450377,42.89704186164397],[-0.606604217697397,42.89653665280564],[-0.606609338014113,42.8955948691332],[-0.607765697670716,42.89519052047935],[-0.608544047659101,42.89475205938951],[-0.609410708725615,42.894650898886425],[-0.609848651124647,42.89433010004029],[-0.611733885768861,42.893323257645825],[-0.613097392224718,42.89249148316427],[-0.613349847959201,42.89212200188631],[-0.613702454412514,42.89013688602907],[-0.61411813378442,42.88900753824449],[-0.614598912208519,42.88841251589844],[-0.615080134644453,42.88817845672007],[-0.616791733529146,42.88645270968273],[-0.617069942771672,42.88573127408621],[-0.618998240287152,42.88300706743665],[-0.619375416571443,42.88200862842206],[-0.61978792608375,42.88145909514145],[-0.620498023287457,42.88099043902214],[-0.624902508668349,42.878702854142816],[-0.625182299141211,42.87814608060049],[-0.625140604202869,42.87781171576719],[-0.624947740564846,42.87766339824087],[-0.625080143505018,42.877392466383206],[-0.625161152588738,42.87672988503687],[-0.625041237781495,42.876318946346295],[-0.625160544429724,42.87623029668201],[-0.625342744400198,42.87487564712783],[-0.62519029889025,42.87429657207601],[-0.624525123424271,42.873228912244116],[-0.624884947074892,42.87191597616561],[-0.624658969870824,42.870845181703025],[-0.627004237093967,42.87010697391696],[-0.627530950836286,42.86964446949601],[-0.628493383143535,42.86912401612126],[-0.62845425437644,42.868361076876276],[-0.628842770974097,42.86758727314946],[-0.628827264849724,42.866106084375566],[-0.629332975452446,42.86523019442393],[-0.630053787491152,42.86476111008798],[-0.630462600472157,42.864390799486635],[-0.630744842160957,42.863933852483804],[-0.631020258315789,42.86217456343814],[-0.632052076224447,42.86178765590172],[-0.632500332777956,42.86101181746328],[-0.632910617091118,42.8594730048245],[-0.633588226549066,42.85841303655647],[-0.635395403686836,42.856477610221226],[-0.635620868904591,42.85611169386246],[-0.635599840755473,42.85427152947542],[-0.636146676784795,42.85331319918815],[-0.636993369798704,42.85335290293808],[-0.637400126276654,42.85343992860979],[-0.637647902809877,42.853293796498214],[-0.638368214780606,42.85319104598523],[-0.639126309927137,42.85320313230359],[-0.640525734589264,42.85376506275055],[-0.641617294452009,42.85351465966784],[-0.642217617421319,42.85352758052852],[-0.643092403325478,42.8538003310054],[-0.643742440231907,42.85413742265665],[-0.643933773038991,42.85433976555385],[-0.644709727545471,42.854713982235914],[-0.64586076941806,42.85467035824445],[-0.647059898151258,42.85508058287045],[-0.648743549042552,42.855179049141746],[-0.651382631742634,42.856539442969684],[-0.651926425061483,42.85674237583579],[-0.652528271985131,42.857187281891186],[-0.652970667344187,42.85733425013306],[-0.654048563510891,42.857877258345695],[-0.65479805587401,42.85802365862242],[-0.655765635730383,42.85846598707956],[-0.655908081253377,42.858629468729916],[-0.655930139464907,42.858882572697496],[-0.656771003626187,42.85999355941765],[-0.657715108172567,42.86048978488855],[-0.658012385080663,42.860896439647924],[-0.658696988563068,42.861313287795795],[-0.659040191654341,42.86173007643767],[-0.659794655153987,42.86238128866278],[-0.660293356787904,42.86307093138361],[-0.661133741096741,42.86343473933777],[-0.661661125267866,42.86409369143455],[-0.661965957397029,42.86502670080622],[-0.661971252301844,42.86534339271744],[-0.662220547186231,42.86586150277345],[-0.662109658746449,42.866431518978914],[-0.662257190410156,42.8677029773151],[-0.662147803936445,42.86806409463717],[-0.661744236466773,42.8685342772655],[-0.662379285095385,42.86959915109952],[-0.662361111810057,42.87022271720864],[-0.662594249542101,42.87046501627172],[-0.662706852465631,42.87073663635267],[-0.660352372954805,42.872234831296055],[-0.658807108302262,42.873077929954405],[-0.657320096357773,42.87410806394736],[-0.655928734961933,42.87554991452826],[-0.654968049426543,42.876115572665945],[-0.654501126726364,42.87653387320757],[-0.653133952735846,42.878459176696055],[-0.651386376788485,42.8803514986334],[-0.650789879535007,42.88063735976043],[-0.65068822189973,42.88104501444849],[-0.65017562285212,42.88200317748688],[-0.648962130407657,42.883339860880334],[-0.648886580660122,42.88424084428408],[-0.646373278090872,42.885524468371614],[-0.644832498650486,42.88646712839759],[-0.644805261703552,42.88710540567585],[-0.643460357558351,42.888536510172],[-0.643016509911696,42.88940318343303],[-0.642875301872468,42.8902154711783],[-0.642467479280601,42.89085676577594],[-0.642222925736342,42.8920317478939],[-0.641658401797281,42.89294662302272],[-0.641736006808464,42.89443655227533],[-0.640670162528913,42.89653331826046],[-0.638233104395746,42.89929771923628],[-0.638582376490442,42.90014198987539],[-0.638676144223462,42.90077796901636],[-0.638358734686622,42.90173036271125],[-0.637743962321061,42.90309613501631],[-0.637158801522052,42.903606587861255],[-0.635083892385043,42.90510283333016],[-0.634060573913835,42.9066147526855],[-0.632988795687653,42.90858561742039],[-0.63278353996872,42.9093559559515],[-0.632944962363132,42.91011478565962],[-0.632845941024106,42.91056735032835],[-0.632138394413686,42.91108101667524],[-0.631969452804285,42.911355900816005],[-0.631977289220814,42.91292833474921],[-0.632405839279921,42.914139047545],[-0.632442237701227,42.91485710016967],[-0.632210529642336,42.915088197251585],[-0.630485290289786,42.91603508212065],[-0.629956092257725,42.91667953738525],[-0.629814635051504,42.91749182764836],[-0.62987602544953,42.91988166989042],[-0.629585681839244,42.92042892526799],[-0.628873643297406,42.92085359826782],[-0.628464422411151,42.92122392147451],[-0.62758450414079,42.92313604467486],[-0.627173106958003,42.923687383659576],[-0.625447473588149,42.924633296491436],[-0.625041068258751,42.925049423177654],[-0.625061070001958,42.9254673572814],[-0.624481184436503,42.92563637247981],[-0.624309090597429,42.92562687751978],[-0.624362618891371,42.925483733784],[-0.624177972198269,42.92556738655502],[-0.623482559313488,42.92625973119029],[-0.622091405001923,42.926639755152664],[-0.620629886405033,42.92740383268838],[-0.619897386493579,42.92797407142595],[-0.619633567340357,42.92830074777613],[-0.619233926154932,42.92851227024435],[-0.618765379269204,42.9291312190641],[-0.617919068860125,42.93080356651063],[-0.618129313888875,42.93114937534389],[-0.618270275123274,42.931209442782446],[-0.618247210758259,42.93284234972385],[-0.618775823794983,42.937680431458865],[-0.618776192920888,42.938550052950625],[-0.618029884080542,42.939470938907],[-0.617370650918049,42.93998107672188],[-0.617521677444163,42.94022175615358],[-0.616714636267963,42.94050370534875],[-0.615340828266648,42.94077502044326],[-0.614865921349614,42.941176309582914],[-0.614593349852001,42.941285410258786],[-0.614315411426145,42.941681868199865],[-0.61371312620163,42.941907390016844],[-0.613448220457039,42.94213956296919],[-0.613217263296437,42.94222835483925],[-0.613050517758352,42.942718294840226],[-0.612004281893789,42.94384277865034],[-0.611596052970068,42.94417429220697],[-0.61049644862538,42.944600166195784],[-0.609812474879666,42.94499045484623],[-0.609596277701705,42.94519847483771],[-0.610029276309434,42.945598934669945],[-0.610826188665235,42.94584132035611],[-0.611164892061725,42.94602618676397],[-0.612439817453181,42.94719414586473],[-0.614516073302802,42.94867362395471],[-0.615288970811674,42.94935520864524],[-0.615326843003991,42.94972663721814],[-0.614965082253488,42.95066606968175],[-0.614857985324012,42.951405178311255],[-0.614905127767678,42.95186632078804],[-0.615235805329155,42.95258979746654],[-0.615327778952036,42.95286578016257],[-0.615303859938115,42.95328790317915],[-0.614959985939196,42.953787412496766],[-0.614593855676536,42.95402839685002],[-0.613180986706822,42.95458276966928],[-0.612865578178097,42.95477252800551],[-0.612418045099958,42.95514317787537],[-0.611907785401033,42.95574639944778],[-0.611765244653015,42.956271537881236],[-0.611689133996195,42.95717434987441],[-0.611053847741388,42.959056530663645],[-0.610773577543853,42.95945666133469],[-0.610128595414781,42.95976731859879],[-0.609812020906658,42.96005703501015],[-0.609731446496936,42.960869071596406],[-0.609504022812934,42.96166533643821],[-0.60962878611619,42.961936623126384],[-0.610171055267874,42.96247566179883],[-0.610259286817848,42.9627310707587],[-0.609991245813441,42.964567600506825],[-0.610265425581035,42.96593848510797],[-0.610293914783114,42.96667123969146],[-0.6097883184691,42.96896498678611],[-0.609776905228496,42.969490222941126],[-0.609871398176473,42.96980664157849],[-0.610156210424734,42.97018688661902],[-0.610601384939177,42.970523931766806],[-0.612058839288154,42.9710322125021],[-0.613010400910961,42.97158629419591],[-0.61458842207597,42.97304387164924],[-0.614894076643082,42.973875340291585],[-0.614309325054664,42.97401384505235],[-0.614223442661687,42.97479906680903],[-0.614330212694494,42.975134877097126],[-0.614305290597003,42.97640599552164],[-0.615103293356889,42.97638365466986],[-0.615052049455656,42.976564532334095],[-0.614241456791971,42.97748576602203],[-0.614828486711481,42.978188939413215],[-0.615437031928892,42.979295609104696],[-0.615721749474816,42.98032134461696],[-0.615679830929747,42.98069096693187],[-0.614742447710033,42.981526444198224],[-0.614409835340649,42.982209235461106],[-0.614336662149428,42.98459382509582],[-0.611716751117857,42.98450454331046],[-0.603174233087264,42.98378566715631],[-0.600831222491595,42.983770563547665],[-0.600636939874224,42.98401834450568],[-0.600228940806189,42.98396449215205],[-0.600351112409754,42.98549625882749],[-0.600255517570359,42.986542874102554],[-0.599969063022638,42.987320399853914],[-0.599875713916152,42.988501981667866],[-0.59959311728075,42.98918394917106],[-0.599574777344594,42.990013714385846],[-0.599340547045363,42.99086241317225],[-0.596907184138548,42.99050273490758],[-0.596266966989789,42.99020546058846],[-0.59505280058752,42.98919636131872],[-0.594493172362051,42.989031422525386],[-0.594127150037505,42.989041861685806],[-0.593243375743087,42.98974030969185],[-0.59222253878963,42.99012733628831],[-0.591496331270776,42.990282142458305],[-0.590516948325662,42.99030946036095],[-0.589491989008082,42.989997089825316],[-0.588901912535422,42.990567757166936],[-0.588388150002658,42.99124210519345],[-0.587477402216256,42.99180366316213],[-0.587298830710062,42.991672782050045],[-0.586901360769891,42.99198763576514],[-0.586714334313508,42.99189844813336],[-0.585832818950654,42.99261566278805],[-0.585416817796362,42.992571922167684],[-0.584745594828882,42.992288217883754],[-0.584288041303953,42.99224675900032],[-0.584011948028491,42.99230367900324],[-0.581699777725466,42.99197922819205],[-0.580614854425081,42.9923232636099],[-0.578401333731634,42.99238437026067],[-0.577352680206613,42.992223917408694],[-0.576724782907636,42.99192611903822],[-0.57564250240707,42.99110147560779],[-0.575458871113958,42.99110668363319],[-0.57423001601161,42.99221886265479],[-0.573256794925646,42.9926050213884],[-0.572348359990812,42.992808965790445],[-0.571737423481176,42.992825666323014],[-0.570850231046464,42.993434009216415],[-0.570480183837786,42.993399487560424],[-0.570102734126727,42.99318515846662],[-0.569519853821806,42.992562630428736],[-0.569151036841875,42.99252806358525],[-0.56866834454903,42.99267552735799],[-0.567946988222682,42.99318921394504],[-0.567956832263302,42.99336893901323],[-0.56828778962215,42.993863899231535],[-0.567489824694928,42.99383096735831],[-0.566624200053318,42.99367513855336],[-0.566117245151639,42.99332915367818],[-0.56584591746095,42.99244779973702],[-0.565530725390632,42.99242764631073],[-0.565613850282656,42.992084591876825],[-0.565546682407355,42.99169070690327],[-0.565029843789998,42.990765281386516],[-0.565040036975013,42.990432749050846],[-0.564845358175652,42.989939564100304],[-0.564755615845883,42.989099001896555],[-0.563509627808862,42.98744334039882],[-0.563390380841075,42.986581251550504],[-0.562696390711582,42.984887479515976],[-0.56234395065869,42.98426088462203],[-0.562006987536614,42.98322776424094],[-0.561620776314573,42.983048810543565],[-0.560909973293463,42.982975136387154],[-0.558383930195574,42.983472012248086],[-0.556101729583735,42.983367498166494],[-0.55509523596169,42.98311091639819],[-0.55058667343334,42.98031076405508],[-0.550325200627609,42.979885486505715],[-0.549223566766175,42.980416104579305],[-0.548628169141806,42.98050418374373],[-0.548169233432145,42.98037799876026],[-0.547535137948082,42.98003433474093],[-0.546881308178357,42.97984886022222],[-0.546562960096634,42.97967571769458],[-0.545304154113662,42.97860005751188],[-0.543948144899361,42.97870059671188],[-0.54329336026737,42.97885992296722],[-0.543094821820993,42.97884126201054],[-0.542881979821091,42.978688937232384],[-0.542498533165195,42.9779921926791],[-0.541955426640992,42.9776518007488],[-0.541718243512921,42.977341835258855],[-0.54158505735124,42.97696812663899],[-0.540914245008151,42.97652391089008],[-0.540453051901887,42.976359959652],[-0.540184170971992,42.97613295690222],[-0.539649625252545,42.97597231907348],[-0.539248741558361,42.975992724311645],[-0.538820417814256,42.97590510374451],[-0.538150061242511,42.975487864153344],[-0.537083437922527,42.975367236547],[-0.5364465078436,42.97541700589761],[-0.535299680118522,42.97518737180797],[-0.534072982949742,42.97479381040789],[-0.533302363445294,42.97448066517102],[-0.533031108637224,42.97427442937145],[-0.532746760505439,42.9742756754241],[-0.532153480897198,42.97445811825967],[-0.53143975053929,42.97445456839765],[-0.531385892901786,42.97459677345424],[-0.531046132528445,42.97473486970439],[-0.530847432771798,42.97507538214896],[-0.530180330810359,42.97549519815239],[-0.529835961220835,42.97561813799228],[-0.529632850261704,42.976248665788845],[-0.529362779785505,42.976424077493085],[-0.528795679324002,42.97653362323314],[-0.526720526058044,42.976642253301335],[-0.52602171213981,42.9766021681074],[-0.525721659610715,42.97650668623865],[-0.525499528740657,42.97630152067342],[-0.524969071615132,42.976046153523775],[-0.523268235620651,42.975677023661596],[-0.522562411002497,42.975702862539336],[-0.522001760569332,42.975858072088705],[-0.521434614794147,42.97614852474948],[-0.52110636305277,42.97611336901768],[-0.520966353417275,42.97574616483828],[-0.520879270170917,42.97451481525262],[-0.520618734148946,42.974262287175506],[-0.51925795397224,42.974020589586836],[-0.519062999379881,42.97385863296293],[-0.518987591149764,42.973666655068996],[-0.518574635314427,42.97336690105742],[-0.514480583730568,42.97151679782475],[-0.514120057028291,42.97143406588544],[-0.513980125905398,42.971491754492334],[-0.51202636203063,42.9735802082755],[-0.509983960014854,42.97248746235353],[-0.50959847415108,42.97239742852059],[-0.509043065272969,42.97245697623645],[-0.507840994965182,42.97228377220011],[-0.50752701959369,42.972159889343835],[-0.506786973626806,42.972105723739936],[-0.505960206930967,42.97159077397975],[-0.50506523325418,42.97126528697839],[-0.503982649939324,42.973351271498466],[-0.50275679217287,42.97489368747932],[-0.501995908074286,42.974616914683025],[-0.499613066522831,42.973466653619624],[-0.499228551271617,42.9731082891543],[-0.49900056049864,42.97221550508536],[-0.498601284598588,42.971551549462646],[-0.497944483688319,42.96940343588898],[-0.497507720506014,42.96923491123717],[-0.49646173911335,42.96912761928148],[-0.494536632448917,42.96854929848485],[-0.493610356628232,42.96839397651234],[-0.493040862220347,42.967995697582566]]]]}},{"type":"Feature","properties":{"fid":798,"ID":"COMMUNE_0000000009762638","NOM":"Lescun","NOM_M":"LESCUN","INSEE_COM":"64336","STATUT":"Commune simple","POPULATION":167,"INSEE_CAN":"14","INSEE_ARR":"2","INSEE_DEP":"64","INSEE_REG":"75","SIREN_EPCI":"200067262"},"geometry":{"type":"MultiPolygon","coordinates":[[[[-0.662706852465631,42.87073663635267],[-0.662703941832904,42.87084566130866],[-0.66322725519831,42.8713418135928],[-0.663332133873401,42.87164610479986],[-0.663900488919862,42.872021888368664],[-0.664038801998725,42.87204147016969],[-0.664197055539033,42.87231873192908],[-0.66468065103878,42.87261188668354],[-0.665753745737864,42.87349884440075],[-0.666021464365688,42.87432689672195],[-0.666058561566267,42.8751079170332],[-0.666738916387459,42.875783234506514],[-0.666763618347131,42.87594172876706],[-0.666579460241335,42.8762621987457],[-0.667062196374684,42.876463552443965],[-0.667275023964358,42.87648058358704],[-0.668450484144158,42.87633237077329],[-0.668863185164328,42.87647129555459],[-0.6689242478663,42.87674017339521],[-0.669216665734262,42.87666085607464],[-0.669672942862577,42.87671456714741],[-0.669928661451096,42.87694527861565],[-0.670518157167054,42.87716997214938],[-0.670906273498137,42.87746186800893],[-0.671268659874091,42.87777264756273],[-0.671513091824619,42.87828911244223],[-0.671866567979536,42.878613698749206],[-0.672412973451305,42.87893078029298],[-0.672622869298385,42.87921076680263],[-0.673044586131906,42.87953031328796],[-0.673188205972052,42.879594713677875],[-0.673303554132442,42.87950254261001],[-0.674523716533827,42.87940224633788],[-0.675593654666835,42.88004166655341],[-0.67587635932531,42.880465890199424],[-0.675972881776662,42.88102342433715],[-0.676206093268706,42.8812846018551],[-0.676082754357576,42.88210083277301],[-0.676193823101236,42.88236619544083],[-0.677641277505654,42.883668736610566],[-0.67809405183191,42.88382065951853],[-0.678698211342443,42.88454533864365],[-0.678951016610675,42.884400736144606],[-0.678931100952638,42.884202467960684],[-0.67910215753334,42.88412008319867],[-0.679408827116703,42.883666653939],[-0.679714999187521,42.88349501304979],[-0.680024629701865,42.88312700236083],[-0.680730133635159,42.88292095623681],[-0.681080117647831,42.88268749288277],[-0.681472863896393,42.882665015588636],[-0.682213934288006,42.882923158691675],[-0.682828981197982,42.88349080136759],[-0.682954288975569,42.88338207331782],[-0.683299859636409,42.88350344549115],[-0.683724345435251,42.88349877543108],[-0.684617312931135,42.883237654621084],[-0.684884087104284,42.88325550012214],[-0.685301234925982,42.883116040761685],[-0.685644539602581,42.883143859011284],[-0.686170350392106,42.88303847335982],[-0.686338561722344,42.88298858285019],[-0.686402800043484,42.88282433373701],[-0.687256543344876,42.88227376248377],[-0.687590642369028,42.88221456802436],[-0.687835675089975,42.88202519924272],[-0.688956578718879,42.881730099758116],[-0.689362016421909,42.881291248742905],[-0.689581305108627,42.881274705739315],[-0.68992166998919,42.88112166397026],[-0.692275643448329,42.880910147933285],[-0.69302887860546,42.88076269216341],[-0.69339911221769,42.88046367299651],[-0.693701094532969,42.880400163215555],[-0.693929878158167,42.880205937878074],[-0.694170273092889,42.88013644499039],[-0.694151798186495,42.87990392009593],[-0.694642878399697,42.879657450314916],[-0.695047828508025,42.879077256511145],[-0.69619108124319,42.87878851123147],[-0.699194293547109,42.878797534908166],[-0.698755377949633,42.879017021236756],[-0.698732973258782,42.879145627322245],[-0.698951470013922,42.87938565983348],[-0.699270102788543,42.87946829875689],[-0.699106361445291,42.8797800252172],[-0.699069053579224,42.88009729508057],[-0.699576272227093,42.880622650365005],[-0.699531042003134,42.88066202000163],[-0.700324255400147,42.88112259597385],[-0.700278283871288,42.88126551908975],[-0.700694524928383,42.88176520022746],[-0.701212271600583,42.881898581616795],[-0.70144248503848,42.88207248857877],[-0.701590144996818,42.88202688361975],[-0.701804306141154,42.88214102750508],[-0.70193982180489,42.882327203117775],[-0.702228182151615,42.882337959075464],[-0.702395690561692,42.882584246741075],[-0.702816952794333,42.882720950198724],[-0.703304614380375,42.88332258640422],[-0.703867249009229,42.88343009997928],[-0.703946160515827,42.883764967297935],[-0.704243072584962,42.88390955926766],[-0.704336140342871,42.88415931485047],[-0.704738196602236,42.884455117652635],[-0.70516053141335,42.884454938518644],[-0.705408684313864,42.88475605349391],[-0.706730908967084,42.884738291612756],[-0.707783339929102,42.8844066482266],[-0.708055324931755,42.88446746837634],[-0.708941771854086,42.88423967626922],[-0.70934542257192,42.884253630178286],[-0.709776714946972,42.8843935617589],[-0.711451999699938,42.885321398496465],[-0.711996911667114,42.885897613698425],[-0.71238922346272,42.88577241012286],[-0.712835495006986,42.885820886720566],[-0.713390914778016,42.886063639331894],[-0.715307727092461,42.8866319637316],[-0.71713077649322,42.886576927288885],[-0.717553863244837,42.88643533412241],[-0.718052855525359,42.886465758245684],[-0.718355679745113,42.88740863380769],[-0.718822942930824,42.887669719173566],[-0.719699950178824,42.88765732600524],[-0.720310174932115,42.8880475874732],[-0.720446546112147,42.888284127932415],[-0.721103741827245,42.88883390293934],[-0.722631979761082,42.88948759859129],[-0.723359372372945,42.889623507902584],[-0.723625748482942,42.889596259536425],[-0.723788430798914,42.89003264150278],[-0.7244912941433,42.890873398297884],[-0.724487584448167,42.89115890968863],[-0.72538411407589,42.89181198778764],[-0.725791273563821,42.89243253688985],[-0.726361568587136,42.892599989627485],[-0.726529186076161,42.89255995901118],[-0.72679483212265,42.892616452955764],[-0.727128187904114,42.89279303042663],[-0.72757103288554,42.89318726875057],[-0.727946671468318,42.89327865064758],[-0.728279810050625,42.894137633278234],[-0.728984116694483,42.89547526468507],[-0.728972780214499,42.89617516602176],[-0.729053677972939,42.89634790715441],[-0.729841823049045,42.89641774684405],[-0.730135460766406,42.89637603163707],[-0.73033913820021,42.89624921638648],[-0.731450573298388,42.896053030260035],[-0.731744199699648,42.89603021659789],[-0.731972158370181,42.89610961558994],[-0.732430552203322,42.89701104838495],[-0.732337908396479,42.89734106835659],[-0.733016622296828,42.898145710953685],[-0.732954379407544,42.898681736786074],[-0.73181747950778,42.899662959088104],[-0.731775432387274,42.90055118894925],[-0.732006711111267,42.900662883173815],[-0.731860686307847,42.901305353819616],[-0.73170187183365,42.90152063946039],[-0.732033023126968,42.901566742430305],[-0.731983728792191,42.90186644697642],[-0.732133173922174,42.90192426950594],[-0.732121558844271,42.90214343989227],[-0.732315775382784,42.90213578591711],[-0.732402809855204,42.90242264747827],[-0.732411652949188,42.90256008189846],[-0.732183090982373,42.9026049412814],[-0.732529193498137,42.90280717083358],[-0.732581256689341,42.9029692102097],[-0.732337099794947,42.90328559489377],[-0.732029154523643,42.90350516682725],[-0.732318295701443,42.9037165802014],[-0.732733568988122,42.90354729129521],[-0.732713600071575,42.90371273613996],[-0.732390727672615,42.90400485031955],[-0.732417502875123,42.904116453644576],[-0.732952724827397,42.90457408602291],[-0.732737368766084,42.904881367739385],[-0.732790341375791,42.90496235089807],[-0.733010046030248,42.90497001452528],[-0.733002543601833,42.90510081555149],[-0.732867878087803,42.90515861540847],[-0.732995041139607,42.90523161659242],[-0.733975225459559,42.90525784028551],[-0.734178611594433,42.90533539062369],[-0.734271807152733,42.905527508476666],[-0.734301649647743,42.90583886658278],[-0.734213806788987,42.90593915273085],[-0.733847914060747,42.90598159087371],[-0.733482663924609,42.906300390644496],[-0.73365166549767,42.906661825470614],[-0.733344238681145,42.90700382118606],[-0.734298588645469,42.90710386416415],[-0.734332426469959,42.9071729086728],[-0.734098155369716,42.90733860773162],[-0.734229104058217,42.90756542384969],[-0.734017943166281,42.90755746513269],[-0.733321006328762,42.90774645877038],[-0.733275249692567,42.90779666528774],[-0.733545640072527,42.90796371527025],[-0.733417278515492,42.90810052104431],[-0.733713463279232,42.908230662356736],[-0.733756005410709,42.908358822789104],[-0.733380359033199,42.90859245741614],[-0.733096248546503,42.90866895943545],[-0.733088822067434,42.90889608816339],[-0.733228447775893,42.90910549871035],[-0.733463946247371,42.90909190624176],[-0.733575224970443,42.909184365685185],[-0.733475387072327,42.90928866964709],[-0.733593527905622,42.90939259406939],[-0.733578644083618,42.90950384625143],[-0.73334825093398,42.909691915740865],[-0.733505418775785,42.91026893090671],[-0.733455585230882,42.91046512487742],[-0.733617027556187,42.91084212921097],[-0.733521427139382,42.91110743628557],[-0.73417545701187,42.91150691870622],[-0.734502178026987,42.911426230810065],[-0.735068114793619,42.911522676787285],[-0.734714212390134,42.91161871664094],[-0.73442739337302,42.912185970288924],[-0.735503936233289,42.9123942904778],[-0.735655036528467,42.91293370408471],[-0.735885858268029,42.913018400531065],[-0.736401503335641,42.91303736542418],[-0.736520017796687,42.91310886416134],[-0.736490068552662,42.9132143396759],[-0.736163666802031,42.91335714203362],[-0.736048187081614,42.91357993041433],[-0.735536427923794,42.913583335545844],[-0.735263157449532,42.91371438303016],[-0.735216465315848,42.913921272630596],[-0.734910969272279,42.91416057435952],[-0.73458359715571,42.91423138269839],[-0.73373128217934,42.914652654445646],[-0.732997824494627,42.91471327346725],[-0.73255948307066,42.914886965540276],[-0.732438026173674,42.915302618426324],[-0.732490521155162,42.91543313505271],[-0.73207333039053,42.91620207808401],[-0.731252788276126,42.916394452656505],[-0.730137218128502,42.91725608061049],[-0.728314632795846,42.917390515188515],[-0.727906503095597,42.91736777671559],[-0.727684230916801,42.91728276573465],[-0.727046044997361,42.917263510650606],[-0.726942246064349,42.91732563260882],[-0.726775156809113,42.91777527277731],[-0.726640943596167,42.91900341742914],[-0.727203522975067,42.919294485632676],[-0.726813441122184,42.919457474854525],[-0.725583085328539,42.919583004261256],[-0.725010612056409,42.92003410488634],[-0.72477670649734,42.92054998069417],[-0.725274095194706,42.921599560919915],[-0.725212478460834,42.9216701205967],[-0.724737766350771,42.921698294637004],[-0.724613110088483,42.921779143538785],[-0.724069084186035,42.922406608358294],[-0.724317450534502,42.92268788512553],[-0.72539096286911,42.92298014588184],[-0.725476943755824,42.92305998882055],[-0.725838085123042,42.924047676171305],[-0.72630730503135,42.92463908681604],[-0.727143721891687,42.92484412988643],[-0.72780439744787,42.9248689086037],[-0.727978585361189,42.925024912800936],[-0.727981666263077,42.92526338263393],[-0.727566800148474,42.9257846497952],[-0.727571005621601,42.925983467927594],[-0.728124637997173,42.92615330697473],[-0.728241273512826,42.92629060272442],[-0.728599697500157,42.92643480713273],[-0.728952085264438,42.926427971100274],[-0.729432534734103,42.92616460422436],[-0.729854359306229,42.926284995307014],[-0.73045623050796,42.926633205432374],[-0.73047982719306,42.926961892646766],[-0.731583452977068,42.92772030260415],[-0.731526121859127,42.92810491998032],[-0.732256917870013,42.928133537898354],[-0.732517522705212,42.92839456747101],[-0.73232152788234,42.9288137155302],[-0.732606526596614,42.92907299693682],[-0.732390650788874,42.92969720355453],[-0.732656459855221,42.9300579853971],[-0.73246611812658,42.930450829063204],[-0.731870405992468,42.930675001488574],[-0.732067898843744,42.93098324131108],[-0.731812288769284,42.931256812277255],[-0.731759663798345,42.93165747270008],[-0.731893161089966,42.9317518658689],[-0.731896795278449,42.93209385255081],[-0.732234869708505,42.932149624883856],[-0.732218110719973,42.932269946975886],[-0.732327069154355,42.93230667326051],[-0.733276152559056,42.932489752484415],[-0.733376614663896,42.93294631236682],[-0.733196211163315,42.93322717555224],[-0.732698291944442,42.93354338406405],[-0.732283176879895,42.93392783583348],[-0.732002567767037,42.93449847489499],[-0.731086684223792,42.93563136745733],[-0.730732816539048,42.936206349246454],[-0.730816841040811,42.93718835891059],[-0.730612976705794,42.93817136768958],[-0.730743851649594,42.93868179385742],[-0.730374036550389,42.93857129908196],[-0.729173451883545,42.937832435223804],[-0.728428882326715,42.937629611888255],[-0.727638012826262,42.937697580304636],[-0.725115878620022,42.93875921997417],[-0.723949308465069,42.93982691952134],[-0.723471216146341,42.93980478370705],[-0.719869040846979,42.94147272490737],[-0.718501652750739,42.94241137289072],[-0.714283968378208,42.942433979272366],[-0.71398393023302,42.94253258436709],[-0.712353435490422,42.945411385378826],[-0.709857387971902,42.94949405223867],[-0.709551127872419,42.949457814059535],[-0.707053843751381,42.9484870814632],[-0.70231942885875,42.946815577023834],[-0.701444752834303,42.94643699059664],[-0.698942767504599,42.94559948628414],[-0.697137942885878,42.9457579585956],[-0.69296320562744,42.94578454339021],[-0.685802154323089,42.94656529271165],[-0.687368633210204,42.94685903596477],[-0.688094010389373,42.95117171545662],[-0.688089192212606,42.95359996308188],[-0.688309968589106,42.95427660428314],[-0.688371999474563,42.95544395389665],[-0.687804800676302,42.95766374365801],[-0.687414478170245,42.95834876151706],[-0.684845099919329,42.962027297529126],[-0.684495585403304,42.96235258770708],[-0.684128524741088,42.962363374829266],[-0.679519607037075,42.96095661370323],[-0.677774392561203,42.960324048194224],[-0.674681877941755,42.95846994310341],[-0.673933928600071,42.95817592266546],[-0.672344184632995,42.95817626115444],[-0.671904211416432,42.95796442827583],[-0.671266922655184,42.95744333693877],[-0.6703938537687,42.9571085547967],[-0.669411201434913,42.95703679085233],[-0.66702251408223,42.95719487947275],[-0.6649284122625,42.95689452493732],[-0.664306184678909,42.95668797976738],[-0.664049140985984,42.9564608737042],[-0.663572007633617,42.95548593846295],[-0.663476830169574,42.95481397498564],[-0.663144349064497,42.95428514607457],[-0.662385215982187,42.95381227633869],[-0.661446027581614,42.95337974973895],[-0.660410833870579,42.9519313753478],[-0.660632351667619,42.95144127926871],[-0.660201548021472,42.950538580272834],[-0.659234629572289,42.94956861978689],[-0.658036959290345,42.9488837947988],[-0.65548058518445,42.9479130070244],[-0.653495960403954,42.94734044001237],[-0.652435167311582,42.94692008162847],[-0.65111156970223,42.94614043854621],[-0.650308797089202,42.94598316972089],[-0.649638783310687,42.94604645024045],[-0.648297887315193,42.94635398119423],[-0.647021546418282,42.94648015063845],[-0.646307656667293,42.94685909180718],[-0.645748794561734,42.94746233339524],[-0.644786161689455,42.94731585047651],[-0.644356918469828,42.947369126517124],[-0.643002458169394,42.9477931838599],[-0.642235092795332,42.94780930442617],[-0.641548324725767,42.94770385251244],[-0.640860338249134,42.94748140364949],[-0.640331407646267,42.94715723215889],[-0.638760947546034,42.94681523229456],[-0.636490662053223,42.9466472491196],[-0.635495580419632,42.946803369262454],[-0.633780193194893,42.946807400587936],[-0.633489649201919,42.94702068759446],[-0.632469125900008,42.947357691230614],[-0.631687293501489,42.94749486017764],[-0.631336776008749,42.94772907423822],[-0.630938314616293,42.947784856552474],[-0.630461204178318,42.948071960722196],[-0.630089027351835,42.94819527085459],[-0.629370175182577,42.948203357944855],[-0.62724957714194,42.94790138418711],[-0.626914263742599,42.94804594461269],[-0.626433272437246,42.94862394342387],[-0.62625890033984,42.948716254747815],[-0.625388337415724,42.948885180529714],[-0.6249283805502,42.9491923860722],[-0.624184229899072,42.949384043317906],[-0.623291669388499,42.94951498296662],[-0.622842356294499,42.94944371375502],[-0.622444485146603,42.949587668890715],[-0.621787980403962,42.949495474513604],[-0.621510895877422,42.949630852145866],[-0.621315805701787,42.94986249259013],[-0.620940422521568,42.949974175006346],[-0.620447880063758,42.94993676204913],[-0.619555314084354,42.94969496607627],[-0.61882858723086,42.949773466959776],[-0.618569599895323,42.9500810753507],[-0.618255298950734,42.95028791763799],[-0.618020818775897,42.95069372684592],[-0.617240340069439,42.950912665729675],[-0.617255265716376,42.9513874959954],[-0.616884259062253,42.95182490760255],[-0.616443378858709,42.952065714609176],[-0.615830910071608,42.952247477499114],[-0.615235805329155,42.95258979746654],[-0.614905127767678,42.95186632078804],[-0.614857985324012,42.951405178311255],[-0.614965082253488,42.95066606968175],[-0.615326843003991,42.94972663721814],[-0.615288970811674,42.94935520864524],[-0.614516073302802,42.94867362395471],[-0.612439817453181,42.94719414586473],[-0.611164892061725,42.94602618676397],[-0.610826188665235,42.94584132035611],[-0.610029276309434,42.945598934669945],[-0.609596277701705,42.94519847483771],[-0.609812474879666,42.94499045484623],[-0.61049644862538,42.944600166195784],[-0.611596052970068,42.94417429220697],[-0.612004281893789,42.94384277865034],[-0.613050517758352,42.942718294840226],[-0.613217263296437,42.94222835483925],[-0.613448220457039,42.94213956296919],[-0.61371312620163,42.941907390016844],[-0.614315411426145,42.941681868199865],[-0.614593349852001,42.941285410258786],[-0.614865921349614,42.941176309582914],[-0.615340828266648,42.94077502044326],[-0.616714636267963,42.94050370534875],[-0.617521677444163,42.94022175615358],[-0.617370650918049,42.93998107672188],[-0.618029884080542,42.939470938907],[-0.618776192920888,42.938550052950625],[-0.618775823794983,42.937680431458865],[-0.618247210758259,42.93284234972385],[-0.618270275123274,42.931209442782446],[-0.618129313888875,42.93114937534389],[-0.617919068860125,42.93080356651063],[-0.618765379269204,42.9291312190641],[-0.619233926154932,42.92851227024435],[-0.619633567340357,42.92830074777613],[-0.619897386493579,42.92797407142595],[-0.620629886405033,42.92740383268838],[-0.622091405001923,42.926639755152664],[-0.623482559313488,42.92625973119029],[-0.624177972198269,42.92556738655502],[-0.624362618891371,42.925483733784],[-0.624309090597429,42.92562687751978],[-0.624481184436503,42.92563637247981],[-0.625061070001958,42.9254673572814],[-0.625041068258751,42.925049423177654],[-0.625447473588149,42.924633296491436],[-0.627173106958003,42.923687383659576],[-0.62758450414079,42.92313604467486],[-0.628464422411151,42.92122392147451],[-0.628873643297406,42.92085359826782],[-0.629585681839244,42.92042892526799],[-0.62987602544953,42.91988166989042],[-0.629814635051504,42.91749182764836],[-0.629956092257725,42.91667953738525],[-0.630485290289786,42.91603508212065],[-0.632210529642336,42.915088197251585],[-0.632442237701227,42.91485710016967],[-0.632405839279921,42.914139047545],[-0.631977289220814,42.91292833474921],[-0.631969452804285,42.911355900816005],[-0.632138394413686,42.91108101667524],[-0.632845941024106,42.91056735032835],[-0.632944962363132,42.91011478565962],[-0.63278353996872,42.9093559559515],[-0.632988795687653,42.90858561742039],[-0.634060573913835,42.9066147526855],[-0.635083892385043,42.90510283333016],[-0.637158801522052,42.903606587861255],[-0.637743962321061,42.90309613501631],[-0.638358734686622,42.90173036271125],[-0.638676144223462,42.90077796901636],[-0.638582376490442,42.90014198987539],[-0.638233104395746,42.89929771923628],[-0.640670162528913,42.89653331826046],[-0.641736006808464,42.89443655227533],[-0.641658401797281,42.89294662302272],[-0.642222925736342,42.8920317478939],[-0.642467479280601,42.89085676577594],[-0.642875301872468,42.8902154711783],[-0.643016509911696,42.88940318343303],[-0.643460357558351,42.888536510172],[-0.644805261703552,42.88710540567585],[-0.644832498650486,42.88646712839759],[-0.646373278090872,42.885524468371614],[-0.648886580660122,42.88424084428408],[-0.648962130407657,42.883339860880334],[-0.65017562285212,42.88200317748688],[-0.65068822189973,42.88104501444849],[-0.650789879535007,42.88063735976043],[-0.651386376788485,42.8803514986334],[-0.653133952735846,42.878459176696055],[-0.654501126726364,42.87653387320757],[-0.654968049426543,42.876115572665945],[-0.655928734961933,42.87554991452826],[-0.657320096357773,42.87410806394736],[-0.658807108302262,42.873077929954405],[-0.660352372954805,42.872234831296055],[-0.662706852465631,42.87073663635267]]]]}},{"type":"Feature","properties":{"fid":800,"ID":"COMMUNE_0000000009762480","NOM":"Arette","NOM_M":"ARETTE","INSEE_COM":"64040","STATUT":"Commune simple","POPULATION":1052,"INSEE_CAN":"14","INSEE_ARR":"2","INSEE_DEP":"64","INSEE_REG":"75","SIREN_EPCI":"200067262"},"geometry":{"type":"MultiPolygon","coordinates":[[[[-0.676475705517414,43.05971257278002],[-0.677039027195981,43.05951505235629],[-0.677132757162565,43.059405606152424],[-0.676674422110147,43.05874329134916],[-0.676353513585757,43.05856247771195],[-0.676284109152187,43.058339757434744],[-0.676442136977652,43.0581407797104],[-0.676415807370454,43.057861665589016],[-0.67597097081166,43.05748880564185],[-0.675865803219663,43.05718627431328],[-0.67612069238878,43.056888549572584],[-0.676735518652413,43.05659383203129],[-0.677088148295491,43.056230639912954],[-0.677114937384895,43.056053252985365],[-0.676997788315054,43.055890688925],[-0.676376913556871,43.05551034179241],[-0.676144536556849,43.055234666696315],[-0.676281949331216,43.05496256398547],[-0.676999021592669,43.054538300372364],[-0.67716231048512,43.05436435217285],[-0.677237262566107,43.054075475173114],[-0.676949315274877,43.053910645253545],[-0.676470667930696,43.05387478012359],[-0.676261190844587,43.0537468831659],[-0.676188922233454,43.05332438144167],[-0.676535445612251,43.05251752190972],[-0.676631026232164,43.05123934460968],[-0.676588448500532,43.05111024728967],[-0.676096791660942,43.05067596645433],[-0.675943719309309,43.05039218094571],[-0.676581006665842,43.04879027502032],[-0.677070040478375,43.048372002264834],[-0.677321673063723,43.04790782035419],[-0.677761077949813,43.04777125212532],[-0.678036808015483,43.047551142221664],[-0.67795693549419,43.04718292516867],[-0.677800401247208,43.04699920122246],[-0.677416318862637,43.04686647248594],[-0.677371563424732,43.04662580611445],[-0.677521608995733,43.046437004334564],[-0.677727901688744,43.04636062494434],[-0.678659441828317,43.04628015706435],[-0.679012826219797,43.046123115394415],[-0.679000658306542,43.04554550185703],[-0.678839420671287,43.04495948093527],[-0.678941537837249,43.044364454498634],[-0.67916666082588,43.043812040032726],[-0.679525620033959,43.04335678788815],[-0.680380392089307,43.04276482584092],[-0.68039904005752,43.04207361494271],[-0.680492821731903,43.041811104048776],[-0.680810817958083,43.041619252487905],[-0.682280744738534,43.041378071672966],[-0.682694570392454,43.04112981303253],[-0.682692487047977,43.040981325612485],[-0.683035485361899,43.04043026965446],[-0.683066340076552,43.03969992534803],[-0.68321610937248,43.039333755010084],[-0.683683015165548,43.03910978518405],[-0.683812837766458,43.03897028616202],[-0.683854586900206,43.03870055066226],[-0.684014655041983,43.038669858891176],[-0.683968486234497,43.03856159676589],[-0.684090010112063,43.03838816813853],[-0.684697393087724,43.03798021186959],[-0.684934386714024,43.03771189101736],[-0.684877520437741,43.036876509564586],[-0.68500875574843,43.036393025548186],[-0.684892196232496,43.036239456729575],[-0.684925452476168,43.03608705808002],[-0.685246827574231,43.03581404521342],[-0.685861337083554,43.03555709728016],[-0.686174917293647,43.035547251853394],[-0.68653403909081,43.0356357839578],[-0.686702212466674,43.035597607310294],[-0.686811371752122,43.03546151385399],[-0.686675661671031,43.035180753161306],[-0.686905847122506,43.034979287412504],[-0.68693883418157,43.034803488134166],[-0.687445725105766,43.03445658279541],[-0.687563234616739,43.03416264047053],[-0.687937235130621,43.03384909984559],[-0.688602228284768,43.0343656091894],[-0.688951023686651,43.03633352803139],[-0.689150773660055,43.03686779141395],[-0.692141325797189,43.03872436442881],[-0.692538407198079,43.03952285907553],[-0.693554583497096,43.040212762974086],[-0.694887709656868,43.04225222086034],[-0.696102897420173,43.0443848572721],[-0.697438663932457,43.0452906437299],[-0.697633131425605,43.04550995211466],[-0.702458586121837,43.04867266187994],[-0.702762068019901,43.04861899963557],[-0.707988973049248,43.045009456171144],[-0.712805958365042,43.0408177499847],[-0.71291086956547,43.037937444052496],[-0.713132012638413,43.03748142649727],[-0.713543170590637,43.037155704894744],[-0.713592445528512,43.036928911383015],[-0.712708621660774,43.03528203478568],[-0.712320074271591,43.03488847944766],[-0.712596484647148,43.03376338475722],[-0.711723840591196,43.032308799314364],[-0.711598255854559,43.03220689003516],[-0.711391441917315,43.032178012009645],[-0.710750100635226,43.030597493136405],[-0.709688568328369,43.02864521298636],[-0.714024916993127,43.025936725267236],[-0.714539237589612,43.019856844639776],[-0.71630572816497,43.01856862427371],[-0.719749223377629,43.015538707616145],[-0.72160003101043,43.014096219797985],[-0.723600278593654,43.012136221110715],[-0.724108622260715,43.011780081548416],[-0.72470482561425,43.01149292434094],[-0.725704038179629,43.01070020531845],[-0.726386589649243,43.009467374072436],[-0.727914523905924,43.00768392420749],[-0.727722941044881,43.00731872064782],[-0.72783755038305,43.0070599465913],[-0.728531139387046,43.006781094853544],[-0.72894063235689,43.006377039377966],[-0.729461612993548,43.00562788077402],[-0.730461624276747,43.005269058663295],[-0.73071025492324,43.00505334968113],[-0.731075777663457,43.00425285520817],[-0.731404128118303,43.00300887553883],[-0.731567372763974,43.002896067345276],[-0.731747562919088,43.002551280023724],[-0.73229424672907,43.00123129258185],[-0.734602215439089,42.99973758515689],[-0.735241273973414,42.99909053750941],[-0.735687479366553,42.998268317061424],[-0.735889042242899,42.99722860945269],[-0.736027445383097,42.994068974322694],[-0.73631189549031,42.99113926070362],[-0.736209500315599,42.99036942296375],[-0.728635706852478,42.98013089067187],[-0.728381776079919,42.97995783351258],[-0.726766212096339,42.9795096857928],[-0.726630198387495,42.979244303009835],[-0.726180180655024,42.97884395476977],[-0.724621286079389,42.978303778937544],[-0.724430269991945,42.97817444958432],[-0.724338901295728,42.97759240208597],[-0.724610295140616,42.9757868401759],[-0.724107490435244,42.972618911882456],[-0.72388236049846,42.97228279016033],[-0.723553371255296,42.97094100411883],[-0.723379871595085,42.96969106587046],[-0.722170572075864,42.96645849916666],[-0.722304975637954,42.96486748113296],[-0.722249019512746,42.9646452405826],[-0.721989463465891,42.96438323711526],[-0.722069983335633,42.96386186475828],[-0.722248654713209,42.96351355411196],[-0.722137343774676,42.96256307492966],[-0.720460218416353,42.95662238124775],[-0.720575149537337,42.95648425442683],[-0.723633222828696,42.95529972196306],[-0.740583459353629,42.9488416486266],[-0.740878070156775,42.9491528009419],[-0.74070539148414,42.94924974676418],[-0.740628483228963,42.94940637918098],[-0.740723863409572,42.94961193077694],[-0.741480786150155,42.95007894074064],[-0.741751936677442,42.950406213967845],[-0.742191233611651,42.95039541151034],[-0.743417854362081,42.9506956907186],[-0.743700475445819,42.95108648256817],[-0.743601208475734,42.951257401615784],[-0.743661558127247,42.95141375442523],[-0.743843620633663,42.95153795517873],[-0.743772189595734,42.95170340263733],[-0.744440929549146,42.95196189264222],[-0.744779186799181,42.95230302609838],[-0.744819005026796,42.95263475652599],[-0.744708808294084,42.953262520608696],[-0.745036528737062,42.95363013061456],[-0.744627835829434,42.954456468805525],[-0.743970731664923,42.954625225586064],[-0.743744910710356,42.954810459454144],[-0.743819136309541,42.95491591117502],[-0.744617758722521,42.95526801051381],[-0.744743547179973,42.95581102186136],[-0.744673295329284,42.95616549723219],[-0.745164305336121,42.95636625809047],[-0.745271598528187,42.956547083779576],[-0.745151127130934,42.957281446884494],[-0.74563053291962,42.957321452602564],[-0.746223007594622,42.95751777107726],[-0.746562801462694,42.95765447456219],[-0.746802005832392,42.95786581123574],[-0.747071883305746,42.95885485999823],[-0.746940801267613,42.959424837428955],[-0.746856048939973,42.9594980189707],[-0.746274218724257,42.95956152611701],[-0.746134736444394,42.95984999311216],[-0.747501546115698,42.96040014015435],[-0.747773610784963,42.96062653531992],[-0.74783582200516,42.960925074804756],[-0.747690894651032,42.961413607329284],[-0.747967474787234,42.96148228722896],[-0.748155538715532,42.961850263158524],[-0.748588849600039,42.96193508125614],[-0.748846478171227,42.962184486380224],[-0.74958139442756,42.96255408425769],[-0.749707680554527,42.96333116428523],[-0.749937953357231,42.96351759867975],[-0.750363555126843,42.964392271067],[-0.750906562682491,42.9650161525658],[-0.751275071034213,42.96569024134598],[-0.751736974463045,42.96740905896738],[-0.751944497684499,42.967565673472095],[-0.752868462809922,42.967899841039504],[-0.754298226257116,42.96797953967335],[-0.755369642488477,42.96822390235466],[-0.756970027567397,42.9684578625861],[-0.757226905941733,42.9684110657151],[-0.757518964921372,42.96803711486938],[-0.7582340220953,42.96785274500225],[-0.758780502050864,42.96758333361497],[-0.759850399263472,42.96746396749314],[-0.7603901913947,42.96760173567483],[-0.760714998926307,42.96786497114888],[-0.761071954325713,42.968000132288005],[-0.761796915346138,42.96798735693133],[-0.762466376528793,42.968101667805605],[-0.762920008218001,42.96800745152122],[-0.76352061543553,42.96806204368748],[-0.765239124899014,42.96890577886445],[-0.765798159187691,42.96899963010984],[-0.76669106207199,42.9689674306223],[-0.767382757445975,42.96919707686542],[-0.768668220202752,42.96833898332497],[-0.769428821551949,42.96744166700559],[-0.770041231496041,42.966867367266765],[-0.770768485124344,42.96651321935314],[-0.770985631225582,42.966270607762944],[-0.77176925417271,42.96591627495716],[-0.772232059027289,42.96560561339056],[-0.774057880594831,42.96532900959778],[-0.774624611225092,42.96512722983577],[-0.77518518688514,42.96518856457297],[-0.775217023821494,42.96530088959439],[-0.775819871272454,42.96512664538108],[-0.776132590085789,42.9649400867576],[-0.776762299199417,42.964989979871525],[-0.77718768604248,42.964876887229245],[-0.777222617070397,42.96499900680404],[-0.777372621327227,42.965062159326536],[-0.777866730946105,42.96493134177877],[-0.778669851325703,42.9648580804763],[-0.779037094601511,42.96471821418501],[-0.77932193803455,42.964781122720396],[-0.780158797231889,42.9647552821793],[-0.780980089846061,42.96497937987399],[-0.781520989903366,42.964776671208135],[-0.782032419738417,42.964723554978],[-0.782366887240842,42.964776605486755],[-0.783825033716331,42.964465058592346],[-0.784448377730278,42.96683894069892],[-0.784714581428113,42.96723562308718],[-0.785643323330253,42.96743339354367],[-0.787400270103374,42.968016127850156],[-0.788026228087963,42.968270469782155],[-0.788537651682363,42.96859187200383],[-0.790194368189352,42.96878464112623],[-0.790701559562463,42.968909904920345],[-0.79118825637847,42.96924657356414],[-0.792592437687967,42.97050704110651],[-0.792747267548751,42.97098056787464],[-0.792548406925415,42.971763698825484],[-0.792352405541529,42.972178480751566],[-0.792004009870089,42.97249419867323],[-0.791967930786438,42.97265483602396],[-0.79209614663965,42.97294653028007],[-0.79284174089186,42.973622497400754],[-0.793283791183148,42.97421283761099],[-0.794128685505811,42.97599274159018],[-0.794242326448782,42.97660457943654],[-0.793973295696926,42.97715880025409],[-0.79381973135246,42.97790342327659],[-0.794282267789489,42.978393999353],[-0.795892620678936,42.979203282038775],[-0.795994299828747,42.97931403722794],[-0.796088320962131,42.9801687684287],[-0.795926249499721,42.98070841308715],[-0.795951858060932,42.98093080043094],[-0.796235515045953,42.981423187433286],[-0.796981631570932,42.98229179759942],[-0.797258989615344,42.983005897335346],[-0.797375797969161,42.98433882482012],[-0.797165904427182,42.98472890015034],[-0.797216265104787,42.985010738745714],[-0.797092318483423,42.98532754805044],[-0.79722687431949,42.98620156013104],[-0.797878449737998,42.98766595856008],[-0.798252015555642,42.98808853976728],[-0.797762375931438,42.98849570622488],[-0.796819470145317,42.988761317673706],[-0.796032445705338,42.989403175052765],[-0.794428289268953,42.990434028231],[-0.790426895993819,42.99139996086203],[-0.790377286167021,42.991466537438654],[-0.787354000311147,42.99201159393474],[-0.78706042809652,42.9921362856224],[-0.786726923887306,42.992119223779696],[-0.786985525229286,42.992547694839416],[-0.787011114416772,42.99278899412407],[-0.786849903174097,42.9931935401622],[-0.78695540729215,42.99336269514089],[-0.786632405984205,42.993731523768425],[-0.78512442333824,42.99479305811356],[-0.784855460525163,42.99523831093038],[-0.784354886573157,42.995273943269034],[-0.784180854161188,42.99585811146179],[-0.784060262261198,42.99594609178096],[-0.783669168789702,42.99594905451822],[-0.783673288570542,42.99629375344927],[-0.783471296889383,42.99654396486717],[-0.782834507154272,42.996954438656196],[-0.782690289198115,42.99713148566257],[-0.782315170780956,42.99730405208331],[-0.782306674486728,42.99773743198355],[-0.782011180859283,42.998096274569484],[-0.781342207061123,42.998258467201005],[-0.781124190919229,42.99841379784686],[-0.78079894904872,42.99844864750666],[-0.780471658209985,42.99875278066383],[-0.779971769591017,42.998836987748625],[-0.779735668217838,42.99895963748948],[-0.779036763667826,42.9990769485836],[-0.778797116907368,42.99891970405637],[-0.778593963550905,42.9989457531951],[-0.778151627454107,42.9988028348865],[-0.777525955775775,42.998519596634715],[-0.777166632464423,42.99825760906725],[-0.776798874153829,42.99820480351709],[-0.775679529778863,42.99734825469503],[-0.775415270799385,42.997264798087365],[-0.774980584480534,42.9972953707778],[-0.774338622003892,42.99758982581513],[-0.773924280415025,42.99765029242765],[-0.773348934992937,42.99757415056626],[-0.772280664893056,42.99768907663463],[-0.771768268070835,42.99763772841871],[-0.770702891718427,42.99768410901777],[-0.770017567619624,42.9978215934096],[-0.768248030786956,42.99799888691362],[-0.767627754380039,42.997910784102814],[-0.767065973659806,42.998061926537936],[-0.766156759553147,42.99801995520186],[-0.765770209961778,42.99811182954128],[-0.765495361341369,42.99807283787005],[-0.76536803317471,42.9981520285389],[-0.764289539345225,42.998279837637625],[-0.764000686362223,42.99859157527858],[-0.763550999709659,42.99856140155888],[-0.763373608179492,42.99866305096747],[-0.76318885741162,42.99861369610078],[-0.763078193938463,42.99870400531617],[-0.762302803620503,42.998909418874064],[-0.762078658910218,42.99889565476622],[-0.761895901479217,42.99899028650296],[-0.76170701541825,42.998971686247984],[-0.761165723142333,42.9991175783118],[-0.760626629465349,42.99903289705919],[-0.758835402216096,42.9991036490291],[-0.758330637137577,42.99892411814188],[-0.756880230939893,42.99891629426495],[-0.754466994177117,42.99875840943883],[-0.753767131111547,42.99850193807146],[-0.75284365529017,42.998277579072514],[-0.751598501852495,42.99850291484893],[-0.751623225896086,42.9989603354341],[-0.752279616517563,42.99979546980306],[-0.752826496730323,43.00011401506344],[-0.753954824007682,43.00096237679583],[-0.754531899649387,43.001594987411394],[-0.757166901556046,43.00255995617095],[-0.759220704207765,43.00473727740042],[-0.759367366612338,43.00518233363879],[-0.759198889841026,43.00602646920829],[-0.759202812745436,43.006559351311516],[-0.759442396541169,43.00716952859124],[-0.760192307567271,43.00789241251705],[-0.760700157639507,43.0085526301373],[-0.761143178297413,43.0088756732235],[-0.761407856160412,43.009475066420606],[-0.762123644289922,43.009974040257966],[-0.762384796635248,43.01140640308332],[-0.762894774845599,43.011796426791456],[-0.763675171661146,43.01262807207671],[-0.764115895148936,43.01283953924137],[-0.765859131187591,43.013382651929575],[-0.767535510726522,43.01378401948668],[-0.76876355594861,43.01383822349553],[-0.769320935907004,43.0139564437593],[-0.770316918313844,43.01402686863519],[-0.771204825066905,43.01458548116504],[-0.773005399290549,43.01502742971018],[-0.774575218672437,43.0168793515838],[-0.775242926872361,43.0167694735439],[-0.775421987297641,43.016674048311],[-0.776094384795989,43.01665493936367],[-0.777400551192807,43.01702143986096],[-0.778009974743047,43.016958611453845],[-0.777926008930555,43.01903786008216],[-0.777638226247941,43.01932889225346],[-0.77756722701481,43.01985811500636],[-0.776922152387622,43.02198949074389],[-0.77526154651856,43.02435640765812],[-0.774648915049421,43.024879431465514],[-0.774228512958594,43.02501934113051],[-0.773477194220498,43.02672854138396],[-0.773687006945641,43.02721729660801],[-0.774604113852256,43.02831420796229],[-0.775832380016092,43.030624730996216],[-0.776093905834111,43.03205618749169],[-0.776092244341146,43.033404144572756],[-0.776188962202182,43.034040033516334],[-0.777306737151627,43.035200119859184],[-0.777739766527372,43.03677592449747],[-0.777666194801043,43.037510537031885],[-0.778029309416006,43.037902065517535],[-0.778575730512193,43.03893904782315],[-0.778881301054147,43.039182227930205],[-0.779094286622806,43.03949258896479],[-0.779266890868429,43.04035001533898],[-0.779096436436768,43.04070986404462],[-0.779278071456475,43.040765610884],[-0.779192057715393,43.04110268414907],[-0.779397855123911,43.041810378113475],[-0.779297391162242,43.04233974653813],[-0.77933835409838,43.04300461031571],[-0.779220289410694,43.04311410609556],[-0.778681085274931,43.043278914096106],[-0.778195030060273,43.04365615007924],[-0.777670360679363,43.04487122047613],[-0.777607082234243,43.045218299660306],[-0.777999652171831,43.04694410823736],[-0.777185072040117,43.04736709177038],[-0.776831000871739,43.047660451095894],[-0.776369251235439,43.048486130830135],[-0.775302539682491,43.04929792329767],[-0.775439782062487,43.05038530778298],[-0.775259433671808,43.05080132442833],[-0.775313368714568,43.052042002920274],[-0.7744808802899,43.052380053666646],[-0.773380899924167,43.05305973215884],[-0.772625638471022,43.05324559078189],[-0.772395445827439,43.0538956571662],[-0.772512917162597,43.05405901540632],[-0.772471669825613,43.05715518963805],[-0.773352366055154,43.05870364099112],[-0.773726564697692,43.05996010876921],[-0.773980923239858,43.060132172310425],[-0.775477810915226,43.060583897285916],[-0.776930679060719,43.06139551555865],[-0.777240023709622,43.0614314792042],[-0.775843437969266,43.06895221721856],[-0.775346432576001,43.06995562175873],[-0.774422005386886,43.07124144230963],[-0.771405109254738,43.07213867966142],[-0.771056939237526,43.07273255582659],[-0.767538207438202,43.08071113021455],[-0.767292971370092,43.08071791259891],[-0.764952561337985,43.07825968691578],[-0.762214422906408,43.07865346918167],[-0.76241503340476,43.078961606767116],[-0.764797046672222,43.08106005975025],[-0.758388400578329,43.08463090598472],[-0.757987429441078,43.08488802063766],[-0.756927550093016,43.08600823245926],[-0.755775366864233,43.0864455261372],[-0.755449312557691,43.086816172596485],[-0.755331922398408,43.08716513236109],[-0.754670940070491,43.087542957267175],[-0.754261393518255,43.088122710451316],[-0.753435887957539,43.08878629853574],[-0.753648073550614,43.08955687250354],[-0.753262786678188,43.090113265383295],[-0.751979387809421,43.09121870826219],[-0.751164153163274,43.09179547885915],[-0.751174858879599,43.09268023012498],[-0.750530493116666,43.093959682364414],[-0.751059241111111,43.09519736645451],[-0.7507694867622,43.09754949110435],[-0.75038153179587,43.09924051690272],[-0.750162031223788,43.09962634538691],[-0.749282433758745,43.10067176889399],[-0.749745719173202,43.101392194214306],[-0.74974913884444,43.1020322865158],[-0.749581143882065,43.102663040743934],[-0.749524468345216,43.103418681554245],[-0.749283241695445,43.10369721263672],[-0.749362448601949,43.10471015065876],[-0.749018577971257,43.10535783375171],[-0.749177514172448,43.10572418225601],[-0.749173915193258,43.105990838019636],[-0.74854150785456,43.10723025008965],[-0.748526535046868,43.107397352954756],[-0.749451649544225,43.10782887446833],[-0.749406997083708,43.10814468355777],[-0.748816206712319,43.10856684861282],[-0.748573763126235,43.1086185092666],[-0.74777760935208,43.10864081670252],[-0.747465820781168,43.108551717829464],[-0.746767656862697,43.10947915368117],[-0.744252122752272,43.11202484911433],[-0.741581480061959,43.11141802211967],[-0.739854442814081,43.11124299420481],[-0.736501669296223,43.110520162534584],[-0.734741255920043,43.109941916438956],[-0.734225828584148,43.10951587510503],[-0.734224866877356,43.109291700057675],[-0.734012753548881,43.10880471605915],[-0.730052073921412,43.10831347026768],[-0.729502946513141,43.108373908630846],[-0.727448654959468,43.108972684695416],[-0.727138064217587,43.10888258612328],[-0.726689225304372,43.10853524553305],[-0.726061954979286,43.108508327269725],[-0.725638395994365,43.10861032302194],[-0.725581648724095,43.10870232920976],[-0.725334620629002,43.108664052450486],[-0.72469730035253,43.10823318104055],[-0.723996110938002,43.108107959473166],[-0.723643578272876,43.10856856316241],[-0.723168157719388,43.108285157914395],[-0.722313959725362,43.1080166446842],[-0.72199811889673,43.108035665040674],[-0.72102303602286,43.10837100442333],[-0.720696938374879,43.10807792706622],[-0.720183928668878,43.10780211108689],[-0.719988344782275,43.10758916333873],[-0.719299257673984,43.10755623770884],[-0.71913085586507,43.107479214500884],[-0.71884244306188,43.10752339076528],[-0.717975539099894,43.10812689485216],[-0.716496628062081,43.10798525224646],[-0.712629927542991,43.10847519261364],[-0.712308049491025,43.108591638183874],[-0.711899602316473,43.10852738038482],[-0.709115017799027,43.10918158363639],[-0.704458115222213,43.10886825232472],[-0.702671647255221,43.108510094121335],[-0.700835552308988,43.10799063724763],[-0.699821807695116,43.10785799253205],[-0.699509275176932,43.10789033932763],[-0.69824134392847,43.107779917875675],[-0.697143089180137,43.10790136601465],[-0.696735854844806,43.10831693065871],[-0.695826096767078,43.1085228361594],[-0.695028183370415,43.10880593363009],[-0.687429355947479,43.10833795349055],[-0.685996543504649,43.10851306093844],[-0.682885929914236,43.10683127474001],[-0.682195401978307,43.10631194333381],[-0.680395882487363,43.1036794522392],[-0.679958914604622,43.10250945736965],[-0.679871862400732,43.10185604007697],[-0.680069369985408,43.101464819340066],[-0.679806629220239,43.10021323868934],[-0.679867382187606,43.099488142075195],[-0.67970970781264,43.09882543481476],[-0.679893897905246,43.0984760884904],[-0.679678439312299,43.09837270277784],[-0.679782578006226,43.09742192571574],[-0.68020687985965,43.0968491780099],[-0.680175681260378,43.096648555456476],[-0.680271217535899,43.09645080434415],[-0.680846675038752,43.09603315807079],[-0.681082360562066,43.09548936470012],[-0.680882641591864,43.09549799338024],[-0.680699503613889,43.09528455741982],[-0.679878281287245,43.09400255278389],[-0.680391011897052,43.09240663617595],[-0.680890820438461,43.09000981076214],[-0.681562946403382,43.088776701910994],[-0.681661860510406,43.08816915667255],[-0.682037630427575,43.08808967650489],[-0.682643060346852,43.088163509342195],[-0.683090154905731,43.08808518719158],[-0.683631101851916,43.087551655135755],[-0.683771325596122,43.08693729192364],[-0.683998040315397,43.08669723291564],[-0.684137083333617,43.08664295318031],[-0.684090951287995,43.086844418791635],[-0.68422557779976,43.08691364373121],[-0.684652345700837,43.08665143009688],[-0.685129383372485,43.086561269531195],[-0.685369637687856,43.08612896055305],[-0.685899897450374,43.08585239411245],[-0.686135456631333,43.085481470766894],[-0.686249051052698,43.08547127837412],[-0.686435615677571,43.085642267029726],[-0.686587896112407,43.08564155422936],[-0.686802839606626,43.0855639626621],[-0.686928050684054,43.08540840860362],[-0.686784524798848,43.0851224975082],[-0.687248998690647,43.08261970972919],[-0.68692632717185,43.08087230163506],[-0.686698565390253,43.08032456294284],[-0.686560407785841,43.07952524849975],[-0.686505587847412,43.07839533970128],[-0.686570573841333,43.077796157936724],[-0.686403099364124,43.07630545324214],[-0.685299264312967,43.07255174050163],[-0.684622576064797,43.07135669363667],[-0.683953437304178,43.07145613173956],[-0.682408375397755,43.07145498322494],[-0.681748788700626,43.07174316020015],[-0.681564911307311,43.071748549733755],[-0.680670869765366,43.07105432348513],[-0.680404901879291,43.07065734856517],[-0.680432819728518,43.069802836468725],[-0.680923140070663,43.06861107663168],[-0.681824278450657,43.067101834774384],[-0.681815350915855,43.06692296550881],[-0.681492560914181,43.066617076097295],[-0.678194891410968,43.061936256476734],[-0.676475705517414,43.05971257278002]]]]}},{"type":"Feature","properties":{"fid":963,"ID":"COMMUNE_0000000009762056","NOM":"Agnos","NOM_M":"AGNOS","INSEE_COM":"64007","STATUT":"Commune simple","POPULATION":1042,"INSEE_CAN":"14","INSEE_ARR":"2","INSEE_DEP":"64","INSEE_REG":"75","SIREN_EPCI":"200067262"},"geometry":{"type":"MultiPolygon","coordinates":[[[[-0.61082928356567,43.17211336775468],[-0.61076835885053,43.172142420756686],[-0.610300943858047,43.1714350406682],[-0.611127457641523,43.170704134481156],[-0.610348305990286,43.1708544875906],[-0.609957542629747,43.169227918821946],[-0.609199669918447,43.169383854362046],[-0.608695057048139,43.16847422242677],[-0.607739047492158,43.16878624864255],[-0.607701461749191,43.168696564852986],[-0.6066133061038,43.169000397316886],[-0.606356431436257,43.16859029950324],[-0.608437271765687,43.16804975321866],[-0.608158740973372,43.16719468098904],[-0.607562917592859,43.16592703499694],[-0.608653577683472,43.165624908592115],[-0.608303899118169,43.16457593121162],[-0.60910358346472,43.164342065841915],[-0.609008631148506,43.164082325333865],[-0.608750048849865,43.164156712294876],[-0.608639900715207,43.16369308745441],[-0.609609401653205,43.16357868982285],[-0.609469993187112,43.16278469524342],[-0.609066708215559,43.16190139208982],[-0.609120942209329,43.161765415456784],[-0.609739268573437,43.1618383529676],[-0.60970018923065,43.161075215439304],[-0.608779103995128,43.159877002067454],[-0.608368908183946,43.15907946931868],[-0.608329848796968,43.1583163330112],[-0.608473368529481,43.15750296500278],[-0.608405506730024,43.157145075284426],[-0.607051078821888,43.15731736777694],[-0.606834510694542,43.156685329027056],[-0.606827322965476,43.156550509146136],[-0.608177348785575,43.1562883260361],[-0.606901492765249,43.15295182386462],[-0.606420630204545,43.15196667149937],[-0.608178730035431,43.15128925140318],[-0.608253684684215,43.15034312354698],[-0.609103053094651,43.15014000520177],[-0.610450129110152,43.150148008375936],[-0.610790150416594,43.15049227474272],[-0.613259018238196,43.14954064153765],[-0.614276552210198,43.14901850362794],[-0.614301673514099,43.14835856772948],[-0.614569627222415,43.14798311770932],[-0.615488849480273,43.144790078525006],[-0.615073853751772,43.140201173646915],[-0.618898952239817,43.139239007110504],[-0.620693249691909,43.1427974305111],[-0.620844610550398,43.14325064821596],[-0.621763943326402,43.14434255326927],[-0.621981103080746,43.14474673798837],[-0.622264233393826,43.14585011863941],[-0.623508792042879,43.145401295171915],[-0.62386263025768,43.14512197690371],[-0.624407807452229,43.144972183004874],[-0.625185583243458,43.144590361143585],[-0.625170221215539,43.14405153638347],[-0.625637417268985,43.14358021421516],[-0.626475545038732,43.1431612362231],[-0.62745350906492,43.143089601914944],[-0.628464978510459,43.14276831896077],[-0.628410836381216,43.14294392001462],[-0.628581000205652,43.14324522790264],[-0.628655602250056,43.14382617788098],[-0.629237569335396,43.143831790489166],[-0.629717729558935,43.143665250235834],[-0.63049632857484,43.14363001706505],[-0.630696078167882,43.143286535407405],[-0.630654943071519,43.14280800540122],[-0.630731205773032,43.14261274917579],[-0.631158688157163,43.14242996900364],[-0.631419208959308,43.142212295674874],[-0.631265434627474,43.14140891450643],[-0.63137501236933,43.141098183875016],[-0.631744007711353,43.14066976108318],[-0.632324984436523,43.14030802442348],[-0.632282012839272,43.139565739484944],[-0.633950448453997,43.1390565801714],[-0.634400985000955,43.139416853111484],[-0.637519119305776,43.14279621006668],[-0.63901895828421,43.143416374792245],[-0.641083680722608,43.14238498970687],[-0.641521661659023,43.14225223555166],[-0.646311418874512,43.14175260686051],[-0.647293409707592,43.141258361204244],[-0.648872378898624,43.14118329372948],[-0.651579124795826,43.141948795301914],[-0.651818079193106,43.14191638611271],[-0.654117668633078,43.14118112369771],[-0.654725232336899,43.14087238498077],[-0.654895799873177,43.14045871101064],[-0.654953751479064,43.139800342146565],[-0.655091364684638,43.13958497688351],[-0.656418561043207,43.13963178993046],[-0.657364770167429,43.13975905054348],[-0.658607414549056,43.14002390658293],[-0.660539431251822,43.1403013481577],[-0.661677831916033,43.14062823843567],[-0.663068415051096,43.14080157673928],[-0.663256540895054,43.14076276599773],[-0.665422054430158,43.14119245850712],[-0.665077711947554,43.14316889386662],[-0.6614325710672,43.1480317416987],[-0.658756244972636,43.14967587181744],[-0.65729891603723,43.149869406783175],[-0.65661757975624,43.150082516460515],[-0.655982315535045,43.1501103722873],[-0.653698278956322,43.1507857134019],[-0.653031655662749,43.15164030261476],[-0.652005577249255,43.151983922892946],[-0.650691546191944,43.152694755417365],[-0.649894213233448,43.15294146427706],[-0.649098439156136,43.15272619768419],[-0.648862375370533,43.15284404178993],[-0.647226074067496,43.15297056244167],[-0.646845337973196,43.153231962670745],[-0.645422567232368,43.1537996394106],[-0.644717911544816,43.154268279380084],[-0.643398166170712,43.154871162343575],[-0.6426241148104,43.15554652939928],[-0.642424411623203,43.15579279054269],[-0.642223198156122,43.15632723705443],[-0.641918943984816,43.15663195599614],[-0.641798895166743,43.15716636052087],[-0.641887261673732,43.15757306654946],[-0.641748480215195,43.15777134647793],[-0.641921287757071,43.15832737097222],[-0.641662395540218,43.15853241048743],[-0.637534695121423,43.159255264977794],[-0.636496703079222,43.15937402912654],[-0.635895652227792,43.159614908747955],[-0.635487669911195,43.160031158022015],[-0.635215701362301,43.16071294477266],[-0.63447509649503,43.16176619988405],[-0.634108709145172,43.16245296851778],[-0.633908283989019,43.16311883402675],[-0.63351831757109,43.163782984812336],[-0.631494556856786,43.1652648445853],[-0.631233831902936,43.165206996477885],[-0.630745413638201,43.165968997551644],[-0.630296201429908,43.16694397669533],[-0.629895991083469,43.16750491053462],[-0.629023124902022,43.168100664263065],[-0.627522691048749,43.16826281663369],[-0.625918215186871,43.16929555346974],[-0.625130059854981,43.16949764196628],[-0.623588986838944,43.16962058583496],[-0.620787359245362,43.17010280026558],[-0.61907865097994,43.17055455952579],[-0.613591050874868,43.17132571101184],[-0.61082928356567,43.17211336775468]]]]}},{"type":"Feature","properties":{"fid":968,"ID":"COMMUNE_0000000009762054","NOM":"Asasp-Arros","NOM_M":"ASASP-ARROS","INSEE_COM":"64064","STATUT":"Commune simple","POPULATION":492,"INSEE_CAN":"14","INSEE_ARR":"2","INSEE_DEP":"64","INSEE_REG":"75","SIREN_EPCI":"200067262"},"geometry":{"type":"MultiPolygon","coordinates":[[[[-0.636954603536736,43.07014549289142],[-0.635964561155,43.072564882985766],[-0.635935305145534,43.0780589514334],[-0.636177234595377,43.07854687743293],[-0.636164514253894,43.079047907340914],[-0.636371007381438,43.07965587815698],[-0.634874345855132,43.081639501672306],[-0.635972839522825,43.08334550628018],[-0.635994080938368,43.084015559787055],[-0.63656666983693,43.085151386695316],[-0.636443088059596,43.0858038242357],[-0.636176015770581,43.0863818762977],[-0.635891886001363,43.086630069560925],[-0.635815758782277,43.086943266829365],[-0.635995700851831,43.08814458126395],[-0.634309935916939,43.09077835248097],[-0.633951996937294,43.09157285449797],[-0.629999630863897,43.09605135991373],[-0.629773195111811,43.09641734071066],[-0.626147679501293,43.100338157504275],[-0.6258627136156,43.100751119526386],[-0.625883106688828,43.1011546995975],[-0.630679048085707,43.11111875181987],[-0.631464474630533,43.1109644172521],[-0.631642899036577,43.11051811426997],[-0.632253497321296,43.10957643272233],[-0.632539706186875,43.109398408240175],[-0.634059277910584,43.10950651115569],[-0.635033114267886,43.10945653904413],[-0.63578761252156,43.109221281097845],[-0.636387264105392,43.10886879418089],[-0.637001189292892,43.10987630103405],[-0.638854949422312,43.11238428415281],[-0.639523913419891,43.113444846405855],[-0.639847308462401,43.113759858302366],[-0.641392931465892,43.11398673390797],[-0.642082579902705,43.114282153353294],[-0.643557953929506,43.115500003734084],[-0.644505248800107,43.116021695431655],[-0.645503266974189,43.11635348065749],[-0.648162064059341,43.11672896249004],[-0.649828823106158,43.116692304491814],[-0.651337746226019,43.116199968473225],[-0.652318061991915,43.11617303387106],[-0.656991598100322,43.11731013050565],[-0.658367964019392,43.11781173523016],[-0.659203923754822,43.11855228200312],[-0.65951227405879,43.118588627193056],[-0.66036156498782,43.118394095202135],[-0.661617840151324,43.117775138102644],[-0.665502763289869,43.11802297107388],[-0.665624674504431,43.1179296821601],[-0.665415005128403,43.12010859599702],[-0.665004196254575,43.120627702627324],[-0.664928067996333,43.12093913236648],[-0.664771066073126,43.12102190905706],[-0.664809647510894,43.1211457529787],[-0.664628920380414,43.121455338804026],[-0.664707236946531,43.12156612568536],[-0.66454658003911,43.121668835329615],[-0.664528585259205,43.12192786440535],[-0.663956012969754,43.122532606342965],[-0.664616682693603,43.12420920316479],[-0.665470343548014,43.12549745885054],[-0.665610396166227,43.12749250691748],[-0.665216704679879,43.128418019777754],[-0.66523689939661,43.12879460564035],[-0.66443944527222,43.12903333091302],[-0.664381980705096,43.129426064678164],[-0.664669397642252,43.12944149963741],[-0.665822670337822,43.12977323334344],[-0.66641473709719,43.12984312671823],[-0.666830097561495,43.12999556675314],[-0.668186233156535,43.13023032966629],[-0.66907722734171,43.130283727205764],[-0.672101005743881,43.12967646935432],[-0.673053734752294,43.13037242880263],[-0.673311374856618,43.13038345367528],[-0.672750891524353,43.131874747170315],[-0.672190190634079,43.13289872814611],[-0.672158988961777,43.13393617503622],[-0.671578475987946,43.13459075589057],[-0.67071909894277,43.1359652667466],[-0.669723237470692,43.13821152586839],[-0.669203545877446,43.138624509992404],[-0.668529972525085,43.138957190750865],[-0.667304918565534,43.139725533925805],[-0.666811664601788,43.140323093140395],[-0.665422054430158,43.14119245850712],[-0.663256540895054,43.14076276599773],[-0.663068415051096,43.14080157673928],[-0.661677831916033,43.14062823843567],[-0.660539431251822,43.1403013481577],[-0.658607414549056,43.14002390658293],[-0.657364770167429,43.13975905054348],[-0.656418561043207,43.13963178993046],[-0.655091364684638,43.13958497688351],[-0.654953751479064,43.139800342146565],[-0.654895799873177,43.14045871101064],[-0.654725232336899,43.14087238498077],[-0.654117668633078,43.14118112369771],[-0.651818079193106,43.14191638611271],[-0.651579124795826,43.141948795301914],[-0.648872378898624,43.14118329372948],[-0.647293409707592,43.141258361204244],[-0.646311418874512,43.14175260686051],[-0.641521661659023,43.14225223555166],[-0.641083680722608,43.14238498970687],[-0.63901895828421,43.143416374792245],[-0.637519119305776,43.14279621006668],[-0.634400985000955,43.139416853111484],[-0.633950448453997,43.1390565801714],[-0.632282012839272,43.139565739484944],[-0.632324984436523,43.14030802442348],[-0.631744007711353,43.14066976108318],[-0.63137501236933,43.141098183875016],[-0.631265434627474,43.14140891450643],[-0.631419208959308,43.142212295674874],[-0.631158688157163,43.14242996900364],[-0.630731205773032,43.14261274917579],[-0.630654943071519,43.14280800540122],[-0.630696078167882,43.143286535407405],[-0.63049632857484,43.14363001706505],[-0.629717729558935,43.143665250235834],[-0.629237569335396,43.143831790489166],[-0.628655602250056,43.14382617788098],[-0.628581000205652,43.14324522790264],[-0.628410836381216,43.14294392001462],[-0.628464978510459,43.14276831896077],[-0.62745350906492,43.143089601914944],[-0.626475545038732,43.1431612362231],[-0.625637417268985,43.14358021421516],[-0.625170221215539,43.14405153638347],[-0.625185583243458,43.144590361143585],[-0.624407807452229,43.144972183004874],[-0.62386263025768,43.14512197690371],[-0.623508792042879,43.145401295171915],[-0.622264233393826,43.14585011863941],[-0.621981103080746,43.14474673798837],[-0.621763943326402,43.14434255326927],[-0.620844610550398,43.14325064821596],[-0.620693249691909,43.1427974305111],[-0.618898952239817,43.139239007110504],[-0.615073853751772,43.140201173646915],[-0.615488849480273,43.144790078525006],[-0.614569627222415,43.14798311770932],[-0.614301673514099,43.14835856772948],[-0.614276552210198,43.14901850362794],[-0.613259018238196,43.14954064153765],[-0.610790150416594,43.15049227474272],[-0.610450129110152,43.150148008375936],[-0.609103053094651,43.15014000520177],[-0.608253684684215,43.15034312354698],[-0.608008191170799,43.150350442187744],[-0.607368074518417,43.149828029907304],[-0.6054764344146,43.150059706118476],[-0.603992208652501,43.15010034689996],[-0.603313883078758,43.15002938768],[-0.603178993363538,43.14979889431052],[-0.60281439432661,43.150558412290174],[-0.601565877579552,43.150553322559176],[-0.601003259345581,43.15078011429187],[-0.600898777756981,43.149636502150656],[-0.599615391186814,43.14976221232849],[-0.59930534070989,43.149680727669804],[-0.599345247409422,43.14927511813479],[-0.597302648518025,43.149195654337696],[-0.5975353266771,43.14868636887859],[-0.597525364232314,43.14850662304639],[-0.597155479739662,43.1484712491793],[-0.597446536429973,43.14814909775396],[-0.595270489030629,43.14762385645986],[-0.595146971126203,43.14785217429331],[-0.592999536590949,43.1475294216908],[-0.592887853322946,43.1479284159695],[-0.59182138735146,43.14774517155904],[-0.592157390081657,43.14701816351086],[-0.592906452871295,43.14607209533929],[-0.594522348716355,43.1449278383062],[-0.594788782057805,43.14484241780863],[-0.595043368307886,43.14460612671204],[-0.595294227472311,43.14369736990021],[-0.595644945486767,43.14334622195718],[-0.595938091593035,43.143295022192184],[-0.597005642050032,43.14337824366065],[-0.597633867542184,43.14353464806715],[-0.597958817471468,43.14383623368107],[-0.598154244891043,43.14434833249328],[-0.598445659367796,43.144545691257186],[-0.598785966157508,43.14461986392172],[-0.599315053638781,43.144585986203964],[-0.599722112274178,43.14434999294996],[-0.599936917179333,43.14390972964747],[-0.599959046891225,43.143120249144324],[-0.599760717117126,43.14240386245364],[-0.599272762046123,43.141696250082845],[-0.597817007410081,43.14019620068633],[-0.597381826260297,43.139032125896705],[-0.597053978356541,43.13763667084657],[-0.596950909440987,43.13665239120933],[-0.597105817086292,43.13530925144167],[-0.597333952055032,43.13464885797604],[-0.597773572722957,43.13383103872949],[-0.598047846857735,43.13306285844109],[-0.599385842155064,43.1308590543254],[-0.599966766992814,43.130060815998206],[-0.601113603684292,43.12905277936136],[-0.601705822386746,43.12831808085127],[-0.601846033143868,43.127786671483115],[-0.601811712128628,43.12682171285928],[-0.601936797013629,43.12646188138582],[-0.602921335770218,43.124883009847046],[-0.604950896968186,43.12291441442528],[-0.605814045276688,43.121894210534364],[-0.606313698413173,43.12151013040542],[-0.606642027684366,43.12084276346331],[-0.607071858208613,43.12028544413539],[-0.608337425642525,43.11917611156599],[-0.60902344659671,43.11829326958606],[-0.609519037511395,43.118061473563834],[-0.610108615633015,43.11795707963112],[-0.610347237312414,43.11784193700914],[-0.611109525613627,43.11694121837482],[-0.611251019898552,43.11655021347438],[-0.611227664107595,43.11629438957485],[-0.610758668518215,43.11500366933179],[-0.610800636561912,43.11471144163926],[-0.610925522539407,43.11460551263268],[-0.611119432933958,43.11452247976712],[-0.611740940901045,43.11447733044315],[-0.612445001227094,43.11478955858864],[-0.612874698272916,43.11490029807459],[-0.613348175157661,43.114924931932784],[-0.61428396017962,43.114697252522696],[-0.614689626304213,43.11467913713026],[-0.615502525413925,43.11443216113601],[-0.615491894911633,43.11424253865528],[-0.615904611254507,43.11406211423159],[-0.6172493485483,43.113869298600804],[-0.618009016145052,43.113675412345536],[-0.618436084118099,43.11315505378759],[-0.620630405228191,43.11285081431005],[-0.6218613635082,43.112451076228275],[-0.622017796400211,43.11237828720999],[-0.622299485936231,43.11202937122838],[-0.622866738144836,43.110765969756],[-0.623008452535383,43.10998777882855],[-0.623651317849169,43.108735336089225],[-0.624320757920462,43.10853453489646],[-0.624473520476189,43.10832500842552],[-0.624606059688369,43.10779292741384],[-0.624454585998455,43.10698408595056],[-0.624279606751427,43.10662352220615],[-0.624080826674488,43.10643212933993],[-0.622698721820882,43.105378374962775],[-0.622186944169421,43.10531005449341],[-0.621757320838868,43.105140828127226],[-0.620604377951556,43.10429183065887],[-0.620298107669449,43.1042084887738],[-0.61974620535793,43.10432338100229],[-0.619197249000955,43.10432832614015],[-0.618891173665754,43.10409101047284],[-0.618249219822376,43.103120374508244],[-0.617653187181533,43.10272622989458],[-0.617790404346724,43.1024055907796],[-0.618454596820919,43.10208255150401],[-0.618767558929821,43.10129141558212],[-0.619950216155607,43.10065382059887],[-0.620124751201546,43.10041925963292],[-0.620586457060235,43.10033620906281],[-0.620862082881735,43.1001855835117],[-0.62108281109315,43.099943165042546],[-0.621335596832303,43.09934942488421],[-0.621395636529144,43.09881708916854],[-0.620685881589043,43.097764118367564],[-0.62004760572938,43.097401122565174],[-0.618266428793105,43.09685684577747],[-0.617450275999176,43.09657634377969],[-0.615933903732011,43.0956683909519],[-0.614769970654889,43.094344325559696],[-0.614597279155179,43.093900843256925],[-0.614914942032862,43.09336166714998],[-0.615025829708356,43.09265926497968],[-0.615011266162206,43.08965525820997],[-0.613812784021215,43.08873931476384],[-0.612038759213533,43.08698643461526],[-0.612084476915533,43.086538325400795],[-0.612796762644399,43.08594540130892],[-0.61365062146193,43.08500378535377],[-0.614235709032125,43.08449885378768],[-0.614500008082909,43.084089323178695],[-0.614453529801984,43.083836984257935],[-0.613953471931436,43.08326494236359],[-0.61372200922484,43.08323669843593],[-0.613243564055695,43.08299075589341],[-0.612781539694923,43.082948639984465],[-0.611325358702664,43.08303711506716],[-0.610322615736562,43.08289247963958],[-0.610034675619177,43.082766183200825],[-0.609356379406485,43.08205334250156],[-0.609198617683629,43.08169038947725],[-0.60920604028848,43.08143534211175],[-0.609390295108783,43.08115996027979],[-0.610601897851758,43.08012534468708],[-0.611048715741899,43.07957014823619],[-0.611507593291326,43.0788344758411],[-0.611590734604241,43.07835630312109],[-0.611528690377932,43.07801175129017],[-0.611233236173431,43.077587696799235],[-0.608844668900711,43.07603727980653],[-0.607991758988588,43.075319487805274],[-0.607466107646264,43.0746105300636],[-0.607035062401568,43.073744441923054],[-0.606628149854238,43.07206363724567],[-0.606291360895059,43.07160584539826],[-0.607703708202298,43.07123259111969],[-0.609915222971866,43.07109091435297],[-0.610511024805983,43.07075941164884],[-0.611363600921259,43.070646175962764],[-0.611846834519399,43.07049851080541],[-0.613144401062331,43.070687247079434],[-0.613985389949115,43.07034929388089],[-0.615594558510454,43.07039518683875],[-0.617735246129503,43.07029984402992],[-0.620450267130864,43.070629910965316],[-0.623212801303095,43.070463120179966],[-0.624394410852056,43.07079968129068],[-0.625560608867624,43.070811723292245],[-0.629838386057885,43.070289390973734],[-0.63259078172614,43.07017672126829],[-0.63367685496039,43.06983213880967],[-0.634541626659954,43.069718306004596],[-0.635478741683668,43.070052198993054],[-0.636954603536736,43.07014549289142]]]]}},{"type":"Feature","properties":{"fid":973,"ID":"COMMUNE_0000000009762053","NOM":"Eysus","NOM_M":"EYSUS","INSEE_COM":"64224","STATUT":"Commune simple","POPULATION":617,"INSEE_CAN":"14","INSEE_ARR":"2","INSEE_DEP":"64","INSEE_REG":"75","SIREN_EPCI":"200067262"},"geometry":{"type":"MultiPolygon","coordinates":[[[[-0.59182138735146,43.14774517155904],[-0.591504836331922,43.14906218564223],[-0.591102640641188,43.14957530441929],[-0.589843324399675,43.15060318588733],[-0.589440275143096,43.15130090658846],[-0.589266087324518,43.151802822682065],[-0.589060812732342,43.152002342331976],[-0.588876594414357,43.1529367793936],[-0.588867244835441,43.1535385518625],[-0.588580370883319,43.15442418482733],[-0.588759620061443,43.156280227959705],[-0.588655225146795,43.15747042250129],[-0.588712921538545,43.15778544020881],[-0.58704588874471,43.15799489865749],[-0.583735518834164,43.1580032709951],[-0.584469000721908,43.15749537062934],[-0.584650938808966,43.15719669264351],[-0.584542318613002,43.15572366372757],[-0.584744525585773,43.1547211070253],[-0.583861471822555,43.15277772206021],[-0.583231169854929,43.15086374794583],[-0.582229315500672,43.15017584416418],[-0.581358658735323,43.14973928161745],[-0.580436218692761,43.14908203829516],[-0.579397808874646,43.14905350558041],[-0.578719645351977,43.148924763280746],[-0.577976287987813,43.14835879496486],[-0.577239041913007,43.148030319989765],[-0.577135371578216,43.14788519830351],[-0.577175521029815,43.14660712613598],[-0.577075616886081,43.14630431317743],[-0.574633564300529,43.14487361066667],[-0.573725481123988,43.143809771731014],[-0.572258869183751,43.142442110074164],[-0.571727451667782,43.141582761543056],[-0.57093102279571,43.14091136825388],[-0.57062469609462,43.140391200000764],[-0.568778486365058,43.13906579054367],[-0.568058611971924,43.13831891425497],[-0.56616804946881,43.13754776079428],[-0.56507023634824,43.13736980186984],[-0.564741115543877,43.136997134690645],[-0.56450313594034,43.13688615933861],[-0.564005087903625,43.13682430258019],[-0.56371356904725,43.136861856102136],[-0.562456569283584,43.136654021991035],[-0.561572044417445,43.13634562647736],[-0.564731660731618,43.13267839727384],[-0.564044825861385,43.1326245888767],[-0.563374313624073,43.13247659860964],[-0.563011952759627,43.132481379654564],[-0.562802803261448,43.13255852430637],[-0.562407409246497,43.13194764784573],[-0.562324018366877,43.13081414946721],[-0.563178674455166,43.12964242914043],[-0.564315433920943,43.12850098499217],[-0.564520493211347,43.12756052751832],[-0.564754521695248,43.12710980721907],[-0.565105760491195,43.12678575976449],[-0.565358360733604,43.12569967075422],[-0.56635114390878,43.125673111856266],[-0.567290872221842,43.12606156565447],[-0.567778945503321,43.1260030858491],[-0.569767114599559,43.12527545821461],[-0.57005105353143,43.124817669545706],[-0.570349185339278,43.12462951778515],[-0.570380686094106,43.124045040498764],[-0.570688304006285,43.1238115553631],[-0.571452171746128,43.123999618669636],[-0.57214164427449,43.124932941560914],[-0.572822633074438,43.12622578750213],[-0.573134302666761,43.12631629123921],[-0.574116792144561,43.12622247521143],[-0.57518673108573,43.12601230216791],[-0.5762011039202,43.12623523735914],[-0.576380346055177,43.12573498706065],[-0.57734985727353,43.12580903978035],[-0.578231175172927,43.12578877382888],[-0.579706483840389,43.12531658904354],[-0.580219236502769,43.12527974138829],[-0.580627286391544,43.12514012824212],[-0.581271173678209,43.125156540229725],[-0.58237363148535,43.124916401728036],[-0.582839091949329,43.12494954198729],[-0.583249305607307,43.124844961015135],[-0.583885662256213,43.12487871476482],[-0.584764390137466,43.12511418551736],[-0.585590273824183,43.12499306161887],[-0.586159613060186,43.12501642748199],[-0.586982479707345,43.12447041913745],[-0.58753815331833,43.12445191524476],[-0.587887687021286,43.1241224440705],[-0.588268336280587,43.12407645185655],[-0.589324209290739,43.12431408805592],[-0.589985432564196,43.12437218753176],[-0.590972447157884,43.125222554337775],[-0.59178652194094,43.12536648550014],[-0.592303424617006,43.125653575740145],[-0.592901304801948,43.125522891246185],[-0.593021664464987,43.12480938359052],[-0.593305801706541,43.12479270332388],[-0.593595816237674,43.124969406308516],[-0.594650862112737,43.12499543169484],[-0.594783782785441,43.124958582839774],[-0.594771396185351,43.124897770808055],[-0.59432129889539,43.124716508137524],[-0.594225378504409,43.12457744965659],[-0.594277941333651,43.12445414562086],[-0.594500560529603,43.12431796439647],[-0.594772875545281,43.124308877631],[-0.595545976615759,43.12452527693356],[-0.595724585697012,43.124649869490426],[-0.595760198747647,43.1249061875787],[-0.59614778861756,43.125031006822454],[-0.596840747799729,43.125697558876766],[-0.597246238286465,43.12640612034631],[-0.597462028995442,43.12702917755036],[-0.597767589056463,43.127020774193646],[-0.598112705320181,43.12656176111823],[-0.601184649730808,43.12662208362689],[-0.601811712128628,43.12682171285928],[-0.601846033143868,43.127786671483115],[-0.601705822386746,43.12831808085127],[-0.601113603684292,43.12905277936136],[-0.599966766992814,43.130060815998206],[-0.599385842155064,43.1308590543254],[-0.598047846857735,43.13306285844109],[-0.597773572722957,43.13383103872949],[-0.597333952055032,43.13464885797604],[-0.597105817086292,43.13530925144167],[-0.596950909440987,43.13665239120933],[-0.597053978356541,43.13763667084657],[-0.597381826260297,43.139032125896705],[-0.597817007410081,43.14019620068633],[-0.599272762046123,43.141696250082845],[-0.599760717117126,43.14240386245364],[-0.599959046891225,43.143120249144324],[-0.599936917179333,43.14390972964747],[-0.599722112274178,43.14434999294996],[-0.599315053638781,43.144585986203964],[-0.598785966157508,43.14461986392172],[-0.598445659367796,43.144545691257186],[-0.598154244891043,43.14434833249328],[-0.597958817471468,43.14383623368107],[-0.597633867542184,43.14353464806715],[-0.597005642050032,43.14337824366065],[-0.595938091593035,43.143295022192184],[-0.595644945486767,43.14334622195718],[-0.595294227472311,43.14369736990021],[-0.595043368307886,43.14460612671204],[-0.594788782057805,43.14484241780863],[-0.594522348716355,43.1449278383062],[-0.592906452871295,43.14607209533929],[-0.592157390081657,43.14701816351086],[-0.59182138735146,43.14774517155904]]]]}},{"type":"Feature","properties":{"fid":1124,"ID":"COMMUNE_0000000009762052","NOM":"Gurmençon","NOM_M":"GURMENCON","INSEE_COM":"64252","STATUT":"Commune simple","POPULATION":887,"INSEE_CAN":"14","INSEE_ARR":"2","INSEE_DEP":"64","INSEE_REG":"75","SIREN_EPCI":"200067262"},"geometry":{"type":"MultiPolygon","coordinates":[[[[-0.588712921538545,43.15778544020881],[-0.588655225146795,43.15747042250129],[-0.588759620061443,43.156280227959705],[-0.588580370883319,43.15442418482733],[-0.588867244835441,43.1535385518625],[-0.588876594414357,43.1529367793936],[-0.589060812732342,43.152002342331976],[-0.589266087324518,43.151802822682065],[-0.589440275143096,43.15130090658846],[-0.589843324399675,43.15060318588733],[-0.591102640641188,43.14957530441929],[-0.591504836331922,43.14906218564223],[-0.59182138735146,43.14774517155904],[-0.592887853322946,43.1479284159695],[-0.592999536590949,43.1475294216908],[-0.595146971126203,43.14785217429331],[-0.595270489030629,43.14762385645986],[-0.597446536429973,43.14814909775396],[-0.597155479739662,43.1484712491793],[-0.597525364232314,43.14850662304639],[-0.5975353266771,43.14868636887859],[-0.597302648518025,43.149195654337696],[-0.599345247409422,43.14927511813479],[-0.59930534070989,43.149680727669804],[-0.599615391186814,43.14976221232849],[-0.600898777756981,43.149636502150656],[-0.601003259345581,43.15078011429187],[-0.601565877579552,43.150553322559176],[-0.60281439432661,43.150558412290174],[-0.603178993363538,43.14979889431052],[-0.603313883078758,43.15002938768],[-0.603992208652501,43.15010034689996],[-0.6054764344146,43.150059706118476],[-0.607368074518417,43.149828029907304],[-0.608008191170799,43.150350442187744],[-0.608253684684215,43.15034312354698],[-0.608178730035431,43.15128925140318],[-0.606420630204545,43.15196667149937],[-0.606901492765249,43.15295182386462],[-0.608177348785575,43.1562883260361],[-0.606827322965476,43.156550509146136],[-0.606834510694542,43.156685329027056],[-0.607051078821888,43.15731736777694],[-0.608405506730024,43.157145075284426],[-0.608473368529481,43.15750296500278],[-0.608329848796968,43.1583163330112],[-0.608368908183946,43.15907946931868],[-0.608779103995128,43.159877002067454],[-0.60970018923065,43.161075215439304],[-0.609739268573437,43.1618383529676],[-0.609120942209329,43.161765415456784],[-0.609066708215559,43.16190139208982],[-0.609469993187112,43.16278469524342],[-0.609609401653205,43.16357868982285],[-0.608639900715207,43.16369308745441],[-0.608750048849865,43.164156712294876],[-0.609008631148506,43.164082325333865],[-0.60910358346472,43.164342065841915],[-0.608303899118169,43.16457593121162],[-0.608653577683472,43.165624908592115],[-0.607562917592859,43.16592703499694],[-0.608158740973372,43.16719468098904],[-0.608437271765687,43.16804975321866],[-0.606356431436257,43.16859029950324],[-0.604621407887028,43.16915345777985],[-0.604377843900922,43.168798736028876],[-0.604044080807857,43.169088121547105],[-0.602687487189376,43.16934866370216],[-0.602976788796722,43.17006202475412],[-0.602835008191255,43.17009647664475],[-0.602598571701623,43.17088143244076],[-0.602980664660496,43.17174116213818],[-0.602758660878826,43.172067327069335],[-0.602017695024843,43.17158785555967],[-0.601875073679719,43.171411637981976],[-0.601258970616069,43.17167172944705],[-0.600724167281639,43.171242989134626],[-0.600315789547597,43.170691170495665],[-0.600269896828839,43.17011283943196],[-0.600563644703612,43.16969424331632],[-0.598826941120273,43.169856680268566],[-0.598267475023851,43.16841939627739],[-0.59807704884226,43.167653203329046],[-0.597970270774836,43.1666104955783],[-0.597839492918074,43.16609082454684],[-0.597708169469838,43.165917827672395],[-0.596230720448642,43.16488844263405],[-0.595635997016099,43.16456252690338],[-0.595256850409747,43.16445902102589],[-0.593923890958094,43.16442603543765],[-0.59285044958368,43.163977402750405],[-0.592554529333357,43.163590188762285],[-0.592472339029944,43.1629806558217],[-0.592249230049265,43.16251808256646],[-0.591871614093167,43.16121248222813],[-0.591364031510518,43.16072427178332],[-0.590297307430874,43.16010521919496],[-0.589119231103535,43.15907928464774],[-0.588834788722274,43.15844047131819],[-0.588712921538545,43.15778544020881]]]]}},{"type":"Feature","properties":{"fid":1183,"ID":"COMMUNE_0000000009762477","NOM":"Bedous","NOM_M":"BEDOUS","INSEE_COM":"64104","STATUT":"Commune simple","POPULATION":574,"INSEE_CAN":"14","INSEE_ARR":"2","INSEE_DEP":"64","INSEE_REG":"75","SIREN_EPCI":"200067262"},"geometry":{"type":"MultiPolygon","coordinates":[[[[-0.611645677204944,42.98802611157661],[-0.611154623966727,42.98884385788602],[-0.610433837673357,42.989714332875536],[-0.610118636657274,42.990500959918755],[-0.609355161770123,42.990982140395005],[-0.609005150814966,42.99142692686011],[-0.60871815128804,42.99213517911122],[-0.608843055132735,42.99246678998095],[-0.608550388172443,42.99306449801592],[-0.606664985741832,42.99573678627157],[-0.605845915583021,42.99747389807502],[-0.605341384198955,42.998057997789374],[-0.605164468503587,42.99807293378717],[-0.605492798800087,42.99901262084328],[-0.604526721862615,42.99970942588314],[-0.604177912987395,43.000194669418306],[-0.60320386757421,43.00273551075352],[-0.602549947780149,43.00401512283395],[-0.602067878814834,43.00529707655617],[-0.602129168993162,43.00561192387035],[-0.602543359796539,43.00617693060938],[-0.603426993190924,43.0064399124638],[-0.604293376794255,43.006859215542086],[-0.605215782110132,43.007724977865024],[-0.605928842784134,43.008656273788084],[-0.606022825729533,43.00898352855604],[-0.6059236555051,43.00945950729734],[-0.605418982232297,43.0099247762178],[-0.603878881348068,43.01098113222029],[-0.603445944694335,43.01137736553865],[-0.603306108091163,43.011791684394545],[-0.603338940235239,43.01198414688792],[-0.604150533002065,43.012763608476796],[-0.606138369588881,43.01503502652053],[-0.606242666352654,43.015547398386474],[-0.606127445067069,43.01598250433252],[-0.604732522580724,43.01708712199882],[-0.603889735559789,43.018133605488664],[-0.603835505273297,43.01862248361387],[-0.604052302315311,43.019621750934],[-0.603992388270156,43.019901050712534],[-0.603604749289965,43.02069099851036],[-0.602018006297902,43.02295529073424],[-0.601708688180645,43.023525636685605],[-0.601792890755588,43.0239126466839],[-0.602154636795035,43.024579357823114],[-0.602886029251563,43.02521117842631],[-0.603115348299295,43.02558342353025],[-0.603008033734309,43.02677721880612],[-0.603071168944671,43.027417020070715],[-0.603448331737666,43.02852796405201],[-0.604102399775917,43.02967104394925],[-0.603227675438159,43.02969494938415],[-0.60168450689025,43.02946844107187],[-0.600877863737442,43.02926497167112],[-0.600317161184459,43.02932605615722],[-0.599841397335853,43.029608470478635],[-0.599177515484511,43.02980624705583],[-0.598501613616485,43.02977124304861],[-0.598062535648755,43.02955815554311],[-0.597224514224343,43.028770512601916],[-0.597174220445176,43.02861284129731],[-0.595767951275108,43.02782348523272],[-0.593397516477146,43.02697990148332],[-0.591888420661456,43.02621284058716],[-0.591184581885733,43.025647550468825],[-0.590813366690504,43.02555821148739],[-0.590667947916142,43.025112918716765],[-0.590096561694498,43.024724159911415],[-0.58778817487152,43.02388829380124],[-0.58514379207804,43.02273767691746],[-0.584525424439669,43.022619644283196],[-0.583704813604485,43.022148231798774],[-0.581015788432344,43.019856544211834],[-0.576085638258531,43.016853405643445],[-0.575124929323282,43.01723015721572],[-0.571830488760992,43.01772405191164],[-0.571118377547964,43.018193340615525],[-0.570320685341312,43.01817031189296],[-0.570189557707592,43.017993709142104],[-0.570542874831752,43.01771459569943],[-0.57071369777046,43.017440640548315],[-0.56993323844467,43.016562672873505],[-0.569502440195997,43.01652025600226],[-0.569578380425835,43.01679682141763],[-0.569394667152528,43.016802019205315],[-0.568526540967316,43.016591357180594],[-0.568204685100524,43.01628604007303],[-0.56747100681757,43.01630588089335],[-0.566224640821694,43.0158898815657],[-0.566055124803226,43.01495021418958],[-0.565277153136465,43.0128954783354],[-0.565329753519703,43.01271367972161],[-0.565859060615968,43.01202542502426],[-0.567215288311182,43.01100004387692],[-0.567594134611231,43.010000776487104],[-0.567329221798318,43.00960354335813],[-0.567297825638917,43.008974395200326],[-0.566480709427281,43.00710013205326],[-0.565810002164601,43.005949328259256],[-0.565456347875587,43.005006773369004],[-0.565487777641022,43.00442145802277],[-0.566083246701518,43.00287665807453],[-0.565503630717911,43.00230800888183],[-0.566044222091984,43.00184444812813],[-0.565593651160739,43.00018400135531],[-0.565388942793798,42.99857211862952],[-0.56470008820746,42.995570087659424],[-0.565564757518829,42.995510802602546],[-0.565790423551114,42.994534638376805],[-0.565691456522451,42.99422193035497],[-0.565705456935543,42.993353616963965],[-0.565510777168208,42.99282082016413],[-0.565530725390632,42.99242764631073],[-0.56584591746095,42.99244779973702],[-0.566117245151639,42.99332915367818],[-0.566624200053318,42.99367513855336],[-0.567489824694928,42.99383096735831],[-0.56828778962215,42.993863899231535],[-0.567956832263302,42.99336893901323],[-0.567946988222682,42.99318921394504],[-0.56866834454903,42.99267552735799],[-0.569151036841875,42.99252806358525],[-0.569519853821806,42.992562630428736],[-0.570102734126727,42.99318515846662],[-0.570480183837786,42.993399487560424],[-0.570850231046464,42.993434009216415],[-0.571737423481176,42.992825666323014],[-0.572348359990812,42.992808965790445],[-0.573256794925646,42.9926050213884],[-0.57423001601161,42.99221886265479],[-0.575458871113958,42.99110668363319],[-0.57564250240707,42.99110147560779],[-0.576724782907636,42.99192611903822],[-0.577352680206613,42.992223917408694],[-0.578401333731634,42.99238437026067],[-0.580614854425081,42.9923232636099],[-0.581699777725466,42.99197922819205],[-0.584011948028491,42.99230367900324],[-0.584288041303953,42.99224675900032],[-0.584745594828882,42.992288217883754],[-0.585416817796362,42.992571922167684],[-0.585832818950654,42.99261566278805],[-0.586714334313508,42.99189844813336],[-0.586901360769891,42.99198763576514],[-0.587298830710062,42.991672782050045],[-0.587477402216256,42.99180366316213],[-0.588388150002658,42.99124210519345],[-0.588901912535422,42.990567757166936],[-0.589491989008082,42.989997089825316],[-0.590516948325662,42.99030946036095],[-0.591496331270776,42.990282142458305],[-0.59222253878963,42.99012733628831],[-0.593243375743087,42.98974030969185],[-0.594127150037505,42.989041861685806],[-0.594493172362051,42.989031422525386],[-0.59505280058752,42.98919636131872],[-0.596266966989789,42.99020546058846],[-0.596907184138548,42.99050273490758],[-0.599340547045363,42.99086241317225],[-0.599574777344594,42.990013714385846],[-0.59959311728075,42.98918394917106],[-0.599875713916152,42.988501981667866],[-0.599969063022638,42.987320399853914],[-0.600255517570359,42.986542874102554],[-0.600351112409754,42.98549625882749],[-0.600228940806189,42.98396449215205],[-0.600636939874224,42.98401834450568],[-0.600831222491595,42.983770563547665],[-0.603174233087264,42.98378566715631],[-0.611716751117857,42.98450454331046],[-0.614336662149428,42.98459382509582],[-0.615447882250472,42.984695993278144],[-0.614948101482512,42.985470837569196],[-0.614388195083899,42.98604874020218],[-0.613879571632516,42.98640704835526],[-0.61330545922061,42.98673784647185],[-0.612494208412227,42.98706130722766],[-0.612049956906185,42.98737062836452],[-0.611813111911774,42.987643269034585],[-0.611645677204944,42.98802611157661]]]]}},{"type":"Feature","properties":{"fid":1268,"ID":"COMMUNE_0000000009762050","NOM":"Buziet","NOM_M":"BUZIET","INSEE_COM":"64156","STATUT":"Commune simple","POPULATION":477,"INSEE_CAN":"15","INSEE_ARR":"2","INSEE_DEP":"64","INSEE_REG":"75","SIREN_EPCI":"200067262"},"geometry":{"type":"MultiPolygon","coordinates":[[[[-0.505430077716757,43.12548121726185],[-0.505035444208661,43.12570293340277],[-0.503881404586034,43.125867419964955],[-0.503822078311953,43.125983691032154],[-0.50399405315612,43.126245494890135],[-0.503992065700622,43.1266993246577],[-0.503650076493599,43.12710028915113],[-0.502273957681901,43.128265941527424],[-0.500085584763616,43.12915275528013],[-0.498544767079091,43.129528719336164],[-0.498325944725143,43.12979241807654],[-0.498310961346103,43.13025567287243],[-0.497639199080644,43.130611504368936],[-0.496854168971622,43.13147249025249],[-0.495868529536884,43.13180158352298],[-0.495532159037138,43.132439125018806],[-0.49398114785326,43.133604038723625],[-0.493940388786187,43.13443456267625],[-0.493360194744797,43.13453710569198],[-0.49292100193969,43.134796233436546],[-0.492488857297885,43.13541616252033],[-0.492300841488709,43.135498784457475],[-0.491616972446571,43.13549303724959],[-0.490914825440176,43.13581559721927],[-0.490238541006466,43.13587441901053],[-0.489092670490828,43.135811593648924],[-0.48855110288436,43.135617552228396],[-0.488366515134113,43.13545156601558],[-0.487938722223432,43.135777828121405],[-0.487238777483055,43.136524345928486],[-0.486782498584996,43.13725487157746],[-0.486467330423942,43.13816449648226],[-0.486031356137327,43.13878362192804],[-0.485944099120435,43.1388656736119],[-0.485744147623665,43.13887304228707],[-0.485341676650135,43.139334424062284],[-0.484740076463299,43.13983735687645],[-0.48577850578548,43.140787829536634],[-0.486662893331167,43.14130391722059],[-0.486555425632825,43.141621609527256],[-0.486316804693726,43.141762578614994],[-0.485760258088628,43.14168784884763],[-0.485338689836227,43.14183293272941],[-0.48485341430272,43.1422060578576],[-0.484636918009755,43.14279557216574],[-0.484722484137228,43.1432969901421],[-0.485178468206662,43.14382424323993],[-0.485197948643415,43.144228762240445],[-0.484573333623556,43.14557424886772],[-0.484211502421296,43.14567057897367],[-0.484304140115719,43.147533073016696],[-0.483910434328392,43.14826336674789],[-0.483272588370177,43.14904386580741],[-0.482287360051409,43.15128332363457],[-0.482673039663916,43.15298960279757],[-0.48253198631589,43.15387288916004],[-0.482065285085988,43.15529069323946],[-0.480423685069056,43.1572731376665],[-0.47715094645009,43.160191418468706],[-0.476726571651343,43.16029243975348],[-0.475417027230356,43.16113507007912],[-0.474440302533012,43.161520389108496],[-0.473669602605449,43.16208002825715],[-0.472946566505824,43.16236892485618],[-0.472029517639122,43.16243808061707],[-0.471008991944401,43.162913911753314],[-0.470209039778165,43.163151245750264],[-0.469372675329038,43.16362203261296],[-0.468902033745801,43.16403872896757],[-0.468630091987428,43.16477405200399],[-0.468633342818731,43.166077637647625],[-0.469047353450786,43.1670114732105],[-0.468923241686395,43.16723875118796],[-0.468497573120361,43.16733978017834],[-0.465528726304358,43.166772607813215],[-0.463284481832681,43.16557075182287],[-0.462802573331611,43.16502082171658],[-0.46216311377737,43.16457138549435],[-0.459238462306093,43.163917096846255],[-0.457600780836467,43.163310593278325],[-0.455644137892236,43.16298439051968],[-0.454388422535143,43.16269691670873],[-0.451806302961039,43.16254374298244],[-0.451569799676805,43.16251710328667],[-0.451528394528052,43.16240048606766],[-0.452609271671569,43.16105949710555],[-0.453282323273863,43.160612082883645],[-0.453918378873617,43.159895751537526],[-0.454348433485854,43.15923103444109],[-0.454286975900498,43.15902592874646],[-0.45467636359782,43.15864791718011],[-0.45472387512044,43.15790002389671],[-0.455943883303634,43.15755120294062],[-0.456390870325342,43.15749905705097],[-0.456456289191434,43.15711251988558],[-0.456319333765123,43.15671446573701],[-0.456597642599782,43.156350812731674],[-0.457153978903741,43.15596833834092],[-0.456817071454214,43.15559920637185],[-0.457119232413887,43.15536713493937],[-0.45852140568346,43.15309114655388],[-0.458615373647891,43.15307912800745],[-0.459518926749701,43.151883309513664],[-0.459698063788211,43.15134276698771],[-0.460049481171986,43.15086601853009],[-0.460471665158798,43.15052384596473],[-0.46112220472878,43.149621539977964],[-0.461220310541908,43.1493708004815],[-0.461131936256945,43.149250294358154],[-0.462136185767922,43.14817726532962],[-0.464045089637295,43.14552029605248],[-0.464154154682519,43.145247594112824],[-0.464673553620299,43.144559257132954],[-0.46539867452728,43.14305761502574],[-0.465612458253537,43.142153120793346],[-0.466411818556372,43.14217692813312],[-0.466698126835263,43.14176437449087],[-0.466632608039704,43.14167645020805],[-0.4658207675016,43.14138295025728],[-0.466164321470512,43.14087942552576],[-0.467752260388034,43.13921136302784],[-0.468370166285576,43.13928510943507],[-0.470101435958109,43.13703709387005],[-0.469656622295093,43.13673360557312],[-0.470424141643327,43.13585988861145],[-0.470415803482,43.135680093643906],[-0.470104784001192,43.13559827811053],[-0.47073996113686,43.134772936618205],[-0.471650311728874,43.13331030452596],[-0.47195162326483,43.13167552536777],[-0.471911683534748,43.13086742918245],[-0.472196424292601,43.130409896496644],[-0.473019767362299,43.12966940973106],[-0.475179316642909,43.128398754121065],[-0.476079166696793,43.1279708852852],[-0.478372656958066,43.12719191513314],[-0.481189557244827,43.12555328749354],[-0.482692076587664,43.12492942356052],[-0.483460420370664,43.12470741280459],[-0.483898368502017,43.124407850680505],[-0.484191045845576,43.12430835372391],[-0.484985082225569,43.12437000077737],[-0.485778391577505,43.124338032608556],[-0.48614425462116,43.1242496669151],[-0.486659650763241,43.12397099509561],[-0.487261139170953,43.12397853569797],[-0.48756035557905,43.123865312935905],[-0.488102179587991,43.12351555364598],[-0.488236951519275,43.123182573982675],[-0.488511321227345,43.122922500974774],[-0.48858500587523,43.12257529338845],[-0.488875496489729,43.1224398414372],[-0.489144030502254,43.122429343587136],[-0.489446175922909,43.12205943011648],[-0.489858743126867,43.122602461595115],[-0.490140138689601,43.12270318402836],[-0.490397536758649,43.12265072892586],[-0.490726747678598,43.12236276387135],[-0.492735121296692,43.12138744423236],[-0.493207622151229,43.12139643191852],[-0.493846965024299,43.121562964135514],[-0.494424540048856,43.12186654427263],[-0.494920763615185,43.122247487441015],[-0.495567573338718,43.1224965972652],[-0.496347942669826,43.12298265478806],[-0.497235294523694,43.12377404476822],[-0.498203309610133,43.124191876341634],[-0.499084963994165,43.12431989968421],[-0.499913869170433,43.12426686391657],[-0.500215787774586,43.124158019075516],[-0.500770369713179,43.12387800438838],[-0.501543710186913,43.12327306209298],[-0.502029416185843,43.123033092979135],[-0.502436991238677,43.12314678829806],[-0.503409418529302,43.12446835714659],[-0.504745716829031,43.12503981486755],[-0.505430077716757,43.12548121726185]]]]}},{"type":"Feature","properties":{"fid":1361,"ID":"COMMUNE_0000000009762780","NOM":"Etsaut","NOM_M":"ETSAUT","INSEE_COM":"64223","STATUT":"Commune simple","POPULATION":63,"INSEE_CAN":"14","INSEE_ARR":"2","INSEE_DEP":"64","INSEE_REG":"75","SIREN_EPCI":"200067262"},"geometry":{"type":"MultiPolygon","coordinates":[[[[-0.562532709608278,42.88412429567406],[-0.562848734988819,42.88446666966841],[-0.56293624232154,42.88501466848278],[-0.563090360570881,42.88521208950583],[-0.563022284778162,42.885618526810546],[-0.563179317333125,42.886301943859294],[-0.563005118569278,42.88713318598463],[-0.562527765547954,42.88759281970396],[-0.562884333944851,42.88823630751375],[-0.562803389226961,42.889808898360194],[-0.563326673459592,42.8903361299114],[-0.563650934896381,42.89101129631556],[-0.564112685632175,42.89159277879411],[-0.564081750081518,42.89188636365903],[-0.56387893983793,42.89217215382144],[-0.563791888348037,42.892528814279935],[-0.564290930315535,42.89393632276135],[-0.564079562398206,42.89436192555602],[-0.564085957303394,42.89462546563379],[-0.564274875410104,42.894810929790346],[-0.564758504265806,42.89491099002473],[-0.56501234764718,42.895096997030706],[-0.565302122174599,42.896644683633546],[-0.565787014614321,42.89698414634593],[-0.566634828552767,42.89741146752599],[-0.566840138523603,42.897624289143835],[-0.566969599117426,42.89811688776363],[-0.56756990062834,42.89870005862738],[-0.567682380107753,42.8991752178949],[-0.567351467097346,42.89984695269009],[-0.56737377571329,42.90007035730117],[-0.56803421018691,42.90061552130445],[-0.568680785351741,42.90165174460094],[-0.569821804853799,42.902604008214524],[-0.570133256069367,42.903128361490566],[-0.57014511896905,42.90359966607843],[-0.569867859193938,42.904486572589605],[-0.569864829,42.90497457645208],[-0.569636358813873,42.90575903908523],[-0.569553909869158,42.90656835220463],[-0.569744421133794,42.907196652032994],[-0.570386025004814,42.90771272831403],[-0.570674155895819,42.90811633303001],[-0.570620893155535,42.90848448345527],[-0.570319220447894,42.909014829459835],[-0.570473896937099,42.90991618049269],[-0.570773448386664,42.91044543358676],[-0.571477184985281,42.91103505606731],[-0.572265962956028,42.91238881292773],[-0.572963299967983,42.912953435374206],[-0.573821138518036,42.91405553133194],[-0.574062220294575,42.91443009050054],[-0.574386861573236,42.91558414187883],[-0.574949299635296,42.9159263953523],[-0.57504498718181,42.916107750375346],[-0.575033763793963,42.91693901081706],[-0.575973630633614,42.917244385644366],[-0.576179200390217,42.91751930203206],[-0.576278643527409,42.91786076762834],[-0.576736561215185,42.91815608365265],[-0.576850121849174,42.919143425964094],[-0.577050627122064,42.91953463676412],[-0.577294382747683,42.91979297627861],[-0.578046169329733,42.920165816187044],[-0.578142492046722,42.92029763713939],[-0.577970480259208,42.92100373068428],[-0.577980091516179,42.92137789672023],[-0.578178739193286,42.9216593432215],[-0.578594245894093,42.921961468274425],[-0.578734814808713,42.922393384247734],[-0.577803432229418,42.922644074974166],[-0.577145073431026,42.92293247256962],[-0.577099625772755,42.92324815948146],[-0.577535545789024,42.92485401300396],[-0.577713569449825,42.9259724445915],[-0.578062675775939,42.926825915410404],[-0.577974610885013,42.92750310888823],[-0.577812401457876,42.927911809017],[-0.57763323511483,42.92800599942609],[-0.575854471227011,42.92814446754672],[-0.575252295726847,42.92833195827809],[-0.574575375064751,42.92826087241342],[-0.571847319883403,42.92752615958209],[-0.570727899913505,42.927151994710194],[-0.568692605650987,42.92706302038704],[-0.568326969578798,42.927073371189245],[-0.56742815194261,42.92745701768572],[-0.566334260137891,42.92757707344571],[-0.565190808166849,42.92796702487792],[-0.564335993952929,42.92799090167855],[-0.564032094150432,42.9282683499316],[-0.560561252010978,42.927364462514376],[-0.558227236959091,42.927158266525716],[-0.557849040877675,42.926943947343155],[-0.557077708307139,42.92619172800595],[-0.556203014635548,42.925811109309294],[-0.555823302914686,42.92555182400729],[-0.555329863947662,42.92547544287211],[-0.554752657474383,42.924951733373],[-0.553758395253616,42.92461826419393],[-0.552744133674567,42.92391816771399],[-0.551858752137904,42.923581979732575],[-0.550268734639857,42.923580553508685],[-0.549708339448141,42.92337043195952],[-0.548846562434629,42.92325938852433],[-0.547199100720164,42.92333993299484],[-0.545807076181535,42.92387201555092],[-0.543661842313852,42.92500776403164],[-0.541672301443311,42.92582596603906],[-0.540219945196917,42.92613401543052],[-0.537019081785604,42.92842246335071],[-0.536032701503822,42.92948296831834],[-0.535480810917776,42.92945252967902],[-0.5347358056148,42.929248406775024],[-0.532703777197172,42.92921265395099],[-0.531834413460062,42.92895769089373],[-0.531016723225892,42.92848497653729],[-0.530062830157234,42.92774667774847],[-0.528309806268781,42.92694011318162],[-0.527758297301592,42.9256871710168],[-0.527567893738904,42.92555749836929],[-0.527199473015085,42.925521891330696],[-0.526634956236274,42.92522266834868],[-0.524985635418325,42.92404447460108],[-0.523475830543653,42.92318574594806],[-0.52250027676148,42.92325736246182],[-0.521154812729875,42.92324838278508],[-0.51762966889283,42.92270409616121],[-0.516384169399128,42.92224259390812],[-0.514962217646255,42.9219209808294],[-0.514020755962077,42.92144319788534],[-0.513575920460541,42.92109588533877],[-0.510510202138595,42.921177260403475],[-0.50866125629709,42.920902832455965],[-0.508331821444927,42.920417602845575],[-0.50782857106784,42.92011628528275],[-0.505546516396271,42.91972723053728],[-0.504300688340347,42.919257503867],[-0.504268801934063,42.91862842697282],[-0.504678686786817,42.91700014797207],[-0.50535404354661,42.91581328451815],[-0.505598482274085,42.915582062082976],[-0.506146016659333,42.915522774635626],[-0.507448025236212,42.914634089573276],[-0.507373057999442,42.914366488934895],[-0.506985219797822,42.91392727569303],[-0.507015696087232,42.91329706469175],[-0.507352843556929,42.91269554243323],[-0.507327854036061,42.912201268434785],[-0.506808168374877,42.91158633064881],[-0.506414518089257,42.91078724193626],[-0.506264332852797,42.91020704179862],[-0.505755806282458,42.90981677683306],[-0.50521607455688,42.90878841467914],[-0.504637994491426,42.90821948454],[-0.504135138306157,42.90796315210241],[-0.503330580384912,42.90775987177005],[-0.502449602621877,42.90724402378442],[-0.501951645783189,42.907068536244],[-0.500055275903277,42.90729871414577],[-0.499149141344065,42.90750198522605],[-0.496157859267693,42.90785149276854],[-0.494871157104007,42.9077952743209],[-0.493809045040566,42.907320360890814],[-0.493485428800675,42.90696903156911],[-0.493642501530759,42.906425628234985],[-0.494232793942225,42.90573580125674],[-0.494203783896861,42.90515254683242],[-0.493803802057864,42.90448865232858],[-0.493563112561522,42.90331818899006],[-0.493575754182975,42.90232851297903],[-0.493882976049536,42.9011069126783],[-0.493624575343505,42.89931682850564],[-0.49334905293047,42.89868579206642],[-0.492153115729192,42.89799829252968],[-0.490966796309356,42.89749049700873],[-0.489402223625923,42.8969832856326],[-0.488714712411297,42.89668698491824],[-0.487600601943132,42.896401842826705],[-0.485826460373177,42.89635866288081],[-0.485503007514499,42.89600821132619],[-0.484938938724372,42.895707878774054],[-0.485647599102393,42.8951951898625],[-0.486660600075541,42.89467440969288],[-0.487575786320751,42.89438003292079],[-0.488050987646844,42.894098148394676],[-0.488627780919036,42.893408796606806],[-0.489508645065379,42.892666348676734],[-0.490094124285794,42.8918776911274],[-0.491354760885227,42.88892293833594],[-0.49188381610365,42.888235122408645],[-0.491806251622747,42.887922598309515],[-0.4912964824176,42.88748641564211],[-0.490883620448828,42.88654480295996],[-0.489581201605273,42.884916514946795],[-0.489438132999802,42.88447110081545],[-0.489538227330849,42.88401867960574],[-0.489075343753861,42.88330282410734],[-0.488948242272721,42.88070017835628],[-0.488292206892448,42.87953963868447],[-0.488348182549768,42.87819032749651],[-0.489014833371841,42.878082239336955],[-0.489892813037066,42.87729577826918],[-0.490727535790186,42.87686896782133],[-0.492607691385305,42.87632441269471],[-0.493017461564007,42.87595462227502],[-0.493400889244452,42.87504561144166],[-0.493698031774084,42.8733743019208],[-0.494080210372256,42.87246533054094],[-0.494264585857214,42.8712387559053],[-0.494063478580651,42.86962598293246],[-0.494216289551627,42.867509318510514],[-0.493814723525581,42.86553403107236],[-0.494789414008662,42.86398017930476],[-0.494652026985272,42.86366961357083],[-0.494010681784396,42.86305682224139],[-0.493804811754144,42.86260446773296],[-0.49394379701873,42.861701623875796],[-0.493338538006631,42.860549385906445],[-0.493562505704461,42.85992011186982],[-0.493419045627247,42.858735732871324],[-0.491957978329291,42.85773557713694],[-0.491349036346252,42.85505596674537],[-0.490872021770587,42.85438650998518],[-0.4912871566248,42.854413502416364],[-0.491396984495809,42.854144394995835],[-0.491571654214622,42.85399739170049],[-0.491975364679741,42.8539158400432],[-0.492228683595606,42.85369336605706],[-0.492484109597132,42.85360763947267],[-0.493588045797394,42.85361489138272],[-0.494255202313769,42.85345904125605],[-0.494580587092897,42.85356005348797],[-0.495162062756218,42.85336288389665],[-0.495741116326804,42.85304427506088],[-0.496077729503102,42.85245813233441],[-0.496882083259474,42.852102469034904],[-0.49719938987697,42.85182569005755],[-0.497804782109828,42.85172133722188],[-0.497859025677004,42.85134242181729],[-0.49936351233905,42.85062816117801],[-0.499456620989355,42.851300206228935],[-0.499974202861225,42.851870189303966],[-0.500728897596298,42.85227401140179],[-0.501355322141184,42.852924146809194],[-0.503860367813333,42.85514663260482],[-0.504662708510394,42.855304942244594],[-0.505823929142459,42.85779992565245],[-0.507516314088964,42.857440355170446],[-0.50776478930299,42.857523141530585],[-0.50916983691981,42.85753118923589],[-0.510286566888989,42.85786999828869],[-0.510850344967197,42.85816928916343],[-0.511236344518385,42.85856350936379],[-0.51138495014623,42.85909871853282],[-0.511845876182543,42.85976052158313],[-0.513468440232244,42.86170386461809],[-0.513605923202642,42.8620144057097],[-0.512802254135161,42.86306957276404],[-0.512851008920747,42.86405721666234],[-0.513171211912625,42.86459670885765],[-0.513086646213925,42.865362787893176],[-0.513754685598067,42.86651377772224],[-0.514775367665818,42.867384972776414],[-0.515178875561808,42.86814766568026],[-0.515691320577499,42.868627746551],[-0.516956441195914,42.86949271409794],[-0.517234259110211,42.870159607492866],[-0.51986536768674,42.871491929536774],[-0.520726321134936,42.87160320028332],[-0.521727607925899,42.87207081346959],[-0.522536599830583,42.87219277724333],[-0.523505846067506,42.8732006112818],[-0.5243807544535,42.87358143815726],[-0.525980658300311,42.87380881331321],[-0.526240978037948,42.87412520922449],[-0.526688845459753,42.87577575468235],[-0.5272270966999,42.87702006473571],[-0.527877916986052,42.877820500993316],[-0.530125021335597,42.87852431943559],[-0.531545994450806,42.8788457194264],[-0.533636844172888,42.87911263639217],[-0.535056336516997,42.87938903237555],[-0.535791032802605,42.87941433235527],[-0.538594521817023,42.88024726890472],[-0.540599161457578,42.88122621938654],[-0.541089518999262,42.881258646134185],[-0.541875574609127,42.8811021790301],[-0.542911528241186,42.881029270940985],[-0.548282083867108,42.88310490717022],[-0.54960908522054,42.88396748126825],[-0.550664929456492,42.88429891525547],[-0.552267254426865,42.88457894363584],[-0.554524082682716,42.88447270262735],[-0.556554558834362,42.88450804142782],[-0.558068344652054,42.884241816563765],[-0.559165468877351,42.88416762442577],[-0.559718971255776,42.884250982805774],[-0.561322939823364,42.88429767902258],[-0.562532709608278,42.88412429567406]]]]}},{"type":"Feature","properties":{"fid":1376,"ID":"COMMUNE_0000000009761603","NOM":"Saint-Goin","NOM_M":"SAINT-GOIN","INSEE_COM":"64481","STATUT":"Commune simple","POPULATION":224,"INSEE_CAN":"14","INSEE_ARR":"2","INSEE_DEP":"64","INSEE_REG":"75","SIREN_EPCI":"200067262"},"geometry":{"type":"MultiPolygon","coordinates":[[[[-0.755738643397032,43.21181561828191],[-0.756356625873171,43.2125712519653],[-0.756248814201429,43.21284426245783],[-0.757320921943991,43.21448550352517],[-0.759013357531555,43.21623570176962],[-0.760468680681188,43.2180868991559],[-0.759567228012575,43.21776350840452],[-0.759425182830645,43.21760546268058],[-0.759034690996677,43.21754612662665],[-0.758002799356601,43.21718584414094],[-0.751882581738681,43.219806864956176],[-0.747904078202999,43.22181553552915],[-0.746451675322735,43.222261308874494],[-0.741004196308695,43.22499880740474],[-0.740891957430123,43.22507203917472],[-0.740884404418368,43.22529743197502],[-0.739505709555181,43.225894542227294],[-0.739532746822218,43.22606470466543],[-0.739429623159992,43.226164634640625],[-0.738698477461589,43.22639799191369],[-0.737306636899632,43.22730620891099],[-0.736875312772934,43.22743461331495],[-0.734831573816852,43.228869664316996],[-0.729988776364642,43.231491095993164],[-0.726285117571162,43.23375508817979],[-0.725678279784413,43.23475220648997],[-0.724029635197203,43.23580959123178],[-0.723557011832917,43.23705511259462],[-0.722702073049606,43.23728182145255],[-0.722411299735318,43.23745214422743],[-0.722057628533677,43.23798394398558],[-0.721274031079418,43.23826671452928],[-0.720798934122598,43.23857756610555],[-0.72038384981435,43.23865401195101],[-0.720350457137947,43.23870919441402],[-0.720624434451522,43.238927581686134],[-0.720334156139957,43.239124897207525],[-0.718988604596601,43.239403607006494],[-0.718679009101986,43.2396835310398],[-0.718321284764273,43.23973277762641],[-0.717220822011401,43.23964821504523],[-0.716146695005483,43.239895927261884],[-0.715417626623927,43.240203791900434],[-0.715169502200382,43.24042485631519],[-0.714725106182573,43.240620257009034],[-0.714025658463704,43.24066143881672],[-0.713523333419065,43.24091375959189],[-0.713265250190372,43.240903728370405],[-0.71326885011828,43.240710893226655],[-0.713052700048348,43.240357221306716],[-0.71274988320082,43.24030280144006],[-0.712493812087452,43.24034312833959],[-0.712295286029746,43.24051205058269],[-0.712253003440335,43.24077375504135],[-0.712398880168533,43.24095424442925],[-0.712793806067137,43.24094696304207],[-0.712726511101133,43.241164502280355],[-0.713076223985799,43.241277643896275],[-0.712764333332277,43.24167559718331],[-0.713102958793403,43.242056574934985],[-0.713126932663881,43.242237655384194],[-0.712510197580237,43.24268391704847],[-0.712214205840041,43.24279315520353],[-0.711996669428287,43.243011358881446],[-0.711878505565194,43.243606164555494],[-0.712082026858291,43.243725238113385],[-0.711914578899761,43.243803038662776],[-0.712197335434939,43.24431111403851],[-0.711892726006848,43.24465028063454],[-0.711734453394012,43.245483303508145],[-0.710694463117365,43.246129616100795],[-0.71009855329627,43.24594298075943],[-0.71020169713206,43.24656980094759],[-0.709918357470881,43.246780356453534],[-0.709629950627783,43.24681638397791],[-0.709473983858612,43.24693881204357],[-0.709425122656182,43.24713680510982],[-0.709598532635542,43.24743882432348],[-0.709279393550539,43.24789735166292],[-0.708764861891127,43.24801859201301],[-0.708445787702278,43.24755858149336],[-0.708138627723205,43.247341301972966],[-0.707047183644772,43.24730314803439],[-0.706702552571959,43.247173601618414],[-0.706438435450913,43.247338461389404],[-0.706080744515804,43.24735074324205],[-0.705610044432464,43.247674881704185],[-0.706097932204497,43.24823176332742],[-0.705250852012308,43.24818159820877],[-0.705068648639235,43.2482409832218],[-0.704673840561456,43.24857692072317],[-0.704078812144013,43.24863426244397],[-0.70318236420521,43.248544351088476],[-0.70282264321533,43.24821809607019],[-0.701801686162824,43.24912481713049],[-0.700245645656254,43.249852657848315],[-0.700322782306548,43.24992205519759],[-0.699006271178213,43.25054350931832],[-0.699134248624279,43.250637280407744],[-0.699344488276652,43.25053462052959],[-0.699558649065059,43.2506659609414],[-0.698516009189716,43.25121678677707],[-0.698217798737982,43.25096585318821],[-0.69743405781157,43.25144296064908],[-0.698823694149705,43.25240303554706],[-0.697725427729753,43.25298997895655],[-0.697114401059503,43.25245258507723],[-0.696742379922478,43.25264542960363],[-0.697361566549626,43.25327169765236],[-0.696248096137023,43.25381412009873],[-0.696596715216416,43.254063333766915],[-0.695992434531224,43.254669362763806],[-0.696278380960574,43.25490181252829],[-0.69570964504559,43.25510138846879],[-0.694529923165771,43.255745117539426],[-0.693259469197276,43.25393351885536],[-0.692232868534584,43.254274812380345],[-0.691153081148316,43.25259175045984],[-0.690408291145296,43.25292789289244],[-0.690230051604452,43.25312669660181],[-0.690155863355476,43.25304548463832],[-0.689805186613172,43.252282127337054],[-0.690137572458763,43.25125768563435],[-0.690113506623212,43.2508622817373],[-0.690597581638792,43.24772275032796],[-0.69108885292937,43.246275037684256],[-0.692116818242229,43.245745498801384],[-0.692249454019378,43.24589314834461],[-0.693157860585728,43.24543972987857],[-0.692908293700949,43.2451781150677],[-0.693493966264272,43.24487891650162],[-0.693648863984234,43.24500869274753],[-0.693923588085984,43.24485520909568],[-0.694314118364548,43.245202048251144],[-0.694998270585411,43.24486345004139],[-0.694393846229996,43.24433122509146],[-0.695515876330705,43.24367506249255],[-0.696312998547844,43.24440780014357],[-0.697986531521924,43.24378495262494],[-0.698658834514912,43.24360792830604],[-0.698671740064527,43.243405770888906],[-0.698909435170965,43.24309775402292],[-0.699376869920803,43.24270351777453],[-0.699185032271034,43.24222831807278],[-0.699987773311708,43.241454276312766],[-0.699795422932088,43.24131678811039],[-0.700193323597282,43.24108702417162],[-0.70010459570404,43.24085593265427],[-0.699939268458624,43.2407940619837],[-0.699610704661185,43.24045322473991],[-0.70032851769623,43.24037188433201],[-0.700717512114248,43.24050262887934],[-0.701141593360831,43.24018191225325],[-0.701633080463902,43.24035506485833],[-0.702116603191774,43.23992424388982],[-0.702789894881513,43.239072673954695],[-0.704132714133788,43.239613729972504],[-0.704418238127412,43.239303158298014],[-0.704509501520562,43.238825454809096],[-0.70477665576087,43.238823488496344],[-0.704881636687557,43.239153975488],[-0.705215385579034,43.2392875007666],[-0.70581749448447,43.23826815717818],[-0.706785713586871,43.237483877498384],[-0.707018145510637,43.23763168289841],[-0.706945694007416,43.23776924867823],[-0.707370367589064,43.23791855471046],[-0.707597015905194,43.237650519827376],[-0.70806642904282,43.237422771389966],[-0.709038442843301,43.23652577577689],[-0.709836381537701,43.23613994395659],[-0.709994829845516,43.23609487435664],[-0.710513424731924,43.23674702855994],[-0.710824497912641,43.236987576734826],[-0.711724021470541,43.23630466934782],[-0.712049152304089,43.23645738043017],[-0.712473573217784,43.23625817517369],[-0.712007472272867,43.23557991050829],[-0.713022071235292,43.23549908073369],[-0.713098090746278,43.23564685138769],[-0.714010730196851,43.23543624388324],[-0.715091521289047,43.23477678562966],[-0.715465313602031,43.2344802541686],[-0.715707940901577,43.2341360076958],[-0.717168607790395,43.23317978446317],[-0.718268440404594,43.23358134674463],[-0.718461941820913,43.23377459426947],[-0.718732469267105,43.2337679738004],[-0.71891732472719,43.233502254363714],[-0.718716434694025,43.23315617430463],[-0.718809221798936,43.23300979452587],[-0.719110509310201,43.23284992549417],[-0.719490400894412,43.232839533798995],[-0.719751426557557,43.23259009834194],[-0.719718949823845,43.2324111142997],[-0.719424360764799,43.23244558231421],[-0.719265466988688,43.2322160238192],[-0.719358251190747,43.2320696436781],[-0.719609788095961,43.23218884717771],[-0.719701921840749,43.232051494305864],[-0.719555399068332,43.23178458868277],[-0.71975743049253,43.23136518797939],[-0.719600855474971,43.231171570963454],[-0.719724673918772,43.23062789359819],[-0.719617078493469,43.23016243362299],[-0.719676329691173,43.23010726077019],[-0.720046430652233,43.23009810452239],[-0.720098799358835,43.22991709645791],[-0.720547759551565,43.23002318738219],[-0.720235585325504,43.22967014192093],[-0.720251229535515,43.22945437930299],[-0.720693495038238,43.22968587200474],[-0.720848607468729,43.22932211816481],[-0.72099566780057,43.229291832664764],[-0.721111450049683,43.22940670814382],[-0.721322128356396,43.229446269641805],[-0.721624376887686,43.22901530465311],[-0.721893281924097,43.228850240618755],[-0.721888633422253,43.228224542409855],[-0.722730589663437,43.22747418483106],[-0.72294198449645,43.22708597328554],[-0.722875513582979,43.22689555642191],[-0.723125236771143,43.22639525880464],[-0.722910060402492,43.22577052192438],[-0.723106619012665,43.2252288342938],[-0.72325889242136,43.22506959200117],[-0.723555711188736,43.22495579015092],[-0.724231778331876,43.22432641096757],[-0.725369118014137,43.223975570058975],[-0.725692719261498,43.2237617807681],[-0.726277988700916,43.22294731585741],[-0.726794789222832,43.22257916621885],[-0.727455467680649,43.222284388210575],[-0.728025645675024,43.22173248442557],[-0.728813085970631,43.22084618231825],[-0.729109204057266,43.22030284348393],[-0.734464064984622,43.21790235608258],[-0.739208090703184,43.215563289043054],[-0.744508878845195,43.21308220996702],[-0.746697834150394,43.212530733311134],[-0.747160215206881,43.21233276842598],[-0.748393843346399,43.21216203632625],[-0.749074279995774,43.21240224264686],[-0.749838358713239,43.21228113076001],[-0.750833831558806,43.212234815794886],[-0.752301033114264,43.211869509201414],[-0.752911482683291,43.2118662839631],[-0.753366564463743,43.21195401073308],[-0.75458542552884,43.2117837208186],[-0.755738643397032,43.21181561828191]]]]}},{"type":"Feature","properties":{"fid":1482,"ID":"COMMUNE_0000000009762892","NOM":"Urdos","NOM_M":"URDOS","INSEE_COM":"64542","STATUT":"Commune simple","POPULATION":70,"INSEE_CAN":"14","INSEE_ARR":"2","INSEE_DEP":"64","INSEE_REG":"75","SIREN_EPCI":"200067262"},"geometry":{"type":"MultiPolygon","coordinates":[[[[-0.49936351233905,42.85062816117801],[-0.499089698626043,42.85004302239242],[-0.498699645805346,42.84955888737954],[-0.498624824351956,42.848032943776246],[-0.498717885679749,42.84744573776129],[-0.499381140653978,42.84702354928564],[-0.499542189571765,42.84657004043462],[-0.499515862837861,42.846031735408076],[-0.499007361016794,42.84437323093029],[-0.499518298244252,42.84359596946375],[-0.502177465785222,42.840289481662545],[-0.503082153628074,42.83981617887627],[-0.503243153687254,42.83936266743459],[-0.502261365826278,42.83677274270658],[-0.500243075992219,42.8354695970854],[-0.499910002594052,42.834894505908835],[-0.499753178888215,42.8341795468335],[-0.499784632968924,42.83232702151388],[-0.499405682717162,42.83058420573993],[-0.499555649232336,42.82990694052276],[-0.499897070049612,42.82940344415296],[-0.500900408244469,42.828702815703224],[-0.50123761566368,42.8281094432863],[-0.501230567453683,42.827809942518],[-0.501774217597039,42.827720178855934],[-0.502189863070777,42.82753558383199],[-0.502727649194286,42.82747030931143],[-0.503798133599672,42.827559541255],[-0.504492002150004,42.8274261499301],[-0.504886392182737,42.82747716359524],[-0.505150391402442,42.827353320278036],[-0.505669811721723,42.827287731237526],[-0.506028303623314,42.826825060430465],[-0.507096422048867,42.82640938334985],[-0.507255537247588,42.826270063815265],[-0.508097836722985,42.82600307886305],[-0.50837535366931,42.8257995766367],[-0.509102813763387,42.82549403728764],[-0.509143462601357,42.825377494562936],[-0.509778365775468,42.82534140828434],[-0.510259646209185,42.825029518879994],[-0.510563794145544,42.82502405978716],[-0.510819367215499,42.82453863971953],[-0.511094758215486,42.824421608934195],[-0.511309000553431,42.82402125023798],[-0.511364490776055,42.8237052995996],[-0.511730112782757,42.82338189013081],[-0.51249643835742,42.823052551299206],[-0.512716073135719,42.82276182464302],[-0.513212465982559,42.8223567165637],[-0.513362279736017,42.82170013833495],[-0.513200921872266,42.82139759467602],[-0.513154600048903,42.82083385416988],[-0.513773627647382,42.81877755511092],[-0.514729613635095,42.818633701571905],[-0.515775548963934,42.818178157431475],[-0.516468233943094,42.81812843264215],[-0.516796437647477,42.81787464004971],[-0.517653696597855,42.81757468253295],[-0.518195499922816,42.817678413128036],[-0.518776362834417,42.81715529403225],[-0.518835504654242,42.8167591118369],[-0.519009199490584,42.81657879150257],[-0.519003599536117,42.81624414095185],[-0.519110399343449,42.816069617039844],[-0.519608180507239,42.81591105820246],[-0.519812978884038,42.81563880588182],[-0.520294733091356,42.815377259423194],[-0.521939930399531,42.81486596589642],[-0.522077080361038,42.814768749657865],[-0.522102972636495,42.81412703301473],[-0.521858408987523,42.81342039644595],[-0.521930988642301,42.81318578794909],[-0.523081941632111,42.81311375824529],[-0.523928897054004,42.81260526586336],[-0.524507913759537,42.81241610957094],[-0.525053782795874,42.812103827570525],[-0.525292788312556,42.81148930461195],[-0.525313960984806,42.81113307206068],[-0.525215431651708,42.81095989500697],[-0.525428924015034,42.810710748166045],[-0.525510613186871,42.81044523450604],[-0.525887204163093,42.81008361074168],[-0.526091653603015,42.809725849114166],[-0.525921855316765,42.80866032826109],[-0.525237734860356,42.8084866138102],[-0.525028640924803,42.80820366273861],[-0.525071833339263,42.80768649131374],[-0.525344834853424,42.807471391143785],[-0.5251409300874,42.807213472424564],[-0.525296671032562,42.80708053703401],[-0.52528332210387,42.80696126444401],[-0.524863438505256,42.80675005353759],[-0.524472511048249,42.80616975328071],[-0.524519360763765,42.805813578356],[-0.524657332521662,42.80564972535125],[-0.524755765729949,42.804914717810426],[-0.524588622360519,42.80461778631704],[-0.524723342680209,42.80438023323398],[-0.524742779948239,42.803572217557864],[-0.525045155735618,42.802934912608556],[-0.524835877063361,42.80268887281499],[-0.524240290720582,42.8023412273333],[-0.523873789085932,42.801921239961246],[-0.523456757889666,42.80177653820622],[-0.523170397115984,42.80144842249635],[-0.523337648766289,42.801122494269094],[-0.523132726697191,42.80040376594876],[-0.523249132466022,42.799924695829894],[-0.523107791864795,42.79973042502044],[-0.523201566450069,42.79956352716309],[-0.522995902111289,42.79937677166832],[-0.522912897756584,42.7990761735207],[-0.523563975458098,42.798424710255134],[-0.524180394047924,42.79822982329349],[-0.523526920589026,42.79737013546994],[-0.524756875223556,42.797215373539025],[-0.524958225350663,42.79712954299219],[-0.525168096697853,42.79690211922637],[-0.525899028330701,42.795392039189295],[-0.526383320027695,42.795115078984416],[-0.527079617802201,42.794887842938074],[-0.527334423698977,42.79445461784921],[-0.527500692341584,42.7936903780637],[-0.527642326324206,42.79348679782165],[-0.528160089986479,42.79341934551777],[-0.528293594277464,42.79330333964193],[-0.528961396570691,42.792265158847464],[-0.529655416397675,42.791659047569574],[-0.530834702091391,42.79187941382388],[-0.53173560524273,42.791902825989226],[-0.532332605586352,42.79215406935678],[-0.532918052281363,42.79225537728844],[-0.533515916846321,42.79248048361672],[-0.53488153490022,42.79260915365226],[-0.535430677130357,42.792334511958174],[-0.536876244838711,42.792391212169896],[-0.537712307283842,42.79279474946058],[-0.538446189600056,42.79288482604313],[-0.539675654367958,42.793305958919184],[-0.540455503505952,42.793468310450066],[-0.541146466233469,42.79351568306717],[-0.543592571157156,42.79322419156073],[-0.545487925191281,42.7890940053965],[-0.551036067231253,42.77935228555178],[-0.551797578921829,42.77785721155563],[-0.552082107442839,42.777894580856305],[-0.552713653719746,42.778212065919284],[-0.553431569396806,42.7788030067051],[-0.553584028941614,42.77931819490838],[-0.553707769789148,42.77936359426339],[-0.555022843576645,42.779508975611954],[-0.55605152113526,42.77978625985779],[-0.557170380710715,42.779859821759736],[-0.557978782755848,42.77985187583852],[-0.558723662601932,42.77950490291427],[-0.559812924505428,42.77969373095609],[-0.561255024780542,42.78029655835609],[-0.562230320077092,42.780559358099254],[-0.563303973682772,42.78063255988013],[-0.563908074684509,42.78077987939689],[-0.564316636080758,42.78076718608462],[-0.564554175806268,42.78053606071922],[-0.565254157694134,42.78071258529258],[-0.567531054405788,42.78074029125125],[-0.567624647960414,42.78081188152502],[-0.567417124444663,42.78115362543921],[-0.567579187345778,42.781683780876136],[-0.567453528671551,42.782861681748074],[-0.567103318764674,42.783208176969836],[-0.567067294156921,42.783357891307624],[-0.566510724783729,42.78382646710354],[-0.566413957972419,42.784101515784506],[-0.56607357363614,42.784369372643475],[-0.566011857239329,42.784897079733156],[-0.56593068720419,42.78494838648511],[-0.566046548373163,42.78570150625288],[-0.565642104880068,42.78588148495038],[-0.565350459791715,42.786525755657614],[-0.565369774961145,42.78676093684688],[-0.565559846528276,42.787090345404046],[-0.565323691624386,42.78756355236331],[-0.565386267128215,42.78834455053061],[-0.565151670644047,42.788484671115675],[-0.564934160933252,42.78888344942826],[-0.564801471080548,42.788971573223236],[-0.563840660220159,42.789266365439836],[-0.563611650728865,42.78941799788858],[-0.562954148184177,42.789636986034985],[-0.562452723764148,42.78965095982487],[-0.562473848046234,42.78977627038879],[-0.562319529736388,42.78987051071747],[-0.561972309735289,42.790705640088255],[-0.561787768154352,42.79094489934112],[-0.560211854935599,42.7917929596986],[-0.559719498897739,42.791935332062245],[-0.559664173511151,42.79216939422473],[-0.55938505152547,42.792500900684686],[-0.559566668563555,42.79345076673376],[-0.55930314991579,42.79359813553604],[-0.558542775510819,42.79363509329495],[-0.558308633577946,42.794242332056285],[-0.557694392160352,42.79461016547483],[-0.55766603622778,42.7951052588467],[-0.557272208865973,42.795380262033675],[-0.556974755909116,42.795832083423164],[-0.556596027941525,42.796054377288065],[-0.556580556693157,42.7963807252152],[-0.556416057842048,42.796808329889586],[-0.556110266743532,42.797064204928255],[-0.556188210093645,42.79739915400095],[-0.555864272549201,42.79767813298262],[-0.555854625646751,42.79819960873543],[-0.555642463841198,42.79846767698701],[-0.555345121392248,42.79866206292706],[-0.554950283953428,42.79930072985101],[-0.554873141130995,42.79963812511081],[-0.554569339383213,42.79986692679534],[-0.554764463721317,42.801158394759504],[-0.554567913892252,42.80164196680404],[-0.554235504259405,42.80204273524331],[-0.553972753058091,42.80270312124355],[-0.554182813925093,42.803059794532516],[-0.554758287901254,42.80341514805859],[-0.555081479129972,42.8038625778545],[-0.555117806181157,42.80425651694325],[-0.554793397648401,42.804708328034046],[-0.554775286398568,42.80487184711888],[-0.555839215725138,42.80643693223244],[-0.556225097079483,42.80782828992147],[-0.556621621838588,42.81001228887386],[-0.557190812286325,42.81100241854041],[-0.557223317518712,42.81153330336945],[-0.557137370777772,42.81194660523993],[-0.557378756713642,42.81231483890874],[-0.558080515652894,42.812993629543804],[-0.558580601330647,42.813413580120944],[-0.559289564017181,42.813810390499825],[-0.55953285191914,42.81418935883351],[-0.560071414762125,42.814438804723785],[-0.56169288963275,42.81482238932512],[-0.5616591987288,42.81526996501049],[-0.561904554696293,42.81592159497742],[-0.561548802080968,42.816620203730295],[-0.561568590381233,42.816903082279914],[-0.561766585343446,42.817300654705605],[-0.562544650515082,42.817606939669034],[-0.562726312429116,42.81795734757878],[-0.562408847096755,42.81834324753028],[-0.561703199489676,42.81869974042155],[-0.561266573632855,42.819874497993844],[-0.560449826996392,42.820792745884326],[-0.560378697954686,42.82120826233588],[-0.560818924945012,42.82184712517594],[-0.5602776321793,42.823050560796986],[-0.560327048853392,42.82391663464465],[-0.558768267187095,42.82587754863893],[-0.558850510108359,42.826381586413326],[-0.558493246977836,42.82815498401109],[-0.55849318807468,42.82873286463992],[-0.558731836410936,42.82953415372223],[-0.559378967586006,42.83077464482848],[-0.559396005973446,42.83111252617264],[-0.559191459836531,42.8320653488044],[-0.55964203478573,42.83243294348618],[-0.55992047693156,42.83290526618988],[-0.560186147974459,42.833169183054665],[-0.559686493884838,42.83357732889798],[-0.559633228808657,42.83430460023513],[-0.559281543534434,42.83455300942747],[-0.55874637515188,42.83539979206005],[-0.558058657503206,42.83583307480916],[-0.557850130455347,42.83612263489273],[-0.557877297721236,42.836606002647734],[-0.558046567221767,42.837172867848246],[-0.557855119533206,42.83814055929617],[-0.55790543082522,42.838722174371675],[-0.557586119391281,42.83918013424358],[-0.557665623570328,42.83951954615776],[-0.557590634524633,42.83991269120651],[-0.557762713525868,42.84064508987301],[-0.557582452997335,42.84073748338409],[-0.556845925299541,42.84067460452298],[-0.555367590234986,42.840882055325466],[-0.554375596680816,42.84184117721749],[-0.554326921705783,42.84206512312371],[-0.554662674940278,42.842554466795995],[-0.554147843813698,42.84329613842987],[-0.554640650521441,42.84375327338252],[-0.554638847339932,42.84390365539123],[-0.553466456755369,42.844854346944366],[-0.553457633000314,42.8450499682991],[-0.553637797821578,42.845355444291],[-0.553609045817964,42.84556522816401],[-0.553340953644682,42.845701930942575],[-0.552479023926072,42.84590961464719],[-0.552324544682723,42.84618387203847],[-0.551948072859098,42.84650868877082],[-0.551978283148338,42.847582448613394],[-0.551890381797079,42.84786530199368],[-0.551721382929618,42.848002318966586],[-0.55100339387066,42.84824392844177],[-0.550715907962493,42.84848388192869],[-0.550803607428685,42.84871771372007],[-0.551389133855022,42.84913039025737],[-0.551269728590408,42.84937828117466],[-0.550648901241547,42.84986870853877],[-0.550760144738784,42.851067607855796],[-0.550658417585936,42.8513446175376],[-0.550273794032421,42.8518569269526],[-0.550310125281726,42.852771164430095],[-0.550682814896031,42.853523944343614],[-0.550649366047253,42.8536771752165],[-0.550366937652568,42.85386025180826],[-0.550262030019082,42.854065355732544],[-0.550235017272073,42.854483914594105],[-0.550357490891892,42.854766104854065],[-0.550205934972216,42.855368814660636],[-0.550315643789021,42.8557423419775],[-0.550766846600812,42.856198179093326],[-0.55066723287114,42.85699000080801],[-0.550903288531152,42.85768879767412],[-0.551031885841937,42.85913107026526],[-0.551283106600033,42.859557522426535],[-0.552037585601815,42.8602499552444],[-0.55217370461416,42.8609547621711],[-0.552421116869448,42.86127872235988],[-0.5528147603203,42.86155283144406],[-0.553309037104206,42.86173179068007],[-0.553524523474537,42.86199379614325],[-0.553443406528296,42.862907432852175],[-0.5526930492464,42.86390264714911],[-0.552802324317747,42.8644085121136],[-0.552720886344614,42.86489728986025],[-0.552781830374624,42.865473167424916],[-0.552865648341032,42.86566302344499],[-0.553247155002028,42.86595823851196],[-0.553411826257098,42.866289440185874],[-0.553102447737857,42.86777233535139],[-0.553630496878453,42.868202219953055],[-0.553742263257596,42.868748510810995],[-0.554263438030173,42.86928573913029],[-0.554551255877162,42.8701088454656],[-0.554840958921066,42.87024327087388],[-0.555269527461283,42.87022726850127],[-0.555794911393127,42.87031337363995],[-0.556325050526642,42.870756680460545],[-0.556434490382247,42.87156409327885],[-0.556199562936049,42.87186443188462],[-0.556127302725202,42.87214317529047],[-0.55623513451068,42.87326389751028],[-0.556314199607253,42.87345571077651],[-0.556769681470078,42.873938398964896],[-0.557287250088205,42.87549381786697],[-0.557145398091547,42.87615473800589],[-0.557205953233375,42.87640387516684],[-0.557451557170965,42.8767566964893],[-0.558485823506047,42.87755594826038],[-0.558696973190198,42.87788560583269],[-0.559139532788512,42.879154559297994],[-0.559347193735954,42.87936731072856],[-0.559903626590646,42.87961889989621],[-0.560742929685739,42.880411100634134],[-0.560816338794597,42.881388045488336],[-0.561421825831291,42.88201967117366],[-0.561490124356628,42.88303279378333],[-0.561644206758892,42.88328962851925],[-0.562532709608278,42.88412429567406],[-0.561322939823364,42.88429767902258],[-0.559718971255776,42.884250982805774],[-0.559165468877351,42.88416762442577],[-0.558068344652054,42.884241816563765],[-0.556554558834362,42.88450804142782],[-0.554524082682716,42.88447270262735],[-0.552267254426865,42.88457894363584],[-0.550664929456492,42.88429891525547],[-0.54960908522054,42.88396748126825],[-0.548282083867108,42.88310490717022],[-0.542911528241186,42.881029270940985],[-0.541875574609127,42.8811021790301],[-0.541089518999262,42.881258646134185],[-0.540599161457578,42.88122621938654],[-0.538594521817023,42.88024726890472],[-0.535791032802605,42.87941433235527],[-0.535056336516997,42.87938903237555],[-0.533636844172888,42.87911263639217],[-0.531545994450806,42.8788457194264],[-0.530125021335597,42.87852431943559],[-0.527877916986052,42.877820500993316],[-0.5272270966999,42.87702006473571],[-0.526688845459753,42.87577575468235],[-0.526240978037948,42.87412520922449],[-0.525980658300311,42.87380881331321],[-0.5243807544535,42.87358143815726],[-0.523505846067506,42.8732006112818],[-0.522536599830583,42.87219277724333],[-0.521727607925899,42.87207081346959],[-0.520726321134936,42.87160320028332],[-0.51986536768674,42.871491929536774],[-0.517234259110211,42.870159607492866],[-0.516956441195914,42.86949271409794],[-0.515691320577499,42.868627746551],[-0.515178875561808,42.86814766568026],[-0.514775367665818,42.867384972776414],[-0.513754685598067,42.86651377772224],[-0.513086646213925,42.865362787893176],[-0.513171211912625,42.86459670885765],[-0.512851008920747,42.86405721666234],[-0.512802254135161,42.86306957276404],[-0.513605923202642,42.8620144057097],[-0.513468440232244,42.86170386461809],[-0.511845876182543,42.85976052158313],[-0.51138495014623,42.85909871853282],[-0.511236344518385,42.85856350936379],[-0.510850344967197,42.85816928916343],[-0.510286566888989,42.85786999828869],[-0.50916983691981,42.85753118923589],[-0.50776478930299,42.857523141530585],[-0.507516314088964,42.857440355170446],[-0.505823929142459,42.85779992565245],[-0.504662708510394,42.855304942244594],[-0.503860367813333,42.85514663260482],[-0.501355322141184,42.852924146809194],[-0.500728897596298,42.85227401140179],[-0.499974202861225,42.851870189303966],[-0.499456620989355,42.851300206228935],[-0.49936351233905,42.85062816117801]]]]}},{"type":"Feature","properties":{"fid":1483,"ID":"COMMUNE_0000000009761601","NOM":"Poey-d'Oloron","NOM_M":"POEY-D'OLORON","INSEE_COM":"64449","STATUT":"Commune simple","POPULATION":165,"INSEE_CAN":"15","INSEE_ARR":"2","INSEE_DEP":"64","INSEE_REG":"75","SIREN_EPCI":"200067262"},"geometry":{"type":"MultiPolygon","coordinates":[[[[-0.676329051640186,43.24983507240817],[-0.67625427779926,43.2507300214411],[-0.676415850122832,43.25351609485389],[-0.676615605660074,43.25404059248633],[-0.677059285008837,43.25473868508305],[-0.678449098411494,43.25653648613152],[-0.677650079592001,43.25679694105159],[-0.677184167672271,43.25683262294073],[-0.676821072246993,43.257147561924434],[-0.676387271241175,43.25724248094526],[-0.675544072303163,43.257931266918526],[-0.674464640912673,43.25841286411788],[-0.673499051337505,43.258534874516506],[-0.673085295888909,43.2584417914374],[-0.672267646327346,43.258081486722716],[-0.671732888475456,43.2586615936944],[-0.671977811273836,43.258831564771164],[-0.671424076486942,43.2589782694596],[-0.670801582196015,43.259651406300314],[-0.669075883734557,43.260434077406046],[-0.667927477261851,43.26153750196312],[-0.667712390566267,43.2610423241152],[-0.667036300598642,43.26067987142542],[-0.666914235701468,43.260194140258406],[-0.665987658049756,43.25949619498942],[-0.664452995893727,43.25896206494118],[-0.663075064984161,43.258256903507274],[-0.66293163166759,43.25793848858681],[-0.66280132118062,43.25786546629954],[-0.662231107484894,43.25777224753435],[-0.662101918890362,43.257658663684325],[-0.661940000764088,43.25708783313261],[-0.66167238922432,43.25688979420791],[-0.661656807678613,43.256295089708026],[-0.661358408802502,43.25609719401678],[-0.661180431359594,43.25610773249021],[-0.661181125938336,43.25586637410968],[-0.660466537993411,43.25586629233253],[-0.660211358293696,43.25559218662207],[-0.659838728307716,43.2555057646362],[-0.659817338420346,43.255207523143575],[-0.659126096419258,43.255012133023385],[-0.658539090817553,43.25442058788426],[-0.658219635067185,43.25439539368126],[-0.65769379268443,43.25449605754467],[-0.657324219135773,43.25434108577789],[-0.657178907236768,43.25391466930835],[-0.656734408079393,43.25362715917146],[-0.65692219166373,43.253460509284345],[-0.656836913588661,43.253320218741806],[-0.656377635621243,43.253052118579625],[-0.654998109526749,43.251598606597305],[-0.654558679947511,43.252129468717584],[-0.65425032164079,43.251929191276204],[-0.65395775869125,43.252094880426995],[-0.651344146394328,43.25101447356401],[-0.650474285167136,43.250467577086326],[-0.650042192381364,43.25002473787462],[-0.647486902215148,43.24818856237415],[-0.646751700316872,43.247510120437376],[-0.644636618515457,43.24643793649264],[-0.644831751997114,43.24628997102558],[-0.644840301291808,43.24595740247456],[-0.645204104925534,43.24530126874196],[-0.64696920477051,43.245670277088315],[-0.648597204575179,43.24441670860591],[-0.649737492346646,43.242503340996834],[-0.651724745163349,43.24089538929603],[-0.652381282494996,43.240565207170334],[-0.652068518265743,43.23986620699714],[-0.651449023794349,43.23959450953627],[-0.650770062625229,43.239044769297124],[-0.649799495183647,43.23906408836307],[-0.648974366627928,43.23920184794368],[-0.648248540390279,43.23915704807408],[-0.649597413849104,43.23746625891509],[-0.652186337646093,43.23532647607116],[-0.652433465143933,43.23496962545639],[-0.653340782062213,43.23422483080579],[-0.65348332842199,43.234355978124796],[-0.65388416882721,43.23442345082549],[-0.654282533221109,43.23466569984619],[-0.654291218011724,43.234783369209],[-0.655024183353763,43.23509712979213],[-0.656539950737136,43.235247491917974],[-0.657327247604782,43.23525233087906],[-0.65899771588095,43.23607458266446],[-0.659241768504527,43.2360582035579],[-0.65944351222881,43.2359379014476],[-0.659486547811271,43.236130947567275],[-0.660441488572746,43.237302516137156],[-0.661241599228414,43.23686835446449],[-0.661647837526576,43.23655470915018],[-0.661680816559619,43.236181688100935],[-0.662464697043159,43.23553104967605],[-0.662908831319549,43.235329574968866],[-0.664063104491715,43.236671743756794],[-0.664483234464147,43.237061799659024],[-0.665241334839966,43.237556540268386],[-0.666097039851164,43.237842648328474],[-0.668562923504162,43.238231615391584],[-0.669455411192019,43.23851464659272],[-0.670433827319763,43.23914143938986],[-0.672123365446526,43.24052926535808],[-0.672682316732303,43.24085423670647],[-0.673905846518927,43.24140242171821],[-0.675548548339317,43.241956130993294],[-0.677059093123595,43.242368437744865],[-0.677587587318169,43.242446785233184],[-0.678555718195312,43.24283252732018],[-0.678924656612508,43.24305498386492],[-0.679150116199157,43.243345365433726],[-0.679467977927046,43.24425394463298],[-0.67954864258787,43.245286775343615],[-0.679460041133861,43.245713033216184],[-0.679173592771287,43.24610821384486],[-0.677232935984275,43.24783937947866],[-0.676794025927642,43.24837482322303],[-0.67653662898721,43.24885905766847],[-0.676329051640186,43.24983507240817]]]]}},{"type":"Feature","properties":{"fid":1558,"ID":"COMMUNE_0000000009761606","NOM":"Geüs-d'Oloron","NOM_M":"GEUS-D'OLORON","INSEE_COM":"64244","STATUT":"Commune simple","POPULATION":262,"INSEE_CAN":"14","INSEE_ARR":"2","INSEE_DEP":"64","INSEE_REG":"75","SIREN_EPCI":"200067262"},"geometry":{"type":"MultiPolygon","coordinates":[[[[-0.760468680681188,43.2180868991559],[-0.760410672297209,43.2185382852601],[-0.760608749242785,43.21940489506431],[-0.760985519167826,43.21965021366002],[-0.761073654044022,43.22189036520765],[-0.761164346083494,43.22203489098413],[-0.761441840588791,43.222117071358376],[-0.762155925172606,43.224570443228835],[-0.762108322777006,43.2248413629648],[-0.761234363463354,43.22526266436807],[-0.75740331381219,43.227418742159024],[-0.756795389772955,43.22763352468822],[-0.753369865747043,43.22972400247269],[-0.7485933763489,43.23195225879983],[-0.745380608737418,43.233685673846146],[-0.746559624463393,43.23482894819761],[-0.746870353172768,43.23483436960593],[-0.74748311172104,43.23507154593588],[-0.747795239607825,43.23511744020043],[-0.748608126278022,43.23504147811865],[-0.749957134939703,43.235103574663505],[-0.749780336646444,43.23657128829686],[-0.74958075207156,43.2368168651948],[-0.748931817863204,43.237274369296266],[-0.745974044893346,43.23867114610427],[-0.745479328331175,43.238829700696904],[-0.743406784540724,43.23976702326962],[-0.742170045894384,43.24079149647537],[-0.740302854081718,43.24174414968329],[-0.739953583938843,43.242113765750005],[-0.736612081689711,43.2431084250635],[-0.735116598430272,43.24392564278289],[-0.733299965605262,43.244235240273376],[-0.73136091524949,43.24484261238576],[-0.729585509523399,43.24512370472416],[-0.729091166607816,43.24527046176696],[-0.727072912234354,43.24553018452852],[-0.725844253864614,43.245789631665225],[-0.725473725852794,43.24575559375002],[-0.724072918291113,43.24602006151874],[-0.723556633547576,43.24601806176241],[-0.71781205968081,43.247121112420345],[-0.71796244882803,43.24742841526635],[-0.717156269889507,43.24764979439038],[-0.717413015035801,43.24811643085779],[-0.717510707168812,43.24879116374553],[-0.717337910996843,43.24880521946845],[-0.717360948158411,43.24960229410034],[-0.718325341143699,43.25028679962129],[-0.718836673873059,43.25101392298247],[-0.718094962028143,43.251567183851094],[-0.718075081562563,43.251621900427956],[-0.718360875930098,43.251755240589496],[-0.718026825237371,43.25200088479199],[-0.716734473493553,43.25276581364932],[-0.716681226070827,43.252570430837885],[-0.716363367300784,43.25266602414351],[-0.716505153685861,43.25289708167847],[-0.716515290930467,43.253130870591],[-0.715923780924942,43.253702358312594],[-0.715929891754177,43.25416051814275],[-0.715735394344504,43.25469852634664],[-0.715213701477661,43.25486236789493],[-0.713907096137054,43.2550631189358],[-0.713796630229607,43.25514616592765],[-0.712403616301587,43.255038287704636],[-0.710912729507797,43.25515168416111],[-0.710563416223324,43.25531407963657],[-0.710244907955705,43.25574467336252],[-0.709771939745707,43.25599596566209],[-0.707219573022119,43.256732025415715],[-0.705841708468279,43.25739709451453],[-0.700312053082446,43.25889523191878],[-0.700285338577803,43.25844048150263],[-0.700027480818147,43.25818546526913],[-0.699545170272191,43.25846494753307],[-0.698983014523896,43.257922282510066],[-0.698777146286847,43.25801668684888],[-0.69843441044233,43.257763674655834],[-0.697897073913772,43.25701213370044],[-0.697785377444891,43.25667286030833],[-0.69711710645787,43.25687675331563],[-0.69685767670509,43.25657765878302],[-0.695774964764205,43.25719736757207],[-0.695104584188582,43.256195521441974],[-0.694529923165771,43.255745117539426],[-0.69570964504559,43.25510138846879],[-0.696278380960574,43.25490181252829],[-0.695992434531224,43.254669362763806],[-0.696596715216416,43.254063333766915],[-0.696248096137023,43.25381412009873],[-0.697361566549626,43.25327169765236],[-0.696742379922478,43.25264542960363],[-0.697114401059503,43.25245258507723],[-0.697725427729753,43.25298997895655],[-0.698823694149705,43.25240303554706],[-0.69743405781157,43.25144296064908],[-0.698217798737982,43.25096585318821],[-0.698516009189716,43.25121678677707],[-0.699558649065059,43.2506659609414],[-0.699344488276652,43.25053462052959],[-0.699134248624279,43.250637280407744],[-0.699006271178213,43.25054350931832],[-0.700322782306548,43.24992205519759],[-0.700245645656254,43.249852657848315],[-0.701801686162824,43.24912481713049],[-0.70282264321533,43.24821809607019],[-0.70318236420521,43.248544351088476],[-0.704078812144013,43.24863426244397],[-0.704673840561456,43.24857692072317],[-0.705068648639235,43.2482409832218],[-0.705250852012308,43.24818159820877],[-0.706097932204497,43.24823176332742],[-0.705610044432464,43.247674881704185],[-0.706080744515804,43.24735074324205],[-0.706438435450913,43.247338461389404],[-0.706702552571959,43.247173601618414],[-0.707047183644772,43.24730314803439],[-0.708138627723205,43.247341301972966],[-0.708445787702278,43.24755858149336],[-0.708764861891127,43.24801859201301],[-0.709279393550539,43.24789735166292],[-0.709598532635542,43.24743882432348],[-0.709425122656182,43.24713680510982],[-0.709473983858612,43.24693881204357],[-0.709629950627783,43.24681638397791],[-0.709918357470881,43.246780356453534],[-0.71020169713206,43.24656980094759],[-0.71009855329627,43.24594298075943],[-0.710694463117365,43.246129616100795],[-0.711734453394012,43.245483303508145],[-0.711892726006848,43.24465028063454],[-0.712197335434939,43.24431111403851],[-0.711914578899761,43.243803038662776],[-0.712082026858291,43.243725238113385],[-0.711878505565194,43.243606164555494],[-0.711996669428287,43.243011358881446],[-0.712214205840041,43.24279315520353],[-0.712510197580237,43.24268391704847],[-0.713126932663881,43.242237655384194],[-0.713102958793403,43.242056574934985],[-0.712764333332277,43.24167559718331],[-0.713076223985799,43.241277643896275],[-0.712726511101133,43.241164502280355],[-0.712793806067137,43.24094696304207],[-0.712398880168533,43.24095424442925],[-0.712253003440335,43.24077375504135],[-0.712295286029746,43.24051205058269],[-0.712493812087452,43.24034312833959],[-0.71274988320082,43.24030280144006],[-0.713052700048348,43.240357221306716],[-0.71326885011828,43.240710893226655],[-0.713265250190372,43.240903728370405],[-0.713523333419065,43.24091375959189],[-0.714025658463704,43.24066143881672],[-0.714725106182573,43.240620257009034],[-0.715169502200382,43.24042485631519],[-0.715417626623927,43.240203791900434],[-0.716146695005483,43.239895927261884],[-0.717220822011401,43.23964821504523],[-0.718321284764273,43.23973277762641],[-0.718679009101986,43.2396835310398],[-0.718988604596601,43.239403607006494],[-0.720334156139957,43.239124897207525],[-0.720624434451522,43.238927581686134],[-0.720350457137947,43.23870919441402],[-0.72038384981435,43.23865401195101],[-0.720798934122598,43.23857756610555],[-0.721274031079418,43.23826671452928],[-0.722057628533677,43.23798394398558],[-0.722411299735318,43.23745214422743],[-0.722702073049606,43.23728182145255],[-0.723557011832917,43.23705511259462],[-0.724029635197203,43.23580959123178],[-0.725678279784413,43.23475220648997],[-0.726285117571162,43.23375508817979],[-0.729988776364642,43.231491095993164],[-0.734831573816852,43.228869664316996],[-0.736875312772934,43.22743461331495],[-0.737306636899632,43.22730620891099],[-0.738698477461589,43.22639799191369],[-0.739429623159992,43.226164634640625],[-0.739532746822218,43.22606470466543],[-0.739505709555181,43.225894542227294],[-0.740884404418368,43.22529743197502],[-0.740891957430123,43.22507203917472],[-0.741004196308695,43.22499880740474],[-0.746451675322735,43.222261308874494],[-0.747904078202999,43.22181553552915],[-0.751882581738681,43.219806864956176],[-0.758002799356601,43.21718584414094],[-0.759034690996677,43.21754612662665],[-0.759425182830645,43.21760546268058],[-0.759567228012575,43.21776350840452],[-0.760468680681188,43.2180868991559]]]]}},{"type":"Feature","properties":{"fid":2254,"ID":"COMMUNE_0000000009762262","NOM":"Sarrance","NOM_M":"SARRANCE","INSEE_COM":"64506","STATUT":"Commune simple","POPULATION":155,"INSEE_CAN":"14","INSEE_ARR":"2","INSEE_DEP":"64","INSEE_REG":"75","SIREN_EPCI":"200067262"},"geometry":{"type":"MultiPolygon","coordinates":[[[[-0.523626727989303,43.05584456358405],[-0.521533800885718,43.05441680665638],[-0.52071968038867,43.05407073034826],[-0.519780939475544,43.05391598324369],[-0.518433946082535,43.05395193324382],[-0.517412596261565,43.053124657267766],[-0.516975144945516,43.05295619959225],[-0.51611724066315,43.052979735387474],[-0.515432598330399,43.05276353159175],[-0.514698494531215,43.05278391170454],[-0.514247135121513,43.05234581448571],[-0.513234332391938,43.05169827892251],[-0.513101855460226,43.05147753535804],[-0.513075309494607,43.05093913700091],[-0.512123255889885,43.050280606760346],[-0.510811074698383,43.04977606372027],[-0.509882010966981,43.04957680488847],[-0.509207922074962,43.04959429074273],[-0.508784413658953,43.0496954288441],[-0.508535112369632,43.04961263092362],[-0.508418074675587,43.048492008057856],[-0.508094261334244,43.04813165481331],[-0.505961777568046,43.047154149986646],[-0.50475696752492,43.0463327465403],[-0.504115668387308,43.04575585749589],[-0.502849607884882,43.04493553010062],[-0.502338759358471,43.04476940716338],[-0.50209487083137,43.044775545706266],[-0.502857963272167,43.04385674035369],[-0.504251364254963,43.04325319978301],[-0.504531598862465,43.04238791980486],[-0.504557985863384,43.04156691954924],[-0.504992786270153,43.04092347035638],[-0.505305546803191,43.038568995632616],[-0.505719050236082,43.03824313025292],[-0.508799215526989,43.03708309956562],[-0.509056770694446,43.03487355812708],[-0.509337658632931,43.03410187392916],[-0.511554499220085,43.034312210907835],[-0.512473699488124,43.03433261476487],[-0.514173928447708,43.03401780774633],[-0.51503144047505,43.03377012591316],[-0.5172131962092,43.032049526970255],[-0.517549915326739,43.03141103297005],[-0.517823708369693,43.03050451734905],[-0.517915300604911,43.02865958678102],[-0.518290877134767,43.02757059059468],[-0.51891940074736,43.026646168051165],[-0.519570623229728,43.025954166318584],[-0.520522868390457,43.02539004732784],[-0.521366471824198,43.025097754059615],[-0.522263643575574,43.02467766326083],[-0.522681730729951,43.024208438789266],[-0.523012876839607,43.02348008510259],[-0.522970790595154,43.022627117883495],[-0.522699205414225,43.022095858862066],[-0.522810495393043,43.02186804923947],[-0.524454136898826,43.02036838265469],[-0.525242196513173,43.020354256711485],[-0.52629424942887,43.01990024534716],[-0.526833205079593,43.01954317446046],[-0.527186030288192,43.01941366921511],[-0.527708735060015,43.019374017755474],[-0.530519521821453,43.01748126013989],[-0.532288892241562,43.01734393397323],[-0.533355748487178,43.01755645743666],[-0.534234953503761,43.01714675605476],[-0.534735116125662,43.017019585036046],[-0.536041505143938,43.01685510126263],[-0.537069941407344,43.01690050237195],[-0.537580249409697,43.016678456713784],[-0.538930954761075,43.01667722751594],[-0.540677732909473,43.01585000397246],[-0.541746878351505,43.015698662415346],[-0.546105155333202,43.01604747610773],[-0.546408610560603,43.01599425616855],[-0.547544086544542,43.01542384595083],[-0.548626852444016,43.01525488084631],[-0.549036789476452,43.01541780436332],[-0.549636943053413,43.01550152607055],[-0.550978371079412,43.015969490457906],[-0.551191272399186,43.01592014733191],[-0.551855125972221,43.01596214155702],[-0.552208216061048,43.01609812257513],[-0.553119391015926,43.01595188526963],[-0.553959688858801,43.016050155047765],[-0.556081997385977,43.01542812771448],[-0.556804221920159,43.01548166507552],[-0.557310758642905,43.01527945390512],[-0.558254758030298,43.01600715022671],[-0.558620474669319,43.01572946815836],[-0.559199187107355,43.01576343143433],[-0.55959621511245,43.01563595524644],[-0.560318766844098,43.015594929784356],[-0.560852559764709,43.01539720076078],[-0.56180469633481,43.0155583261556],[-0.562208405084334,43.0155395519005],[-0.562839017863345,43.015360212027524],[-0.563608444967374,43.01526359476472],[-0.563598824087132,43.01482818113877],[-0.564715712480759,43.01389899080684],[-0.565277153136465,43.0128954783354],[-0.566055124803226,43.01495021418958],[-0.566224640821694,43.0158898815657],[-0.56747100681757,43.01630588089335],[-0.568204685100524,43.01628604007303],[-0.568526540967316,43.016591357180594],[-0.569394667152528,43.016802019205315],[-0.569578380425835,43.01679682141763],[-0.569502440195997,43.01652025600226],[-0.56993323844467,43.016562672873505],[-0.57071369777046,43.017440640548315],[-0.570542874831752,43.01771459569943],[-0.570189557707592,43.017993709142104],[-0.570320685341312,43.01817031189296],[-0.571118377547964,43.018193340615525],[-0.571830488760992,43.01772405191164],[-0.575124929323282,43.01723015721572],[-0.576085638258531,43.016853405643445],[-0.581015788432344,43.019856544211834],[-0.583704813604485,43.022148231798774],[-0.584525424439669,43.022619644283196],[-0.58514379207804,43.02273767691746],[-0.58778817487152,43.02388829380124],[-0.590096561694498,43.024724159911415],[-0.590667947916142,43.025112918716765],[-0.590813366690504,43.02555821148739],[-0.591184581885733,43.025647550468825],[-0.591888420661456,43.02621284058716],[-0.593397516477146,43.02697990148332],[-0.595767951275108,43.02782348523272],[-0.597174220445176,43.02861284129731],[-0.597224514224343,43.028770512601916],[-0.598062535648755,43.02955815554311],[-0.598501613616485,43.02977124304861],[-0.599177515484511,43.02980624705583],[-0.599841397335853,43.029608470478635],[-0.600317161184459,43.02932605615722],[-0.600877863737442,43.02926497167112],[-0.60168450689025,43.02946844107187],[-0.603227675438159,43.02969494938415],[-0.604102399775917,43.02967104394925],[-0.605216769787491,43.031583762521834],[-0.605337394422118,43.032082091338985],[-0.605876868700087,43.03307865574147],[-0.605982127351113,43.033546889343285],[-0.606269967613055,43.034128743212705],[-0.60633550685862,43.034668532937154],[-0.606519614237696,43.03484602372394],[-0.606851433869003,43.03619256808188],[-0.607084384550517,43.03640533341069],[-0.607832449971616,43.03655310624575],[-0.60888268075761,43.036625914428804],[-0.61016288414105,43.03639118987238],[-0.611313893736999,43.036623549007004],[-0.612182556830484,43.03663849821649],[-0.612742290498846,43.03652156646217],[-0.61319884645131,43.036737613119136],[-0.613661989329707,43.036744563311395],[-0.614625070329701,43.03628635570843],[-0.615315220787624,43.036253258892096],[-0.616197253904678,43.036403674103916],[-0.616565679182006,43.03626974505169],[-0.618897425619203,43.036129201941236],[-0.620816044746015,43.03640855909434],[-0.623323283187995,43.03620889367725],[-0.6244700054637,43.03645026138479],[-0.62648216942962,43.03661562718107],[-0.626915225279527,43.03682790807032],[-0.627094683999371,43.03718468748098],[-0.62744154674486,43.03745119130919],[-0.627773250022199,43.038004508643844],[-0.628388507618677,43.038401508528025],[-0.629050411473183,43.038622268452436],[-0.629362484190445,43.03864685263361],[-0.629836236735155,43.038822637214146],[-0.629962608195852,43.038958823896934],[-0.630492447755652,43.03901116902552],[-0.630624114920284,43.03915347858337],[-0.63095337295165,43.039295421144494],[-0.631030729172513,43.03947197524547],[-0.631295704997171,43.03956746894933],[-0.631659769635106,43.03950115916425],[-0.631923957363187,43.03958407337672],[-0.632086352909791,43.03978566591233],[-0.632350968426982,43.03991448147167],[-0.632968796938862,43.039980049674426],[-0.633602629802411,43.04014411002085],[-0.634091670159097,43.0404652139901],[-0.634474313168635,43.0405774327896],[-0.635214080799426,43.04104041614635],[-0.635500062508056,43.04113789126524],[-0.635793189901311,43.04138818049909],[-0.636419149516658,43.04156329532562],[-0.637602952029794,43.04174745560122],[-0.638861657075714,43.04249808045763],[-0.639524866174518,43.04240631951741],[-0.639892468427992,43.042181403498276],[-0.640564756258478,43.04203891008796],[-0.642637966560123,43.04192191253167],[-0.643369137916791,43.04199348805259],[-0.643505461869169,43.04218964596856],[-0.643853537767706,43.042337216111555],[-0.644597196489877,43.04252900572374],[-0.645053020208233,43.04251626312767],[-0.645375961913783,43.0426349690644],[-0.645850955910083,43.042965502560946],[-0.646980989188377,43.04348360916303],[-0.647261538218869,43.04378651583668],[-0.647846182663006,43.04385042484382],[-0.648426379628999,43.04423320197084],[-0.648900193499744,43.04468080782696],[-0.649096160547502,43.04496587146971],[-0.649165416502927,43.045266037044385],[-0.649409193080376,43.04537481239188],[-0.649913028995533,43.04530550038559],[-0.650200708247887,43.04548751292707],[-0.650330323516534,43.04598550620653],[-0.65081179954648,43.04643734704153],[-0.644453688733645,43.0494313685963],[-0.638818241724774,43.05186215842172],[-0.638524700230576,43.05209446968687],[-0.636159825722672,43.05783306561149],[-0.638217539875061,43.0584954935234],[-0.638737114208117,43.05906495107871],[-0.638646050048835,43.05943267072358],[-0.639165750987414,43.05957445785498],[-0.639611892423034,43.05997172823895],[-0.639903431472539,43.060370625248105],[-0.640866963734559,43.06091155169544],[-0.64105250346253,43.061167275679075],[-0.640204552353167,43.061370630599974],[-0.639493684078161,43.061840347580144],[-0.638787172949311,43.062399046886675],[-0.638444361320849,43.0629031289105],[-0.637961903697844,43.06327597795331],[-0.637680402737772,43.063778885227],[-0.637443618615758,43.068918891507394],[-0.636954603536736,43.07014549289142],[-0.635478741683668,43.070052198993054],[-0.634541626659954,43.069718306004596],[-0.63367685496039,43.06983213880967],[-0.63259078172614,43.07017672126829],[-0.629838386057885,43.070289390973734],[-0.625560608867624,43.070811723292245],[-0.624394410852056,43.07079968129068],[-0.623212801303095,43.070463120179966],[-0.620450267130864,43.070629910965316],[-0.617735246129503,43.07029984402992],[-0.615594558510454,43.07039518683875],[-0.613985389949115,43.07034929388089],[-0.613144401062331,43.070687247079434],[-0.611846834519399,43.07049851080541],[-0.611363600921259,43.070646175962764],[-0.610511024805983,43.07075941164884],[-0.609915222971866,43.07109091435297],[-0.607703708202298,43.07123259111969],[-0.606291360895059,43.07160584539826],[-0.605827705712367,43.07173302162161],[-0.604967985887853,43.0717123015271],[-0.602684898924043,43.071415106080075],[-0.601073582086154,43.071315071308696],[-0.600449127143274,43.07110817730514],[-0.598973243847108,43.07101348464092],[-0.598671117626258,43.071111819566255],[-0.598117843984359,43.071081698968136],[-0.596882818662288,43.07089069291056],[-0.596694575698249,43.07080604992211],[-0.595841968550786,43.070919169503185],[-0.595530561712154,43.07082873559505],[-0.594232298742438,43.070864895197275],[-0.59354771158927,43.0706581696294],[-0.588586895052584,43.070784972059805],[-0.587589212358576,43.07067778057266],[-0.586792294482399,43.07069893887799],[-0.586431658440537,43.070844205036295],[-0.585634404473464,43.07082034950018],[-0.584890186877281,43.07066147316877],[-0.583534164660894,43.07051846188914],[-0.582186824981235,43.07055520993069],[-0.580371619859413,43.070056507132726],[-0.577001096619601,43.070102853271436],[-0.575771485687412,43.07003747344052],[-0.572231574166583,43.06936904169693],[-0.569425209035352,43.06844749078785],[-0.56866379938151,43.06792894856427],[-0.567094180305806,43.06720761116386],[-0.565831687220009,43.06646797443678],[-0.564143854765632,43.06583964503525],[-0.562319056779199,43.06490071546812],[-0.5622487438165,43.063499458611915],[-0.562682269296977,43.0623642220105],[-0.562652491148945,43.06178090715339],[-0.562333125615437,43.06151958613787],[-0.562019609188039,43.061393116969725],[-0.561791906814787,43.06026716605893],[-0.561528288398025,43.059913967548205],[-0.560709164608551,43.05971149586553],[-0.555458381343579,43.05890017505738],[-0.554660134567951,43.05887702944929],[-0.553625623095028,43.05926501576231],[-0.553011221437481,43.059236686870804],[-0.55231992549333,43.058895787289046],[-0.551806969878592,43.05845986767027],[-0.551191045841397,43.0583865639463],[-0.550273961098913,43.058447434473045],[-0.549613865879449,43.058734798709374],[-0.549308659236398,43.05874306510723],[-0.549056450519532,43.05861453781146],[-0.548329268700316,43.058769061563034],[-0.545924989350136,43.058743877907155],[-0.544281254055576,43.05774558147464],[-0.543025610426181,43.057149521382996],[-0.54262682417445,43.05653154399656],[-0.542059670134481,43.056231510045784],[-0.540497720389635,43.055644605016205],[-0.539690433193218,43.055432586218494],[-0.538280633942325,43.05542583518899],[-0.537067419070311,43.055682691364076],[-0.535896247732811,43.05580400872852],[-0.533844514124789,43.05644309227294],[-0.533110315316352,43.05646269949098],[-0.529642520879004,43.05600752056063],[-0.528536389844283,43.055947466626556],[-0.527607111347282,43.055747461220086],[-0.526329842463105,43.055961280229646],[-0.524551746920718,43.05595471396934],[-0.523626727989303,43.05584456358405]]]]}},{"type":"Feature","properties":{"fid":2514,"ID":"COMMUNE_0000000009762263","NOM":"Lurbe-Saint-Christau","NOM_M":"LURBE-SAINT-CHRISTAU","INSEE_COM":"64360","STATUT":"Commune simple","POPULATION":206,"INSEE_CAN":"14","INSEE_ARR":"2","INSEE_DEP":"64","INSEE_REG":"75","SIREN_EPCI":"200067262"},"geometry":{"type":"MultiPolygon","coordinates":[[[[-0.593021664464987,43.12480938359052],[-0.593109527188744,43.12420590500964],[-0.593411577605406,43.123864493087815],[-0.593606578444559,43.12263168262908],[-0.593239436141286,43.12119433413023],[-0.592838304980167,43.12083135973891],[-0.591633038031588,43.12030522158857],[-0.591391853611308,43.12034027413166],[-0.590741348062167,43.12063207070028],[-0.590485237637811,43.120941330504145],[-0.590194494019668,43.12112839358129],[-0.590024055213808,43.12113497437455],[-0.589878751035652,43.12095254042979],[-0.589755107546039,43.12022826385158],[-0.589789584127869,43.11957614976376],[-0.590016676950533,43.11883928468692],[-0.59055326400096,43.118514374759364],[-0.590654882717701,43.1174593601931],[-0.590256841026486,43.11037777179498],[-0.586491079762487,43.101238591213814],[-0.584707154840402,43.09727703373591],[-0.577992650036494,43.096956549280875],[-0.579152305138221,43.096835177399626],[-0.579330710096442,43.09674011307228],[-0.585535407346292,43.095456866435654],[-0.592027170593699,43.094269919465475],[-0.593129480267774,43.09387930265782],[-0.594873389796879,43.093691441629424],[-0.595500344613539,43.09310508758055],[-0.596103476282767,43.0927680219232],[-0.597533993815187,43.092578878746984],[-0.598486584073252,43.09288287654488],[-0.598930922003876,43.09329119027449],[-0.599131647775876,43.09327907860633],[-0.599581022995385,43.0929984524344],[-0.59997988566685,43.09287347338421],[-0.600987193017292,43.09285239372166],[-0.601466751921245,43.09276072422991],[-0.601940271859875,43.092808809256006],[-0.603100336674211,43.09322827433102],[-0.603478360112092,43.09351814228579],[-0.604037527094017,43.09352103528737],[-0.604289338004225,43.09363865578239],[-0.604714107988458,43.09369286264897],[-0.605651036243439,43.094158487268935],[-0.606134883340151,43.09421431178787],[-0.606558530029179,43.094388296618376],[-0.607720021061217,43.09502645375263],[-0.60804386879368,43.095353236456134],[-0.608151980711313,43.09564853252112],[-0.609231137929747,43.09626602508398],[-0.609932039006405,43.09637398128585],[-0.61083810272255,43.09665872667071],[-0.61183819306603,43.0968160610398],[-0.612506953315253,43.097058332531],[-0.613564797064403,43.097707112233714],[-0.613657940418231,43.09774270196475],[-0.614134833635387,43.09762765643111],[-0.614438909330159,43.097991100486695],[-0.614955480543784,43.09809800955565],[-0.616048034262266,43.09808293358412],[-0.618150951710852,43.097465771073196],[-0.618266428793105,43.09685684577747],[-0.62004760572938,43.097401122565174],[-0.620685881589043,43.097764118367564],[-0.621395636529144,43.09881708916854],[-0.621335596832303,43.09934942488421],[-0.62108281109315,43.099943165042546],[-0.620862082881735,43.1001855835117],[-0.620586457060235,43.10033620906281],[-0.620124751201546,43.10041925963292],[-0.619950216155607,43.10065382059887],[-0.618767558929821,43.10129141558212],[-0.618454596820919,43.10208255150401],[-0.617790404346724,43.1024055907796],[-0.617653187181533,43.10272622989458],[-0.618249219822376,43.103120374508244],[-0.618891173665754,43.10409101047284],[-0.619197249000955,43.10432832614015],[-0.61974620535793,43.10432338100229],[-0.620298107669449,43.1042084887738],[-0.620604377951556,43.10429183065887],[-0.621757320838868,43.105140828127226],[-0.622186944169421,43.10531005449341],[-0.622698721820882,43.105378374962775],[-0.624080826674488,43.10643212933993],[-0.624279606751427,43.10662352220615],[-0.624454585998455,43.10698408595056],[-0.624606059688369,43.10779292741384],[-0.624473520476189,43.10832500842552],[-0.624320757920462,43.10853453489646],[-0.623651317849169,43.108735336089225],[-0.623008452535383,43.10998777882855],[-0.622866738144836,43.110765969756],[-0.622299485936231,43.11202937122838],[-0.622017796400211,43.11237828720999],[-0.6218613635082,43.112451076228275],[-0.620630405228191,43.11285081431005],[-0.618436084118099,43.11315505378759],[-0.618009016145052,43.113675412345536],[-0.6172493485483,43.113869298600804],[-0.615904611254507,43.11406211423159],[-0.615491894911633,43.11424253865528],[-0.615502525413925,43.11443216113601],[-0.614689626304213,43.11467913713026],[-0.61428396017962,43.114697252522696],[-0.613348175157661,43.114924931932784],[-0.612874698272916,43.11490029807459],[-0.612445001227094,43.11478955858864],[-0.611740940901045,43.11447733044315],[-0.611119432933958,43.11452247976712],[-0.610925522539407,43.11460551263268],[-0.610800636561912,43.11471144163926],[-0.610758668518215,43.11500366933179],[-0.611227664107595,43.11629438957485],[-0.611251019898552,43.11655021347438],[-0.611109525613627,43.11694121837482],[-0.610347237312414,43.11784193700914],[-0.610108615633015,43.11795707963112],[-0.609519037511395,43.118061473563834],[-0.60902344659671,43.11829326958606],[-0.608337425642525,43.11917611156599],[-0.607071858208613,43.12028544413539],[-0.606642027684366,43.12084276346331],[-0.606313698413173,43.12151013040542],[-0.605814045276688,43.121894210534364],[-0.604950896968186,43.12291441442528],[-0.602921335770218,43.124883009847046],[-0.601936797013629,43.12646188138582],[-0.601811712128628,43.12682171285928],[-0.601184649730808,43.12662208362689],[-0.598112705320181,43.12656176111823],[-0.597767589056463,43.127020774193646],[-0.597462028995442,43.12702917755036],[-0.597246238286465,43.12640612034631],[-0.596840747799729,43.125697558876766],[-0.59614778861756,43.125031006822454],[-0.595760198747647,43.1249061875787],[-0.595724585697012,43.124649869490426],[-0.595545976615759,43.12452527693356],[-0.594772875545281,43.124308877631],[-0.594500560529603,43.12431796439647],[-0.594277941333651,43.12445414562086],[-0.594225378504409,43.12457744965659],[-0.59432129889539,43.124716508137524],[-0.594771396185351,43.124897770808055],[-0.594783782785441,43.124958582839774],[-0.594650862112737,43.12499543169484],[-0.593595816237674,43.124969406308516],[-0.593305801706541,43.12479270332388],[-0.593021664464987,43.12480938359052]]]]}},{"type":"Feature","properties":{"fid":2991,"ID":"COMMUNE_0000000009761594","NOM":"Ledeuix","NOM_M":"LEDEUIX","INSEE_COM":"64328","STATUT":"Commune simple","POPULATION":1028,"INSEE_CAN":"15","INSEE_ARR":"2","INSEE_DEP":"64","INSEE_REG":"75","SIREN_EPCI":"200067262"},"geometry":{"type":"MultiPolygon","coordinates":[[[[-0.640570035797701,43.21245353359853],[-0.642946693029246,43.21328277069054],[-0.643246451120529,43.21344823832327],[-0.643902924416561,43.21394023147754],[-0.644324534067337,43.21443655336004],[-0.645454406525801,43.215464531121036],[-0.644734860356281,43.21592376717607],[-0.644888155158158,43.2160896767954],[-0.643516724724302,43.21679334102924],[-0.643400216105346,43.21672253697889],[-0.642603973750488,43.2171375240171],[-0.642744015594269,43.21728857628147],[-0.641015334500796,43.21894615608894],[-0.639113638183171,43.220536604977546],[-0.638234842002378,43.221537844682764],[-0.638032893237522,43.22142038981689],[-0.63764696756247,43.221802592857976],[-0.637777618019271,43.221882831846095],[-0.634918357518337,43.224733720030166],[-0.63120884731562,43.229399672616516],[-0.629097643711443,43.23117347902947],[-0.629022552352786,43.23107605230144],[-0.628805184718001,43.2313598057183],[-0.626664111892172,43.233287646471936],[-0.624574856442659,43.23514076464288],[-0.624150692345799,43.23532880001885],[-0.623355184165617,43.23611460649583],[-0.62337675581628,43.23700714784606],[-0.62396358199549,43.237114410839],[-0.625147863392769,43.23675316975912],[-0.625410605896386,43.23701448514835],[-0.625848654738007,43.23710602483426],[-0.626398224601486,43.2370515411437],[-0.626432077878722,43.237374573332666],[-0.627277882430323,43.237682926327],[-0.627730956605552,43.23760196347406],[-0.628074703182075,43.2376822566548],[-0.627961660772266,43.2377256774774],[-0.627899785439252,43.237916856674154],[-0.627553507710299,43.238050960419024],[-0.627209767904694,43.23846052233809],[-0.626955553612438,43.23843304677722],[-0.626109959753063,43.238774824559734],[-0.62532752675379,43.23892627523657],[-0.624419613705974,43.23882529963838],[-0.624379787315716,43.2390931766673],[-0.623980015115465,43.239552334304925],[-0.623409683588419,43.240472855382436],[-0.622787278143465,43.24070175777709],[-0.622025939267174,43.24132702423362],[-0.620373088509669,43.242290153781035],[-0.62166634619806,43.242779846780174],[-0.621005516637062,43.24365296521344],[-0.620979889954145,43.24434358754663],[-0.61983244224185,43.24582463349921],[-0.619766167294985,43.24610330161057],[-0.619264521447516,43.24649111834637],[-0.619164363193538,43.247132912979524],[-0.618834423530456,43.247744591525425],[-0.618451908572538,43.24908921758656],[-0.618177394265556,43.249622496084356],[-0.617715242518199,43.25016926629014],[-0.617468586033381,43.250046963309664],[-0.61627493024814,43.24996899530569],[-0.61575323317438,43.24982168409588],[-0.614681496586479,43.24936952008432],[-0.613620954750303,43.24868284843454],[-0.613336117662091,43.248855368924076],[-0.610518429792215,43.248651594033426],[-0.608623915607781,43.248633001371886],[-0.607149696269512,43.248263556115326],[-0.60606376135896,43.24817377316033],[-0.60392606686438,43.248264975025606],[-0.603753144186513,43.24831667202484],[-0.603525741652034,43.24856108654667],[-0.602952645353554,43.248477563263876],[-0.601897323343158,43.24856230769849],[-0.601244768510189,43.249573692828854],[-0.600426867305054,43.250206089453854],[-0.600067710161915,43.2503333276116],[-0.59902068081875,43.25096615046056],[-0.598107034135273,43.251703473544424],[-0.597775738511674,43.252080104919386],[-0.597907136067606,43.25248813970034],[-0.597129767260662,43.25272475466616],[-0.597234804287194,43.25292746167782],[-0.597094568227975,43.25306900556066],[-0.597097308067169,43.253389480700726],[-0.594912289093483,43.25381164531112],[-0.594671743923547,43.25400425085531],[-0.593471045716034,43.25387313592598],[-0.593202776819115,43.25405585526652],[-0.593136966464169,43.254225532367386],[-0.593241481643276,43.254360725519334],[-0.592752764893979,43.25573129259902],[-0.592676655715493,43.255775246878216],[-0.592024541408835,43.25570960075619],[-0.591574243062469,43.25653049987082],[-0.591173302703637,43.25693734143382],[-0.590467770231177,43.25803236344883],[-0.590177171424791,43.25817349555284],[-0.589312139801879,43.25884429061241],[-0.588688947657267,43.25888751863269],[-0.588317527858484,43.25903673474806],[-0.588077107547142,43.259271642749056],[-0.587890452416698,43.25967765321177],[-0.587731529995441,43.26094539000957],[-0.586564850574125,43.261006663410804],[-0.585963931354513,43.26115088787317],[-0.585752057059884,43.26109219051215],[-0.585638884853255,43.260936566334365],[-0.585453278813308,43.2609040100693],[-0.585050413347787,43.261558520241486],[-0.583016849951537,43.26024020716843],[-0.582249942356049,43.25965604054196],[-0.580336148222694,43.257962718860156],[-0.579758346865935,43.257010280598216],[-0.580158986747659,43.25651795022498],[-0.580167489334144,43.25546412925927],[-0.580628855023512,43.25501750782584],[-0.580959117658541,43.25452300643491],[-0.581579827169626,43.25303196473062],[-0.581825175376627,43.252023414570914],[-0.581796614248563,43.25144446693089],[-0.581890247570208,43.25102804986341],[-0.581792278772171,43.25052164135732],[-0.581377486096012,43.24997171715392],[-0.5827472506978,43.24884031293785],[-0.583770206792763,43.24748088369613],[-0.584214146898282,43.24604162221542],[-0.583924857119255,43.2454695335137],[-0.583720981247487,43.24532052380947],[-0.583732519718451,43.24477266423288],[-0.585075521732359,43.24357008172474],[-0.585910544396831,43.24247890711545],[-0.584774540812146,43.24187822078943],[-0.585699257007929,43.24155665830079],[-0.5860738663735,43.24150009046283],[-0.587880767122947,43.239143885112725],[-0.588894429876018,43.23761993424347],[-0.588732690019636,43.2374155071455],[-0.588841678530448,43.23724710035067],[-0.590131478932115,43.23671795902063],[-0.591504704318436,43.23602574501069],[-0.591669328644744,43.235267488497634],[-0.59207221168852,43.23457784044553],[-0.592741151313418,43.232742064384894],[-0.592993206515226,43.232300556084475],[-0.592918876602886,43.23197706778608],[-0.59315147936652,43.231460569073036],[-0.59149033657615,43.230473145813555],[-0.59192112596519,43.22987621775027],[-0.594245612826651,43.2280105302474],[-0.594556834030408,43.22832162370664],[-0.595423564584845,43.22827924212617],[-0.595775396046006,43.22783890532296],[-0.596385896737499,43.227755528922586],[-0.596800932851897,43.22787496231022],[-0.597085842888194,43.22809958225881],[-0.596946366985697,43.228410384359464],[-0.596667233900915,43.22865380519034],[-0.596660602522929,43.22874497164212],[-0.59690691382273,43.22894296487229],[-0.597232084136815,43.22906269105933],[-0.597640856281836,43.2290814800566],[-0.597787102076044,43.22883978579585],[-0.597930587312318,43.22877106986732],[-0.598719864382906,43.228809583591655],[-0.598966452161533,43.2286960070819],[-0.599202151253401,43.22886193301134],[-0.600746409721905,43.2268501331244],[-0.601820952867604,43.225738232818074],[-0.602352744633477,43.2249073739364],[-0.603041235237306,43.2242396642648],[-0.603442490037195,43.22329069765752],[-0.603962530616171,43.22272585589681],[-0.604354415363666,43.221903262003934],[-0.604546612672558,43.22176717681042],[-0.605207146292925,43.22189458293891],[-0.6066338615646,43.22092394163111],[-0.606890284901831,43.22096849643528],[-0.607198454048787,43.220304467838574],[-0.607128524945501,43.22028879672869],[-0.607148732114804,43.219469613107606],[-0.608306718132439,43.217727243926795],[-0.608954545633553,43.21729767296198],[-0.609395400962883,43.217161364791686],[-0.609732891835723,43.21690785310136],[-0.609882050374773,43.21689115665685],[-0.610374973306021,43.21626866108283],[-0.611356916502799,43.21576846407891],[-0.611504616895075,43.21535471650467],[-0.612076665765869,43.21542651086818],[-0.612802673344244,43.21498799511737],[-0.611853345475708,43.2142778125707],[-0.612444801534884,43.21418777471964],[-0.613147660829183,43.21396974082014],[-0.613159488954215,43.213824372596406],[-0.613531494057707,43.213414815570744],[-0.616679473025533,43.211058207145335],[-0.616257959967612,43.210893148751424],[-0.616354047989643,43.210540554195944],[-0.617239173379134,43.20959782533977],[-0.618014447077416,43.208984735041234],[-0.617681247280789,43.20875549051627],[-0.618430398109028,43.207883044206106],[-0.61825554907342,43.20784298636616],[-0.618558462452082,43.2075302757632],[-0.618597614698932,43.20744792226166],[-0.618503829838584,43.20738533571492],[-0.618846858514249,43.20712350448758],[-0.618500439329657,43.206702911692446],[-0.619245593756267,43.20614034706651],[-0.618910445913755,43.20580131832314],[-0.619229864622764,43.205673543778396],[-0.619341926165306,43.20577243455148],[-0.61974414957036,43.205257390002615],[-0.619989413393763,43.2036724810459],[-0.622561677777364,43.205413128935724],[-0.625714222970299,43.20737464061878],[-0.626408030379031,43.208072579150425],[-0.627491889321325,43.209883863939446],[-0.628150349836113,43.21074326366539],[-0.628300109020863,43.21081476537668],[-0.629910204803898,43.210734486977955],[-0.635048186142937,43.20867502327437],[-0.635475887817397,43.20858587219794],[-0.636471251924205,43.208577535236806],[-0.637326524792497,43.20876841148506],[-0.637670697466515,43.209131396085446],[-0.637922900789343,43.209675772020255],[-0.638108805927026,43.21088692198455],[-0.638595126606792,43.21145401744765],[-0.639247004940532,43.21187415420871],[-0.640570035797701,43.21245353359853]]]]}},{"type":"Feature","properties":{"fid":3044,"ID":"COMMUNE_0000000009761834","NOM":"Géronce","NOM_M":"GERONCE","INSEE_COM":"64241","STATUT":"Commune simple","POPULATION":490,"INSEE_CAN":"14","INSEE_ARR":"2","INSEE_DEP":"64","INSEE_REG":"75","SIREN_EPCI":"200067262"},"geometry":{"type":"MultiPolygon","coordinates":[[[[-0.694056135685568,43.207840147849836],[-0.694678323482301,43.20765585081659],[-0.696035533435069,43.20743466131527],[-0.696209692405485,43.207789789067824],[-0.697116665654749,43.20793880477021],[-0.697259149656384,43.20810681486502],[-0.697783306947856,43.20825633881742],[-0.698089305809001,43.20776768942596],[-0.6988074826345,43.2077367622785],[-0.69893532532681,43.207580195937155],[-0.699675586503592,43.20733689075596],[-0.699947137805367,43.207060131562855],[-0.700083656182113,43.207115781540615],[-0.700290699800085,43.20688896006419],[-0.701864759243532,43.207266286508094],[-0.702464293246547,43.20774638239156],[-0.703361252766537,43.20823787652502],[-0.703589973022365,43.20865595644409],[-0.704048564493606,43.2087617767664],[-0.704252062200204,43.20888265879607],[-0.704359967408916,43.20908696706039],[-0.705393822818606,43.2093324127595],[-0.706148671044356,43.209718907193185],[-0.706705655395419,43.20922881116548],[-0.706661955925275,43.20870172300186],[-0.707823918409134,43.20948484100863],[-0.708315994898752,43.209230195353214],[-0.709428852452127,43.20938283766314],[-0.710036216916939,43.20933223386625],[-0.710346292550621,43.2091765891207],[-0.710429932213204,43.208964797199656],[-0.710183721532791,43.208773355832],[-0.709578991580498,43.208615855692734],[-0.709496039977167,43.20841699746404],[-0.709858018073482,43.20830279299737],[-0.710829659634762,43.208461177380975],[-0.711246398452488,43.20810735350344],[-0.712102263316176,43.207996859384224],[-0.712055792366258,43.2078102549669],[-0.711772599068912,43.207713741581195],[-0.711693959863037,43.207601184130155],[-0.712172797967193,43.207179483528954],[-0.712082895922497,43.2065855491827],[-0.712672602946981,43.20603126007177],[-0.713294984429865,43.20510483901228],[-0.713984674267488,43.20455520485463],[-0.71404280012949,43.2041002548132],[-0.714234140816641,43.20374517495174],[-0.714936793631508,43.20358860395591],[-0.715613449399048,43.20314296465321],[-0.7161319148913,43.202993630891484],[-0.716667737054278,43.2026933138968],[-0.717413145319059,43.20258928263149],[-0.717658523491346,43.20177398208811],[-0.717599284060855,43.201255538343815],[-0.717883916094805,43.20083960452217],[-0.717925192242554,43.20060135184222],[-0.717277287334624,43.20013561676228],[-0.716694067757588,43.19992879205686],[-0.716687054483101,43.199838984490725],[-0.718111640585339,43.19921536892169],[-0.718490043451646,43.19908976163772],[-0.719260369968008,43.198991160530674],[-0.720462474306875,43.198506656783344],[-0.721385354362082,43.19852164275322],[-0.72251906315658,43.19814123114936],[-0.723247172838285,43.19799903338337],[-0.723456636932408,43.19802151833614],[-0.723588144860945,43.19824750474673],[-0.723586663065329,43.198682495056566],[-0.72339845463891,43.1990086686237],[-0.7234544879083,43.19909498272666],[-0.723661836525694,43.199141853857434],[-0.723866450325337,43.19916540613836],[-0.724570163038284,43.19864493323546],[-0.724641037563672,43.198446177544454],[-0.724512567401313,43.198114729353094],[-0.724627832002484,43.19801259475352],[-0.726288870190036,43.19798403375748],[-0.726812470560958,43.1980487875136],[-0.727324552489407,43.19844982223866],[-0.728132251419537,43.19852996496623],[-0.728059215020515,43.19909530073526],[-0.728202569166943,43.1991803952284],[-0.729743630171019,43.19916133239061],[-0.729865942877696,43.19947317771113],[-0.729689491469521,43.20047613272685],[-0.729944332105651,43.201772145069754],[-0.730062694343424,43.20204180410817],[-0.730615571468584,43.202120837082944],[-0.730798936164008,43.202215350842565],[-0.730889041120921,43.20277144581085],[-0.731208465058633,43.20295220332622],[-0.73140041638522,43.20281769155686],[-0.731455855028823,43.202437562628894],[-0.731623497580476,43.20225076179183],[-0.731904091319307,43.20268770280413],[-0.732320073845745,43.202876822694904],[-0.732777325658381,43.20284749156792],[-0.733454075349939,43.20238642383128],[-0.733621052672531,43.202379743359785],[-0.733863237633635,43.20252714671203],[-0.733802371126681,43.202918271394324],[-0.73395933928955,43.203080331188666],[-0.734564551591265,43.20307378582733],[-0.73513654395506,43.203219672268624],[-0.735308181608185,43.20311377233958],[-0.735364276707178,43.20247787442663],[-0.735652282816657,43.20209689194259],[-0.736046287198541,43.202592930479504],[-0.737167405426982,43.20237939278103],[-0.737664748818293,43.20258908660052],[-0.737897796341211,43.20246214367302],[-0.738370279376777,43.20162270618794],[-0.738751420631163,43.201805805162955],[-0.738943417133113,43.2020143705311],[-0.739879382088197,43.202477199237],[-0.740162741111311,43.20248088124328],[-0.741068442179571,43.20226756816624],[-0.741656710975966,43.20237953691514],[-0.741969501217954,43.202552389174926],[-0.742167939141976,43.20278413916193],[-0.742231981974306,43.20367702275661],[-0.742796611354563,43.203898767805015],[-0.744000194845013,43.20419738909191],[-0.744641960804892,43.20424174837079],[-0.744936356915833,43.20409284865987],[-0.744972427963055,43.20388988186988],[-0.744555151899285,43.2032451957052],[-0.744750386623516,43.20293404519788],[-0.745047383052657,43.202901220594036],[-0.745719926871721,43.203097591041654],[-0.745891938005325,43.203073607091625],[-0.745935226836592,43.20332334614324],[-0.746226819907069,43.203415877002456],[-0.749541705584115,43.203735639230835],[-0.75019707464509,43.20397040139381],[-0.75100096591404,43.20510771338024],[-0.751461576736757,43.205489721935905],[-0.752443365042914,43.20610574348304],[-0.752686993119595,43.20655833217527],[-0.753185358275731,43.20685797456129],[-0.753759507670332,43.207546702882105],[-0.753831866811963,43.208413184970695],[-0.75375333227062,43.20906068947282],[-0.753868065986841,43.209518663187914],[-0.754072182918074,43.20989338009962],[-0.754432834153939,43.210176198852714],[-0.755738643397032,43.21181561828191],[-0.75458542552884,43.2117837208186],[-0.753366564463743,43.21195401073308],[-0.752911482683291,43.2118662839631],[-0.752301033114264,43.211869509201414],[-0.750833831558806,43.212234815794886],[-0.749838358713239,43.21228113076001],[-0.749074279995774,43.21240224264686],[-0.748393843346399,43.21216203632625],[-0.747160215206881,43.21233276842598],[-0.746697834150394,43.212530733311134],[-0.744508878845195,43.21308220996702],[-0.739208090703184,43.215563289043054],[-0.734464064984622,43.21790235608258],[-0.729109204057266,43.22030284348393],[-0.728813085970631,43.22084618231825],[-0.728025645675024,43.22173248442557],[-0.727455467680649,43.222284388210575],[-0.726794789222832,43.22257916621885],[-0.726277988700916,43.22294731585741],[-0.725692719261498,43.2237617807681],[-0.725369118014137,43.223975570058975],[-0.724231778331876,43.22432641096757],[-0.723555711188736,43.22495579015092],[-0.72325889242136,43.22506959200117],[-0.723106619012665,43.2252288342938],[-0.722910060402492,43.22577052192438],[-0.723125236771143,43.22639525880464],[-0.722875513582979,43.22689555642191],[-0.72294198449645,43.22708597328554],[-0.722730589663437,43.22747418483106],[-0.721888633422253,43.228224542409855],[-0.721893281924097,43.228850240618755],[-0.721624376887686,43.22901530465311],[-0.721322128356396,43.229446269641805],[-0.721111450049683,43.22940670814382],[-0.72099566780057,43.229291832664764],[-0.720848607468729,43.22932211816481],[-0.720693495038238,43.22968587200474],[-0.720251229535515,43.22945437930299],[-0.720235585325504,43.22967014192093],[-0.720547759551565,43.23002318738219],[-0.720098799358835,43.22991709645791],[-0.720046430652233,43.23009810452239],[-0.719676329691173,43.23010726077019],[-0.719617078493469,43.23016243362299],[-0.719724673918772,43.23062789359819],[-0.719600855474971,43.231171570963454],[-0.71975743049253,43.23136518797939],[-0.719555399068332,43.23178458868277],[-0.719701921840749,43.232051494305864],[-0.719609788095961,43.23218884717771],[-0.719358251190747,43.2320696436781],[-0.719265466988688,43.2322160238192],[-0.719424360764799,43.23244558231421],[-0.719718949823845,43.2324111142997],[-0.719751426557557,43.23259009834194],[-0.719490400894412,43.232839533798995],[-0.719110509310201,43.23284992549417],[-0.718809221798936,43.23300979452587],[-0.718716434694025,43.23315617430463],[-0.71891732472719,43.233502254363714],[-0.718732469267105,43.2337679738004],[-0.718461941820913,43.23377459426947],[-0.718268440404594,43.23358134674463],[-0.717168607790395,43.23317978446317],[-0.715707940901577,43.2341360076958],[-0.715465313602031,43.2344802541686],[-0.715091521289047,43.23477678562966],[-0.714010730196851,43.23543624388324],[-0.713098090746278,43.23564685138769],[-0.713022071235292,43.23549908073369],[-0.712007472272867,43.23557991050829],[-0.712473573217784,43.23625817517369],[-0.712049152304089,43.23645738043017],[-0.711724021470541,43.23630466934782],[-0.710824497912641,43.236987576734826],[-0.710513424731924,43.23674702855994],[-0.709994829845516,43.23609487435664],[-0.709836381537701,43.23613994395659],[-0.709038442843301,43.23652577577689],[-0.70806642904282,43.237422771389966],[-0.707597015905194,43.237650519827376],[-0.707370367589064,43.23791855471046],[-0.706945694007416,43.23776924867823],[-0.707018145510637,43.23763168289841],[-0.706785713586871,43.237483877498384],[-0.70581749448447,43.23826815717818],[-0.705215385579034,43.2392875007666],[-0.704881636687557,43.239153975488],[-0.70477665576087,43.238823488496344],[-0.704509501520562,43.238825454809096],[-0.704418238127412,43.239303158298014],[-0.704132714133788,43.239613729972504],[-0.702789894881513,43.239072673954695],[-0.702116603191774,43.23992424388982],[-0.701633080463902,43.24035506485833],[-0.701141593360831,43.24018191225325],[-0.700717512114248,43.24050262887934],[-0.70032851769623,43.24037188433201],[-0.699610704661185,43.24045322473991],[-0.699939268458624,43.2407940619837],[-0.70010459570404,43.24085593265427],[-0.700193323597282,43.24108702417162],[-0.699795422932088,43.24131678811039],[-0.699987773311708,43.241454276312766],[-0.699185032271034,43.24222831807278],[-0.699376869920803,43.24270351777453],[-0.698909435170965,43.24309775402292],[-0.698671740064527,43.243405770888906],[-0.698658834514912,43.24360792830604],[-0.697986531521924,43.24378495262494],[-0.696312998547844,43.24440780014357],[-0.695515876330705,43.24367506249255],[-0.694393846229996,43.24433122509146],[-0.694998270585411,43.24486345004139],[-0.694314118364548,43.245202048251144],[-0.693923588085984,43.24485520909568],[-0.693648863984234,43.24500869274753],[-0.693493966264272,43.24487891650162],[-0.692908293700949,43.2451781150677],[-0.693157860585728,43.24543972987857],[-0.692249454019378,43.24589314834461],[-0.692116818242229,43.245745498801384],[-0.69108885292937,43.246275037684256],[-0.690597581638792,43.24772275032796],[-0.690113506623212,43.2508622817373],[-0.688840208488285,43.25141008954911],[-0.688603997421365,43.25118402750924],[-0.687698070977162,43.251466223035905],[-0.686904127765202,43.25159239925004],[-0.686851740894068,43.2513510498395],[-0.685161326770362,43.25157986863887],[-0.68478630009066,43.25222753224235],[-0.684448348169702,43.25220214651155],[-0.684558453170811,43.25201648484651],[-0.68411764370001,43.252000912456374],[-0.684107128574005,43.250968383998845],[-0.681956367095134,43.25108769170301],[-0.681819672199638,43.25101130818129],[-0.681056372015142,43.25115440618631],[-0.680863158087821,43.250308211934986],[-0.679519996107559,43.25047647349673],[-0.678876772261108,43.250474083182596],[-0.678353872489313,43.25065849673201],[-0.677842699437825,43.25069842681074],[-0.677453406672279,43.24971302674743],[-0.676329051640186,43.24983507240817],[-0.67653662898721,43.24885905766847],[-0.676794025927642,43.24837482322303],[-0.677232935984275,43.24783937947866],[-0.679173592771287,43.24610821384486],[-0.679460041133861,43.245713033216184],[-0.67954864258787,43.245286775343615],[-0.679467977927046,43.24425394463298],[-0.679150116199157,43.243345365433726],[-0.678924656612508,43.24305498386492],[-0.678555718195312,43.24283252732018],[-0.677587587318169,43.242446785233184],[-0.6781276676179,43.241972727450495],[-0.678369614164177,43.241884337304526],[-0.678529876353266,43.24165465028136],[-0.679436534653765,43.24109605096555],[-0.678882771440989,43.240756528266566],[-0.678164796560638,43.24054596810124],[-0.677541016523794,43.240189914734366],[-0.677937570546763,43.239763972532124],[-0.677887117091863,43.23951355178779],[-0.678000651721597,43.23955560824714],[-0.678113325977152,43.23937166833683],[-0.678287655891937,43.23942065757957],[-0.680583507120794,43.237296449360024],[-0.680875271125255,43.23748731022629],[-0.681345238157796,43.23678419848511],[-0.680783253511193,43.23648909264309],[-0.681138873525644,43.236136574322806],[-0.68019012490274,43.235724985757855],[-0.680562400909716,43.2353439860603],[-0.680166710747637,43.23454703193237],[-0.679828882224195,43.23429020361366],[-0.680168268995203,43.23381847622097],[-0.679901854521129,43.23350338221102],[-0.679649196883708,43.233403937857595],[-0.679751201496847,43.23326538519273],[-0.680142589406591,43.233242133279205],[-0.679905144361619,43.23318809612063],[-0.67976850034931,43.23297663640017],[-0.680355683096166,43.23264414020012],[-0.680494458693712,43.23230982550154],[-0.680309175331847,43.23162546408547],[-0.680000567849866,43.23118934278274],[-0.680327903451895,43.230876513521906],[-0.680877786121627,43.22988252189321],[-0.680926289713861,43.22961972387773],[-0.68146524615144,43.22926545334346],[-0.681473623907111,43.2288563429533],[-0.682471786643935,43.22844227521224],[-0.682358303148756,43.22828495940485],[-0.682886180804292,43.228066133696025],[-0.682766003901708,43.22788113147129],[-0.683909176693553,43.227752059975856],[-0.683595172931675,43.22663355963614],[-0.684672074176675,43.226142041416914],[-0.683907026649188,43.225346013037615],[-0.68463494881253,43.225329262648145],[-0.685181690878478,43.225155706008124],[-0.685491578943479,43.22522616627343],[-0.68535161805361,43.224904967955126],[-0.685310001576951,43.22421481038772],[-0.685212846228788,43.224101064596404],[-0.684908557924002,43.22400249729327],[-0.684344016251681,43.22345356512095],[-0.684489052488402,43.22308301273272],[-0.684814325518604,43.22291251765663],[-0.685199379825281,43.22298401312757],[-0.685427342397528,43.22287086925465],[-0.685602833902065,43.22293871522243],[-0.685880023138893,43.22280587898517],[-0.686187535228892,43.22280077649963],[-0.685952667558004,43.222632303764364],[-0.685388745888811,43.222575025169235],[-0.685191497160411,43.22212791450663],[-0.685176658558605,43.22187628368725],[-0.685287965852829,43.22171039343725],[-0.685843293410399,43.22161398173765],[-0.685641523294496,43.22061412521621],[-0.685760989141549,43.22051819409751],[-0.686189032089785,43.22049186429437],[-0.686348386590342,43.22040357458265],[-0.686577477528319,43.219884268130734],[-0.686869841561329,43.21962304089065],[-0.687069093366181,43.219581112681475],[-0.68809432224349,43.21965142898868],[-0.688286568816737,43.219596230596416],[-0.688427014743232,43.21936630643503],[-0.688308915962985,43.21915602687702],[-0.688725288286419,43.218947285896405],[-0.688842914558567,43.21866861438872],[-0.68905810765559,43.218548695087094],[-0.688918982288298,43.21825989208046],[-0.689278340675524,43.21812243603603],[-0.689589930316454,43.21766153516344],[-0.689859492693044,43.21746771554341],[-0.689664997458155,43.21710246474188],[-0.689836273410196,43.21666167019372],[-0.689778488043097,43.21645113086083],[-0.689868930810752,43.216248128809184],[-0.689650237339466,43.21536952668641],[-0.689675696671882,43.21495893345347],[-0.689883591499255,43.2147636208721],[-0.689969125955179,43.214503155507835],[-0.690203776214299,43.21443749801198],[-0.690261198838103,43.21410325346135],[-0.690395177385864,43.21398430834141],[-0.690834198208704,43.213880140965124],[-0.691026395949193,43.213593513276095],[-0.691389944320707,43.21359908390756],[-0.691522094473952,43.21333612168074],[-0.691401870481758,43.21293861768838],[-0.691776669082415,43.21240801133909],[-0.691960957275735,43.21238279424093],[-0.692297915402943,43.2127233528147],[-0.692563418315233,43.212678245691095],[-0.692827660311914,43.2121901406101],[-0.692737892828141,43.21196088745319],[-0.692360089741852,43.21163613636878],[-0.692388513576815,43.211483881517864],[-0.693148946050951,43.2112660467146],[-0.693335504028555,43.211141695747806],[-0.693469040615653,43.21088138515569],[-0.69400676975897,43.210723397131034],[-0.694141422885765,43.21061522990886],[-0.693775766287936,43.20988394831351],[-0.693924646729539,43.20922869847037],[-0.694265612757975,43.20851644318272],[-0.694193462648532,43.20806236744794],[-0.694056135685568,43.207840147849836]]]]}},{"type":"Feature","properties":{"fid":3145,"ID":"COMMUNE_0000000009761828","NOM":"Précilhon","NOM_M":"PRECILHON","INSEE_COM":"64460","STATUT":"Commune simple","POPULATION":405,"INSEE_CAN":"15","INSEE_ARR":"2","INSEE_DEP":"64","INSEE_REG":"75","SIREN_EPCI":"200067262"},"geometry":{"type":"MultiPolygon","coordinates":[[[[-0.552951379278389,43.20581585811825],[-0.553982962227191,43.20439794481522],[-0.555003667959035,43.20256439085503],[-0.554724944997515,43.20217559569406],[-0.554649119200411,43.20168377009621],[-0.554793959550467,43.201457496293976],[-0.554765209364839,43.201250449439954],[-0.554035118968011,43.199847362042746],[-0.559279450733503,43.197332469785735],[-0.560306885474723,43.19698971932822],[-0.56102288717394,43.19656630050196],[-0.561486042132471,43.196014364321584],[-0.561963308503897,43.195731182045435],[-0.562175124527243,43.19517493754631],[-0.562679918061218,43.19471976529536],[-0.562712499790668,43.19423066812544],[-0.563541351427946,43.19388183933218],[-0.563664315478218,43.1926640274817],[-0.565790187076433,43.18950536560341],[-0.566682617703165,43.18745804567448],[-0.567372832612482,43.18654021301248],[-0.568381554447891,43.185838738460404],[-0.569137125502303,43.18496375162735],[-0.571499866398318,43.18170529587255],[-0.572733271076571,43.17958630647595],[-0.57285539974369,43.17905462427718],[-0.573603361746951,43.177820597864454],[-0.573710473746511,43.17750370816953],[-0.57547955232485,43.17483929764433],[-0.575825954934672,43.17415521075962],[-0.576946411795137,43.174448490183416],[-0.578493410521641,43.17467627906804],[-0.58063616959139,43.175742346131074],[-0.583010904970077,43.176540448392025],[-0.583396735787964,43.17688958873598],[-0.583415354856679,43.17724913214997],[-0.581341454736163,43.18048926809223],[-0.579987690350955,43.1825079160335],[-0.580113948217768,43.18291701138642],[-0.579747869649964,43.18290665492243],[-0.578178443563991,43.18523947885055],[-0.581508407531252,43.185799737519524],[-0.58207905778243,43.185973471088104],[-0.582524047075643,43.186442209593295],[-0.583203249803732,43.18695718924946],[-0.583250197915336,43.18686108592042],[-0.586952442404518,43.18774646684685],[-0.587989384445888,43.188235112334475],[-0.588652310354236,43.18900181862159],[-0.589466237248032,43.18956450364611],[-0.590682652721043,43.1902470449261],[-0.590484340485566,43.190521072093794],[-0.590964575053042,43.19064464726277],[-0.58938552098267,43.19319497870348],[-0.590520694565154,43.193302159692834],[-0.589479231427657,43.19636494549266],[-0.588177400110746,43.19793357994562],[-0.586406530720705,43.19960063421041],[-0.585909091817535,43.199478508119164],[-0.585727589694803,43.199528662958116],[-0.585142405873272,43.200827616980504],[-0.584786824318506,43.20071067478309],[-0.583625177737958,43.20241956156399],[-0.583416654044922,43.202252707412235],[-0.582796987407548,43.20287837670421],[-0.582489685494991,43.2028651724237],[-0.581550100120349,43.20261994447445],[-0.581400813978033,43.20251504966134],[-0.580896812797496,43.20254528902704],[-0.580062565234371,43.20497080821307],[-0.5783672166868,43.204864985493955],[-0.577957752096446,43.20469308087812],[-0.577504860043453,43.20481345159853],[-0.576389768950679,43.20648379490647],[-0.576040132587258,43.207337282087686],[-0.57601227698347,43.207900970452854],[-0.575399044171759,43.20831478248106],[-0.575167198735908,43.208625909394556],[-0.575102110709908,43.20880725091279],[-0.575423690957637,43.209626784636285],[-0.574724386422446,43.21004254488095],[-0.574083026710322,43.21125505787925],[-0.573002705414314,43.212774744788746],[-0.572842313603749,43.21282867971228],[-0.562539515581267,43.20925706727038],[-0.561109166568231,43.20883877777825],[-0.555085656596791,43.20669367461833],[-0.552951379278389,43.20581585811825]]]]}},{"type":"Feature","properties":{"fid":3201,"ID":"COMMUNE_0000000009762479","NOM":"Lourdios-Ichère","NOM_M":"LOURDIOS-ICHERE","INSEE_COM":"64351","STATUT":"Commune simple","POPULATION":141,"INSEE_CAN":"14","INSEE_ARR":"2","INSEE_DEP":"64","INSEE_REG":"75","SIREN_EPCI":"200067262"},"geometry":{"type":"MultiPolygon","coordinates":[[[[-0.676475705517414,43.05971257278002],[-0.675994812327516,43.059912676546574],[-0.674571801654744,43.061596344637465],[-0.672854101366874,43.06281735867071],[-0.672683949671136,43.06327064847076],[-0.672695792750857,43.06426965277325],[-0.672445148456023,43.06506062672305],[-0.672028354863751,43.06563307774183],[-0.671052107501375,43.06632995559838],[-0.671008482681084,43.066552034135135],[-0.67121349369358,43.06676383058909],[-0.670671026557996,43.066923692222886],[-0.670417831936682,43.06721054189557],[-0.669615094090992,43.06715868384924],[-0.668973931852006,43.067369621468366],[-0.668597654664482,43.06732302435323],[-0.668360076477827,43.067197868153904],[-0.668116966079629,43.0672178593078],[-0.667394254589589,43.06707232001207],[-0.665218416986797,43.06631990772165],[-0.663803194037475,43.06646623670908],[-0.663267200035441,43.06643766373042],[-0.663021322450082,43.0662587569794],[-0.662736013781998,43.066252261023024],[-0.662570645293794,43.066045403056854],[-0.662358755910107,43.06595717540713],[-0.661800178897534,43.065862736914625],[-0.660762538281601,43.06530019719121],[-0.660283788166066,43.06520573682995],[-0.659556810235316,43.06526377365773],[-0.659045976124757,43.0651667974423],[-0.65815076513797,43.06462280080382],[-0.657758049669158,43.06454881442219],[-0.657154178843394,43.06461165447603],[-0.656753658436262,43.064530726833134],[-0.655510567465039,43.06401923815838],[-0.654519842855722,43.06386741279014],[-0.653984276243413,43.0639423213257],[-0.653175619104039,43.06377619848225],[-0.652368405817028,43.06374957610733],[-0.65157171598202,43.06307253320425],[-0.650720636843519,43.06285651187873],[-0.648873424339025,43.06275259557176],[-0.648277773774352,43.062575613103746],[-0.647709306855469,43.06255706868993],[-0.647281501009012,43.06229606070743],[-0.646939690550719,43.06219149941234],[-0.645617859750462,43.062162458405524],[-0.644126876494927,43.06196266049112],[-0.64329065653996,43.06168935685175],[-0.642527454870778,43.06163956343507],[-0.64105250346253,43.061167275679075],[-0.640866963734559,43.06091155169544],[-0.639903431472539,43.060370625248105],[-0.639611892423034,43.05997172823895],[-0.639165750987414,43.05957445785498],[-0.638646050048835,43.05943267072358],[-0.638737114208117,43.05906495107871],[-0.638217539875061,43.0584954935234],[-0.636159825722672,43.05783306561149],[-0.638524700230576,43.05209446968687],[-0.638818241724774,43.05186215842172],[-0.644453688733645,43.0494313685963],[-0.65081179954648,43.04643734704153],[-0.650330323516534,43.04598550620653],[-0.650200708247887,43.04548751292707],[-0.649913028995533,43.04530550038559],[-0.649409193080376,43.04537481239188],[-0.649165416502927,43.045266037044385],[-0.649096160547502,43.04496587146971],[-0.648900193499744,43.04468080782696],[-0.648426379628999,43.04423320197084],[-0.647846182663006,43.04385042484382],[-0.647261538218869,43.04378651583668],[-0.646980989188377,43.04348360916303],[-0.645850955910083,43.042965502560946],[-0.645375961913783,43.0426349690644],[-0.645053020208233,43.04251626312767],[-0.644597196489877,43.04252900572374],[-0.643853537767706,43.042337216111555],[-0.643505461869169,43.04218964596856],[-0.643369137916791,43.04199348805259],[-0.642637966560123,43.04192191253167],[-0.640564756258478,43.04203891008796],[-0.639892468427992,43.042181403498276],[-0.639524866174518,43.04240631951741],[-0.638861657075714,43.04249808045763],[-0.637602952029794,43.04174745560122],[-0.636419149516658,43.04156329532562],[-0.635793189901311,43.04138818049909],[-0.635500062508056,43.04113789126524],[-0.635214080799426,43.04104041614635],[-0.634474313168635,43.0405774327896],[-0.634091670159097,43.0404652139901],[-0.633602629802411,43.04014411002085],[-0.632968796938862,43.039980049674426],[-0.632350968426982,43.03991448147167],[-0.632086352909791,43.03978566591233],[-0.631923957363187,43.03958407337672],[-0.631659769635106,43.03950115916425],[-0.631295704997171,43.03956746894933],[-0.631030729172513,43.03947197524547],[-0.63095337295165,43.039295421144494],[-0.630624114920284,43.03915347858337],[-0.630492447755652,43.03901116902552],[-0.629962608195852,43.038958823896934],[-0.629836236735155,43.038822637214146],[-0.629362484190445,43.03864685263361],[-0.629050411473183,43.038622268452436],[-0.628388507618677,43.038401508528025],[-0.627773250022199,43.038004508643844],[-0.62744154674486,43.03745119130919],[-0.627094683999371,43.03718468748098],[-0.626915225279527,43.03682790807032],[-0.62648216942962,43.03661562718107],[-0.6244700054637,43.03645026138479],[-0.623323283187995,43.03620889367725],[-0.620816044746015,43.03640855909434],[-0.618897425619203,43.036129201941236],[-0.619118535068863,43.03599481803562],[-0.618806013708875,43.035628999305295],[-0.618854479937312,43.035285247924925],[-0.619410806146661,43.034800165324256],[-0.619873211899547,43.03412827345429],[-0.62070155636655,43.033420654086754],[-0.621179318586568,43.03277885038258],[-0.624680550562627,43.02913077569088],[-0.625198644908788,43.02848759458009],[-0.633435322584021,43.01997985763667],[-0.633972063652969,43.01969522842243],[-0.635065574271865,43.01926933486601],[-0.635368964466059,43.019215863944275],[-0.636105477133256,43.01924048049342],[-0.636914869617975,43.01948770604524],[-0.637546609490257,43.019856175562744],[-0.638388769044121,43.02050742478326],[-0.640252614607149,43.020273288799906],[-0.64306470641411,43.020425649083286],[-0.643985149354751,43.02058443115944],[-0.647507484807619,43.02092778418904],[-0.649861753974523,43.02125215220637],[-0.651030470282126,43.023323741997636],[-0.652010408041732,43.023763140801485],[-0.652804304818794,43.02475444885671],[-0.656640128157671,43.0249851293182],[-0.657280515640545,43.025720531887806],[-0.659792665130348,43.02630582189756],[-0.660238255960325,43.026754329409265],[-0.661034652518843,43.02712246921667],[-0.665900896602407,43.02740147725932],[-0.667413550293222,43.027878405481076],[-0.669547371135115,43.02760304658803],[-0.670512911068932,43.02786991182886],[-0.671117145895002,43.02741262411832],[-0.673201600370638,43.02750081361634],[-0.673582210772129,43.02760035646583],[-0.674085276627058,43.02810176879451],[-0.675020507051877,43.02825798767983],[-0.675928788627757,43.02884008153627],[-0.692508690523691,43.03282341863228],[-0.69266190582719,43.03280105189479],[-0.692613991245428,43.03299267177536],[-0.692205754679402,43.033442457981906],[-0.691803540931178,43.03371736694523],[-0.690522707058475,43.033321047965686],[-0.690244160875439,43.0333026938913],[-0.689440445884313,43.03357516148637],[-0.687937235130621,43.03384909984559],[-0.687563234616739,43.03416264047053],[-0.687445725105766,43.03445658279541],[-0.68693883418157,43.034803488134166],[-0.686905847122506,43.034979287412504],[-0.686675661671031,43.035180753161306],[-0.686811371752122,43.03546151385399],[-0.686702212466674,43.035597607310294],[-0.68653403909081,43.0356357839578],[-0.686174917293647,43.035547251853394],[-0.685861337083554,43.03555709728016],[-0.685246827574231,43.03581404521342],[-0.684925452476168,43.03608705808002],[-0.684892196232496,43.036239456729575],[-0.68500875574843,43.036393025548186],[-0.684877520437741,43.036876509564586],[-0.684934386714024,43.03771189101736],[-0.684697393087724,43.03798021186959],[-0.684090010112063,43.03838816813853],[-0.683968486234497,43.03856159676589],[-0.684014655041983,43.038669858891176],[-0.683854586900206,43.03870055066226],[-0.683812837766458,43.03897028616202],[-0.683683015165548,43.03910978518405],[-0.68321610937248,43.039333755010084],[-0.683066340076552,43.03969992534803],[-0.683035485361899,43.04043026965446],[-0.682692487047977,43.040981325612485],[-0.682694570392454,43.04112981303253],[-0.682280744738534,43.041378071672966],[-0.680810817958083,43.041619252487905],[-0.680492821731903,43.041811104048776],[-0.68039904005752,43.04207361494271],[-0.680380392089307,43.04276482584092],[-0.679525620033959,43.04335678788815],[-0.67916666082588,43.043812040032726],[-0.678941537837249,43.044364454498634],[-0.678839420671287,43.04495948093527],[-0.679000658306542,43.04554550185703],[-0.679012826219797,43.046123115394415],[-0.678659441828317,43.04628015706435],[-0.677727901688744,43.04636062494434],[-0.677521608995733,43.046437004334564],[-0.677371563424732,43.04662580611445],[-0.677416318862637,43.04686647248594],[-0.677800401247208,43.04699920122246],[-0.67795693549419,43.04718292516867],[-0.678036808015483,43.047551142221664],[-0.677761077949813,43.04777125212532],[-0.677321673063723,43.04790782035419],[-0.677070040478375,43.048372002264834],[-0.676581006665842,43.04879027502032],[-0.675943719309309,43.05039218094571],[-0.676096791660942,43.05067596645433],[-0.676588448500532,43.05111024728967],[-0.676631026232164,43.05123934460968],[-0.676535445612251,43.05251752190972],[-0.676188922233454,43.05332438144167],[-0.676261190844587,43.0537468831659],[-0.676470667930696,43.05387478012359],[-0.676949315274877,43.053910645253545],[-0.677237262566107,43.054075475173114],[-0.67716231048512,43.05436435217285],[-0.676999021592669,43.054538300372364],[-0.676281949331216,43.05496256398547],[-0.676144536556849,43.055234666696315],[-0.676376913556871,43.05551034179241],[-0.676997788315054,43.055890688925],[-0.677114937384895,43.056053252985365],[-0.677088148295491,43.056230639912954],[-0.676735518652413,43.05659383203129],[-0.67612069238878,43.056888549572584],[-0.675865803219663,43.05718627431328],[-0.67597097081166,43.05748880564185],[-0.676415807370454,43.057861665589016],[-0.676442136977652,43.0581407797104],[-0.676284109152187,43.058339757434744],[-0.676353513585757,43.05856247771195],[-0.676674422110147,43.05874329134916],[-0.677132757162565,43.059405606152424],[-0.677039027195981,43.05951505235629],[-0.676475705517414,43.05971257278002]]]]}},{"type":"Feature","properties":{"fid":3261,"ID":"COMMUNE_0000000009761599","NOM":"Saucède","NOM_M":"SAUCEDE","INSEE_COM":"64508","STATUT":"Commune simple","POPULATION":126,"INSEE_CAN":"15","INSEE_ARR":"2","INSEE_DEP":"64","INSEE_REG":"75","SIREN_EPCI":"200067262"},"geometry":{"type":"MultiPolygon","coordinates":[[[[-0.696942095922797,43.26771608123217],[-0.697425301747951,43.26841005477835],[-0.698127552688039,43.26882996770106],[-0.701602989093779,43.26973568943784],[-0.701129421942647,43.270325562893106],[-0.701815813178374,43.270727987097075],[-0.701471571672653,43.2709712253393],[-0.700679633779006,43.270422026916435],[-0.700102682856094,43.27032292793874],[-0.699893775105962,43.27042824443123],[-0.699683658866238,43.27068759320654],[-0.699505834492139,43.2706243446166],[-0.698938742906761,43.27108233194781],[-0.699340029244746,43.27142069395004],[-0.700332232380442,43.27178743588765],[-0.697408043347128,43.273079908251496],[-0.696680963005338,43.27423407108842],[-0.695647981718397,43.27469267875865],[-0.69463679060856,43.274914590659606],[-0.694015819004333,43.2746098409595],[-0.693618723921552,43.2745675907671],[-0.692849736540926,43.27514591720413],[-0.692056151064893,43.27560981060727],[-0.691210725768112,43.27505246449712],[-0.690660520311015,43.27489026280699],[-0.689313417027022,43.27456257274704],[-0.688421818329719,43.27445794992785],[-0.688152143464618,43.27451939128495],[-0.688381297536184,43.27465294802651],[-0.687714155724434,43.2763426151433],[-0.687673711507919,43.27651959988894],[-0.687766226079964,43.276771291200795],[-0.686358264252584,43.27695714275025],[-0.686071803186328,43.277180346647526],[-0.685860400276701,43.2771317291851],[-0.685021377734523,43.276635352805634],[-0.684314476106172,43.276605440226454],[-0.683483335868067,43.27719662357369],[-0.683597828149206,43.27732959893456],[-0.682722385998983,43.27774848496042],[-0.682520575564585,43.27748340673366],[-0.681956325340484,43.27758369339844],[-0.681305151548453,43.27796340259289],[-0.681111324653311,43.2776881439255],[-0.679989546714458,43.27762731694153],[-0.67992211063005,43.2778259300397],[-0.679006712998321,43.27810206191221],[-0.67846795444582,43.27775209822328],[-0.677998600835306,43.277697842956506],[-0.675651196290642,43.27780297807938],[-0.675123998847551,43.27823336107173],[-0.674258180321295,43.27830154419817],[-0.674167604790937,43.27877560078119],[-0.674356023492732,43.27941126572787],[-0.673856893417655,43.27904462202275],[-0.672954520255637,43.27879074912018],[-0.672270133847591,43.278688849805434],[-0.672102046323827,43.278817036633484],[-0.671915274635599,43.27874864349441],[-0.671698450088391,43.27892441348803],[-0.67157603366953,43.27889885802281],[-0.671297675965126,43.27866968197022],[-0.669939926375108,43.27815480323236],[-0.669037818433411,43.277594712159015],[-0.667482769962732,43.27703877983182],[-0.666787456202505,43.27649326135958],[-0.665815505545234,43.27632634305076],[-0.664999502591037,43.27634413344794],[-0.663156260810701,43.276061773942985],[-0.662755190306801,43.275665642019604],[-0.662393417234134,43.27551942056402],[-0.66208423246801,43.27523093398615],[-0.661716200671592,43.275083121669454],[-0.661676946628862,43.274988997893225],[-0.66140815136487,43.2748900497014],[-0.661208414540938,43.274675294545354],[-0.660939196658749,43.27455024464973],[-0.660890472805088,43.274306956071214],[-0.660119706090257,43.27369731886586],[-0.659573739582832,43.27358074506417],[-0.659386607612221,43.273467318116296],[-0.659293049409862,43.273216543430905],[-0.659167164552676,43.2731748828984],[-0.658693471863588,43.273362030637514],[-0.658013653295129,43.272767308895865],[-0.657863900168811,43.27254365129137],[-0.657007451371127,43.271806322689905],[-0.656608696200668,43.271231792017424],[-0.6568602573375,43.27092340292508],[-0.657100053923033,43.270779304727746],[-0.657045551570944,43.27050289257967],[-0.65665147791214,43.27000204626148],[-0.656217531138901,43.2698051204405],[-0.655999979442811,43.26961977728887],[-0.655358334803519,43.269431681264685],[-0.654317952304405,43.26897971985998],[-0.651439782103536,43.267586747238454],[-0.65058680263702,43.26736885015065],[-0.649215176182785,43.26709463473306],[-0.648793203218001,43.267125104071106],[-0.647670877648629,43.26732421435528],[-0.646918762357116,43.26770711947902],[-0.645954783930138,43.26715614707183],[-0.645238170035837,43.26628794407242],[-0.646193178110564,43.26607379749857],[-0.646614321292418,43.26546524367067],[-0.646754150608502,43.265396585472324],[-0.646550414607821,43.2651756393354],[-0.646894878742077,43.2650109200097],[-0.647395617386746,43.26410250912535],[-0.648528897338667,43.263960662082724],[-0.648816553589672,43.26420308197286],[-0.650036736950414,43.264207765675536],[-0.651657419457845,43.264738293207],[-0.651891045207859,43.264535882761656],[-0.652596084708991,43.264694836726925],[-0.652712717201757,43.26404612986262],[-0.65309184632586,43.262989618830915],[-0.651450346311027,43.262752482153644],[-0.651518263661837,43.26246292486068],[-0.651909504910113,43.26202555557934],[-0.651887936163157,43.26178224897917],[-0.651094529532345,43.26108327791026],[-0.650877351964464,43.26103929341464],[-0.650873096455462,43.2606801373812],[-0.651029222165988,43.26030475197752],[-0.650869914606183,43.25992922739926],[-0.650143882387566,43.259223470798936],[-0.649318920031934,43.25921263751051],[-0.648755437950779,43.25903087139784],[-0.648122677619544,43.258708264266254],[-0.646898256535666,43.257582587204375],[-0.645596095649217,43.25684403557028],[-0.644951185844543,43.25667940871037],[-0.644079105979025,43.256624202267254],[-0.64331496281484,43.256249272943194],[-0.642568313284183,43.25644376071922],[-0.64136870817208,43.255806158285246],[-0.641768435996726,43.25509299219766],[-0.642885612714634,43.2541331954848],[-0.643339932056877,43.2534460965346],[-0.644142538553823,43.25269501053296],[-0.644253090149206,43.25237790745539],[-0.644549475680095,43.25203832161498],[-0.644158286059807,43.2511114154251],[-0.643294093315072,43.24846883398326],[-0.643298457701553,43.248303897330146],[-0.643501599043192,43.24810703773479],[-0.644334346795604,43.24773674048836],[-0.644636618515457,43.24643793649264],[-0.646751700316872,43.247510120437376],[-0.647486902215148,43.24818856237415],[-0.650042192381364,43.25002473787462],[-0.650474285167136,43.250467577086326],[-0.651344146394328,43.25101447356401],[-0.65395775869125,43.252094880426995],[-0.65425032164079,43.251929191276204],[-0.654558679947511,43.252129468717584],[-0.654998109526749,43.251598606597305],[-0.656377635621243,43.253052118579625],[-0.656836913588661,43.253320218741806],[-0.65692219166373,43.253460509284345],[-0.656734408079393,43.25362715917146],[-0.657178907236768,43.25391466930835],[-0.657324219135773,43.25434108577789],[-0.65769379268443,43.25449605754467],[-0.658219635067185,43.25439539368126],[-0.658539090817553,43.25442058788426],[-0.659126096419258,43.255012133023385],[-0.659817338420346,43.255207523143575],[-0.659838728307716,43.2555057646362],[-0.660211358293696,43.25559218662207],[-0.660466537993411,43.25586629233253],[-0.661181125938336,43.25586637410968],[-0.661180431359594,43.25610773249021],[-0.661358408802502,43.25609719401678],[-0.661656807678613,43.256295089708026],[-0.66167238922432,43.25688979420791],[-0.661940000764088,43.25708783313261],[-0.662101918890362,43.257658663684325],[-0.662231107484894,43.25777224753435],[-0.66280132118062,43.25786546629954],[-0.66293163166759,43.25793848858681],[-0.663075064984161,43.258256903507274],[-0.664452995893727,43.25896206494118],[-0.665987658049756,43.25949619498942],[-0.666914235701468,43.260194140258406],[-0.667036300598642,43.26067987142542],[-0.667712390566267,43.2610423241152],[-0.667927477261851,43.26153750196312],[-0.669075883734557,43.260434077406046],[-0.670801582196015,43.259651406300314],[-0.671424076486942,43.2589782694596],[-0.671977811273836,43.258831564771164],[-0.671732888475456,43.2586615936944],[-0.672267646327346,43.258081486722716],[-0.673085295888909,43.2584417914374],[-0.673499051337505,43.258534874516506],[-0.674464640912673,43.25841286411788],[-0.675544072303163,43.257931266918526],[-0.676387271241175,43.25724248094526],[-0.676821072246993,43.257147561924434],[-0.677184167672271,43.25683262294073],[-0.677650079592001,43.25679694105159],[-0.678449098411494,43.25653648613152],[-0.678681262784704,43.25696982659861],[-0.678776203591485,43.258226409890455],[-0.678664737498928,43.26136580150062],[-0.678392109148526,43.262597091138936],[-0.678478179617897,43.263791846828056],[-0.679098581576552,43.265191726624785],[-0.680286970694392,43.26701440300843],[-0.681074245172839,43.2677647165513],[-0.681740864914464,43.268246281140534],[-0.682254059832657,43.26852505347427],[-0.683331884421285,43.26884580024587],[-0.683931710629644,43.268879368974915],[-0.684416935311999,43.26873944152736],[-0.684787000503624,43.26849447828147],[-0.685027150005799,43.268144984059056],[-0.685629581918184,43.26631076736322],[-0.68682883766515,43.264792065833014],[-0.687872163594658,43.263918948441884],[-0.688486208965659,43.26377099926649],[-0.689101864035212,43.263744562164746],[-0.692007020868836,43.2639109143067],[-0.692702562901776,43.26401590321886],[-0.693658285586112,43.26439295143304],[-0.694167333925802,43.26468351583903],[-0.695187965722049,43.26553470976795],[-0.696374661809466,43.266842182277315],[-0.696942095922797,43.26771608123217]]]]}},{"type":"Feature","properties":{"fid":3281,"ID":"COMMUNE_0000000009761824","NOM":"Lasseubetat","NOM_M":"LASSEUBETAT","INSEE_COM":"64325","STATUT":"Commune simple","POPULATION":195,"INSEE_CAN":"15","INSEE_ARR":"2","INSEE_DEP":"64","INSEE_REG":"75","SIREN_EPCI":"200067262"},"geometry":{"type":"MultiPolygon","coordinates":[[[[-0.468070982862897,43.17316160923437],[-0.467296461891059,43.17495209489174],[-0.467615197486554,43.175425329856466],[-0.466133963783947,43.177309661810206],[-0.464394511429027,43.17819298176328],[-0.464061305586936,43.17844227857481],[-0.463890973282432,43.1788637103603],[-0.46358140316328,43.17909694046574],[-0.463556462419868,43.179460581093544],[-0.463116543980168,43.17994109015998],[-0.463070582970418,43.18024148130175],[-0.462396518880263,43.18077722530651],[-0.46204604270728,43.180923530336436],[-0.461973058927672,43.18112214910772],[-0.46202748705995,43.18176324938859],[-0.461899492657731,43.18202935968935],[-0.461971990090316,43.18231514337958],[-0.461235868982131,43.183191402960595],[-0.460337741485232,43.18366409817298],[-0.459794467075997,43.183857997979466],[-0.458374699655884,43.18371536753234],[-0.457411210211505,43.185871082086315],[-0.455997781289222,43.18813754662624],[-0.455892056794525,43.188509177346056],[-0.456517321282713,43.192356145352534],[-0.455841441123612,43.192988243063205],[-0.455449356827687,43.19320158411815],[-0.454552753130308,43.19345629448309],[-0.453906714642704,43.1934769851408],[-0.45336428106625,43.193378209323754],[-0.451770839171324,43.19350394700861],[-0.45150247356908,43.193584563521256],[-0.449421372854484,43.19491973507877],[-0.448821719830109,43.195449409908996],[-0.448547846141488,43.19642694430166],[-0.448422148677017,43.19630041221328],[-0.447754956397329,43.19604983545577],[-0.447068937565577,43.19548383370724],[-0.446371150519423,43.19519461147654],[-0.445556460217926,43.19591570971381],[-0.445319859766641,43.19646707870054],[-0.445145157776925,43.1966122131824],[-0.445003918524584,43.1971119167319],[-0.444452271825459,43.197663442007716],[-0.44312043532532,43.1983191026741],[-0.442261347332755,43.19856530735347],[-0.441867920427201,43.19892269598895],[-0.440788952209963,43.19921732065378],[-0.440051466784691,43.19958387628764],[-0.439452421846517,43.19971282200795],[-0.438240622845486,43.19974065102825],[-0.43774482738423,43.1995781845597],[-0.436844760205758,43.19955014468407],[-0.435448366484128,43.19997097310827],[-0.435100456238098,43.20049435076321],[-0.434712140734854,43.200669679091924],[-0.43439293071709,43.201717043270754],[-0.433925204177884,43.20225413572994],[-0.433314914315827,43.20269132332165],[-0.431994103668731,43.20326726008384],[-0.431201284791942,43.20378136978662],[-0.430776295976039,43.203837203233654],[-0.429700985402661,43.20351215835799],[-0.42891596131328,43.20345338231616],[-0.427131714610817,43.20455808562485],[-0.427386047114895,43.20475798534135],[-0.42663788149758,43.20515449676295],[-0.426373882455394,43.205621158707615],[-0.426167054290131,43.205806896784885],[-0.426397300760719,43.20599495920822],[-0.425623376693337,43.20628964185082],[-0.424672070919929,43.20647830703962],[-0.423093654837445,43.206116945507475],[-0.422651761678438,43.20617868474351],[-0.422277736181774,43.206367918867876],[-0.421766262429784,43.204300746761405],[-0.421587153666834,43.20410295032663],[-0.421361490615527,43.203472664935425],[-0.421057017474007,43.203049256648086],[-0.420907625824651,43.202459768636885],[-0.421088459716268,43.20189762256802],[-0.421362194780787,43.201490989823],[-0.421519863222971,43.2014517758636],[-0.42227157887881,43.20080399282432],[-0.422538590679198,43.20026341951605],[-0.423140186464404,43.1997617468437],[-0.423233303114487,43.199152862415154],[-0.423081448904791,43.19812769252899],[-0.423199057052416,43.19766208591053],[-0.424413805542408,43.197207569922824],[-0.424734323606769,43.19686426786497],[-0.425596742506095,43.19636240232075],[-0.427828576301264,43.19571167762157],[-0.428535223940789,43.19532277895326],[-0.429471277793164,43.1949842032363],[-0.429682703636613,43.194752395307745],[-0.430160175483682,43.19462827017178],[-0.430291600091786,43.19447913555453],[-0.431749472130642,43.194162656830855],[-0.432365824405029,43.19370457782574],[-0.432804779354305,43.193574463658564],[-0.433875768776971,43.19306409016757],[-0.435195673759959,43.192311688983786],[-0.435584685160047,43.19221106444393],[-0.435335762593938,43.19187416272283],[-0.435098018675821,43.19100120185522],[-0.434791287176597,43.19087141827118],[-0.434497626678687,43.19052693672019],[-0.433939916570204,43.19019086232926],[-0.433901207914156,43.1892296324621],[-0.43401929755483,43.18875319465283],[-0.433903002185425,43.18774941952634],[-0.433607905998386,43.18707005743769],[-0.433230757548316,43.1866039860562],[-0.433324221680088,43.18585823320157],[-0.433133484150314,43.18548526421319],[-0.433108858238078,43.18517453213947],[-0.434419109078079,43.1847591726484],[-0.434955686933302,43.184430566398625],[-0.435469321338333,43.18437819104706],[-0.435782099943456,43.18378300794868],[-0.436307473364137,43.18314233526679],[-0.437054416638606,43.18258643225692],[-0.437267302117609,43.182235718600474],[-0.437523778314063,43.18212130344774],[-0.438312991098189,43.18248238618457],[-0.438710378269567,43.18206906527112],[-0.439257587187784,43.181010825950075],[-0.439547256123283,43.18085483203754],[-0.439795944583797,43.18050657250735],[-0.441165646816719,43.1802242815823],[-0.443095713672604,43.17922992233001],[-0.444518038957915,43.17815991389273],[-0.445383984207982,43.17669351140842],[-0.445895042363382,43.17606315138264],[-0.446410519710862,43.17563072131601],[-0.446615043546162,43.174275482633895],[-0.448847339014008,43.17173448429573],[-0.44858893383191,43.170723573242306],[-0.449327709808724,43.169026222271455],[-0.449900737843482,43.168076043991206],[-0.450478073245933,43.168083677212245],[-0.450505919977688,43.168035068392925],[-0.45089040109116,43.16695586958873],[-0.450968380093678,43.166017029724244],[-0.451930851765745,43.16557476452677],[-0.451768710865912,43.16516670470099],[-0.451288996372474,43.16491916739336],[-0.450882316802209,43.16393822318918],[-0.450873263485935,43.16306609489905],[-0.451338543538358,43.162537112129584],[-0.451528394528052,43.16240048606766],[-0.451569799676805,43.16251710328667],[-0.451806302961039,43.16254374298244],[-0.454388422535143,43.16269691670873],[-0.455644137892236,43.16298439051968],[-0.457600780836467,43.163310593278325],[-0.459238462306093,43.163917096846255],[-0.46216311377737,43.16457138549435],[-0.462802573331611,43.16502082171658],[-0.463284481832681,43.16557075182287],[-0.465528726304358,43.166772607813215],[-0.468497573120361,43.16733978017834],[-0.468331272457065,43.16770436613068],[-0.468585745875746,43.16913582385298],[-0.46848082515283,43.16949843562778],[-0.467545303233816,43.16991747654649],[-0.467082274182674,43.17031861437874],[-0.466646295329979,43.170535210729554],[-0.466194659057857,43.17116736602346],[-0.466449503458926,43.17178581046605],[-0.467012287177341,43.17202161099947],[-0.467544697633009,43.172673443856894],[-0.468035716309604,43.17302499100782],[-0.468070982862897,43.17316160923437]]]]}},{"type":"Feature","properties":{"fid":3307,"ID":"COMMUNE_0000000009761595","NOM":"Goès","NOM_M":"GOES","INSEE_COM":"64245","STATUT":"Commune simple","POPULATION":540,"INSEE_CAN":"15","INSEE_ARR":"2","INSEE_DEP":"64","INSEE_REG":"75","SIREN_EPCI":"200067262"},"geometry":{"type":"MultiPolygon","coordinates":[[[[-0.572842313603749,43.21282867971228],[-0.573002705414314,43.212774744788746],[-0.574083026710322,43.21125505787925],[-0.574724386422446,43.21004254488095],[-0.575423690957637,43.209626784636285],[-0.575102110709908,43.20880725091279],[-0.575167198735908,43.208625909394556],[-0.575399044171759,43.20831478248106],[-0.57601227698347,43.207900970452854],[-0.576040132587258,43.207337282087686],[-0.576389768950679,43.20648379490647],[-0.577504860043453,43.20481345159853],[-0.577957752096446,43.20469308087812],[-0.5783672166868,43.204864985493955],[-0.580062565234371,43.20497080821307],[-0.580896812797496,43.20254528902704],[-0.581400813978033,43.20251504966134],[-0.581550100120349,43.20261994447445],[-0.582489685494991,43.2028651724237],[-0.582796987407548,43.20287837670421],[-0.583416654044922,43.202252707412235],[-0.583625177737958,43.20241956156399],[-0.584786824318506,43.20071067478309],[-0.585142405873272,43.200827616980504],[-0.585727589694803,43.199528662958116],[-0.585909091817535,43.199478508119164],[-0.586406530720705,43.19960063421041],[-0.588177400110746,43.19793357994562],[-0.589479231427657,43.19636494549266],[-0.591284015734333,43.19603743936742],[-0.591409328886343,43.19583607388204],[-0.596079421299986,43.19744889892163],[-0.597287528193426,43.19684854589631],[-0.597667391237498,43.1969403251079],[-0.600925526412698,43.196571370823264],[-0.601373150557932,43.19703905502455],[-0.600088788939566,43.19870540780197],[-0.598929495703772,43.199970482209],[-0.598242746482688,43.200879418030844],[-0.598109817439486,43.20089915977575],[-0.59759133148351,43.20067694012965],[-0.597395719833767,43.200777109110525],[-0.597624703682967,43.20089643242058],[-0.597221193554534,43.201393421463486],[-0.598326427322611,43.20194543799883],[-0.596349385401436,43.203718591459236],[-0.596088527074197,43.204036136420065],[-0.596978867691043,43.20443775743788],[-0.595951121851139,43.205446291796676],[-0.595339416086605,43.20635630949273],[-0.594176906808505,43.20632841764144],[-0.594004238880163,43.20614507989352],[-0.593293344931396,43.20571944751202],[-0.593244462861879,43.20548786409982],[-0.593434552778651,43.20523931581909],[-0.591966000307342,43.20543589818429],[-0.591697729658927,43.20563482188779],[-0.591168185750268,43.20561103279447],[-0.589851931816673,43.20574308715994],[-0.589064258499594,43.205665748196324],[-0.587610295103518,43.20861259766347],[-0.584791408798298,43.21214145072524],[-0.581824400552366,43.21646302525784],[-0.580242557462714,43.21706119144973],[-0.579541252826222,43.21694939636955],[-0.577096889915915,43.21711960923138],[-0.57649907670053,43.21730690810527],[-0.575992383015853,43.21759383265419],[-0.575103786050795,43.21823467342585],[-0.574911550295577,43.2185498909823],[-0.575438026904856,43.219694903163216],[-0.575741571449997,43.22083829841329],[-0.572850035523902,43.22182281203034],[-0.572816397070506,43.222353380306274],[-0.572531722299763,43.22280671954519],[-0.572022184634254,43.22324769268409],[-0.571455217409036,43.22349697107237],[-0.570951391531438,43.223831498779084],[-0.572096458484319,43.224387884054345],[-0.571675560401921,43.2245503883768],[-0.571832152465771,43.22463344753547],[-0.571644497790935,43.225222239952885],[-0.572415353588876,43.22540202120745],[-0.572515312539352,43.22548515359613],[-0.573142858273467,43.22539864342071],[-0.57361488078987,43.225166907560094],[-0.574799861412313,43.2252735274209],[-0.575017164367696,43.22540229403574],[-0.575299002297396,43.225419969206186],[-0.575470820103315,43.22537105519019],[-0.575571787414033,43.22517231487868],[-0.575683055206174,43.22513981386605],[-0.575882881693165,43.2252448461063],[-0.575995166979083,43.22544732501688],[-0.576125806579557,43.22546910821211],[-0.576266075512819,43.22536811269983],[-0.576322197820756,43.22512133385075],[-0.577091156883193,43.22503191431823],[-0.577591398402721,43.224600228456964],[-0.577800471525626,43.224516759234156],[-0.57836867143324,43.22450602172962],[-0.578412610540978,43.22501601308643],[-0.579156413553769,43.22505707601848],[-0.579352693949518,43.224985733764],[-0.579415914805734,43.22503226028441],[-0.579520825724894,43.225790551133734],[-0.579080948738591,43.22594471004466],[-0.579016137452728,43.22609092990137],[-0.57935846060904,43.226190329293196],[-0.57964942401004,43.226533649614964],[-0.580406258390451,43.22660578776534],[-0.580994827148105,43.226982451006506],[-0.581092393474155,43.22712598497772],[-0.580808674743489,43.227375817814405],[-0.580550481186448,43.22813625332119],[-0.579384467960445,43.229428349948314],[-0.578849303486077,43.22973424079742],[-0.578009122899779,43.22980802384389],[-0.577647963004779,43.23002079625247],[-0.576868143209488,43.230194318889026],[-0.576982957282021,43.23071547026865],[-0.577660652593838,43.23209229172226],[-0.577703179662911,43.232341204872476],[-0.577601037049363,43.232521077805295],[-0.577234205523144,43.23280156989284],[-0.576724417537676,43.233418161632684],[-0.576620741461828,43.23339458437129],[-0.576629883530496,43.232866622043055],[-0.576496724410208,43.23246673655852],[-0.575924766300933,43.23213992059567],[-0.575216605080622,43.23192026456468],[-0.574515674989248,43.23213527740658],[-0.573272932753648,43.23215212117748],[-0.572898906335441,43.23277410292757],[-0.572711965723526,43.23265873241727],[-0.572193621914913,43.232680393430684],[-0.571727287708997,43.23290563090095],[-0.57137114932207,43.23298134839096],[-0.571246255332575,43.23293325592743],[-0.570576528707627,43.233334501319824],[-0.568882360042297,43.2334598739733],[-0.569415624918406,43.23381862138835],[-0.567446236276232,43.23485081077075],[-0.567671913548777,43.23505495388129],[-0.56745874734244,43.23519256410237],[-0.566861462197852,43.23483412163246],[-0.564647046951159,43.235230542616364],[-0.564495230472053,43.235464268130734],[-0.564408315975173,43.23587143538731],[-0.564246615216138,43.23594520901875],[-0.564177545168585,43.23614288514595],[-0.563574973478112,43.23617719007705],[-0.563345487496764,43.23533295323097],[-0.563310102200136,43.23483978158117],[-0.562952297220664,43.23375216189359],[-0.562805588821961,43.233649853418136],[-0.562835119286798,43.23343007263527],[-0.562506722120821,43.23325722484187],[-0.562368724269383,43.233036671330204],[-0.561990625518078,43.23283664883866],[-0.561593725009014,43.23233199840069],[-0.561098345458647,43.232087220227555],[-0.559872999474176,43.23180709316921],[-0.558878575590911,43.23167691325752],[-0.55777758579868,43.231635778640765],[-0.557494594270012,43.23141999991361],[-0.556860353208876,43.231319347621344],[-0.556246193437968,43.23106495672772],[-0.555349198068691,43.23023730304781],[-0.555062299250608,43.22963806464658],[-0.55520780247732,43.2291416370185],[-0.555340931184602,43.229003987556496],[-0.555347726274542,43.22883448310815],[-0.555658103602345,43.22877563365855],[-0.556206190258904,43.22843792089224],[-0.557017283208411,43.22759269873544],[-0.556605363739665,43.227442397982664],[-0.555583068546147,43.22673863685318],[-0.560001871375063,43.22323795205947],[-0.563238892942982,43.22148332200029],[-0.56522278242679,43.2205326675203],[-0.569662439725035,43.21639067686259],[-0.572096349896193,43.21446064251721],[-0.572842313603749,43.21282867971228]]]]}},{"type":"Feature","properties":{"fid":3402,"ID":"COMMUNE_0000000009761826","NOM":"Lasseube","NOM_M":"LASSEUBE","INSEE_COM":"64324","STATUT":"Commune simple","POPULATION":1737,"INSEE_CAN":"15","INSEE_ARR":"2","INSEE_DEP":"64","INSEE_REG":"75","SIREN_EPCI":"200067262"},"geometry":{"type":"MultiPolygon","coordinates":[[[[-0.437518296562339,43.23095211922736],[-0.436882527329202,43.22947775427886],[-0.435735930805028,43.228170914584275],[-0.435434411420539,43.22753224921854],[-0.435269244382206,43.22599878094177],[-0.435779109959227,43.22436729303036],[-0.435738373285289,43.22343491199287],[-0.434554917442752,43.221589026784756],[-0.434143582177242,43.220614421742305],[-0.433062716148908,43.21912540647571],[-0.431829975702148,43.218062582285704],[-0.430852693886152,43.21765158568749],[-0.43051815647879,43.21759469572732],[-0.430459391982987,43.21745520797264],[-0.429281646132433,43.21663280601616],[-0.428957589529016,43.21650354991572],[-0.427807044041703,43.21626279899198],[-0.42739271638343,43.216022961551026],[-0.426036033095478,43.21390610170234],[-0.425448319138357,43.21321258420678],[-0.423354940183354,43.2118510718766],[-0.422531934665516,43.21107047049886],[-0.42231996216549,43.21079628603469],[-0.42235265418828,43.21043420928371],[-0.422720077391691,43.20990485296332],[-0.423294474245772,43.20942024786125],[-0.423325698398152,43.20919957217722],[-0.422338593132189,43.207664286858545],[-0.422242451011823,43.20728829108561],[-0.422277736181774,43.206367918867876],[-0.422651761678438,43.20617868474351],[-0.423093654837445,43.206116945507475],[-0.424672070919929,43.20647830703962],[-0.425623376693337,43.20628964185082],[-0.426397300760719,43.20599495920822],[-0.426167054290131,43.205806896784885],[-0.426373882455394,43.205621158707615],[-0.42663788149758,43.20515449676295],[-0.427386047114895,43.20475798534135],[-0.427131714610817,43.20455808562485],[-0.42891596131328,43.20345338231616],[-0.429700985402661,43.20351215835799],[-0.430776295976039,43.203837203233654],[-0.431201284791942,43.20378136978662],[-0.431994103668731,43.20326726008384],[-0.433314914315827,43.20269132332165],[-0.433925204177884,43.20225413572994],[-0.43439293071709,43.201717043270754],[-0.434712140734854,43.200669679091924],[-0.435100456238098,43.20049435076321],[-0.435448366484128,43.19997097310827],[-0.436844760205758,43.19955014468407],[-0.43774482738423,43.1995781845597],[-0.438240622845486,43.19974065102825],[-0.439452421846517,43.19971282200795],[-0.440051466784691,43.19958387628764],[-0.440788952209963,43.19921732065378],[-0.441867920427201,43.19892269598895],[-0.442261347332755,43.19856530735347],[-0.44312043532532,43.1983191026741],[-0.444452271825459,43.197663442007716],[-0.445003918524584,43.1971119167319],[-0.445145157776925,43.1966122131824],[-0.445319859766641,43.19646707870054],[-0.445556460217926,43.19591570971381],[-0.446371150519423,43.19519461147654],[-0.447068937565577,43.19548383370724],[-0.447754956397329,43.19604983545577],[-0.448422148677017,43.19630041221328],[-0.448547846141488,43.19642694430166],[-0.448821719830109,43.195449409908996],[-0.449421372854484,43.19491973507877],[-0.45150247356908,43.193584563521256],[-0.451770839171324,43.19350394700861],[-0.45336428106625,43.193378209323754],[-0.453906714642704,43.1934769851408],[-0.454552753130308,43.19345629448309],[-0.455449356827687,43.19320158411815],[-0.455841441123612,43.192988243063205],[-0.456517321282713,43.192356145352534],[-0.455892056794525,43.188509177346056],[-0.455997781289222,43.18813754662624],[-0.457411210211505,43.185871082086315],[-0.458374699655884,43.18371536753234],[-0.459794467075997,43.183857997979466],[-0.460337741485232,43.18366409817298],[-0.461235868982131,43.183191402960595],[-0.461971990090316,43.18231514337958],[-0.461899492657731,43.18202935968935],[-0.46202748705995,43.18176324938859],[-0.461973058927672,43.18112214910772],[-0.46204604270728,43.180923530336436],[-0.462396518880263,43.18077722530651],[-0.463070582970418,43.18024148130175],[-0.463116543980168,43.17994109015998],[-0.463556462419868,43.179460581093544],[-0.46358140316328,43.17909694046574],[-0.463890973282432,43.1788637103603],[-0.464061305586936,43.17844227857481],[-0.464394511429027,43.17819298176328],[-0.466133963783947,43.177309661810206],[-0.467615197486554,43.175425329856466],[-0.467296461891059,43.17495209489174],[-0.468070982862897,43.17316160923437],[-0.469297981864113,43.17429708445369],[-0.469586291271127,43.17475508654191],[-0.470242373260163,43.17537591916294],[-0.470705432956602,43.17569144182678],[-0.470770596008596,43.17589552376313],[-0.471043453431218,43.17613703678316],[-0.4710805905654,43.17626369061772],[-0.470764603182533,43.176573678369316],[-0.471036523720261,43.1769223632283],[-0.471009870521998,43.17713390272806],[-0.471353403539223,43.17750729222293],[-0.471084142095156,43.177612297909896],[-0.471058173100205,43.177732880279265],[-0.471692027903945,43.178105926248115],[-0.472461474972527,43.17874920910366],[-0.472637400073155,43.17913789695797],[-0.472616302442083,43.1794212865324],[-0.473186269715564,43.179999862051986],[-0.476478460082666,43.18132713273047],[-0.480843110365084,43.18166531746885],[-0.48095348181245,43.18149608897888],[-0.48135429496613,43.18138951231112],[-0.481812330463017,43.18108931047089],[-0.484901501166853,43.18124972139854],[-0.48550611726046,43.18105460965774],[-0.486365054202823,43.18128164357396],[-0.487401133121889,43.18138589529262],[-0.488326101726519,43.181157897347035],[-0.489715383567693,43.18144697881801],[-0.49013989101342,43.18134590469427],[-0.491304139947461,43.181270400156166],[-0.491612718627453,43.18130722745997],[-0.493424754731647,43.18193371363025],[-0.494847212038237,43.18258720369992],[-0.49562568242193,43.1819920400472],[-0.496097505649678,43.18185969634064],[-0.496878163727168,43.182032463370874],[-0.497412285893461,43.18203494901196],[-0.498415964113802,43.18188804459949],[-0.498831772634814,43.18166386798052],[-0.49995448404879,43.18203980085911],[-0.500941701481558,43.18214911124026],[-0.501747061945057,43.1818564520883],[-0.502109723307812,43.18201394337528],[-0.502746899405491,43.18215351300985],[-0.504723584480761,43.18315892399921],[-0.505731502098175,43.18377082588417],[-0.506581035390503,43.18398270266212],[-0.507839629676804,43.18436584343019],[-0.508575340433006,43.184931652698396],[-0.50972549600039,43.185331806572236],[-0.510124118656824,43.185594346515266],[-0.510663097986782,43.18638443748897],[-0.510986819870389,43.186608896286586],[-0.516292751192592,43.18887514330495],[-0.516978664771181,43.18946953696624],[-0.517690505271146,43.19028727629824],[-0.518204905070509,43.19121679799721],[-0.519344298656933,43.19234561899286],[-0.521736572880959,43.194080904087194],[-0.522994403275518,43.19478894643925],[-0.524414240840318,43.19573118508802],[-0.524969186441495,43.19637483567874],[-0.525357349275789,43.197108572332624],[-0.527268084849116,43.197381948255305],[-0.528376922801643,43.1974420222151],[-0.529013524109832,43.19984325300023],[-0.530405698531216,43.2000678135482],[-0.531256509098642,43.20045594538497],[-0.531897781430204,43.200979689033694],[-0.532267504562216,43.20096758218834],[-0.532233785864459,43.201200988733916],[-0.533061174297341,43.20237232031336],[-0.532504103088422,43.20294340956538],[-0.533371379705848,43.20382080534439],[-0.534004968943103,43.20413769943184],[-0.534580971232537,43.20417735300123],[-0.534477719193146,43.20444095188212],[-0.534663947667022,43.204788707142285],[-0.535379016570201,43.205169553771405],[-0.535667688712917,43.20598395999229],[-0.536047067637352,43.2059481142376],[-0.536262030472684,43.20857294620954],[-0.5365285983861,43.20966900425086],[-0.537791942828664,43.21021734741142],[-0.539304587832533,43.21055490656011],[-0.53971400441216,43.210627012523645],[-0.540211837554207,43.21053504256614],[-0.540212555524596,43.210406260723374],[-0.540362599207747,43.21040403799759],[-0.540719197341561,43.210819128115304],[-0.540830520235751,43.21126928015941],[-0.541085480418071,43.21149231675004],[-0.541264184685377,43.211475645981245],[-0.541911371022223,43.21112935232135],[-0.542633833367954,43.21120737666216],[-0.54294464555953,43.211277306175376],[-0.543209211164718,43.211436093473274],[-0.54361641727022,43.21149205027113],[-0.543543200354244,43.21180329587877],[-0.543606819290159,43.21185703165549],[-0.543807170545591,43.211791923899085],[-0.544133966568637,43.211320178483746],[-0.544285450221218,43.21126117722601],[-0.544672140531179,43.211424052477696],[-0.545200285219118,43.21134456963469],[-0.54556238109593,43.21146773152874],[-0.546316546313287,43.21142043284656],[-0.546910643742437,43.21149274392368],[-0.547126508146293,43.21168013556468],[-0.547393598139493,43.211759593823245],[-0.547409737336346,43.21192203774843],[-0.547312780892177,43.2120269724198],[-0.548364839584823,43.212439879694024],[-0.548667016294845,43.21266945044891],[-0.547423287580096,43.214165421665264],[-0.547174869903914,43.21461029035866],[-0.54728090549245,43.214873326646426],[-0.546932374222985,43.21553218349768],[-0.545536136634086,43.2167116983686],[-0.542165710795705,43.21766068960441],[-0.54090540824591,43.217947871094246],[-0.539512710218528,43.21792333603159],[-0.539508722929954,43.21836016701106],[-0.539050109849356,43.218892047915254],[-0.538644384314822,43.22008579701146],[-0.538655918083104,43.2208561731042],[-0.539299679650371,43.221154705608846],[-0.539379087126709,43.22130517140386],[-0.539355752978704,43.22176784976102],[-0.539197466495133,43.22197743601455],[-0.539258641331305,43.22209158302609],[-0.538225448567392,43.22269092840798],[-0.538916677096134,43.22302032271311],[-0.540415941801582,43.223475374002675],[-0.540638997106356,43.22392006461619],[-0.539018665321255,43.22430187200356],[-0.53940647489485,43.22482309958724],[-0.538102350473963,43.22488027464287],[-0.53493672573401,43.2251821159793],[-0.533149840549368,43.225660231157626],[-0.532917918293098,43.22591453823819],[-0.532331515912716,43.2261912540574],[-0.531437508238748,43.226471730776474],[-0.530029498619546,43.227045442650756],[-0.529724204447864,43.22708694366624],[-0.529588706642779,43.22724714732145],[-0.52918666643582,43.22745838774315],[-0.528896948093097,43.22789555917784],[-0.528569583506499,43.22793867893235],[-0.528604437846703,43.22832741864851],[-0.528411665007903,43.22855792508711],[-0.528402207891368,43.22890669477801],[-0.52823521523624,43.228994992871684],[-0.528432555494011,43.22944325026684],[-0.528223763041166,43.229492396344924],[-0.528109037327548,43.22965011816623],[-0.528217835054128,43.23016069834902],[-0.527795580287926,43.23050495523544],[-0.527651552840865,43.23090854754407],[-0.527674014968684,43.23117523682639],[-0.527503899690986,43.231414005255125],[-0.526725826254022,43.232001294695515],[-0.526529765429389,43.232258917737255],[-0.526261564623146,43.232323507272405],[-0.526736482576698,43.23298150002904],[-0.526509946734967,43.23342560490689],[-0.52630140556762,43.23353956871326],[-0.525161370672191,43.23374609100493],[-0.524627909477272,43.23372209538472],[-0.523842833079382,43.233913408740996],[-0.521575029513839,43.234063967174784],[-0.520427390215517,43.23386369950356],[-0.519525577297814,43.23359507572078],[-0.518938584732523,43.23301634254789],[-0.518486576590821,43.23313642825795],[-0.518303391480979,43.23310098135119],[-0.517491733572659,43.233321027382516],[-0.517120266362068,43.23330792237014],[-0.516866356527836,43.23382943182534],[-0.513122563892629,43.23413054648871],[-0.510348218858646,43.23520586909945],[-0.50960332911181,43.235289521511824],[-0.509222901846628,43.235534197499064],[-0.508142803692045,43.23595828825098],[-0.507550336948674,43.23642234680868],[-0.507062061405734,43.23643281167967],[-0.506526122610017,43.236611398587016],[-0.506208083852675,43.236890052902154],[-0.506099891904769,43.23711596868018],[-0.505547884050081,43.23727346270939],[-0.504959783071601,43.23766803311946],[-0.504400855123966,43.23785365848487],[-0.504033811017151,43.23789348806797],[-0.503632473895143,43.2381595317914],[-0.503435816150306,43.23812539705534],[-0.502701937767247,43.2382491614633],[-0.502409898280413,43.23857108032623],[-0.501572059030837,43.23921414430944],[-0.501264079725709,43.23957799586931],[-0.501242043260839,43.23978310348063],[-0.500835302153055,43.24002139899047],[-0.500239945281635,43.24074392676197],[-0.499877127180087,43.24089435486314],[-0.499482901785317,43.24119706866618],[-0.498951890992471,43.24139706650387],[-0.498757187788894,43.24157805721749],[-0.498660057422135,43.24192606221254],[-0.498845680913057,43.24202179157488],[-0.498868770381533,43.242158805733325],[-0.498540800061861,43.24245756744251],[-0.498302801508016,43.24296050637157],[-0.498319216898221,43.243149960784685],[-0.498510202755099,43.24321220196877],[-0.498593330964666,43.243364378140846],[-0.498503771929887,43.24365451170569],[-0.498211240406242,43.24382696680681],[-0.497869434884806,43.24446652991441],[-0.497693527705851,43.24455146612006],[-0.496843091508329,43.24565951197835],[-0.496694157676408,43.24610823907026],[-0.495894526043683,43.2468967865937],[-0.495603266951247,43.24741585140769],[-0.494733836561828,43.248049078269716],[-0.492827996946472,43.25042391724367],[-0.492587815900075,43.250261510145776],[-0.492609383777513,43.249885340668996],[-0.492176106839114,43.24984983503075],[-0.491711062535411,43.250001740299346],[-0.491378127579535,43.24987384517548],[-0.491201730290748,43.249462659845754],[-0.490758565795452,43.24885660839967],[-0.490735560382852,43.24857822526456],[-0.490938530685371,43.248024212679745],[-0.490918723296981,43.24773762264617],[-0.490302469188503,43.247100251320624],[-0.490299251655695,43.24698600348465],[-0.490481795864272,43.24668476714193],[-0.490911600358033,43.24664295585245],[-0.491039363082546,43.24655598646498],[-0.491478566980341,43.24599793485594],[-0.491398075924522,43.245746623190215],[-0.490987854371502,43.24533849984919],[-0.490175474416121,43.24512346046773],[-0.489346743402505,43.24480089500077],[-0.486981986867786,43.245046587315755],[-0.486284280137958,43.244894444871676],[-0.485124864835748,43.24517319277235],[-0.483782448456465,43.244889679388834],[-0.482876781720307,43.24455694296408],[-0.478792187065652,43.245571951330575],[-0.478577353170605,43.245481631267936],[-0.476567629080762,43.24550855966961],[-0.476438053875807,43.24542269274378],[-0.476240298954341,43.24543176255875],[-0.475401963122551,43.24517333007398],[-0.473788985172384,43.24546835716239],[-0.472618843105065,43.24638839779687],[-0.471759072022703,43.246653758084115],[-0.471342033605506,43.24670318577865],[-0.470628423703175,43.246634290734804],[-0.47004232538664,43.24645324443621],[-0.468066660368934,43.24514183002299],[-0.465216060612584,43.24449775421523],[-0.463994480246164,43.244091267666455],[-0.463495411178103,43.244046055312566],[-0.463067994971486,43.244250651863695],[-0.46244747689685,43.244767574330645],[-0.461085685818028,43.24532897221973],[-0.459942309640791,43.2453431165807],[-0.459382680642341,43.245417777329116],[-0.458432055262596,43.245688642602325],[-0.457500798719339,43.24613895715705],[-0.456049077567453,43.24670136914188],[-0.454821397615292,43.24662451681439],[-0.454505891868455,43.24612769434642],[-0.453776149403122,43.24533619266584],[-0.45356286948853,43.24488021667104],[-0.45325234828605,43.243396407609154],[-0.453310074047575,43.24215923014001],[-0.453090678001876,43.24034566924789],[-0.45345464789991,43.2391428156526],[-0.453392086369797,43.238920621666374],[-0.453095289401959,43.23857086417321],[-0.452341039931923,43.23810878501395],[-0.450260119096911,43.2372083149939],[-0.449050631271785,43.23636099756918],[-0.448443074028839,43.236044569471424],[-0.447495577743056,43.23587135287367],[-0.445217630561461,43.23587566240982],[-0.444314219597186,43.2356361839015],[-0.443313376417341,43.235559173260185],[-0.44276569008861,43.235399270803086],[-0.442582820355026,43.23514129370517],[-0.44231714683423,43.23419717019372],[-0.442136679462598,43.23389679852681],[-0.441889810012898,43.23370118706322],[-0.441236412033522,43.23335827155501],[-0.440510572115683,43.233411125090505],[-0.439223012876665,43.23325408086325],[-0.438787362407996,43.23307258184713],[-0.438023745817706,43.231830086889126],[-0.437827683506111,43.23135013213026],[-0.437518296562339,43.23095211922736]]]]}},{"type":"Feature","properties":{"fid":3508,"ID":"COMMUNE_0000000009762265","NOM":"Issor","NOM_M":"ISSOR","INSEE_COM":"64276","STATUT":"Commune simple","POPULATION":248,"INSEE_CAN":"14","INSEE_ARR":"2","INSEE_DEP":"64","INSEE_REG":"75","SIREN_EPCI":"200067262"},"geometry":{"type":"MultiPolygon","coordinates":[[[[-0.665624674504431,43.1179296821601],[-0.665502763289869,43.11802297107388],[-0.661617840151324,43.117775138102644],[-0.66036156498782,43.118394095202135],[-0.65951227405879,43.118588627193056],[-0.659203923754822,43.11855228200312],[-0.658367964019392,43.11781173523016],[-0.656991598100322,43.11731013050565],[-0.652318061991915,43.11617303387106],[-0.651337746226019,43.116199968473225],[-0.649828823106158,43.116692304491814],[-0.648162064059341,43.11672896249004],[-0.645503266974189,43.11635348065749],[-0.644505248800107,43.116021695431655],[-0.643557953929506,43.115500003734084],[-0.642082579902705,43.114282153353294],[-0.641392931465892,43.11398673390797],[-0.639847308462401,43.113759858302366],[-0.639523913419891,43.113444846405855],[-0.638854949422312,43.11238428415281],[-0.637001189292892,43.10987630103405],[-0.636387264105392,43.10886879418089],[-0.63578761252156,43.109221281097845],[-0.635033114267886,43.10945653904413],[-0.634059277910584,43.10950651115569],[-0.632539706186875,43.109398408240175],[-0.632253497321296,43.10957643272233],[-0.631642899036577,43.11051811426997],[-0.631464474630533,43.1109644172521],[-0.630679048085707,43.11111875181987],[-0.625883106688828,43.1011546995975],[-0.6258627136156,43.100751119526386],[-0.626147679501293,43.100338157504275],[-0.629773195111811,43.09641734071066],[-0.629999630863897,43.09605135991373],[-0.633951996937294,43.09157285449797],[-0.634309935916939,43.09077835248097],[-0.635995700851831,43.08814458126395],[-0.635815758782277,43.086943266829365],[-0.635891886001363,43.086630069560925],[-0.636176015770581,43.0863818762977],[-0.636443088059596,43.0858038242357],[-0.63656666983693,43.085151386695316],[-0.635994080938368,43.084015559787055],[-0.635972839522825,43.08334550628018],[-0.634874345855132,43.081639501672306],[-0.636371007381438,43.07965587815698],[-0.636164514253894,43.079047907340914],[-0.636177234595377,43.07854687743293],[-0.635935305145534,43.0780589514334],[-0.635964561155,43.072564882985766],[-0.636954603536736,43.07014549289142],[-0.637443618615758,43.068918891507394],[-0.637680402737772,43.063778885227],[-0.637961903697844,43.06327597795331],[-0.638444361320849,43.0629031289105],[-0.638787172949311,43.062399046886675],[-0.639493684078161,43.061840347580144],[-0.640204552353167,43.061370630599974],[-0.64105250346253,43.061167275679075],[-0.642527454870778,43.06163956343507],[-0.64329065653996,43.06168935685175],[-0.644126876494927,43.06196266049112],[-0.645617859750462,43.062162458405524],[-0.646939690550719,43.06219149941234],[-0.647281501009012,43.06229606070743],[-0.647709306855469,43.06255706868993],[-0.648277773774352,43.062575613103746],[-0.648873424339025,43.06275259557176],[-0.650720636843519,43.06285651187873],[-0.65157171598202,43.06307253320425],[-0.652368405817028,43.06374957610733],[-0.653175619104039,43.06377619848225],[-0.653984276243413,43.0639423213257],[-0.654519842855722,43.06386741279014],[-0.655510567465039,43.06401923815838],[-0.656753658436262,43.064530726833134],[-0.657154178843394,43.06461165447603],[-0.657758049669158,43.06454881442219],[-0.65815076513797,43.06462280080382],[-0.659045976124757,43.0651667974423],[-0.659556810235316,43.06526377365773],[-0.660283788166066,43.06520573682995],[-0.660762538281601,43.06530019719121],[-0.661800178897534,43.065862736914625],[-0.662358755910107,43.06595717540713],[-0.662570645293794,43.066045403056854],[-0.662736013781998,43.066252261023024],[-0.663021322450082,43.0662587569794],[-0.663267200035441,43.06643766373042],[-0.663803194037475,43.06646623670908],[-0.665218416986797,43.06631990772165],[-0.667394254589589,43.06707232001207],[-0.668116966079629,43.0672178593078],[-0.668360076477827,43.067197868153904],[-0.668597654664482,43.06732302435323],[-0.668973931852006,43.067369621468366],[-0.669615094090992,43.06715868384924],[-0.670417831936682,43.06721054189557],[-0.670671026557996,43.066923692222886],[-0.67121349369358,43.06676383058909],[-0.671008482681084,43.066552034135135],[-0.671052107501375,43.06632995559838],[-0.672028354863751,43.06563307774183],[-0.672445148456023,43.06506062672305],[-0.672695792750857,43.06426965277325],[-0.672683949671136,43.06327064847076],[-0.672854101366874,43.06281735867071],[-0.674571801654744,43.061596344637465],[-0.675994812327516,43.059912676546574],[-0.676475705517414,43.05971257278002],[-0.678194891410968,43.061936256476734],[-0.681492560914181,43.066617076097295],[-0.681815350915855,43.06692296550881],[-0.681824278450657,43.067101834774384],[-0.680923140070663,43.06861107663168],[-0.680432819728518,43.069802836468725],[-0.680404901879291,43.07065734856517],[-0.680670869765366,43.07105432348513],[-0.681564911307311,43.071748549733755],[-0.681748788700626,43.07174316020015],[-0.682408375397755,43.07145498322494],[-0.683953437304178,43.07145613173956],[-0.684622576064797,43.07135669363667],[-0.685299264312967,43.07255174050163],[-0.686403099364124,43.07630545324214],[-0.686570573841333,43.077796157936724],[-0.686505587847412,43.07839533970128],[-0.686560407785841,43.07952524849975],[-0.686698565390253,43.08032456294284],[-0.68692632717185,43.08087230163506],[-0.687248998690647,43.08261970972919],[-0.686784524798848,43.0851224975082],[-0.686928050684054,43.08540840860362],[-0.686802839606626,43.0855639626621],[-0.686587896112407,43.08564155422936],[-0.686435615677571,43.085642267029726],[-0.686249051052698,43.08547127837412],[-0.686135456631333,43.085481470766894],[-0.685899897450374,43.08585239411245],[-0.685369637687856,43.08612896055305],[-0.685129383372485,43.086561269531195],[-0.684652345700837,43.08665143009688],[-0.68422557779976,43.08691364373121],[-0.684090951287995,43.086844418791635],[-0.684137083333617,43.08664295318031],[-0.683998040315397,43.08669723291564],[-0.683771325596122,43.08693729192364],[-0.683631101851916,43.087551655135755],[-0.683090154905731,43.08808518719158],[-0.682643060346852,43.088163509342195],[-0.682037630427575,43.08808967650489],[-0.681661860510406,43.08816915667255],[-0.681562946403382,43.088776701910994],[-0.680890820438461,43.09000981076214],[-0.680391011897052,43.09240663617595],[-0.679878281287245,43.09400255278389],[-0.680699503613889,43.09528455741982],[-0.680882641591864,43.09549799338024],[-0.681082360562066,43.09548936470012],[-0.680846675038752,43.09603315807079],[-0.680271217535899,43.09645080434415],[-0.680175681260378,43.096648555456476],[-0.68020687985965,43.0968491780099],[-0.679782578006226,43.09742192571574],[-0.679678439312299,43.09837270277784],[-0.679893897905246,43.0984760884904],[-0.67970970781264,43.09882543481476],[-0.679867382187606,43.099488142075195],[-0.679806629220239,43.10021323868934],[-0.680069369985408,43.101464819340066],[-0.679871862400732,43.10185604007697],[-0.679958914604622,43.10250945736965],[-0.680395882487363,43.1036794522392],[-0.682195401978307,43.10631194333381],[-0.682885929914236,43.10683127474001],[-0.685996543504649,43.10851306093844],[-0.686139567170621,43.10915646016145],[-0.68590202983185,43.109632803157325],[-0.685858847220384,43.11013130726382],[-0.68566874820707,43.11025306562011],[-0.685131131677243,43.11030207691911],[-0.683723540531862,43.11075811758143],[-0.682577167159726,43.11058842765313],[-0.680993460258679,43.110672282404224],[-0.680312208452273,43.110839629968304],[-0.678611664623309,43.111598245095024],[-0.678205601783946,43.11133929068176],[-0.677696271847253,43.11191043461368],[-0.676548803104955,43.11193610578707],[-0.676098068979576,43.112056839070306],[-0.675247139329366,43.11206877255104],[-0.674070117427494,43.11246099022233],[-0.673173210554934,43.11304533241986],[-0.672488767531212,43.113801603065745],[-0.670435896930434,43.11542117981397],[-0.669492051169701,43.115557787243254],[-0.669345905923735,43.11584999551367],[-0.669275137456673,43.11641966194576],[-0.667933875395314,43.11674357136283],[-0.666794455023706,43.11794389007283],[-0.665624674504431,43.1179296821601]]]]}},{"type":"Feature","properties":{"fid":3530,"ID":"COMMUNE_0000000009762264","NOM":"Escot","NOM_M":"ESCOT","INSEE_COM":"64206","STATUT":"Commune simple","POPULATION":120,"INSEE_CAN":"14","INSEE_ARR":"2","INSEE_DEP":"64","INSEE_REG":"75","SIREN_EPCI":"200067262"},"geometry":{"type":"MultiPolygon","coordinates":[[[[-0.577992650036494,43.096956549280875],[-0.576035434186223,43.097054880076655],[-0.575176019606005,43.097303101767736],[-0.574622507790588,43.09727285981464],[-0.573937733821376,43.09706690353315],[-0.572104664903059,43.09720605898767],[-0.571731849519253,43.097117587968135],[-0.571058507267764,43.09713631959981],[-0.567577070006032,43.09646572726352],[-0.566959495391219,43.096392552021385],[-0.566163497341324,43.09641441603102],[-0.565839111702983,43.096055120544825],[-0.565214460426909,43.09584711948575],[-0.563795051119351,43.0956609207521],[-0.563000548553913,43.09572682858302],[-0.562578338271401,43.09587314791008],[-0.561659683869208,43.09589813662807],[-0.560668346308518,43.09570043760499],[-0.559306053062193,43.095683354837234],[-0.556190956569012,43.094732894227334],[-0.555153955480051,43.094850869238],[-0.554539175239967,43.09482254821939],[-0.552191212431534,43.09325873523783],[-0.550957398163607,43.09311216481144],[-0.550391123586917,43.09281302359941],[-0.549746152102531,43.09219235706983],[-0.548746891280835,43.09208394577815],[-0.548497350234395,43.09200123745084],[-0.548173595163289,43.09164997667969],[-0.547121022297412,43.09145327527281],[-0.54655355780935,43.09115415469587],[-0.545904362898427,43.090443574905834],[-0.544774924310722,43.08993427080527],[-0.544197398928703,43.089410390212905],[-0.543180860177985,43.0887181908411],[-0.542530208136099,43.087962626460275],[-0.541636359407343,43.08726727806988],[-0.541013170896218,43.08705999642702],[-0.538431768172445,43.08694949993753],[-0.535815983693589,43.08615583253267],[-0.534939012166107,43.085774988378176],[-0.53408507920354,43.086112730964],[-0.533289210188826,43.08613435192872],[-0.532989582936483,43.08627653085952],[-0.529985459205597,43.086303047498696],[-0.527475657425785,43.08668061140806],[-0.526993024839444,43.08666221181135],[-0.526674059690106,43.08646739014622],[-0.526215371053669,43.08651932720622],[-0.525942787082589,43.086359897035145],[-0.523971514119507,43.08646405262981],[-0.52372033572041,43.08635343331919],[-0.525154245992417,43.07922648843568],[-0.525790332748193,43.07847911208426],[-0.526110343816912,43.07826876295688],[-0.526336503896539,43.07744568041772],[-0.526737197679658,43.07726959863141],[-0.526660753040187,43.076740924918745],[-0.526771139675043,43.07655724796477],[-0.527109296117599,43.076403020249984],[-0.527465251309252,43.07605734417937],[-0.528115931430394,43.07607383197691],[-0.528591629984266,43.07591959275809],[-0.529665468092545,43.07572593288896],[-0.530314079911271,43.07534634187716],[-0.53038634931936,43.07475967530703],[-0.529717149082536,43.07449982722085],[-0.529296501082231,43.073704249477046],[-0.529117698895634,43.07357146566368],[-0.527551420029919,43.073402234204714],[-0.5272640772648,43.07324149411677],[-0.527153777546773,43.073023634913014],[-0.526647671552828,43.07259817151399],[-0.525961375605975,43.07231905550693],[-0.525109219423637,43.07211919193334],[-0.52324937007946,43.071181658022304],[-0.522813516157842,43.07104197364901],[-0.522286807708114,43.07100339301604],[-0.522285205131132,43.07029131208741],[-0.522733254394245,43.06821137379477],[-0.520307852513425,43.059853221852585],[-0.523626727989303,43.05584456358405],[-0.524551746920718,43.05595471396934],[-0.526329842463105,43.055961280229646],[-0.527607111347282,43.055747461220086],[-0.528536389844283,43.055947466626556],[-0.529642520879004,43.05600752056063],[-0.533110315316352,43.05646269949098],[-0.533844514124789,43.05644309227294],[-0.535896247732811,43.05580400872852],[-0.537067419070311,43.055682691364076],[-0.538280633942325,43.05542583518899],[-0.539690433193218,43.055432586218494],[-0.540497720389635,43.055644605016205],[-0.542059670134481,43.056231510045784],[-0.54262682417445,43.05653154399656],[-0.543025610426181,43.057149521382996],[-0.544281254055576,43.05774558147464],[-0.545924989350136,43.058743877907155],[-0.548329268700316,43.058769061563034],[-0.549056450519532,43.05861453781146],[-0.549308659236398,43.05874306510723],[-0.549613865879449,43.058734798709374],[-0.550273961098913,43.058447434473045],[-0.551191045841397,43.0583865639463],[-0.551806969878592,43.05845986767027],[-0.55231992549333,43.058895787289046],[-0.553011221437481,43.059236686870804],[-0.553625623095028,43.05926501576231],[-0.554660134567951,43.05887702944929],[-0.555458381343579,43.05890017505738],[-0.560709164608551,43.05971149586553],[-0.561528288398025,43.059913967548205],[-0.561791906814787,43.06026716605893],[-0.562019609188039,43.061393116969725],[-0.562333125615437,43.06151958613787],[-0.562652491148945,43.06178090715339],[-0.562682269296977,43.0623642220105],[-0.5622487438165,43.063499458611915],[-0.562319056779199,43.06490071546812],[-0.564143854765632,43.06583964503525],[-0.565831687220009,43.06646797443678],[-0.567094180305806,43.06720761116386],[-0.56866379938151,43.06792894856427],[-0.569425209035352,43.06844749078785],[-0.572231574166583,43.06936904169693],[-0.575771485687412,43.07003747344052],[-0.577001096619601,43.070102853271436],[-0.580371619859413,43.070056507132726],[-0.582186824981235,43.07055520993069],[-0.583534164660894,43.07051846188914],[-0.584890186877281,43.07066147316877],[-0.585634404473464,43.07082034950018],[-0.586431658440537,43.070844205036295],[-0.586792294482399,43.07069893887799],[-0.587589212358576,43.07067778057266],[-0.588586895052584,43.070784972059805],[-0.59354771158927,43.0706581696294],[-0.594232298742438,43.070864895197275],[-0.595530561712154,43.07082873559505],[-0.595841968550786,43.070919169503185],[-0.596694575698249,43.07080604992211],[-0.596882818662288,43.07089069291056],[-0.598117843984359,43.071081698968136],[-0.598671117626258,43.071111819566255],[-0.598973243847108,43.07101348464092],[-0.600449127143274,43.07110817730514],[-0.601073582086154,43.071315071308696],[-0.602684898924043,43.071415106080075],[-0.604967985887853,43.0717123015271],[-0.605827705712367,43.07173302162161],[-0.606291360895059,43.07160584539826],[-0.606628149854238,43.07206363724567],[-0.607035062401568,43.073744441923054],[-0.607466107646264,43.0746105300636],[-0.607991758988588,43.075319487805274],[-0.608844668900711,43.07603727980653],[-0.611233236173431,43.077587696799235],[-0.611528690377932,43.07801175129017],[-0.611590734604241,43.07835630312109],[-0.611507593291326,43.0788344758411],[-0.611048715741899,43.07957014823619],[-0.610601897851758,43.08012534468708],[-0.609390295108783,43.08115996027979],[-0.60920604028848,43.08143534211175],[-0.609198617683629,43.08169038947725],[-0.609356379406485,43.08205334250156],[-0.610034675619177,43.082766183200825],[-0.610322615736562,43.08289247963958],[-0.611325358702664,43.08303711506716],[-0.612781539694923,43.082948639984465],[-0.613243564055695,43.08299075589341],[-0.61372200922484,43.08323669843593],[-0.613953471931436,43.08326494236359],[-0.614453529801984,43.083836984257935],[-0.614500008082909,43.084089323178695],[-0.614235709032125,43.08449885378768],[-0.61365062146193,43.08500378535377],[-0.612796762644399,43.08594540130892],[-0.612084476915533,43.086538325400795],[-0.612038759213533,43.08698643461526],[-0.613812784021215,43.08873931476384],[-0.615011266162206,43.08965525820997],[-0.615025829708356,43.09265926497968],[-0.614914942032862,43.09336166714998],[-0.614597279155179,43.093900843256925],[-0.614769970654889,43.094344325559696],[-0.615933903732011,43.0956683909519],[-0.617450275999176,43.09657634377969],[-0.618266428793105,43.09685684577747],[-0.618150951710852,43.097465771073196],[-0.616048034262266,43.09808293358412],[-0.614955480543784,43.09809800955565],[-0.614438909330159,43.097991100486695],[-0.614134833635387,43.09762765643111],[-0.613657940418231,43.09774270196475],[-0.613564797064403,43.097707112233714],[-0.612506953315253,43.097058332531],[-0.61183819306603,43.0968160610398],[-0.61083810272255,43.09665872667071],[-0.609932039006405,43.09637398128585],[-0.609231137929747,43.09626602508398],[-0.608151980711313,43.09564853252112],[-0.60804386879368,43.095353236456134],[-0.607720021061217,43.09502645375263],[-0.606558530029179,43.094388296618376],[-0.606134883340151,43.09421431178787],[-0.605651036243439,43.094158487268935],[-0.604714107988458,43.09369286264897],[-0.604289338004225,43.09363865578239],[-0.604037527094017,43.09352103528737],[-0.603478360112092,43.09351814228579],[-0.603100336674211,43.09322827433102],[-0.601940271859875,43.092808809256006],[-0.601466751921245,43.09276072422991],[-0.600987193017292,43.09285239372166],[-0.59997988566685,43.09287347338421],[-0.599581022995385,43.0929984524344],[-0.599131647775876,43.09327907860633],[-0.598930922003876,43.09329119027449],[-0.598486584073252,43.09288287654488],[-0.597533993815187,43.092578878746984],[-0.596103476282767,43.0927680219232],[-0.595500344613539,43.09310508758055],[-0.594873389796879,43.093691441629424],[-0.593129480267774,43.09387930265782],[-0.592027170593699,43.094269919465475],[-0.585535407346292,43.095456866435654],[-0.579330710096442,43.09674011307228],[-0.579152305138221,43.096835177399626],[-0.577992650036494,43.096956549280875]]]]}},{"type":"Feature","properties":{"fid":3730,"ID":"COMMUNE_0000000009762476","NOM":"Aydius","NOM_M":"AYDIUS","INSEE_COM":"64085","STATUT":"Commune simple","POPULATION":103,"INSEE_CAN":"14","INSEE_ARR":"2","INSEE_DEP":"64","INSEE_REG":"75","SIREN_EPCI":"200067262"},"geometry":{"type":"MultiPolygon","coordinates":[[[[-0.509337658632931,43.03410187392916],[-0.508823747837791,43.03362079467404],[-0.508079490866881,43.03219385178954],[-0.507387388641159,43.03059415722967],[-0.507207081055884,43.02942070064105],[-0.506409112396446,43.02813864622775],[-0.505980314754791,43.02814992339899],[-0.505143524451677,43.02857690894368],[-0.504720162589716,43.02867802925066],[-0.503428049651703,43.02857698332879],[-0.501334988293689,43.028623532009725],[-0.500395164386534,43.02819949436801],[-0.499534583855981,43.02813207099164],[-0.499399497540874,43.027866390804945],[-0.499402483858272,43.02669776870562],[-0.499119543961499,43.025670786919314],[-0.499416225486671,43.02548378538234],[-0.499522864150397,43.02515712635113],[-0.49938235931769,43.0235430518888],[-0.498922933141681,43.02292512562598],[-0.498772532234695,43.022344858331735],[-0.496433213414871,43.02086981419018],[-0.495595320773027,43.02003821964131],[-0.494327913996171,43.01916386146921],[-0.493776677348069,43.019178170026976],[-0.492689237943197,43.01947636264184],[-0.491465532394705,43.01950889585413],[-0.490033278041055,43.01927721105158],[-0.489100531034987,43.01898699168493],[-0.487924324401959,43.0187487726497],[-0.487547955351621,43.018570128326616],[-0.486899303566766,43.01782235936835],[-0.484878296769416,43.016572625378956],[-0.484619582671784,43.01631003827832],[-0.484627678575679,43.01522139301763],[-0.482394154130621,43.01339335570876],[-0.481976070718548,43.01209165766171],[-0.481640939024942,43.01151645967303],[-0.48149216324757,43.010980239065105],[-0.481588414778725,43.01043878598263],[-0.482106398396133,43.00975044294066],[-0.482259732129006,43.00911801847974],[-0.482219733133711,43.00831000945566],[-0.481882549984254,43.00767996734405],[-0.481799279465613,43.007233450959404],[-0.482352592660394,43.004522058292665],[-0.481730452084892,43.004313549884415],[-0.478079531533882,43.00354679718439],[-0.475583957971659,43.00283890563452],[-0.474189911021984,43.0018865191079],[-0.473868634012901,43.00158092392005],[-0.472864026458409,43.00106784773143],[-0.474301958784476,42.998908581587216],[-0.474111988176963,42.99752028734765],[-0.474394832479451,42.99706283985418],[-0.474768380875457,42.99593000010961],[-0.474739264512102,42.99507663874145],[-0.47419512447563,42.99395815746247],[-0.473192115737547,42.99349005076452],[-0.473179680226518,42.99322128948276],[-0.473747838876021,42.99230722159644],[-0.475032957606033,42.991059403308554],[-0.475311444992952,42.9902438120927],[-0.47560919197189,42.990055943846286],[-0.476817136809139,42.98970990842035],[-0.477353141675404,42.989426107899],[-0.477805625030828,42.988649891556435],[-0.478711575212703,42.988400924818094],[-0.479319569003809,42.98807067401382],[-0.480067088210097,42.98706254555351],[-0.481091264324148,42.98672060940031],[-0.481564554441509,42.9863938076562],[-0.481656534757681,42.985761581855535],[-0.481386148776706,42.984996160279685],[-0.482408120376748,42.984618273818405],[-0.483774763576596,42.98377370046588],[-0.48411156188657,42.98295169538718],[-0.484574378369389,42.98251269340584],[-0.484543958080814,42.98172149673362],[-0.484818336444921,42.98108515614939],[-0.48475329443769,42.97973875550141],[-0.484896881719488,42.978925714848714],[-0.485515517291078,42.97755174447225],[-0.487173227983076,42.97517093910666],[-0.48820550442711,42.97348106308649],[-0.488252956188687,42.973210362150624],[-0.487659144279798,42.97232673299393],[-0.487641238749021,42.97196813366598],[-0.489423259511176,42.970617593291834],[-0.489691321915066,42.96983741591879],[-0.490043250844708,42.969513616607436],[-0.490944660577715,42.96917466692054],[-0.492257972309427,42.9685108538588],[-0.493040862220347,42.967995697582566],[-0.493610356628232,42.96839397651234],[-0.494536632448917,42.96854929848485],[-0.49646173911335,42.96912761928148],[-0.497507720506014,42.96923491123717],[-0.497944483688319,42.96940343588898],[-0.498601284598588,42.971551549462646],[-0.49900056049864,42.97221550508536],[-0.499228551271617,42.9731082891543],[-0.499613066522831,42.973466653619624],[-0.501995908074286,42.974616914683025],[-0.50275679217287,42.97489368747932],[-0.503982649939324,42.973351271498466],[-0.50506523325418,42.97126528697839],[-0.505960206930967,42.97159077397975],[-0.506786973626806,42.972105723739936],[-0.50752701959369,42.972159889343835],[-0.507840994965182,42.97228377220011],[-0.509043065272969,42.97245697623645],[-0.50959847415108,42.97239742852059],[-0.509983960014854,42.97248746235353],[-0.51202636203063,42.9735802082755],[-0.513980125905398,42.971491754492334],[-0.514120057028291,42.97143406588544],[-0.514480583730568,42.97151679782475],[-0.518574635314427,42.97336690105742],[-0.518987591149764,42.973666655068996],[-0.519062999379881,42.97385863296293],[-0.51925795397224,42.974020589586836],[-0.520618734148946,42.974262287175506],[-0.520879270170917,42.97451481525262],[-0.520966353417275,42.97574616483828],[-0.52110636305277,42.97611336901768],[-0.521434614794147,42.97614852474948],[-0.522001760569332,42.975858072088705],[-0.522562411002497,42.975702862539336],[-0.523268235620651,42.975677023661596],[-0.524969071615132,42.976046153523775],[-0.525499528740657,42.97630152067342],[-0.525721659610715,42.97650668623865],[-0.52602171213981,42.9766021681074],[-0.526720526058044,42.976642253301335],[-0.528795679324002,42.97653362323314],[-0.529362779785505,42.976424077493085],[-0.529632850261704,42.976248665788845],[-0.529835961220835,42.97561813799228],[-0.530180330810359,42.97549519815239],[-0.530847432771798,42.97507538214896],[-0.531046132528445,42.97473486970439],[-0.531385892901786,42.97459677345424],[-0.53143975053929,42.97445456839765],[-0.532153480897198,42.97445811825967],[-0.532746760505439,42.9742756754241],[-0.533031108637224,42.97427442937145],[-0.533302363445294,42.97448066517102],[-0.534072982949742,42.97479381040789],[-0.535299680118522,42.97518737180797],[-0.5364465078436,42.97541700589761],[-0.537083437922527,42.975367236547],[-0.538150061242511,42.975487864153344],[-0.538820417814256,42.97590510374451],[-0.539248741558361,42.975992724311645],[-0.539649625252545,42.97597231907348],[-0.540184170971992,42.97613295690222],[-0.540453051901887,42.976359959652],[-0.540914245008151,42.97652391089008],[-0.54158505735124,42.97696812663899],[-0.541718243512921,42.977341835258855],[-0.541955426640992,42.9776518007488],[-0.542498533165195,42.9779921926791],[-0.542881979821091,42.978688937232384],[-0.543094821820993,42.97884126201054],[-0.54329336026737,42.97885992296722],[-0.543948144899361,42.97870059671188],[-0.545304154113662,42.97860005751188],[-0.546562960096634,42.97967571769458],[-0.546881308178357,42.97984886022222],[-0.547535137948082,42.98003433474093],[-0.548169233432145,42.98037799876026],[-0.548628169141806,42.98050418374373],[-0.549223566766175,42.980416104579305],[-0.550325200627609,42.979885486505715],[-0.55058667343334,42.98031076405508],[-0.55509523596169,42.98311091639819],[-0.556101729583735,42.983367498166494],[-0.558383930195574,42.983472012248086],[-0.560909973293463,42.982975136387154],[-0.561620776314573,42.983048810543565],[-0.562006987536614,42.98322776424094],[-0.56234395065869,42.98426088462203],[-0.562696390711582,42.984887479515976],[-0.563390380841075,42.986581251550504],[-0.563509627808862,42.98744334039882],[-0.564755615845883,42.989099001896555],[-0.564845358175652,42.989939564100304],[-0.565040036975013,42.990432749050846],[-0.565029843789998,42.990765281386516],[-0.565546682407355,42.99169070690327],[-0.565613850282656,42.992084591876825],[-0.565530725390632,42.99242764631073],[-0.565510777168208,42.99282082016413],[-0.565705456935543,42.993353616963965],[-0.565691456522451,42.99422193035497],[-0.565790423551114,42.994534638376805],[-0.565564757518829,42.995510802602546],[-0.56470008820746,42.995570087659424],[-0.565388942793798,42.99857211862952],[-0.565593651160739,43.00018400135531],[-0.566044222091984,43.00184444812813],[-0.565503630717911,43.00230800888183],[-0.566083246701518,43.00287665807453],[-0.565487777641022,43.00442145802277],[-0.565456347875587,43.005006773369004],[-0.565810002164601,43.005949328259256],[-0.566480709427281,43.00710013205326],[-0.567297825638917,43.008974395200326],[-0.567329221798318,43.00960354335813],[-0.567594134611231,43.010000776487104],[-0.567215288311182,43.01100004387692],[-0.565859060615968,43.01202542502426],[-0.565329753519703,43.01271367972161],[-0.565277153136465,43.0128954783354],[-0.564715712480759,43.01389899080684],[-0.563598824087132,43.01482818113877],[-0.563608444967374,43.01526359476472],[-0.562839017863345,43.015360212027524],[-0.562208405084334,43.0155395519005],[-0.56180469633481,43.0155583261556],[-0.560852559764709,43.01539720076078],[-0.560318766844098,43.015594929784356],[-0.55959621511245,43.01563595524644],[-0.559199187107355,43.01576343143433],[-0.558620474669319,43.01572946815836],[-0.558254758030298,43.01600715022671],[-0.557310758642905,43.01527945390512],[-0.556804221920159,43.01548166507552],[-0.556081997385977,43.01542812771448],[-0.553959688858801,43.016050155047765],[-0.553119391015926,43.01595188526963],[-0.552208216061048,43.01609812257513],[-0.551855125972221,43.01596214155702],[-0.551191272399186,43.01592014733191],[-0.550978371079412,43.015969490457906],[-0.549636943053413,43.01550152607055],[-0.549036789476452,43.01541780436332],[-0.548626852444016,43.01525488084631],[-0.547544086544542,43.01542384595083],[-0.546408610560603,43.01599425616855],[-0.546105155333202,43.01604747610773],[-0.541746878351505,43.015698662415346],[-0.540677732909473,43.01585000397246],[-0.538930954761075,43.01667722751594],[-0.537580249409697,43.016678456713784],[-0.537069941407344,43.01690050237195],[-0.536041505143938,43.01685510126263],[-0.534735116125662,43.017019585036046],[-0.534234953503761,43.01714675605476],[-0.533355748487178,43.01755645743666],[-0.532288892241562,43.01734393397323],[-0.530519521821453,43.01748126013989],[-0.527708735060015,43.019374017755474],[-0.527186030288192,43.01941366921511],[-0.526833205079593,43.01954317446046],[-0.52629424942887,43.01990024534716],[-0.525242196513173,43.020354256711485],[-0.524454136898826,43.02036838265469],[-0.522810495393043,43.02186804923947],[-0.522699205414225,43.022095858862066],[-0.522970790595154,43.022627117883495],[-0.523012876839607,43.02348008510259],[-0.522681730729951,43.024208438789266],[-0.522263643575574,43.02467766326083],[-0.521366471824198,43.025097754059615],[-0.520522868390457,43.02539004732784],[-0.519570623229728,43.025954166318584],[-0.51891940074736,43.026646168051165],[-0.518290877134767,43.02757059059468],[-0.517915300604911,43.02865958678102],[-0.517823708369693,43.03050451734905],[-0.517549915326739,43.03141103297005],[-0.5172131962092,43.032049526970255],[-0.51503144047505,43.03377012591316],[-0.514173928447708,43.03401780774633],[-0.512473699488124,43.03433261476487],[-0.511554499220085,43.034312210907835],[-0.509337658632931,43.03410187392916]]]]}},{"type":"Feature","properties":{"fid":3751,"ID":"COMMUNE_0000000009761832","NOM":"Oloron-Sainte-Marie","NOM_M":"OLORON-SAINTE-MARIE","INSEE_COM":"64422","STATUT":"Sous-préfecture","POPULATION":10658,"INSEE_CAN":"98","INSEE_ARR":"2","INSEE_DEP":"64","INSEE_REG":"75","SIREN_EPCI":"200067262"},"geometry":{"type":"MultiPolygon","coordinates":[[[[-0.505430077716757,43.12548121726185],[-0.504745716829031,43.12503981486755],[-0.503409418529302,43.12446835714659],[-0.502436991238677,43.12314678829806],[-0.502029416185843,43.123033092979135],[-0.501543710186913,43.12327306209298],[-0.501044126603379,43.12297958796625],[-0.501165295878909,43.122707353574604],[-0.501578197490533,43.12238152098121],[-0.502433181553652,43.12239424122099],[-0.502709674063526,43.122008015714286],[-0.502915273342629,43.121101006963414],[-0.503120279454366,43.120792732204016],[-0.503618833299919,43.120400183134905],[-0.50452900305351,43.12004645996384],[-0.506902099640823,43.118645753147206],[-0.508962342756789,43.11656733713987],[-0.509071958238631,43.116267560035226],[-0.509156454133264,43.1147441633366],[-0.509424265312369,43.11399357313535],[-0.50927367138007,43.11375989464149],[-0.508619512651359,43.11344988773479],[-0.508352735127689,43.1131848803479],[-0.508403862433789,43.113055369562076],[-0.508845299218428,43.11273578123759],[-0.508524445108294,43.11222764929217],[-0.508568480147188,43.11190029930226],[-0.510065379035543,43.111072750683654],[-0.510520962899018,43.11074369098658],[-0.510703002983334,43.11050367442389],[-0.511276137292434,43.10885271313714],[-0.512734980247224,43.10574226102003],[-0.514890935868662,43.10221740418569],[-0.515600133049848,43.100887897286064],[-0.517652033452513,43.09828380415934],[-0.518564865174644,43.09691071316053],[-0.51931911105314,43.09452724606675],[-0.519669690121319,43.094292509711316],[-0.519712399472423,43.09398500773257],[-0.520046943724144,43.09383002164981],[-0.521424534684734,43.091255102906906],[-0.521928217139481,43.090025010573186],[-0.52372033572041,43.08635343331919],[-0.523971514119507,43.08646405262981],[-0.525942787082589,43.086359897035145],[-0.526215371053669,43.08651932720622],[-0.526674059690106,43.08646739014622],[-0.526993024839444,43.08666221181135],[-0.527475657425785,43.08668061140806],[-0.529985459205597,43.086303047498696],[-0.532989582936483,43.08627653085952],[-0.533289210188826,43.08613435192872],[-0.53408507920354,43.086112730964],[-0.534939012166107,43.085774988378176],[-0.535815983693589,43.08615583253267],[-0.538431768172445,43.08694949993753],[-0.541013170896218,43.08705999642702],[-0.541636359407343,43.08726727806988],[-0.542530208136099,43.087962626460275],[-0.543180860177985,43.0887181908411],[-0.544197398928703,43.089410390212905],[-0.544774924310722,43.08993427080527],[-0.545904362898427,43.090443574905834],[-0.54655355780935,43.09115415469587],[-0.547121022297412,43.09145327527281],[-0.548173595163289,43.09164997667969],[-0.548497350234395,43.09200123745084],[-0.548746891280835,43.09208394577815],[-0.549746152102531,43.09219235706983],[-0.550391123586917,43.09281302359941],[-0.550957398163607,43.09311216481144],[-0.552191212431534,43.09325873523783],[-0.554539175239967,43.09482254821939],[-0.555153955480051,43.094850869238],[-0.556190956569012,43.094732894227334],[-0.559306053062193,43.095683354837234],[-0.560668346308518,43.09570043760499],[-0.561659683869208,43.09589813662807],[-0.562578338271401,43.09587314791008],[-0.563000548553913,43.09572682858302],[-0.563795051119351,43.0956609207521],[-0.565214460426909,43.09584711948575],[-0.565839111702983,43.096055120544825],[-0.566163497341324,43.09641441603102],[-0.566959495391219,43.096392552021385],[-0.567577070006032,43.09646572726352],[-0.571058507267764,43.09713631959981],[-0.571731849519253,43.097117587968135],[-0.572104664903059,43.09720605898767],[-0.573937733821376,43.09706690353315],[-0.574622507790588,43.09727285981464],[-0.575176019606005,43.097303101767736],[-0.576035434186223,43.097054880076655],[-0.577992650036494,43.096956549280875],[-0.584707154840402,43.09727703373591],[-0.586491079762487,43.101238591213814],[-0.590256841026486,43.11037777179498],[-0.590654882717701,43.1174593601931],[-0.59055326400096,43.118514374759364],[-0.590016676950533,43.11883928468692],[-0.589789584127869,43.11957614976376],[-0.589755107546039,43.12022826385158],[-0.589878751035652,43.12095254042979],[-0.590024055213808,43.12113497437455],[-0.590194494019668,43.12112839358129],[-0.590485237637811,43.120941330504145],[-0.590741348062167,43.12063207070028],[-0.591391853611308,43.12034027413166],[-0.591633038031588,43.12030522158857],[-0.592838304980167,43.12083135973891],[-0.593239436141286,43.12119433413023],[-0.593606578444559,43.12263168262908],[-0.593411577605406,43.123864493087815],[-0.593109527188744,43.12420590500964],[-0.593021664464987,43.12480938359052],[-0.592901304801948,43.125522891246185],[-0.592303424617006,43.125653575740145],[-0.59178652194094,43.12536648550014],[-0.590972447157884,43.125222554337775],[-0.589985432564196,43.12437218753176],[-0.589324209290739,43.12431408805592],[-0.588268336280587,43.12407645185655],[-0.587887687021286,43.1241224440705],[-0.58753815331833,43.12445191524476],[-0.586982479707345,43.12447041913745],[-0.586159613060186,43.12501642748199],[-0.585590273824183,43.12499306161887],[-0.584764390137466,43.12511418551736],[-0.583885662256213,43.12487871476482],[-0.583249305607307,43.124844961015135],[-0.582839091949329,43.12494954198729],[-0.58237363148535,43.124916401728036],[-0.581271173678209,43.125156540229725],[-0.580627286391544,43.12514012824212],[-0.580219236502769,43.12527974138829],[-0.579706483840389,43.12531658904354],[-0.578231175172927,43.12578877382888],[-0.57734985727353,43.12580903978035],[-0.576380346055177,43.12573498706065],[-0.5762011039202,43.12623523735914],[-0.57518673108573,43.12601230216791],[-0.574116792144561,43.12622247521143],[-0.573134302666761,43.12631629123921],[-0.572822633074438,43.12622578750213],[-0.57214164427449,43.124932941560914],[-0.571452171746128,43.123999618669636],[-0.570688304006285,43.1238115553631],[-0.570380686094106,43.124045040498764],[-0.570349185339278,43.12462951778515],[-0.57005105353143,43.124817669545706],[-0.569767114599559,43.12527545821461],[-0.567778945503321,43.1260030858491],[-0.567290872221842,43.12606156565447],[-0.56635114390878,43.125673111856266],[-0.565358360733604,43.12569967075422],[-0.565105760491195,43.12678575976449],[-0.564754521695248,43.12710980721907],[-0.564520493211347,43.12756052751832],[-0.564315433920943,43.12850098499217],[-0.563178674455166,43.12964242914043],[-0.562324018366877,43.13081414946721],[-0.562407409246497,43.13194764784573],[-0.562802803261448,43.13255852430637],[-0.563011952759627,43.132481379654564],[-0.563374313624073,43.13247659860964],[-0.564044825861385,43.1326245888767],[-0.564731660731618,43.13267839727384],[-0.561572044417445,43.13634562647736],[-0.562456569283584,43.136654021991035],[-0.56371356904725,43.136861856102136],[-0.564005087903625,43.13682430258019],[-0.56450313594034,43.13688615933861],[-0.564741115543877,43.136997134690645],[-0.56507023634824,43.13736980186984],[-0.56616804946881,43.13754776079428],[-0.568058611971924,43.13831891425497],[-0.568778486365058,43.13906579054367],[-0.57062469609462,43.140391200000764],[-0.57093102279571,43.14091136825388],[-0.571727451667782,43.141582761543056],[-0.572258869183751,43.142442110074164],[-0.573725481123988,43.143809771731014],[-0.574633564300529,43.14487361066667],[-0.577075616886081,43.14630431317743],[-0.577175521029815,43.14660712613598],[-0.577135371578216,43.14788519830351],[-0.577239041913007,43.148030319989765],[-0.577976287987813,43.14835879496486],[-0.578719645351977,43.148924763280746],[-0.579397808874646,43.14905350558041],[-0.580436218692761,43.14908203829516],[-0.581358658735323,43.14973928161745],[-0.582229315500672,43.15017584416418],[-0.583231169854929,43.15086374794583],[-0.583861471822555,43.15277772206021],[-0.584744525585773,43.1547211070253],[-0.584542318613002,43.15572366372757],[-0.584650938808966,43.15719669264351],[-0.584469000721908,43.15749537062934],[-0.583735518834164,43.1580032709951],[-0.58704588874471,43.15799489865749],[-0.588712921538545,43.15778544020881],[-0.588834788722274,43.15844047131819],[-0.589119231103535,43.15907928464774],[-0.590297307430874,43.16010521919496],[-0.591364031510518,43.16072427178332],[-0.591871614093167,43.16121248222813],[-0.592249230049265,43.16251808256646],[-0.592472339029944,43.1629806558217],[-0.592554529333357,43.163590188762285],[-0.59285044958368,43.163977402750405],[-0.593923890958094,43.16442603543765],[-0.595256850409747,43.16445902102589],[-0.595635997016099,43.16456252690338],[-0.596230720448642,43.16488844263405],[-0.597708169469838,43.165917827672395],[-0.597839492918074,43.16609082454684],[-0.597970270774836,43.1666104955783],[-0.59807704884226,43.167653203329046],[-0.598267475023851,43.16841939627739],[-0.598826941120273,43.169856680268566],[-0.59890492197607,43.17051587734653],[-0.598632402053472,43.173565658350746],[-0.598704757865425,43.173996340926266],[-0.597453849620654,43.17435593277958],[-0.599280024872789,43.176455972976626],[-0.598830795573455,43.17680862364976],[-0.598489624952109,43.1778095654428],[-0.598190473542846,43.178280561134144],[-0.598262305022178,43.178307877622835],[-0.598133000639831,43.17889836248931],[-0.598225729111073,43.17904383641787],[-0.598995207359113,43.17919013405563],[-0.599413479675701,43.17909063231256],[-0.600248613151443,43.17979658900306],[-0.599968028582988,43.18017062600838],[-0.60165973280791,43.180919104391585],[-0.602088797572307,43.18128834976952],[-0.602434390670375,43.18213400288527],[-0.60284735708033,43.182166126595135],[-0.603749242729883,43.182008128467956],[-0.603860230355827,43.18268243531954],[-0.60377075887681,43.183240084598665],[-0.604434535530681,43.18318998540866],[-0.606675311887722,43.18262072753854],[-0.606853015815125,43.18276695478274],[-0.609485536802091,43.18214671497075],[-0.609450908656608,43.1820848445373],[-0.609854104668661,43.18196059501591],[-0.609845751625307,43.1817285655821],[-0.609526973016964,43.181215191457035],[-0.609504316314533,43.180655887451756],[-0.6097964086534,43.17975829340227],[-0.609673008645326,43.17890612438567],[-0.611677072633883,43.17839150376824],[-0.611239467244782,43.17745351634224],[-0.61298182387307,43.177024170996724],[-0.613381752652696,43.17692702948166],[-0.612438050146715,43.17480214697014],[-0.611495564219442,43.17301037575716],[-0.611240788332835,43.17306753256427],[-0.61082928356567,43.17211336775468],[-0.613591050874868,43.17132571101184],[-0.61907865097994,43.17055455952579],[-0.620787359245362,43.17010280026558],[-0.623588986838944,43.16962058583496],[-0.625130059854981,43.16949764196628],[-0.625918215186871,43.16929555346974],[-0.627522691048749,43.16826281663369],[-0.629023124902022,43.168100664263065],[-0.629895991083469,43.16750491053462],[-0.630296201429908,43.16694397669533],[-0.630745413638201,43.165968997551644],[-0.631233831902936,43.165206996477885],[-0.631494556856786,43.1652648445853],[-0.63351831757109,43.163782984812336],[-0.633908283989019,43.16311883402675],[-0.634108709145172,43.16245296851778],[-0.63447509649503,43.16176619988405],[-0.635215701362301,43.16071294477266],[-0.635487669911195,43.160031158022015],[-0.635895652227792,43.159614908747955],[-0.636496703079222,43.15937402912654],[-0.637534695121423,43.159255264977794],[-0.641662395540218,43.15853241048743],[-0.641921287757071,43.15832737097222],[-0.641748480215195,43.15777134647793],[-0.641887261673732,43.15757306654946],[-0.641798895166743,43.15716636052087],[-0.641918943984816,43.15663195599614],[-0.642223198156122,43.15632723705443],[-0.642424411623203,43.15579279054269],[-0.6426241148104,43.15554652939928],[-0.643398166170712,43.154871162343575],[-0.644717911544816,43.154268279380084],[-0.645422567232368,43.1537996394106],[-0.646845337973196,43.153231962670745],[-0.647226074067496,43.15297056244167],[-0.648862375370533,43.15284404178993],[-0.649098439156136,43.15272619768419],[-0.649894213233448,43.15294146427706],[-0.650691546191944,43.152694755417365],[-0.652005577249255,43.151983922892946],[-0.653031655662749,43.15164030261476],[-0.653698278956322,43.1507857134019],[-0.655982315535045,43.1501103722873],[-0.65661757975624,43.150082516460515],[-0.659668029265033,43.15143135766699],[-0.660335135309653,43.15322576509713],[-0.66118227466782,43.15417305542347],[-0.663615442693373,43.15561570256228],[-0.665157592782218,43.15691211909748],[-0.666935471508112,43.15897577289219],[-0.667192286370716,43.16034740489395],[-0.667494122927411,43.16051001911255],[-0.667553337548209,43.1608033478275],[-0.66793439557681,43.16147741562005],[-0.667976622147942,43.16198742782887],[-0.668147739262909,43.162105865286065],[-0.667591393956831,43.162642549073496],[-0.667691158803183,43.16328386910756],[-0.667521986382468,43.16368041603545],[-0.667426129214518,43.16439862684004],[-0.666734793103701,43.16542523630542],[-0.66647964072368,43.16607592949766],[-0.666425964973379,43.16668375210862],[-0.66818763841397,43.167653925766146],[-0.668135318278191,43.168340943472735],[-0.668396437780744,43.16836537442323],[-0.669637169085175,43.17002228540485],[-0.670648269927182,43.171820271828075],[-0.672114409649377,43.172260185835384],[-0.672466848523505,43.17228870071206],[-0.672815228836316,43.17221470154069],[-0.673248114479258,43.17267629060216],[-0.673396141087141,43.173146684353526],[-0.67411816103968,43.17360832354591],[-0.674414648865967,43.17397550782614],[-0.674474505238281,43.17418147197828],[-0.676335261563357,43.17612244429849],[-0.677419225942303,43.176567219867074],[-0.678218231751787,43.17738639171747],[-0.679328200648669,43.177910403333115],[-0.680129788246679,43.1785376779317],[-0.680684029287419,43.17877809052756],[-0.681524596383612,43.17872327880532],[-0.683158836272214,43.17820642917435],[-0.683559526802798,43.17792980638764],[-0.684149378014001,43.17710824416831],[-0.68463144756926,43.176911678569624],[-0.685540479116764,43.17696615168001],[-0.685660532575108,43.17684228664276],[-0.687027642594399,43.17709539622758],[-0.687765179320812,43.17708457899571],[-0.688276525993769,43.17732732054619],[-0.689296657034941,43.17736805661494],[-0.689696997612742,43.17776046502345],[-0.689538507549609,43.17886175132467],[-0.688405091472013,43.180014402964275],[-0.687105201415867,43.18216414531786],[-0.686119274433146,43.18466512690776],[-0.686100141646534,43.18548340348799],[-0.685295125642768,43.18654015161551],[-0.685139786261342,43.18732616460666],[-0.684596841170923,43.18732220640617],[-0.684516792788693,43.18741768959395],[-0.684625448227787,43.18763549165691],[-0.684571988659713,43.18774267289994],[-0.684345964296498,43.18786475489747],[-0.684059488814384,43.18788804944039],[-0.683638363513561,43.188134756235385],[-0.683418104482,43.18813507633038],[-0.68337925220418,43.187699677448016],[-0.683129235938891,43.18756144127801],[-0.682853026175946,43.1875141457129],[-0.682607597511524,43.18758285874704],[-0.682715199672019,43.18797718975179],[-0.682558786080352,43.18807167749463],[-0.682305364811213,43.18803440779623],[-0.682117630358244,43.18788863968961],[-0.682100465265461,43.18733003700952],[-0.681757902682562,43.187052684538706],[-0.681605952598575,43.187043465055936],[-0.681197782123218,43.187261805317284],[-0.680696959502058,43.18710781298809],[-0.680502255602052,43.18675607413435],[-0.677321776749197,43.18467826234891],[-0.675721712686256,43.184633767335036],[-0.674818644900979,43.183804609641314],[-0.674133547896209,43.18363525791731],[-0.672588286799921,43.183677995414556],[-0.67143442769153,43.18393520003865],[-0.670469278403106,43.184276914623645],[-0.669616768980154,43.184435596228084],[-0.668328278959694,43.184472234579964],[-0.667358623315115,43.18472402834924],[-0.665300441493203,43.18554588829986],[-0.664502682787691,43.18555949526675],[-0.663731769500476,43.185278636300495],[-0.663008193190954,43.18512312799214],[-0.66176711184461,43.184976185482405],[-0.661414076532464,43.18501698797906],[-0.659363469860795,43.185590850251785],[-0.658905483138363,43.18580088900524],[-0.65857513897283,43.186724255081195],[-0.657771546471122,43.18750069229058],[-0.656976608947884,43.187792386563196],[-0.65624524562765,43.187902729398346],[-0.654894646570721,43.18793140540857],[-0.652572718859672,43.189840693429595],[-0.65275256182479,43.19007682327215],[-0.652881034207912,43.19049298242194],[-0.653367999335788,43.19110950417582],[-0.653885601345643,43.19209327173355],[-0.65398278418483,43.19261764479755],[-0.653808312999137,43.19375002419464],[-0.653823780895342,43.193994423798515],[-0.65401612878782,43.19431117022382],[-0.654340415666302,43.19445686163635],[-0.655953371579739,43.19433195993282],[-0.656337265280783,43.19436937101938],[-0.656712446258082,43.19454124420608],[-0.65742365165861,43.19517986397853],[-0.655928910590137,43.19567536985518],[-0.654588301029492,43.19590359874344],[-0.653674043397547,43.19590666114343],[-0.652693297091989,43.19581201711689],[-0.650346262998241,43.19590949071504],[-0.649860590928035,43.19581967434307],[-0.649665413577163,43.195964048808115],[-0.649145469018641,43.1960329684057],[-0.646355622610103,43.19603728217588],[-0.645075766296481,43.196214712978154],[-0.642023035398237,43.19704630832989],[-0.641333867691709,43.197359523375376],[-0.641071093782183,43.197661941700154],[-0.640483738822591,43.197969912983915],[-0.64021520846589,43.19845441447106],[-0.639508694359706,43.199059048357014],[-0.6386687562008,43.19944126509712],[-0.635435277231291,43.201745598116304],[-0.636355737255336,43.20267985421219],[-0.638934257627333,43.20355547882614],[-0.639891949624034,43.2040832482844],[-0.641472037330318,43.204603507086716],[-0.641708516386369,43.20462523852066],[-0.64273367500009,43.20501203654178],[-0.643956047526186,43.20606570591851],[-0.643523899526136,43.20682498265981],[-0.642944593246984,43.20825646772406],[-0.643101701120576,43.20852220023758],[-0.643064639734888,43.20933926848963],[-0.64126018960037,43.21133347959165],[-0.640570035797701,43.21245353359853],[-0.639247004940532,43.21187415420871],[-0.638595126606792,43.21145401744765],[-0.638108805927026,43.21088692198455],[-0.637922900789343,43.209675772020255],[-0.637670697466515,43.209131396085446],[-0.637326524792497,43.20876841148506],[-0.636471251924205,43.208577535236806],[-0.635475887817397,43.20858587219794],[-0.635048186142937,43.20867502327437],[-0.629910204803898,43.210734486977955],[-0.628300109020863,43.21081476537668],[-0.628150349836113,43.21074326366539],[-0.627491889321325,43.209883863939446],[-0.626408030379031,43.208072579150425],[-0.625714222970299,43.20737464061878],[-0.622561677777364,43.205413128935724],[-0.619989413393763,43.2036724810459],[-0.618258516458425,43.202333069709425],[-0.615954941053013,43.20024025775021],[-0.613681027364892,43.199621328017386],[-0.61297166586547,43.19951632958588],[-0.612349412599853,43.19956418480086],[-0.610684305632257,43.20011788038647],[-0.609636036557438,43.20010434348059],[-0.609344911908218,43.200034847566435],[-0.609193876673846,43.20013894955573],[-0.609140030808528,43.200360457667],[-0.609195621411775,43.20046214764387],[-0.609350501130936,43.20047857543023],[-0.609462716571138,43.200895324008854],[-0.609416174921019,43.2012336447329],[-0.608779752866595,43.2023939922355],[-0.608036872240087,43.202757408469225],[-0.607804971374311,43.202985772332916],[-0.607477681235821,43.20314529099642],[-0.606994449698463,43.203310923838636],[-0.606472809480047,43.20333466921377],[-0.606012356794462,43.2035103411618],[-0.605959298016114,43.20362647037731],[-0.605468027503191,43.20382117887867],[-0.605212605577194,43.204047621771934],[-0.605084339876552,43.207689677167714],[-0.604705895247046,43.208114725085245],[-0.603499497086235,43.207838076959604],[-0.601443587442055,43.207716742568095],[-0.599383636453054,43.20873455624767],[-0.59882287479498,43.20937546710638],[-0.599132123652588,43.20969561039367],[-0.597699969885033,43.210635715406404],[-0.597797333648495,43.210815257126],[-0.597109526448711,43.211314524899336],[-0.597189316508747,43.21158739829633],[-0.597739056302892,43.21209222081036],[-0.597349408839619,43.21247709553946],[-0.596939427793542,43.212535787608296],[-0.596343804715679,43.21313192535674],[-0.596253433361184,43.21336094795619],[-0.59630343063327,43.21414356354581],[-0.596223033767487,43.21459196095028],[-0.595871588291331,43.21517545439309],[-0.595571588173688,43.2162488725133],[-0.59521337013724,43.21684249458138],[-0.594617530436395,43.217534977155026],[-0.594708226220234,43.21794345688111],[-0.594966309203977,43.218034806797554],[-0.595248052042219,43.218367586498616],[-0.595700660222695,43.21920972442921],[-0.595708494898775,43.21967139040239],[-0.595410025189591,43.221441703450814],[-0.595473567939483,43.2228172660454],[-0.596445964906558,43.224234577232096],[-0.596633962689115,43.22486042466559],[-0.596247680789382,43.225221772422366],[-0.595467730606899,43.22632019626914],[-0.594903588959238,43.22748346098434],[-0.594245612826651,43.2280105302474],[-0.59192112596519,43.22987621775027],[-0.59149033657615,43.230473145813555],[-0.59315147936652,43.231460569073036],[-0.592918876602886,43.23197706778608],[-0.592993206515226,43.232300556084475],[-0.592741151313418,43.232742064384894],[-0.59207221168852,43.23457784044553],[-0.591669328644744,43.235267488497634],[-0.591504704318436,43.23602574501069],[-0.590131478932115,43.23671795902063],[-0.588841678530448,43.23724710035067],[-0.588732690019636,43.2374155071455],[-0.588894429876018,43.23761993424347],[-0.587880767122947,43.239143885112725],[-0.5860738663735,43.24150009046283],[-0.585699257007929,43.24155665830079],[-0.584774540812146,43.24187822078943],[-0.585910544396831,43.24247890711545],[-0.585075521732359,43.24357008172474],[-0.583732519718451,43.24477266423288],[-0.583720981247487,43.24532052380947],[-0.583924857119255,43.2454695335137],[-0.584214146898282,43.24604162221542],[-0.583770206792763,43.24748088369613],[-0.5827472506978,43.24884031293785],[-0.581377486096012,43.24997171715392],[-0.580551149742526,43.24953899565021],[-0.579855574633533,43.248672414786384],[-0.578998982114511,43.24824788987485],[-0.578775821515448,43.24776814283598],[-0.578080698058555,43.2475633716112],[-0.5775683328322,43.24710761593898],[-0.577253522330236,43.24681819837823],[-0.577232791799517,43.24648391704261],[-0.577079594230313,43.24641695770607],[-0.576989083218588,43.24604987125436],[-0.576394011570324,43.24578954859763],[-0.575971843405485,43.2450993825677],[-0.574205433469633,43.24521731714928],[-0.573501391123198,43.24512627038506],[-0.572792472373865,43.24487690148921],[-0.572396761286671,43.24449380124803],[-0.572275256961648,43.24464009336736],[-0.573338987097918,43.246242801916175],[-0.569930161003341,43.247110169615695],[-0.56916383564657,43.24617203092845],[-0.567102216155065,43.24605828886056],[-0.566563248843735,43.246385851999925],[-0.56591437956533,43.2465297500719],[-0.565471649386841,43.24662091265873],[-0.564843755527153,43.245071273555105],[-0.564390272644887,43.24452977446533],[-0.564347985370148,43.24436368821926],[-0.564219258460147,43.244353531799135],[-0.56370123146292,43.241909725143884],[-0.563819752627325,43.24129621263408],[-0.563764098162204,43.240614615120656],[-0.563889206361677,43.24014765743627],[-0.563860252312468,43.23961915428832],[-0.563396887301323,43.23863766631103],[-0.563529765895657,43.23773824233776],[-0.563466719577616,43.237255887827246],[-0.563613018245262,43.23645416925839],[-0.563574973478112,43.23617719007705],[-0.564177545168585,43.23614288514595],[-0.564246615216138,43.23594520901875],[-0.564408315975173,43.23587143538731],[-0.564495230472053,43.235464268130734],[-0.564647046951159,43.235230542616364],[-0.566861462197852,43.23483412163246],[-0.56745874734244,43.23519256410237],[-0.567671913548777,43.23505495388129],[-0.567446236276232,43.23485081077075],[-0.569415624918406,43.23381862138835],[-0.568882360042297,43.2334598739733],[-0.570576528707627,43.233334501319824],[-0.571246255332575,43.23293325592743],[-0.57137114932207,43.23298134839096],[-0.571727287708997,43.23290563090095],[-0.572193621914913,43.232680393430684],[-0.572711965723526,43.23265873241727],[-0.572898906335441,43.23277410292757],[-0.573272932753648,43.23215212117748],[-0.574515674989248,43.23213527740658],[-0.575216605080622,43.23192026456468],[-0.575924766300933,43.23213992059567],[-0.576496724410208,43.23246673655852],[-0.576629883530496,43.232866622043055],[-0.576620741461828,43.23339458437129],[-0.576724417537676,43.233418161632684],[-0.577234205523144,43.23280156989284],[-0.577601037049363,43.232521077805295],[-0.577703179662911,43.232341204872476],[-0.577660652593838,43.23209229172226],[-0.576982957282021,43.23071547026865],[-0.576868143209488,43.230194318889026],[-0.577647963004779,43.23002079625247],[-0.578009122899779,43.22980802384389],[-0.578849303486077,43.22973424079742],[-0.579384467960445,43.229428349948314],[-0.580550481186448,43.22813625332119],[-0.580808674743489,43.227375817814405],[-0.581092393474155,43.22712598497772],[-0.580994827148105,43.226982451006506],[-0.580406258390451,43.22660578776534],[-0.57964942401004,43.226533649614964],[-0.57935846060904,43.226190329293196],[-0.579016137452728,43.22609092990137],[-0.579080948738591,43.22594471004466],[-0.579520825724894,43.225790551133734],[-0.579415914805734,43.22503226028441],[-0.579352693949518,43.224985733764],[-0.579156413553769,43.22505707601848],[-0.578412610540978,43.22501601308643],[-0.57836867143324,43.22450602172962],[-0.577800471525626,43.224516759234156],[-0.577591398402721,43.224600228456964],[-0.577091156883193,43.22503191431823],[-0.576322197820756,43.22512133385075],[-0.576266075512819,43.22536811269983],[-0.576125806579557,43.22546910821211],[-0.575995166979083,43.22544732501688],[-0.575882881693165,43.2252448461063],[-0.575683055206174,43.22513981386605],[-0.575571787414033,43.22517231487868],[-0.575470820103315,43.22537105519019],[-0.575299002297396,43.225419969206186],[-0.575017164367696,43.22540229403574],[-0.574799861412313,43.2252735274209],[-0.57361488078987,43.225166907560094],[-0.573142858273467,43.22539864342071],[-0.572515312539352,43.22548515359613],[-0.572415353588876,43.22540202120745],[-0.571644497790935,43.225222239952885],[-0.571832152465771,43.22463344753547],[-0.571675560401921,43.2245503883768],[-0.572096458484319,43.224387884054345],[-0.570951391531438,43.223831498779084],[-0.571455217409036,43.22349697107237],[-0.572022184634254,43.22324769268409],[-0.572531722299763,43.22280671954519],[-0.572816397070506,43.222353380306274],[-0.572850035523902,43.22182281203034],[-0.575741571449997,43.22083829841329],[-0.575438026904856,43.219694903163216],[-0.574911550295577,43.2185498909823],[-0.575103786050795,43.21823467342585],[-0.575992383015853,43.21759383265419],[-0.57649907670053,43.21730690810527],[-0.577096889915915,43.21711960923138],[-0.579541252826222,43.21694939636955],[-0.580242557462714,43.21706119144973],[-0.581824400552366,43.21646302525784],[-0.584791408798298,43.21214145072524],[-0.587610295103518,43.20861259766347],[-0.589064258499594,43.205665748196324],[-0.589851931816673,43.20574308715994],[-0.591168185750268,43.20561103279447],[-0.591697729658927,43.20563482188779],[-0.591966000307342,43.20543589818429],[-0.593434552778651,43.20523931581909],[-0.593244462861879,43.20548786409982],[-0.593293344931396,43.20571944751202],[-0.594004238880163,43.20614507989352],[-0.594176906808505,43.20632841764144],[-0.595339416086605,43.20635630949273],[-0.595951121851139,43.205446291796676],[-0.596978867691043,43.20443775743788],[-0.596088527074197,43.204036136420065],[-0.596349385401436,43.203718591459236],[-0.598326427322611,43.20194543799883],[-0.597221193554534,43.201393421463486],[-0.597624703682967,43.20089643242058],[-0.597395719833767,43.200777109110525],[-0.59759133148351,43.20067694012965],[-0.598109817439486,43.20089915977575],[-0.598242746482688,43.200879418030844],[-0.598929495703772,43.199970482209],[-0.600088788939566,43.19870540780197],[-0.601373150557932,43.19703905502455],[-0.600925526412698,43.196571370823264],[-0.597667391237498,43.1969403251079],[-0.597287528193426,43.19684854589631],[-0.596079421299986,43.19744889892163],[-0.591409328886343,43.19583607388204],[-0.591284015734333,43.19603743936742],[-0.589479231427657,43.19636494549266],[-0.590520694565154,43.193302159692834],[-0.58938552098267,43.19319497870348],[-0.590964575053042,43.19064464726277],[-0.590484340485566,43.190521072093794],[-0.590682652721043,43.1902470449261],[-0.589466237248032,43.18956450364611],[-0.588652310354236,43.18900181862159],[-0.587989384445888,43.188235112334475],[-0.586952442404518,43.18774646684685],[-0.583250197915336,43.18686108592042],[-0.583203249803732,43.18695718924946],[-0.582524047075643,43.186442209593295],[-0.58207905778243,43.185973471088104],[-0.581508407531252,43.185799737519524],[-0.578178443563991,43.18523947885055],[-0.579747869649964,43.18290665492243],[-0.580113948217768,43.18291701138642],[-0.579987690350955,43.1825079160335],[-0.581341454736163,43.18048926809223],[-0.583415354856679,43.17724913214997],[-0.583396735787964,43.17688958873598],[-0.583010904970077,43.176540448392025],[-0.58063616959139,43.175742346131074],[-0.578493410521641,43.17467627906804],[-0.576946411795137,43.174448490183416],[-0.575825954934672,43.17415521075962],[-0.575573239193391,43.1740276318524],[-0.575246078742504,43.173631501029945],[-0.575040194629427,43.17318722855317],[-0.575280282342673,43.173091027996136],[-0.575850536967035,43.17252557379809],[-0.575600655595087,43.17220521616864],[-0.575592149711907,43.17174989698403],[-0.575979986670756,43.17080152045043],[-0.576155512999036,43.16972242512141],[-0.576094416479105,43.16939130516907],[-0.575726378304414,43.1689902312564],[-0.575879751404329,43.16850703395686],[-0.575811522222694,43.16814013505376],[-0.575405960299293,43.16792758752678],[-0.574826513677913,43.16780724274579],[-0.573547006476881,43.16774431837117],[-0.572118146744725,43.16783219155358],[-0.571468336379905,43.16774747504521],[-0.570979861042883,43.167387292941356],[-0.570780403801653,43.16710577441622],[-0.570582064592973,43.166424444886104],[-0.570631714573595,43.16525769474649],[-0.570330954806869,43.16473012360492],[-0.570277767499645,43.16438703596118],[-0.570824688935792,43.163524355071615],[-0.572692581236129,43.161229498029236],[-0.572878872733098,43.16076142411942],[-0.572688605709125,43.16036975915294],[-0.572091277958664,43.15979980217124],[-0.570657140009049,43.15910270010418],[-0.569744681623692,43.15874665769104],[-0.568633570411739,43.158559254445855],[-0.565967109433282,43.1585187482626],[-0.56562943235401,43.15846779283745],[-0.565129411611408,43.15825743615084],[-0.564872342508686,43.15793819952514],[-0.564711570655689,43.15746541401199],[-0.564713816071035,43.157282562310684],[-0.565138299605496,43.15656802605589],[-0.56510466648468,43.15580381484079],[-0.564986984069859,43.155431348368325],[-0.563312756894579,43.15462685008275],[-0.562340502237496,43.15373790267874],[-0.561075565758709,43.152748773162635],[-0.559671893898009,43.150784606027855],[-0.55960440633604,43.150527527379325],[-0.559667670385396,43.14967818634262],[-0.560039010355505,43.14834057152099],[-0.560091554570994,43.14773648674914],[-0.559931292812316,43.14715113699205],[-0.559405771166382,43.14650492213368],[-0.558860816070604,43.14616187157495],[-0.557917142300501,43.14587340022541],[-0.55688658608948,43.14589121299639],[-0.555652461683531,43.1460777990326],[-0.554349543798781,43.14598572491735],[-0.553345160284694,43.14558937200467],[-0.552925275852496,43.1450999112096],[-0.552775364391184,43.14450160834769],[-0.552817015914941,43.14423912907541],[-0.553055656132343,43.143420932124215],[-0.553282119268468,43.143104639750895],[-0.553781873717878,43.14269379975342],[-0.554801847396614,43.14224508893034],[-0.55514497628408,43.141926744495215],[-0.555584775537028,43.14178078043666],[-0.555795390437943,43.14154693870648],[-0.555769405333087,43.14122456509606],[-0.555147737094765,43.14075257779215],[-0.554006234590529,43.14036436085834],[-0.553631977091893,43.140116499083796],[-0.553154606240171,43.140051208507195],[-0.552781261576786,43.14015805676268],[-0.551597377583426,43.14100020720094],[-0.550907640026482,43.14126063403442],[-0.550276643056925,43.14131653948653],[-0.549943419003205,43.14119606485094],[-0.549869609371114,43.141055338870615],[-0.549823475327731,43.14028434849534],[-0.549835211578911,43.13963480158902],[-0.549083171420582,43.13846029458903],[-0.548396035315762,43.137601473613266],[-0.547873835765801,43.13714598119053],[-0.5474789610717,43.136941996290645],[-0.546749975422457,43.13682283770251],[-0.546188255379786,43.136925059373155],[-0.54533187972634,43.1373746073706],[-0.544645109718608,43.13756286769536],[-0.543962986376939,43.13794724839736],[-0.54208371465494,43.13865819804739],[-0.541088416810509,43.138747633578326],[-0.540339818134217,43.13901082634198],[-0.539431896760263,43.13938278803275],[-0.538446711272739,43.13989863477362],[-0.537796960335305,43.139909164969175],[-0.537512102088966,43.139814976219455],[-0.536875225316241,43.139513555703644],[-0.536464814377572,43.13911556439232],[-0.536399272217158,43.13880799389519],[-0.536514190469005,43.13851610925808],[-0.536717423038682,43.13838158869677],[-0.537910389336394,43.1380065939461],[-0.53815406346074,43.13778971089495],[-0.537426066424034,43.136782709325445],[-0.536567349567477,43.13651198081958],[-0.535372103262651,43.13652779566418],[-0.534493571932839,43.13647558609005],[-0.534214632894387,43.136397401764704],[-0.533979021465174,43.13626377467646],[-0.533697207109603,43.13591737913583],[-0.532981911180571,43.1346740445616],[-0.532610070351433,43.13436301154713],[-0.532353702946828,43.13437231700272],[-0.532169244773629,43.1344720003358],[-0.531795939957813,43.135062260894586],[-0.531501950161835,43.13586420357287],[-0.531379161202729,43.1365506923403],[-0.530751926162433,43.13759314372031],[-0.530312448669878,43.13800639822472],[-0.529946268778445,43.1381705539074],[-0.529092044216053,43.138275064395145],[-0.528818191543622,43.138239916110216],[-0.528502087981687,43.13801617713358],[-0.528340990538165,43.1375523708694],[-0.528352038949703,43.137270200125215],[-0.528428644765685,43.13701469382955],[-0.529374308703027,43.135508953009115],[-0.529526416265238,43.1351411305709],[-0.529645182692019,43.13436834383679],[-0.529517639627536,43.13409161388492],[-0.528625917809162,43.13350048309317],[-0.52765596801042,43.1332990552949],[-0.526673570960342,43.13343745621186],[-0.5255612607699,43.13334060762868],[-0.524962950765329,43.13318551703872],[-0.524517321814091,43.13293359386945],[-0.524417655872928,43.13279099858591],[-0.524192146367038,43.132116815915644],[-0.523672021773319,43.13130821453597],[-0.523143053313817,43.13099958985572],[-0.522470397309855,43.1308343130984],[-0.522164575672457,43.1308992320224],[-0.522014286432428,43.131055402221236],[-0.521802308743128,43.131571023792596],[-0.521880030518782,43.13207987672977],[-0.522413378971707,43.13316625998472],[-0.522417803082335,43.13340020427942],[-0.522279503114989,43.133551481311095],[-0.521704010362494,43.133790876998454],[-0.521316990435526,43.133794522839956],[-0.520658305097806,43.13367739535037],[-0.520441094043794,43.133582754128874],[-0.520200239710676,43.133342129385575],[-0.519741725824185,43.13205071518743],[-0.520291332542844,43.130357227456194],[-0.520210512224959,43.12993850970976],[-0.519999619023293,43.129745525078704],[-0.519150574431166,43.129468947478394],[-0.518754212323726,43.12923790217565],[-0.518222405316805,43.12924536627833],[-0.516992183565365,43.130501887872164],[-0.516832381199328,43.13058273258773],[-0.516483954390774,43.130553590203405],[-0.516303967161181,43.13040370633963],[-0.516021229945557,43.12991864898916],[-0.515598539904597,43.12893126925414],[-0.515107428059484,43.1282738433346],[-0.514666564859169,43.128199993796336],[-0.514375112130874,43.128238312200246],[-0.51305142367413,43.128665925806125],[-0.51263865330377,43.12873070360093],[-0.51226196528775,43.12866105413508],[-0.511896410781163,43.12804633899628],[-0.511883063349189,43.12784690022317],[-0.512147907308407,43.127168419252314],[-0.512280198064391,43.12645284410961],[-0.511930297445199,43.12607530775696],[-0.511475630363844,43.12595597908864],[-0.510704427895521,43.12608915311248],[-0.509754954036657,43.1266467831842],[-0.509181331572474,43.12687614664678],[-0.50824564405042,43.12703356715556],[-0.507095731118442,43.126658655964334],[-0.505430077716757,43.12548121726185]]]]}},{"type":"Feature","properties":{"fid":3936,"ID":"COMMUNE_0000000009761829","NOM":"Estos","NOM_M":"ESTOS","INSEE_COM":"64220","STATUT":"Commune simple","POPULATION":488,"INSEE_CAN":"15","INSEE_ARR":"2","INSEE_DEP":"64","INSEE_REG":"75","SIREN_EPCI":"200067262"},"geometry":{"type":"MultiPolygon","coordinates":[[[[-0.619989413393763,43.2036724810459],[-0.61974414957036,43.205257390002615],[-0.619341926165306,43.20577243455148],[-0.619229864622764,43.205673543778396],[-0.618910445913755,43.20580131832314],[-0.619245593756267,43.20614034706651],[-0.618500439329657,43.206702911692446],[-0.618846858514249,43.20712350448758],[-0.618503829838584,43.20738533571492],[-0.618597614698932,43.20744792226166],[-0.618558462452082,43.2075302757632],[-0.61825554907342,43.20784298636616],[-0.618430398109028,43.207883044206106],[-0.617681247280789,43.20875549051627],[-0.618014447077416,43.208984735041234],[-0.617239173379134,43.20959782533977],[-0.616354047989643,43.210540554195944],[-0.616257959967612,43.210893148751424],[-0.616679473025533,43.211058207145335],[-0.613531494057707,43.213414815570744],[-0.613159488954215,43.213824372596406],[-0.613147660829183,43.21396974082014],[-0.612444801534884,43.21418777471964],[-0.611853345475708,43.2142778125707],[-0.612802673344244,43.21498799511737],[-0.612076665765869,43.21542651086818],[-0.611504616895075,43.21535471650467],[-0.611356916502799,43.21576846407891],[-0.610374973306021,43.21626866108283],[-0.609882050374773,43.21689115665685],[-0.609732891835723,43.21690785310136],[-0.609395400962883,43.217161364791686],[-0.608954545633553,43.21729767296198],[-0.608306718132439,43.217727243926795],[-0.607148732114804,43.219469613107606],[-0.607128524945501,43.22028879672869],[-0.607198454048787,43.220304467838574],[-0.606890284901831,43.22096849643528],[-0.6066338615646,43.22092394163111],[-0.605207146292925,43.22189458293891],[-0.604546612672558,43.22176717681042],[-0.604354415363666,43.221903262003934],[-0.603962530616171,43.22272585589681],[-0.603442490037195,43.22329069765752],[-0.603041235237306,43.2242396642648],[-0.602352744633477,43.2249073739364],[-0.601820952867604,43.225738232818074],[-0.600746409721905,43.2268501331244],[-0.599202151253401,43.22886193301134],[-0.598966452161533,43.2286960070819],[-0.598719864382906,43.228809583591655],[-0.597930587312318,43.22877106986732],[-0.597787102076044,43.22883978579585],[-0.597640856281836,43.2290814800566],[-0.597232084136815,43.22906269105933],[-0.59690691382273,43.22894296487229],[-0.596660602522929,43.22874497164212],[-0.596667233900915,43.22865380519034],[-0.596946366985697,43.228410384359464],[-0.597085842888194,43.22809958225881],[-0.596800932851897,43.22787496231022],[-0.596385896737499,43.227755528922586],[-0.595775396046006,43.22783890532296],[-0.595423564584845,43.22827924212617],[-0.594556834030408,43.22832162370664],[-0.594245612826651,43.2280105302474],[-0.594903588959238,43.22748346098434],[-0.595467730606899,43.22632019626914],[-0.596247680789382,43.225221772422366],[-0.596633962689115,43.22486042466559],[-0.596445964906558,43.224234577232096],[-0.595473567939483,43.2228172660454],[-0.595410025189591,43.221441703450814],[-0.595708494898775,43.21967139040239],[-0.595700660222695,43.21920972442921],[-0.595248052042219,43.218367586498616],[-0.594966309203977,43.218034806797554],[-0.594708226220234,43.21794345688111],[-0.594617530436395,43.217534977155026],[-0.59521337013724,43.21684249458138],[-0.595571588173688,43.2162488725133],[-0.595871588291331,43.21517545439309],[-0.596223033767487,43.21459196095028],[-0.59630343063327,43.21414356354581],[-0.596253433361184,43.21336094795619],[-0.596343804715679,43.21313192535674],[-0.596939427793542,43.212535787608296],[-0.597349408839619,43.21247709553946],[-0.597739056302892,43.21209222081036],[-0.597189316508747,43.21158739829633],[-0.597109526448711,43.211314524899336],[-0.597797333648495,43.210815257126],[-0.597699969885033,43.210635715406404],[-0.599132123652588,43.20969561039367],[-0.59882287479498,43.20937546710638],[-0.599383636453054,43.20873455624767],[-0.601443587442055,43.207716742568095],[-0.603499497086235,43.207838076959604],[-0.604705895247046,43.208114725085245],[-0.605084339876552,43.207689677167714],[-0.605212605577194,43.204047621771934],[-0.605468027503191,43.20382117887867],[-0.605959298016114,43.20362647037731],[-0.606012356794462,43.2035103411618],[-0.606472809480047,43.20333466921377],[-0.606994449698463,43.203310923838636],[-0.607477681235821,43.20314529099642],[-0.607804971374311,43.202985772332916],[-0.608036872240087,43.202757408469225],[-0.608779752866595,43.2023939922355],[-0.609416174921019,43.2012336447329],[-0.609462716571138,43.200895324008854],[-0.609350501130936,43.20047857543023],[-0.609195621411775,43.20046214764387],[-0.609140030808528,43.200360457667],[-0.609193876673846,43.20013894955573],[-0.609344911908218,43.200034847566435],[-0.609636036557438,43.20010434348059],[-0.610684305632257,43.20011788038647],[-0.612349412599853,43.19956418480086],[-0.61297166586547,43.19951632958588],[-0.613681027364892,43.199621328017386],[-0.615954941053013,43.20024025775021],[-0.618258516458425,43.202333069709425],[-0.619989413393763,43.2036724810459]]]]}},{"type":"Feature","properties":{"fid":3966,"ID":"COMMUNE_0000000009762639","NOM":"Lées-Athas","NOM_M":"LEES-ATHAS","INSEE_COM":"64330","STATUT":"Commune simple","POPULATION":232,"INSEE_CAN":"14","INSEE_ARR":"2","INSEE_DEP":"64","INSEE_REG":"75","SIREN_EPCI":"200067262"},"geometry":{"type":"MultiPolygon","coordinates":[[[[-0.611645677204944,42.98802611157661],[-0.611813111911774,42.987643269034585],[-0.612049956906185,42.98737062836452],[-0.612494208412227,42.98706130722766],[-0.61330545922061,42.98673784647185],[-0.613879571632516,42.98640704835526],[-0.614388195083899,42.98604874020218],[-0.614948101482512,42.985470837569196],[-0.615447882250472,42.984695993278144],[-0.614336662149428,42.98459382509582],[-0.614409835340649,42.982209235461106],[-0.614742447710033,42.981526444198224],[-0.615679830929747,42.98069096693187],[-0.615721749474816,42.98032134461696],[-0.615437031928892,42.979295609104696],[-0.614828486711481,42.978188939413215],[-0.614241456791971,42.97748576602203],[-0.615052049455656,42.976564532334095],[-0.615103293356889,42.97638365466986],[-0.614305290597003,42.97640599552164],[-0.614330212694494,42.975134877097126],[-0.614223442661687,42.97479906680903],[-0.614309325054664,42.97401384505235],[-0.614894076643082,42.973875340291585],[-0.61458842207597,42.97304387164924],[-0.613010400910961,42.97158629419591],[-0.612058839288154,42.9710322125021],[-0.610601384939177,42.970523931766806],[-0.610156210424734,42.97018688661902],[-0.609871398176473,42.96980664157849],[-0.609776905228496,42.969490222941126],[-0.6097883184691,42.96896498678611],[-0.610293914783114,42.96667123969146],[-0.610265425581035,42.96593848510797],[-0.609991245813441,42.964567600506825],[-0.610259286817848,42.9627310707587],[-0.610171055267874,42.96247566179883],[-0.60962878611619,42.961936623126384],[-0.609504022812934,42.96166533643821],[-0.609731446496936,42.960869071596406],[-0.609812020906658,42.96005703501015],[-0.610128595414781,42.95976731859879],[-0.610773577543853,42.95945666133469],[-0.611053847741388,42.959056530663645],[-0.611689133996195,42.95717434987441],[-0.611765244653015,42.956271537881236],[-0.611907785401033,42.95574639944778],[-0.612418045099958,42.95514317787537],[-0.612865578178097,42.95477252800551],[-0.613180986706822,42.95458276966928],[-0.614593855676536,42.95402839685002],[-0.614959985939196,42.953787412496766],[-0.615303859938115,42.95328790317915],[-0.615327778952036,42.95286578016257],[-0.615235805329155,42.95258979746654],[-0.615830910071608,42.952247477499114],[-0.616443378858709,42.952065714609176],[-0.616884259062253,42.95182490760255],[-0.617255265716376,42.9513874959954],[-0.617240340069439,42.950912665729675],[-0.618020818775897,42.95069372684592],[-0.618255298950734,42.95028791763799],[-0.618569599895323,42.9500810753507],[-0.61882858723086,42.949773466959776],[-0.619555314084354,42.94969496607627],[-0.620447880063758,42.94993676204913],[-0.620940422521568,42.949974175006346],[-0.621315805701787,42.94986249259013],[-0.621510895877422,42.949630852145866],[-0.621787980403962,42.949495474513604],[-0.622444485146603,42.949587668890715],[-0.622842356294499,42.94944371375502],[-0.623291669388499,42.94951498296662],[-0.624184229899072,42.949384043317906],[-0.6249283805502,42.9491923860722],[-0.625388337415724,42.948885180529714],[-0.62625890033984,42.948716254747815],[-0.626433272437246,42.94862394342387],[-0.626914263742599,42.94804594461269],[-0.62724957714194,42.94790138418711],[-0.629370175182577,42.948203357944855],[-0.630089027351835,42.94819527085459],[-0.630461204178318,42.948071960722196],[-0.630938314616293,42.947784856552474],[-0.631336776008749,42.94772907423822],[-0.631687293501489,42.94749486017764],[-0.632469125900008,42.947357691230614],[-0.633489649201919,42.94702068759446],[-0.633780193194893,42.946807400587936],[-0.635495580419632,42.946803369262454],[-0.636490662053223,42.9466472491196],[-0.638760947546034,42.94681523229456],[-0.640331407646267,42.94715723215889],[-0.640860338249134,42.94748140364949],[-0.641548324725767,42.94770385251244],[-0.642235092795332,42.94780930442617],[-0.643002458169394,42.9477931838599],[-0.644356918469828,42.947369126517124],[-0.644786161689455,42.94731585047651],[-0.645748794561734,42.94746233339524],[-0.646307656667293,42.94685909180718],[-0.647021546418282,42.94648015063845],[-0.648297887315193,42.94635398119423],[-0.649638783310687,42.94604645024045],[-0.650308797089202,42.94598316972089],[-0.65111156970223,42.94614043854621],[-0.652435167311582,42.94692008162847],[-0.653495960403954,42.94734044001237],[-0.65548058518445,42.9479130070244],[-0.658036959290345,42.9488837947988],[-0.659234629572289,42.94956861978689],[-0.660201548021472,42.950538580272834],[-0.660632351667619,42.95144127926871],[-0.660410833870579,42.9519313753478],[-0.661446027581614,42.95337974973895],[-0.662385215982187,42.95381227633869],[-0.663144349064497,42.95428514607457],[-0.663476830169574,42.95481397498564],[-0.663572007633617,42.95548593846295],[-0.664049140985984,42.9564608737042],[-0.664306184678909,42.95668797976738],[-0.6649284122625,42.95689452493732],[-0.66702251408223,42.95719487947275],[-0.669411201434913,42.95703679085233],[-0.6703938537687,42.9571085547967],[-0.671266922655184,42.95744333693877],[-0.671904211416432,42.95796442827583],[-0.672344184632995,42.95817626115444],[-0.673933928600071,42.95817592266546],[-0.674681877941755,42.95846994310341],[-0.677774392561203,42.960324048194224],[-0.679519607037075,42.96095661370323],[-0.684128524741088,42.962363374829266],[-0.684495585403304,42.96235258770708],[-0.684845099919329,42.962027297529126],[-0.687414478170245,42.95834876151706],[-0.687804800676302,42.95766374365801],[-0.688371999474563,42.95544395389665],[-0.688309968589106,42.95427660428314],[-0.688089192212606,42.95359996308188],[-0.688094010389373,42.95117171545662],[-0.687368633210204,42.94685903596477],[-0.685802154323089,42.94656529271165],[-0.69296320562744,42.94578454339021],[-0.697137942885878,42.9457579585956],[-0.698942767504599,42.94559948628414],[-0.701444752834303,42.94643699059664],[-0.70231942885875,42.946815577023834],[-0.707053843751381,42.9484870814632],[-0.709551127872419,42.949457814059535],[-0.709857387971902,42.94949405223867],[-0.712353435490422,42.945411385378826],[-0.71398393023302,42.94253258436709],[-0.714283968378208,42.942433979272366],[-0.718501652750739,42.94241137289072],[-0.719869040846979,42.94147272490737],[-0.723471216146341,42.93980478370705],[-0.723949308465069,42.93982691952134],[-0.725115878620022,42.93875921997417],[-0.727638012826262,42.937697580304636],[-0.728428882326715,42.937629611888255],[-0.729173451883545,42.937832435223804],[-0.730374036550389,42.93857129908196],[-0.730743851649594,42.93868179385742],[-0.731274745454483,42.93908649169985],[-0.732276007066643,42.93948834602849],[-0.734078303645022,42.9398272307917],[-0.733320463397768,42.94092224001845],[-0.733164078323774,42.941348118792185],[-0.733233179692524,42.94150777176797],[-0.732762140471691,42.94197609800547],[-0.732546207432073,42.94235272824163],[-0.731396230751774,42.94369633156968],[-0.730422270750427,42.94530029977105],[-0.73049425654233,42.945638115636235],[-0.730698695973552,42.94574895488216],[-0.730905900499775,42.94605506454118],[-0.730834630004501,42.94618538396735],[-0.73092278975449,42.94643170696971],[-0.730720906231486,42.946836655858334],[-0.73117382946322,42.947285482141304],[-0.731292386118203,42.94779453990897],[-0.731935899766027,42.947986456409],[-0.732026520362331,42.947947295319246],[-0.731993636335411,42.9477791796319],[-0.732166166415235,42.94724200196924],[-0.732660679179152,42.94700424162646],[-0.732875775522384,42.94699496561132],[-0.734178140133604,42.947312519546806],[-0.735046147843024,42.946994238740785],[-0.735306596334395,42.947156240459805],[-0.735758127657367,42.94722156450617],[-0.73616077960907,42.947041901579986],[-0.736364349175811,42.94734812866859],[-0.737177683736941,42.94749359237391],[-0.737894743045937,42.94772342879094],[-0.738992504625517,42.94832624333846],[-0.740299793612523,42.94854812085894],[-0.740349943168708,42.948698527739246],[-0.740583459353629,42.9488416486266],[-0.723633222828696,42.95529972196306],[-0.720575149537337,42.95648425442683],[-0.720460218416353,42.95662238124775],[-0.722137343774676,42.96256307492966],[-0.722248654713209,42.96351355411196],[-0.722069983335633,42.96386186475828],[-0.721989463465891,42.96438323711526],[-0.722249019512746,42.9646452405826],[-0.722304975637954,42.96486748113296],[-0.722170572075864,42.96645849916666],[-0.723379871595085,42.96969106587046],[-0.723553371255296,42.97094100411883],[-0.72388236049846,42.97228279016033],[-0.724107490435244,42.972618911882456],[-0.724610295140616,42.9757868401759],[-0.724338901295728,42.97759240208597],[-0.724430269991945,42.97817444958432],[-0.724621286079389,42.978303778937544],[-0.726180180655024,42.97884395476977],[-0.726630198387495,42.979244303009835],[-0.726766212096339,42.9795096857928],[-0.728381776079919,42.97995783351258],[-0.728635706852478,42.98013089067187],[-0.736209500315599,42.99036942296375],[-0.73631189549031,42.99113926070362],[-0.736027445383097,42.994068974322694],[-0.735780956854765,42.99403162355525],[-0.723627597147697,42.98657625915805],[-0.723317021851221,42.98649518466946],[-0.70577419642239,42.97800552243142],[-0.699030520413728,42.97812442256852],[-0.695233143364104,42.978298282071705],[-0.694989339436454,42.97839759698321],[-0.693570334331888,42.978334739478825],[-0.69196488203453,42.9789634069834],[-0.691010253296292,42.979665131608954],[-0.689454343633065,42.981515584086885],[-0.687039733544278,42.984730642493574],[-0.686484775919089,42.98604973442797],[-0.685617747414494,42.98936472469683],[-0.685875760365832,42.99031651654168],[-0.685723418393958,42.99137241269946],[-0.68539453308377,42.99179333498951],[-0.685631241475975,42.99202470377419],[-0.686090991353857,42.99213768422931],[-0.686085061852218,42.992410684585614],[-0.684250171412803,42.99582188516479],[-0.683639275615145,42.99612912353177],[-0.682492775817583,42.997137151824205],[-0.681931922396433,42.99744086511171],[-0.67790358187993,43.00091265525482],[-0.675375135114956,43.002859193672904],[-0.674759530784822,43.003113421267415],[-0.674700079229664,43.003278411780585],[-0.673725283633299,43.00351700007559],[-0.672679612214543,43.00403079816173],[-0.670965811093266,43.004261291887026],[-0.670653680251344,43.00442680454536],[-0.670275079403787,43.004801659415],[-0.669351539175165,43.00484308741851],[-0.669038773831383,43.00503742713835],[-0.668837679825109,43.005309884397],[-0.668380216922435,43.00536961007409],[-0.668199419542068,43.005517129239934],[-0.668087829979267,43.005498428478745],[-0.667720057846123,43.00499869310625],[-0.666390968677425,43.00380788825018],[-0.665902960349987,43.00361745649851],[-0.665621599003827,43.00366846479878],[-0.665306175665235,43.00391780329532],[-0.664119686175555,43.00441740965138],[-0.663813240784022,43.0047312604867],[-0.662543004194745,43.0052066931871],[-0.661911154088877,43.00522461493826],[-0.66088212075554,43.00497515933273],[-0.660134306662409,43.00511856205398],[-0.659361038798933,43.00511157274477],[-0.658448410924634,43.00489864636409],[-0.658187512752967,43.00476887548266],[-0.65775040827625,43.00410220941123],[-0.6566116543198,43.003454907638705],[-0.656148182335175,43.00258386236387],[-0.655617449979604,43.00198789772562],[-0.655253058176761,43.00113148762749],[-0.655125735950102,43.00101877623279],[-0.654145298280098,43.00060465230509],[-0.653572201327495,43.00058091593489],[-0.653269956023243,43.000417427783105],[-0.652931560833195,42.9997780036637],[-0.651953694116926,42.99899554834258],[-0.651784817472927,42.99872939241279],[-0.651637049636943,42.998233841410574],[-0.651992823628873,42.99792375413728],[-0.651920514466383,42.997691230653544],[-0.650040700800194,42.997114957673666],[-0.649598850400826,42.996857167300256],[-0.648829202905663,42.99737305995693],[-0.648103055978193,42.997528249237746],[-0.647547686851384,42.99745436362738],[-0.645398035238257,42.99615612183399],[-0.643903505498199,42.99565851044406],[-0.643024368562007,42.99523365650386],[-0.640657208783839,42.9947061524778],[-0.639816600469386,42.99360564660206],[-0.639313630239984,42.99334988679284],[-0.638121330938697,42.99301482418337],[-0.637673979249286,42.992668045597085],[-0.637102201863701,42.991824011832236],[-0.636691808151952,42.991870308068314],[-0.635991171352641,42.99221631552996],[-0.633088220368108,42.992743911812646],[-0.629090108510478,42.99241171864614],[-0.627484915760949,42.991396357741095],[-0.626913885238329,42.990835841600926],[-0.625973700318686,42.99041201638427],[-0.625056744802071,42.99043754331474],[-0.62354202373607,42.99074879985426],[-0.622368007880219,42.990782068854536],[-0.621561886659878,42.99057965962113],[-0.618752581162434,42.989524614822194],[-0.617811900898957,42.988855861556985],[-0.61746564619284,42.98910428953294],[-0.6166976712225,42.98933539744028],[-0.616482006792851,42.98933815253075],[-0.616372245046212,42.9892104044995],[-0.616392198414561,42.98896035534433],[-0.61589809019477,42.98878521898853],[-0.611645677204944,42.98802611157661]]]]}},{"type":"Feature","properties":{"fid":4182,"ID":"COMMUNE_0000000009761833","NOM":"Moumour","NOM_M":"MOUMOUR","INSEE_COM":"64409","STATUT":"Commune simple","POPULATION":818,"INSEE_CAN":"14","INSEE_ARR":"2","INSEE_DEP":"64","INSEE_REG":"75","SIREN_EPCI":"200067262"},"geometry":{"type":"MultiPolygon","coordinates":[[[[-0.645454406525801,43.215464531121036],[-0.644324534067337,43.21443655336004],[-0.643902924416561,43.21394023147754],[-0.643246451120529,43.21344823832327],[-0.642946693029246,43.21328277069054],[-0.640570035797701,43.21245353359853],[-0.64126018960037,43.21133347959165],[-0.643064639734888,43.20933926848963],[-0.643101701120576,43.20852220023758],[-0.642944593246984,43.20825646772406],[-0.643523899526136,43.20682498265981],[-0.643956047526186,43.20606570591851],[-0.64273367500009,43.20501203654178],[-0.641708516386369,43.20462523852066],[-0.641472037330318,43.204603507086716],[-0.639891949624034,43.2040832482844],[-0.638934257627333,43.20355547882614],[-0.636355737255336,43.20267985421219],[-0.635435277231291,43.201745598116304],[-0.6386687562008,43.19944126509712],[-0.639508694359706,43.199059048357014],[-0.64021520846589,43.19845441447106],[-0.640483738822591,43.197969912983915],[-0.641071093782183,43.197661941700154],[-0.641333867691709,43.197359523375376],[-0.642023035398237,43.19704630832989],[-0.645075766296481,43.196214712978154],[-0.646355622610103,43.19603728217588],[-0.649145469018641,43.1960329684057],[-0.649665413577163,43.195964048808115],[-0.649860590928035,43.19581967434307],[-0.650346262998241,43.19590949071504],[-0.652693297091989,43.19581201711689],[-0.653674043397547,43.19590666114343],[-0.654588301029492,43.19590359874344],[-0.655928910590137,43.19567536985518],[-0.65742365165861,43.19517986397853],[-0.658019178475895,43.19620689927961],[-0.65854068066617,43.19658991415304],[-0.659074631915039,43.19687795624321],[-0.659860784125019,43.197008862091536],[-0.660788575851804,43.197315947411056],[-0.660922969933557,43.19741673955929],[-0.660949192577574,43.197577932440055],[-0.660519661066469,43.198412831707905],[-0.660382059483482,43.1990379197984],[-0.660032001892491,43.19969002785278],[-0.658542838051922,43.201110153764425],[-0.656463703290572,43.202506136999105],[-0.656219451531359,43.20275033786183],[-0.65622148722564,43.20295737520661],[-0.657588843709816,43.20446971978271],[-0.658881901929389,43.20486709365662],[-0.659544438521154,43.20535698291274],[-0.659914502252055,43.20552452051042],[-0.660175321481065,43.205929885225046],[-0.660102895941272,43.20649603501423],[-0.6607260742552,43.205355607590086],[-0.660874276378712,43.20532446433423],[-0.662753125189456,43.20358491267612],[-0.663138428617829,43.20337192452565],[-0.663414592871913,43.203340033669136],[-0.663647022340132,43.20358877228549],[-0.663774877342072,43.20358623046041],[-0.66396247387541,43.2034582951887],[-0.664344900939381,43.20339397733838],[-0.665535196542665,43.20281235274249],[-0.66600061478729,43.2028919846839],[-0.666270906619085,43.20305838890349],[-0.666579660031734,43.203016377445174],[-0.667340493583167,43.203696478961454],[-0.668019665852976,43.20390480562702],[-0.668311077500534,43.20407408890784],[-0.668513087324343,43.204076223320946],[-0.669125993555765,43.20455873915106],[-0.669400103430378,43.20453320620676],[-0.669636163605151,43.20464493812664],[-0.670187068492326,43.20455865921804],[-0.670316497033951,43.20467761976645],[-0.670359346689006,43.20504175306976],[-0.670524596383892,43.20502712524468],[-0.670597267637716,43.205163324938745],[-0.670906746108028,43.20530677383979],[-0.670976219097067,43.205431376058506],[-0.671224995751053,43.205452624812544],[-0.671993505470524,43.20586499607355],[-0.672097176535548,43.20604336241666],[-0.672439344768711,43.20623612097055],[-0.673023736914525,43.20609555979449],[-0.673253105082395,43.20583111426652],[-0.673485403796162,43.20588353514313],[-0.673911284985684,43.205824907378584],[-0.674930905740205,43.2061593691067],[-0.675558529701981,43.2062145251289],[-0.677420284721877,43.20604841581532],[-0.677741865332081,43.20595640910496],[-0.679877571579021,43.20491285656704],[-0.685143557840204,43.201961403570024],[-0.68546868842009,43.20213759388808],[-0.686301230871992,43.202318054300875],[-0.687320836865927,43.202093201716536],[-0.687658188780913,43.202325698064314],[-0.687945228372485,43.2023293911724],[-0.688531584499252,43.20258668849527],[-0.688514525461653,43.20301319866469],[-0.688743629765341,43.20368972857],[-0.689511698228325,43.204863800207754],[-0.689993602784289,43.20514267358244],[-0.691410209998014,43.20567771585298],[-0.692011593239001,43.20603443607901],[-0.692572461457337,43.206642874902094],[-0.693350035518311,43.207155644299235],[-0.693652745337567,43.20755770162376],[-0.694056135685568,43.207840147849836],[-0.69305505088864,43.20827874404285],[-0.691704464421388,43.209181336037375],[-0.688857724072932,43.210810447229704],[-0.687190134352577,43.211917424149306],[-0.680470889005723,43.21576231535107],[-0.678458204602083,43.21729334541637],[-0.677881021869957,43.21781909546888],[-0.676643454602872,43.21864739961199],[-0.672071661342079,43.220405958900656],[-0.669470555127908,43.22120943766573],[-0.661766325421871,43.22382953742944],[-0.661012100848015,43.224013615312195],[-0.659002804176537,43.22514433737692],[-0.66050930634584,43.22641424643966],[-0.662550124019497,43.227584059601],[-0.657268273207866,43.23156324176953],[-0.65465254313111,43.230746874777815],[-0.65383075644882,43.230235314939314],[-0.653556344475533,43.229966357576835],[-0.653411748193268,43.22964708020121],[-0.65337567529392,43.22888289356827],[-0.653604332878082,43.228234910921486],[-0.655175258434034,43.226206958762745],[-0.65542584974211,43.22571131091959],[-0.655405414257754,43.22538873149785],[-0.65506090590184,43.2246349957638],[-0.654869615010411,43.22260639820906],[-0.654204075166946,43.2209243412442],[-0.65327962326178,43.220130813094194],[-0.650759903306688,43.21870150871732],[-0.64852855300855,43.217761259551914],[-0.64700127813593,43.216934040416206],[-0.646278672302009,43.21627320929291],[-0.645919408824108,43.21582881434286],[-0.645454406525801,43.215464531121036]]]]}},{"type":"Feature","properties":{"fid":4221,"ID":"COMMUNE_0000000009761598","NOM":"Verdets","NOM_M":"VERDETS","INSEE_COM":"64551","STATUT":"Commune simple","POPULATION":304,"INSEE_CAN":"15","INSEE_ARR":"2","INSEE_DEP":"64","INSEE_REG":"75","SIREN_EPCI":"200067262"},"geometry":{"type":"MultiPolygon","coordinates":[[[[-0.657268273207866,43.23156324176953],[-0.660529227017479,43.23247382667388],[-0.660937867709863,43.23270309587246],[-0.662067991648106,43.23436487183401],[-0.662908831319549,43.235329574968866],[-0.662464697043159,43.23553104967605],[-0.661680816559619,43.236181688100935],[-0.661647837526576,43.23655470915018],[-0.661241599228414,43.23686835446449],[-0.660441488572746,43.237302516137156],[-0.659486547811271,43.236130947567275],[-0.65944351222881,43.2359379014476],[-0.659241768504527,43.2360582035579],[-0.65899771588095,43.23607458266446],[-0.657327247604782,43.23525233087906],[-0.656539950737136,43.235247491917974],[-0.655024183353763,43.23509712979213],[-0.654291218011724,43.234783369209],[-0.654282533221109,43.23466569984619],[-0.65388416882721,43.23442345082549],[-0.65348332842199,43.234355978124796],[-0.653340782062213,43.23422483080579],[-0.652433465143933,43.23496962545639],[-0.652186337646093,43.23532647607116],[-0.649597413849104,43.23746625891509],[-0.648248540390279,43.23915704807408],[-0.648974366627928,43.23920184794368],[-0.649799495183647,43.23906408836307],[-0.650770062625229,43.239044769297124],[-0.651449023794349,43.23959450953627],[-0.652068518265743,43.23986620699714],[-0.652381282494996,43.240565207170334],[-0.651724745163349,43.24089538929603],[-0.649737492346646,43.242503340996834],[-0.648597204575179,43.24441670860591],[-0.64696920477051,43.245670277088315],[-0.645204104925534,43.24530126874196],[-0.643900060667049,43.243826180320724],[-0.64369171203374,43.24388184015035],[-0.638581399491232,43.24374986926592],[-0.635879177958322,43.24379320333245],[-0.635120119160752,43.244218583419176],[-0.635591368523762,43.24483574999091],[-0.634392821478443,43.245500146603916],[-0.634842551876589,43.24597126312319],[-0.634774525818475,43.24600597121076],[-0.634822094217191,43.24609621855685],[-0.635048466624397,43.24632632270037],[-0.635741962961551,43.246697377533806],[-0.636034609700249,43.24745113001975],[-0.635800103508564,43.24752206293972],[-0.635874170610626,43.24814990689305],[-0.63527422476996,43.248149402085744],[-0.634822966075376,43.24794758185389],[-0.63396222866483,43.24799187056987],[-0.633297864326265,43.247790014421184],[-0.631881919106514,43.24701822665624],[-0.631705095751155,43.246831473063295],[-0.630885863123654,43.246478129849386],[-0.629443272916499,43.245477587232024],[-0.628909530150585,43.245275816167776],[-0.628812992722097,43.244602802606465],[-0.628867356497641,43.244448794144084],[-0.630004488007032,43.24341462893557],[-0.630150521152247,43.242799193775475],[-0.630142732268609,43.242323103312735],[-0.629974988723652,43.2418496912864],[-0.629635599914579,43.24195655551261],[-0.628722326164038,43.2413209116724],[-0.628005276326298,43.241219850795936],[-0.627883863412359,43.24113028248641],[-0.62789872567987,43.240974901236434],[-0.627731187343604,43.240759015799895],[-0.627162824890547,43.24059352064019],[-0.626872015149209,43.24033675302484],[-0.627085731656459,43.23956326798994],[-0.627906057775575,43.238408304013774],[-0.628056622642109,43.23833480678755],[-0.628314100579077,43.23839458707571],[-0.628257045030939,43.238916978796794],[-0.628097847377489,43.23902948685728],[-0.628262881189184,43.23918602423114],[-0.628399123123537,43.23915893219904],[-0.628628021389174,43.23886218459401],[-0.6288023762566,43.23877527983118],[-0.628910710039825,43.23840244309552],[-0.628876459772607,43.238014590205154],[-0.628559492302435,43.23773349411878],[-0.628074703182075,43.2376822566548],[-0.627730956605552,43.23760196347406],[-0.627277882430323,43.237682926327],[-0.626432077878722,43.237374573332666],[-0.626398224601486,43.2370515411437],[-0.625848654738007,43.23710602483426],[-0.625410605896386,43.23701448514835],[-0.625147863392769,43.23675316975912],[-0.62396358199549,43.237114410839],[-0.62337675581628,43.23700714784606],[-0.623355184165617,43.23611460649583],[-0.624150692345799,43.23532880001885],[-0.624574856442659,43.23514076464288],[-0.626664111892172,43.233287646471936],[-0.628805184718001,43.2313598057183],[-0.629022552352786,43.23107605230144],[-0.629097643711443,43.23117347902947],[-0.63120884731562,43.229399672616516],[-0.634918357518337,43.224733720030166],[-0.637777618019271,43.221882831846095],[-0.63764696756247,43.221802592857976],[-0.638032893237522,43.22142038981689],[-0.638234842002378,43.221537844682764],[-0.639113638183171,43.220536604977546],[-0.641015334500796,43.21894615608894],[-0.642744015594269,43.21728857628147],[-0.642603973750488,43.2171375240171],[-0.643400216105346,43.21672253697889],[-0.643516724724302,43.21679334102924],[-0.644888155158158,43.2160896767954],[-0.644734860356281,43.21592376717607],[-0.645454406525801,43.215464531121036],[-0.645919408824108,43.21582881434286],[-0.646278672302009,43.21627320929291],[-0.64700127813593,43.216934040416206],[-0.64852855300855,43.217761259551914],[-0.650759903306688,43.21870150871732],[-0.65327962326178,43.220130813094194],[-0.654204075166946,43.2209243412442],[-0.654869615010411,43.22260639820906],[-0.65506090590184,43.2246349957638],[-0.655405414257754,43.22538873149785],[-0.65542584974211,43.22571131091959],[-0.655175258434034,43.226206958762745],[-0.653604332878082,43.228234910921486],[-0.65337567529392,43.22888289356827],[-0.653411748193268,43.22964708020121],[-0.653556344475533,43.229966357576835],[-0.65383075644882,43.230235314939314],[-0.65465254313111,43.230746874777815],[-0.657268273207866,43.23156324176953]]]]}},{"type":"Feature","properties":{"fid":4226,"ID":"COMMUNE_0000000009761602","NOM":"Orin","NOM_M":"ORIN","INSEE_COM":"64426","STATUT":"Commune simple","POPULATION":266,"INSEE_CAN":"14","INSEE_ARR":"2","INSEE_DEP":"64","INSEE_REG":"75","SIREN_EPCI":"200067262"},"geometry":{"type":"MultiPolygon","coordinates":[[[[-0.662908831319549,43.235329574968866],[-0.662067991648106,43.23436487183401],[-0.660937867709863,43.23270309587246],[-0.660529227017479,43.23247382667388],[-0.657268273207866,43.23156324176953],[-0.662550124019497,43.227584059601],[-0.66050930634584,43.22641424643966],[-0.659002804176537,43.22514433737692],[-0.661012100848015,43.224013615312195],[-0.661766325421871,43.22382953742944],[-0.669470555127908,43.22120943766573],[-0.672071661342079,43.220405958900656],[-0.676643454602872,43.21864739961199],[-0.677881021869957,43.21781909546888],[-0.678458204602083,43.21729334541637],[-0.680470889005723,43.21576231535107],[-0.687190134352577,43.211917424149306],[-0.688857724072932,43.210810447229704],[-0.691704464421388,43.209181336037375],[-0.69305505088864,43.20827874404285],[-0.694056135685568,43.207840147849836],[-0.694193462648532,43.20806236744794],[-0.694265612757975,43.20851644318272],[-0.693924646729539,43.20922869847037],[-0.693775766287936,43.20988394831351],[-0.694141422885765,43.21061522990886],[-0.69400676975897,43.210723397131034],[-0.693469040615653,43.21088138515569],[-0.693335504028555,43.211141695747806],[-0.693148946050951,43.2112660467146],[-0.692388513576815,43.211483881517864],[-0.692360089741852,43.21163613636878],[-0.692737892828141,43.21196088745319],[-0.692827660311914,43.2121901406101],[-0.692563418315233,43.212678245691095],[-0.692297915402943,43.2127233528147],[-0.691960957275735,43.21238279424093],[-0.691776669082415,43.21240801133909],[-0.691401870481758,43.21293861768838],[-0.691522094473952,43.21333612168074],[-0.691389944320707,43.21359908390756],[-0.691026395949193,43.213593513276095],[-0.690834198208704,43.213880140965124],[-0.690395177385864,43.21398430834141],[-0.690261198838103,43.21410325346135],[-0.690203776214299,43.21443749801198],[-0.689969125955179,43.214503155507835],[-0.689883591499255,43.2147636208721],[-0.689675696671882,43.21495893345347],[-0.689650237339466,43.21536952668641],[-0.689868930810752,43.216248128809184],[-0.689778488043097,43.21645113086083],[-0.689836273410196,43.21666167019372],[-0.689664997458155,43.21710246474188],[-0.689859492693044,43.21746771554341],[-0.689589930316454,43.21766153516344],[-0.689278340675524,43.21812243603603],[-0.688918982288298,43.21825989208046],[-0.68905810765559,43.218548695087094],[-0.688842914558567,43.21866861438872],[-0.688725288286419,43.218947285896405],[-0.688308915962985,43.21915602687702],[-0.688427014743232,43.21936630643503],[-0.688286568816737,43.219596230596416],[-0.68809432224349,43.21965142898868],[-0.687069093366181,43.219581112681475],[-0.686869841561329,43.21962304089065],[-0.686577477528319,43.219884268130734],[-0.686348386590342,43.22040357458265],[-0.686189032089785,43.22049186429437],[-0.685760989141549,43.22051819409751],[-0.685641523294496,43.22061412521621],[-0.685843293410399,43.22161398173765],[-0.685287965852829,43.22171039343725],[-0.685176658558605,43.22187628368725],[-0.685191497160411,43.22212791450663],[-0.685388745888811,43.222575025169235],[-0.685952667558004,43.222632303764364],[-0.686187535228892,43.22280077649963],[-0.685880023138893,43.22280587898517],[-0.685602833902065,43.22293871522243],[-0.685427342397528,43.22287086925465],[-0.685199379825281,43.22298401312757],[-0.684814325518604,43.22291251765663],[-0.684489052488402,43.22308301273272],[-0.684344016251681,43.22345356512095],[-0.684908557924002,43.22400249729327],[-0.685212846228788,43.224101064596404],[-0.685310001576951,43.22421481038772],[-0.68535161805361,43.224904967955126],[-0.685491578943479,43.22522616627343],[-0.685181690878478,43.225155706008124],[-0.68463494881253,43.225329262648145],[-0.683907026649188,43.225346013037615],[-0.684672074176675,43.226142041416914],[-0.683595172931675,43.22663355963614],[-0.683909176693553,43.227752059975856],[-0.682766003901708,43.22788113147129],[-0.682886180804292,43.228066133696025],[-0.682358303148756,43.22828495940485],[-0.682471786643935,43.22844227521224],[-0.681473623907111,43.2288563429533],[-0.68146524615144,43.22926545334346],[-0.680926289713861,43.22961972387773],[-0.680877786121627,43.22988252189321],[-0.680327903451895,43.230876513521906],[-0.680000567849866,43.23118934278274],[-0.680309175331847,43.23162546408547],[-0.680494458693712,43.23230982550154],[-0.680355683096166,43.23264414020012],[-0.67976850034931,43.23297663640017],[-0.679905144361619,43.23318809612063],[-0.680142589406591,43.233242133279205],[-0.679751201496847,43.23326538519273],[-0.679649196883708,43.233403937857595],[-0.679901854521129,43.23350338221102],[-0.680168268995203,43.23381847622097],[-0.679828882224195,43.23429020361366],[-0.680166710747637,43.23454703193237],[-0.680562400909716,43.2353439860603],[-0.68019012490274,43.235724985757855],[-0.681138873525644,43.236136574322806],[-0.680783253511193,43.23648909264309],[-0.681345238157796,43.23678419848511],[-0.680875271125255,43.23748731022629],[-0.680583507120794,43.237296449360024],[-0.678287655891937,43.23942065757957],[-0.678113325977152,43.23937166833683],[-0.678000651721597,43.23955560824714],[-0.677887117091863,43.23951355178779],[-0.677937570546763,43.239763972532124],[-0.677541016523794,43.240189914734366],[-0.678164796560638,43.24054596810124],[-0.678882771440989,43.240756528266566],[-0.679436534653765,43.24109605096555],[-0.678529876353266,43.24165465028136],[-0.678369614164177,43.241884337304526],[-0.6781276676179,43.241972727450495],[-0.677587587318169,43.242446785233184],[-0.677059093123595,43.242368437744865],[-0.675548548339317,43.241956130993294],[-0.673905846518927,43.24140242171821],[-0.672682316732303,43.24085423670647],[-0.672123365446526,43.24052926535808],[-0.670433827319763,43.23914143938986],[-0.669455411192019,43.23851464659272],[-0.668562923504162,43.238231615391584],[-0.666097039851164,43.237842648328474],[-0.665241334839966,43.237556540268386],[-0.664483234464147,43.237061799659024],[-0.664063104491715,43.236671743756794],[-0.662908831319549,43.235329574968866]]]]}},{"type":"Feature","properties":{"fid":4280,"ID":"COMMUNE_0000000009761830","NOM":"Escout","NOM_M":"ESCOUT","INSEE_COM":"64209","STATUT":"Commune simple","POPULATION":426,"INSEE_CAN":"15","INSEE_ARR":"2","INSEE_DEP":"64","INSEE_REG":"75","SIREN_EPCI":"200067262"},"geometry":{"type":"MultiPolygon","coordinates":[[[[-0.552951379278389,43.20581585811825],[-0.551953176875027,43.20753700143745],[-0.550858921703135,43.20917845969712],[-0.550217922554244,43.21054477254544],[-0.549572705633921,43.21130254154941],[-0.548921082663199,43.212436890096335],[-0.548667016294845,43.21266945044891],[-0.548364839584823,43.212439879694024],[-0.547312780892177,43.2120269724198],[-0.547409737336346,43.21192203774843],[-0.547393598139493,43.211759593823245],[-0.547126508146293,43.21168013556468],[-0.546910643742437,43.21149274392368],[-0.546316546313287,43.21142043284656],[-0.54556238109593,43.21146773152874],[-0.545200285219118,43.21134456963469],[-0.544672140531179,43.211424052477696],[-0.544285450221218,43.21126117722601],[-0.544133966568637,43.211320178483746],[-0.543807170545591,43.211791923899085],[-0.543606819290159,43.21185703165549],[-0.543543200354244,43.21180329587877],[-0.54361641727022,43.21149205027113],[-0.543209211164718,43.211436093473274],[-0.54294464555953,43.211277306175376],[-0.542633833367954,43.21120737666216],[-0.541911371022223,43.21112935232135],[-0.541264184685377,43.211475645981245],[-0.541085480418071,43.21149231675004],[-0.540830520235751,43.21126928015941],[-0.540719197341561,43.210819128115304],[-0.540362599207747,43.21040403799759],[-0.540212555524596,43.210406260723374],[-0.540211837554207,43.21053504256614],[-0.53971400441216,43.210627012523645],[-0.539304587832533,43.21055490656011],[-0.537791942828664,43.21021734741142],[-0.5365285983861,43.20966900425086],[-0.536262030472684,43.20857294620954],[-0.536047067637352,43.2059481142376],[-0.535667688712917,43.20598395999229],[-0.535379016570201,43.205169553771405],[-0.534663947667022,43.204788707142285],[-0.534477719193146,43.20444095188212],[-0.534580971232537,43.20417735300123],[-0.534004968943103,43.20413769943184],[-0.533371379705848,43.20382080534439],[-0.532504103088422,43.20294340956538],[-0.533061174297341,43.20237232031336],[-0.532233785864459,43.201200988733916],[-0.532267504562216,43.20096758218834],[-0.531897781430204,43.200979689033694],[-0.531256509098642,43.20045594538497],[-0.530405698531216,43.2000678135482],[-0.529013524109832,43.19984325300023],[-0.528376922801643,43.1974420222151],[-0.529545711546822,43.197456003803005],[-0.53061720029784,43.19775047897088],[-0.530861731640945,43.19774427502904],[-0.535134937096503,43.195697265387565],[-0.535377881092748,43.19564518283774],[-0.537120806617715,43.19422393902886],[-0.538030306647698,43.19480727602366],[-0.539854198794491,43.19627360129214],[-0.54024889379797,43.19640831168728],[-0.540948488737781,43.19713987946204],[-0.541353793706678,43.1977082300674],[-0.542532107989254,43.197395813958934],[-0.542520779546757,43.19717108623412],[-0.541929703443166,43.1964233587321],[-0.541659827933712,43.19593610170986],[-0.541346362611543,43.19188920948051],[-0.541064421878677,43.19158603022092],[-0.541158402296016,43.191332634798265],[-0.540294277876868,43.190786553914364],[-0.540889988748018,43.19002597283886],[-0.541512530813587,43.1888404223327],[-0.541310031638629,43.18832754583357],[-0.541259207370577,43.18701734425442],[-0.541397622340745,43.18660582208461],[-0.54128938916246,43.1861852923954],[-0.541737400030093,43.18600670804368],[-0.542092387453004,43.1861571188006],[-0.543263557732264,43.18619337588152],[-0.5436167162806,43.18521114950425],[-0.544783049453441,43.18396629179688],[-0.544706029724916,43.18365368693582],[-0.545664273370138,43.182908173227304],[-0.545468692726596,43.18268860611228],[-0.545991804440462,43.18209065332773],[-0.547766662378121,43.180739311798284],[-0.547259711167392,43.18043815296237],[-0.547192494040566,43.18030530583659],[-0.548336415530479,43.17959957887271],[-0.548074598514241,43.17928315402012],[-0.548787709475197,43.17881489382314],[-0.549186638951218,43.17837948073178],[-0.548456164376803,43.177944325043946],[-0.549432448791216,43.17695417771352],[-0.549545465276754,43.17677127996874],[-0.549348357146249,43.17650675208156],[-0.550184875686455,43.175585126273084],[-0.55104684312375,43.17461763625073],[-0.550915474650553,43.17444188554118],[-0.551998871291713,43.173614758170515],[-0.550731841391124,43.17261564755582],[-0.549805252782517,43.172311216875116],[-0.548435467031392,43.17128035091194],[-0.548165512586687,43.17067067266807],[-0.548908314331438,43.1699466259497],[-0.548646486780682,43.16936909583311],[-0.549077760759082,43.16817990063089],[-0.549052303871286,43.1676855290546],[-0.548531104469454,43.16707061924488],[-0.547487850811132,43.16632702689061],[-0.548036011311395,43.16589931429958],[-0.549339300956405,43.16575016661046],[-0.551291045787447,43.16588487176468],[-0.553361415398677,43.1662281220125],[-0.555118455143753,43.16625662863505],[-0.556521015002643,43.166501189228455],[-0.556666991230365,43.16637482134005],[-0.557936575579778,43.16609792639735],[-0.55835471079174,43.16645598404999],[-0.560484160882847,43.166220002224456],[-0.560986486253906,43.16600802634086],[-0.5616639134959,43.165503940156434],[-0.564194022640023,43.165323074638536],[-0.565201104544931,43.16543743608124],[-0.566523883091625,43.165724122835734],[-0.567977514065622,43.166197345581736],[-0.568456289638433,43.16626163274035],[-0.568994796564792,43.166237502824046],[-0.569752365607156,43.1663942979584],[-0.570582064592973,43.166424444886104],[-0.570780403801653,43.16710577441622],[-0.570979861042883,43.167387292941356],[-0.571468336379905,43.16774747504521],[-0.572118146744725,43.16783219155358],[-0.573547006476881,43.16774431837117],[-0.574826513677913,43.16780724274579],[-0.575405960299293,43.16792758752678],[-0.575811522222694,43.16814013505376],[-0.575879751404329,43.16850703395686],[-0.575726378304414,43.1689902312564],[-0.576094416479105,43.16939130516907],[-0.576155512999036,43.16972242512141],[-0.575979986670756,43.17080152045043],[-0.575592149711907,43.17174989698403],[-0.575600655595087,43.17220521616864],[-0.575850536967035,43.17252557379809],[-0.575280282342673,43.173091027996136],[-0.575040194629427,43.17318722855317],[-0.575246078742504,43.173631501029945],[-0.575573239193391,43.1740276318524],[-0.575825954934672,43.17415521075962],[-0.57547955232485,43.17483929764433],[-0.573710473746511,43.17750370816953],[-0.573603361746951,43.177820597864454],[-0.57285539974369,43.17905462427718],[-0.572733271076571,43.17958630647595],[-0.571499866398318,43.18170529587255],[-0.569137125502303,43.18496375162735],[-0.568381554447891,43.185838738460404],[-0.567372832612482,43.18654021301248],[-0.566682617703165,43.18745804567448],[-0.565790187076433,43.18950536560341],[-0.563664315478218,43.1926640274817],[-0.563541351427946,43.19388183933218],[-0.562712499790668,43.19423066812544],[-0.562679918061218,43.19471976529536],[-0.562175124527243,43.19517493754631],[-0.561963308503897,43.195731182045435],[-0.561486042132471,43.196014364321584],[-0.56102288717394,43.19656630050196],[-0.560306885474723,43.19698971932822],[-0.559279450733503,43.197332469785735],[-0.554035118968011,43.199847362042746],[-0.554765209364839,43.201250449439954],[-0.554793959550467,43.201457496293976],[-0.554649119200411,43.20168377009621],[-0.554724944997515,43.20217559569406],[-0.555003667959035,43.20256439085503],[-0.553982962227191,43.20439794481522],[-0.552951379278389,43.20581585811825]]]]}}]}