{"type":"FeatureCollection","features":[{"type":"Feature","properties":{"fid":31,"ID":"COMMUNE_0000002200276510","NOM":"Coly-Saint-Amand","NOM_M":"COLY-SAINT-AMAND","INSEE_COM":"24364","STATUT":"Commune simple","POPULATION":629,"INSEE_CAN":"25","INSEE_ARR":"4","INSEE_DEP":"24","INSEE_REG":"75","SIREN_EPCI":"200041168"},"geometry":{"type":"MultiPolygon","coordinates":[[[[1.20084176556078,45.03472890525248],[1.203282035838281,45.03555094558315],[1.203968906096766,45.036470749115246],[1.206806739366177,45.037812473694764],[1.207043837076842,45.03921404811624],[1.208000069862754,45.0403335965125],[1.207665194733231,45.04170705109977],[1.207607886331735,45.04254460308349],[1.208522175643709,45.04374632856867],[1.209315391618333,45.0436510122403],[1.209685803238152,45.04410457441069],[1.209722221248893,45.04491211270557],[1.209914934432411,45.0453213888971],[1.210599431933715,45.04652120406782],[1.211468671884842,45.04758618751905],[1.211584968005391,45.04808159340315],[1.211769211070877,45.04839886734606],[1.210387815153015,45.05000049240037],[1.210889178095506,45.05065158875757],[1.211367071328025,45.05084479186334],[1.211514014905766,45.05097774122779],[1.211168511307783,45.05145222205069],[1.21130369363823,45.05171467183037],[1.209394153603884,45.052585508056076],[1.209787094788346,45.05285300406876],[1.210941410066908,45.05398561701458],[1.212426739772921,45.05605386981842],[1.213227557206344,45.05672056821157],[1.214027657789327,45.057290882939085],[1.214416388550852,45.057413294921794],[1.215001294812879,45.05744068196718],[1.216209040782357,45.05797968641296],[1.217101809245952,45.05851453705154],[1.217405454751389,45.05915433272492],[1.217471466638877,45.059555263713435],[1.217807367532691,45.05994069939071],[1.21786070238765,45.06030089951043],[1.218133151785397,45.060763672849035],[1.218116286828426,45.06177209613975],[1.217615018333907,45.06446323305917],[1.217773087950474,45.06508628897755],[1.218303219262007,45.06508035882448],[1.2188047941902,45.065173037723675],[1.220695674234268,45.06589673108174],[1.22464875478098,45.06651547898891],[1.224532936986721,45.06764210828114],[1.223249357466476,45.06712090093178],[1.22264392888365,45.06697615092588],[1.22232069149486,45.06758971896975],[1.22231157882998,45.068596465970984],[1.222007622234656,45.0688428884096],[1.222735410892415,45.07113757157028],[1.223054776650216,45.07176679514563],[1.226345077426956,45.071976830782226],[1.227707665962184,45.071813886717926],[1.228536547292723,45.07204862072717],[1.228959491730087,45.07205804632898],[1.231426524149106,45.07157487551643],[1.231404790537746,45.07133766804832],[1.232017791435971,45.071043888904974],[1.233531528062059,45.07080221713332],[1.234207238646794,45.07133978931799],[1.23484754747201,45.07106624120346],[1.235108347703189,45.07130003002807],[1.236411239351594,45.07065060235872],[1.237784428505533,45.071157762218554],[1.239093387906794,45.07144504006646],[1.240437192676891,45.07300902508703],[1.239672156523507,45.07389395448333],[1.239275506600882,45.07389669331682],[1.238853796645918,45.07429170342891],[1.238908357550339,45.07461768839084],[1.23846032902111,45.075000573216286],[1.237042177612603,45.07450532001231],[1.237067761267715,45.07502448025396],[1.236775414009906,45.07506488523032],[1.234851253390605,45.07574230521363],[1.234440736926914,45.07570067709978],[1.234053119329712,45.07606108607127],[1.234595920125463,45.07718735458826],[1.235078506239155,45.07869182710119],[1.235623660761808,45.07954343924466],[1.23584269723984,45.08021606679368],[1.23627538943035,45.08056334994949],[1.236185843213942,45.08098432279702],[1.235942144154506,45.08133530904612],[1.235541898351036,45.081571238840304],[1.235015864664349,45.08208706888347],[1.234770583125397,45.08252808974503],[1.234033379417434,45.08320898623221],[1.233478920808198,45.083939607460444],[1.232733203951383,45.084285330386464],[1.232124052571455,45.08477461245199],[1.231839169429565,45.08489888158288],[1.230586931125955,45.08518071444826],[1.231240640064186,45.085092023345446],[1.232652493466192,45.0854314410139],[1.233163434229327,45.08547556750763],[1.233956798778138,45.08527199386185],[1.234826286107167,45.08491201192073],[1.236352923686523,45.0841517427203],[1.236812617150955,45.08412749511924],[1.239336400743133,45.08480413452364],[1.239948147683125,45.08483631321102],[1.240668853054466,45.085284493234944],[1.240839501422871,45.08547721761116],[1.241477196506524,45.087191252389786],[1.241953568779748,45.08898289412472],[1.242255876705716,45.08976039360179],[1.241734786192673,45.090037670469904],[1.241229034224599,45.09019090154654],[1.240028252482628,45.09085551684923],[1.239014704501618,45.09102413450676],[1.238316849260862,45.09138236062859],[1.237828107466604,45.09192311247528],[1.237357843851127,45.092724434129416],[1.23940430936385,45.09250100271209],[1.242116753776534,45.09139552552692],[1.244660824973782,45.09119515645821],[1.252134669931102,45.0980168125859],[1.252272070271689,45.09821800368989],[1.25484678498169,45.09993709521018],[1.256510300304485,45.1016833064915],[1.259319280086558,45.10356626524141],[1.261385542263902,45.10443338188256],[1.262160433742034,45.10376549787185],[1.262313676410745,45.1037858989778],[1.262297522412397,45.10332363051257],[1.262720479060585,45.10276733695111],[1.262994635080539,45.10204751311921],[1.263094453609884,45.10141323305169],[1.262979971732559,45.10112775501834],[1.262994109152312,45.10063173561353],[1.262754202905166,45.10037222201907],[1.262758133927194,45.100204768624984],[1.263077918083433,45.100021522995974],[1.263293718893816,45.09970606716558],[1.263803769854297,45.099578920043214],[1.263997315226452,45.09928383050527],[1.264192043807755,45.0991553730326],[1.265505173776443,45.099415376826386],[1.266809843260218,45.09863592353872],[1.26716990426136,45.09924493341626],[1.267437071778436,45.09911759643899],[1.268087820863203,45.09941500507666],[1.268711819216269,45.099960564061384],[1.269812431413964,45.10141863587391],[1.270296507375976,45.10118568389985],[1.271805690049961,45.1009884403489],[1.274241304372261,45.10015077655884],[1.275630487033371,45.098895205028406],[1.276581248500761,45.09841277035807],[1.276894165798121,45.098120405772995],[1.277475488764118,45.09794836734394],[1.278661040626135,45.096859829369635],[1.279372701018694,45.09559194883174],[1.279984884823909,45.09491152913093],[1.280128127154312,45.09463635130312],[1.2814139991899,45.09383753005733],[1.28184373283866,45.09346589889267],[1.282135409758068,45.09299397200378],[1.283226852231708,45.093142277486],[1.284664532333533,45.09356788526886],[1.285315439244312,45.093612123721655],[1.285016816545296,45.092611455539824],[1.285151929606722,45.09218574509568],[1.284735560479378,45.0919568877788],[1.284862800695284,45.0915391620676],[1.283669968370165,45.0912154934061],[1.282849304156078,45.09082099448064],[1.281833884960772,45.089689490601494],[1.280574141601216,45.08893876827783],[1.280208220096213,45.088889893139005],[1.278935087387878,45.089153932412195],[1.278175090172778,45.08910346753638],[1.278843135161897,45.08805196728859],[1.279519798019689,45.086306227084386],[1.280612325276661,45.086332093981035],[1.280591834785557,45.085716662079165],[1.280917156788804,45.085762208154094],[1.28098814381421,45.08531389947191],[1.28147340695282,45.085284458580404],[1.281682438944175,45.08514268382666],[1.282570696318722,45.085196002776705],[1.286020201817942,45.08588403669077],[1.286883641792854,45.085461418798275],[1.286824431886392,45.0852362574599],[1.286335775811793,45.08471269667449],[1.28766520343868,45.08401714909849],[1.289897062827273,45.08390732288391],[1.289938062958494,45.083730532666486],[1.289862663660486,45.083577173244976],[1.288910507401204,45.083535539526544],[1.288134324052335,45.08264552808592],[1.2875586945178,45.08288705265256],[1.287463397143364,45.082470408728696],[1.287681545760556,45.0823206578656],[1.287455880608906,45.08201008346118],[1.286687651900695,45.08131831720668],[1.285228314844968,45.08098696265179],[1.284801011701114,45.080951567099376],[1.284464167137351,45.0807851733624],[1.284047721809654,45.08085171060301],[1.283566006550616,45.08080826755106],[1.282988336607265,45.08070210269361],[1.282760656892422,45.08058241603955],[1.282085589469628,45.07983981753141],[1.281515843286219,45.078731391482485],[1.281667642663369,45.07801054521533],[1.281336697018905,45.07810811046743],[1.279715342752141,45.07784082810865],[1.28022604522771,45.07764337293521],[1.280471380186744,45.07735356128582],[1.280367595415267,45.076264026793],[1.280185325263679,45.07557765333953],[1.280351445107559,45.0747633673024],[1.279802444372179,45.07442977410655],[1.279483206357326,45.07406460258506],[1.279206863160943,45.07300752644765],[1.279474635750412,45.07198767273671],[1.279183955778151,45.07110779486362],[1.278355433962028,45.06965762865489],[1.277809607488337,45.069140350639536],[1.277466669574265,45.06896843701581],[1.276080471246216,45.06866780867773],[1.27447498594707,45.06859612320656],[1.274155774570181,45.06814988177254],[1.274051196004909,45.06783214893284],[1.274046165692262,45.0673772649133],[1.274259530233512,45.06664027209049],[1.274438149605526,45.06641158313826],[1.273948425295957,45.06617884536271],[1.274030264478185,45.06575052434972],[1.274329324512363,45.06524271261473],[1.27469709706165,45.06497912783003],[1.27473867986279,45.064825768300395],[1.275042004493399,45.06487999862015],[1.275411899042375,45.06516581358485],[1.275658932167007,45.065149824166774],[1.276191653751399,45.06493561901916],[1.276527930541344,45.06536410619004],[1.276808168849803,45.06546660714865],[1.277706861863003,45.065418362574434],[1.279553400555453,45.06488041419333],[1.280719055759048,45.06416711939394],[1.281890332184313,45.06289732695005],[1.282479802255534,45.0629028142778],[1.282869857299815,45.06278094168507],[1.283763337688892,45.062113854782176],[1.285009218759927,45.0608523861492],[1.286382805723061,45.05973426387476],[1.286483169941454,45.05915401944702],[1.287314541553762,45.05856160128696],[1.287657046778769,45.05816519902718],[1.287696018371274,45.0579712683987],[1.288790328214723,45.056923575501784],[1.289492690446685,45.05643453047657],[1.288473084693763,45.05582987612101],[1.287643383958638,45.053919560479926],[1.287587946370315,45.05311537348958],[1.28819287563503,45.052321337823635],[1.288226028392511,45.050572884494834],[1.287905241725723,45.044322307225166],[1.287806228774855,45.043946136557],[1.287259223854307,45.04359729935785],[1.287074608920592,45.04302978545263],[1.287109464622708,45.04247195145259],[1.287572723362494,45.04219448752183],[1.290124217799386,45.04291904736519],[1.290436649186095,45.042671677161735],[1.289467975570057,45.04086551651677],[1.290117777524566,45.040676464398736],[1.289703866822184,45.04017117797933],[1.289435808128014,45.04021389157338],[1.289144139464916,45.03986538319807],[1.289601810347957,45.03976974597325],[1.289699610574022,45.039603737342574],[1.289367084706842,45.03888805965987],[1.288927533408454,45.039056021873364],[1.288997540173809,45.03859419145497],[1.289506952772701,45.03850925638853],[1.290273379894245,45.03820221617994],[1.29008724546492,45.03797510988539],[1.288142583955292,45.03714370075666],[1.287084187525287,45.0357432090517],[1.286458106166344,45.035241850849296],[1.284939222091528,45.03469612043039],[1.284089710431775,45.03448219921644],[1.283306606022069,45.034380969204925],[1.282020300364592,45.034411563084255],[1.281945599540472,45.034155541738166],[1.280766382448594,45.03413193642136],[1.280613567971081,45.03418631432839],[1.279745607067032,45.03411887199769],[1.278870791803044,45.03419181004216],[1.275628680906045,45.03421639665424],[1.274176899612005,45.03454693810869],[1.27141011090679,45.03575405043563],[1.270470278208448,45.03599792821415],[1.269888878595423,45.03631581365359],[1.267671901742789,45.03768718174796],[1.26726037437145,45.03838414790544],[1.26673058900719,45.03810031879888],[1.265574683369514,45.036337856080905],[1.264427580343323,45.035031222241514],[1.264024135908832,45.034893445180586],[1.263046306394056,45.0348466745563],[1.262672229894249,45.035154247649956],[1.260633203633447,45.03475947150499],[1.260440713331487,45.034005362609605],[1.26002549683307,45.033879094732136],[1.259921383827966,45.03371445880252],[1.259946156409228,45.03295834069611],[1.259812844344931,45.032670766556556],[1.259822873371175,45.03206211683372],[1.259206068818542,45.03176158056543],[1.258621088028586,45.030356500828304],[1.257612932128588,45.03030740570871],[1.253263878026721,45.02848938874135],[1.254155261745752,45.02719119388193],[1.253351835394758,45.027094835908954],[1.252711186858492,45.02691006619849],[1.253267284253596,45.0261821005949],[1.253023251401206,45.02545598912845],[1.252711794715734,45.02526287550808],[1.252170189213195,45.025201238075965],[1.252034111157694,45.0258583419091],[1.251789921637042,45.026357943979875],[1.250152818968062,45.02766241392265],[1.249792297900671,45.02810434637787],[1.248963543847118,45.029548490626325],[1.248245469488954,45.032162454816884],[1.248144317888652,45.03300022649959],[1.248309384177714,45.033691785940924],[1.248804936093822,45.03510632541131],[1.250189717238527,45.0379406846605],[1.249744739312378,45.03831915024727],[1.248351845394921,45.03887003283748],[1.247820153985665,45.038731079865464],[1.246787314806277,45.038857118637715],[1.245242817022288,45.038772449616495],[1.244030276962621,45.03895777282385],[1.242677942098495,45.03890221595991],[1.242234934447834,45.038851994553276],[1.242256108224828,45.03862267393889],[1.241966921086853,45.03816420254835],[1.241857953807378,45.037427586670304],[1.241188967848603,45.036727156714896],[1.241099728324281,45.036414137053015],[1.241199866538443,45.03553132289468],[1.24071235740789,45.034958040138015],[1.24048611527133,45.03447804423165],[1.240909056086112,45.034195632261294],[1.240555035277496,45.03353799946966],[1.240369252004101,45.03338736407405],[1.239824710417172,45.03353816423932],[1.239648831929917,45.03311299917913],[1.239411349690116,45.033152473347236],[1.239297935553731,45.03296245313341],[1.239545916925118,45.03287181065428],[1.239398589232121,45.03246781058598],[1.238484247090985,45.032584837045654],[1.238174293851451,45.03198102934699],[1.237870524977378,45.031584458181435],[1.237540957511085,45.031321668166775],[1.235598286753043,45.03037768343561],[1.231823496201825,45.02893626583587],[1.231526799744204,45.02904142746683],[1.230731328978556,45.029095433915884],[1.230040709555646,45.02924746673237],[1.229858908128213,45.0297354077952],[1.228459077021061,45.03070651402247],[1.228982899524883,45.03289702320401],[1.227307676616473,45.03209313790471],[1.226892107881571,45.03202077611261],[1.22570917682008,45.03295747841528],[1.225577007444756,45.03328049239219],[1.225312670400405,45.03328528549096],[1.225338785786648,45.033463121972375],[1.225137294164581,45.033488729766404],[1.224831558971492,45.03367748696227],[1.224886615833883,45.033783736169354],[1.224449539122528,45.0343891823187],[1.224030940680371,45.03321081174366],[1.223816864795712,45.03295252407129],[1.222782419765583,45.03237043348969],[1.221790305129559,45.03193580868962],[1.221487726715934,45.03166529552105],[1.221371267339638,45.0312932840802],[1.221384381753077,45.03032083405214],[1.221134857601147,45.02938021261702],[1.220870359751584,45.028831116914866],[1.220413079819528,45.02843384417996],[1.220112252258063,45.028029164166696],[1.219930350936858,45.027199495660504],[1.219651083483577,45.02679605971556],[1.217384822104215,45.02418314848788],[1.214610445573498,45.02241852164861],[1.213652375226325,45.0235910571956],[1.213191042283845,45.02475624911508],[1.212638648336152,45.025471473222616],[1.212016635678616,45.02598023733328],[1.21123867882494,45.02640093452677],[1.210280917193789,45.0274005318768],[1.209747558097485,45.02771707762094],[1.208898066706748,45.028546388037945],[1.20871647274859,45.028228251731385],[1.208477564895295,45.02862968355506],[1.208588651902682,45.02896830052961],[1.208526318463771,45.02916993557903],[1.207564997369148,45.03011902019528],[1.205794330061071,45.03143331568391],[1.205224437417475,45.03201583446425],[1.203756599858389,45.032438868521176],[1.201639123272807,45.033631326338416],[1.201186780947021,45.03403199861779],[1.20084176556078,45.03472890525248]]]]}},{"type":"Feature","properties":{"fid":229,"ID":"COMMUNE_0000000009755150","NOM":"Peyzac-le-Moustier","NOM_M":"PEYZAC-LE-MOUSTIER","INSEE_COM":"24326","STATUT":"Commune simple","POPULATION":198,"INSEE_CAN":"25","INSEE_ARR":"4","INSEE_DEP":"24","INSEE_REG":"75","SIREN_EPCI":"200041168"},"geometry":{"type":"MultiPolygon","coordinates":[[[[1.055461741127061,45.00391692216643],[1.055266271829528,45.004062113347544],[1.055343533644966,45.00435977699426],[1.054909203799262,45.005095221576596],[1.054880463000544,45.00533789448625],[1.056292913103706,45.00550037311764],[1.056447692688954,45.002174280080084],[1.056682583927543,45.00151460500533],[1.056770219930812,45.00023271271758],[1.056994606557212,44.9995827612171],[1.057518742927239,44.99929379822546],[1.05808656209158,44.9986966734505],[1.058386477531486,44.99711226648452],[1.058726440356317,44.99664265727019],[1.058897260786352,44.996108852574814],[1.059023395636645,44.995252737778365],[1.058987996204935,44.99436948775831],[1.059613721481422,44.994040858915575],[1.061117992749799,44.9946597074153],[1.061877606775564,44.99479002585895],[1.062321971345113,44.994786957806554],[1.064710667788802,44.99398282787139],[1.06537885946221,44.99407730770482],[1.065681092171509,44.99399970337614],[1.066136106786271,44.99328349603968],[1.067146418141659,44.99221757923474],[1.067300096391879,44.99217791876093],[1.066798474241784,44.99067774001309],[1.067408697018495,44.99017047272505],[1.068196663029489,44.98977166391582],[1.069652631324056,44.989544756487824],[1.070734692747022,44.9895977505276],[1.071487201745955,44.98982244804618],[1.072133926645586,44.99039205395064],[1.073051132667829,44.991917417523695],[1.073806699028536,44.99342016094822],[1.074941996487636,44.99750350267596],[1.075093786991957,44.99940288035564],[1.075359390065876,45.00072421355452],[1.075855413420314,45.001916235860364],[1.077576453464312,45.0016676836526],[1.077671545510754,45.002225923172816],[1.077883243175715,45.00234576289616],[1.078390464915363,45.00295435061858],[1.078499707136654,45.003914520213364],[1.078939672411371,45.00411575436431],[1.078989233806943,45.00433636662981],[1.081467858751649,45.003691036599726],[1.081820635978482,45.003472858456306],[1.082047157418795,45.00327141670845],[1.082945158439525,45.00129197166731],[1.083617640877114,45.0004110208905],[1.084384189325262,44.99982259264445],[1.087116329172848,44.998288072862195],[1.088927251903082,44.99685115092053],[1.08828816347152,44.99311243471653],[1.088204178770331,44.99204013460454],[1.087784799093841,44.9920185172032],[1.087337357160259,44.99226120301388],[1.087445505206915,44.9913984509258],[1.088288119708116,44.99017545858467],[1.090140853527079,44.98873203857505],[1.090999957428257,44.98847479184831],[1.093061737813206,44.98838046043798],[1.093446943926735,44.98851044945509],[1.094661916126182,44.988573594134586],[1.098000206848653,44.987963348285334],[1.09820686154232,44.98759582052434],[1.099984740522624,44.98685255605185],[1.101195300297639,44.986221167543334],[1.101724268264715,44.985778978678134],[1.102691647763444,44.98516954320596],[1.103096105772656,44.983381484096505],[1.103085352892893,44.98279949364362],[1.102813261534858,44.9815781023229],[1.102879448467852,44.9810100331272],[1.103391432524833,44.980205495377284],[1.105193135398159,44.979011345694545],[1.105818847490146,44.97900759267768],[1.105997622895357,44.97893678538581],[1.105975283134922,44.978208697390535],[1.105359490354239,44.97716879205235],[1.103764342295655,44.97646073424173],[1.103165881142992,44.97611009235927],[1.102496270893436,44.975537579427915],[1.102236427077601,44.97515488226363],[1.101347874870347,44.972356776582814],[1.101069882439471,44.971873797143125],[1.100387892058796,44.97159376367999],[1.100188227431759,44.97119587816252],[1.099607611079843,44.970807694777285],[1.097935815157812,44.97079532692513],[1.096754640475907,44.970458098416444],[1.096751925879186,44.97016444703157],[1.095242697839974,44.96839319045173],[1.094318125292091,44.96607084157256],[1.093390576086409,44.96532993706044],[1.093094299709586,44.964790784468896],[1.092995363265275,44.96400734268355],[1.092462068345168,44.963164214416786],[1.091303028572461,44.96236888543412],[1.090050603224794,44.961895265564536],[1.08959538743525,44.96185232133088],[1.088312038969959,44.96139346092331],[1.087926649001675,44.96108872660934],[1.087822702773049,44.960491623664446],[1.084545699524426,44.961394392855716],[1.083852663317911,44.96166615108017],[1.083424590215252,44.962313531868325],[1.083152695649476,44.96254841296129],[1.081003844128151,44.96291573385767],[1.080236034994375,44.96322130452578],[1.079909935263154,44.96366779129419],[1.079870977117217,44.96436060497249],[1.077200599643426,44.9653573964201],[1.075110085858534,44.966311927353715],[1.074856164807515,44.96635436487135],[1.074797601334,44.96765296565973],[1.074865421124655,44.967746905001924],[1.074556849062898,44.96827203644757],[1.076182010513157,44.96893871115233],[1.075302980202799,44.969598076714],[1.075566022296071,44.97028801146611],[1.076602103346867,44.97041311022097],[1.076828584157747,44.970505288992406],[1.074785318102815,44.972073067520945],[1.07351626931027,44.9716007749927],[1.072591405045864,44.972815919944466],[1.071578009068375,44.97291543612028],[1.07147040243036,44.973055870829555],[1.069125193932937,44.97317909662251],[1.068485254095364,44.97348681047048],[1.068175277102375,44.97386599899647],[1.067002823420581,44.97416175214037],[1.06370829670659,44.97730081410769],[1.06143473922155,44.979711854971036],[1.058265895266882,44.98246478516016],[1.057376865253703,44.982777997590894],[1.056946321278045,44.98300734701292],[1.054183361167522,44.983745313083375],[1.054147581239478,44.984738998249696],[1.053090408513027,44.98671182664347],[1.052973589655604,44.98737085564795],[1.053056915259069,44.98822342373802],[1.053380324357772,44.98888745493131],[1.053951820620178,44.98957113603589],[1.05589285763635,44.99098486054773],[1.055947780446994,44.991523505540925],[1.056225596762194,44.99174721650208],[1.055916291403576,44.992065143883906],[1.05620475757891,44.99275017151737],[1.056405764359574,44.99372457920734],[1.056556351028458,44.99381096975387],[1.057312264929135,44.993827773735156],[1.056760353011703,44.9941504738652],[1.056399811126025,44.99462782309542],[1.056387302439439,44.99513466835464],[1.056197240323766,44.99578341600104],[1.056329462258566,44.996033403624914],[1.056201965795989,44.99637882588189],[1.056244016335926,44.99684969802394],[1.056417059133346,44.99698421525754],[1.056511455390634,44.99777573129395],[1.056486844413076,44.99877772148194],[1.056582709599677,44.999051391306864],[1.056373578244875,44.999883539166625],[1.056386504015663,45.000389028166616],[1.056030472805754,45.001320383067316],[1.056156452324496,45.00167743911324],[1.055726226782396,45.00189328350046],[1.055435354915464,45.002885218503145],[1.055461741127061,45.00391692216643]]]]}},{"type":"Feature","properties":{"fid":473,"ID":"COMMUNE_0000000009755574","NOM":"Campagne","NOM_M":"CAMPAGNE","INSEE_COM":"24076","STATUT":"Commune simple","POPULATION":418,"INSEE_CAN":"25","INSEE_ARR":"4","INSEE_DEP":"24","INSEE_REG":"75","SIREN_EPCI":"200041168"},"geometry":{"type":"MultiPolygon","coordinates":[[[[0.977127664268594,44.87526977571907],[0.975114910099278,44.876851531487],[0.974900229386207,44.877254704406624],[0.973179755356889,44.87898225857536],[0.973019301674827,44.879181072671784],[0.972963134063415,44.88010500370368],[0.972867559896959,44.88036624559048],[0.972650490029845,44.88058924362366],[0.971703575408837,44.88057195059658],[0.968469088366193,44.88159899269879],[0.968032779879847,44.88119382660256],[0.96687342672749,44.88165534860625],[0.966028948253482,44.881782184441214],[0.965861312699483,44.881653924436044],[0.964243096723604,44.882611372518355],[0.963768084382017,44.88327364181425],[0.963404729280611,44.88319762872296],[0.963076535043928,44.88410756304599],[0.962929816695853,44.883926544261506],[0.960390770619344,44.88543354840717],[0.959665177579566,44.88619117091807],[0.95928529044632,44.8864300665386],[0.9564045522057,44.88753802326735],[0.956516943615062,44.88772202201924],[0.955639873678607,44.887975172649845],[0.953764665288793,44.88836123811468],[0.952406990763253,44.88848662161392],[0.952192305626362,44.888328652262345],[0.951056415808255,44.888694979253295],[0.950423157188673,44.88907057252273],[0.949173996307878,44.88958880125943],[0.948068010278138,44.889725084653726],[0.947020946094586,44.889982232804485],[0.946071483865764,44.890445624005444],[0.944950146510797,44.89141559539534],[0.944009134467023,44.8928230088356],[0.943344898483494,44.893211500280486],[0.942998169737949,44.89323389981055],[0.942129029733907,44.8937158594391],[0.942015994858413,44.893688546698776],[0.941467480898213,44.89423768656771],[0.941408250939419,44.89547228430443],[0.941775598258574,44.895579064903465],[0.941318528600715,44.89670901930918],[0.94049676727963,44.897486359875394],[0.939993417555511,44.89770128822434],[0.938544913021658,44.89887768795903],[0.938915441875308,44.89920879987637],[0.940664987549005,44.89811633400092],[0.941703088481144,44.897624905759244],[0.942853598854601,44.897212105760715],[0.945453893863763,44.89651719816917],[0.947946862127994,44.89612196627363],[0.950674696812005,44.89581747540491],[0.952921213928875,44.89585440060269],[0.954145756456608,44.896048987480235],[0.954674446925512,44.8962145369908],[0.955191980651333,44.89644292397291],[0.955622041540115,44.896776875687976],[0.957793022219614,44.89962143492857],[0.958227859805169,44.90059132236234],[0.95854037560854,44.90192822640249],[0.958537790090649,44.90241723167673],[0.958862331009335,44.90356341843156],[0.959648020260221,44.905132374622355],[0.960368512446611,44.90717116838108],[0.96047506828845,44.90870242967809],[0.960745300979727,44.91015924004165],[0.961079109824349,44.91098315829631],[0.96085847686146,44.911404216378465],[0.960868600648501,44.911683604195375],[0.96128653716176,44.91301793434905],[0.961602619191359,44.91352809911459],[0.962342675632993,44.91423067324431],[0.96262490887871,44.91441688015073],[0.963091302763607,44.91431375094518],[0.963401851544641,44.91483731869302],[0.965143075520644,44.9158959652579],[0.966102570968042,44.91628190022476],[0.969667754402069,44.91713607623213],[0.972094715007914,44.91781535674942],[0.973411073126278,44.918079847706046],[0.973996315669945,44.918336397972936],[0.97430679801624,44.918689709625646],[0.974946599703518,44.92038468632948],[0.975285677057952,44.92159683574687],[0.976388702821859,44.92310390211519],[0.977234585644964,44.92397402018993],[0.978994711608648,44.92508592514149],[0.980929764296289,44.92602445238248],[0.982149387357823,44.92630599224346],[0.983050976347597,44.92630074414865],[0.983429040146852,44.926222944350265],[0.984495435001972,44.92604144602375],[0.986670965943004,44.92589985220659],[0.988407739429101,44.925937609191415],[0.988580030712291,44.92516346920785],[0.988982228810192,44.92458893051347],[0.990811111470404,44.92361148784259],[0.991360139606043,44.92339625195897],[0.991398239335479,44.923146561089105],[0.992283414386897,44.922181754923244],[0.992351612658163,44.92201186451445],[0.992231209577959,44.921727787083455],[0.992744657313263,44.92101834857648],[0.993081112886657,44.9208974350186],[0.993959927528257,44.92025042987245],[0.994340543184385,44.919709709099074],[0.995034041193008,44.91942321112329],[0.99573915672987,44.91930804080142],[0.996418617601817,44.91895283234713],[0.996978100061309,44.91830094689321],[0.997106646373926,44.917576445413694],[0.995765746166589,44.91671917123955],[0.995361827870096,44.91656507960588],[0.994375352819982,44.91575831366289],[0.994147727396115,44.91574339676143],[0.993513885630797,44.915355483090345],[0.9925121741034,44.91426742421479],[0.992581320947553,44.9135040276873],[0.992920275781923,44.91256807927129],[0.991911121113831,44.91214995843042],[0.992396048961734,44.91159762202922],[0.992851362317594,44.91130593497551],[0.993384966127583,44.91109311547092],[0.993726037945017,44.910770541034324],[0.994048836129303,44.909895542443536],[0.993482833418407,44.908356932682956],[0.991982421302769,44.906794228851965],[0.992429679093647,44.906620382981615],[0.993637382697492,44.90640983648193],[0.994234322678644,44.90509757564348],[0.994233008999536,44.90446079944674],[0.99365535586712,44.903603766149104],[0.992058616193417,44.901903326873],[0.990639426074603,44.89970622076075],[0.9889927964699,44.898731649524656],[0.988131559610805,44.89801265345576],[0.988083099020295,44.89734980540836],[0.990872352912458,44.896138499649076],[0.991657488152003,44.8959392480039],[0.993801226128418,44.895625841311805],[0.995955543188312,44.894731673875185],[0.997307680813607,44.89433636682448],[0.999389436178168,44.893235481744775],[1.000418461037831,44.892305644623605],[1.001687534149142,44.8921411542616],[1.002134677160498,44.891966370056835],[1.00177107818274,44.890826830999316],[1.002620420276423,44.890707014599926],[1.001802152509065,44.888317324357104],[1.001875358454493,44.88782689585307],[1.002004129809574,44.8875905449743],[1.002344865737974,44.88730757168708],[1.002386241860206,44.88707054893694],[1.002120217480242,44.88571751632754],[1.002295502145758,44.88424543432187],[1.002228911179277,44.88394522654086],[1.002380342505558,44.88339226100844],[1.002217450332934,44.88270124799489],[1.002207225734064,44.8804972194945],[1.001759984716184,44.8787203330297],[1.001393258583141,44.878347175979144],[1.001182127240169,44.87837129496853],[0.999761688674185,44.87770896929001],[0.999788538702498,44.87734649879647],[0.99581696559762,44.877361341478434],[0.99546500615242,44.87675336578492],[0.994964227747516,44.876304815312615],[0.994339515609862,44.87510649944938],[0.994117809924699,44.87383170314739],[0.993810365744432,44.87396394475353],[0.992159925097794,44.87421330545438],[0.989381017452781,44.87400000103472],[0.988046673846992,44.8734867848528],[0.986370582285772,44.87356807700453],[0.98391811363039,44.87343620833594],[0.982299794363228,44.87356622183398],[0.980956775782672,44.87389485529218],[0.979321434919341,44.874110076614784],[0.978619519909088,44.8743269615755],[0.977127664268594,44.87526977571907]]]]}},{"type":"Feature","properties":{"fid":479,"ID":"COMMUNE_0000000009754951","NOM":"Rouffignac-Saint-Cernin-de-Reilhac","NOM_M":"ROUFFIGNAC-SAINT-CERNIN-DE-REILHAC","INSEE_COM":"24356","STATUT":"Commune simple","POPULATION":1662,"INSEE_CAN":"25","INSEE_ARR":"4","INSEE_DEP":"24","INSEE_REG":"75","SIREN_EPCI":"200041168"},"geometry":{"type":"MultiPolygon","coordinates":[[[[0.993590049258439,45.09651240756163],[0.993715822552089,45.09609044737214],[0.993529837752822,45.09570971107953],[0.993484792760358,45.095051397822964],[0.99330716810779,45.09440240664561],[0.993030094444234,45.09383178570071],[0.993304588283878,45.093553011522616],[0.993354263473559,45.093196332866945],[0.992743540535708,45.09271067305103],[0.992623542923582,45.092511261210284],[0.99423547501851,45.092309706298096],[0.99609049523835,45.09274027796388],[0.997311083570423,45.09274330294194],[0.998013516667315,45.09244428529425],[0.999915672252882,45.09088242238353],[1.002448660470089,45.09002446452041],[1.002710994430021,45.08979949172736],[1.004332890052673,45.08764078636153],[1.004529921761733,45.08685801818745],[1.00475551769599,45.08669993455669],[1.005149812162869,45.086053998345754],[1.007040107684906,45.08488450880723],[1.008344343109832,45.083926083575314],[1.010391963341875,45.08315475077974],[1.011439096899843,45.082595205331884],[1.013083174192174,45.08129963285841],[1.013520608830278,45.080866999805494],[1.016528026913084,45.07854908800394],[1.017318551286188,45.07894864722341],[1.017321689724502,45.07878838247104],[1.017706723861499,45.078398034289826],[1.018478168717218,45.076070896907744],[1.019236384751636,45.07587452100651],[1.020672971380929,45.07504350791972],[1.022013405778254,45.07473766526162],[1.021776147698449,45.07422186947293],[1.021832615353971,45.07381126353105],[1.022295833966325,45.07343670008876],[1.02339712098187,45.07306264854934],[1.023259198532337,45.07246935918063],[1.023349152148987,45.0721539177936],[1.021585022769431,45.070532914625936],[1.021267099636272,45.06996254564638],[1.020850095153758,45.06982183860965],[1.020576562074172,45.06878750820549],[1.020507253439693,45.068662884362176],[1.020224256828458,45.06861462326993],[1.020359053563112,45.06746325508158],[1.020252899344779,45.066871427230446],[1.020527825944415,45.06657278558689],[1.020513204209184,45.06641130517944],[1.020706384737422,45.066195873934525],[1.020701616201221,45.065935494549],[1.020363078911823,45.065158502553786],[1.02112499299442,45.064170491166244],[1.021420417259065,45.06347141257462],[1.021754193103837,45.063125177510216],[1.022246222267632,45.06182523744861],[1.021507987372411,45.06056379611689],[1.021284806517731,45.05957990066065],[1.02125640738926,45.0586940358077],[1.021726097033375,45.057306338060926],[1.02159377413669,45.05723913947931],[1.021369726210965,45.056855076420355],[1.020753007810168,45.056902662819454],[1.019939400837879,45.05680443978184],[1.019896288157298,45.056514557775515],[1.019579984984397,45.05647560937083],[1.017739532374758,45.05652393060216],[1.016328624398284,45.056786126362766],[1.015763372248067,45.05663645376628],[1.015386674923358,45.056329818338654],[1.015135574449614,45.05635146342498],[1.014828179792018,45.05624060637227],[1.013968252902881,45.05623068045178],[1.009940945528263,45.05449074851762],[1.008598534163323,45.05404253712951],[1.007410280835437,45.05376189075407],[1.007459546793576,45.05330613021129],[1.006666971915679,45.05265517111055],[1.004861241905672,45.0519464313632],[1.002080209182322,45.05147325951257],[1.002309438397818,45.05081807711912],[1.002592376680292,45.04933433614839],[1.002611960919437,45.04821604944087],[1.001575391926581,45.04774801656608],[1.000787945790357,45.04717096132595],[1.001018379730254,45.04623299219375],[1.000717146642683,45.045880824822795],[1.000740388325541,45.04572812741599],[1.000337842299646,45.04543808794494],[1.000830090263908,45.043572623070126],[1.000594297464765,45.0432738692588],[1.000414404399791,45.04098382852395],[1.000951501664371,45.03811041802536],[1.000308947362709,45.03774851833969],[0.998947657594444,45.03677565336564],[0.997855184171638,45.0358175127658],[0.997356794159787,45.03551042677167],[0.997976224357176,45.03488389022278],[0.996655685928692,45.026812632340736],[0.997440933460494,45.02541811168787],[0.997787681440778,45.0249911263827],[1.000518411458033,45.0232433728081],[0.99963084929916,45.023167982571806],[0.998165140511458,45.021787026842546],[0.99720962913203,45.02112676094643],[0.995557804808128,45.01891740735899],[0.99469290833835,45.01799845723515],[0.993568881735115,45.01722434034778],[0.990439907376636,45.01375885547621],[0.989477646349169,45.01237335956935],[0.988378779897129,45.00966680588283],[0.986227837959948,45.005044399455436],[0.985749954899716,45.003823450375066],[0.985649527739202,45.00269759824972],[0.985587679312702,45.00265234588476],[0.984883859819607,45.00291340574134],[0.984503153188388,45.002909212832],[0.983699855850879,45.002089462225534],[0.983022563805138,45.001226055568914],[0.980641786548616,45.00275364294374],[0.980524945935002,45.00286050359019],[0.98075529569324,45.00323215710851],[0.980079271442827,45.00363689809204],[0.978342070045917,45.00340360045603],[0.977037794754972,45.002818779022434],[0.97683710695896,45.002470173451464],[0.975564618802157,45.00177963298483],[0.975200905950508,45.001305566971865],[0.974805218507002,45.00108400634046],[0.974384804485798,45.00116011629794],[0.973507824763003,45.000697415206666],[0.973140703200118,45.000598860053195],[0.972984001897471,45.0007545237455],[0.971926566002452,45.001279261447216],[0.970874821808354,45.00196171100688],[0.969952925814065,45.00221329654243],[0.968810558120669,45.002767979957135],[0.968452904858256,45.00286322698567],[0.967672225045104,45.003385772994655],[0.966753605991184,45.00386075984899],[0.965048510411557,45.00372331196408],[0.964465241526736,45.00349378011801],[0.964011203008675,45.00320176111799],[0.96364933008142,45.00320324552653],[0.962701786116345,45.00384429509239],[0.961392648036363,45.003536606513336],[0.960691641671257,45.003158988083335],[0.95817074833018,45.003321717174636],[0.957721312914252,45.0032873498807],[0.955394172901074,45.00394984544741],[0.95498539855801,45.00391441290234],[0.954083410499646,45.00406986234078],[0.951594442288083,45.0056488977899],[0.948957942758587,45.005289600546384],[0.948932070812987,45.00558004326139],[0.948629938586788,45.00599509164946],[0.94757637654454,45.00702856067733],[0.943234288268146,45.00809856475289],[0.939412448622453,45.010276871025944],[0.938968513302981,45.01081626632253],[0.938562302838555,45.01171032783173],[0.938041485091917,45.01154396053401],[0.937363687705849,45.01322648970096],[0.937219070542602,45.01515307765582],[0.936816731725006,45.016664176702236],[0.936577649326027,45.0168804127619],[0.936477962640467,45.016863252970154],[0.936470073857316,45.01669828111753],[0.936328668279683,45.01664161820183],[0.935679267714718,45.0168619527719],[0.935099858561143,45.01694037297277],[0.93422475721471,45.01694485032604],[0.932295049650065,45.01651902048671],[0.932061190832424,45.016524583293986],[0.931027875995236,45.017202512405916],[0.929753896046603,45.01765708911253],[0.928671680588297,45.018385427198645],[0.927975925049557,45.01841571047819],[0.926322034045713,45.019114468616124],[0.92467700757636,45.02039521453417],[0.924047732546367,45.02342691599592],[0.92337870098622,45.02369365146284],[0.923396006969,45.024048846946805],[0.922563378030464,45.025404165005575],[0.921696601587817,45.02713082688745],[0.920918614811386,45.02786747818246],[0.920436060565969,45.028138580735],[0.919736098405593,45.02896224797453],[0.919145729273999,45.029433986877045],[0.919030261131742,45.029396701460165],[0.919057784515366,45.031013963145604],[0.918976953488633,45.0314799130034],[0.9186852070923,45.032015777095246],[0.918546569692007,45.03266979223705],[0.917088192524911,45.0354049528886],[0.916610467230804,45.03755768758937],[0.915874455696778,45.0397542257062],[0.915783083048895,45.04087748752942],[0.916001090401066,45.041607530876334],[0.915834684172873,45.041845803563646],[0.915854701262943,45.042365881354314],[0.915989178465175,45.04233687379634],[0.91619572414683,45.042863144458536],[0.91681499219256,45.04370157279689],[0.917180995786681,45.044483920895914],[0.917231522264643,45.04544771310377],[0.917667106892662,45.04661415814774],[0.917699732268712,45.04799103682361],[0.917021783188555,45.05002474856395],[0.917797914261175,45.05098679891597],[0.918360993594748,45.05224569554112],[0.919336255134111,45.052911523258025],[0.91930191530444,45.05328827512251],[0.919608392331159,45.05423883500052],[0.920504290017768,45.0543744584054],[0.921858649232629,45.05359361122053],[0.924066982504713,45.05531009529155],[0.924318751039848,45.05537423380409],[0.924258543913961,45.055729788682825],[0.923863695869605,45.05633670636429],[0.923844325793473,45.05685875113757],[0.923689570519012,45.0570909490199],[0.923514929086118,45.057276840289795],[0.922746538088749,45.05767593390922],[0.922378794569503,45.058955275360304],[0.921280977883868,45.0612766161292],[0.922238146051062,45.062742802464214],[0.922595325943539,45.063494344514254],[0.922880292008642,45.064719208762014],[0.924976522629856,45.067174858303886],[0.923177261006632,45.06805193974589],[0.923921174877658,45.06968616964113],[0.923257202291587,45.069733240715856],[0.925109861880648,45.07098190828095],[0.92540273935518,45.072133056421045],[0.925257065352182,45.07218798868774],[0.925246634638311,45.072846208355955],[0.925169021767444,45.07298527268329],[0.924123686547775,45.07378544070923],[0.923843031199726,45.074189130662724],[0.923931491805443,45.07584717371415],[0.923672052208605,45.076226939964364],[0.92284436221137,45.076230427342196],[0.922792412676588,45.07632853635336],[0.923624702546637,45.0772627684482],[0.9236310392834,45.07818791028374],[0.924863968123853,45.07959796436553],[0.924909700281988,45.08031847922982],[0.925081099684004,45.08087290248836],[0.925654773743549,45.08093312229414],[0.926631174350933,45.08137822873145],[0.927164201435748,45.08184930630285],[0.927755808247347,45.082626809473794],[0.927846014998463,45.08300588221934],[0.92760552708857,45.08376610831783],[0.927135687296268,45.08433382070403],[0.92696001830981,45.084716955399756],[0.927203437930078,45.08607344231743],[0.927138653965799,45.088678880113775],[0.927497611808159,45.08914851917204],[0.927874802672742,45.08895467563633],[0.928099279451848,45.08873006991249],[0.928533535568932,45.08878047573523],[0.928651481350772,45.08889165340435],[0.92867575394003,45.08947215910343],[0.928756886216485,45.08958175171653],[0.929369122664211,45.089495852460765],[0.930165276442853,45.0892503382069],[0.932042806796911,45.08909154190786],[0.932553392188581,45.08924422722204],[0.933395277736271,45.0892057999317],[0.937600039043968,45.089380968967966],[0.938720923137297,45.089327848831765],[0.939767235354105,45.089262530476006],[0.942119718405431,45.089291583893115],[0.943918084320706,45.089521130004904],[0.946531797608047,45.08939638596798],[0.948730937861226,45.08941166571788],[0.951002024621835,45.08992721228569],[0.951886336777303,45.0903271651895],[0.952813740997859,45.090314481632596],[0.954055745816736,45.09014814262102],[0.954746671501643,45.08996086952898],[0.955796097846575,45.08991437264248],[0.956411521296357,45.09001843123786],[0.958917332335503,45.0908290439052],[0.959517566489619,45.09089677902238],[0.960410252828458,45.09085997835724],[0.962417657958158,45.09027611775671],[0.963400311121277,45.090142762356415],[0.96486063696591,45.09016043211005],[0.965459142008052,45.09024071337922],[0.966026876314957,45.090223154765596],[0.966459576655968,45.09010765576807],[0.967318815853869,45.090080998127284],[0.969619565243806,45.090204900966576],[0.971159641604961,45.09037255545689],[0.972466830544768,45.09170325043342],[0.973085742784545,45.09213333054551],[0.973674698138944,45.092302562096855],[0.975373230128741,45.092310012606305],[0.976277335711608,45.09262546285125],[0.976734574790384,45.092885958253355],[0.977281808137636,45.0929787548683],[0.978416540244179,45.092894862705066],[0.97884390406221,45.09299718627753],[0.980360807629125,45.094196484189304],[0.981463761207861,45.09478209919251],[0.983067737386473,45.09522725584024],[0.984509021472686,45.09531817775874],[0.986983951780351,45.09523770865207],[0.989805507128061,45.09580833034705],[0.991221853705796,45.09624007638212],[0.99192297782229,45.09633377218618],[0.993261841702509,45.09637409775497],[0.993590049258439,45.09651240756163]]]]}},{"type":"Feature","properties":{"fid":899,"ID":"COMMUNE_0000002200276508","NOM":"Les Eyzies","NOM_M":"LES EYZIES","INSEE_COM":"24172","STATUT":"Commune simple","POPULATION":1133,"INSEE_CAN":"25","INSEE_ARR":"4","INSEE_DEP":"24","INSEE_REG":"75","SIREN_EPCI":"200041168"},"geometry":{"type":"MultiPolygon","coordinates":[[[[0.997106646373926,44.917576445413694],[0.996978100061309,44.91830094689321],[0.996418617601817,44.91895283234713],[0.99573915672987,44.91930804080142],[0.995034041193008,44.91942321112329],[0.994340543184385,44.919709709099074],[0.993959927528257,44.92025042987245],[0.993081112886657,44.9208974350186],[0.992744657313263,44.92101834857648],[0.992231209577959,44.921727787083455],[0.992351612658163,44.92201186451445],[0.992283414386897,44.922181754923244],[0.991398239335479,44.923146561089105],[0.991360139606043,44.92339625195897],[0.990811111470404,44.92361148784259],[0.988982228810192,44.92458893051347],[0.988580030712291,44.92516346920785],[0.988407739429101,44.925937609191415],[0.986670965943004,44.92589985220659],[0.984495435001972,44.92604144602375],[0.983429040146852,44.926222944350265],[0.983050976347597,44.92630074414865],[0.982149387357823,44.92630599224346],[0.980929764296289,44.92602445238248],[0.978994711608648,44.92508592514149],[0.977234585644964,44.92397402018993],[0.976388702821859,44.92310390211519],[0.975285677057952,44.92159683574687],[0.974946599703518,44.92038468632948],[0.97430679801624,44.918689709625646],[0.973996315669945,44.918336397972936],[0.973411073126278,44.918079847706046],[0.972094715007914,44.91781535674942],[0.969667754402069,44.91713607623213],[0.966102570968042,44.91628190022476],[0.965143075520644,44.9158959652579],[0.964531544612448,44.91619098526262],[0.963922760639242,44.91682920084109],[0.963672641651208,44.91691017903343],[0.960957468867525,44.91952541703288],[0.960827165789778,44.919831950027046],[0.96018277056316,44.92068024688251],[0.960482261206726,44.92140356592796],[0.959811785158817,44.92227119716699],[0.960078301302851,44.92383152138946],[0.960017077158791,44.92426001001305],[0.960844252714027,44.92630076616658],[0.960811868119356,44.926528938452556],[0.960520329409558,44.92691087031594],[0.96046702648899,44.92712154620358],[0.960859405610344,44.9280807402499],[0.96087410970702,44.92861780114958],[0.961398879371941,44.92900480378657],[0.961859251862898,44.92983824900182],[0.961970564687551,44.930333850057856],[0.961899919785205,44.9303937991535],[0.96192665083997,44.93094909378531],[0.962107952827027,44.93115866882753],[0.961640150849268,44.931645451006844],[0.960878638283996,44.93211963764689],[0.960158072881709,44.93286206623183],[0.959387655517285,44.933022650964105],[0.959156369237708,44.933315621249015],[0.95877381750697,44.934211055441956],[0.957951724281522,44.935372214215086],[0.957560293255672,44.936092754354476],[0.956003013485006,44.93787085022991],[0.955641781603595,44.93807496119044],[0.954981562630664,44.9387581258695],[0.956223935268769,44.942246719830976],[0.956299056147674,44.943769318249544],[0.955934571331849,44.94534868231241],[0.956059155781504,44.94593190025171],[0.954551094711245,44.94819454800453],[0.954338470263823,44.95002438687659],[0.95367365570901,44.95166306948275],[0.954558168690892,44.95251966644665],[0.955553812702497,44.95325130602984],[0.956322569801609,44.95290067094472],[0.956570810465502,44.95301511485074],[0.957790611078068,44.95246920905774],[0.95761613533986,44.95179230767169],[0.957190630260656,44.95111259506377],[0.957360685567528,44.95107518981764],[0.95715989057574,44.95070312907338],[0.958206261127586,44.95042513266083],[0.95868460562283,44.95125622204374],[0.958961000799333,44.95122436950076],[0.959891378084974,44.95347148760107],[0.960157357952009,44.95341242086387],[0.961362236759967,44.954043368761035],[0.961742945903355,44.954003514449134],[0.962273328360394,44.95382409748791],[0.963412790291629,44.95307941308892],[0.963438659672765,44.95456688033541],[0.963572413321945,44.95469091971022],[0.962541890000426,44.95700926022398],[0.962675999060714,44.95729812860367],[0.962101413241025,44.95747133408911],[0.962494483012748,44.958313452954854],[0.962388601210872,44.95864385758061],[0.962481419632989,44.95884730719258],[0.962380368469435,44.95949843678849],[0.962024143008809,44.96015479712173],[0.961073175443967,44.96143251927848],[0.960922660842224,44.96232682170192],[0.961306651677612,44.9625121942104],[0.961567150310912,44.963337475899586],[0.961995200885172,44.96377674052414],[0.96244302096289,44.96395157010071],[0.963644432094184,44.96419604178102],[0.963927194617355,44.964165192924156],[0.964461661430043,44.963840831147465],[0.965627802607741,44.96411345690688],[0.966536778054609,44.96441108982037],[0.967350003210745,44.96507533655026],[0.968229258726377,44.96633342049484],[0.967860572435417,44.96677431391514],[0.968130186143517,44.96693145270991],[0.968563724138532,44.96879654319613],[0.968804139331724,44.969339532018154],[0.970361740014164,44.97043795915965],[0.97321085614945,44.97305050720773],[0.97317955461903,44.973565116856896],[0.973899473465252,44.97348186305798],[0.979794604138425,44.97531206799302],[0.979717271596186,44.97559167021569],[0.980394501764268,44.97574267165486],[0.982176399418126,44.97675493425104],[0.982724139284059,44.977154856806834],[0.982753077345848,44.977408467865736],[0.982991450853484,44.97766047309133],[0.983461173718982,44.978113016826846],[0.984116085995816,44.978568014322995],[0.98744809831196,44.97801139980289],[0.9878570062559,44.97839167166731],[0.987923073532961,44.97881347575667],[0.988603805748996,44.97893927108487],[0.989170476990287,44.97881351707305],[0.99017608005863,44.978408381433205],[0.991437713056392,44.978046589118264],[0.991858144245212,44.9780352666404],[0.992787721714494,44.97815742285072],[0.993333687625006,44.97800695650949],[0.994098943766127,44.97747315890233],[0.994464659118482,44.977501369557174],[0.994998403576122,44.97786945462233],[0.995756238939079,44.977365233931906],[0.996208373815383,44.97728331435725],[0.996488595068655,44.97675697370383],[0.997471781135099,44.9758758226792],[0.998137410585304,44.975997685273946],[0.998847964789858,44.97663823037123],[0.999746684537731,44.97723351928795],[1.003927844437297,44.977482459686264],[1.004946208386712,44.977606107293084],[1.005271774912739,44.977514675538096],[1.005636374890074,44.97757435232465],[1.007804387223709,44.97719890325568],[1.008151885673578,44.97720422615217],[1.008550506880908,44.977056451258946],[1.009274806042999,44.977242342856364],[1.009799629499212,44.97700675674214],[1.010331401731526,44.977290069633966],[1.0104068791001,44.97609354922564],[1.010233974872328,44.97542397194057],[1.010303779473114,44.97499470800633],[1.011457470573167,44.97348513031213],[1.011500126589213,44.97281940951225],[1.011810481868391,44.97158205688561],[1.013863149142131,44.96808097298016],[1.013993441215028,44.96716103305702],[1.014085700853168,44.966347591567356],[1.01445191610014,44.96596595041979],[1.014747144911055,44.96579739575396],[1.015922620336066,44.96445208843688],[1.016481578691599,44.964287334006855],[1.016630985486428,44.96415219951857],[1.017042725110597,44.96409649702011],[1.017371690076621,44.96394204711731],[1.017543193748409,44.96375596843944],[1.018243967489618,44.963885543817746],[1.019120835865345,44.96434518724213],[1.019564965739864,44.96430626407469],[1.021742345172026,44.96328856048952],[1.023826705317418,44.963215742999516],[1.02407186290713,44.96259505046378],[1.024300841621922,44.96048980461896],[1.024900041704115,44.95943318400724],[1.026280919247634,44.95836792292763],[1.027412082897373,44.95776475002813],[1.027693694088929,44.95747613553671],[1.027981805409178,44.95739928714417],[1.028322528007421,44.95741343541702],[1.03004982535641,44.95616063437736],[1.030643962647413,44.95556862908302],[1.03087949430424,44.95521884791718],[1.031097884083899,44.95456254419592],[1.030985906204293,44.95399495746887],[1.030595947357736,44.95343325471708],[1.028617084352486,44.95138254540202],[1.029369887212358,44.95089423368853],[1.029437786558174,44.950730619658515],[1.028880393050753,44.95013442036893],[1.028974301583842,44.947788111664686],[1.029251049034676,44.94709502085206],[1.030468473730574,44.94587010919019],[1.031175071171043,44.94633384669442],[1.0333688438418,44.94456959699995],[1.034628818098654,44.9453826418047],[1.035094853789269,44.944822576868006],[1.037238879794129,44.94545217295927],[1.038148445149029,44.94562584046519],[1.039035537550634,44.94433916966653],[1.039321104187585,44.94444147569768],[1.039681743056279,44.94471802732591],[1.041874304329329,44.94526643104889],[1.042095221152213,44.94540451714293],[1.042248440726688,44.94570172402597],[1.042900151690834,44.94614190276503],[1.042830988075018,44.94637935400776],[1.042571099169457,44.94659453374109],[1.043142164318283,44.94676580161545],[1.045544719767111,44.94700530654147],[1.045843268947814,44.94691778935802],[1.046869796450929,44.946975457271904],[1.048233138506451,44.94675713050781],[1.049002384499143,44.94691923831044],[1.049282260491178,44.946821477290996],[1.050922348154871,44.94677729305211],[1.051267095196929,44.94671038541588],[1.051568799540247,44.947954947742105],[1.052530969693875,44.94877067044365],[1.052888487307002,44.949285791626465],[1.052892565525504,44.94953353777085],[1.052537518350194,44.95044416589891],[1.052646712513406,44.95084235832434],[1.052789137942837,44.95101417246955],[1.053322759545297,44.9513162239442],[1.055029157743096,44.95192339658041],[1.055284819436615,44.95215843152206],[1.056208127233046,44.95354984810754],[1.056819915636401,44.95386675837016],[1.057121167042198,44.95479967757874],[1.057288044581192,44.95496200603719],[1.058189177800385,44.95553163855057],[1.060696115047235,44.95617611638327],[1.063196438219026,44.95694020598556],[1.066087492708265,44.95858735181278],[1.066089207645756,44.958905305477145],[1.066728612844634,44.9593442256503],[1.067461563929582,44.95953529227939],[1.068509772371461,44.95959673556717],[1.070070512141081,44.960246173056746],[1.070653427142302,44.960411197674496],[1.070650867271712,44.96122262392413],[1.071207702242361,44.96181409320898],[1.072394956598798,44.96259211301951],[1.074439333578869,44.96463954698948],[1.074538661694658,44.965810289077936],[1.074856164807515,44.96635436487135],[1.075110085858534,44.966311927353715],[1.077200599643426,44.9653573964201],[1.079870977117217,44.96436060497249],[1.079909935263154,44.96366779129419],[1.080236034994375,44.96322130452578],[1.081003844128151,44.96291573385767],[1.083152695649476,44.96254841296129],[1.083424590215252,44.962313531868325],[1.083852663317911,44.96166615108017],[1.084545699524426,44.961394392855716],[1.087822702773049,44.960491623664446],[1.087394248116305,44.96018524623105],[1.086851892299465,44.9593509403595],[1.086341823680519,44.95890896082936],[1.085732571485441,44.95862288139078],[1.08569460203714,44.958471822732164],[1.08603075257276,44.95765443513398],[1.085979776584098,44.95710417444006],[1.085584341376164,44.95676053173272],[1.084429179170534,44.95526450668655],[1.083789546520494,44.95494096688287],[1.083825022254876,44.95464527162799],[1.083570042454646,44.95427522194589],[1.083434082319018,44.95380004865036],[1.082886350781369,44.95342314925514],[1.082873361916585,44.95298702134867],[1.08301044229892,44.95253907107089],[1.082824793479751,44.95155148387238],[1.082896139509918,44.95087454168954],[1.082834920409649,44.950216928741355],[1.080133179867176,44.94755848582238],[1.079916159741793,44.946896379274555],[1.080946331763401,44.946625966777574],[1.08207543215539,44.946466227525256],[1.085711716036814,44.945750762470325],[1.089514547849288,44.944536395134456],[1.091661264024477,44.94432109350199],[1.092630694482583,44.944565588914244],[1.094741063466461,44.94422531846792],[1.095712775765179,44.94417892497786],[1.096841345593834,44.94377045680198],[1.097835630983597,44.943245300874416],[1.099022985052575,44.942822506582395],[1.100696833680929,44.9431240064479],[1.101854807939457,44.943418474533836],[1.102585636179759,44.94374436703653],[1.102789509580367,44.94229154451228],[1.103248025563197,44.94200756849275],[1.103436165304357,44.94071929072719],[1.104173487044948,44.93998975860945],[1.104623389105363,44.93977227639821],[1.104966822464332,44.93970338061149],[1.106099518628396,44.9396560398281],[1.110943208677732,44.93646382170136],[1.113952454605627,44.935284685129616],[1.116719873399053,44.932656788437924],[1.116577472654434,44.93259313369814],[1.115674831231284,44.93149619720394],[1.115236090348636,44.931271709896954],[1.112356707939319,44.92897671186549],[1.111233467722289,44.92769586823682],[1.11093326718644,44.92697297690116],[1.110835102529553,44.925897777359516],[1.111330065226109,44.92486508221931],[1.111346026238988,44.924089926164896],[1.110396997716375,44.921743008116415],[1.109795409572762,44.92101228689173],[1.109451138186365,44.92073354467178],[1.108379021585836,44.92027399879632],[1.108233357702908,44.91944385651694],[1.108309911553699,44.91916597014764],[1.108593962344298,44.9188618957883],[1.108512645617252,44.918416510046825],[1.107883022467757,44.91720347379371],[1.106182753192315,44.91658010322815],[1.105671669940073,44.91688840631792],[1.103810123481835,44.91679991474784],[1.101635406284366,44.91708880225753],[1.100498517474944,44.91764756630293],[1.100443458485121,44.91844997244543],[1.09921078443514,44.91846761878552],[1.098526887576959,44.91912327278821],[1.097949801945068,44.919506964488015],[1.097622296405783,44.91963284764459],[1.095437993719644,44.920199742667364],[1.092787746243442,44.92067484188785],[1.09200152192481,44.920609108742966],[1.090581610713167,44.921061144995534],[1.087398498308882,44.92177012644767],[1.087237498062431,44.921584529680835],[1.085707815227613,44.922279583623414],[1.084571925394814,44.922986809561245],[1.083864953873976,44.92319797486597],[1.083587612122403,44.92315266432764],[1.082866077633043,44.92334465921858],[1.082772547090785,44.92359611979042],[1.080970628252366,44.923685699680874],[1.07987479827637,44.92414590043569],[1.079085340505369,44.9242475361106],[1.078887799360991,44.924389121259956],[1.078289371305779,44.925427097755936],[1.077615867260283,44.926065698029134],[1.075563689741462,44.92690648498552],[1.075092239299875,44.92716040122261],[1.074781233522623,44.92743060453974],[1.074335577975234,44.92826226433264],[1.073673306188997,44.92886681354249],[1.073309279261894,44.92935134330734],[1.073210639447124,44.93045109687107],[1.072756355355152,44.93094216610776],[1.072601617478669,44.930833208953935],[1.072176567444134,44.93117437861646],[1.070286936198311,44.93196295531555],[1.07000959305741,44.93191671068892],[1.067863353525796,44.93246032366024],[1.068158111142137,44.93211150130299],[1.068288546298508,44.93171118848011],[1.067398320159436,44.93142192143791],[1.065820518224449,44.93118102510696],[1.065540980744696,44.930794294069884],[1.064536975518708,44.93042286738056],[1.063661850395245,44.92991768230988],[1.063601891193191,44.929781543548316],[1.064008787672511,44.92857188566245],[1.064137046024322,44.928529088580376],[1.064260388800273,44.92866543042109],[1.06470268281703,44.92867043161985],[1.064962937981251,44.92840297428916],[1.063825376024136,44.9274212921874],[1.063652908168546,44.92756959247856],[1.062915204903691,44.92778549547661],[1.062395772224584,44.92711447956984],[1.061837531091895,44.92661300276063],[1.061654505219861,44.926296392424476],[1.060667783832258,44.925941442192254],[1.060337318275732,44.92629592542825],[1.058942344247307,44.925868988034416],[1.05876878834374,44.92612173459679],[1.058515358943138,44.92611820792926],[1.058339186242191,44.92589717806956],[1.05805798849238,44.92585353754651],[1.058344521984615,44.926255721062184],[1.058142766877966,44.92644402947381],[1.055980732568811,44.92569022974977],[1.055198592371424,44.92481104081647],[1.053952046572396,44.92482164071799],[1.051072371703088,44.9244028167059],[1.050900802292337,44.92456102018098],[1.050060893034943,44.924361656205676],[1.048302805390306,44.92439113474307],[1.044907959942644,44.92318765766549],[1.044957697021324,44.92274272064837],[1.045250277329854,44.92224081301627],[1.044666492286384,44.922041409578576],[1.045632237673783,44.9215747609284],[1.045680907821418,44.92108747556649],[1.045511426057571,44.92060355834998],[1.043548449716079,44.91847865125162],[1.043325072932142,44.91855937705268],[1.04326846849942,44.91800179110976],[1.043013221215556,44.91761542884157],[1.042104221642863,44.91732922610367],[1.040759679492573,44.917645963806386],[1.040017977619551,44.91830385252306],[1.039722233861307,44.91813381991233],[1.040293850312335,44.91751886559486],[1.040050663212549,44.9174046992428],[1.040576593842592,44.917008691638124],[1.040849897905477,44.91589763062064],[1.04073039417351,44.915581203598954],[1.040293838702976,44.91530601747086],[1.038975380544804,44.9148414458951],[1.038477383937461,44.9144751049769],[1.038236191049934,44.91397820193095],[1.037925095325631,44.91370432074818],[1.037301597684666,44.91355641232897],[1.036218677561557,44.91360662521464],[1.035944392303251,44.912969534281444],[1.036228356319042,44.91264222128633],[1.036295987136018,44.912230928112166],[1.035893464024323,44.91217968190873],[1.033096684003993,44.910972892918444],[1.03272691603944,44.91092761873647],[1.03172481182296,44.91152950353757],[1.031342700750183,44.9119442286822],[1.031049323317981,44.91322513162657],[1.0311199919703,44.91345064129922],[1.03071470313188,44.91412793866204],[1.029966290591679,44.91298978121248],[1.029289307964925,44.91169527506668],[1.028944580012248,44.91014367562755],[1.027117568568786,44.907063508699956],[1.027429997859621,44.90560282969173],[1.027367601869073,44.90449394614143],[1.027113599145131,44.903896820526654],[1.026285134535676,44.90295085183053],[1.026207184896338,44.90268107897364],[1.025085554042713,44.901280476924406],[1.024164459013885,44.900412100362075],[1.023815475609861,44.900318530986304],[1.023437043665512,44.90034151842215],[1.022151874506801,44.90074373976473],[1.021877108274089,44.900989222355655],[1.021667071762875,44.90101610320914],[1.021499356797376,44.90113650250337],[1.021049193155635,44.901648147689116],[1.01986681473595,44.90229624606099],[1.018038513900751,44.90232308136479],[1.017536937496822,44.90213670623496],[1.016968505904164,44.902085130830585],[1.016523243900245,44.90216994620609],[1.014635430286465,44.90276846566663],[1.014081770988,44.90305127469466],[1.013026022516089,44.90384206524316],[1.012132737589168,44.904124193361866],[1.010891861036216,44.90427310143276],[1.008076534348402,44.90386420070895],[1.007432017710557,44.903885064425566],[1.006317863900095,44.90424784408449],[1.005625946903145,44.904603784146566],[1.005254379634143,44.90496727429195],[1.005042194576444,44.90533902954073],[1.004600669862466,44.90677842371925],[1.004698557652485,44.906983726035904],[1.00436743067775,44.90848994911582],[1.00369267172956,44.90932352536135],[1.002052010335055,44.911014252269865],[1.001729649346765,44.911595671580805],[1.001725706696859,44.91184868043452],[1.001861976436334,44.91197271772298],[1.001125196764384,44.91351306851945],[1.001258903476187,44.913780262277],[1.000417968844576,44.91454328430626],[0.999590225180136,44.91475804752585],[0.998876585817881,44.91546931210867],[0.998100591174104,44.91608037848729],[0.997523688745099,44.916866150274956],[0.997382606839536,44.91740939685755],[0.997106646373926,44.917576445413694]]]]}},{"type":"Feature","properties":{"fid":907,"ID":"COMMUNE_0000000009755155","NOM":"Mauzens-et-Miremont","NOM_M":"MAUZENS-ET-MIREMONT","INSEE_COM":"24261","STATUT":"Commune simple","POPULATION":290,"INSEE_CAN":"25","INSEE_ARR":"4","INSEE_DEP":"24","INSEE_REG":"75","SIREN_EPCI":"200041168"},"geometry":{"type":"MultiPolygon","coordinates":[[[[0.925097449649148,44.96480925622491],[0.92324225128152,44.96543572137686],[0.923072564961551,44.96563250261464],[0.922172271546743,44.96589309283124],[0.92127253348618,44.96630950361833],[0.920110157832697,44.96699930520118],[0.919677863687093,44.96675073783386],[0.920056155711445,44.96589046066956],[0.917477579215857,44.96590524824707],[0.916902795635818,44.96611154631093],[0.916472065921935,44.96640160177249],[0.916135497392911,44.96688886771394],[0.916032097944826,44.96748588216307],[0.915424064268167,44.968721928253316],[0.915226245858991,44.9689235751569],[0.914306070671648,44.96899999201068],[0.913526876298452,44.96920874452937],[0.91246702885042,44.96962838742768],[0.911668525566434,44.97004842505226],[0.911396182683084,44.970410788879256],[0.91144252536051,44.970767428651214],[0.912006697497616,44.971460739408904],[0.912004338550839,44.97176242366519],[0.911886587849698,44.972096167389616],[0.911477449002611,44.97251991176251],[0.910709820289124,44.972825236139784],[0.909627207411535,44.97303636857809],[0.908231704058728,44.97306327083183],[0.905917630261696,44.97254416195242],[0.905700510748707,44.97241217639032],[0.905266514041677,44.97288857117052],[0.904291343957251,44.97294045310477],[0.902766850638351,44.97217585579955],[0.902441344043533,44.972838025577204],[0.902403619700583,44.97316786565176],[0.901972766117472,44.9738983010043],[0.90098856149459,44.97500378692767],[0.900781360491749,44.97511516417401],[0.899881499639892,44.97532334782496],[0.899626034032333,44.97553739062948],[0.899511260800899,44.97606032367905],[0.899011595674686,44.97649222288773],[0.898528334552783,44.97709556065446],[0.898355772899484,44.97787319650851],[0.898056012118034,44.97845568136097],[0.897168474476248,44.97931437453502],[0.896803441758011,44.979843382660505],[0.895259335200095,44.98149035828103],[0.895093696520435,44.981913250280456],[0.894975199639729,44.982837818024365],[0.895207635770022,44.98526507392046],[0.894665003968707,44.98595914574485],[0.894557026336017,44.986974883319725],[0.893797743710723,44.987556768083415],[0.894135892184124,44.9876100057617],[0.894802991658461,44.98748842898751],[0.895087803906395,44.98754245579],[0.895735129926508,44.987305210863205],[0.897064360530538,44.988850712785826],[0.897934684224108,44.98953727552371],[0.898444386549013,44.99019450217541],[0.900401629917336,44.99215803578048],[0.900353341852389,44.992464260115],[0.900689796511577,44.993444256471264],[0.901262134043621,44.99371895706116],[0.901186505727571,44.99421291055461],[0.900509120150227,44.99579255284417],[0.900846518967083,44.99637536186546],[0.900971702147102,44.996896522177416],[0.901342203061592,44.9971043655681],[0.90119026744947,44.99844893513588],[0.899835306320978,44.999916717045004],[0.897876686988151,45.00309070583636],[0.898591698092401,45.0032194999201],[0.899098741231621,45.00320655684637],[0.901549157735438,45.004286790670264],[0.902703321088574,45.00435178307216],[0.903141427660859,45.00424745277499],[0.903925783365367,45.004457680483576],[0.905707707031808,45.00471100036227],[0.9070639006295,45.004568086744655],[0.906462674242579,45.005470079206354],[0.905721477136286,45.00688913476932],[0.905744733038344,45.00816855684604],[0.905109328765489,45.01066142717924],[0.905521296518865,45.01244535041115],[0.905420429173391,45.01307123626204],[0.905083147329334,45.013567475786154],[0.905937955768548,45.014036612078804],[0.907500195471483,45.014808167215975],[0.908397897811637,45.01457194615345],[0.908689399748257,45.01397485963943],[0.909895274104225,45.01354446324768],[0.910706075361536,45.0133903566649],[0.911734399813163,45.01370238141831],[0.912486282256841,45.01380025104922],[0.913274658764624,45.013736675143186],[0.913601629797892,45.01358338261057],[0.913913230134831,45.012615575351646],[0.914302158832022,45.01298043946823],[0.914591993199957,45.01351727898028],[0.915397487483556,45.014289851004676],[0.915927766365497,45.014576294334354],[0.916780934350094,45.01481924115483],[0.917931391524396,45.015297419450334],[0.918965121217142,45.01423592335423],[0.919173898338981,45.01415336056322],[0.919424506430897,45.0142436113268],[0.920295586569165,45.01356005534565],[0.921795983557027,45.01302605165775],[0.922617062217441,45.01259373796448],[0.923472111702762,45.011621638947425],[0.92386767005122,45.010439209008766],[0.92427828895918,45.00984340727012],[0.925337689510758,45.00907686140813],[0.925936992361502,45.00890519270688],[0.926483811201592,45.00884783094824],[0.928849285454592,45.008709040478074],[0.929648157519151,45.008393353553025],[0.930496683565169,45.00793627611094],[0.931698071908162,45.00761905275337],[0.932082509135279,45.00779822805492],[0.932354096051393,45.00780147304836],[0.932932726044924,45.0074321332642],[0.932926039922904,45.00864523204181],[0.938041485091917,45.01154396053401],[0.938562302838555,45.01171032783173],[0.938968513302981,45.01081626632253],[0.939412448622453,45.010276871025944],[0.943234288268146,45.00809856475289],[0.94757637654454,45.00702856067733],[0.948629938586788,45.00599509164946],[0.948932070812987,45.00558004326139],[0.948957942758587,45.005289600546384],[0.951594442288083,45.0056488977899],[0.954083410499646,45.00406986234078],[0.95498539855801,45.00391441290234],[0.955394172901074,45.00394984544741],[0.957721312914252,45.0032873498807],[0.95817074833018,45.003321717174636],[0.960691641671257,45.003158988083335],[0.961392648036363,45.003536606513336],[0.962701786116345,45.00384429509239],[0.96364933008142,45.00320324552653],[0.962933110906151,45.00230117024068],[0.962531944635879,45.000660902114866],[0.96279255473376,45.00002259225279],[0.963334592290576,44.999255233180115],[0.963400283397542,44.998740349426],[0.963369479966798,44.998295753427726],[0.962982650447517,44.99804188758698],[0.962853148384834,44.997798136063345],[0.962969830500258,44.99734723345891],[0.962822668774847,44.99724006099144],[0.962961021559952,44.99675172697331],[0.962621788532323,44.99567821769168],[0.962635326844733,44.99425900477289],[0.962085544672008,44.99360045126941],[0.961874913537825,44.99293549900708],[0.961653372427153,44.99260539676054],[0.961601219172233,44.99215500552476],[0.960954228320817,44.9901229408092],[0.961167500906623,44.98918024306687],[0.961434519028743,44.988643832495235],[0.961435824422356,44.987735979296055],[0.961791773669048,44.98709221664952],[0.962140716893755,44.9841984491128],[0.962466697491889,44.98336589640935],[0.962462911282487,44.98287676316643],[0.962355857523992,44.98261000519073],[0.961283857994644,44.98204185471498],[0.96090395908204,44.98174037208485],[0.960305414723459,44.98036848548305],[0.960445908485448,44.980064833879254],[0.960352767429183,44.979869481946],[0.959780870780976,44.980380481579644],[0.959887901130629,44.97883509361495],[0.959186972391117,44.978394417014215],[0.958739718977724,44.97889779049877],[0.958383610929285,44.97874534608316],[0.95751381021523,44.97788995255282],[0.956998182416613,44.97765801716001],[0.957630160854594,44.976960796174694],[0.958072621459597,44.97627540425977],[0.958957414098882,44.97414084650347],[0.959090053318892,44.973216492445054],[0.958832858414445,44.97250925097718],[0.957724332105471,44.97249700653153],[0.955876414096261,44.97289267694254],[0.954208697922439,44.972765640774014],[0.951087244959291,44.972906326473876],[0.948674388709892,44.97348151108712],[0.947094119467744,44.97363428883204],[0.943459859222948,44.973604975154274],[0.941608311065522,44.974130041133705],[0.939775817962248,44.97444647347055],[0.939145100085338,44.97475903125322],[0.937941709136518,44.975151037137074],[0.935951849434499,44.97501865526297],[0.933603901000854,44.9751687023577],[0.933257272419031,44.975071293377226],[0.931373121562545,44.97523801713559],[0.930636509385149,44.97539274095917],[0.929831611752512,44.97396099629141],[0.929055463922187,44.972061428791996],[0.92881090944092,44.97174343895528],[0.927300333414235,44.9682963258589],[0.925793637344709,44.965263575719476],[0.925097449649148,44.96480925622491]]]]}},{"type":"Feature","properties":{"fid":927,"ID":"COMMUNE_0000000009755151","NOM":"Savignac-de-Miremont","NOM_M":"SAVIGNAC-DE-MIREMONT","INSEE_COM":"24524","STATUT":"Commune simple","POPULATION":174,"INSEE_CAN":"25","INSEE_ARR":"4","INSEE_DEP":"24","INSEE_REG":"75","SIREN_EPCI":"200041168"},"geometry":{"type":"MultiPolygon","coordinates":[[[[0.962355857523992,44.98261000519073],[0.962301172508064,44.98201996527284],[0.96189383881331,44.98139104036235],[0.961865569223487,44.98091226670775],[0.962065457139326,44.9805106277626],[0.962563502383494,44.979936117817346],[0.962723332494882,44.97948420739569],[0.96329372871798,44.97897856996544],[0.96402058685015,44.97814795062952],[0.964748739878038,44.977071468479124],[0.965738550884848,44.97651134750679],[0.966628830772012,44.97624571808799],[0.967401736162855,44.97589237341815],[0.96778854545092,44.97558330766578],[0.968592233547176,44.97466039580708],[0.969446536308018,44.97416081519769],[0.969939137900936,44.974013091778325],[0.970348305352969,44.973541405446916],[0.970732761671971,44.973366486432106],[0.972088475075618,44.97338581026936],[0.97321085614945,44.97305050720773],[0.970361740014164,44.97043795915965],[0.968804139331724,44.969339532018154],[0.968563724138532,44.96879654319613],[0.968130186143517,44.96693145270991],[0.967860572435417,44.96677431391514],[0.968229258726377,44.96633342049484],[0.967350003210745,44.96507533655026],[0.966536778054609,44.96441108982037],[0.965627802607741,44.96411345690688],[0.964461661430043,44.963840831147465],[0.963927194617355,44.964165192924156],[0.963644432094184,44.96419604178102],[0.96244302096289,44.96395157010071],[0.961995200885172,44.96377674052414],[0.961567150310912,44.963337475899586],[0.961306651677612,44.9625121942104],[0.960922660842224,44.96232682170192],[0.961073175443967,44.96143251927848],[0.962024143008809,44.96015479712173],[0.962380368469435,44.95949843678849],[0.962481419632989,44.95884730719258],[0.962388601210872,44.95864385758061],[0.962494483012748,44.958313452954854],[0.962101413241025,44.95747133408911],[0.962675999060714,44.95729812860367],[0.962541890000426,44.95700926022398],[0.963572413321945,44.95469091971022],[0.963438659672765,44.95456688033541],[0.963412790291629,44.95307941308892],[0.962273328360394,44.95382409748791],[0.961742945903355,44.954003514449134],[0.961362236759967,44.954043368761035],[0.960157357952009,44.95341242086387],[0.959891378084974,44.95347148760107],[0.958961000799333,44.95122436950076],[0.95868460562283,44.95125622204374],[0.958206261127586,44.95042513266083],[0.95715989057574,44.95070312907338],[0.957360685567528,44.95107518981764],[0.957190630260656,44.95111259506377],[0.95761613533986,44.95179230767169],[0.957790611078068,44.95246920905774],[0.956570810465502,44.95301511485074],[0.956322569801609,44.95290067094472],[0.955553812702497,44.95325130602984],[0.954558168690892,44.95251966644665],[0.95367365570901,44.95166306948275],[0.953354630009308,44.952549755733244],[0.952915284662403,44.954681647758136],[0.952610531304786,44.95548933737588],[0.952381538883745,44.95582016808283],[0.951887514351685,44.95545440496221],[0.950937334221123,44.952924039284255],[0.950506998423078,44.95237840969443],[0.94988571936598,44.95192112538811],[0.949722044264811,44.952130664186484],[0.949121365069974,44.952046631077515],[0.948414070209524,44.95179130207052],[0.947554579021665,44.95205554532822],[0.946765870783209,44.952187790690644],[0.945896619309164,44.95195647431309],[0.945022373735497,44.9514809779273],[0.943488090661283,44.95139946796806],[0.942275541709488,44.9517445040984],[0.941387692483342,44.951778504927226],[0.939809145394674,44.951486268819664],[0.938012811345594,44.9514601715985],[0.937953039780867,44.95122308766891],[0.937301501163602,44.9505571152452],[0.936352338803904,44.950499871006905],[0.933642738940854,44.94992535091585],[0.932070432426837,44.94950072083548],[0.931444354005413,44.94917834180384],[0.93118505989832,44.94939958510646],[0.930976810893362,44.95016218038013],[0.930038481235075,44.95094540992543],[0.929758529813929,44.9514508778664],[0.929746647729486,44.951909999158],[0.929033679575646,44.95229121465892],[0.928075679166407,44.95346765680539],[0.927280162176882,44.95354199528528],[0.927022462402249,44.953719126591494],[0.926889919745675,44.95394182347155],[0.926964440393969,44.95521946703126],[0.926697753746012,44.955330681100065],[0.925530439361878,44.95547643243245],[0.924439345245996,44.955721768042686],[0.923636918613593,44.95574191173151],[0.923451183070588,44.955859133323514],[0.923305177611007,44.95606806486526],[0.923350484305218,44.95648862555933],[0.923202809866492,44.956776785267785],[0.923335115070342,44.95710890353696],[0.924105258431784,44.95785823594165],[0.925263312942136,44.95827254533704],[0.925536243587558,44.958575761157036],[0.92552615755997,44.95898538001834],[0.925246690023297,44.959441311195256],[0.925197164880809,44.95975111998531],[0.925629852899581,44.96101653563329],[0.925206746221939,44.96267939496854],[0.925310753148291,44.96302269175072],[0.925929462900438,44.96365029609169],[0.925957918583151,44.96414980136031],[0.926205887373009,44.96437419105318],[0.926203125387779,44.96448312135055],[0.925975861703624,44.964590566659005],[0.925424302870173,44.96465053075897],[0.925097449649148,44.96480925622491],[0.925793637344709,44.965263575719476],[0.927300333414235,44.9682963258589],[0.92881090944092,44.97174343895528],[0.929055463922187,44.972061428791996],[0.929831611752512,44.97396099629141],[0.930636509385149,44.97539274095917],[0.931373121562545,44.97523801713559],[0.933257272419031,44.975071293377226],[0.933603901000854,44.9751687023577],[0.935951849434499,44.97501865526297],[0.937941709136518,44.975151037137074],[0.939145100085338,44.97475903125322],[0.939775817962248,44.97444647347055],[0.941608311065522,44.974130041133705],[0.943459859222948,44.973604975154274],[0.947094119467744,44.97363428883204],[0.948674388709892,44.97348151108712],[0.951087244959291,44.972906326473876],[0.954208697922439,44.972765640774014],[0.955876414096261,44.97289267694254],[0.957724332105471,44.97249700653153],[0.958832858414445,44.97250925097718],[0.959090053318892,44.973216492445054],[0.958957414098882,44.97414084650347],[0.958072621459597,44.97627540425977],[0.957630160854594,44.976960796174694],[0.956998182416613,44.97765801716001],[0.95751381021523,44.97788995255282],[0.958383610929285,44.97874534608316],[0.958739718977724,44.97889779049877],[0.959186972391117,44.978394417014215],[0.959887901130629,44.97883509361495],[0.959780870780976,44.980380481579644],[0.960352767429183,44.979869481946],[0.960445908485448,44.980064833879254],[0.960305414723459,44.98036848548305],[0.96090395908204,44.98174037208485],[0.961283857994644,44.98204185471498],[0.962355857523992,44.98261000519073]]]]}},{"type":"Feature","properties":{"fid":931,"ID":"COMMUNE_0000000009755147","NOM":"Tursac","NOM_M":"TURSAC","INSEE_COM":"24559","STATUT":"Commune simple","POPULATION":339,"INSEE_CAN":"25","INSEE_ARR":"4","INSEE_DEP":"24","INSEE_REG":"75","SIREN_EPCI":"200041168"},"geometry":{"type":"MultiPolygon","coordinates":[[[[1.010331401731526,44.977290069633966],[1.010689443055209,44.977463094948455],[1.011828951435006,44.97835710416479],[1.012427998658216,44.9792486503837],[1.012749995114318,44.98000915222699],[1.013214043391036,44.9804857822654],[1.013250926374525,44.98166449759978],[1.012798238264018,44.98254896068164],[1.012795028431142,44.982711021309434],[1.01326295967526,44.983221945375995],[1.01330425491249,44.98384683715181],[1.017470039574436,44.98537031147773],[1.023559216921293,44.98508327718294],[1.028402670771658,44.986654399939795],[1.029416531963745,44.98795849472823],[1.032818028009646,44.989292215574466],[1.03607923992003,44.99227875030389],[1.03725287719044,44.99348651938543],[1.039461595471822,44.995803207934436],[1.04091956927441,44.999555783481654],[1.042964516626475,45.00061220663301],[1.046202169558484,45.00256136935504],[1.055461741127061,45.00391692216643],[1.055435354915464,45.002885218503145],[1.055726226782396,45.00189328350046],[1.056156452324496,45.00167743911324],[1.056030472805754,45.001320383067316],[1.056386504015663,45.000389028166616],[1.056373578244875,44.999883539166625],[1.056582709599677,44.999051391306864],[1.056486844413076,44.99877772148194],[1.056511455390634,44.99777573129395],[1.056417059133346,44.99698421525754],[1.056244016335926,44.99684969802394],[1.056201965795989,44.99637882588189],[1.056329462258566,44.996033403624914],[1.056197240323766,44.99578341600104],[1.056387302439439,44.99513466835464],[1.056399811126025,44.99462782309542],[1.056760353011703,44.9941504738652],[1.057312264929135,44.993827773735156],[1.056556351028458,44.99381096975387],[1.056405764359574,44.99372457920734],[1.05620475757891,44.99275017151737],[1.055916291403576,44.992065143883906],[1.056225596762194,44.99174721650208],[1.055947780446994,44.991523505540925],[1.05589285763635,44.99098486054773],[1.053951820620178,44.98957113603589],[1.053380324357772,44.98888745493131],[1.053056915259069,44.98822342373802],[1.052973589655604,44.98737085564795],[1.053090408513027,44.98671182664347],[1.054147581239478,44.984738998249696],[1.054183361167522,44.983745313083375],[1.056946321278045,44.98300734701292],[1.057376865253703,44.982777997590894],[1.058265895266882,44.98246478516016],[1.06143473922155,44.979711854971036],[1.06370829670659,44.97730081410769],[1.067002823420581,44.97416175214037],[1.068175277102375,44.97386599899647],[1.068485254095364,44.97348681047048],[1.069125193932937,44.97317909662251],[1.07147040243036,44.973055870829555],[1.071578009068375,44.97291543612028],[1.072591405045864,44.972815919944466],[1.07351626931027,44.9716007749927],[1.074785318102815,44.972073067520945],[1.076828584157747,44.970505288992406],[1.076602103346867,44.97041311022097],[1.075566022296071,44.97028801146611],[1.075302980202799,44.969598076714],[1.076182010513157,44.96893871115233],[1.074556849062898,44.96827203644757],[1.074865421124655,44.967746905001924],[1.074797601334,44.96765296565973],[1.074856164807515,44.96635436487135],[1.074538661694658,44.965810289077936],[1.074439333578869,44.96463954698948],[1.072394956598798,44.96259211301951],[1.071207702242361,44.96181409320898],[1.070650867271712,44.96122262392413],[1.070653427142302,44.960411197674496],[1.070070512141081,44.960246173056746],[1.068509772371461,44.95959673556717],[1.067461563929582,44.95953529227939],[1.066728612844634,44.9593442256503],[1.066089207645756,44.958905305477145],[1.066087492708265,44.95858735181278],[1.063196438219026,44.95694020598556],[1.060696115047235,44.95617611638327],[1.058189177800385,44.95553163855057],[1.057288044581192,44.95496200603719],[1.057121167042198,44.95479967757874],[1.056819915636401,44.95386675837016],[1.056208127233046,44.95354984810754],[1.055284819436615,44.95215843152206],[1.055029157743096,44.95192339658041],[1.053322759545297,44.9513162239442],[1.052789137942837,44.95101417246955],[1.052646712513406,44.95084235832434],[1.052537518350194,44.95044416589891],[1.052892565525504,44.94953353777085],[1.052888487307002,44.949285791626465],[1.052530969693875,44.94877067044365],[1.051568799540247,44.947954947742105],[1.051267095196929,44.94671038541588],[1.050922348154871,44.94677729305211],[1.049282260491178,44.946821477290996],[1.049002384499143,44.94691923831044],[1.048233138506451,44.94675713050781],[1.046869796450929,44.946975457271904],[1.045843268947814,44.94691778935802],[1.045544719767111,44.94700530654147],[1.043142164318283,44.94676580161545],[1.042571099169457,44.94659453374109],[1.042830988075018,44.94637935400776],[1.042900151690834,44.94614190276503],[1.042248440726688,44.94570172402597],[1.042095221152213,44.94540451714293],[1.041874304329329,44.94526643104889],[1.039681743056279,44.94471802732591],[1.039321104187585,44.94444147569768],[1.039035537550634,44.94433916966653],[1.038148445149029,44.94562584046519],[1.037238879794129,44.94545217295927],[1.035094853789269,44.944822576868006],[1.034628818098654,44.9453826418047],[1.0333688438418,44.94456959699995],[1.031175071171043,44.94633384669442],[1.030468473730574,44.94587010919019],[1.029251049034676,44.94709502085206],[1.028974301583842,44.947788111664686],[1.028880393050753,44.95013442036893],[1.029437786558174,44.950730619658515],[1.029369887212358,44.95089423368853],[1.028617084352486,44.95138254540202],[1.030595947357736,44.95343325471708],[1.030985906204293,44.95399495746887],[1.031097884083899,44.95456254419592],[1.03087949430424,44.95521884791718],[1.030643962647413,44.95556862908302],[1.03004982535641,44.95616063437736],[1.028322528007421,44.95741343541702],[1.027981805409178,44.95739928714417],[1.027693694088929,44.95747613553671],[1.027412082897373,44.95776475002813],[1.026280919247634,44.95836792292763],[1.024900041704115,44.95943318400724],[1.024300841621922,44.96048980461896],[1.02407186290713,44.96259505046378],[1.023826705317418,44.963215742999516],[1.021742345172026,44.96328856048952],[1.019564965739864,44.96430626407469],[1.019120835865345,44.96434518724213],[1.018243967489618,44.963885543817746],[1.017543193748409,44.96375596843944],[1.017371690076621,44.96394204711731],[1.017042725110597,44.96409649702011],[1.016630985486428,44.96415219951857],[1.016481578691599,44.964287334006855],[1.015922620336066,44.96445208843688],[1.014747144911055,44.96579739575396],[1.01445191610014,44.96596595041979],[1.014085700853168,44.966347591567356],[1.013993441215028,44.96716103305702],[1.013863149142131,44.96808097298016],[1.011810481868391,44.97158205688561],[1.011500126589213,44.97281940951225],[1.011457470573167,44.97348513031213],[1.010303779473114,44.97499470800633],[1.010233974872328,44.97542397194057],[1.0104068791001,44.97609354922564],[1.010331401731526,44.977290069633966]]]]}},{"type":"Feature","properties":{"fid":1142,"ID":"COMMUNE_0000000009755364","NOM":"Saint-Avit-de-Vialard","NOM_M":"SAINT-AVIT-DE-VIALARD","INSEE_COM":"24377","STATUT":"Commune simple","POPULATION":151,"INSEE_CAN":"25","INSEE_ARR":"4","INSEE_DEP":"24","INSEE_REG":"75","SIREN_EPCI":"200041168"},"geometry":{"type":"MultiPolygon","coordinates":[[[[0.834917578674997,44.96435545742736],[0.835118181808508,44.96431883144125],[0.835704710502634,44.965393079547006],[0.837581821348858,44.96369934735753],[0.838322647865829,44.96333996002843],[0.840555524708661,44.96255019624989],[0.841756139156422,44.96184664036605],[0.842783113183421,44.960907322813725],[0.843716458409541,44.96104882272482],[0.845618861243839,44.96198729962402],[0.848199684291067,44.964158420961965],[0.849871348022426,44.964898706832486],[0.850357778085302,44.96558003312204],[0.850348694983934,44.965949144361176],[0.850670643333288,44.96658585729202],[0.850780581298953,44.96702752359764],[0.850504128376379,44.96725546151528],[0.849131915887874,44.967801774423926],[0.849149793118612,44.96872443761374],[0.849366572739865,44.96948972229911],[0.850232729192477,44.970626040448806],[0.850074436932613,44.971477745718346],[0.850554012573077,44.97164463845031],[0.849349007873567,44.973385816716224],[0.849049642429647,44.97599476603561],[0.850375074032495,44.97627619081353],[0.850737134131408,44.97646422909328],[0.851036263329008,44.97644028595374],[0.851827763847869,44.9761844648694],[0.852597462490498,44.97619932853833],[0.852988225257991,44.975770933043236],[0.853190890951349,44.97452196988093],[0.854330194304756,44.97396390461881],[0.857319738123161,44.97273714351328],[0.857795181878057,44.97234909424103],[0.858012312957471,44.97164802925128],[0.858357523495148,44.97101518163731],[0.858862618843775,44.97064751479054],[0.858310619619494,44.96928763982679],[0.858287615130847,44.9672336058809],[0.85821807030482,44.96689540561024],[0.857720797292421,44.96606349014876],[0.857512725039345,44.96463637980825],[0.858129052187208,44.96361425317069],[0.858249838226496,44.961449504427],[0.858508469153271,44.96059071851408],[0.858758276858739,44.9605604023161],[0.858673144728535,44.960497515555],[0.858705755940189,44.96004239163402],[0.859872126458615,44.95883269682866],[0.861740468041749,44.95641245059264],[0.862555732522829,44.95549140579909],[0.862966125217378,44.953144884180595],[0.863172698929353,44.95251746951824],[0.863775413290047,44.95184632787401],[0.864075605867201,44.95179084870053],[0.864867704293267,44.94984345805329],[0.865535244949689,44.94940052741126],[0.867348694974094,44.94860849786801],[0.870059197762379,44.94817319076982],[0.871164871167079,44.947513449403154],[0.872309015707973,44.94714265413016],[0.873800920866491,44.945995802263575],[0.874632340764318,44.94550911844288],[0.876852032540059,44.945402922759726],[0.877789082114332,44.94591078925301],[0.878102925338118,44.945996040769806],[0.87905631409156,44.94580437546888],[0.879647232250197,44.9460417204661],[0.881185938709335,44.94536312134501],[0.881622413884785,44.94508952575348],[0.88173290865633,44.94495112461011],[0.881816493076533,44.94448436150349],[0.881886369999278,44.94424611100691],[0.881638370581448,44.94406304967866],[0.881518004995005,44.94379145121883],[0.881777901989937,44.943525298191],[0.881936162775567,44.942357424924325],[0.88250879388031,44.941735154470564],[0.883206589054152,44.94051811237088],[0.883090104369796,44.93970708088294],[0.883248258782288,44.9379699746412],[0.882368851945659,44.93634100216645],[0.882113550182155,44.93527783640658],[0.882082134168345,44.934867427587044],[0.882439094614253,44.93347366985027],[0.882140966788125,44.932906864748695],[0.881264833112768,44.931966066531395],[0.881399367609184,44.93038523437875],[0.881554632236332,44.929262343679525],[0.88181230046666,44.92935552190906],[0.882388537188625,44.92886932837969],[0.882458314719099,44.928599553361884],[0.882199111957147,44.92730484063944],[0.882420817716598,44.92559687436584],[0.882766542132465,44.92476763210029],[0.882855348503073,44.923792087932384],[0.883050403735161,44.92319234970157],[0.883815315289417,44.92190363893343],[0.883251886255441,44.92154884818983],[0.882722308920228,44.92137213305507],[0.882168983209541,44.92098510476172],[0.879420810175382,44.920777773835326],[0.879051397130948,44.92082476376564],[0.878431197277602,44.920095082552976],[0.877544894725825,44.91989892087919],[0.878110588259385,44.91905317990504],[0.877260148840151,44.91868026685852],[0.876303097159078,44.91804321187681],[0.875133712841416,44.917022001279044],[0.875284823498564,44.91678080715624],[0.874981426599421,44.91652461604296],[0.875686464068948,44.915915729643146],[0.875439047899763,44.915687630491554],[0.87439484807871,44.91511103857528],[0.873239096224845,44.91617333839404],[0.872075781677869,44.917701134075266],[0.870383179817811,44.92027977841352],[0.869783594179942,44.921613903261836],[0.86917207666573,44.92249385327553],[0.868526416053313,44.92370459683642],[0.868312496071061,44.92392926667857],[0.868346363917078,44.924072224284],[0.868193621552798,44.924088208399894],[0.867735721758733,44.9249611916199],[0.867256025127512,44.92547348164783],[0.866524752810947,44.92599985445468],[0.865896668081325,44.926679519498876],[0.865640091875429,44.92719158467611],[0.865057282542327,44.92798019745317],[0.864580380164557,44.92841777416968],[0.864442380568667,44.92851239631549],[0.864266154439473,44.928911616011796],[0.864291150368568,44.929853312850334],[0.86480853017961,44.93105035844118],[0.864842011812316,44.931369844534714],[0.865502776733364,44.93189863051137],[0.865616803527096,44.93240070119396],[0.865526599319337,44.932638551262436],[0.865142596450613,44.93333281010506],[0.864472730302252,44.93417469222734],[0.864389838397848,44.93465316557086],[0.863683750505402,44.93541328590848],[0.863755282735403,44.93559930176915],[0.863708474822018,44.93616223246708],[0.863790695394266,44.93630071732282],[0.862743350750895,44.937363209162264],[0.862336878781001,44.93811287120171],[0.861754002993062,44.938599740247746],[0.861305636394052,44.938818087357035],[0.861046079263383,44.93904006636864],[0.860976869154783,44.940388867880785],[0.860317854631149,44.94024468296518],[0.860103107450407,44.94118627326148],[0.858690920542976,44.94259928146404],[0.858476554716084,44.94276628297726],[0.858153475838291,44.942691605556064],[0.857190508845158,44.94353140504292],[0.853567825258646,44.94430906235769],[0.853131206468948,44.944781600679164],[0.852096118665561,44.94458777094518],[0.850262150399379,44.94687160631521],[0.849438816817418,44.946810646468506],[0.847129916882385,44.950326406101176],[0.844896268407823,44.95088749572003],[0.840885262267849,44.95399093706756],[0.839986348119278,44.95447336445816],[0.838965466038509,44.954730040609604],[0.838521287809489,44.954768242422105],[0.83700115271553,44.954747685328286],[0.835679510799832,44.95441572626707],[0.8351151697306,44.95418226547333],[0.832064730917586,44.95693031437958],[0.832769022587833,44.957875371802096],[0.832923885159108,44.958266593299285],[0.832732339175841,44.95843039055754],[0.832574599761193,44.95945862105918],[0.832112636778111,44.960217915138266],[0.833413222953451,44.96369025914936],[0.834917578674997,44.96435545742736]]]]}},{"type":"Feature","properties":{"fid":1662,"ID":"COMMUNE_0000000009755576","NOM":"Limeuil","NOM_M":"LIMEUIL","INSEE_COM":"24240","STATUT":"Commune simple","POPULATION":339,"INSEE_CAN":"12","INSEE_ARR":"4","INSEE_DEP":"24","INSEE_REG":"75","SIREN_EPCI":"200041168"},"geometry":{"type":"MultiPolygon","coordinates":[[[[0.877023971398499,44.909379861929956],[0.877498325779219,44.910175216243154],[0.877725856166899,44.910325472683546],[0.880173079695303,44.91143949709165],[0.881693942787508,44.91234936713355],[0.883938051238862,44.91256866551116],[0.8863234802466,44.91324274554871],[0.8865689351042,44.91325462049313],[0.88752118748933,44.91314483534661],[0.888070660788722,44.9127914096723],[0.89139601983723,44.91277441367684],[0.892462504940771,44.91343592890935],[0.894350498111348,44.914128317743845],[0.896681802484041,44.91476331810257],[0.897683285718488,44.91520018461032],[0.898299858618002,44.91582880975166],[0.899094827586511,44.91707596343154],[0.899739420105876,44.91766818253133],[0.900099064496151,44.91777945815938],[0.901000350085056,44.91727139717081],[0.901256454645172,44.916592625897245],[0.901583284817196,44.916191695963484],[0.902057148176466,44.91487575871443],[0.902035508900495,44.91470872613288],[0.902426258442304,44.9140216875889],[0.903077356213903,44.91382952635843],[0.904365909548037,44.91384393180856],[0.90656453116245,44.91453836622618],[0.907257223146611,44.914827921314526],[0.908611638199198,44.91334840892228],[0.908941392023185,44.91310513094279],[0.908842728445585,44.912963670429235],[0.908877438858653,44.9127805875917],[0.909660285359189,44.91190906330377],[0.911034648163929,44.91148998479892],[0.913562069469401,44.91121594203333],[0.913638173539541,44.910532865500635],[0.913887782700463,44.90971704688435],[0.915300853526079,44.90699204321352],[0.916565878238283,44.906168251512355],[0.918617769704932,44.9044594308859],[0.919586502693409,44.90379667767721],[0.920284163740374,44.903198192653285],[0.921595287533909,44.90232297239987],[0.922338966396992,44.9013704763718],[0.92263876261002,44.90049523804902],[0.9225469843362,44.899038055388594],[0.922334943661514,44.8984333493526],[0.921726429649935,44.89737990196816],[0.920274392184868,44.895872038273886],[0.918772390879506,44.89475680674726],[0.919261003258577,44.89449666466052],[0.918185486209534,44.89356774455073],[0.916244775288251,44.89140579284658],[0.915949956289955,44.890883282343886],[0.915561239393546,44.890978662277526],[0.915465718204253,44.89119663028733],[0.915151567201094,44.89129701106478],[0.914842021503689,44.89158031137552],[0.913301411250982,44.89055524491626],[0.910511375269296,44.8893661521991],[0.909540045610907,44.88904795214839],[0.908183937571877,44.8887197942732],[0.905328615070031,44.88813098043933],[0.904340115417266,44.88779890028604],[0.901601321511917,44.88650156549983],[0.898632751882529,44.88525385314088],[0.897744618835554,44.884781307383506],[0.897109442693583,44.884286525111605],[0.896546114456662,44.88370033180087],[0.895109913074583,44.882776956583285],[0.893201205646807,44.88215802894737],[0.892343518999446,44.88199044072427],[0.892456455698203,44.88161430555797],[0.893966220879491,44.879697519167394],[0.893723048314318,44.87915611153152],[0.89374037432133,44.87869440028772],[0.894705441353323,44.872553080149],[0.89473507828826,44.87122246624001],[0.894780930132915,44.87091170735979],[0.895214366260482,44.87097216405971],[0.895622973213849,44.868214885873876],[0.889180052580397,44.8672081154654],[0.888064739177331,44.86695993587638],[0.889776350190542,44.86926935621569],[0.890532716688176,44.87077972917667],[0.890774377317411,44.87193266402078],[0.891144364702334,44.87479479066723],[0.891039174004417,44.87799915179775],[0.890525239890523,44.879809629805884],[0.890193030993238,44.88052565040803],[0.889607868741691,44.881230558282795],[0.888877070483902,44.88183272088091],[0.887220796457292,44.8822506504576],[0.883067090295412,44.882210267062774],[0.878316300029562,44.88271673527881],[0.874510420378847,44.88265655854836],[0.872931922130217,44.88248943017756],[0.871012630289328,44.88195547735692],[0.87074497113952,44.88323380077045],[0.871727820794539,44.885378226313186],[0.871882397403505,44.88631338355309],[0.872195144869735,44.88705342386276],[0.872447620490332,44.88694387604069],[0.873369752727731,44.88765145343051],[0.873511996221742,44.88874579110449],[0.874392863108793,44.88940663515174],[0.875060945341305,44.89030027726017],[0.87496091157972,44.89157011162331],[0.874610309060266,44.89212902444993],[0.874251983117059,44.89232301625175],[0.874455004661449,44.89275021807646],[0.874862255695045,44.89270307066512],[0.87849934725303,44.894464068632516],[0.879800836614353,44.89536527516886],[0.880450252837401,44.896119823778406],[0.882022554721899,44.89887885246353],[0.88213249806131,44.899054778538456],[0.882366633041134,44.89919704547306],[0.881857512524797,44.90231086940198],[0.881624391550385,44.90304767761239],[0.880519041904583,44.90483244276592],[0.880199876056001,44.90556490530122],[0.878823611102754,44.90643390435124],[0.878595220301928,44.90667542726178],[0.878025335871824,44.90780299634897],[0.877616430124089,44.90832658344422],[0.877325512914333,44.9090478705087],[0.877023971398499,44.909379861929956]]]]}},{"type":"Feature","properties":{"fid":1832,"ID":"COMMUNE_0000000009755153","NOM":"Fleurac","NOM_M":"FLEURAC","INSEE_COM":"24183","STATUT":"Commune simple","POPULATION":320,"INSEE_CAN":"25","INSEE_ARR":"4","INSEE_DEP":"24","INSEE_REG":"75","SIREN_EPCI":"200041168"},"geometry":{"type":"MultiPolygon","coordinates":[[[[1.056292913103706,45.00550037311764],[1.054880463000544,45.00533789448625],[1.054909203799262,45.005095221576596],[1.055343533644966,45.00435977699426],[1.055266271829528,45.004062113347544],[1.055461741127061,45.00391692216643],[1.046202169558484,45.00256136935504],[1.042964516626475,45.00061220663301],[1.04091956927441,44.999555783481654],[1.039461595471822,44.995803207934436],[1.03725287719044,44.99348651938543],[1.03607923992003,44.99227875030389],[1.032818028009646,44.989292215574466],[1.029416531963745,44.98795849472823],[1.028402670771658,44.986654399939795],[1.023559216921293,44.98508327718294],[1.017470039574436,44.98537031147773],[1.01330425491249,44.98384683715181],[1.01326295967526,44.983221945375995],[1.012795028431142,44.982711021309434],[1.012798238264018,44.98254896068164],[1.013250926374525,44.98166449759978],[1.013214043391036,44.9804857822654],[1.012749995114318,44.98000915222699],[1.012427998658216,44.9792486503837],[1.011828951435006,44.97835710416479],[1.010689443055209,44.977463094948455],[1.010331401731526,44.977290069633966],[1.009799629499212,44.97700675674214],[1.009274806042999,44.977242342856364],[1.008550506880908,44.977056451258946],[1.008151885673578,44.97720422615217],[1.007804387223709,44.97719890325568],[1.005636374890074,44.97757435232465],[1.005271774912739,44.977514675538096],[1.004946208386712,44.977606107293084],[1.003927844437297,44.977482459686264],[0.999746684537731,44.97723351928795],[0.998847964789858,44.97663823037123],[0.998137410585304,44.975997685273946],[0.997471781135099,44.9758758226792],[0.996488595068655,44.97675697370383],[0.996208373815383,44.97728331435725],[0.995756238939079,44.977365233931906],[0.994998403576122,44.97786945462233],[0.994464659118482,44.977501369557174],[0.994098943766127,44.97747315890233],[0.993333687625006,44.97800695650949],[0.992787721714494,44.97815742285072],[0.991858144245212,44.9780352666404],[0.991437713056392,44.978046589118264],[0.99017608005863,44.978408381433205],[0.989170476990287,44.97881351707305],[0.988603805748996,44.97893927108487],[0.987923073532961,44.97881347575667],[0.9878570062559,44.97839167166731],[0.98744809831196,44.97801139980289],[0.984116085995816,44.978568014322995],[0.983461173718982,44.978113016826846],[0.982991450853484,44.97766047309133],[0.982753077345848,44.977408467865736],[0.982724139284059,44.977154856806834],[0.982176399418126,44.97675493425104],[0.980394501764268,44.97574267165486],[0.979717271596186,44.97559167021569],[0.979794604138425,44.97531206799302],[0.973899473465252,44.97348186305798],[0.97317955461903,44.973565116856896],[0.97321085614945,44.97305050720773],[0.972088475075618,44.97338581026936],[0.970732761671971,44.973366486432106],[0.970348305352969,44.973541405446916],[0.969939137900936,44.974013091778325],[0.969446536308018,44.97416081519769],[0.968592233547176,44.97466039580708],[0.96778854545092,44.97558330766578],[0.967401736162855,44.97589237341815],[0.966628830772012,44.97624571808799],[0.965738550884848,44.97651134750679],[0.964748739878038,44.977071468479124],[0.96402058685015,44.97814795062952],[0.96329372871798,44.97897856996544],[0.962723332494882,44.97948420739569],[0.962563502383494,44.979936117817346],[0.962065457139326,44.9805106277626],[0.961865569223487,44.98091226670775],[0.96189383881331,44.98139104036235],[0.962301172508064,44.98201996527284],[0.962355857523992,44.98261000519073],[0.962462911282487,44.98287676316643],[0.962466697491889,44.98336589640935],[0.962140716893755,44.9841984491128],[0.961791773669048,44.98709221664952],[0.961435824422356,44.987735979296055],[0.961434519028743,44.988643832495235],[0.961167500906623,44.98918024306687],[0.960954228320817,44.9901229408092],[0.961601219172233,44.99215500552476],[0.961653372427153,44.99260539676054],[0.961874913537825,44.99293549900708],[0.962085544672008,44.99360045126941],[0.962635326844733,44.99425900477289],[0.962621788532323,44.99567821769168],[0.962961021559952,44.99675172697331],[0.962822668774847,44.99724006099144],[0.962969830500258,44.99734723345891],[0.962853148384834,44.997798136063345],[0.962982650447517,44.99804188758698],[0.963369479966798,44.998295753427726],[0.963400283397542,44.998740349426],[0.963334592290576,44.999255233180115],[0.96279255473376,45.00002259225279],[0.962531944635879,45.000660902114866],[0.962933110906151,45.00230117024068],[0.96364933008142,45.00320324552653],[0.964011203008675,45.00320176111799],[0.964465241526736,45.00349378011801],[0.965048510411557,45.00372331196408],[0.966753605991184,45.00386075984899],[0.967672225045104,45.003385772994655],[0.968452904858256,45.00286322698567],[0.968810558120669,45.002767979957135],[0.969952925814065,45.00221329654243],[0.970874821808354,45.00196171100688],[0.971926566002452,45.001279261447216],[0.972984001897471,45.0007545237455],[0.973140703200118,45.000598860053195],[0.973507824763003,45.000697415206666],[0.974384804485798,45.00116011629794],[0.974805218507002,45.00108400634046],[0.975200905950508,45.001305566971865],[0.975564618802157,45.00177963298483],[0.97683710695896,45.002470173451464],[0.977037794754972,45.002818779022434],[0.978342070045917,45.00340360045603],[0.980079271442827,45.00363689809204],[0.98075529569324,45.00323215710851],[0.980524945935002,45.00286050359019],[0.980641786548616,45.00275364294374],[0.983022563805138,45.001226055568914],[0.983699855850879,45.002089462225534],[0.984503153188388,45.002909212832],[0.984883859819607,45.00291340574134],[0.985587679312702,45.00265234588476],[0.985649527739202,45.00269759824972],[0.985749954899716,45.003823450375066],[0.986227837959948,45.005044399455436],[0.988378779897129,45.00966680588283],[0.989477646349169,45.01237335956935],[0.990439907376636,45.01375885547621],[0.993568881735115,45.01722434034778],[0.99469290833835,45.01799845723515],[0.995557804808128,45.01891740735899],[0.99720962913203,45.02112676094643],[0.998165140511458,45.021787026842546],[0.99963084929916,45.023167982571806],[1.000518411458033,45.0232433728081],[1.002980800810602,45.02096745424275],[1.003233246576484,45.02061892126963],[1.003261088369948,45.02019430559151],[1.003366843242844,45.02025564667808],[1.003454469973762,45.020113111645124],[1.003606683568232,45.0193700891854],[1.003507336973892,45.01923590920979],[1.003967742903041,45.01864612342205],[1.005498857604737,45.01733698082125],[1.00819943772406,45.015491241418566],[1.008787973717092,45.01547385142641],[1.008892533657007,45.01539015882906],[1.009254154062491,45.01532637555278],[1.012250010582631,45.01402712267845],[1.013733660186003,45.013581662767486],[1.014172668200487,45.013232834165315],[1.014553266201053,45.01274065731293],[1.014979091381303,45.01179625293484],[1.015873003875962,45.010648538011544],[1.015760756372118,45.01055556997435],[1.015777502307833,45.010405458057335],[1.016026651980901,45.010038827365875],[1.017264681582529,45.00953400404045],[1.018001040912599,45.00949938551349],[1.018597937110114,45.00956675584185],[1.018850262317465,45.00971985691627],[1.021617654467581,45.010236528962295],[1.022431129860079,45.01075085291314],[1.022749777519871,45.011291506406046],[1.023653052235461,45.01185244943306],[1.024066671185475,45.01225698449586],[1.025630708415564,45.01305660632664],[1.026586893204029,45.01377517809962],[1.027438760973443,45.0144999985454],[1.027712170697104,45.01484889564238],[1.028018065139527,45.015032646298074],[1.030843053305159,45.01536546904251],[1.032281391597078,45.01530264241571],[1.032322675274041,45.015392537415195],[1.032948701670946,45.01564497933898],[1.033081616867422,45.01580134078129],[1.033843672188989,45.01568781232337],[1.034836173690357,45.01577379038632],[1.037123214436756,45.01613207881549],[1.038376405366168,45.016461296133166],[1.043316502408685,45.016409549797906],[1.044893659628683,45.01608060517433],[1.04692241689311,45.01543622911441],[1.048221669788466,45.015975094713816],[1.048358050973888,45.01596037374574],[1.048390648821132,45.01608163291739],[1.04900561411451,45.016398636295946],[1.051059285145816,45.0170074304483],[1.053355453570075,45.01794736427355],[1.053767843775463,45.01634871248312],[1.055029178219163,45.01428935474115],[1.055135884252888,45.013520261913435],[1.05526795161238,45.011801425750754],[1.055238936973564,45.01139382466625],[1.054946381261662,45.0105682194926],[1.054976203669163,45.00989235225931],[1.05517468906399,45.00958779860902],[1.055246552144543,45.008322740527696],[1.055712935212911,45.007396015273635],[1.056262404714809,45.00586730498677],[1.056292913103706,45.00550037311764]]]]}},{"type":"Feature","properties":{"fid":1925,"ID":"COMMUNE_0000000009754736","NOM":"Aubas","NOM_M":"AUBAS","INSEE_COM":"24014","STATUT":"Commune simple","POPULATION":615,"INSEE_CAN":"25","INSEE_ARR":"4","INSEE_DEP":"24","INSEE_REG":"75","SIREN_EPCI":"200041168"},"geometry":{"type":"MultiPolygon","coordinates":[[[[1.164165232722771,45.09124927503334],[1.163079388767214,45.09206267490801],[1.158366890985933,45.094622887253],[1.158017404666568,45.094926032506514],[1.157984015495839,45.09512902588469],[1.158195183039655,45.095435131285804],[1.157964762610354,45.09552048715544],[1.158604071482232,45.09610836238645],[1.158642083036268,45.09638278564093],[1.159600174035342,45.09690567061827],[1.160194646327168,45.09754323205475],[1.160972702749134,45.09936546200446],[1.16047556686136,45.09959502879179],[1.160431678005493,45.10000139503794],[1.160190350380122,45.10030182951724],[1.16003471692137,45.10089638705022],[1.161707627145339,45.101147346959024],[1.161575764634378,45.10260511452466],[1.162248043355204,45.10285126731463],[1.163216631169779,45.102904157191475],[1.163836424748741,45.1027738674939],[1.164157317421237,45.10307096073006],[1.165006260492197,45.10339836174606],[1.165358016139587,45.103414058390946],[1.166225799571263,45.10371023753624],[1.166490974605189,45.10365155431289],[1.166754069658334,45.10338478798213],[1.167255809575799,45.10340294502171],[1.167640286956392,45.10385598364144],[1.167503351231366,45.104541823148054],[1.167238179777459,45.104716691726736],[1.171124490374994,45.107755334368534],[1.171797384267909,45.10806358254887],[1.173104130393951,45.10824081435063],[1.17337317593852,45.10790838296589],[1.173546408068423,45.107394253156],[1.174865646210938,45.10679891947457],[1.177148448073399,45.106957854721415],[1.176264793672387,45.106092297985306],[1.176415199764638,45.10596506620754],[1.175478712879988,45.10492661654627],[1.176226002345242,45.10443538679179],[1.17721765549223,45.10335282564549],[1.177673720992297,45.1030945933918],[1.178381634894694,45.102990881714945],[1.178696070002294,45.10282489804229],[1.179065323163944,45.10031184515034],[1.178810869946698,45.09777779687803],[1.18039423672912,45.09749743874878],[1.179589461984406,45.09678990726516],[1.178241785389181,45.09647157955935],[1.177743159500799,45.09565735853261],[1.178102260697711,45.095563258036165],[1.178697424367686,45.0958341693748],[1.181330787261456,45.0942713330806],[1.181986085144668,45.094139723066796],[1.181775926079459,45.09368147389595],[1.181139922711589,45.093493671696955],[1.181063519819428,45.09318440741061],[1.181119855573737,45.09262513134058],[1.181278247818943,45.0922899777113],[1.181615015366857,45.092217117240125],[1.182111543229766,45.09176679355848],[1.183046588065618,45.09163343593517],[1.185176489035798,45.09182304669067],[1.186405044652483,45.0920483890646],[1.186376073614119,45.0918047464302],[1.18722891193018,45.09193210062281],[1.187947179196544,45.09173933674607],[1.188936590001661,45.09287130331612],[1.18905281470284,45.09364053172832],[1.189525217001248,45.09385535192739],[1.189990657760341,45.09459962966446],[1.190516296053358,45.09505577921534],[1.190890440442852,45.09532123500549],[1.192336390099979,45.096022871382516],[1.193331631741821,45.09634972578402],[1.194120835658138,45.096481398379716],[1.195020737119188,45.096414016803465],[1.196129519961665,45.0962176156178],[1.197954495618168,45.09565632043639],[1.200198886881846,45.09474421865377],[1.201251008784871,45.09452883988461],[1.203537644883543,45.094317144093935],[1.205819987975699,45.093604582580966],[1.207505086204085,45.09244286508627],[1.209828379287467,45.0910428027405],[1.211271224095175,45.090612952722076],[1.21222073625791,45.089984239183636],[1.213383697094199,45.08987680018611],[1.214413525783648,45.090036503566694],[1.215690362490596,45.09042440802653],[1.216107579493608,45.090737299565035],[1.217314316262692,45.09013427527813],[1.218026509532782,45.0878535732921],[1.218835430693784,45.08772330508143],[1.22027536967105,45.08781925952976],[1.221378156817613,45.087763013412534],[1.225181180290298,45.08783084674379],[1.225676318344006,45.08757214634407],[1.228235875879474,45.08559547339515],[1.229440289305495,45.085258869480036],[1.230586931125955,45.08518071444826],[1.231839169429565,45.08489888158288],[1.232124052571455,45.08477461245199],[1.232733203951383,45.084285330386464],[1.233478920808198,45.083939607460444],[1.234033379417434,45.08320898623221],[1.234770583125397,45.08252808974503],[1.235015864664349,45.08208706888347],[1.235541898351036,45.081571238840304],[1.235942144154506,45.08133530904612],[1.236185843213942,45.08098432279702],[1.23627538943035,45.08056334994949],[1.23584269723984,45.08021606679368],[1.235623660761808,45.07954343924466],[1.235078506239155,45.07869182710119],[1.234595920125463,45.07718735458826],[1.234053119329712,45.07606108607127],[1.234440736926914,45.07570067709978],[1.234851253390605,45.07574230521363],[1.236775414009906,45.07506488523032],[1.237067761267715,45.07502448025396],[1.237042177612603,45.07450532001231],[1.23846032902111,45.075000573216286],[1.238908357550339,45.07461768839084],[1.238853796645918,45.07429170342891],[1.239275506600882,45.07389669331682],[1.239672156523507,45.07389395448333],[1.240437192676891,45.07300902508703],[1.239093387906794,45.07144504006646],[1.237784428505533,45.071157762218554],[1.236411239351594,45.07065060235872],[1.235108347703189,45.07130003002807],[1.23484754747201,45.07106624120346],[1.234207238646794,45.07133978931799],[1.233531528062059,45.07080221713332],[1.232017791435971,45.071043888904974],[1.231404790537746,45.07133766804832],[1.231426524149106,45.07157487551643],[1.228959491730087,45.07205804632898],[1.228536547292723,45.07204862072717],[1.227707665962184,45.071813886717926],[1.226345077426956,45.071976830782226],[1.223054776650216,45.07176679514563],[1.222735410892415,45.07113757157028],[1.222007622234656,45.0688428884096],[1.22231157882998,45.068596465970984],[1.22232069149486,45.06758971896975],[1.22264392888365,45.06697615092588],[1.223249357466476,45.06712090093178],[1.224532936986721,45.06764210828114],[1.22464875478098,45.06651547898891],[1.220695674234268,45.06589673108174],[1.2188047941902,45.065173037723675],[1.218303219262007,45.06508035882448],[1.217773087950474,45.06508628897755],[1.217615018333907,45.06446323305917],[1.218116286828426,45.06177209613975],[1.218133151785397,45.060763672849035],[1.21786070238765,45.06030089951043],[1.217807367532691,45.05994069939071],[1.217471466638877,45.059555263713435],[1.217405454751389,45.05915433272492],[1.217101809245952,45.05851453705154],[1.216209040782357,45.05797968641296],[1.215001294812879,45.05744068196718],[1.214416388550852,45.057413294921794],[1.214027657789327,45.057290882939085],[1.213227557206344,45.05672056821157],[1.212426739772921,45.05605386981842],[1.210941410066908,45.05398561701458],[1.209787094788346,45.05285300406876],[1.209394153603884,45.052585508056076],[1.208032806734366,45.05319855039992],[1.205403972583882,45.05414960875081],[1.20465348609498,45.054492358811444],[1.201930099974253,45.056207341787974],[1.199493970154762,45.05799355136889],[1.196924435246209,45.059458730859866],[1.192299349143865,45.06149303396042],[1.191219260343328,45.061726775938354],[1.186919233219452,45.06203153259563],[1.183250376450128,45.06293452968325],[1.178400879604979,45.063756865860924],[1.176878592379351,45.064141749897296],[1.17660947843395,45.064717351350254],[1.176609539546631,45.06498844211816],[1.177012766369992,45.06583532949416],[1.177704314210224,45.06692199651949],[1.176846036146959,45.06720786424461],[1.176325397744788,45.06750645806167],[1.176550017934952,45.06775060325418],[1.175586987223771,45.0684031053705],[1.174331864869094,45.06795744640642],[1.173352436269306,45.06770992955624],[1.171474771208914,45.068464478953175],[1.172117499658558,45.069136990962214],[1.172574317474722,45.07024866055978],[1.173497597119099,45.07101042512789],[1.173971789778245,45.071240654209156],[1.176806162165199,45.07174639439235],[1.179320072037885,45.07245397067374],[1.181964760280797,45.07293306182033],[1.184789650858614,45.07389235957005],[1.183295231534199,45.075486436917366],[1.182598924784394,45.07512653743446],[1.182409867229563,45.07511624851863],[1.181124753917667,45.07648585304449],[1.181334689981709,45.076831519941024],[1.180701485550078,45.078048744943914],[1.18059120553993,45.07909438004493],[1.180835297445437,45.08108696267325],[1.180690259304971,45.08171593871325],[1.179371061871918,45.08287692559876],[1.178054693654748,45.08340299707716],[1.1778741795815,45.08363691250436],[1.177492978523534,45.08452861164726],[1.177771068678453,45.08465564552634],[1.17779625550756,45.08481907225642],[1.177571722266809,45.08511621267303],[1.177489258980073,45.0858912114801],[1.177106818901456,45.08600113845331],[1.17664194460804,45.08707969985655],[1.176054983158536,45.0855858476294],[1.174846187250628,45.08589028597989],[1.173785970923782,45.08627730292915],[1.171953541660037,45.08551234070975],[1.171314052011474,45.08617372398896],[1.170942764645982,45.08601992644953],[1.170246140280315,45.086717292379795],[1.169337201683051,45.087375141496814],[1.167473737921523,45.08895485700874],[1.164165232722771,45.09124927503334]]]]}},{"type":"Feature","properties":{"fid":2048,"ID":"COMMUNE_0000000009755156","NOM":"Journiac","NOM_M":"JOURNIAC","INSEE_COM":"24217","STATUT":"Commune simple","POPULATION":481,"INSEE_CAN":"25","INSEE_ARR":"4","INSEE_DEP":"24","INSEE_REG":"75","SIREN_EPCI":"200041168"},"geometry":{"type":"MultiPolygon","coordinates":[[[[0.881816493076533,44.94448436150349],[0.88173290865633,44.94495112461011],[0.881622413884785,44.94508952575348],[0.881185938709335,44.94536312134501],[0.879647232250197,44.9460417204661],[0.87905631409156,44.94580437546888],[0.878102925338118,44.945996040769806],[0.877789082114332,44.94591078925301],[0.876852032540059,44.945402922759726],[0.874632340764318,44.94550911844288],[0.873800920866491,44.945995802263575],[0.872309015707973,44.94714265413016],[0.871164871167079,44.947513449403154],[0.870059197762379,44.94817319076982],[0.867348694974094,44.94860849786801],[0.865535244949689,44.94940052741126],[0.864867704293267,44.94984345805329],[0.864075605867201,44.95179084870053],[0.863775413290047,44.95184632787401],[0.863172698929353,44.95251746951824],[0.862966125217378,44.953144884180595],[0.862555732522829,44.95549140579909],[0.861740468041749,44.95641245059264],[0.859872126458615,44.95883269682866],[0.858705755940189,44.96004239163402],[0.858673144728535,44.960497515555],[0.858758276858739,44.9605604023161],[0.858508469153271,44.96059071851408],[0.858249838226496,44.961449504427],[0.858129052187208,44.96361425317069],[0.857512725039345,44.96463637980825],[0.857720797292421,44.96606349014876],[0.85821807030482,44.96689540561024],[0.858287615130847,44.9672336058809],[0.858310619619494,44.96928763982679],[0.858862618843775,44.97064751479054],[0.858357523495148,44.97101518163731],[0.858012312957471,44.97164802925128],[0.857795181878057,44.97234909424103],[0.857319738123161,44.97273714351328],[0.854330194304756,44.97396390461881],[0.853190890951349,44.97452196988093],[0.852988225257991,44.975770933043236],[0.852597462490498,44.97619932853833],[0.852197747696221,44.97649694819477],[0.851975306069073,44.977102427599306],[0.851952715413058,44.97845304459783],[0.851680988201649,44.979152145895156],[0.851368538790369,44.979589256326975],[0.850887044329952,44.980033007663714],[0.849820385155824,44.98057893543654],[0.849277391256304,44.981103455528604],[0.851150139258108,44.982140332267505],[0.852523434565706,44.98243526341989],[0.853221498934216,44.982665807565034],[0.855134423578942,44.983617823902975],[0.856035157997178,44.983826137337296],[0.856888555295961,44.98367955538752],[0.858985645838144,44.98356772048302],[0.859306248901385,44.98368017362845],[0.859681784586933,44.98361714535684],[0.860013253173477,44.98374421672001],[0.86013272517694,44.983872613263344],[0.860819703015746,44.98406236406179],[0.861161372526803,44.98402209771317],[0.864486594893626,44.98555232473078],[0.864498417890766,44.98664059783789],[0.864805801819443,44.98733373279746],[0.865485251001696,44.98822225301215],[0.866188098420352,44.989596695396486],[0.866352469162964,44.98977998819341],[0.866657182521186,44.98991102935182],[0.867966658153133,44.99185642642432],[0.86809645798563,44.99224801660452],[0.870686165442814,44.9940107443411],[0.871249379818148,44.994288129514175],[0.872289271537862,44.99331184741599],[0.873102816068402,44.99331479341683],[0.873248401038742,44.992388955369734],[0.873616236564996,44.992362660565014],[0.874105382703506,44.9910128539119],[0.87467071896283,44.98996263279547],[0.87473956989714,44.989385699882284],[0.874909325853378,44.98895930980575],[0.877061601912183,44.98779707155752],[0.878150574294912,44.987362095248486],[0.879882089144846,44.98728702507452],[0.8805172605559,44.987406311421495],[0.885005122917034,44.98774482165916],[0.886003035134358,44.987635891084096],[0.887950814378421,44.987749447098466],[0.888199027766429,44.98793249665963],[0.88906892541133,44.98778508067484],[0.890205491963621,44.98776881281327],[0.8914957732799,44.98754648626645],[0.89295926527154,44.98771292205893],[0.893797743710723,44.987556768083415],[0.894557026336017,44.986974883319725],[0.894665003968707,44.98595914574485],[0.895207635770022,44.98526507392046],[0.894975199639729,44.982837818024365],[0.895093696520435,44.981913250280456],[0.895259335200095,44.98149035828103],[0.896803441758011,44.979843382660505],[0.897168474476248,44.97931437453502],[0.898056012118034,44.97845568136097],[0.898355772899484,44.97787319650851],[0.898528334552783,44.97709556065446],[0.899011595674686,44.97649222288773],[0.899511260800899,44.97606032367905],[0.899626034032333,44.97553739062948],[0.899881499639892,44.97532334782496],[0.900781360491749,44.97511516417401],[0.90098856149459,44.97500378692767],[0.901972766117472,44.9738983010043],[0.902403619700583,44.97316786565176],[0.902441344043533,44.972838025577204],[0.902766850638351,44.97217585579955],[0.904291343957251,44.97294045310477],[0.905266514041677,44.97288857117052],[0.905700510748707,44.97241217639032],[0.905917630261696,44.97254416195242],[0.908231704058728,44.97306327083183],[0.909627207411535,44.97303636857809],[0.910709820289124,44.972825236139784],[0.911477449002611,44.97251991176251],[0.911886587849698,44.972096167389616],[0.912004338550839,44.97176242366519],[0.912006697497616,44.971460739408904],[0.91144252536051,44.970767428651214],[0.911396182683084,44.970410788879256],[0.911668525566434,44.97004842505226],[0.91246702885042,44.96962838742768],[0.913526876298452,44.96920874452937],[0.914306070671648,44.96899999201068],[0.915226245858991,44.9689235751569],[0.915424064268167,44.968721928253316],[0.916032097944826,44.96748588216307],[0.916135497392911,44.96688886771394],[0.916472065921935,44.96640160177249],[0.916902795635818,44.96611154631093],[0.917477579215857,44.96590524824707],[0.920056155711445,44.96589046066956],[0.919677863687093,44.96675073783386],[0.920110157832697,44.96699930520118],[0.92127253348618,44.96630950361833],[0.922172271546743,44.96589309283124],[0.923072564961551,44.96563250261464],[0.92324225128152,44.96543572137686],[0.925097449649148,44.96480925622491],[0.925424302870173,44.96465053075897],[0.925975861703624,44.964590566659005],[0.926203125387779,44.96448312135055],[0.926205887373009,44.96437419105318],[0.925957918583151,44.96414980136031],[0.925929462900438,44.96365029609169],[0.925310753148291,44.96302269175072],[0.925206746221939,44.96267939496854],[0.925629852899581,44.96101653563329],[0.925197164880809,44.95975111998531],[0.925246690023297,44.959441311195256],[0.92552615755997,44.95898538001834],[0.925536243587558,44.958575761157036],[0.925263312942136,44.95827254533704],[0.924105258431784,44.95785823594165],[0.923335115070342,44.95710890353696],[0.923202809866492,44.956776785267785],[0.923350484305218,44.95648862555933],[0.923305177611007,44.95606806486526],[0.923451183070588,44.955859133323514],[0.922425788708669,44.95576882410869],[0.922132373423197,44.95547152222618],[0.920339106932077,44.954983152538574],[0.919785321864517,44.955310545859255],[0.919186574232803,44.95490124297391],[0.919110732119442,44.95468906540924],[0.918720296732024,44.95498978834124],[0.918376112378618,44.95500135828973],[0.918297699533663,44.95441445081093],[0.917819289590123,44.95441990298249],[0.917260549722767,44.954129327214844],[0.917260398567767,44.953962699314424],[0.916908769181129,44.95376516827917],[0.915940655046477,44.95431895459565],[0.914246904407238,44.954362849259994],[0.913839060398743,44.955130680403265],[0.912468115825666,44.95556609512801],[0.911898864400714,44.955558107553294],[0.911520282414156,44.955403285571386],[0.911468445647742,44.95505825280153],[0.911127316491929,44.954306983421574],[0.910437652929266,44.95324203174899],[0.910355381419361,44.95269287330977],[0.909541858407597,44.95182103486582],[0.909424606476209,44.95156393825892],[0.909556482391462,44.9513268377781],[0.909601121072253,44.950708010968846],[0.909846848032854,44.9504109042337],[0.909909940295546,44.950181517037],[0.909676973752491,44.94894591122153],[0.908848229687755,44.94715779284458],[0.908814974656759,44.94675726681163],[0.909188716162215,44.94595188669589],[0.909150425359712,44.94582236978205],[0.908661798649083,44.94535563458144],[0.908486709481969,44.94532351877328],[0.908348332824888,44.94519121772703],[0.907693619398328,44.943873816398224],[0.907418270114073,44.94363986148445],[0.906750918966054,44.942220440144794],[0.905973353139996,44.9412402697051],[0.9055973281651,44.941053950591304],[0.905205564372888,44.94108529720041],[0.904151468250184,44.940854668460254],[0.903677091575115,44.94160319197982],[0.901366269133004,44.94370950488464],[0.899802958318705,44.94549304561533],[0.89925749502644,44.94539447221867],[0.899114976019865,44.94517021171095],[0.898333249483498,44.94508157908363],[0.895540836279208,44.94399296719593],[0.894989702393356,44.944552662345224],[0.894732398281306,44.944683792282184],[0.893481663250604,44.94408276124108],[0.894258678331967,44.943418370387796],[0.894606448997253,44.942769262864864],[0.895625136694266,44.94144293786535],[0.895175152770504,44.941166916070166],[0.894415230487434,44.94161367139069],[0.894095996312793,44.94157069584657],[0.893670189980289,44.94169772978495],[0.893209196449134,44.94201864211666],[0.892660538615941,44.94268104996928],[0.892167584341886,44.94287345575603],[0.891736480276481,44.943208439430606],[0.89103712008766,44.9433248709215],[0.890417622643376,44.943341036763904],[0.889649458055105,44.943566937644476],[0.888240143696172,44.94347442289754],[0.886438107124669,44.943572573807316],[0.886116936054868,44.94378263044413],[0.88545791894625,44.943837647281846],[0.881816493076533,44.94448436150349]]]]}},{"type":"Feature","properties":{"fid":2120,"ID":"COMMUNE_0000000009755577","NOM":"Audrix","NOM_M":"AUDRIX","INSEE_COM":"24015","STATUT":"Commune simple","POPULATION":272,"INSEE_CAN":"23","INSEE_ARR":"4","INSEE_DEP":"24","INSEE_REG":"75","SIREN_EPCI":"200041168"},"geometry":{"type":"MultiPolygon","coordinates":[[[[0.941467480898213,44.89423768656771],[0.942015994858413,44.893688546698776],[0.942129029733907,44.8937158594391],[0.942998169737949,44.89323389981055],[0.943344898483494,44.893211500280486],[0.944009134467023,44.8928230088356],[0.944950146510797,44.89141559539534],[0.946071483865764,44.890445624005444],[0.947020946094586,44.889982232804485],[0.948068010278138,44.889725084653726],[0.949173996307878,44.88958880125943],[0.950423157188673,44.88907057252273],[0.951056415808255,44.888694979253295],[0.952192305626362,44.888328652262345],[0.952406990763253,44.88848662161392],[0.953764665288793,44.88836123811468],[0.955639873678607,44.887975172649845],[0.956516943615062,44.88772202201924],[0.9564045522057,44.88753802326735],[0.95928529044632,44.8864300665386],[0.959665177579566,44.88619117091807],[0.960390770619344,44.88543354840717],[0.962929816695853,44.883926544261506],[0.963076535043928,44.88410756304599],[0.963404729280611,44.88319762872296],[0.963768084382017,44.88327364181425],[0.964243096723604,44.882611372518355],[0.965861312699483,44.881653924436044],[0.966028948253482,44.881782184441214],[0.96687342672749,44.88165534860625],[0.968032779879847,44.88119382660256],[0.968469088366193,44.88159899269879],[0.971703575408837,44.88057195059658],[0.972650490029845,44.88058924362366],[0.972867559896959,44.88036624559048],[0.972963134063415,44.88010500370368],[0.973019301674827,44.879181072671784],[0.973179755356889,44.87898225857536],[0.974900229386207,44.877254704406624],[0.975114910099278,44.876851531487],[0.977127664268594,44.87526977571907],[0.977041256780663,44.87492595944426],[0.976304486530358,44.8740713380085],[0.975601392245933,44.87418010617746],[0.971980967237076,44.87492821012136],[0.971417214272199,44.874720671363875],[0.970475397104878,44.87470526049521],[0.969315452040741,44.874031988540274],[0.968044644674591,44.8735178895026],[0.967262968417286,44.87275334825437],[0.966343743009807,44.87215019807152],[0.966285729605691,44.87224820566971],[0.96584506786553,44.872000562642874],[0.965594954825761,44.87191222027638],[0.965425503584254,44.87193973675537],[0.964572014242966,44.87158545193832],[0.963801834755994,44.871588441018005],[0.963050990618496,44.871337799112304],[0.962273439317212,44.87150906194469],[0.961463741337321,44.87134469100101],[0.960545804484198,44.87109186426921],[0.95984935133014,44.87080887583998],[0.958585873237408,44.87051545782507],[0.957787397148416,44.87014772116373],[0.957078088157463,44.86966183424937],[0.956835342386722,44.86916291506706],[0.956800516049999,44.868310267913415],[0.955827460789705,44.86738180669902],[0.95540191829512,44.86880779042349],[0.954440286080461,44.869199867366994],[0.953931746008785,44.86953093846219],[0.953079217276835,44.8696395113107],[0.952442729241216,44.869276523363446],[0.951579171734034,44.86937497418606],[0.950572355212056,44.86919968029166],[0.949849594667771,44.86898008794033],[0.948342028190224,44.86916478867449],[0.947950507383954,44.869307959783235],[0.946458852026846,44.87013058541967],[0.94580451930059,44.8707408252755],[0.942447739405317,44.87154688544321],[0.940897743344613,44.87254038180427],[0.939962932388834,44.87305982556504],[0.939486029301366,44.873215793946805],[0.939760890544906,44.873526214266526],[0.939923100697535,44.873938118098565],[0.939996960438065,44.87451410156551],[0.939039400230614,44.87506553986633],[0.938340711614278,44.87574156385537],[0.939018559938745,44.8760126347129],[0.940056619366298,44.87665064420866],[0.940162661549693,44.876798516554416],[0.940442178855018,44.87681000639217],[0.941121331420763,44.87752961091806],[0.940652957346632,44.87769384916463],[0.941411099919289,44.878988629788324],[0.94229061133735,44.87935798667642],[0.943021230276765,44.88019561716667],[0.943994159089676,44.88050544663321],[0.94453941460926,44.880801947496686],[0.944599171971971,44.881038122771194],[0.944368933693493,44.881617480573546],[0.943806397382675,44.882242022192145],[0.943036925918301,44.88267088996986],[0.942580832064638,44.882810146613366],[0.941485134231547,44.88287630196897],[0.940733128280282,44.88310463326125],[0.940228740886283,44.88342041284633],[0.938916530415096,44.88400040071175],[0.937734260149853,44.884835869875204],[0.937024247328579,44.885540500751155],[0.935833280935078,44.885646261599646],[0.934683952083936,44.88527453789524],[0.934497718732895,44.88513687686287],[0.934151708345461,44.885347497536245],[0.933549162516301,44.885402934683725],[0.933349098539321,44.88471201374209],[0.932935382732102,44.884353058883775],[0.932499207146606,44.88412247754107],[0.932950599185578,44.883767918183075],[0.932574157542602,44.883325895111355],[0.933045916853512,44.88307168715176],[0.932661127065012,44.882684448769645],[0.932902486288608,44.88211612756627],[0.932622364399707,44.881845220237594],[0.931904079897701,44.88205160362408],[0.930305808457529,44.88166156353566],[0.929850913122039,44.881973715921745],[0.931994804106696,44.88230547587084],[0.931505732088383,44.882616998512276],[0.929613016957765,44.88224127758091],[0.929341477425377,44.88283694974057],[0.930621980933037,44.88274103401861],[0.930698779820473,44.883028872750515],[0.929876758594145,44.883196383527526],[0.928416140532271,44.88295478845244],[0.92811112674295,44.88311842052957],[0.927931288663563,44.88445523747814],[0.92830906554074,44.885203524219136],[0.928501174068253,44.88590241295234],[0.929336625738165,44.885955822019476],[0.930686949876573,44.885754928933636],[0.930873923700671,44.88621594489146],[0.928962115280548,44.886835081606144],[0.926392348747443,44.8860584963577],[0.924902062259095,44.8868232345537],[0.924577632016044,44.88713420240083],[0.924676316141806,44.88796014664556],[0.924836087308913,44.88826485203942],[0.924774101806264,44.88874194202776],[0.923911571679511,44.88921397635791],[0.922252978017438,44.88904605745492],[0.922559707316275,44.88931658889226],[0.922431730652185,44.88938534669102],[0.922578932402608,44.88958444361479],[0.923417411554916,44.890447643416785],[0.923548434403598,44.89108415576521],[0.923964602861398,44.8913423188013],[0.924312560367829,44.89132090239287],[0.924622129813766,44.891206900542215],[0.925009687718046,44.89083406527979],[0.926013369231752,44.89082849593363],[0.926218420882375,44.891896900850675],[0.924930714803952,44.89225022341699],[0.925249071448604,44.892549785399126],[0.925370338823292,44.893485131450824],[0.925127198415882,44.89426956514223],[0.92515039169813,44.89501304090577],[0.925818230527217,44.89672505617186],[0.925516940469557,44.897025652934055],[0.92574217016091,44.89758286351764],[0.926046035432073,44.89793258929335],[0.926862937992114,44.89801268724726],[0.927211530667267,44.89872981234526],[0.927257482424855,44.899098138379216],[0.92886550842047,44.8990308633559],[0.929096452997549,44.899091010243914],[0.929354937548746,44.8989886510443],[0.932832027022901,44.898440971230784],[0.933719375923032,44.89843226392309],[0.933901960457539,44.898773406437996],[0.934282254679771,44.90083487670807],[0.935458685750714,44.90030644807166],[0.936149396681224,44.89954652149235],[0.937030920672186,44.899627744720874],[0.937506745175859,44.89905926121901],[0.938400708078659,44.898249957138084],[0.938050383331661,44.89792101981539],[0.938371494348399,44.89770001563893],[0.93907385712144,44.89748338351738],[0.93939823381106,44.89717327237378],[0.940015537068224,44.89682266033157],[0.940810087812416,44.89619973142164],[0.940909767816165,44.89572783586391],[0.940318231837956,44.89479009550026],[0.940381886317755,44.89440219386367],[0.940597265943204,44.89405763512107],[0.940840247023178,44.89385859286823],[0.941467480898213,44.89423768656771]]]]}},{"type":"Feature","properties":{"fid":2139,"ID":"COMMUNE_0000000009755149","NOM":"Saint-Léon-sur-Vézère","NOM_M":"SAINT-LEON-SUR-VEZERE","INSEE_COM":"24443","STATUT":"Commune simple","POPULATION":430,"INSEE_CAN":"25","INSEE_ARR":"4","INSEE_DEP":"24","INSEE_REG":"75","SIREN_EPCI":"200041168"},"geometry":{"type":"MultiPolygon","coordinates":[[[[1.06513741171858,45.055161567081434],[1.068486970675222,45.054497376766214],[1.070494762261742,45.05301907419185],[1.071079985856692,45.052518539100646],[1.072501777265056,45.05211354136],[1.074061126143024,45.05147673434946],[1.075737489789504,45.05127874548223],[1.076543238877734,45.050311851542574],[1.077161621990018,45.05002711523945],[1.078364193386301,45.047899813309165],[1.08034071711936,45.04683690620688],[1.080874798763366,45.04674884079874],[1.081917931302222,45.046783924438756],[1.082139815758969,45.04672289891474],[1.082288415254709,45.04657594974873],[1.082559289964701,45.04586369537311],[1.082539048919702,45.04530494304611],[1.082278169570581,45.045058175634566],[1.082115182946004,45.044364569274464],[1.081311162452283,45.04354463630206],[1.081195433796679,45.04325173192291],[1.081197227621123,45.04271767675174],[1.080938614942674,45.0423682709067],[1.081079562098827,45.04199963167263],[1.081215120660954,45.041899293403944],[1.0819512490012,45.04188225392009],[1.082329672880572,45.04177528953776],[1.082677983713192,45.041583144278796],[1.08345384719164,45.040665228466565],[1.083700000696358,45.040525360904],[1.084504535951925,45.0402906242579],[1.084786011084831,45.04012073990899],[1.085699942457684,45.03991849843613],[1.085935453634706,45.03971809967327],[1.086272167453604,45.039715781271546],[1.086745551413749,45.03924567162189],[1.087495712838402,45.03941166888723],[1.088223340929668,45.039344906904034],[1.088922788887519,45.039396542093684],[1.089334406400095,45.0392838196553],[1.08974939271675,45.03870011476132],[1.089784392153169,45.037376763369444],[1.090372464234434,45.035442353820706],[1.091003517524258,45.035449572604016],[1.092534101632037,45.035077718790504],[1.093419849176197,45.03517755026929],[1.09430201007866,45.035457442385216],[1.094881934405118,45.0354367446996],[1.096152661054457,45.03516036659676],[1.096339378163512,45.03527253717972],[1.09839869456492,45.03496458151415],[1.096868962919471,45.03426656379225],[1.095963601821772,45.03362333540862],[1.09410683070739,45.0325720365335],[1.094490498618341,45.031786036189025],[1.094284556279363,45.030672016486164],[1.094324384453191,45.03009898775013],[1.094151656223276,45.02991229957259],[1.093386481354602,45.029891993020755],[1.09201350326146,45.03045118885884],[1.091115856267048,45.030367352586985],[1.089956324184315,45.03073744500242],[1.090333827042819,45.03043139683722],[1.090759862188717,45.029670453283636],[1.090777559089851,45.02877911813539],[1.090994524780524,45.0283757472561],[1.090935574249234,45.02783254823648],[1.091650651105539,45.026713598875425],[1.091837823492718,45.02561892215114],[1.092083279702128,45.02531060577991],[1.093815253735135,45.02401362860898],[1.096303016745922,45.022858345812686],[1.096827659821706,45.0224052874819],[1.097094599089272,45.02112733746021],[1.096827414065408,45.01938633337499],[1.096820268351736,45.01869992281354],[1.103805627617258,45.0179878497477],[1.103721053462052,45.01696058153818],[1.104416317787412,45.01697782809748],[1.104434904069824,45.01717898697816],[1.105502485121622,45.017000823730235],[1.105678533855514,45.01753969967743],[1.106346503026301,45.01689990451541],[1.107321167241972,45.016164449921895],[1.107700123150617,45.015659331291666],[1.108486176464864,45.01535656880487],[1.109132674721957,45.01527568870858],[1.109281488920924,45.014328045257166],[1.109198477685536,45.01377814757796],[1.10894829001936,45.01280211060452],[1.108660442551925,45.01222711684178],[1.108557958237964,45.01165257075584],[1.109050954652506,45.008144867720084],[1.108961588507586,45.00710671862298],[1.108463939575383,45.00605352508167],[1.106887818019646,45.00441909129325],[1.106076064176123,45.003834276521225],[1.104214637102892,45.002944275583346],[1.101898756963827,45.00160608123403],[1.101030231501,45.001238213874274],[1.100305874701265,45.00118622207952],[1.099378622878291,45.00127756385299],[1.098947740412764,45.00144312552451],[1.097698061564338,45.00216929706174],[1.096511792029843,45.00267228133352],[1.095882149940774,45.00304518055169],[1.094938228416369,45.003774752825635],[1.093587518322846,45.00437035957548],[1.092249508030549,45.00343688407356],[1.09154828722526,45.00270525024046],[1.091162254998069,45.00177727603633],[1.091532411947639,44.999147458376314],[1.091254124833395,44.999081441647334],[1.091673988505969,44.99808443266082],[1.090976715303889,44.99768609849848],[1.088927251903082,44.99685115092053],[1.087116329172848,44.998288072862195],[1.084384189325262,44.99982259264445],[1.083617640877114,45.0004110208905],[1.082945158439525,45.00129197166731],[1.082047157418795,45.00327141670845],[1.081820635978482,45.003472858456306],[1.081467858751649,45.003691036599726],[1.078989233806943,45.00433636662981],[1.078939672411371,45.00411575436431],[1.078499707136654,45.003914520213364],[1.078390464915363,45.00295435061858],[1.077883243175715,45.00234576289616],[1.077671545510754,45.002225923172816],[1.077576453464312,45.0016676836526],[1.075855413420314,45.001916235860364],[1.075359390065876,45.00072421355452],[1.075093786991957,44.99940288035564],[1.074941996487636,44.99750350267596],[1.073806699028536,44.99342016094822],[1.073051132667829,44.991917417523695],[1.072133926645586,44.99039205395064],[1.071487201745955,44.98982244804618],[1.070734692747022,44.9895977505276],[1.069652631324056,44.989544756487824],[1.068196663029489,44.98977166391582],[1.067408697018495,44.99017047272505],[1.066798474241784,44.99067774001309],[1.067300096391879,44.99217791876093],[1.067146418141659,44.99221757923474],[1.066136106786271,44.99328349603968],[1.065681092171509,44.99399970337614],[1.06537885946221,44.99407730770482],[1.064710667788802,44.99398282787139],[1.062321971345113,44.994786957806554],[1.061877606775564,44.99479002585895],[1.061117992749799,44.9946597074153],[1.059613721481422,44.994040858915575],[1.058987996204935,44.99436948775831],[1.059023395636645,44.995252737778365],[1.058897260786352,44.996108852574814],[1.058726440356317,44.99664265727019],[1.058386477531486,44.99711226648452],[1.05808656209158,44.9986966734505],[1.057518742927239,44.99929379822546],[1.056994606557212,44.9995827612171],[1.056770219930812,45.00023271271758],[1.056682583927543,45.00151460500533],[1.056447692688954,45.002174280080084],[1.056292913103706,45.00550037311764],[1.056262404714809,45.00586730498677],[1.055712935212911,45.007396015273635],[1.055246552144543,45.008322740527696],[1.05517468906399,45.00958779860902],[1.054976203669163,45.00989235225931],[1.054946381261662,45.0105682194926],[1.055238936973564,45.01139382466625],[1.05526795161238,45.011801425750754],[1.055135884252888,45.013520261913435],[1.058687445772441,45.01392000998641],[1.059588139265979,45.013943822291964],[1.060833581119032,45.01427895460394],[1.062558233416443,45.015590613678164],[1.064216103237875,45.01575095451253],[1.06451737216648,45.01566793015877],[1.064460410543752,45.01555255719218],[1.064685244271171,45.01555016224505],[1.065782888435804,45.01512972594329],[1.066332810435029,45.01486908666098],[1.066475643488287,45.01470404745853],[1.067593023013073,45.01488827152773],[1.068387138523716,45.01520467370349],[1.069146088920244,45.015657358512875],[1.069580403229359,45.01602425044097],[1.070307230570949,45.01626741969938],[1.071108674085647,45.01780971038851],[1.071428829843614,45.0182106423749],[1.075563208274537,45.02095081630637],[1.077096447986301,45.0220833075139],[1.078123326171128,45.022985476667074],[1.078580530733404,45.02365084158714],[1.079450363287889,45.02602284549426],[1.079943516931297,45.02634477753022],[1.077690212635809,45.02872052911571],[1.075807421021268,45.03047309008964],[1.073912412215772,45.03158054504834],[1.073792409231684,45.0315613565739],[1.072620161905806,45.03211208181121],[1.070705211539757,45.03287328931255],[1.070205407656894,45.033223086755186],[1.069111898751698,45.03366165906478],[1.068781689296964,45.03399187522384],[1.068510910608383,45.034440206331354],[1.067864185020669,45.036175351279546],[1.067557063192015,45.03741832695109],[1.067517922765337,45.03818410388054],[1.067846081292471,45.03949664737208],[1.06756402025044,45.04126424018601],[1.067180514354228,45.041922267242086],[1.067084223555259,45.04228265906895],[1.067245557211509,45.043496840268155],[1.067202066178594,45.043836533052975],[1.066517546358583,45.045484558212415],[1.065115699579292,45.047374104994184],[1.064691033572818,45.048522268675114],[1.064669765645278,45.051304930210364],[1.064312889438096,45.053136971106966],[1.0643770701947,45.053448813610636],[1.065052675806616,45.05456205787551],[1.06513741171858,45.055161567081434]]]]}},{"type":"Feature","properties":{"fid":2146,"ID":"COMMUNE_0000000009755363","NOM":"Le Bugue","NOM_M":"LE BUGUE","INSEE_COM":"24067","STATUT":"Commune simple","POPULATION":2638,"INSEE_CAN":"25","INSEE_ARR":"4","INSEE_DEP":"24","INSEE_REG":"75","SIREN_EPCI":"200041168"},"geometry":{"type":"MultiPolygon","coordinates":[[[[0.877023971398499,44.909379861929956],[0.876514760843492,44.910543711174306],[0.876220322772609,44.912026901850254],[0.875389273572282,44.91335392229153],[0.875286986895031,44.91401306376479],[0.875082647267534,44.91445499141145],[0.87439484807871,44.91511103857528],[0.875439047899763,44.915687630491554],[0.875686464068948,44.915915729643146],[0.874981426599421,44.91652461604296],[0.875284823498564,44.91678080715624],[0.875133712841416,44.917022001279044],[0.876303097159078,44.91804321187681],[0.877260148840151,44.91868026685852],[0.878110588259385,44.91905317990504],[0.877544894725825,44.91989892087919],[0.878431197277602,44.920095082552976],[0.879051397130948,44.92082476376564],[0.879420810175382,44.920777773835326],[0.882168983209541,44.92098510476172],[0.882722308920228,44.92137213305507],[0.883251886255441,44.92154884818983],[0.883815315289417,44.92190363893343],[0.883050403735161,44.92319234970157],[0.882855348503073,44.923792087932384],[0.882766542132465,44.92476763210029],[0.882420817716598,44.92559687436584],[0.882199111957147,44.92730484063944],[0.882458314719099,44.928599553361884],[0.882388537188625,44.92886932837969],[0.88181230046666,44.92935552190906],[0.881554632236332,44.929262343679525],[0.881399367609184,44.93038523437875],[0.881264833112768,44.931966066531395],[0.882140966788125,44.932906864748695],[0.882439094614253,44.93347366985027],[0.882082134168345,44.934867427587044],[0.882113550182155,44.93527783640658],[0.882368851945659,44.93634100216645],[0.883248258782288,44.9379699746412],[0.883090104369796,44.93970708088294],[0.883206589054152,44.94051811237088],[0.88250879388031,44.941735154470564],[0.881936162775567,44.942357424924325],[0.881777901989937,44.943525298191],[0.881518004995005,44.94379145121883],[0.881638370581448,44.94406304967866],[0.881886369999278,44.94424611100691],[0.881816493076533,44.94448436150349],[0.88545791894625,44.943837647281846],[0.886116936054868,44.94378263044413],[0.886438107124669,44.943572573807316],[0.888240143696172,44.94347442289754],[0.889649458055105,44.943566937644476],[0.890417622643376,44.943341036763904],[0.89103712008766,44.9433248709215],[0.891736480276481,44.943208439430606],[0.892167584341886,44.94287345575603],[0.892660538615941,44.94268104996928],[0.893209196449134,44.94201864211666],[0.893670189980289,44.94169772978495],[0.894095996312793,44.94157069584657],[0.894415230487434,44.94161367139069],[0.895175152770504,44.941166916070166],[0.895625136694266,44.94144293786535],[0.894606448997253,44.942769262864864],[0.894258678331967,44.943418370387796],[0.893481663250604,44.94408276124108],[0.894732398281306,44.944683792282184],[0.894989702393356,44.944552662345224],[0.895540836279208,44.94399296719593],[0.898333249483498,44.94508157908363],[0.899114976019865,44.94517021171095],[0.89925749502644,44.94539447221867],[0.899802958318705,44.94549304561533],[0.901366269133004,44.94370950488464],[0.903677091575115,44.94160319197982],[0.904151468250184,44.940854668460254],[0.905205564372888,44.94108529720041],[0.9055973281651,44.941053950591304],[0.905973353139996,44.9412402697051],[0.906750918966054,44.942220440144794],[0.907418270114073,44.94363986148445],[0.907693619398328,44.943873816398224],[0.908348332824888,44.94519121772703],[0.908486709481969,44.94532351877328],[0.908661798649083,44.94535563458144],[0.909150425359712,44.94582236978205],[0.909188716162215,44.94595188669589],[0.908814974656759,44.94675726681163],[0.908848229687755,44.94715779284458],[0.909676973752491,44.94894591122153],[0.909909940295546,44.950181517037],[0.909846848032854,44.9504109042337],[0.909601121072253,44.950708010968846],[0.909556482391462,44.9513268377781],[0.909424606476209,44.95156393825892],[0.909541858407597,44.95182103486582],[0.910355381419361,44.95269287330977],[0.910437652929266,44.95324203174899],[0.911127316491929,44.954306983421574],[0.911468445647742,44.95505825280153],[0.911520282414156,44.955403285571386],[0.911898864400714,44.955558107553294],[0.912468115825666,44.95556609512801],[0.913839060398743,44.955130680403265],[0.914246904407238,44.954362849259994],[0.915940655046477,44.95431895459565],[0.916908769181129,44.95376516827917],[0.917260398567767,44.953962699314424],[0.917260549722767,44.954129327214844],[0.917819289590123,44.95441990298249],[0.918297699533663,44.95441445081093],[0.918376112378618,44.95500135828973],[0.918720296732024,44.95498978834124],[0.919110732119442,44.95468906540924],[0.919186574232803,44.95490124297391],[0.919785321864517,44.955310545859255],[0.920339106932077,44.954983152538574],[0.922132373423197,44.95547152222618],[0.922425788708669,44.95576882410869],[0.923451183070588,44.955859133323514],[0.923636918613593,44.95574191173151],[0.924439345245996,44.955721768042686],[0.925530439361878,44.95547643243245],[0.926697753746012,44.955330681100065],[0.926964440393969,44.95521946703126],[0.926889919745675,44.95394182347155],[0.927022462402249,44.953719126591494],[0.927280162176882,44.95354199528528],[0.928075679166407,44.95346765680539],[0.929033679575646,44.95229121465892],[0.929746647729486,44.951909999158],[0.929758529813929,44.9514508778664],[0.930038481235075,44.95094540992543],[0.930976810893362,44.95016218038013],[0.93118505989832,44.94939958510646],[0.931444354005413,44.94917834180384],[0.932070432426837,44.94950072083548],[0.933642738940854,44.94992535091585],[0.936352338803904,44.950499871006905],[0.937301501163602,44.9505571152452],[0.937953039780867,44.95122308766891],[0.938012811345594,44.9514601715985],[0.939809145394674,44.951486268819664],[0.941387692483342,44.951778504927226],[0.942275541709488,44.9517445040984],[0.943488090661283,44.95139946796806],[0.945022373735497,44.9514809779273],[0.945896619309164,44.95195647431309],[0.946765870783209,44.952187790690644],[0.947554579021665,44.95205554532822],[0.948414070209524,44.95179130207052],[0.949121365069974,44.952046631077515],[0.949722044264811,44.952130664186484],[0.94988571936598,44.95192112538811],[0.950506998423078,44.95237840969443],[0.950937334221123,44.952924039284255],[0.951887514351685,44.95545440496221],[0.952381538883745,44.95582016808283],[0.952610531304786,44.95548933737588],[0.952915284662403,44.954681647758136],[0.953354630009308,44.952549755733244],[0.95367365570901,44.95166306948275],[0.954338470263823,44.95002438687659],[0.954551094711245,44.94819454800453],[0.956059155781504,44.94593190025171],[0.955934571331849,44.94534868231241],[0.956299056147674,44.943769318249544],[0.956223935268769,44.942246719830976],[0.954981562630664,44.9387581258695],[0.955641781603595,44.93807496119044],[0.956003013485006,44.93787085022991],[0.957560293255672,44.936092754354476],[0.957951724281522,44.935372214215086],[0.95877381750697,44.934211055441956],[0.959156369237708,44.933315621249015],[0.959387655517285,44.933022650964105],[0.960158072881709,44.93286206623183],[0.960878638283996,44.93211963764689],[0.961640150849268,44.931645451006844],[0.962107952827027,44.93115866882753],[0.96192665083997,44.93094909378531],[0.961899919785205,44.9303937991535],[0.961970564687551,44.930333850057856],[0.961859251862898,44.92983824900182],[0.961398879371941,44.92900480378657],[0.96087410970702,44.92861780114958],[0.960859405610344,44.9280807402499],[0.96046702648899,44.92712154620358],[0.960520329409558,44.92691087031594],[0.960811868119356,44.926528938452556],[0.960844252714027,44.92630076616658],[0.960017077158791,44.92426001001305],[0.960078301302851,44.92383152138946],[0.959811785158817,44.92227119716699],[0.960482261206726,44.92140356592796],[0.96018277056316,44.92068024688251],[0.960827165789778,44.919831950027046],[0.960957468867525,44.91952541703288],[0.963672641651208,44.91691017903343],[0.963922760639242,44.91682920084109],[0.964531544612448,44.91619098526262],[0.965143075520644,44.9158959652579],[0.963401851544641,44.91483731869302],[0.963091302763607,44.91431375094518],[0.96262490887871,44.91441688015073],[0.962342675632993,44.91423067324431],[0.961602619191359,44.91352809911459],[0.96128653716176,44.91301793434905],[0.960868600648501,44.911683604195375],[0.96085847686146,44.911404216378465],[0.961079109824349,44.91098315829631],[0.960745300979727,44.91015924004165],[0.96047506828845,44.90870242967809],[0.960368512446611,44.90717116838108],[0.959648020260221,44.905132374622355],[0.958862331009335,44.90356341843156],[0.958537790090649,44.90241723167673],[0.95854037560854,44.90192822640249],[0.958227859805169,44.90059132236234],[0.957793022219614,44.89962143492857],[0.955622041540115,44.896776875687976],[0.955191980651333,44.89644292397291],[0.954674446925512,44.8962145369908],[0.954145756456608,44.896048987480235],[0.952921213928875,44.89585440060269],[0.950674696812005,44.89581747540491],[0.947946862127994,44.89612196627363],[0.945453893863763,44.89651719816917],[0.942853598854601,44.897212105760715],[0.941703088481144,44.897624905759244],[0.940664987549005,44.89811633400092],[0.938915441875308,44.89920879987637],[0.938544913021658,44.89887768795903],[0.939993417555511,44.89770128822434],[0.94049676727963,44.897486359875394],[0.941318528600715,44.89670901930918],[0.941775598258574,44.895579064903465],[0.941408250939419,44.89547228430443],[0.941467480898213,44.89423768656771],[0.940840247023178,44.89385859286823],[0.940597265943204,44.89405763512107],[0.940381886317755,44.89440219386367],[0.940318231837956,44.89479009550026],[0.940909767816165,44.89572783586391],[0.940810087812416,44.89619973142164],[0.940015537068224,44.89682266033157],[0.93939823381106,44.89717327237378],[0.93907385712144,44.89748338351738],[0.938371494348399,44.89770001563893],[0.938050383331661,44.89792101981539],[0.938400708078659,44.898249957138084],[0.937506745175859,44.89905926121901],[0.937030920672186,44.899627744720874],[0.936149396681224,44.89954652149235],[0.935458685750714,44.90030644807166],[0.934282254679771,44.90083487670807],[0.933901960457539,44.898773406437996],[0.933719375923032,44.89843226392309],[0.932832027022901,44.898440971230784],[0.929354937548746,44.8989886510443],[0.929096452997549,44.899091010243914],[0.92886550842047,44.8990308633559],[0.927257482424855,44.899098138379216],[0.927184108496119,44.899575018636476],[0.926371439620551,44.90033982028649],[0.925631861756371,44.89984686028371],[0.925024941496004,44.900393032024155],[0.924072940915478,44.900332912753434],[0.924294560738356,44.90163850755801],[0.923088429834829,44.901527697304736],[0.922338966396992,44.9013704763718],[0.921595287533909,44.90232297239987],[0.920284163740374,44.903198192653285],[0.919586502693409,44.90379667767721],[0.918617769704932,44.9044594308859],[0.916565878238283,44.906168251512355],[0.915300853526079,44.90699204321352],[0.913887782700463,44.90971704688435],[0.913638173539541,44.910532865500635],[0.913562069469401,44.91121594203333],[0.911034648163929,44.91148998479892],[0.909660285359189,44.91190906330377],[0.908877438858653,44.9127805875917],[0.908842728445585,44.912963670429235],[0.908941392023185,44.91310513094279],[0.908611638199198,44.91334840892228],[0.907257223146611,44.914827921314526],[0.90656453116245,44.91453836622618],[0.904365909548037,44.91384393180856],[0.903077356213903,44.91382952635843],[0.902426258442304,44.9140216875889],[0.902035508900495,44.91470872613288],[0.902057148176466,44.91487575871443],[0.901583284817196,44.916191695963484],[0.901256454645172,44.916592625897245],[0.901000350085056,44.91727139717081],[0.900099064496151,44.91777945815938],[0.899739420105876,44.91766818253133],[0.899094827586511,44.91707596343154],[0.898299858618002,44.91582880975166],[0.897683285718488,44.91520018461032],[0.896681802484041,44.91476331810257],[0.894350498111348,44.914128317743845],[0.892462504940771,44.91343592890935],[0.89139601983723,44.91277441367684],[0.888070660788722,44.9127914096723],[0.88752118748933,44.91314483534661],[0.8865689351042,44.91325462049313],[0.8863234802466,44.91324274554871],[0.883938051238862,44.91256866551116],[0.881693942787508,44.91234936713355],[0.880173079695303,44.91143949709165],[0.877725856166899,44.910325472683546],[0.877498325779219,44.910175216243154],[0.877023971398499,44.909379861929956]]]]}},{"type":"Feature","properties":{"fid":2243,"ID":"COMMUNE_0000000009754948","NOM":"Thonac","NOM_M":"THONAC","INSEE_COM":"24552","STATUT":"Commune simple","POPULATION":268,"INSEE_CAN":"25","INSEE_ARR":"4","INSEE_DEP":"24","INSEE_REG":"75","SIREN_EPCI":"200041168"},"geometry":{"type":"MultiPolygon","coordinates":[[[[1.132017098437632,45.03591553862053],[1.131017639541527,45.034654088206885],[1.130358342474899,45.03404769921547],[1.1300309596049,45.03361980324511],[1.129455411733267,45.03248434101785],[1.129281444990296,45.031570875882714],[1.129253282268786,45.030285196538344],[1.129541727852642,45.02971093484864],[1.129843949864,45.028610032934424],[1.130037731982389,45.02824582923744],[1.13074148387332,45.02744257408594],[1.130871828129833,45.02711423001223],[1.130546960803948,45.02520483599006],[1.130235677245083,45.02444848004487],[1.129081053798648,45.023049310766226],[1.128334047168751,45.02229823420662],[1.127936462643866,45.02211142196301],[1.127127298797957,45.02189066532089],[1.123333247608866,45.021651143048686],[1.12175955364446,45.021432765985786],[1.119924092445039,45.02103071924492],[1.116091330744824,45.01998152380674],[1.113824593081497,45.019681052166455],[1.112177426628702,45.019572972168746],[1.111620904977415,45.01943203930041],[1.110181724711973,45.0188807417563],[1.109212298136172,45.01829507585021],[1.108775307084556,45.01754822863252],[1.108751171280418,45.0161950615861],[1.109132674721957,45.01527568870858],[1.108486176464864,45.01535656880487],[1.107700123150617,45.015659331291666],[1.107321167241972,45.016164449921895],[1.106346503026301,45.01689990451541],[1.105678533855514,45.01753969967743],[1.105502485121622,45.017000823730235],[1.104434904069824,45.01717898697816],[1.104416317787412,45.01697782809748],[1.103721053462052,45.01696058153818],[1.103805627617258,45.0179878497477],[1.096820268351736,45.01869992281354],[1.096827414065408,45.01938633337499],[1.097094599089272,45.02112733746021],[1.096827659821706,45.0224052874819],[1.096303016745922,45.022858345812686],[1.093815253735135,45.02401362860898],[1.092083279702128,45.02531060577991],[1.091837823492718,45.02561892215114],[1.091650651105539,45.026713598875425],[1.090935574249234,45.02783254823648],[1.090994524780524,45.0283757472561],[1.090777559089851,45.02877911813539],[1.090759862188717,45.029670453283636],[1.090333827042819,45.03043139683722],[1.089956324184315,45.03073744500242],[1.091115856267048,45.030367352586985],[1.09201350326146,45.03045118885884],[1.093386481354602,45.029891993020755],[1.094151656223276,45.02991229957259],[1.094324384453191,45.03009898775013],[1.094284556279363,45.030672016486164],[1.094490498618341,45.031786036189025],[1.09410683070739,45.0325720365335],[1.095963601821772,45.03362333540862],[1.096868962919471,45.03426656379225],[1.09839869456492,45.03496458151415],[1.096339378163512,45.03527253717972],[1.096152661054457,45.03516036659676],[1.094881934405118,45.0354367446996],[1.09430201007866,45.035457442385216],[1.093419849176197,45.03517755026929],[1.092534101632037,45.035077718790504],[1.091003517524258,45.035449572604016],[1.090372464234434,45.035442353820706],[1.089784392153169,45.037376763369444],[1.08974939271675,45.03870011476132],[1.089334406400095,45.0392838196553],[1.088922788887519,45.039396542093684],[1.088223340929668,45.039344906904034],[1.087495712838402,45.03941166888723],[1.086745551413749,45.03924567162189],[1.086272167453604,45.039715781271546],[1.085935453634706,45.03971809967327],[1.085699942457684,45.03991849843613],[1.084786011084831,45.04012073990899],[1.084504535951925,45.0402906242579],[1.083700000696358,45.040525360904],[1.08345384719164,45.040665228466565],[1.082677983713192,45.041583144278796],[1.082329672880572,45.04177528953776],[1.0819512490012,45.04188225392009],[1.081215120660954,45.041899293403944],[1.081079562098827,45.04199963167263],[1.080938614942674,45.0423682709067],[1.081197227621123,45.04271767675174],[1.081195433796679,45.04325173192291],[1.081311162452283,45.04354463630206],[1.082115182946004,45.044364569274464],[1.082278169570581,45.045058175634566],[1.082539048919702,45.04530494304611],[1.082559289964701,45.04586369537311],[1.082288415254709,45.04657594974873],[1.082139815758969,45.04672289891474],[1.081917931302222,45.046783924438756],[1.080874798763366,45.04674884079874],[1.08034071711936,45.04683690620688],[1.078364193386301,45.047899813309165],[1.077161621990018,45.05002711523945],[1.076543238877734,45.050311851542574],[1.075737489789504,45.05127874548223],[1.074061126143024,45.05147673434946],[1.072501777265056,45.05211354136],[1.071079985856692,45.052518539100646],[1.070494762261742,45.05301907419185],[1.071626661181296,45.05402129361631],[1.07206994647895,45.05402626567794],[1.073475972626723,45.05363719371184],[1.074363807429043,45.05364714330793],[1.076630098819952,45.054771591974266],[1.078502714601445,45.0542635208212],[1.079837590602986,45.0535768265367],[1.080698140442372,45.05415997171842],[1.082750304210232,45.05319378972198],[1.083959017862629,45.05307228688302],[1.084534176509364,45.052899347519464],[1.084615313013688,45.05249634994104],[1.085195085741438,45.05252253081738],[1.085218047428354,45.052742684729],[1.086206735902463,45.052552527932214],[1.086226322197014,45.05231419172485],[1.087905616271884,45.05214128860238],[1.088254867271089,45.05281556733991],[1.087624281113721,45.05312357240747],[1.08725172710654,45.05413491160032],[1.086936894518801,45.05431233681762],[1.086716250125972,45.05463368225865],[1.086607703879374,45.05513258033529],[1.086893145186368,45.05522034353309],[1.087322125234605,45.05519798943884],[1.089466368196141,45.054733127570266],[1.090258653665692,45.05512318731711],[1.090815888975431,45.05476797653425],[1.093354488804342,45.05574273480005],[1.094175272001254,45.055931508173224],[1.094547633926208,45.05634046966629],[1.094800385293605,45.05634389258127],[1.094866978233733,45.05625406592824],[1.094683604067353,45.05589247040931],[1.094750428457956,45.05575851593368],[1.096098554485448,45.05523757556559],[1.096919745404036,45.05597483133125],[1.098814384680101,45.05458956515711],[1.099889631987093,45.05297233607734],[1.101374344059952,45.05359028197076],[1.102302348125309,45.05252802222186],[1.102167296908624,45.05193939953544],[1.10395280858293,45.050617038908015],[1.104014925105456,45.050771206311175],[1.104298256730391,45.05095886058093],[1.104469246415899,45.05176244576939],[1.104226863616797,45.05194115160335],[1.104219745691917,45.05230128920587],[1.104577516112656,45.05284236267765],[1.10465260191065,45.05280131006354],[1.104647550408172,45.053025485195974],[1.104218199966133,45.053472104104394],[1.104192597495727,45.05407780395218],[1.104257350530643,45.05475439168418],[1.104603396087764,45.055004356441366],[1.104604928482379,45.05514668482299],[1.105147208955509,45.05519283812098],[1.105320478003843,45.05480400411982],[1.105326948897364,45.05423760712632],[1.106147034837928,45.05414707951176],[1.106905260586279,45.053781697932855],[1.108586296878414,45.0538570912625],[1.109183667394251,45.0535511073632],[1.109145941956595,45.05290020063077],[1.110684239323281,45.05264890700232],[1.11064511407642,45.052829273005315],[1.11218661899751,45.05270860669728],[1.112582855835103,45.05158411247995],[1.113282483916527,45.0515977678686],[1.113836369484003,45.05171342548169],[1.116541975379061,45.050036282241734],[1.116779627499681,45.049807935154504],[1.116554186494699,45.04872965592641],[1.115996693139933,45.04826900428553],[1.116631253647985,45.04776096717053],[1.116635320125356,45.04752686890423],[1.119715592386411,45.04675212903735],[1.120117588592542,45.04650943796401],[1.120395540171495,45.04617728977561],[1.121379545743576,45.04581652499625],[1.122013024712269,45.04605777351115],[1.123019301042698,45.04575230908707],[1.123217243448342,45.04549445949306],[1.123221962616824,45.04497486969811],[1.124593059872262,45.04375238388306],[1.1244899905454,45.043567818252974],[1.123964091399062,45.04337703064675],[1.123526429986639,45.04305533341015],[1.122756654266962,45.041727425701076],[1.122749115439731,45.04145980872797],[1.122914301916869,45.04111764854241],[1.123598561922588,45.04003220279539],[1.123650001196005,45.039369298915545],[1.123558495857583,45.03876432914113],[1.12522809624819,45.038788849818516],[1.125611375579386,45.03838190958341],[1.126148547808913,45.038082932693754],[1.126597654991549,45.03798601574563],[1.12774012425656,45.03797100739214],[1.132017098437632,45.03591553862053]]]]}},{"type":"Feature","properties":{"fid":2284,"ID":"COMMUNE_0000000009754950","NOM":"Fanlac","NOM_M":"FANLAC","INSEE_COM":"24174","STATUT":"Commune simple","POPULATION":137,"INSEE_CAN":"25","INSEE_ARR":"4","INSEE_DEP":"24","INSEE_REG":"75","SIREN_EPCI":"200041168"},"geometry":{"type":"MultiPolygon","coordinates":[[[[1.070494762261742,45.05301907419185],[1.068486970675222,45.054497376766214],[1.06513741171858,45.055161567081434],[1.06517800752464,45.05597196430187],[1.066303644907447,45.05803690766307],[1.066391582894489,45.05847075049065],[1.066357569093169,45.05934469989888],[1.066828213573627,45.06050841462919],[1.06600378902672,45.06141818054143],[1.065801113891417,45.06176681949038],[1.065642037267586,45.063390649265784],[1.064278506445496,45.06999943421128],[1.064270363128448,45.07082249802877],[1.064665637249486,45.07240282234037],[1.064563605947366,45.074874270349405],[1.064722947530623,45.07743312104078],[1.064097590697709,45.07809235176328],[1.063734547917094,45.078775051842634],[1.0634868521124,45.079503888255985],[1.067091728818824,45.07932960459729],[1.0676496968341,45.08021562767932],[1.068989125709395,45.08122327225351],[1.069753685883466,45.08205522173042],[1.069917327436074,45.08254441445939],[1.070294206818211,45.08304360441081],[1.07084464879126,45.083302618712246],[1.071320141005417,45.08341262427616],[1.072727156796797,45.0840863453256],[1.073882414904852,45.08454043859982],[1.077088942368045,45.0846084238113],[1.077625367770474,45.08442583776437],[1.080166851288394,45.08297905704171],[1.08068851097891,45.082892573062416],[1.085218786536786,45.0828741377987],[1.086680768050448,45.082800176791515],[1.086936986177854,45.08266857622832],[1.088069351136533,45.081526161107405],[1.088562748201336,45.081782306558296],[1.089291099429435,45.08096619251403],[1.08918477955285,45.08072929773236],[1.089469283540258,45.08040183336723],[1.090422652954129,45.08096217231729],[1.091176609383034,45.080512152339544],[1.091263722642149,45.081051336893076],[1.091594930498084,45.08118039974756],[1.091857052596075,45.080763381087976],[1.092439994741991,45.080183431641444],[1.093018198121657,45.080487843034],[1.095628412642658,45.08245628407077],[1.09890588031618,45.08275272134964],[1.099109331716693,45.08312546081143],[1.101790989846485,45.08341074674353],[1.100062514685329,45.08777468975378],[1.101058008535109,45.08994692722289],[1.101868660192917,45.090899220646946],[1.10181615986267,45.091284708190344],[1.102499315907626,45.09251042629588],[1.104238420257484,45.0942827910308],[1.105212873238564,45.09517029582241],[1.105702433314202,45.09547042983902],[1.106030353318963,45.09554985626307],[1.107204631122383,45.095381566578574],[1.107994448942789,45.09503831656533],[1.108742382205344,45.09439173020375],[1.110691352777979,45.092067770510525],[1.110914800852221,45.09132491567223],[1.11112429458736,45.088924621194565],[1.111228838879444,45.08865259434689],[1.1133801104195,45.08635273964099],[1.113801652383402,45.085652863181316],[1.114821354455758,45.08233140253492],[1.114844870006939,45.081294250471366],[1.115474580209727,45.07905507707455],[1.116173749336333,45.077243083807055],[1.116333315347233,45.076317211919836],[1.116654252131822,45.075770539152984],[1.117142255447426,45.07547166543769],[1.118977054082089,45.0749631673535],[1.119775465292749,45.074542531098196],[1.120230079112633,45.07406385206406],[1.120240212168492,45.07368665165976],[1.120105918626248,45.07329530612462],[1.121281914062778,45.07249285112407],[1.121982678635443,45.07236686640604],[1.125087162951387,45.07291811013244],[1.125233678005286,45.07260444882684],[1.124121840981281,45.07225339624435],[1.12287156610752,45.071520827888655],[1.121952622773821,45.070611900165225],[1.121097802993247,45.07010303240953],[1.120317309170347,45.0695008440407],[1.119811924559848,45.06971387525906],[1.119539180355736,45.06969846426202],[1.11948592707619,45.06920311030114],[1.119360689423373,45.06899654948638],[1.118132246155953,45.067958975535916],[1.119438556810044,45.06577264933507],[1.119104985642992,45.06427825024724],[1.118185097659868,45.06272261057948],[1.118981683797033,45.062011044948136],[1.119512116055774,45.06074828993619],[1.120212952280875,45.05857335455279],[1.120476569843714,45.05825357121589],[1.12101536970559,45.05704228933247],[1.120992944641096,45.05551532062058],[1.120759718557674,45.054325238979914],[1.120409130087525,45.05405723608216],[1.119816174557292,45.05377973706273],[1.119736567516354,45.05338841476558],[1.119302630189972,45.05314331851634],[1.117894732269641,45.05272955761721],[1.117056310769123,45.05268656578111],[1.115516210079243,45.05242635066128],[1.113836369484003,45.05171342548169],[1.113282483916527,45.0515977678686],[1.112582855835103,45.05158411247995],[1.11218661899751,45.05270860669728],[1.11064511407642,45.052829273005315],[1.110684239323281,45.05264890700232],[1.109145941956595,45.05290020063077],[1.109183667394251,45.0535511073632],[1.108586296878414,45.0538570912625],[1.106905260586279,45.053781697932855],[1.106147034837928,45.05414707951176],[1.105326948897364,45.05423760712632],[1.105320478003843,45.05480400411982],[1.105147208955509,45.05519283812098],[1.104604928482379,45.05514668482299],[1.104603396087764,45.055004356441366],[1.104257350530643,45.05475439168418],[1.104192597495727,45.05407780395218],[1.104218199966133,45.053472104104394],[1.104647550408172,45.053025485195974],[1.10465260191065,45.05280131006354],[1.104577516112656,45.05284236267765],[1.104219745691917,45.05230128920587],[1.104226863616797,45.05194115160335],[1.104469246415899,45.05176244576939],[1.104298256730391,45.05095886058093],[1.104014925105456,45.050771206311175],[1.10395280858293,45.050617038908015],[1.102167296908624,45.05193939953544],[1.102302348125309,45.05252802222186],[1.101374344059952,45.05359028197076],[1.099889631987093,45.05297233607734],[1.098814384680101,45.05458956515711],[1.096919745404036,45.05597483133125],[1.096098554485448,45.05523757556559],[1.094750428457956,45.05575851593368],[1.094683604067353,45.05589247040931],[1.094866978233733,45.05625406592824],[1.094800385293605,45.05634389258127],[1.094547633926208,45.05634046966629],[1.094175272001254,45.055931508173224],[1.093354488804342,45.05574273480005],[1.090815888975431,45.05476797653425],[1.090258653665692,45.05512318731711],[1.089466368196141,45.054733127570266],[1.087322125234605,45.05519798943884],[1.086893145186368,45.05522034353309],[1.086607703879374,45.05513258033529],[1.086716250125972,45.05463368225865],[1.086936894518801,45.05431233681762],[1.08725172710654,45.05413491160032],[1.087624281113721,45.05312357240747],[1.088254867271089,45.05281556733991],[1.087905616271884,45.05214128860238],[1.086226322197014,45.05231419172485],[1.086206735902463,45.052552527932214],[1.085218047428354,45.052742684729],[1.085195085741438,45.05252253081738],[1.084615313013688,45.05249634994104],[1.084534176509364,45.052899347519464],[1.083959017862629,45.05307228688302],[1.082750304210232,45.05319378972198],[1.080698140442372,45.05415997171842],[1.079837590602986,45.0535768265367],[1.078502714601445,45.0542635208212],[1.076630098819952,45.054771591974266],[1.074363807429043,45.05364714330793],[1.073475972626723,45.05363719371184],[1.07206994647895,45.05402626567794],[1.071626661181296,45.05402129361631],[1.070494762261742,45.05301907419185]]]]}},{"type":"Feature","properties":{"fid":2376,"ID":"COMMUNE_0000000009755154","NOM":"Saint-Félix-de-Reillac-et-Mortemart","NOM_M":"SAINT-FELIX-DE-REILLAC-ET-MORTEMART","INSEE_COM":"24404","STATUT":"Commune simple","POPULATION":178,"INSEE_CAN":"25","INSEE_ARR":"4","INSEE_DEP":"24","INSEE_REG":"75","SIREN_EPCI":"200041168"},"geometry":{"type":"MultiPolygon","coordinates":[[[[0.854499412516766,45.01822876538218],[0.854937513903497,45.019621603240864],[0.854961412525482,45.019992256376675],[0.855277495447845,45.02055949079874],[0.857594981440214,45.02166065537665],[0.85960263007946,45.02186591042842],[0.860686774809453,45.0221101285121],[0.861941243143216,45.02215134491065],[0.864071466342058,45.02263989452064],[0.865683305087446,45.02113600367984],[0.866012406300344,45.0207315904391],[0.866766527746777,45.020104741461466],[0.867643462315687,45.01988736065359],[0.868058791850731,45.0203195499628],[0.869546650028199,45.020166995684846],[0.869452156700585,45.0195130748721],[0.870291825424026,45.019807462598806],[0.873240244059249,45.02132298209755],[0.873674924077002,45.02164833523728],[0.874998707111784,45.023677686856495],[0.874880602642678,45.02407894876779],[0.875347757920707,45.028669763643514],[0.872921413156971,45.029681762238276],[0.872363495949612,45.031026667971794],[0.871898122303933,45.03180769528213],[0.871058682368814,45.032404128728],[0.870401274066758,45.033290464276796],[0.870652092047222,45.033342098627394],[0.871469357776892,45.03316227251559],[0.871542826515767,45.03336813828833],[0.872950130237464,45.03323831063329],[0.873713425435397,45.03307455056394],[0.876248022123635,45.03316346058974],[0.877517016304918,45.03369926258103],[0.878128713988909,45.033747851410645],[0.880033666957406,45.03419576421584],[0.882497692341437,45.03537934753792],[0.883596304972587,45.03575421421226],[0.885833143286179,45.03673434666433],[0.889458180490352,45.03715169415845],[0.891180113545404,45.03686547167266],[0.892817380552134,45.0371405608245],[0.893229492649784,45.03705918975486],[0.893579978713568,45.03689378653509],[0.894111617338544,45.03680926926483],[0.895668735058957,45.036986425010326],[0.895933203400534,45.03714904623373],[0.896669731736439,45.03718998342493],[0.897912035032386,45.037462939368396],[0.901250699134877,45.03799969115807],[0.902665397121539,45.03702927178321],[0.90345713313448,45.037020764688776],[0.904115645551884,45.036702605225905],[0.912099074622834,45.040293269573624],[0.913154818002496,45.04066703574546],[0.915834684172873,45.041845803563646],[0.916001090401066,45.041607530876334],[0.915783083048895,45.04087748752942],[0.915874455696778,45.0397542257062],[0.916610467230804,45.03755768758937],[0.917088192524911,45.0354049528886],[0.918546569692007,45.03266979223705],[0.9186852070923,45.032015777095246],[0.918976953488633,45.0314799130034],[0.919057784515366,45.031013963145604],[0.919030261131742,45.029396701460165],[0.919145729273999,45.029433986877045],[0.919736098405593,45.02896224797453],[0.920436060565969,45.028138580735],[0.920918614811386,45.02786747818246],[0.921696601587817,45.02713082688745],[0.922563378030464,45.025404165005575],[0.923396006969,45.024048846946805],[0.92337870098622,45.02369365146284],[0.924047732546367,45.02342691599592],[0.92467700757636,45.02039521453417],[0.926322034045713,45.019114468616124],[0.927975925049557,45.01841571047819],[0.928671680588297,45.018385427198645],[0.929753896046603,45.01765708911253],[0.931027875995236,45.017202512405916],[0.932061190832424,45.016524583293986],[0.932295049650065,45.01651902048671],[0.93422475721471,45.01694485032604],[0.935099858561143,45.01694037297277],[0.935679267714718,45.0168619527719],[0.936328668279683,45.01664161820183],[0.936470073857316,45.01669828111753],[0.936477962640467,45.016863252970154],[0.936577649326027,45.0168804127619],[0.936816731725006,45.016664176702236],[0.937219070542602,45.01515307765582],[0.937363687705849,45.01322648970096],[0.938041485091917,45.01154396053401],[0.932926039922904,45.00864523204181],[0.932932726044924,45.0074321332642],[0.932354096051393,45.00780147304836],[0.932082509135279,45.00779822805492],[0.931698071908162,45.00761905275337],[0.930496683565169,45.00793627611094],[0.929648157519151,45.008393353553025],[0.928849285454592,45.008709040478074],[0.926483811201592,45.00884783094824],[0.925936992361502,45.00890519270688],[0.925337689510758,45.00907686140813],[0.92427828895918,45.00984340727012],[0.92386767005122,45.010439209008766],[0.923472111702762,45.011621638947425],[0.922617062217441,45.01259373796448],[0.921795983557027,45.01302605165775],[0.920295586569165,45.01356005534565],[0.919424506430897,45.0142436113268],[0.919173898338981,45.01415336056322],[0.918965121217142,45.01423592335423],[0.917931391524396,45.015297419450334],[0.916780934350094,45.01481924115483],[0.915927766365497,45.014576294334354],[0.915397487483556,45.014289851004676],[0.914591993199957,45.01351727898028],[0.914302158832022,45.01298043946823],[0.913913230134831,45.012615575351646],[0.913601629797892,45.01358338261057],[0.913274658764624,45.013736675143186],[0.912486282256841,45.01380025104922],[0.911734399813163,45.01370238141831],[0.910706075361536,45.0133903566649],[0.909895274104225,45.01354446324768],[0.908689399748257,45.01397485963943],[0.908397897811637,45.01457194615345],[0.907500195471483,45.014808167215975],[0.905937955768548,45.014036612078804],[0.905083147329334,45.013567475786154],[0.905420429173391,45.01307123626204],[0.905521296518865,45.01244535041115],[0.905109328765489,45.01066142717924],[0.905744733038344,45.00816855684604],[0.905721477136286,45.00688913476932],[0.906462674242579,45.005470079206354],[0.9070639006295,45.004568086744655],[0.905707707031808,45.00471100036227],[0.903925783365367,45.004457680483576],[0.903141427660859,45.00424745277499],[0.902703321088574,45.00435178307216],[0.901549157735438,45.004286790670264],[0.899098741231621,45.00320655684637],[0.898591698092401,45.0032194999201],[0.897876686988151,45.00309070583636],[0.899835306320978,44.999916717045004],[0.90119026744947,44.99844893513588],[0.901342203061592,44.9971043655681],[0.900971702147102,44.996896522177416],[0.900846518967083,44.99637536186546],[0.900509120150227,44.99579255284417],[0.901186505727571,44.99421291055461],[0.901262134043621,44.99371895706116],[0.900689796511577,44.993444256471264],[0.900353341852389,44.992464260115],[0.900401629917336,44.99215803578048],[0.898444386549013,44.99019450217541],[0.897934684224108,44.98953727552371],[0.897064360530538,44.988850712785826],[0.895735129926508,44.987305210863205],[0.895087803906395,44.98754245579],[0.894802991658461,44.98748842898751],[0.894135892184124,44.9876100057617],[0.893797743710723,44.987556768083415],[0.89295926527154,44.98771292205893],[0.8914957732799,44.98754648626645],[0.890205491963621,44.98776881281327],[0.88906892541133,44.98778508067484],[0.888199027766429,44.98793249665963],[0.887950814378421,44.987749447098466],[0.886003035134358,44.987635891084096],[0.885005122917034,44.98774482165916],[0.8805172605559,44.987406311421495],[0.879882089144846,44.98728702507452],[0.878150574294912,44.987362095248486],[0.877061601912183,44.98779707155752],[0.874909325853378,44.98895930980575],[0.87473956989714,44.989385699882284],[0.87467071896283,44.98996263279547],[0.874105382703506,44.9910128539119],[0.873616236564996,44.992362660565014],[0.873248401038742,44.992388955369734],[0.873102816068402,44.99331479341683],[0.872289271537862,44.99331184741599],[0.871249379818148,44.994288129514175],[0.87050756837575,44.99513590408885],[0.869853612343183,44.99557553736623],[0.865457568988708,44.99547777404023],[0.86545349366022,44.995218293533654],[0.86418494267273,44.99542903195536],[0.86419711502087,44.994510548778216],[0.863168774343007,44.99448089518969],[0.862897673317393,44.996030301845586],[0.861834721718079,44.99547666276125],[0.86112863898672,44.995318077730474],[0.86090704422013,44.996600022884884],[0.860585841040288,44.99723244641166],[0.860620874822611,44.99794377595213],[0.860484308815072,44.99836177908571],[0.859730524878909,44.999749679919084],[0.85953325576868,45.00049347077729],[0.859144481905389,45.001298427943176],[0.858448904913189,45.0037187516061],[0.856857370645351,45.00659109080369],[0.856858075898959,45.00909417273301],[0.856683286539852,45.010310366213616],[0.857447484459851,45.010779939411044],[0.85773319347314,45.01111149616427],[0.858147177392375,45.01482858476275],[0.858359573815827,45.015019118923085],[0.859516870241282,45.01553857383461],[0.858304808738017,45.0166501512999],[0.856776314608797,45.01633970701884],[0.856390828765535,45.01652413463835],[0.85610933970049,45.01701050092671],[0.855573734275072,45.01753340365287],[0.855055428946349,45.01793594214237],[0.854499412516766,45.01822876538218]]]]}},{"type":"Feature","properties":{"fid":2711,"ID":"COMMUNE_0000000009754947","NOM":"Montignac-Lascaux","NOM_M":"MONTIGNAC-LASCAUX","INSEE_COM":"24291","STATUT":"Commune simple","POPULATION":2760,"INSEE_CAN":"25","INSEE_ARR":"4","INSEE_DEP":"24","INSEE_REG":"75","SIREN_EPCI":"200041168"},"geometry":{"type":"MultiPolygon","coordinates":[[[[1.132017098437632,45.03591553862053],[1.12774012425656,45.03797100739214],[1.126597654991549,45.03798601574563],[1.126148547808913,45.038082932693754],[1.125611375579386,45.03838190958341],[1.12522809624819,45.038788849818516],[1.123558495857583,45.03876432914113],[1.123650001196005,45.039369298915545],[1.123598561922588,45.04003220279539],[1.122914301916869,45.04111764854241],[1.122749115439731,45.04145980872797],[1.122756654266962,45.041727425701076],[1.123526429986639,45.04305533341015],[1.123964091399062,45.04337703064675],[1.1244899905454,45.043567818252974],[1.124593059872262,45.04375238388306],[1.123221962616824,45.04497486969811],[1.123217243448342,45.04549445949306],[1.123019301042698,45.04575230908707],[1.122013024712269,45.04605777351115],[1.121379545743576,45.04581652499625],[1.120395540171495,45.04617728977561],[1.120117588592542,45.04650943796401],[1.119715592386411,45.04675212903735],[1.116635320125356,45.04752686890423],[1.116631253647985,45.04776096717053],[1.115996693139933,45.04826900428553],[1.116554186494699,45.04872965592641],[1.116779627499681,45.049807935154504],[1.116541975379061,45.050036282241734],[1.113836369484003,45.05171342548169],[1.115516210079243,45.05242635066128],[1.117056310769123,45.05268656578111],[1.117894732269641,45.05272955761721],[1.119302630189972,45.05314331851634],[1.119736567516354,45.05338841476558],[1.119816174557292,45.05377973706273],[1.120409130087525,45.05405723608216],[1.120759718557674,45.054325238979914],[1.120992944641096,45.05551532062058],[1.12101536970559,45.05704228933247],[1.120476569843714,45.05825357121589],[1.120212952280875,45.05857335455279],[1.119512116055774,45.06074828993619],[1.118981683797033,45.062011044948136],[1.118185097659868,45.06272261057948],[1.119104985642992,45.06427825024724],[1.119438556810044,45.06577264933507],[1.118132246155953,45.067958975535916],[1.119360689423373,45.06899654948638],[1.11948592707619,45.06920311030114],[1.119539180355736,45.06969846426202],[1.119811924559848,45.06971387525906],[1.120317309170347,45.0695008440407],[1.121097802993247,45.07010303240953],[1.121952622773821,45.070611900165225],[1.12287156610752,45.071520827888655],[1.124121840981281,45.07225339624435],[1.125233678005286,45.07260444882684],[1.125087162951387,45.07291811013244],[1.121982678635443,45.07236686640604],[1.121281914062778,45.07249285112407],[1.120105918626248,45.07329530612462],[1.120240212168492,45.07368665165976],[1.120230079112633,45.07406385206406],[1.119775465292749,45.074542531098196],[1.118977054082089,45.0749631673535],[1.117142255447426,45.07547166543769],[1.116654252131822,45.075770539152984],[1.116333315347233,45.076317211919836],[1.116173749336333,45.077243083807055],[1.115474580209727,45.07905507707455],[1.114844870006939,45.081294250471366],[1.114821354455758,45.08233140253492],[1.113801652383402,45.085652863181316],[1.1133801104195,45.08635273964099],[1.111228838879444,45.08865259434689],[1.11112429458736,45.088924621194565],[1.110914800852221,45.09132491567223],[1.110691352777979,45.092067770510525],[1.108742382205344,45.09439173020375],[1.107994448942789,45.09503831656533],[1.107204631122383,45.095381566578574],[1.106030353318963,45.09554985626307],[1.107808218464742,45.09622041849098],[1.108082406614783,45.096159324908676],[1.11040052683784,45.09668590239282],[1.112216833956751,45.097463321999676],[1.113069983153763,45.09735347742413],[1.114522097048048,45.09739336125926],[1.11457931314381,45.097732975211535],[1.116426216597775,45.097604784277415],[1.117370054495563,45.097935958438676],[1.120149316570806,45.098443098678025],[1.120727223040144,45.0986149609546],[1.120878827508104,45.098758018708146],[1.122555910896707,45.099635594014906],[1.123213542483247,45.09978176629593],[1.123864780463982,45.099739590645335],[1.127729889734143,45.09862292241891],[1.12924364767235,45.09841777150103],[1.132217521549697,45.09820375209172],[1.132993228481577,45.09831762025608],[1.135155007941688,45.099270668886334],[1.136298674266156,45.09960052024088],[1.136972192140164,45.099118223406876],[1.137532384038329,45.09906003611444],[1.138436211779246,45.09872568245467],[1.139028768431042,45.09819158535884],[1.141473576569822,45.09441993645193],[1.141657239139384,45.09409696473763],[1.141834057786105,45.09321457732881],[1.142033426736254,45.09299273941056],[1.142727133995806,45.092626029986874],[1.143214209670692,45.092776447466235],[1.143837528848425,45.09276791625648],[1.144031430088938,45.093017021515315],[1.144507792218331,45.09314563934864],[1.145278142099978,45.09288286373096],[1.14534191300693,45.09272361006421],[1.14561445657176,45.09263357719256],[1.146697098573938,45.092423721633025],[1.147801995327257,45.09238624863148],[1.149176073346505,45.09197586519199],[1.150521108211435,45.091328114006366],[1.152453262076056,45.0895336562347],[1.154792635582274,45.08945803080251],[1.154910221808982,45.088553031264496],[1.157062124561085,45.0885706237024],[1.156969494089497,45.08987682305069],[1.15710409384962,45.08995920589563],[1.156885067267842,45.09101113591787],[1.156801082058116,45.092131946775645],[1.157128434517586,45.09172846850986],[1.15777695846341,45.090568355848966],[1.158649396406531,45.089441661034705],[1.159042438237787,45.08908879843524],[1.160516893615538,45.08809542082611],[1.163308508166853,45.090235449643274],[1.164165232722771,45.09124927503334],[1.167473737921523,45.08895485700874],[1.169337201683051,45.087375141496814],[1.170246140280315,45.086717292379795],[1.170942764645982,45.08601992644953],[1.171314052011474,45.08617372398896],[1.171953541660037,45.08551234070975],[1.173785970923782,45.08627730292915],[1.174846187250628,45.08589028597989],[1.176054983158536,45.0855858476294],[1.17664194460804,45.08707969985655],[1.177106818901456,45.08600113845331],[1.177489258980073,45.0858912114801],[1.177571722266809,45.08511621267303],[1.17779625550756,45.08481907225642],[1.177771068678453,45.08465564552634],[1.177492978523534,45.08452861164726],[1.1778741795815,45.08363691250436],[1.178054693654748,45.08340299707716],[1.179371061871918,45.08287692559876],[1.180690259304971,45.08171593871325],[1.180835297445437,45.08108696267325],[1.18059120553993,45.07909438004493],[1.180701485550078,45.078048744943914],[1.181334689981709,45.076831519941024],[1.181124753917667,45.07648585304449],[1.182409867229563,45.07511624851863],[1.182598924784394,45.07512653743446],[1.183295231534199,45.075486436917366],[1.184789650858614,45.07389235957005],[1.181964760280797,45.07293306182033],[1.179320072037885,45.07245397067374],[1.176806162165199,45.07174639439235],[1.173971789778245,45.071240654209156],[1.173497597119099,45.07101042512789],[1.172574317474722,45.07024866055978],[1.172117499658558,45.069136990962214],[1.171474771208914,45.068464478953175],[1.173352436269306,45.06770992955624],[1.174331864869094,45.06795744640642],[1.175586987223771,45.0684031053705],[1.176550017934952,45.06775060325418],[1.176325397744788,45.06750645806167],[1.176846036146959,45.06720786424461],[1.177704314210224,45.06692199651949],[1.177012766369992,45.06583532949416],[1.176609539546631,45.06498844211816],[1.17660947843395,45.064717351350254],[1.176878592379351,45.064141749897296],[1.178400879604979,45.063756865860924],[1.183250376450128,45.06293452968325],[1.186919233219452,45.06203153259563],[1.191219260343328,45.061726775938354],[1.192299349143865,45.06149303396042],[1.196924435246209,45.059458730859866],[1.199493970154762,45.05799355136889],[1.201930099974253,45.056207341787974],[1.20465348609498,45.054492358811444],[1.205403972583882,45.05414960875081],[1.208032806734366,45.05319855039992],[1.209394153603884,45.052585508056076],[1.21130369363823,45.05171467183037],[1.211168511307783,45.05145222205069],[1.211514014905766,45.05097774122779],[1.211367071328025,45.05084479186334],[1.210889178095506,45.05065158875757],[1.210387815153015,45.05000049240037],[1.211769211070877,45.04839886734606],[1.211584968005391,45.04808159340315],[1.211468671884842,45.04758618751905],[1.210599431933715,45.04652120406782],[1.209914934432411,45.0453213888971],[1.209722221248893,45.04491211270557],[1.209685803238152,45.04410457441069],[1.209315391618333,45.0436510122403],[1.208522175643709,45.04374632856867],[1.207607886331735,45.04254460308349],[1.207665194733231,45.04170705109977],[1.208000069862754,45.0403335965125],[1.207043837076842,45.03921404811624],[1.206806739366177,45.037812473694764],[1.203968906096766,45.036470749115246],[1.203282035838281,45.03555094558315],[1.20084176556078,45.03472890525248],[1.200615262485393,45.03517645418442],[1.200468138475682,45.03584143384694],[1.200601500553523,45.03738274435634],[1.200512480373368,45.03900602037497],[1.19922781766361,45.03949320112991],[1.198624303157047,45.03961583053587],[1.196633915016854,45.03965116033411],[1.195740660407111,45.039934795507946],[1.194842087738625,45.04006793396683],[1.192901348906499,45.0399418905652],[1.191835557783913,45.0399426016956],[1.189263767607351,45.03933702225538],[1.188841292923211,45.03928151790667],[1.18759326179811,45.039300838841456],[1.186967907488434,45.038998857188645],[1.186245932724527,45.03834675758158],[1.185611623257105,45.03820403227625],[1.184472070447671,45.03809089271564],[1.184192066041451,45.037951233651526],[1.183729091446121,45.037539303484586],[1.183291376927473,45.03732772157651],[1.182603853023311,45.03718140876239],[1.181018849917571,45.037017732117896],[1.178066763688454,45.036474124595586],[1.176960560570025,45.03596247686612],[1.175467236469245,45.03501397691151],[1.174819217045794,45.03447559071633],[1.174216226733546,45.03423154236802],[1.173068126742565,45.03356606186944],[1.171852692607676,45.03274635753323],[1.170211229647652,45.032371752131276],[1.169658411911928,45.03214831683294],[1.168836315940186,45.03173131906698],[1.167422060691209,45.03074167927744],[1.165506522958774,45.03020668347275],[1.165084344239331,45.02998988058743],[1.16439805004391,45.029810150534516],[1.163227601019208,45.029367552597584],[1.16239177855936,45.02894577651334],[1.162057480823522,45.029341036639266],[1.161436531971976,45.03045926840417],[1.160418070197368,45.03362435983071],[1.160185616412411,45.03397266426741],[1.15965565183966,45.03440701459979],[1.158846165956155,45.03600215363404],[1.158015566173785,45.036925069857915],[1.157569546890049,45.037933600054686],[1.1572102553385,45.03773491982281],[1.156914433815118,45.03738328141875],[1.156315301097548,45.03690773733008],[1.155655163046812,45.03755156237531],[1.153209305874926,45.037031887615235],[1.153206469671349,45.0371948546153],[1.152012497135732,45.03696249634159],[1.151246580815792,45.036961490229004],[1.150398681646145,45.03705818643272],[1.149319007811413,45.03740320090514],[1.148930854623389,45.037386841884356],[1.147497092456237,45.03687755699997],[1.146740284648998,45.036831639829266],[1.145513070589515,45.03741192881955],[1.144884752821798,45.037436587107926],[1.144894823085337,45.03751601053267],[1.142242236450992,45.037563650140285],[1.141682856553799,45.03780739383073],[1.140213270475528,45.03814851514635],[1.139761530398738,45.03817249129737],[1.139299402574901,45.0380503893254],[1.138848051976612,45.038062660028416],[1.138136712122449,45.03825341069616],[1.137862068016952,45.03826142692343],[1.136671386852675,45.03808389719106],[1.136266236922922,45.03846348896351],[1.135055482903241,45.03919344635935],[1.133137933219824,45.03730960695871],[1.132017098437632,45.03591553862053]]]]}},{"type":"Feature","properties":{"fid":2872,"ID":"COMMUNE_0000000009754735","NOM":"Les Farges","NOM_M":"LES FARGES","INSEE_COM":"24175","STATUT":"Commune simple","POPULATION":308,"INSEE_CAN":"25","INSEE_ARR":"4","INSEE_DEP":"24","INSEE_REG":"75","SIREN_EPCI":"200041168"},"geometry":{"type":"MultiPolygon","coordinates":[[[[1.217992829832645,45.126617022679845],[1.216882090807259,45.12602106209336],[1.215698846486778,45.125146534870225],[1.2148158445235,45.12431282667333],[1.214595424511543,45.12388509941824],[1.21453162528387,45.12357245865117],[1.214843253246823,45.122976724860976],[1.214832045398722,45.12265051607432],[1.214336461465104,45.121796886632495],[1.214243829260829,45.12131176310296],[1.215501060910494,45.11986565857267],[1.214530689741759,45.11965919138216],[1.210529947229162,45.11962027872358],[1.196293940970661,45.10420799415756],[1.196123722041706,45.10392604329873],[1.194433873059293,45.09710430390846],[1.194120835658138,45.096481398379716],[1.193331631741821,45.09634972578402],[1.192336390099979,45.096022871382516],[1.190890440442852,45.09532123500549],[1.190516296053358,45.09505577921534],[1.189990657760341,45.09459962966446],[1.189525217001248,45.09385535192739],[1.18905281470284,45.09364053172832],[1.188936590001661,45.09287130331612],[1.187947179196544,45.09173933674607],[1.18722891193018,45.09193210062281],[1.186376073614119,45.0918047464302],[1.186405044652483,45.0920483890646],[1.185176489035798,45.09182304669067],[1.183046588065618,45.09163343593517],[1.182111543229766,45.09176679355848],[1.181615015366857,45.092217117240125],[1.181278247818943,45.0922899777113],[1.181119855573737,45.09262513134058],[1.181063519819428,45.09318440741061],[1.181139922711589,45.093493671696955],[1.181775926079459,45.09368147389595],[1.181986085144668,45.094139723066796],[1.181330787261456,45.0942713330806],[1.178697424367686,45.0958341693748],[1.178102260697711,45.095563258036165],[1.177743159500799,45.09565735853261],[1.178241785389181,45.09647157955935],[1.179589461984406,45.09678990726516],[1.18039423672912,45.09749743874878],[1.178810869946698,45.09777779687803],[1.179065323163944,45.10031184515034],[1.178696070002294,45.10282489804229],[1.178381634894694,45.102990881714945],[1.177673720992297,45.1030945933918],[1.17721765549223,45.10335282564549],[1.176226002345242,45.10443538679179],[1.175478712879988,45.10492661654627],[1.176415199764638,45.10596506620754],[1.176264793672387,45.106092297985306],[1.177148448073399,45.106957854721415],[1.174865646210938,45.10679891947457],[1.173546408068423,45.107394253156],[1.17337317593852,45.10790838296589],[1.173104130393951,45.10824081435063],[1.172876824306958,45.10858023371307],[1.172949322964115,45.10939740303785],[1.173279877878153,45.10932356311818],[1.173741362036655,45.10890151754022],[1.174718876884796,45.10958039747239],[1.174532966502738,45.10978179920303],[1.175236426295326,45.11001217075766],[1.176761101599108,45.11029469788628],[1.177062534457772,45.11084091197292],[1.177964828328764,45.111059205910024],[1.178755965902526,45.11137114464985],[1.180240282357146,45.11144941946771],[1.180235609723595,45.11174925637645],[1.180016557393971,45.11210953955274],[1.180352159479408,45.11238881188186],[1.180829221209839,45.11254250040081],[1.18077653030181,45.11291090319112],[1.180923839647663,45.11326996021852],[1.181702694757944,45.11329617411623],[1.181650116373792,45.1138176879853],[1.182040942462259,45.11384657702218],[1.182066263935729,45.113615525361716],[1.182418481890319,45.113658193835974],[1.18250151449664,45.1138820054507],[1.182864815031049,45.11381857762099],[1.18280832515294,45.113404263238515],[1.183581850320947,45.11339885471114],[1.183645883910987,45.11389434907729],[1.183194486703901,45.11388969664382],[1.18320212784517,45.114359054561405],[1.182448818536379,45.114563831701304],[1.182281234936494,45.11697931967373],[1.182706744780416,45.11738974247172],[1.182273788790258,45.11771682318288],[1.181475500118189,45.11805145444797],[1.180890972169043,45.1181887245935],[1.181364366948966,45.11865217102583],[1.181090495843151,45.1191718773727],[1.180833312825413,45.119256845484145],[1.179923664928812,45.11926001453593],[1.179899112648305,45.119740556609884],[1.179487723564722,45.12034177452228],[1.180069987182151,45.12211113405734],[1.179616555122834,45.122362217518784],[1.178408772955817,45.122611787276604],[1.177215392249767,45.12253644727894],[1.177067533848057,45.122740277692],[1.176319888563892,45.12296222088222],[1.176170683319426,45.12351908055035],[1.176187608058368,45.12397508316222],[1.177634285993425,45.1240473680743],[1.177816222853138,45.12377384347194],[1.178145330557812,45.1237467973942],[1.179429538785374,45.12400283782476],[1.179734558387051,45.123699797044125],[1.180907716789835,45.12369372194251],[1.181165555345505,45.1241365405034],[1.18194466666054,45.124120424292414],[1.182558949682175,45.12436100151856],[1.182789734670465,45.12520596240838],[1.183561607850287,45.12584358306455],[1.184529602645576,45.126201589323315],[1.184954045699431,45.12613824790805],[1.185246171560422,45.12619253722758],[1.185554377778111,45.12653529284314],[1.186508859571889,45.12676156801977],[1.187062329962622,45.12699572706842],[1.188003704922089,45.127587436675405],[1.189752574695738,45.1283102318983],[1.190904456981414,45.129121486884856],[1.191782162642469,45.129205970612496],[1.192381767275426,45.129116619907066],[1.193273040803763,45.129411161038284],[1.1933700615423,45.12967662040466],[1.192867040217845,45.130398890774956],[1.192828239939865,45.13108725250005],[1.193420731004755,45.13188761397118],[1.193550624082713,45.13239587818525],[1.19412865055507,45.13281773217791],[1.194399382593142,45.1344018400423],[1.19458967465336,45.13489216735975],[1.195035556291578,45.13530917545033],[1.193621949050622,45.13550334605075],[1.193634221903168,45.13555668267654],[1.195046204541708,45.137067400274894],[1.195624251585333,45.13658410146108],[1.196121870636941,45.13579328115704],[1.197030058776706,45.13481816046112],[1.198206314813391,45.13413106553537],[1.199939367375624,45.133419622445516],[1.201719559101314,45.13211178956862],[1.20251255601161,45.131192411189204],[1.203545311206033,45.13061102666364],[1.205377260316244,45.130023582179795],[1.206818201043209,45.12976485936006],[1.208909884463304,45.12924908146598],[1.210879029881188,45.12854576836527],[1.214369142795409,45.12794153640183],[1.217992829832645,45.126617022679845]]]]}},{"type":"Feature","properties":{"fid":2992,"ID":"COMMUNE_0000000009755575","NOM":"Saint-Chamassy","NOM_M":"SAINT-CHAMASSY","INSEE_COM":"24388","STATUT":"Commune simple","POPULATION":496,"INSEE_CAN":"25","INSEE_ARR":"4","INSEE_DEP":"24","INSEE_REG":"75","SIREN_EPCI":"200041168"},"geometry":{"type":"MultiPolygon","coordinates":[[[[0.890458257310593,44.85675144690797],[0.889470901117806,44.85839348905534],[0.888589555892053,44.860414016412314],[0.888248339031909,44.861304581610035],[0.88766955757529,44.86376317777975],[0.887471908192718,44.86460693777202],[0.887464217491911,44.8653498363476],[0.887726659041458,44.866419411482845],[0.888064739177331,44.86695993587638],[0.889180052580397,44.8672081154654],[0.895622973213849,44.868214885873876],[0.895214366260482,44.87097216405971],[0.894780930132915,44.87091170735979],[0.89473507828826,44.87122246624001],[0.894705441353323,44.872553080149],[0.89374037432133,44.87869440028772],[0.893723048314318,44.87915611153152],[0.893966220879491,44.879697519167394],[0.892456455698203,44.88161430555797],[0.892343518999446,44.88199044072427],[0.893201205646807,44.88215802894737],[0.895109913074583,44.882776956583285],[0.896546114456662,44.88370033180087],[0.897109442693583,44.884286525111605],[0.897744618835554,44.884781307383506],[0.898632751882529,44.88525385314088],[0.901601321511917,44.88650156549983],[0.904340115417266,44.88779890028604],[0.905328615070031,44.88813098043933],[0.908183937571877,44.8887197942732],[0.909540045610907,44.88904795214839],[0.910511375269296,44.8893661521991],[0.913301411250982,44.89055524491626],[0.914842021503689,44.89158031137552],[0.915151567201094,44.89129701106478],[0.915465718204253,44.89119663028733],[0.915561239393546,44.890978662277526],[0.915949956289955,44.890883282343886],[0.916244775288251,44.89140579284658],[0.918185486209534,44.89356774455073],[0.919261003258577,44.89449666466052],[0.918772390879506,44.89475680674726],[0.920274392184868,44.895872038273886],[0.921726429649935,44.89737990196816],[0.922334943661514,44.8984333493526],[0.9225469843362,44.899038055388594],[0.92263876261002,44.90049523804902],[0.922338966396992,44.9013704763718],[0.923088429834829,44.901527697304736],[0.924294560738356,44.90163850755801],[0.924072940915478,44.900332912753434],[0.925024941496004,44.900393032024155],[0.925631861756371,44.89984686028371],[0.926371439620551,44.90033982028649],[0.927184108496119,44.899575018636476],[0.927257482424855,44.899098138379216],[0.927211530667267,44.89872981234526],[0.926862937992114,44.89801268724726],[0.926046035432073,44.89793258929335],[0.92574217016091,44.89758286351764],[0.925516940469557,44.897025652934055],[0.925818230527217,44.89672505617186],[0.92515039169813,44.89501304090577],[0.925127198415882,44.89426956514223],[0.925370338823292,44.893485131450824],[0.925249071448604,44.892549785399126],[0.924930714803952,44.89225022341699],[0.926218420882375,44.891896900850675],[0.926013369231752,44.89082849593363],[0.925009687718046,44.89083406527979],[0.924622129813766,44.891206900542215],[0.924312560367829,44.89132090239287],[0.923964602861398,44.8913423188013],[0.923548434403598,44.89108415576521],[0.923417411554916,44.890447643416785],[0.922578932402608,44.88958444361479],[0.922431730652185,44.88938534669102],[0.922559707316275,44.88931658889226],[0.922252978017438,44.88904605745492],[0.923911571679511,44.88921397635791],[0.924774101806264,44.88874194202776],[0.924836087308913,44.88826485203942],[0.924676316141806,44.88796014664556],[0.924577632016044,44.88713420240083],[0.924902062259095,44.8868232345537],[0.926392348747443,44.8860584963577],[0.928962115280548,44.886835081606144],[0.930873923700671,44.88621594489146],[0.930686949876573,44.885754928933636],[0.929336625738165,44.885955822019476],[0.928501174068253,44.88590241295234],[0.92830906554074,44.885203524219136],[0.927931288663563,44.88445523747814],[0.92811112674295,44.88311842052957],[0.928416140532271,44.88295478845244],[0.929876758594145,44.883196383527526],[0.930698779820473,44.883028872750515],[0.930621980933037,44.88274103401861],[0.929341477425377,44.88283694974057],[0.929613016957765,44.88224127758091],[0.931505732088383,44.882616998512276],[0.931994804106696,44.88230547587084],[0.929850913122039,44.881973715921745],[0.930305808457529,44.88166156353566],[0.931904079897701,44.88205160362408],[0.932622364399707,44.881845220237594],[0.932902486288608,44.88211612756627],[0.932661127065012,44.882684448769645],[0.933045916853512,44.88307168715176],[0.932574157542602,44.883325895111355],[0.932950599185578,44.883767918183075],[0.932499207146606,44.88412247754107],[0.932935382732102,44.884353058883775],[0.933349098539321,44.88471201374209],[0.933549162516301,44.885402934683725],[0.934151708345461,44.885347497536245],[0.934497718732895,44.88513687686287],[0.934683952083936,44.88527453789524],[0.935833280935078,44.885646261599646],[0.937024247328579,44.885540500751155],[0.937734260149853,44.884835869875204],[0.938916530415096,44.88400040071175],[0.940228740886283,44.88342041284633],[0.940733128280282,44.88310463326125],[0.941485134231547,44.88287630196897],[0.942580832064638,44.882810146613366],[0.943036925918301,44.88267088996986],[0.943806397382675,44.882242022192145],[0.944368933693493,44.881617480573546],[0.944599171971971,44.881038122771194],[0.94453941460926,44.880801947496686],[0.943994159089676,44.88050544663321],[0.943021230276765,44.88019561716667],[0.94229061133735,44.87935798667642],[0.941411099919289,44.878988629788324],[0.940652957346632,44.87769384916463],[0.941121331420763,44.87752961091806],[0.940442178855018,44.87681000639217],[0.940162661549693,44.876798516554416],[0.940056619366298,44.87665064420866],[0.939018559938745,44.8760126347129],[0.938340711614278,44.87574156385537],[0.939039400230614,44.87506553986633],[0.939996960438065,44.87451410156551],[0.939923100697535,44.873938118098565],[0.939760890544906,44.873526214266526],[0.939486029301366,44.873215793946805],[0.939962932388834,44.87305982556504],[0.940897743344613,44.87254038180427],[0.942447739405317,44.87154688544321],[0.94580451930059,44.8707408252755],[0.946458852026846,44.87013058541967],[0.947950507383954,44.869307959783235],[0.948342028190224,44.86916478867449],[0.949849594667771,44.86898008794033],[0.950572355212056,44.86919968029166],[0.951579171734034,44.86937497418606],[0.952442729241216,44.869276523363446],[0.953079217276835,44.8696395113107],[0.953931746008785,44.86953093846219],[0.954440286080461,44.869199867366994],[0.95540191829512,44.86880779042349],[0.955827460789705,44.86738180669902],[0.956800516049999,44.868310267913415],[0.956835342386722,44.86916291506706],[0.957078088157463,44.86966183424937],[0.957787397148416,44.87014772116373],[0.958585873237408,44.87051545782507],[0.95984935133014,44.87080887583998],[0.960545804484198,44.87109186426921],[0.961463741337321,44.87134469100101],[0.962273439317212,44.87150906194469],[0.963050990618496,44.871337799112304],[0.963801834755994,44.871588441018005],[0.964572014242966,44.87158545193832],[0.965425503584254,44.87193973675537],[0.965594954825761,44.87191222027638],[0.96584506786553,44.872000562642874],[0.966285729605691,44.87224820566971],[0.966343743009807,44.87215019807152],[0.967262968417286,44.87275334825437],[0.968044644674591,44.8735178895026],[0.969315452040741,44.874031988540274],[0.970475397104878,44.87470526049521],[0.971417214272199,44.874720671363875],[0.971980967237076,44.87492821012136],[0.975601392245933,44.87418010617746],[0.975252299946511,44.873639662737254],[0.976282259297144,44.871104237315954],[0.97659602574139,44.87100818454643],[0.976553763133065,44.87049405199827],[0.975480352628944,44.86995031252928],[0.973687991903516,44.86855314882984],[0.973171956054722,44.86863919597801],[0.971948967617119,44.868206170580734],[0.971499648240526,44.86795298820765],[0.969163657079734,44.866289132848614],[0.967317765501015,44.86641295981054],[0.964228464956124,44.86645992251974],[0.963550954122885,44.86624935543359],[0.963108254721175,44.86623402820427],[0.961670084992694,44.86566184320779],[0.961634229074764,44.865393695198286],[0.961742102441224,44.86510837232677],[0.958924672572071,44.86408841743997],[0.957696401850885,44.86398026544875],[0.95653926184156,44.86407515248713],[0.955632601455715,44.86435116628033],[0.954762365076097,44.86387040562998],[0.953854620180925,44.86358528611931],[0.952169231188888,44.862747232489994],[0.951432482625133,44.86263546828967],[0.950779899011547,44.862403666457105],[0.948659989806117,44.86240413843848],[0.947896562942569,44.86226033509352],[0.945560560096168,44.86169475189935],[0.943148958124111,44.8608088904527],[0.942542616943058,44.86066435789823],[0.942105799835973,44.860662564712484],[0.940955147210046,44.86030528587693],[0.9403842825171,44.86026407277707],[0.939945522619454,44.860108224973914],[0.937883613333506,44.860117671819886],[0.937117555296719,44.85987467364076],[0.935553960888245,44.859694294753375],[0.934721141068476,44.859407707731634],[0.933305696686963,44.85857438382564],[0.930395638903778,44.85802840814659],[0.929097812808985,44.85809426548427],[0.928321945946785,44.858324762433384],[0.927264815788953,44.85852478393643],[0.926609740055987,44.859084459667855],[0.926014080807269,44.859440795169135],[0.925282597618407,44.8594973752508],[0.924605586834476,44.859382044720135],[0.921608498426303,44.85838298559031],[0.920906242710624,44.85795823701458],[0.920831688364623,44.857817239948595],[0.919034767919007,44.85717022259346],[0.918319662042649,44.856273276303874],[0.919055813226899,44.85608983890821],[0.918878710280658,44.85588026974867],[0.91785759404363,44.85521175064258],[0.916509168751695,44.855925878488904],[0.915246691256487,44.856097612810096],[0.914530902730244,44.856073357696985],[0.911631173087316,44.85573422842372],[0.907527280016839,44.85549751744207],[0.906628719283926,44.855383302581764],[0.90647147972256,44.85586488751605],[0.905778859498989,44.856000428326574],[0.902608851582832,44.85608467308727],[0.902167560438364,44.856034002234736],[0.900940284735516,44.85546590267769],[0.900230514735153,44.85524712768735],[0.899234742983602,44.8555318045397],[0.898335482740765,44.85530132457919],[0.897704571111634,44.85524254168031],[0.895538900351801,44.85596345304255],[0.89437638659476,44.85627014370222],[0.892615773831668,44.85645288570389],[0.891946884346947,44.85659599684709],[0.89151996692531,44.85693824297561],[0.891078254285514,44.85693255281386],[0.890458257310593,44.85675144690797]]]]}},{"type":"Feature","properties":{"fid":3092,"ID":"COMMUNE_0000000009755146","NOM":"La Chapelle-Aubareil","NOM_M":"LA CHAPELLE-AUBAREIL","INSEE_COM":"24106","STATUT":"Commune simple","POPULATION":542,"INSEE_CAN":"25","INSEE_ARR":"4","INSEE_DEP":"24","INSEE_REG":"75","SIREN_EPCI":"200041168"},"geometry":{"type":"MultiPolygon","coordinates":[[[[1.167422060691209,45.03074167927744],[1.168836315940186,45.03173131906698],[1.169658411911928,45.03214831683294],[1.170211229647652,45.032371752131276],[1.171852692607676,45.03274635753323],[1.173068126742565,45.03356606186944],[1.174216226733546,45.03423154236802],[1.174819217045794,45.03447559071633],[1.175467236469245,45.03501397691151],[1.176960560570025,45.03596247686612],[1.178066763688454,45.036474124595586],[1.181018849917571,45.037017732117896],[1.182603853023311,45.03718140876239],[1.183291376927473,45.03732772157651],[1.183729091446121,45.037539303484586],[1.184192066041451,45.037951233651526],[1.184472070447671,45.03809089271564],[1.185611623257105,45.03820403227625],[1.186245932724527,45.03834675758158],[1.186967907488434,45.038998857188645],[1.18759326179811,45.039300838841456],[1.188841292923211,45.03928151790667],[1.189263767607351,45.03933702225538],[1.191835557783913,45.0399426016956],[1.192901348906499,45.0399418905652],[1.194842087738625,45.04006793396683],[1.195740660407111,45.039934795507946],[1.196633915016854,45.03965116033411],[1.198624303157047,45.03961583053587],[1.19922781766361,45.03949320112991],[1.200512480373368,45.03900602037497],[1.200601500553523,45.03738274435634],[1.200468138475682,45.03584143384694],[1.200615262485393,45.03517645418442],[1.20084176556078,45.03472890525248],[1.201186780947021,45.03403199861779],[1.201639123272807,45.033631326338416],[1.203756599858389,45.032438868521176],[1.205224437417475,45.03201583446425],[1.205794330061071,45.03143331568391],[1.207564997369148,45.03011902019528],[1.208526318463771,45.02916993557903],[1.208588651902682,45.02896830052961],[1.208477564895295,45.02862968355506],[1.20871647274859,45.028228251731385],[1.208898066706748,45.028546388037945],[1.209747558097485,45.02771707762094],[1.210280917193789,45.0274005318768],[1.21123867882494,45.02640093452677],[1.212016635678616,45.02598023733328],[1.212638648336152,45.025471473222616],[1.213191042283845,45.02475624911508],[1.213652375226325,45.0235910571956],[1.214610445573498,45.02241852164861],[1.215905991097567,45.02169268693755],[1.216716719022588,45.02135624096379],[1.215783482082812,45.01944009999842],[1.215321012625956,45.019408369796224],[1.215224608784095,45.01920598821759],[1.214496125519158,45.019273559129545],[1.214163101367693,45.01840813464377],[1.21552858150431,45.01811482022817],[1.215707155090191,45.018607614208705],[1.21602609694424,45.018520864145245],[1.215586445502514,45.016498254337655],[1.215010009136738,45.016616898270854],[1.215171261057714,45.016218713169074],[1.217111636911659,45.01509523084949],[1.217500813455603,45.0149951922733],[1.217871708834245,45.01439232061091],[1.217678157053274,45.013611997139485],[1.218615018153574,45.01349730801652],[1.218585233079786,45.013156401819316],[1.217332157720434,45.0133930120341],[1.217224487205918,45.013225575707736],[1.218675265695986,45.01224192553836],[1.219633396602178,45.01193664012312],[1.22096645850899,45.01189851607245],[1.221394350709361,45.01173784206524],[1.22210614506178,45.01167266308397],[1.222132781832502,45.01035370134881],[1.221935029262195,45.0096642809063],[1.221772032967946,45.00967968883847],[1.221226150573044,45.00839931082776],[1.22094585380699,45.00655219260795],[1.219898034946511,45.00668673896632],[1.217506985090158,45.00650437075744],[1.215282030654496,45.00684696636654],[1.215240987881049,45.006979597908575],[1.208373880565196,45.00742313148501],[1.207872097232336,45.00751231800638],[1.207980437743664,45.00809405443309],[1.207358188337486,45.008178597123305],[1.207137135181737,45.006874557424304],[1.206450975678429,45.00566479141711],[1.205321478963666,45.00462349093234],[1.205120691437631,45.004273518444116],[1.203729937320719,45.000692775378035],[1.203563786319868,44.998551150227186],[1.203291442565306,44.996752743639234],[1.202923782081748,44.99527521472823],[1.20280748419487,44.99395484841602],[1.20274919773296,44.99375397232323],[1.202487482785633,44.993484966240096],[1.202387029338092,44.99309518201113],[1.203606664755844,44.99309776893527],[1.205219035445472,44.98979515360245],[1.205251856289051,44.98817639629352],[1.204826304725962,44.98731755879348],[1.205270688604074,44.98723196639548],[1.205280032286065,44.98678181516917],[1.204902477916286,44.986643334909076],[1.204906977597722,44.98646328673423],[1.205051241095561,44.98556501071831],[1.205504750361496,44.98507519395679],[1.205637728815935,44.98480625733377],[1.205015973967372,44.98417030755441],[1.205293003524384,44.98304902339518],[1.206046670329418,44.981070848528276],[1.205941920412678,44.98089444234068],[1.206096130324627,44.98059612823679],[1.204053886391536,44.98053345480441],[1.203945251130037,44.98039931223768],[1.202050115144019,44.980220998009806],[1.203070515131206,44.97859298605069],[1.203496538462106,44.97682207909125],[1.204995284502356,44.97447769469245],[1.205169514363404,44.973989678979876],[1.205869114601966,44.97274552942991],[1.20712773038054,44.97147616641506],[1.208950677283818,44.97009339856411],[1.210936803607243,44.969159924469885],[1.211989847067047,44.968482498544844],[1.21162828023894,44.968363209697294],[1.209729431407842,44.96934583195426],[1.208781083138598,44.9696835967079],[1.207349560017126,44.97060976319581],[1.20655899226863,44.97097166712072],[1.205842278934998,44.97116634490015],[1.20547099506106,44.97119187582692],[1.205272486500672,44.97101215513677],[1.205160179847859,44.97067622027577],[1.203500446059023,44.971278042094205],[1.203839375233506,44.9718662046279],[1.202505441132527,44.97235619547048],[1.202448179534679,44.97228232135711],[1.201554866623636,44.97268125603858],[1.200141010179681,44.97309067398028],[1.199318685129369,44.973214255195096],[1.19825199765621,44.97324291132098],[1.197814106844528,44.97336640423145],[1.196107981208172,44.97449782226289],[1.192527815378406,44.975980634122415],[1.191518727321297,44.97630646155328],[1.191339525182869,44.976472861454475],[1.191124309492443,44.977243882004565],[1.190846086465714,44.97788328985364],[1.189676201089028,44.97772556261891],[1.189547397496515,44.97790268676119],[1.18971585813822,44.979757974857044],[1.189278422040751,44.98163222195002],[1.189428066504025,44.982577593034975],[1.189670344261465,44.98258063549885],[1.189860368093049,44.982865617709244],[1.189867586227014,44.98374202576398],[1.189609409297284,44.98387741857308],[1.189355228955022,44.984438863139424],[1.189152376955983,44.98541452174321],[1.18912624021965,44.98850048030791],[1.185958800657082,44.988295774828785],[1.184573220962625,44.98828668255846],[1.183235787147148,44.988632299013126],[1.182404539925045,44.988983468796135],[1.181246569856977,44.98978139852294],[1.180095828191007,44.99090275466849],[1.179708981729126,44.99116841081803],[1.17790550667102,44.990738117119],[1.177439126608361,44.99091240172335],[1.175427094512073,44.99096318038295],[1.175318404088935,44.99133875461953],[1.175318648450272,44.991526086106425],[1.176243893612906,44.99300745436252],[1.176342386086166,44.993490896766495],[1.17627116479947,44.99427506413727],[1.17564572688822,44.99426571141445],[1.175479977557332,44.99436656411514],[1.175347687706932,44.99449228186667],[1.175320224678892,44.99494574080094],[1.175125112893171,44.99516859499076],[1.173670648675482,44.99512581778524],[1.172307637837408,44.99484766219338],[1.171917626423667,44.995091625862585],[1.171181048403125,44.99510383808832],[1.170616458695507,44.995290890826155],[1.170558815784942,44.99608428568986],[1.171451088900478,44.99604671707758],[1.17164606558923,44.996217435524436],[1.171601137215186,44.99646616763357],[1.171080089819317,44.99718530157036],[1.169907647381183,44.99705614898238],[1.168967711367273,44.99711453597055],[1.168359400174223,44.99692980447935],[1.168303294146609,44.99627773548226],[1.16792354524213,44.99558611461476],[1.167213423833196,44.99560414002278],[1.16646428522378,44.99596105031085],[1.165965109555872,44.99535121164294],[1.165750653911287,44.99523329819946],[1.164616595966681,44.995832420161335],[1.164120039307548,44.995917892329956],[1.163856729096489,44.99585770919276],[1.163334504625465,44.99587430739615],[1.162557340543354,44.99619470456563],[1.161637983426478,44.996747808517654],[1.160858819605798,44.99708977606055],[1.160510856397863,44.997133558107556],[1.159831196387965,44.99746005187727],[1.159369755560302,44.997557792027536],[1.158375018818323,44.998432945434814],[1.161124780677244,45.00074257742106],[1.161534054073349,45.00122936994589],[1.161948326587253,45.00156403887788],[1.164603239466926,45.00201223785989],[1.165420024696833,45.002267072349134],[1.165650447176149,45.00263472068074],[1.16514410325223,45.00313342109257],[1.165128379801759,45.00330337874063],[1.166254552528082,45.00403523180042],[1.165734848478543,45.00498042197444],[1.165904670099628,45.00518315833384],[1.165855073329011,45.005340849834774],[1.165046060959851,45.00666853525324],[1.165041815647262,45.00687560773059],[1.165918193851218,45.00717374938387],[1.167189256847188,45.007942203570956],[1.16831243469194,45.00845873749974],[1.168453794897703,45.00860065992989],[1.168315146566539,45.008802818612594],[1.167651808058649,45.00928723979817],[1.1678424182238,45.00939845219998],[1.168558560594642,45.00978399632979],[1.169455746497627,45.009758228851744],[1.169894210600951,45.009822178767],[1.170548710327981,45.010074305192845],[1.170320887369895,45.01028580794272],[1.170120756603896,45.010349163436544],[1.169741596645096,45.010218643324684],[1.169114503330673,45.01017680724768],[1.168568539759167,45.01056589816194],[1.169123718103755,45.01090465924647],[1.168512246407287,45.01108372866885],[1.16813564889737,45.01130178508176],[1.167236778383611,45.01223173721258],[1.167269742407927,45.012737528012174],[1.167422674272203,45.012797685879384],[1.167285777074274,45.01290710867763],[1.165873059732783,45.0137466320799],[1.163238458277611,45.01452004951025],[1.160460774405031,45.01701843623883],[1.16029689279212,45.017793866297694],[1.159643552420993,45.018007321370625],[1.159127251135089,45.01845540013705],[1.158367043710938,45.0187904660459],[1.157327551352552,45.01943161946766],[1.159418420829307,45.021225131438435],[1.160078588747914,45.02184846979167],[1.16009610738278,45.022049598619624],[1.160171635646195,45.02210848692585],[1.160325241208698,45.02207139808827],[1.161348521176347,45.02316184868734],[1.162434747652486,45.024076806214055],[1.164602796065592,45.02639295294311],[1.166185881046387,45.02718637316306],[1.166924605729229,45.02739307390815],[1.168881494731713,45.02813677048786],[1.169875645466967,45.0283395465844],[1.169309748604748,45.028905741097475],[1.16930013815171,45.029354994367],[1.167422060691209,45.03074167927744]]]]}},{"type":"Feature","properties":{"fid":3174,"ID":"COMMUNE_0000000009755148","NOM":"Sergeac","NOM_M":"SERGEAC","INSEE_COM":"24531","STATUT":"Commune simple","POPULATION":215,"INSEE_CAN":"25","INSEE_ARR":"4","INSEE_DEP":"24","INSEE_REG":"75","SIREN_EPCI":"200041168"},"geometry":{"type":"MultiPolygon","coordinates":[[[[1.137096463333572,45.00027355653259],[1.136533732337959,44.9999417102571],[1.13677141639836,44.99958904281307],[1.136299097128808,44.99913442286613],[1.136924923304587,44.998561298074456],[1.136642686503263,44.99693364621751],[1.136421227467463,44.996531861254496],[1.136343603070288,44.996118075099886],[1.1365715005112,44.99529601955973],[1.136676268783652,44.99371087472865],[1.136498643638323,44.99298379840119],[1.135446598069445,44.99103433496873],[1.135449064171079,44.99088397219276],[1.136882428637087,44.988886086772574],[1.137084311238968,44.98834909405954],[1.136771862980411,44.98816553841663],[1.137211282120045,44.98777482193629],[1.137658247407467,44.98436985004015],[1.137111077526403,44.983345688447464],[1.1361332303175,44.98191713493796],[1.133788776439209,44.9827361199976],[1.131378301799215,44.98309733238345],[1.130844976520242,44.982917254029935],[1.12971508793536,44.98300723834673],[1.128348968295612,44.982950938388555],[1.126979603142167,44.983257518300654],[1.126080959514172,44.98337657674798],[1.123788553982648,44.98392334237246],[1.122162508859808,44.984049011923915],[1.120609539118184,44.98468204409782],[1.119258248862891,44.986073190084866],[1.118183240163269,44.986982656442116],[1.115671284292557,44.98439046098048],[1.115075334392604,44.98422455617974],[1.114089353787483,44.983732313849664],[1.112864191466175,44.983258520923926],[1.112430226064899,44.98299357860673],[1.112397994098774,44.98285793753954],[1.111653302115165,44.98239948785377],[1.110075635876195,44.98210700961577],[1.109841282843127,44.98190669083514],[1.109594182173793,44.981106336685606],[1.108798328986712,44.98047317666159],[1.108594947003424,44.98052105440977],[1.107471346394174,44.979711191880824],[1.106591518004028,44.97938640288686],[1.105997622895357,44.97893678538581],[1.105818847490146,44.97900759267768],[1.105193135398159,44.979011345694545],[1.103391432524833,44.980205495377284],[1.102879448467852,44.9810100331272],[1.102813261534858,44.9815781023229],[1.103085352892893,44.98279949364362],[1.103096105772656,44.983381484096505],[1.102691647763444,44.98516954320596],[1.101724268264715,44.985778978678134],[1.101195300297639,44.986221167543334],[1.099984740522624,44.98685255605185],[1.09820686154232,44.98759582052434],[1.098000206848653,44.987963348285334],[1.094661916126182,44.988573594134586],[1.093446943926735,44.98851044945509],[1.093061737813206,44.98838046043798],[1.090999957428257,44.98847479184831],[1.090140853527079,44.98873203857505],[1.088288119708116,44.99017545858467],[1.087445505206915,44.9913984509258],[1.087337357160259,44.99226120301388],[1.087784799093841,44.9920185172032],[1.088204178770331,44.99204013460454],[1.08828816347152,44.99311243471653],[1.088927251903082,44.99685115092053],[1.090976715303889,44.99768609849848],[1.091673988505969,44.99808443266082],[1.091254124833395,44.999081441647334],[1.091532411947639,44.999147458376314],[1.091162254998069,45.00177727603633],[1.09154828722526,45.00270525024046],[1.092249508030549,45.00343688407356],[1.093587518322846,45.00437035957548],[1.094938228416369,45.003774752825635],[1.095882149940774,45.00304518055169],[1.096511792029843,45.00267228133352],[1.097698061564338,45.00216929706174],[1.098947740412764,45.00144312552451],[1.099378622878291,45.00127756385299],[1.100305874701265,45.00118622207952],[1.101030231501,45.001238213874274],[1.101898756963827,45.00160608123403],[1.104214637102892,45.002944275583346],[1.106076064176123,45.003834276521225],[1.106887818019646,45.00441909129325],[1.108463939575383,45.00605352508167],[1.108961588507586,45.00710671862298],[1.109050954652506,45.008144867720084],[1.108557958237964,45.01165257075584],[1.108660442551925,45.01222711684178],[1.10894829001936,45.01280211060452],[1.109198477685536,45.01377814757796],[1.109281488920924,45.014328045257166],[1.109132674721957,45.01527568870858],[1.108751171280418,45.0161950615861],[1.108775307084556,45.01754822863252],[1.109212298136172,45.01829507585021],[1.110181724711973,45.0188807417563],[1.111620904977415,45.01943203930041],[1.112177426628702,45.019572972168746],[1.113824593081497,45.019681052166455],[1.116091330744824,45.01998152380674],[1.119924092445039,45.02103071924492],[1.12175955364446,45.021432765985786],[1.123333247608866,45.021651143048686],[1.123521615516273,45.02088067379967],[1.123707670365527,45.01843588755284],[1.124860149990481,45.01636584006943],[1.128491546568211,45.010519719787936],[1.128715657432616,45.01008217943888],[1.128722534459494,45.00900243984976],[1.131679949168889,45.008530662941205],[1.131243350703699,45.00768935027645],[1.131174864020144,45.00723068085655],[1.130872184621863,45.00659966074484],[1.131953729090542,45.0047760363079],[1.13113640765604,45.004274173062704],[1.131000422265346,45.00325147794134],[1.131098954195745,45.002581264610505],[1.131618689711092,45.00229908958937],[1.132238960619968,45.00219962578813],[1.134241792472523,45.00163881098766],[1.134036601914075,45.0014345307233],[1.135823888661795,45.000979049410105],[1.135670120652505,45.00060271355958],[1.137096463333572,45.00027355653259]]]]}},{"type":"Feature","properties":{"fid":3513,"ID":"COMMUNE_0000000009754949","NOM":"Plazac","NOM_M":"PLAZAC","INSEE_COM":"24330","STATUT":"Commune simple","POPULATION":710,"INSEE_CAN":"25","INSEE_ARR":"4","INSEE_DEP":"24","INSEE_REG":"75","SIREN_EPCI":"200041168"},"geometry":{"type":"MultiPolygon","coordinates":[[[[1.06513741171858,45.055161567081434],[1.065052675806616,45.05456205787551],[1.0643770701947,45.053448813610636],[1.064312889438096,45.053136971106966],[1.064669765645278,45.051304930210364],[1.064691033572818,45.048522268675114],[1.065115699579292,45.047374104994184],[1.066517546358583,45.045484558212415],[1.067202066178594,45.043836533052975],[1.067245557211509,45.043496840268155],[1.067084223555259,45.04228265906895],[1.067180514354228,45.041922267242086],[1.06756402025044,45.04126424018601],[1.067846081292471,45.03949664737208],[1.067517922765337,45.03818410388054],[1.067557063192015,45.03741832695109],[1.067864185020669,45.036175351279546],[1.068510910608383,45.034440206331354],[1.068781689296964,45.03399187522384],[1.069111898751698,45.03366165906478],[1.070205407656894,45.033223086755186],[1.070705211539757,45.03287328931255],[1.072620161905806,45.03211208181121],[1.073792409231684,45.0315613565739],[1.073912412215772,45.03158054504834],[1.075807421021268,45.03047309008964],[1.077690212635809,45.02872052911571],[1.079943516931297,45.02634477753022],[1.079450363287889,45.02602284549426],[1.078580530733404,45.02365084158714],[1.078123326171128,45.022985476667074],[1.077096447986301,45.0220833075139],[1.075563208274537,45.02095081630637],[1.071428829843614,45.0182106423749],[1.071108674085647,45.01780971038851],[1.070307230570949,45.01626741969938],[1.069580403229359,45.01602425044097],[1.069146088920244,45.015657358512875],[1.068387138523716,45.01520467370349],[1.067593023013073,45.01488827152773],[1.066475643488287,45.01470404745853],[1.066332810435029,45.01486908666098],[1.065782888435804,45.01512972594329],[1.064685244271171,45.01555016224505],[1.064460410543752,45.01555255719218],[1.06451737216648,45.01566793015877],[1.064216103237875,45.01575095451253],[1.062558233416443,45.015590613678164],[1.060833581119032,45.01427895460394],[1.059588139265979,45.013943822291964],[1.058687445772441,45.01392000998641],[1.055135884252888,45.013520261913435],[1.055029178219163,45.01428935474115],[1.053767843775463,45.01634871248312],[1.053355453570075,45.01794736427355],[1.051059285145816,45.0170074304483],[1.04900561411451,45.016398636295946],[1.048390648821132,45.01608163291739],[1.048358050973888,45.01596037374574],[1.048221669788466,45.015975094713816],[1.04692241689311,45.01543622911441],[1.044893659628683,45.01608060517433],[1.043316502408685,45.016409549797906],[1.038376405366168,45.016461296133166],[1.037123214436756,45.01613207881549],[1.034836173690357,45.01577379038632],[1.033843672188989,45.01568781232337],[1.033081616867422,45.01580134078129],[1.032948701670946,45.01564497933898],[1.032322675274041,45.015392537415195],[1.032281391597078,45.01530264241571],[1.030843053305159,45.01536546904251],[1.028018065139527,45.015032646298074],[1.027712170697104,45.01484889564238],[1.027438760973443,45.0144999985454],[1.026586893204029,45.01377517809962],[1.025630708415564,45.01305660632664],[1.024066671185475,45.01225698449586],[1.023653052235461,45.01185244943306],[1.022749777519871,45.011291506406046],[1.022431129860079,45.01075085291314],[1.021617654467581,45.010236528962295],[1.018850262317465,45.00971985691627],[1.018597937110114,45.00956675584185],[1.018001040912599,45.00949938551349],[1.017264681582529,45.00953400404045],[1.016026651980901,45.010038827365875],[1.015777502307833,45.010405458057335],[1.015760756372118,45.01055556997435],[1.015873003875962,45.010648538011544],[1.014979091381303,45.01179625293484],[1.014553266201053,45.01274065731293],[1.014172668200487,45.013232834165315],[1.013733660186003,45.013581662767486],[1.012250010582631,45.01402712267845],[1.009254154062491,45.01532637555278],[1.008892533657007,45.01539015882906],[1.008787973717092,45.01547385142641],[1.00819943772406,45.015491241418566],[1.005498857604737,45.01733698082125],[1.003967742903041,45.01864612342205],[1.003507336973892,45.01923590920979],[1.003606683568232,45.0193700891854],[1.003454469973762,45.020113111645124],[1.003366843242844,45.02025564667808],[1.003261088369948,45.02019430559151],[1.003233246576484,45.02061892126963],[1.002980800810602,45.02096745424275],[1.000518411458033,45.0232433728081],[0.997787681440778,45.0249911263827],[0.997440933460494,45.02541811168787],[0.996655685928692,45.026812632340736],[0.997976224357176,45.03488389022278],[0.997356794159787,45.03551042677167],[0.997855184171638,45.0358175127658],[0.998947657594444,45.03677565336564],[1.000308947362709,45.03774851833969],[1.000951501664371,45.03811041802536],[1.000414404399791,45.04098382852395],[1.000594297464765,45.0432738692588],[1.000830090263908,45.043572623070126],[1.000337842299646,45.04543808794494],[1.000740388325541,45.04572812741599],[1.000717146642683,45.045880824822795],[1.001018379730254,45.04623299219375],[1.000787945790357,45.04717096132595],[1.001575391926581,45.04774801656608],[1.002611960919437,45.04821604944087],[1.002592376680292,45.04933433614839],[1.002309438397818,45.05081807711912],[1.002080209182322,45.05147325951257],[1.004861241905672,45.0519464313632],[1.006666971915679,45.05265517111055],[1.007459546793576,45.05330613021129],[1.007410280835437,45.05376189075407],[1.008598534163323,45.05404253712951],[1.009940945528263,45.05449074851762],[1.013968252902881,45.05623068045178],[1.014828179792018,45.05624060637227],[1.015135574449614,45.05635146342498],[1.015386674923358,45.056329818338654],[1.015763372248067,45.05663645376628],[1.016328624398284,45.056786126362766],[1.017739532374758,45.05652393060216],[1.019579984984397,45.05647560937083],[1.019896288157298,45.056514557775515],[1.019939400837879,45.05680443978184],[1.020753007810168,45.056902662819454],[1.021369726210965,45.056855076420355],[1.02159377413669,45.05723913947931],[1.021726097033375,45.057306338060926],[1.02125640738926,45.0586940358077],[1.021284806517731,45.05957990066065],[1.021507987372411,45.06056379611689],[1.022246222267632,45.06182523744861],[1.021754193103837,45.063125177510216],[1.021420417259065,45.06347141257462],[1.02112499299442,45.064170491166244],[1.020363078911823,45.065158502553786],[1.020701616201221,45.065935494549],[1.020706384737422,45.066195873934525],[1.020513204209184,45.06641130517944],[1.020527825944415,45.06657278558689],[1.020252899344779,45.066871427230446],[1.020359053563112,45.06746325508158],[1.020224256828458,45.06861462326993],[1.020507253439693,45.068662884362176],[1.020576562074172,45.06878750820549],[1.020850095153758,45.06982183860965],[1.021267099636272,45.06996254564638],[1.021585022769431,45.070532914625936],[1.023349152148987,45.0721539177936],[1.023259198532337,45.07246935918063],[1.02339712098187,45.07306264854934],[1.023994489831589,45.07288410325516],[1.024074015942338,45.07275581659259],[1.024315710484812,45.073074438050924],[1.024606811609881,45.073757807330004],[1.029965705351237,45.07293130278521],[1.031326296916028,45.072952650465204],[1.032673627944388,45.07280892443556],[1.033374595615285,45.07344276314422],[1.034058594717421,45.07481304732046],[1.034125032684051,45.07549062414337],[1.034471356245693,45.07630643816431],[1.034399229525667,45.07828664479526],[1.034653770398724,45.079218827461844],[1.035499195161958,45.08023078031804],[1.035729102747284,45.080706785825804],[1.036628245194972,45.08152963473339],[1.037011638818743,45.08313868601405],[1.038412641762536,45.08306608406265],[1.040303910307406,45.08351456984646],[1.044040738154052,45.08412152597146],[1.048109290526094,45.08560781638944],[1.049729026758676,45.08633689581672],[1.051559965091962,45.08702641176824],[1.053110191404607,45.08610239820572],[1.05397982387662,45.0858464861299],[1.055162854651061,45.085681600746824],[1.056360094371289,45.08602222551741],[1.057028620699597,45.08544304518483],[1.057996385464459,45.085875121865236],[1.059344609914791,45.08527264467999],[1.059660469218908,45.08536641011009],[1.059706151852062,45.08441610128026],[1.059860425251099,45.08403690462298],[1.061352111036786,45.08244797094033],[1.062777888533157,45.08118121239979],[1.063058448762641,45.08075196899941],[1.0634868521124,45.079503888255985],[1.063734547917094,45.078775051842634],[1.064097590697709,45.07809235176328],[1.064722947530623,45.07743312104078],[1.064563605947366,45.074874270349405],[1.064665637249486,45.07240282234037],[1.064270363128448,45.07082249802877],[1.064278506445496,45.06999943421128],[1.065642037267586,45.063390649265784],[1.065801113891417,45.06176681949038],[1.06600378902672,45.06141818054143],[1.066828213573627,45.06050841462919],[1.066357569093169,45.05934469989888],[1.066391582894489,45.05847075049065],[1.066303644907447,45.05803690766307],[1.06517800752464,45.05597196430187],[1.06513741171858,45.055161567081434]]]]}},{"type":"Feature","properties":{"fid":3956,"ID":"COMMUNE_0000000009755144","NOM":"Valojoulx","NOM_M":"VALOJOULX","INSEE_COM":"24563","STATUT":"Commune simple","POPULATION":286,"INSEE_CAN":"25","INSEE_ARR":"4","INSEE_DEP":"24","INSEE_REG":"75","SIREN_EPCI":"200041168"},"geometry":{"type":"MultiPolygon","coordinates":[[[[1.123333247608866,45.021651143048686],[1.127127298797957,45.02189066532089],[1.127936462643866,45.02211142196301],[1.128334047168751,45.02229823420662],[1.129081053798648,45.023049310766226],[1.130235677245083,45.02444848004487],[1.130546960803948,45.02520483599006],[1.130871828129833,45.02711423001223],[1.13074148387332,45.02744257408594],[1.130037731982389,45.02824582923744],[1.129843949864,45.028610032934424],[1.129541727852642,45.02971093484864],[1.129253282268786,45.030285196538344],[1.129281444990296,45.031570875882714],[1.129455411733267,45.03248434101785],[1.1300309596049,45.03361980324511],[1.130358342474899,45.03404769921547],[1.131017639541527,45.034654088206885],[1.132017098437632,45.03591553862053],[1.133137933219824,45.03730960695871],[1.135055482903241,45.03919344635935],[1.136266236922922,45.03846348896351],[1.136671386852675,45.03808389719106],[1.137862068016952,45.03826142692343],[1.138136712122449,45.03825341069616],[1.138848051976612,45.038062660028416],[1.139299402574901,45.0380503893254],[1.139761530398738,45.03817249129737],[1.140213270475528,45.03814851514635],[1.141682856553799,45.03780739383073],[1.142242236450992,45.037563650140285],[1.144894823085337,45.03751601053267],[1.144884752821798,45.037436587107926],[1.145513070589515,45.03741192881955],[1.146740284648998,45.036831639829266],[1.147497092456237,45.03687755699997],[1.148930854623389,45.037386841884356],[1.149319007811413,45.03740320090514],[1.150398681646145,45.03705818643272],[1.151246580815792,45.036961490229004],[1.152012497135732,45.03696249634159],[1.153206469671349,45.0371948546153],[1.153209305874926,45.037031887615235],[1.155655163046812,45.03755156237531],[1.156315301097548,45.03690773733008],[1.156914433815118,45.03738328141875],[1.1572102553385,45.03773491982281],[1.157569546890049,45.037933600054686],[1.158015566173785,45.036925069857915],[1.158846165956155,45.03600215363404],[1.15965565183966,45.03440701459979],[1.160185616412411,45.03397266426741],[1.160418070197368,45.03362435983071],[1.161436531971976,45.03045926840417],[1.162057480823522,45.029341036639266],[1.16239177855936,45.02894577651334],[1.163227601019208,45.029367552597584],[1.16439805004391,45.029810150534516],[1.165084344239331,45.02998988058743],[1.165506522958774,45.03020668347275],[1.167422060691209,45.03074167927744],[1.16930013815171,45.029354994367],[1.169309748604748,45.028905741097475],[1.169875645466967,45.0283395465844],[1.168881494731713,45.02813677048786],[1.166924605729229,45.02739307390815],[1.166185881046387,45.02718637316306],[1.164602796065592,45.02639295294311],[1.162434747652486,45.024076806214055],[1.161348521176347,45.02316184868734],[1.160325241208698,45.02207139808827],[1.160171635646195,45.02210848692585],[1.16009610738278,45.022049598619624],[1.160078588747914,45.02184846979167],[1.159418420829307,45.021225131438435],[1.157327551352552,45.01943161946766],[1.158367043710938,45.0187904660459],[1.159127251135089,45.01845540013705],[1.159643552420993,45.018007321370625],[1.16029689279212,45.017793866297694],[1.160460774405031,45.01701843623883],[1.163238458277611,45.01452004951025],[1.165873059732783,45.0137466320799],[1.167285777074274,45.01290710867763],[1.167422674272203,45.012797685879384],[1.167269742407927,45.012737528012174],[1.167236778383611,45.01223173721258],[1.16813564889737,45.01130178508176],[1.168512246407287,45.01108372866885],[1.169123718103755,45.01090465924647],[1.168568539759167,45.01056589816194],[1.169114503330673,45.01017680724768],[1.169741596645096,45.010218643324684],[1.170120756603896,45.010349163436544],[1.170320887369895,45.01028580794272],[1.170548710327981,45.010074305192845],[1.169894210600951,45.009822178767],[1.169455746497627,45.009758228851744],[1.168558560594642,45.00978399632979],[1.1678424182238,45.00939845219998],[1.167651808058649,45.00928723979817],[1.168315146566539,45.008802818612594],[1.168453794897703,45.00860065992989],[1.16831243469194,45.00845873749974],[1.167189256847188,45.007942203570956],[1.165918193851218,45.00717374938387],[1.165041815647262,45.00687560773059],[1.165046060959851,45.00666853525324],[1.165855073329011,45.005340849834774],[1.165904670099628,45.00518315833384],[1.165734848478543,45.00498042197444],[1.166254552528082,45.00403523180042],[1.165128379801759,45.00330337874063],[1.16514410325223,45.00313342109257],[1.165650447176149,45.00263472068074],[1.165420024696833,45.002267072349134],[1.164603239466926,45.00201223785989],[1.161948326587253,45.00156403887788],[1.161534054073349,45.00122936994589],[1.161124780677244,45.00074257742106],[1.158375018818323,44.998432945434814],[1.159369755560302,44.997557792027536],[1.159831196387965,44.99746005187727],[1.160510856397863,44.997133558107556],[1.160858819605798,44.99708977606055],[1.161637983426478,44.996747808517654],[1.162557340543354,44.99619470456563],[1.163334504625465,44.99587430739615],[1.163856729096489,44.99585770919276],[1.164120039307548,44.995917892329956],[1.164616595966681,44.995832420161335],[1.165750653911287,44.99523329819946],[1.165965109555872,44.99535121164294],[1.16646428522378,44.99596105031085],[1.167213423833196,44.99560414002278],[1.16792354524213,44.99558611461476],[1.168303294146609,44.99627773548226],[1.168359400174223,44.99692980447935],[1.168967711367273,44.99711453597055],[1.169907647381183,44.99705614898238],[1.171080089819317,44.99718530157036],[1.171601137215186,44.99646616763357],[1.17164606558923,44.996217435524436],[1.171451088900478,44.99604671707758],[1.170558815784942,44.99608428568986],[1.170616458695507,44.995290890826155],[1.171181048403125,44.99510383808832],[1.171917626423667,44.995091625862585],[1.172307637837408,44.99484766219338],[1.173670648675482,44.99512581778524],[1.175125112893171,44.99516859499076],[1.175320224678892,44.99494574080094],[1.175347687706932,44.99449228186667],[1.175479977557332,44.99436656411514],[1.17564572688822,44.99426571141445],[1.17627116479947,44.99427506413727],[1.176342386086166,44.993490896766495],[1.176243893612906,44.99300745436252],[1.175318648450272,44.991526086106425],[1.175318404088935,44.99133875461953],[1.174888627098542,44.99109034098494],[1.174406060122339,44.991059908396565],[1.17359340830996,44.99079890220665],[1.173078603753469,44.99078414562995],[1.172740255234616,44.99069032906715],[1.171929468941914,44.990178070013016],[1.171487323203324,44.98968717466856],[1.171386555699119,44.98970263012736],[1.170894740453592,44.98991699699642],[1.169767441732148,44.99012000881281],[1.169188373812869,44.990518459463956],[1.168308637060605,44.99095158463953],[1.167439607006759,44.991095782103066],[1.166889271850394,44.991429850310666],[1.166794233609063,44.99165794126588],[1.166164496575888,44.99181958084073],[1.165661414429134,44.99241560066367],[1.165609002036286,44.992775883442576],[1.16532571421768,44.993171085885706],[1.164920783823243,44.99507101266922],[1.16422627599604,44.99542610710999],[1.162664445825456,44.99575427009429],[1.161105496756803,44.99649674332841],[1.159188385768194,44.99701261923588],[1.15778781023202,44.997568537545845],[1.156603928739159,44.997324676368926],[1.155211961344583,44.99677024138153],[1.153134280151156,44.99641785584909],[1.153085243642835,44.99582623521195],[1.152479840849503,44.99559373130773],[1.151914481306607,44.996302136649064],[1.150271346432608,44.996936789278614],[1.150189531114105,44.99706962167187],[1.149433524175195,44.99759201971627],[1.149289424077364,44.997612138575434],[1.146707458164996,44.99704049855022],[1.144472287153919,44.997075296794236],[1.143652998490189,44.9973606379767],[1.142996939259095,44.997737859263886],[1.142753092568381,44.99797155390866],[1.14168677867121,44.99854726153647],[1.140832242089737,44.99893736699947],[1.140481698172855,44.99901977061194],[1.14044970710623,44.99918044770468],[1.140346629232793,44.999226458133876],[1.139680963015425,44.9992036230246],[1.138999615358097,44.99934713719662],[1.13800020201758,45.000008588411596],[1.137096463333572,45.00027355653259],[1.135670120652505,45.00060271355958],[1.135823888661795,45.000979049410105],[1.134036601914075,45.0014345307233],[1.134241792472523,45.00163881098766],[1.132238960619968,45.00219962578813],[1.131618689711092,45.00229908958937],[1.131098954195745,45.002581264610505],[1.131000422265346,45.00325147794134],[1.13113640765604,45.004274173062704],[1.131953729090542,45.0047760363079],[1.130872184621863,45.00659966074484],[1.131174864020144,45.00723068085655],[1.131243350703699,45.00768935027645],[1.131679949168889,45.008530662941205],[1.128722534459494,45.00900243984976],[1.128715657432616,45.01008217943888],[1.128491546568211,45.010519719787936],[1.124860149990481,45.01636584006943],[1.123707670365527,45.01843588755284],[1.123521615516273,45.02088067379967],[1.123333247608866,45.021651143048686]]]]}}]}