{"type":"FeatureCollection","features":[{"type":"Feature","properties":{"fid":207,"ID":"COMMUNE_0000000009748803","NOM":"Quinçay","NOM_M":"QUINCAY","INSEE_COM":"86204","STATUT":"Commune simple","POPULATION":2113,"INSEE_CAN":"19","INSEE_ARR":"3","INSEE_DEP":"86","INSEE_REG":"75","SIREN_EPCI":"200069763"},"geometry":{"type":"MultiPolygon","coordinates":[[[[0.206651125765661,46.63746669082497],[0.216032888719173,46.63528936877373],[0.221524131565847,46.63413334194622],[0.22213993243619,46.63518800825356],[0.222440141523295,46.63601968599001],[0.234333768287963,46.6331440239057],[0.234858172090816,46.63183404214389],[0.235213618001167,46.630142470788066],[0.236052963744471,46.62865628352885],[0.23575757471149,46.62726344986766],[0.240841352643407,46.62650934166165],[0.240375842657655,46.62521964117102],[0.244060180478877,46.6244893404025],[0.247680059326171,46.623997034528166],[0.250048007846551,46.62384847616274],[0.250438059434924,46.62391910449983],[0.250673298231376,46.6241031430879],[0.252160910210121,46.624399214943416],[0.254729829199349,46.624569819493956],[0.255844504903996,46.62484519297738],[0.25654600594167,46.62462683985513],[0.257024582571963,46.62467974388047],[0.257779998012777,46.624559078196164],[0.257775658103939,46.62376341601987],[0.257218418350335,46.62355907027543],[0.256652578245263,46.62347344415095],[0.2559496050611,46.623254790505214],[0.255496644713445,46.623368274376844],[0.255205935476177,46.623324369767644],[0.254844839783769,46.62242105111741],[0.254323604294034,46.62233287803705],[0.254188510230387,46.62208187234882],[0.253627647419586,46.621690919858544],[0.253374559208714,46.62134248196164],[0.252683879996199,46.620829483264785],[0.252233218877956,46.62087183210312],[0.251882186685973,46.62080574930933],[0.251785528909101,46.620544850696845],[0.250940476824043,46.61987857531618],[0.25076036354803,46.6186561336915],[0.250105939811735,46.61851338811603],[0.250124636849777,46.61832463196157],[0.250458514498292,46.61808307602926],[0.250133106739604,46.61779506128452],[0.25045024416931,46.61752247037551],[0.250532807961274,46.616872145366045],[0.250431954018095,46.6165651945645],[0.250744905204576,46.616271780039135],[0.251093601277249,46.61563324766725],[0.250954153758092,46.615236174415045],[0.251106486000059,46.61499025979],[0.25177841200026,46.614527063694574],[0.252572366794714,46.61433978665383],[0.253202779248451,46.614309857169374],[0.253561371427922,46.614199527037684],[0.254303577491363,46.61431192317283],[0.255400934123549,46.61425262984805],[0.256110691164918,46.613997540010494],[0.256462721163413,46.61349872378108],[0.257239461608118,46.61302989881042],[0.257268296360939,46.612406214055305],[0.257516715148775,46.61196527909069],[0.25748028112737,46.61056158937561],[0.256862829395909,46.610153977911956],[0.25666634468903,46.609539311721846],[0.256440708047113,46.609321276815436],[0.255513142698653,46.60910083915067],[0.255034462938846,46.608664107104694],[0.254297125872238,46.608197746797366],[0.253857495781599,46.60807548534142],[0.253143619919314,46.60774032131724],[0.252753565375423,46.60705072790625],[0.252431421804675,46.60597444080177],[0.25227277264863,46.60518137814866],[0.252233821667836,46.60377852207404],[0.252497083524856,46.60356139585609],[0.25273780663522,46.603013970480085],[0.255417084813033,46.59882650222556],[0.256672840371031,46.5971231130233],[0.257666545450825,46.59488636382706],[0.257833841320917,46.59423806280902],[0.259920645082052,46.59411773584804],[0.26171114857702,46.59385964389315],[0.258810592511372,46.58940428099777],[0.255994330142941,46.58942871772564],[0.251549643607134,46.58901396943489],[0.25240306908408,46.58479443748511],[0.252778829181067,46.58480615827409],[0.253041444503495,46.58286543962503],[0.25351431992818,46.58216951541437],[0.250330264804352,46.581799358720644],[0.244807588645708,46.58129356255249],[0.235748822660473,46.580047143907514],[0.216420072350889,46.58151048831534],[0.198723334986846,46.579754316959956],[0.19855475123482,46.58018627703863],[0.197811983307463,46.580907820774236],[0.197397926849565,46.58113284613485],[0.196660238879518,46.581298587719665],[0.196424055022385,46.58141894406138],[0.194843380568322,46.582905621257794],[0.193216479958002,46.5837919764999],[0.192241527492139,46.58414829235446],[0.191426125600354,46.584552663977426],[0.190698540095456,46.58474925068916],[0.190060302772952,46.58549313482747],[0.189772239781705,46.58641500132393],[0.188051227207574,46.58696920850615],[0.186916003597752,46.58721342347016],[0.18516842450537,46.58792641417158],[0.183617826863752,46.58824147446389],[0.181083290246147,46.58852778644746],[0.178924063683149,46.589212528042246],[0.178141884630171,46.58925001538207],[0.177086690527586,46.589032988019326],[0.176354010633465,46.589703292403655],[0.175535410386146,46.59024082619447],[0.174798507919875,46.58963248172217],[0.174409881109169,46.58911291824256],[0.173853937040698,46.58874509813118],[0.173088029748057,46.58846940017776],[0.170641483887413,46.58779086771921],[0.16897835809995,46.58815701160014],[0.169943505486492,46.58965222962262],[0.171449557775044,46.59278622915044],[0.17180164426231,46.59378243624235],[0.172109915741126,46.59423875446609],[0.177862913278997,46.59893800295504],[0.179056976606429,46.600085576512],[0.180362614588135,46.60172963547052],[0.181510863188255,46.602880556970575],[0.182510647002503,46.604046734068575],[0.181945297616161,46.605925837158395],[0.181914994046779,46.60635937629008],[0.183417753390018,46.60914981581905],[0.184176380100192,46.609850530131396],[0.186467823711286,46.61157820453466],[0.187115304001192,46.611926577918155],[0.188168207240315,46.61232364420593],[0.187258913582939,46.613321252554606],[0.186925507666898,46.615090742166956],[0.185867810172808,46.616377521670685],[0.186345987437219,46.61714340720248],[0.186778463071361,46.61694769999907],[0.188370746836851,46.61895277908004],[0.187778872283232,46.61904456822878],[0.193491511138372,46.625083505517104],[0.196569642535289,46.62615627279025],[0.199601497290906,46.62810449087556],[0.199503806374699,46.62822373729465],[0.199204154024248,46.628302907895545],[0.199097120006414,46.62852734197542],[0.19955908916474,46.6300198694531],[0.201065955732838,46.63098201076309],[0.201804457623796,46.63121989114112],[0.206651125765661,46.63746669082497]]]]}},{"type":"Feature","properties":{"fid":544,"ID":"COMMUNE_0000000009748213","NOM":"Cuhon","NOM_M":"CUHON","INSEE_COM":"86089","STATUT":"Commune simple","POPULATION":389,"INSEE_CAN":"11","INSEE_ARR":"3","INSEE_DEP":"86","INSEE_REG":"75","SIREN_EPCI":"200069763"},"geometry":{"type":"MultiPolygon","coordinates":[[[[0.075741593584214,46.767146872241945],[0.075561454348181,46.76985524769297],[0.075875378322212,46.771426502512725],[0.076240889009129,46.77218725328804],[0.077000795245049,46.771981337875474],[0.077468427063312,46.772769910979385],[0.079414629496971,46.77218419231875],[0.079592532975416,46.77297169655815],[0.08515694902171,46.77167680818212],[0.085524598073061,46.77164378887916],[0.084029031200305,46.76894784698124],[0.087946450064949,46.77018340076774],[0.090937529063042,46.77099170878032],[0.091110637048355,46.76805789874871],[0.093567973589385,46.767862413715825],[0.094124533437004,46.768243205615455],[0.098004493578419,46.767118627193746],[0.098956832336928,46.76809234519555],[0.099450565552748,46.76891301681789],[0.099647942865058,46.76943968342204],[0.099730820615811,46.77090591117469],[0.099542284449576,46.77112099641748],[0.099611387063093,46.772011133107426],[0.099389102883923,46.77400935744672],[0.099521354374579,46.774650608450415],[0.098967017161736,46.775452021298314],[0.098486881827387,46.775773267868225],[0.097827923635657,46.77654410215357],[0.097570412597795,46.777091715201664],[0.096260173659633,46.77807223814867],[0.09595223668935,46.778752823331956],[0.095012582500993,46.779547181551294],[0.094789958720402,46.779516324178516],[0.094423177297824,46.779679141117796],[0.094373958370831,46.779887830844416],[0.094816278322352,46.78135053690453],[0.095132700000136,46.78200545937743],[0.095353429812632,46.783418409959076],[0.095330965669564,46.78383771041374],[0.095056853658151,46.78525707137996],[0.093929724745066,46.78734412993758],[0.09338399999656,46.78812771634358],[0.094358151872415,46.788455090710556],[0.093378433929522,46.788965509943],[0.092546731690922,46.78965085726173],[0.092021670961262,46.78987723860267],[0.094999128545595,46.78990839800689],[0.096136531687542,46.787482812256314],[0.098597802669293,46.785636660766095],[0.099645492473011,46.784123296779654],[0.108174590385999,46.784013011976604],[0.107920941940597,46.78466165459082],[0.112426402891311,46.78530475449929],[0.113328330405664,46.78361462079242],[0.114009158814213,46.78203605699601],[0.11644962064198,46.784017353906584],[0.123170484585157,46.78775105168927],[0.131720284425929,46.78212546907145],[0.128555371112133,46.78029308737771],[0.12849571798374,46.780156447704464],[0.130929975586367,46.77814858485599],[0.124281995900803,46.77597135584463],[0.123716805488922,46.77542652087729],[0.12142317790458,46.77431310580927],[0.124480434095441,46.77331748684974],[0.126080909812869,46.77296019845954],[0.124039445647468,46.76882399294723],[0.123548400222276,46.76750074733066],[0.125883090984312,46.76672126203029],[0.127144040124851,46.76398224385151],[0.130026571219248,46.7605269086674],[0.130894910457657,46.76064320846481],[0.132126152276539,46.76059106792161],[0.133125416249359,46.76083495710076],[0.133549195354045,46.76082931655406],[0.134902476150251,46.76057656738635],[0.135734401783299,46.76024052422543],[0.140435598532028,46.75907736163982],[0.138866556304978,46.75730747709425],[0.136369901103881,46.75577753125729],[0.129531230257729,46.750364796787565],[0.128438944376701,46.74920763442979],[0.128003295398418,46.74886967630738],[0.12740694166015,46.74812585029974],[0.126267149145237,46.746555718678565],[0.12597977405284,46.74572050629499],[0.125666773365325,46.7452207246907],[0.121628249858258,46.74230932574024],[0.115629912772626,46.740968559678],[0.10693399790751,46.74386815404552],[0.104540491983123,46.74058039867736],[0.10412137175386,46.74067344393386],[0.095730371204804,46.740852524944344],[0.094038231222406,46.740242968191986],[0.087674040402466,46.74175399144984],[0.087967540945657,46.742341691436245],[0.08919914668906,46.744035298768885],[0.084053344124107,46.74510758566558],[0.084222143950477,46.744356818989104],[0.083657525234538,46.74408298544346],[0.08329733304254,46.74451713715418],[0.08349238244352,46.74466805695595],[0.082147479878164,46.74569348498008],[0.08140091391182,46.745999778171615],[0.082450602978944,46.74780776971335],[0.081754867871669,46.74811896137218],[0.082398907682573,46.749085902330634],[0.078708242769966,46.75070490490566],[0.079167350482177,46.75089408470052],[0.078060554587492,46.751388517874176],[0.076733226718326,46.7515962086696],[0.075590519585574,46.75188066792992],[0.076046393729372,46.75441603401769],[0.070845562884737,46.75602246498442],[0.070655007524701,46.75595813699629],[0.069574334973882,46.7559170505869],[0.069213637474966,46.755823149779964],[0.068223632450774,46.754929293722604],[0.067705408923094,46.75510617827211],[0.068012970671065,46.7554068637031],[0.068124144748672,46.755775517373884],[0.068803595504475,46.75627851307427],[0.069332131163329,46.75697858114608],[0.069887391693231,46.757354059345815],[0.070012075950735,46.75761853677624],[0.070203842509587,46.75773335377947],[0.070040490599549,46.75801481018371],[0.070304110245089,46.75823147347233],[0.070461704374501,46.75825081097524],[0.070461492939235,46.758400375113666],[0.070901419433065,46.758726953581885],[0.071230395130845,46.759117376363655],[0.072199828548811,46.76105045508013],[0.072462849930675,46.76115717299194],[0.073095068142832,46.762513102259014],[0.07372386668766,46.763155332823146],[0.075107343046689,46.76490250692952],[0.075741593584214,46.767146872241945]]]]}},{"type":"Feature","properties":{"fid":565,"ID":"COMMUNE_0000000009748609","NOM":"Vouillé","NOM_M":"VOUILLE","INSEE_COM":"86294","STATUT":"Commune simple","POPULATION":3707,"INSEE_CAN":"19","INSEE_ARR":"3","INSEE_DEP":"86","INSEE_REG":"75","SIREN_EPCI":"200069763"},"geometry":{"type":"MultiPolygon","coordinates":[[[[0.19886217162008,46.65677490884106],[0.204585192995782,46.6539611766556],[0.208016439942327,46.65173647662636],[0.208637695942331,46.65161375676044],[0.212379898213224,46.65140660315082],[0.213155032737175,46.651242552183625],[0.210920417014638,46.649914204840485],[0.210928345282013,46.64973420059155],[0.213246302853471,46.64726782328058],[0.211868724391845,46.646373877927694],[0.211847423595459,46.64625352857781],[0.214037176822089,46.6436047228051],[0.215251803226823,46.64246926904842],[0.214104139852202,46.641915199989576],[0.212088609317776,46.64137244463444],[0.210393351040908,46.63892284998242],[0.208019057459405,46.63948490755487],[0.206651125765661,46.63746669082497],[0.201804457623796,46.63121989114112],[0.201065955732838,46.63098201076309],[0.19955908916474,46.6300198694531],[0.199097120006414,46.62852734197542],[0.199204154024248,46.628302907895545],[0.199503806374699,46.62822373729465],[0.199601497290906,46.62810449087556],[0.196569642535289,46.62615627279025],[0.193491511138372,46.625083505517104],[0.187778872283232,46.61904456822878],[0.188370746836851,46.61895277908004],[0.186778463071361,46.61694769999907],[0.186345987437219,46.61714340720248],[0.185867810172808,46.616377521670685],[0.186925507666898,46.615090742166956],[0.187258913582939,46.613321252554606],[0.188168207240315,46.61232364420593],[0.187115304001192,46.611926577918155],[0.186467823711286,46.61157820453466],[0.184176380100192,46.609850530131396],[0.183417753390018,46.60914981581905],[0.181914994046779,46.60635937629008],[0.181945297616161,46.605925837158395],[0.182510647002503,46.604046734068575],[0.181510863188255,46.602880556970575],[0.180362614588135,46.60172963547052],[0.179056976606429,46.600085576512],[0.177862913278997,46.59893800295504],[0.172109915741126,46.59423875446609],[0.17180164426231,46.59378243624235],[0.171449557775044,46.59278622915044],[0.169943505486492,46.58965222962262],[0.16897835809995,46.58815701160014],[0.168568866784312,46.58743688531917],[0.168162679940315,46.58697993529871],[0.168012620238442,46.58662392645699],[0.168390518368759,46.585640355630574],[0.169781367377204,46.58407544845818],[0.170495275795929,46.582409100084746],[0.170026935567267,46.582393918742895],[0.16939316192905,46.58287110420768],[0.169061393202854,46.583044004080335],[0.168568777884549,46.58316877497972],[0.166374452006505,46.583198273399745],[0.164545640535497,46.58341068027503],[0.161344994365076,46.58411794654351],[0.159810587795956,46.58467275794415],[0.157935497555424,46.585019065793354],[0.156762845513878,46.585152130661],[0.155138599171567,46.584799124272195],[0.151310528464345,46.58455616138056],[0.148637239040882,46.58419767503541],[0.146160569236302,46.58467567278802],[0.139614766080263,46.586636923165386],[0.139233035666368,46.58688778144281],[0.137938617196363,46.58692390593837],[0.136050276367714,46.586797390729906],[0.134508297559214,46.58649660542764],[0.132172005660894,46.58648856063036],[0.131382669496141,46.58661204808101],[0.128596290246289,46.586192593465526],[0.127181779191882,46.58583003086076],[0.127105230233898,46.58621555360379],[0.125040782840864,46.58803787481434],[0.12347249107454,46.58932299877915],[0.121833174609613,46.59039277239584],[0.127598116497162,46.596041048983096],[0.12745624970565,46.59617805064467],[0.126669459375975,46.59924523830023],[0.126699742002697,46.600528163421735],[0.126929838580011,46.601468304303246],[0.126888202152012,46.60193489384195],[0.126194435402522,46.60341229293405],[0.12420409557664,46.60555092901592],[0.124012548978946,46.606429127895105],[0.123979758445877,46.60714822704429],[0.124192614711855,46.60863666647407],[0.124439424548739,46.60901318661327],[0.125354763651632,46.609950709242135],[0.126206550282319,46.61132452850023],[0.126950003785675,46.61348762543276],[0.127640649539024,46.61486910191709],[0.128179870594003,46.61555298641847],[0.12817617111271,46.61691073997875],[0.128334005910461,46.61815631058378],[0.128648920320471,46.619324725722876],[0.128523495760664,46.6204866073721],[0.128808250365971,46.622672423008204],[0.131814172802516,46.623527107555745],[0.13393265660237,46.624422583862014],[0.137519100578281,46.62620256741978],[0.138538822573689,46.6268064961512],[0.138785123530939,46.62717125347221],[0.139846594160302,46.629543110395645],[0.14007493381013,46.62950375947372],[0.140857307473786,46.63096671750739],[0.141350528327614,46.63158631047168],[0.142965864072762,46.632806032549915],[0.143263505036323,46.633290091701845],[0.14485800350455,46.63483363050063],[0.145046195351751,46.63521043907788],[0.144929087822545,46.63542286391137],[0.144797948796999,46.63687383525395],[0.144475651127059,46.63748119756591],[0.144141712768224,46.63783688566368],[0.143397284975762,46.638237302537],[0.143088346098798,46.63859000693881],[0.142736045837289,46.64001654112386],[0.142405942612941,46.64084625448075],[0.142374248702892,46.64164826896027],[0.142215389828107,46.64200741674691],[0.141033361151334,46.643836729392476],[0.13875921274422,46.64685153817924],[0.138372820863034,46.647978072264976],[0.137377518416401,46.65005799059213],[0.137097430055309,46.65055646473032],[0.136693307579527,46.65097525342152],[0.152587270502136,46.64891865518351],[0.155995144752076,46.65615366540521],[0.156390239649908,46.657280715571375],[0.161791057634833,46.6567982766458],[0.169156980316757,46.65634521077322],[0.169208993200895,46.65562299094965],[0.17040105567486,46.65549745096731],[0.183202567320295,46.653523309069044],[0.183356540274148,46.65360728139301],[0.186529794922735,46.65223821486203],[0.187433686528705,46.653254195212874],[0.189658887433143,46.65209964024012],[0.192850870247382,46.65107233992312],[0.193107257434674,46.65142820402809],[0.19886217162008,46.65677490884106]]]]}},{"type":"Feature","properties":{"fid":624,"ID":"COMMUNE_0000000009748395","NOM":"Chabournay","NOM_M":"CHABOURNAY","INSEE_COM":"86048","STATUT":"Commune simple","POPULATION":1258,"INSEE_CAN":"07","INSEE_ARR":"3","INSEE_DEP":"86","INSEE_REG":"75","SIREN_EPCI":"200069763"},"geometry":{"type":"MultiPolygon","coordinates":[[[[0.264661062987394,46.70484517246057],[0.263645462532302,46.70392180399231],[0.260911925213033,46.702448385226354],[0.259830742918911,46.70158107534085],[0.258155894895574,46.69999682162798],[0.249913579827762,46.70462598285385],[0.24980358315161,46.70493597915906],[0.249309910516173,46.705658426764344],[0.249313521062085,46.70607836030879],[0.251783726177064,46.708456618676394],[0.255761655611126,46.71135469776436],[0.255763440162313,46.71391075038613],[0.255962547413211,46.71507684226577],[0.256336385643147,46.715714646838684],[0.255779337103028,46.716161715380906],[0.255502867944208,46.71701821835678],[0.253351906333344,46.71725146066001],[0.253265104959732,46.71743948473835],[0.254664543329892,46.718493751687866],[0.253917048735663,46.71894977040523],[0.25467515239714,46.721703203840676],[0.254628866471637,46.72220392788813],[0.255900109343492,46.72297220936587],[0.257021084427033,46.72212598159694],[0.261439651187842,46.724183856194664],[0.262568834295961,46.7254856366455],[0.26089733926003,46.7261034544164],[0.260880285745863,46.72623368525278],[0.263201110881238,46.72939371529474],[0.263994215873387,46.730269423529855],[0.265661185126866,46.732447991880164],[0.267145503314946,46.73375457271215],[0.269821360947406,46.7331010895325],[0.271796357345799,46.733407515023266],[0.273639535876769,46.7333386857892],[0.274350946976465,46.73367991863972],[0.27721187736978,46.73333157419193],[0.27923019646021,46.733219059412804],[0.279787417759077,46.73313406187778],[0.280227611288315,46.73295259124571],[0.280855047613364,46.73374136291208],[0.281526164325863,46.734861810021485],[0.281703612950808,46.735426396598754],[0.281928326730426,46.735439825603315],[0.283503407911653,46.735125740028764],[0.284098032225224,46.73481727247848],[0.284717762418145,46.734294972283216],[0.285342330730246,46.73427821012646],[0.286313498421105,46.73390746081719],[0.286561626470893,46.73389800995586],[0.286728469835251,46.73357491272286],[0.287339212886443,46.733519973745295],[0.288487429432565,46.73283085433716],[0.288662170671656,46.732585421775205],[0.28918195582073,46.73248868369924],[0.289578564002644,46.73231335632566],[0.290479368271644,46.73219587704252],[0.288620344848716,46.730983466782426],[0.288048484360698,46.73052309267166],[0.28811510541862,46.729845358775925],[0.28856750751631,46.72936593504234],[0.290112682035134,46.72843931994565],[0.288382850502517,46.72624342286121],[0.287003808635933,46.72405668827631],[0.283046869887366,46.71901331221552],[0.279231559135562,46.71649037575314],[0.277830249114622,46.71580486035212],[0.276427447357656,46.714914776628305],[0.273947703198944,46.71369097257034],[0.271205150326117,46.71178244798168],[0.26869508276169,46.709265838996714],[0.26683209617318,46.70698621783075],[0.264661062987394,46.70484517246057]]]]}},{"type":"Feature","properties":{"fid":631,"ID":"COMMUNE_0000000009748610","NOM":"Latillé","NOM_M":"LATILLE","INSEE_COM":"86121","STATUT":"Commune simple","POPULATION":1483,"INSEE_CAN":"19","INSEE_ARR":"3","INSEE_DEP":"86","INSEE_REG":"75","SIREN_EPCI":"200069763"},"geometry":{"type":"MultiPolygon","coordinates":[[[[0.043084981303035,46.591126981889914],[0.040787591085248,46.592248921999314],[0.03862842778799,46.59246251272342],[0.036976239187369,46.59272702983754],[0.034801429055289,46.593251013377866],[0.0314823674643,46.59375971160053],[0.030328997129709,46.59405598930061],[0.029148714069665,46.594485817079665],[0.026802919703317,46.59457179956108],[0.023163537153557,46.59519809246299],[0.02367806070738,46.596855928769834],[0.024447236448981,46.59844739240706],[0.024520241059021,46.598952989419956],[0.024017431372384,46.6010232031977],[0.024099787051529,46.60245714812693],[0.023792174740122,46.60279876965147],[0.026024403061345,46.60391191978428],[0.025837679287621,46.60409899854658],[0.025555412310376,46.60474224082737],[0.025376391535931,46.60598377266807],[0.02417754170951,46.6071537546664],[0.022988916913021,46.608494293591264],[0.022549004129568,46.609078465913264],[0.022269972402671,46.60961365659484],[0.022231545016279,46.609933439109405],[0.021280626388194,46.61044124424909],[0.0221663305995,46.61217541241486],[0.022051852584402,46.61309603430916],[0.022597662327579,46.613826576185346],[0.022726300685892,46.61431920175964],[0.022621159514657,46.61490216479121],[0.023030218163251,46.61509751706741],[0.023703394928862,46.61598634693674],[0.024093595088795,46.61678942729909],[0.0243912211429,46.61871103160952],[0.024622129847254,46.619008075270585],[0.025646396152867,46.619887087698224],[0.026313044579503,46.62104064326977],[0.028091672069406,46.62254743243198],[0.031785563068672,46.625003996677044],[0.033055458470971,46.6260596009467],[0.033866958358495,46.627055565899695],[0.034248163136403,46.62771600296064],[0.03459695089285,46.628707190635886],[0.034919407162949,46.62929401904032],[0.034871144018828,46.62996316078987],[0.034969037099147,46.63049461815991],[0.035482086093018,46.63137651873253],[0.036089164657498,46.631853568891195],[0.038454214187342,46.633340204639396],[0.040050101381325,46.634156355274044],[0.041674530752847,46.63437671812667],[0.049236804036387,46.635867437959625],[0.05157232792179,46.63602667549528],[0.052098443102572,46.636118603979],[0.052538961755962,46.635690222027094],[0.052705652828119,46.63565576447915],[0.054193316548661,46.63666355433282],[0.056210743384808,46.63740741030218],[0.058514229132803,46.63813604652324],[0.059509985686903,46.63825260968003],[0.06046612010376,46.638206859630245],[0.060540560973465,46.63828175433294],[0.06200504723593,46.63742276815077],[0.065888805432462,46.63565621101883],[0.066829863150003,46.63496757569355],[0.067319531738995,46.63495938564414],[0.07403072615631,46.63339104224529],[0.07526973896099,46.633264092281344],[0.078285800018414,46.633878063270956],[0.079302664147276,46.63401481670148],[0.083565568987365,46.63406483378038],[0.082908097101573,46.63337321671845],[0.082492988204156,46.63235798557547],[0.082376094820872,46.631318810301714],[0.082421968144301,46.63048831623638],[0.082613986400506,46.629664246669755],[0.080628708948643,46.627614260800456],[0.079709208214674,46.62683575113182],[0.079581574494788,46.626387381627374],[0.080798891202796,46.626295864795544],[0.081265266180317,46.625769824451154],[0.082248980261382,46.624303655440855],[0.081946095707108,46.62400129933859],[0.081889269780859,46.62359798618819],[0.082421412627099,46.622771767265995],[0.082978720013699,46.6226219698514],[0.085702850914872,46.62328058635163],[0.085841815433406,46.623249881885805],[0.086413520715551,46.62275803808327],[0.086787199670605,46.622325129839886],[0.08649579261596,46.62163743170053],[0.08672454362089,46.62090709773785],[0.086803967853283,46.62013241891245],[0.086685046049332,46.61888595535829],[0.085969855468161,46.61666291010846],[0.085693328584786,46.61533224126696],[0.087653208110941,46.61306550839789],[0.088617253121595,46.61239891750744],[0.089123504309098,46.61178375794701],[0.090357487187077,46.610665382785974],[0.091350265189496,46.60904439519606],[0.092455549341446,46.608399382310935],[0.094207199169746,46.60715715177828],[0.095725104845702,46.60546745819665],[0.0965433831789,46.60537197301527],[0.096948472432495,46.60542459167844],[0.097647003621793,46.605662151247984],[0.097941800383513,46.60584622609017],[0.098440293861007,46.60596157598074],[0.099940247576702,46.60588063274959],[0.10077963790885,46.605634277354476],[0.102525905132248,46.60566585866403],[0.104013661499878,46.60539623688272],[0.105651191252376,46.6049159346873],[0.108691700838237,46.60420973997681],[0.110876918477123,46.60429552647602],[0.111907643776469,46.60416204255913],[0.113181055576835,46.60388960100968],[0.109866924686025,46.60123354918065],[0.10739288457652,46.59891127744035],[0.10598485538714,46.59773498460456],[0.103848525590252,46.59614649902954],[0.10685961452247,46.59369881214245],[0.105939799768759,46.5916031746009],[0.104037870640537,46.5894214173674],[0.104788094389781,46.588806960571866],[0.108030388080203,46.58689400809305],[0.109514371976635,46.5857502241112],[0.107959352427629,46.58591909048969],[0.104759855970808,46.585874258788145],[0.099166027412315,46.58693464106424],[0.09464111548578,46.58743080208982],[0.091568091969309,46.58756091339593],[0.090517697506698,46.5874315034794],[0.089023031002347,46.587544883238806],[0.083693574712283,46.588564388985574],[0.081469456284192,46.5886554828766],[0.078074832541326,46.58927171315645],[0.074547410509602,46.5893176887972],[0.074050223141544,46.58937616611895],[0.072713236678573,46.58971502438104],[0.070561527984701,46.59054752567374],[0.069143549503803,46.591005913549566],[0.067478906915147,46.59172377813241],[0.06590498775856,46.592067302947044],[0.063910660088811,46.59177198899953],[0.062345179879621,46.5917408417382],[0.060773715543572,46.591844678231865],[0.057845761474784,46.59160547948516],[0.056095271999776,46.5913460289038],[0.054064997376177,46.59084687818387],[0.051566167434798,46.59038428172931],[0.051022250676008,46.59043605011252],[0.04782847500841,46.59203872893775],[0.046877070631968,46.59179523360528],[0.043084981303035,46.591126981889914]]]]}},{"type":"Feature","properties":{"fid":632,"ID":"COMMUNE_0000002200276653","NOM":"Boivre-la-Vallée","NOM_M":"BOIVRE-LA-VALLEE","INSEE_COM":"86123","STATUT":"Commune simple","POPULATION":3041,"INSEE_CAN":"19","INSEE_ARR":"3","INSEE_DEP":"86","INSEE_REG":"75","SIREN_EPCI":"200069763"},"geometry":{"type":"MultiPolygon","coordinates":[[[[0.078074832541326,46.58927171315645],[0.081469456284192,46.5886554828766],[0.083693574712283,46.588564388985574],[0.089023031002347,46.587544883238806],[0.090517697506698,46.5874315034794],[0.091568091969309,46.58756091339593],[0.09464111548578,46.58743080208982],[0.099166027412315,46.58693464106424],[0.104759855970808,46.585874258788145],[0.107959352427629,46.58591909048969],[0.109514371976635,46.5857502241112],[0.112109364159681,46.58573462312831],[0.114745124463641,46.58665076222773],[0.121089907699026,46.58984157365804],[0.121833174609613,46.59039277239584],[0.12347249107454,46.58932299877915],[0.125040782840864,46.58803787481434],[0.127105230233898,46.58621555360379],[0.127181779191882,46.58583003086076],[0.128596290246289,46.586192593465526],[0.131382669496141,46.58661204808101],[0.132172005660894,46.58648856063036],[0.134508297559214,46.58649660542764],[0.136050276367714,46.586797390729906],[0.137938617196363,46.58692390593837],[0.139233035666368,46.58688778144281],[0.139614766080263,46.586636923165386],[0.146160569236302,46.58467567278802],[0.148637239040882,46.58419767503541],[0.151310528464345,46.58455616138056],[0.155138599171567,46.584799124272195],[0.156762845513878,46.585152130661],[0.157935497555424,46.585019065793354],[0.159810587795956,46.58467275794415],[0.161344994365076,46.58411794654351],[0.164545640535497,46.58341068027503],[0.166374452006505,46.583198273399745],[0.168568777884549,46.58316877497972],[0.169061393202854,46.583044004080335],[0.16939316192905,46.58287110420768],[0.170026935567267,46.582393918742895],[0.170495275795929,46.582409100084746],[0.171509692420073,46.582502646776206],[0.172892269875429,46.58242687662981],[0.172928332415295,46.581279875619295],[0.173711530239922,46.58081807428105],[0.171658286966487,46.579819493095556],[0.170936458862903,46.57809513260192],[0.17114283741594,46.57756863423203],[0.169538147453915,46.57726947152868],[0.1681144235951,46.577259484581226],[0.167435307479839,46.577328277193885],[0.166808689771002,46.57749297208583],[0.166021006098394,46.57778972953406],[0.165763259557987,46.57799688883526],[0.163863837229536,46.57728579065586],[0.163009867178549,46.57659787382618],[0.161306444312884,46.57553748812195],[0.159612742878444,46.57469266038286],[0.161501663456424,46.571418361191405],[0.161879846852693,46.57098083403507],[0.162685159513975,46.56904108292089],[0.162795740281987,46.56889966117137],[0.163085064108578,46.56878789886011],[0.161407063660998,46.56819666815004],[0.157197637549916,46.56724792264457],[0.156775822203846,46.567069853264776],[0.15639833299305,46.56676854248382],[0.157906598802527,46.56620502814045],[0.158658055610164,46.56577407812419],[0.159083709469007,46.56497732981794],[0.159770811587451,46.56437718524092],[0.160018972633822,46.56282547675834],[0.159633806166161,46.56134454683207],[0.159592597566703,46.560807415308545],[0.159888881635083,46.56043633999944],[0.15964179226731,46.56011484877095],[0.160098886854117,46.5597910137718],[0.160514494928948,46.559260714359624],[0.161737049405633,46.55830983295091],[0.164053897408918,46.55824113683112],[0.165917361543057,46.55754756983916],[0.166417259923703,46.558257340796665],[0.166317266215128,46.55847201041962],[0.166895262162789,46.55901161801994],[0.167087372582496,46.55948670701383],[0.16758735114474,46.55981894647778],[0.167824048310385,46.55976353598812],[0.168520571317743,46.56023488764504],[0.169284283052009,46.56031865666641],[0.170154414002668,46.56016448042797],[0.170472489777517,46.55995069572417],[0.170355224529769,46.55921616868903],[0.171157066560637,46.55811332600611],[0.172103263134369,46.55752492358112],[0.173149297910645,46.55712639219233],[0.173433518044974,46.55726225937803],[0.17473275812324,46.55757186121615],[0.175353568624829,46.55794218933204],[0.176162869885405,46.558027939483786],[0.176042444594673,46.55742849433154],[0.175809269125765,46.55691276358953],[0.175670662024569,46.556034454682425],[0.17812009837707,46.55559753079921],[0.179082022359648,46.55482925804962],[0.179242057811574,46.55456379989812],[0.180576128645441,46.55334246873398],[0.18162961000547,46.55246921149955],[0.182483593264113,46.55196765669775],[0.183691335063775,46.55078733049115],[0.184174279459428,46.55018652808633],[0.18535658043672,46.54929478521407],[0.182354836511397,46.54801984014661],[0.178602274649414,46.54661997741771],[0.177884501549591,46.54620762672141],[0.176509471244664,46.54565200711733],[0.173352502761068,46.54350079609448],[0.173361570762884,46.54327576511853],[0.175232882413815,46.54214165546262],[0.176966985378004,46.5411843344722],[0.178335346425439,46.54070721994794],[0.177756540734375,46.54026045126773],[0.175943593250578,46.53815597364976],[0.174801858562012,46.53577521309668],[0.17373944732287,46.53400638956668],[0.173414541259017,46.53362533716069],[0.173942793395644,46.53275448924967],[0.174090915987482,46.53211391880398],[0.176834631373155,46.53152033210429],[0.177995112970479,46.53099394491462],[0.178153065578487,46.53101946688393],[0.179219080229887,46.53070337753865],[0.18135903114519,46.52918566329608],[0.181848934392191,46.52859855923273],[0.181220400828283,46.52618815840398],[0.180111163788192,46.52499579137714],[0.178684270802216,46.52325856640786],[0.178152316371321,46.52251561267082],[0.177853131620675,46.52163874287704],[0.177756105974058,46.52084074570278],[0.17793444587214,46.520446895696374],[0.178466207765788,46.519882463882865],[0.179392764185393,46.51915477345014],[0.171904847085752,46.51447189188014],[0.168220078059415,46.51249483404162],[0.162891728444107,46.50985606323386],[0.15847621943237,46.50986713368836],[0.156762486863802,46.510596708550004],[0.156284129676117,46.51063526818151],[0.156214852908375,46.51076239253858],[0.155332191287608,46.51084585319295],[0.14979598487569,46.51172162402921],[0.147678219494766,46.511589514377214],[0.143132741654024,46.511462498603095],[0.141668766507028,46.51098349484211],[0.139635756010005,46.5110524838166],[0.13879929166311,46.51095135933948],[0.140357257345933,46.50665454036841],[0.140094349452655,46.50636773969403],[0.135531396059036,46.50380085274227],[0.134960741720626,46.5037838476175],[0.133804283308913,46.503938667903185],[0.133199360469148,46.50382888833373],[0.132397287260808,46.503870040178946],[0.13256223719,46.50172699164728],[0.133237034460554,46.5007311454246],[0.133778510581223,46.499367029827724],[0.134069236732947,46.497163159274386],[0.133419792113005,46.4969089964454],[0.132125376858533,46.494704104234216],[0.130750706250493,46.4936541216497],[0.129974554385058,46.492908389463935],[0.128672892397174,46.49049873115126],[0.128042304468424,46.4898143080671],[0.127239019827297,46.48921384234857],[0.124052872625499,46.48746585810882],[0.124180165043747,46.48658603339572],[0.122788583049421,46.48645639220553],[0.120065729620725,46.48641392978172],[0.118124247005248,46.486199187567834],[0.117567575072153,46.48688346203875],[0.11695871880198,46.487814206832574],[0.116662369836627,46.48848432087652],[0.116457497043874,46.48915133627673],[0.11600744510185,46.49196207437803],[0.114962005668204,46.493744999433304],[0.11441239160537,46.49552601932967],[0.114576866210504,46.500281417553964],[0.114472240465571,46.50077885971103],[0.113821986368488,46.502388839553575],[0.112423287556355,46.50250939482178],[0.110953365377465,46.50281645290189],[0.108616274675195,46.50397287848688],[0.107716481833816,46.50484666247685],[0.107186030792144,46.50552254528272],[0.106569633482631,46.50678463848411],[0.106317755733277,46.50978327621323],[0.106186473352236,46.50989618887623],[0.105707746170635,46.51102209987223],[0.105562127632175,46.51160139459467],[0.104253908618014,46.512838750522356],[0.103283829628532,46.51316468473222],[0.101506355960295,46.51453609136078],[0.100039679508977,46.5160009563366],[0.099395544323652,46.517067684326776],[0.098985067181802,46.518182687616445],[0.09889287295471,46.519056173812054],[0.099121519328501,46.51976299581212],[0.099003806821896,46.519742889194134],[0.095622042349612,46.51481565863054],[0.09232939577252,46.5093057876757],[0.090850423398344,46.50711192276201],[0.09016868576575,46.50651068351283],[0.089988082554336,46.50436967070971],[0.090062653176194,46.50397510229964],[0.090944874007828,46.502237786749454],[0.092138648015687,46.49871978636252],[0.091968028635938,46.49778464915998],[0.091554543717675,46.49743983382762],[0.090404414500465,46.49564267581034],[0.09044669054395,46.49526620705585],[0.089147212275541,46.49546108542638],[0.086889317624133,46.494302454483005],[0.084797850229341,46.493107473910534],[0.084611682470683,46.492782846681195],[0.079529026842911,46.49109602530088],[0.078444943032124,46.49053488271248],[0.077132933926664,46.489650723446786],[0.075103285568456,46.489912363194954],[0.074158775859191,46.49017922949167],[0.072221133720084,46.49018456730829],[0.072066757363453,46.49036262824432],[0.071634365562894,46.491344528689666],[0.071582420491391,46.49260289434886],[0.071830235483938,46.49602880580745],[0.071297185168293,46.49786324167617],[0.070655814391826,46.49957595798443],[0.069671742018669,46.500890623337376],[0.067963140209356,46.502792216979906],[0.067745215580621,46.50490234002874],[0.065256671088119,46.50674333883248],[0.059569061526456,46.51180447535579],[0.054384346240974,46.51336231727043],[0.04878119392535,46.5152659568989],[0.048485047423369,46.51485372821741],[0.046675608619964,46.51303097527566],[0.046309853564693,46.511977176218174],[0.045670071886079,46.511693023827505],[0.044931854787516,46.51110626387286],[0.044481568212952,46.51096216451435],[0.043764556038535,46.51094722908161],[0.042496948046758,46.51011157911956],[0.04159998842939,46.509733344031446],[0.040565499032296,46.50953265847259],[0.039664977340946,46.509244423519846],[0.039155538752406,46.508964509322944],[0.038414216063827,46.508004575738326],[0.03828389312616,46.50800119921101],[0.036612517343663,46.50967354444545],[0.035663548798412,46.5099643192032],[0.033106310209792,46.509566378465536],[0.03201449904217,46.509556057979495],[0.030441178029827,46.509735963922694],[0.02731085585017,46.5098438317612],[0.024880378777557,46.510017588152266],[0.022405782816941,46.511046178471524],[0.022687025738204,46.51117785390384],[0.022074036086755,46.51140878556563],[0.022085300162038,46.511632549013186],[0.022405891706212,46.51185626002062],[0.021944177207549,46.51228035992526],[0.021793754774905,46.51257289945351],[0.021722515212329,46.51442548394677],[0.023195637983863,46.51503153668961],[0.024069129823286,46.51562376472409],[0.024875788205151,46.51732078090461],[0.023862518775537,46.519095681566576],[0.020837118005698,46.51997204233001],[0.020821113450845,46.5195724433034],[0.01930962320769,46.51959432268582],[0.018158359425641,46.5196886536867],[0.018418198590687,46.520092810291864],[0.017457606162722,46.52016146959389],[0.01740205565327,46.52036546888251],[0.015986021238993,46.52036005904062],[0.014734335071697,46.521071685468876],[0.014744998773066,46.5219252964893],[0.014625701006058,46.522005983099774],[0.013642733643825,46.52176765626829],[0.013005424755882,46.5214392313385],[0.011179868734315,46.52021289688734],[0.009734289399899,46.51969932195365],[0.008832112728042,46.519108034250365],[0.007586039282178,46.51945478816376],[0.006422586482292,46.519627978781635],[0.006507278916142,46.518870573739875],[0.004896838910275,46.51936274641175],[0.004209755714955,46.51797057480201],[0.002419873142394,46.51849765871724],[0.001541623709462,46.51778168569077],[0.000685256617123,46.518352144818024],[-0.000415932115054,46.51945683172858],[0.000412869355798,46.52014629156397],[-5.9411597272e-05,46.52049704227831],[-0.001387841727232,46.5212470335268],[-0.001576088287285,46.52118081718589],[-0.00272199661442,46.52179231064631],[-0.002536157973083,46.52202066321843],[-0.003508044316785,46.52276647724335],[-0.006223574732217,46.52395304710145],[-0.005626197690765,46.52467250958541],[-0.005138089362184,46.52569276692243],[-0.004848267173976,46.52706554701677],[-0.004130063409694,46.52950116107778],[-0.003965649021495,46.53071024703632],[-0.003747698429737,46.531445860500185],[-0.003230995481777,46.532493889894724],[-0.002736875004622,46.53298084155205],[-0.002028694777077,46.53335086107284],[-0.000610181653398,46.534431556518086],[6.008009117e-06,46.53502622472007],[0.001075078326367,46.53574360003821],[0.003338063660573,46.53885041299058],[0.006417538548638,46.54167127287735],[0.006714709504126,46.542204385903354],[0.006657960551674,46.54340315327036],[0.007569068788613,46.545740090051446],[0.007844310808258,46.54710072626253],[0.007734071813432,46.54768084740042],[0.006690352755691,46.54818338193759],[0.004943070889202,46.549224362825356],[0.004013254524215,46.5495784731117],[0.0028792923483,46.54974971296252],[0.000176810063625,46.54980052540333],[-0.002535827318087,46.549987973801116],[-0.004835300452771,46.55045113321888],[-0.006641379851074,46.55222028682436],[-0.008153274232383,46.55346189956765],[-0.008521363511738,46.55329182548818],[-0.010453359792264,46.552798564684394],[-0.011415415431083,46.5526461900704],[-0.011292079420201,46.55306123769498],[-0.01038686172993,46.554170881633205],[-0.010085489138005,46.555098830050056],[-0.010083296392673,46.555389941631375],[-0.010676476759633,46.558321817348364],[-0.009326816008619,46.562122096565304],[-0.010140191729163,46.56237283240858],[-0.009522445762621,46.56315591287745],[-0.00900919841529,46.56403355966392],[-0.008360292687204,46.5655536452082],[-0.008373792394938,46.566152517208394],[-0.008618078152875,46.56660114676606],[-0.008192948484088,46.56737194457181],[-0.007718811381697,46.567989040545164],[-0.006353209449235,46.569427023327286],[-0.004091807012892,46.57149133518333],[0.000151402730607,46.573660724618904],[0.000103168357969,46.5738009311389],[0.001330709391106,46.574193535637356],[0.00356850567898,46.57520008888311],[0.005507841616588,46.575885209996684],[0.008574177614974,46.578224412174066],[0.01026604812354,46.57889757350365],[0.011388352455794,46.57966306728002],[0.01354621115998,46.579895100056106],[0.013483971800592,46.58133881016241],[0.016544191340865,46.58232329768109],[0.01676603789675,46.582901265012474],[0.018076591268407,46.58362113357513],[0.019899324694585,46.58505986492352],[0.023666524042173,46.58500018699746],[0.02770428999548,46.58479603050632],[0.03069170691284,46.58535022768846],[0.030829842656134,46.58473477364662],[0.033406654453407,46.585725179984166],[0.03411604155492,46.586113901716494],[0.035203050917077,46.587080073831686],[0.036224417234505,46.588484257158015],[0.03687727496986,46.58897602070749],[0.040842980583446,46.59043740601175],[0.043084981303035,46.591126981889914],[0.046877070631968,46.59179523360528],[0.04782847500841,46.59203872893775],[0.051022250676008,46.59043605011252],[0.051566167434798,46.59038428172931],[0.054064997376177,46.59084687818387],[0.056095271999776,46.5913460289038],[0.057845761474784,46.59160547948516],[0.060773715543572,46.591844678231865],[0.062345179879621,46.5917408417382],[0.063910660088811,46.59177198899953],[0.06590498775856,46.592067302947044],[0.067478906915147,46.59172377813241],[0.069143549503803,46.591005913549566],[0.070561527984701,46.59054752567374],[0.072713236678573,46.58971502438104],[0.074050223141544,46.58937616611895],[0.074547410509602,46.5893176887972],[0.078074832541326,46.58927171315645]]]]}},{"type":"Feature","properties":{"fid":688,"ID":"COMMUNE_0000000009748394","NOM":"Neuville-de-Poitou","NOM_M":"NEUVILLE-DE-POITOU","INSEE_COM":"86177","STATUT":"Commune simple","POPULATION":5465,"INSEE_CAN":"11","INSEE_ARR":"3","INSEE_DEP":"86","INSEE_REG":"75","SIREN_EPCI":"200069763"},"geometry":{"type":"MultiPolygon","coordinates":[[[[0.283379209483578,46.68373470250286],[0.280389513408773,46.67661479894674],[0.279278301856161,46.67433875961726],[0.277939988481863,46.67098067415569],[0.276275105846723,46.66706522597424],[0.276144708185811,46.66692518284395],[0.277512631628352,46.66506476315947],[0.262127875146312,46.6613188967174],[0.25563433631993,46.66010500158759],[0.252870886018558,46.65934867367186],[0.249946278013542,46.65872716043211],[0.24993625165906,46.65928732228885],[0.249778106513771,46.65980068431912],[0.24902243142417,46.661053819741866],[0.248593305898573,46.66156878625451],[0.247353387831272,46.66287335684698],[0.245793846876537,46.66371795076595],[0.244868955074527,46.664382267006786],[0.244518193766749,46.664821619215104],[0.243936911630724,46.66598701654026],[0.243218864033169,46.666494118017404],[0.242760000344753,46.6657361799696],[0.242025111039698,46.66580139375893],[0.240581522356095,46.665596375541845],[0.23542654597359,46.66580014484744],[0.235180123026402,46.665859072724],[0.223344212017247,46.67310070317752],[0.222888105381026,46.67339418775519],[0.223447136749136,46.67474927873017],[0.222976963883286,46.674498233725174],[0.221911325259903,46.676369878034606],[0.22391343047922,46.67694633481338],[0.224313376130895,46.677573183969564],[0.223062664069066,46.677917710236756],[0.22213657524729,46.67836468950207],[0.223695059077831,46.6808864176508],[0.224424630888487,46.68177531903801],[0.222193770756163,46.68262228205005],[0.221555206291475,46.68238607496118],[0.220754607252086,46.68278382825259],[0.221191969952116,46.68316562782324],[0.222327408733438,46.68402833626038],[0.225581166956604,46.68699290819218],[0.227954333235506,46.68677188800695],[0.229170162799942,46.68649853993793],[0.227852151274079,46.68823529911465],[0.231461908146755,46.69077672671826],[0.234625994991657,46.6941569005393],[0.2397831807719,46.698651689191344],[0.241712219241639,46.69986122943062],[0.240980713074294,46.70023736098105],[0.243504537067731,46.70214049624647],[0.244366034380305,46.70387391954801],[0.244169957031311,46.705027846618556],[0.243505221272343,46.705867792065334],[0.243453028544755,46.706225120839306],[0.247233656536442,46.7042454797025],[0.247584100820883,46.70454039251049],[0.247944006340782,46.70470038707819],[0.248100054987823,46.70498072464412],[0.249114471155868,46.70597448270632],[0.249313521062085,46.70607836030879],[0.249309910516173,46.705658426764344],[0.24980358315161,46.70493597915906],[0.249913579827762,46.70462598285385],[0.258155894895574,46.69999682162798],[0.259830742918911,46.70158107534085],[0.260911925213033,46.702448385226354],[0.263645462532302,46.70392180399231],[0.264661062987394,46.70484517246057],[0.26743406318691,46.70361297522218],[0.268568331722819,46.70465175291242],[0.270746577404386,46.70527118686155],[0.272957960092261,46.70564901027348],[0.274423064586114,46.70477025994198],[0.276805765390748,46.703560102404694],[0.279937459654411,46.70240189316993],[0.278613176319905,46.70102267053002],[0.278017950609637,46.69957333838897],[0.276824547465359,46.69764941910348],[0.275276559396103,46.69590446096148],[0.273862666582253,46.69459422162224],[0.272905018538647,46.69170913358923],[0.273740612222211,46.69154790452822],[0.275219597263325,46.69187225129869],[0.278160663148304,46.693172773381626],[0.28304101554304,46.692119036823236],[0.282865522127703,46.68918859740409],[0.28294185553989,46.688029081704336],[0.283907308132444,46.68516440418914],[0.283833363136092,46.684758126585066],[0.283379209483578,46.68373470250286]]]]}},{"type":"Feature","properties":{"fid":691,"ID":"COMMUNE_0000000009748204","NOM":"Thurageau","NOM_M":"THURAGEAU","INSEE_COM":"86271","STATUT":"Commune simple","POPULATION":732,"INSEE_CAN":"11","INSEE_ARR":"3","INSEE_DEP":"86","INSEE_REG":"75","SIREN_EPCI":"200069763"},"geometry":{"type":"MultiPolygon","coordinates":[[[[0.258779404597172,46.81268472659298],[0.257829667034196,46.81202962347672],[0.258767350611627,46.811262768968035],[0.259522101136277,46.81037622743634],[0.262256362575946,46.80825391365491],[0.260533828820514,46.80718311317288],[0.259985621032639,46.806736699286624],[0.260722849092982,46.8061173100353],[0.261048426462075,46.80619173685827],[0.261886194276719,46.805088232719186],[0.261803846053909,46.80497815932251],[0.261869402661062,46.804875212764486],[0.262296224558622,46.80471149896724],[0.262635869375915,46.804403360441896],[0.264202096686652,46.80456677745739],[0.264595850462165,46.80378422947243],[0.264244118662013,46.803708289019085],[0.265922405623676,46.80066162939131],[0.265904531767967,46.80057381387143],[0.26540571412192,46.80021508880068],[0.264963040894698,46.799601832630785],[0.263637815972355,46.79851349657012],[0.263383768786647,46.798088514198184],[0.263124168263232,46.7971759939101],[0.262583810648413,46.79626399347667],[0.264919694331934,46.794688915736636],[0.266280227531838,46.79455551388892],[0.267276756777482,46.794954901942376],[0.26802065649595,46.79456266333481],[0.269289860383524,46.79337746955392],[0.270927354101438,46.79321365590744],[0.274077870557825,46.79309112193447],[0.274644469105833,46.793171228427596],[0.275740043602696,46.7931665719496],[0.276338450686385,46.793292470470035],[0.276885035061825,46.79356218746835],[0.278062933641904,46.794347771535996],[0.278617485455518,46.79409332836021],[0.279268048013845,46.794199724832254],[0.280491195802037,46.79327369105668],[0.280671617610105,46.793651845105046],[0.281309995379602,46.79402731895103],[0.283679421308809,46.79451849167937],[0.285866676602914,46.79343499999372],[0.290170347075179,46.790816665509695],[0.291621680193544,46.789282369864104],[0.29327123626712,46.78931943253724],[0.292817971227902,46.78980696643743],[0.294457867341041,46.790116763738425],[0.294144375196416,46.790563447975515],[0.29758341774888,46.79056869213684],[0.298576595608116,46.7904064529677],[0.298968246651318,46.79018051835416],[0.299032185250604,46.78997661112077],[0.301206921709546,46.789397959959494],[0.303207462079321,46.78873409814755],[0.304181574526476,46.788769566504044],[0.307625940814772,46.78921969124275],[0.308263570557541,46.78800127173447],[0.308168334095089,46.787990932669985],[0.308274144648947,46.78776187524857],[0.308747978359168,46.787094581947905],[0.309787490063557,46.78668377900141],[0.311288579558235,46.78627475865482],[0.311414837871763,46.78626780266807],[0.312516502675355,46.78690439416766],[0.313936392017086,46.78744570868856],[0.314358224956693,46.78769431058607],[0.31650136694709,46.78809303080663],[0.317110413053994,46.788322569957984],[0.317764677016373,46.788354059145725],[0.321421777654799,46.789543878279915],[0.32158323882424,46.78954133514178],[0.321441334512508,46.78925424030118],[0.322081647206263,46.78922321646923],[0.323685021427692,46.78841551277619],[0.324513134106074,46.78702396799786],[0.324816941996212,46.786714820931934],[0.325291924090102,46.78641866658297],[0.325671224567378,46.78628064590394],[0.328915931883644,46.78580475555866],[0.329236462633434,46.78563472636567],[0.329710932599157,46.785215117854904],[0.329906998800219,46.78522868294612],[0.330740356874845,46.78564444424467],[0.331662913366671,46.78598028768047],[0.334065489729015,46.786625245610956],[0.335234093859434,46.78651901612241],[0.335809724205941,46.786575606639936],[0.336705940346788,46.78648737137137],[0.336457040014893,46.78586718364046],[0.334326085554822,46.78420604553918],[0.335239951103722,46.78362453412218],[0.33675145225686,46.78286407472701],[0.338409363708184,46.78219257397182],[0.338836689927667,46.781876343010936],[0.339198969032867,46.78136220646466],[0.339993175766879,46.78086527614598],[0.34250247314129,46.77981162087129],[0.341688115010037,46.7790351201172],[0.340732812453187,46.77829859441017],[0.33951015821433,46.777692807634246],[0.33694249808442,46.776784666207114],[0.336354020656399,46.776698050979896],[0.335427337229852,46.77639547937037],[0.333584053570691,46.775372524280826],[0.332938026722776,46.77525662715708],[0.332508607847216,46.77526918058034],[0.331874572041564,46.774669766184175],[0.332485098384828,46.774387543249276],[0.33288715749002,46.77407795502969],[0.332057682624764,46.773453282919704],[0.332562332083581,46.773217250280545],[0.331509963561488,46.772699111355216],[0.332311170380748,46.772032124518894],[0.333098714598114,46.77073597858114],[0.33352181435114,46.77071787162963],[0.33397834253995,46.770313146765275],[0.334353122140147,46.77034436651497],[0.334520152452431,46.77028067375898],[0.335172916758794,46.76951112359851],[0.335048363923567,46.76951093700284],[0.334827013620125,46.769666164172584],[0.334314824466421,46.76946959325404],[0.333369276727139,46.76931341235987],[0.333023946635119,46.76919007891742],[0.332125500765003,46.76911606325717],[0.331479926756789,46.769152420806186],[0.331065569067121,46.76904639703637],[0.331344816805951,46.768700627364495],[0.330254685238204,46.76844556453741],[0.329442623385341,46.76810866630491],[0.327709025124325,46.76768816505082],[0.32648148509485,46.768519075618435],[0.322443347299721,46.76729257128866],[0.31925508630661,46.76619657035796],[0.318703315109233,46.76627198227763],[0.317636056800933,46.76608670176223],[0.317201515292083,46.765912586462775],[0.314584039243117,46.765287448577574],[0.314013631937433,46.765447989729275],[0.312760079511833,46.76510695202696],[0.311607598250131,46.76468448007394],[0.310920740136276,46.76433776399086],[0.310016794280949,46.76424452467586],[0.308931122325965,46.76427315006192],[0.308462946026617,46.76419641327838],[0.307157815272462,46.764393757598384],[0.307137228002378,46.76457075693221],[0.305584154050501,46.764638844156146],[0.305173880751648,46.764584173422286],[0.304678966469373,46.764676167706035],[0.304016109357219,46.76513990394992],[0.30238885325132,46.76598730958546],[0.301074209766134,46.7662690498655],[0.301327877561754,46.766520061401685],[0.300175601124382,46.76701642284814],[0.299282685796047,46.76725399893194],[0.298002427224351,46.767344616120546],[0.297941894443552,46.767164808780244],[0.296027972687286,46.767263020107976],[0.2956840305103,46.76721888640162],[0.295237250003826,46.76713359037114],[0.29463728963211,46.766886121751966],[0.293385898311792,46.765557503763446],[0.293659620838616,46.765327008861775],[0.293409189667118,46.76503821660599],[0.292345348581853,46.7648915190319],[0.292181134206859,46.76426780850144],[0.29200614919707,46.76406998340052],[0.290628146058519,46.76436002096677],[0.290368589877284,46.7645692207451],[0.289720092364383,46.76432328290706],[0.286812004670168,46.76270052118971],[0.286820438068978,46.76234845595104],[0.285493356865765,46.761411663220585],[0.285297924893736,46.76136109674026],[0.28457123136,46.76144752622181],[0.283115143645289,46.76028692550753],[0.281354441619765,46.76162189120281],[0.279819771509331,46.76080084165774],[0.279369089322205,46.76042889207719],[0.278913579919789,46.75989195493934],[0.27549864405215,46.75738297289549],[0.275232677716662,46.75711899502708],[0.274808265871612,46.75640799532569],[0.273451752706382,46.75582892905555],[0.271854066201275,46.755406286296406],[0.271619489381261,46.75527458213708],[0.269755540169282,46.754907748321244],[0.269540741689441,46.75479993438463],[0.268940064519824,46.75415499282467],[0.268665066246408,46.7541754810171],[0.26540483527221,46.75274828363545],[0.262313355438268,46.7506817380456],[0.261777782601229,46.7501518263901],[0.261053795751848,46.74917415306268],[0.258939456342614,46.749669675913296],[0.258534231213535,46.74982938031171],[0.258165849239535,46.75008996805413],[0.257789415824751,46.74978366718398],[0.256370865013646,46.74986780740585],[0.253431133845641,46.750043491400206],[0.252944356449713,46.75020843352288],[0.25260544767613,46.75061115804458],[0.252185555402519,46.75080112196099],[0.250556759724305,46.75117927525514],[0.248912297218898,46.751684965469856],[0.247928022492329,46.75186319417957],[0.244913649415118,46.75213778106516],[0.243217087707454,46.75237726191123],[0.240083613226713,46.75316240715669],[0.238543317326403,46.75318934681234],[0.234139182671275,46.75297794753877],[0.231551003875291,46.753143524639505],[0.229782487031449,46.75129896299338],[0.222939900668964,46.75076519928443],[0.221649504146919,46.75082768584198],[0.221030846769257,46.750647840206625],[0.220403811351416,46.750708344957005],[0.218481023109356,46.75114019759438],[0.217656728018156,46.751494127798665],[0.217197586108762,46.75198664015664],[0.217783625493893,46.75502626884588],[0.218181767238551,46.75822891828545],[0.218404801691127,46.75922267352216],[0.219325756214625,46.760770298800246],[0.220696345914885,46.76255043158223],[0.221958399413793,46.76378914749335],[0.222283604366126,46.76383935743571],[0.222417851504894,46.76375250813808],[0.222679840233629,46.76375704133771],[0.224319992853467,46.765294978582645],[0.222205789300568,46.76656196996088],[0.220837504391606,46.76724153035031],[0.218676751246398,46.7671631045038],[0.21878933267282,46.7677802837391],[0.219712793927656,46.77033072474798],[0.22181919659741,46.76998796798386],[0.222712116816893,46.76998883726809],[0.223449573282799,46.772514022593775],[0.223421133816461,46.772992643258654],[0.224231409932173,46.7731743958498],[0.224492917534517,46.77316359595213],[0.223784841023839,46.77393121832648],[0.223341280988267,46.77460342221968],[0.223195567324365,46.7750161413684],[0.222831845949803,46.775332594209935],[0.22282092392423,46.77554585642021],[0.223702606336116,46.77738168738305],[0.224246949822512,46.77748223245835],[0.224779563893947,46.777478881949676],[0.225067691474609,46.778716543242645],[0.225079157064033,46.779645702495024],[0.225248872908138,46.78004531946754],[0.224833323546324,46.78022087945438],[0.227107816494422,46.78052175373946],[0.22970848002099,46.78059980372819],[0.230251051154262,46.78076154113089],[0.232187450834328,46.78159743555962],[0.231997912109084,46.78191901332828],[0.231693761418279,46.78214773459366],[0.23056676090974,46.78243771070253],[0.22876828765542,46.783752981977734],[0.228475348918577,46.784044131173104],[0.228229527136757,46.78472202297521],[0.226927677682429,46.785633907843795],[0.227551285722535,46.78657152859835],[0.227471307245481,46.78692997896835],[0.226768021878775,46.78754998011452],[0.226750909352975,46.788064009659266],[0.226470059043987,46.78852842839666],[0.22652364411908,46.788711713596165],[0.22679607872562,46.78897596013988],[0.226842895884234,46.7896762269496],[0.227675986368677,46.79062250366103],[0.228437904954325,46.79078052877371],[0.228866541006536,46.79109448521192],[0.230050116457305,46.79298708030319],[0.226093168440744,46.79443316416686],[0.22751438672448,46.795885550420806],[0.228417373432088,46.79626230304451],[0.229776809691569,46.79669239548014],[0.230740788974625,46.797159792845356],[0.2334331810532,46.79869497531713],[0.234530603372703,46.79911960279366],[0.234583983270082,46.799436217645265],[0.234251669683781,46.79990662317491],[0.234223289991415,46.800411370012924],[0.233607163627038,46.801249737027014],[0.232405270122573,46.80227941391554],[0.23150359706624,46.80279916803343],[0.230161615627682,46.80410384076906],[0.231692722487666,46.80431100311746],[0.232314624647777,46.804465624981155],[0.234391899561667,46.80536070624194],[0.235013721137332,46.8054144054707],[0.235120134707525,46.80554039418499],[0.237284148929335,46.806408676944955],[0.237289777209244,46.806555665682836],[0.234597938018269,46.808317150873485],[0.235946032775402,46.809310877099456],[0.23697544196598,46.810276205513375],[0.238435272195672,46.80928511114984],[0.240227704160451,46.80779115149201],[0.243862372689506,46.80995861824013],[0.247505168265213,46.8113774784886],[0.248963444444549,46.81204213741859],[0.251617004292296,46.812374983433216],[0.253349472256795,46.8131461427302],[0.253839180554007,46.813245231559385],[0.254678836548771,46.81368962403118],[0.255299519658377,46.81371615552576],[0.256982846611014,46.81348965369259],[0.258140603874918,46.812912745230555],[0.258779404597172,46.81268472659298]]]]}},{"type":"Feature","properties":{"fid":953,"ID":"COMMUNE_0000000009748201","NOM":"Saint-Martin-la-Pallu","NOM_M":"SAINT-MARTIN-LA-PALLU","INSEE_COM":"86281","STATUT":"Commune simple","POPULATION":5663,"INSEE_CAN":"07","INSEE_ARR":"3","INSEE_DEP":"86","INSEE_REG":"75","SIREN_EPCI":"200069763"},"geometry":{"type":"MultiPolygon","coordinates":[[[[0.171091618628607,46.76905355670879],[0.172656482393945,46.7690434308945],[0.174276730214692,46.768599474919384],[0.175189697565627,46.768542643768015],[0.178161605655013,46.76737144286999],[0.179341140932696,46.76710489375757],[0.180253236921632,46.766988537444966],[0.180976662920815,46.766743209527185],[0.182251428646224,46.76822685550648],[0.18262551576989,46.76890094884738],[0.183297165756587,46.76942556821073],[0.184406995133074,46.770097871678814],[0.185669509942514,46.7706838073184],[0.187756420582978,46.77239089777327],[0.188354281455633,46.77307585290437],[0.18875044917709,46.773326106927],[0.189478845677905,46.775288218750276],[0.189124239539442,46.77595617027205],[0.189575689658059,46.775696924432516],[0.191241302418942,46.77513761351751],[0.19261876617232,46.77446942890355],[0.193500937605994,46.77480632122828],[0.194529026346884,46.775567520971826],[0.195863723963329,46.77719661637956],[0.195928086404731,46.77752433659093],[0.195834259870594,46.777563490959544],[0.197092550195377,46.779632176623366],[0.198079767425152,46.78237986790188],[0.198104427057968,46.782994024949716],[0.197661210481239,46.783931029151866],[0.197618948783894,46.78464716474654],[0.199062028201525,46.784692260887276],[0.199841352940528,46.785068936817424],[0.199900401137931,46.78522083633106],[0.200485302133369,46.78560358112031],[0.201300439606371,46.78635411676812],[0.201633113055983,46.785804524144396],[0.202344873681013,46.785483094361865],[0.203665162786599,46.78528999187375],[0.204738813212637,46.785250344737754],[0.205173764013103,46.78533660523689],[0.205910049466694,46.78570948900579],[0.206436761328946,46.785415068291336],[0.207289498580203,46.7853862436506],[0.209522231126217,46.784513400750434],[0.210635852054997,46.78428276575369],[0.211646026107704,46.783972127611634],[0.213645203664115,46.78399179301833],[0.218486908156589,46.782497291026104],[0.220652711167827,46.781670368845596],[0.220747089632943,46.78156904204742],[0.221468988007886,46.781455863134816],[0.223620966540984,46.78058981161824],[0.224833323546324,46.78022087945438],[0.225248872908138,46.78004531946754],[0.225079157064033,46.779645702495024],[0.225067691474609,46.778716543242645],[0.224779563893947,46.777478881949676],[0.224246949822512,46.77748223245835],[0.223702606336116,46.77738168738305],[0.22282092392423,46.77554585642021],[0.222831845949803,46.775332594209935],[0.223195567324365,46.7750161413684],[0.223341280988267,46.77460342221968],[0.223784841023839,46.77393121832648],[0.224492917534517,46.77316359595213],[0.224231409932173,46.7731743958498],[0.223421133816461,46.772992643258654],[0.223449573282799,46.772514022593775],[0.222712116816893,46.76998883726809],[0.22181919659741,46.76998796798386],[0.219712793927656,46.77033072474798],[0.21878933267282,46.7677802837391],[0.218676751246398,46.7671631045038],[0.220837504391606,46.76724153035031],[0.222205789300568,46.76656196996088],[0.224319992853467,46.765294978582645],[0.222679840233629,46.76375704133771],[0.222417851504894,46.76375250813808],[0.222283604366126,46.76383935743571],[0.221958399413793,46.76378914749335],[0.220696345914885,46.76255043158223],[0.219325756214625,46.760770298800246],[0.218404801691127,46.75922267352216],[0.218181767238551,46.75822891828545],[0.217783625493893,46.75502626884588],[0.217197586108762,46.75198664015664],[0.217656728018156,46.751494127798665],[0.218481023109356,46.75114019759438],[0.220403811351416,46.750708344957005],[0.221030846769257,46.750647840206625],[0.221649504146919,46.75082768584198],[0.222939900668964,46.75076519928443],[0.229782487031449,46.75129896299338],[0.231551003875291,46.753143524639505],[0.234139182671275,46.75297794753877],[0.238543317326403,46.75318934681234],[0.240083613226713,46.75316240715669],[0.243217087707454,46.75237726191123],[0.244913649415118,46.75213778106516],[0.247928022492329,46.75186319417957],[0.248912297218898,46.751684965469856],[0.250556759724305,46.75117927525514],[0.252185555402519,46.75080112196099],[0.25260544767613,46.75061115804458],[0.252944356449713,46.75020843352288],[0.253431133845641,46.750043491400206],[0.256370865013646,46.74986780740585],[0.257789415824751,46.74978366718398],[0.258165849239535,46.75008996805413],[0.258534231213535,46.74982938031171],[0.258939456342614,46.749669675913296],[0.261053795751848,46.74917415306268],[0.261777782601229,46.7501518263901],[0.262313355438268,46.7506817380456],[0.26540483527221,46.75274828363545],[0.268665066246408,46.7541754810171],[0.268940064519824,46.75415499282467],[0.269540741689441,46.75479993438463],[0.269755540169282,46.754907748321244],[0.271619489381261,46.75527458213708],[0.271854066201275,46.755406286296406],[0.273451752706382,46.75582892905555],[0.274808265871612,46.75640799532569],[0.275232677716662,46.75711899502708],[0.27549864405215,46.75738297289549],[0.278913579919789,46.75989195493934],[0.279369089322205,46.76042889207719],[0.279819771509331,46.76080084165774],[0.281354441619765,46.76162189120281],[0.283115143645289,46.76028692550753],[0.28457123136,46.76144752622181],[0.285297924893736,46.76136109674026],[0.285493356865765,46.761411663220585],[0.286820438068978,46.76234845595104],[0.286812004670168,46.76270052118971],[0.289720092364383,46.76432328290706],[0.290368589877284,46.7645692207451],[0.290628146058519,46.76436002096677],[0.29200614919707,46.76406998340052],[0.292181134206859,46.76426780850144],[0.292345348581853,46.7648915190319],[0.293409189667118,46.76503821660599],[0.293659620838616,46.765327008861775],[0.293385898311792,46.765557503763446],[0.29463728963211,46.766886121751966],[0.295237250003826,46.76713359037114],[0.2956840305103,46.76721888640162],[0.296027972687286,46.767263020107976],[0.297941894443552,46.767164808780244],[0.298002427224351,46.767344616120546],[0.299282685796047,46.76725399893194],[0.300175601124382,46.76701642284814],[0.301327877561754,46.766520061401685],[0.301074209766134,46.7662690498655],[0.30238885325132,46.76598730958546],[0.304016109357219,46.76513990394992],[0.304678966469373,46.764676167706035],[0.305173880751648,46.764584173422286],[0.305584154050501,46.764638844156146],[0.307137228002378,46.76457075693221],[0.307157815272462,46.764393757598384],[0.308462946026617,46.76419641327838],[0.308931122325965,46.76427315006192],[0.310016794280949,46.76424452467586],[0.310920740136276,46.76433776399086],[0.311607598250131,46.76468448007394],[0.312760079511833,46.76510695202696],[0.314013631937433,46.765447989729275],[0.314584039243117,46.765287448577574],[0.317201515292083,46.765912586462775],[0.317636056800933,46.76608670176223],[0.318703315109233,46.76627198227763],[0.31925508630661,46.76619657035796],[0.322443347299721,46.76729257128866],[0.32648148509485,46.768519075618435],[0.327709025124325,46.76768816505082],[0.329442623385341,46.76810866630491],[0.330254685238204,46.76844556453741],[0.331344816805951,46.768700627364495],[0.331065569067121,46.76904639703637],[0.331479926756789,46.769152420806186],[0.332125500765003,46.76911606325717],[0.333023946635119,46.76919007891742],[0.333369276727139,46.76931341235987],[0.334314824466421,46.76946959325404],[0.334827013620125,46.769666164172584],[0.335048363923567,46.76951093700284],[0.335172916758794,46.76951112359851],[0.33636682369024,46.76896222930609],[0.33735667033243,46.768242825804904],[0.338189223447255,46.76786932306513],[0.339842476764493,46.76685535619399],[0.339929825261645,46.76694566816566],[0.34014964940155,46.766821027272584],[0.34142388058519,46.76596853398136],[0.342371593087649,46.76546433275431],[0.342746062422772,46.764992811004355],[0.343544964483226,46.76460858270371],[0.342388924052212,46.76305029457696],[0.341682738900621,46.76250601969068],[0.339215593437739,46.760952480283116],[0.338311049511052,46.76023061249031],[0.338290261041539,46.76017337324636],[0.339030507290696,46.75978151108388],[0.338972377616436,46.75960358549471],[0.338241910202468,46.75891457851002],[0.337306161543197,46.758642434868555],[0.336873776347053,46.758210782428854],[0.335691252081068,46.75674459691678],[0.335244903221693,46.75593062572785],[0.334383571220605,46.75473224047008],[0.334233505346802,46.754344967307695],[0.334221051854668,46.75395818547397],[0.334658629126797,46.75257552627812],[0.335519820259656,46.7518279303741],[0.334941966297207,46.751450551716054],[0.335566755706735,46.75065872990271],[0.337615506848706,46.74953505670326],[0.338741915983429,46.748989986323906],[0.34051486310793,46.74854366580897],[0.34045443102479,46.748359380585725],[0.340679656171568,46.74785558000055],[0.341015584434885,46.7474462357484],[0.34002855067041,46.74597830842971],[0.339210882121882,46.74506655696048],[0.339561719985677,46.74491432325019],[0.339137605070906,46.744289170474914],[0.339172672763545,46.74368096397692],[0.339304344243147,46.74356149061685],[0.339924454815444,46.74331639462002],[0.339921923247759,46.743154171135515],[0.341505215627992,46.74242866623058],[0.341638964582699,46.7422398679699],[0.341328846712015,46.74156150547922],[0.341942872832274,46.74085138594639],[0.342220038116744,46.7402226567265],[0.342707758418524,46.739977184731835],[0.344789046859989,46.739409109987044],[0.346550671279546,46.73993723079301],[0.349680669532078,46.740729353795835],[0.350137442998092,46.740177727274],[0.350877920099945,46.73972003385853],[0.351725067322828,46.73898281090557],[0.353609850345212,46.73790013045497],[0.355009481584272,46.73644587988897],[0.355237190661112,46.73591418253142],[0.355824559643213,46.735450229105425],[0.358028732666374,46.73407393155501],[0.358731974576342,46.73432434998172],[0.359090804222479,46.73392449259201],[0.361103261197303,46.73258066565934],[0.362992756854119,46.7309339779338],[0.363552288674018,46.730177453043886],[0.363751689329975,46.72936310565859],[0.363762747544045,46.72867686640694],[0.363896030598556,46.72854929533115],[0.36435287056055,46.72685796691787],[0.364815118928019,46.72653884675447],[0.365027495440902,46.7262121873346],[0.367088900076968,46.72482253931693],[0.36771190057999,46.724510699011624],[0.368812057585251,46.72413862272331],[0.368092112198241,46.72355904858526],[0.367515258139115,46.722811578601195],[0.367253690661467,46.72223530327172],[0.367044881035236,46.72113861046239],[0.366766182731202,46.72061869785938],[0.366073402807453,46.71983162187195],[0.365192078930538,46.71920507957828],[0.365148226002484,46.718840104653516],[0.364934808661149,46.71889196231174],[0.363786231876466,46.71877909825631],[0.363296677786511,46.71885253809965],[0.361479556536596,46.71939637076058],[0.360538803288597,46.71988555717767],[0.359349937519216,46.71963117999948],[0.35892474303034,46.71997004992494],[0.357904843409854,46.71955467845285],[0.356917575454508,46.71838868629324],[0.355946801513387,46.71828344143692],[0.355285232311143,46.71831144213556],[0.354939486929801,46.717987252982155],[0.354590613118989,46.71813056575443],[0.353980835457441,46.718090382179994],[0.35335198660642,46.717635334148746],[0.353114015866122,46.71735776933947],[0.353005482287845,46.716977782195734],[0.352160011072476,46.716560073619064],[0.352528810104572,46.71584694760306],[0.352558877358408,46.71549898639866],[0.351789351508488,46.71484067954721],[0.351558108284963,46.71431821654858],[0.350014565101973,46.71347085677971],[0.349461217029941,46.71286617406329],[0.349048571866384,46.71273321656819],[0.349151110239533,46.71234999197398],[0.347321195311286,46.71224554295972],[0.342395340307061,46.70825310239209],[0.340610953230532,46.70692794547372],[0.339456388903477,46.706756131858754],[0.338684285958432,46.7067706598369],[0.336828172664396,46.70715102939081],[0.336978804568094,46.70749777767724],[0.335967956226903,46.709575269710726],[0.335878992787969,46.71008042477792],[0.335909221336225,46.710211760619906],[0.336119476391022,46.710331059169654],[0.334608219573975,46.710433807675884],[0.334272909306242,46.710567463949964],[0.33355628098735,46.71049135302754],[0.333274775128895,46.7103028244733],[0.332768609815554,46.70970185505448],[0.332566027136106,46.7096665145731],[0.332305676663368,46.70974064463984],[0.332125300710379,46.70962653815194],[0.327816737407624,46.70498650780074],[0.327107350652867,46.70399337752393],[0.326733685591551,46.70317743940447],[0.32607296537244,46.70228724029499],[0.324962942866399,46.70124061105958],[0.324104719865288,46.70061246940065],[0.322679460933593,46.69934764497279],[0.321341756331274,46.69790195592761],[0.319964657419465,46.69598233877469],[0.319654055417684,46.69426330793162],[0.318925645963531,46.693316522000515],[0.318293638929421,46.692194500179255],[0.317880045996342,46.69174066949166],[0.317225300063551,46.691238853408954],[0.316603702556988,46.69168289036562],[0.313795314807164,46.692713599828444],[0.313056735279759,46.693086407888934],[0.310455893210687,46.6936777374095],[0.305563468718839,46.68878163807179],[0.303936226388045,46.68925333466026],[0.304696917370076,46.68611341294959],[0.304518461597071,46.68372082256464],[0.304715817367844,46.67992798861995],[0.306143048731068,46.67656767160594],[0.305926971015572,46.674721968796895],[0.303577394332795,46.67393247559511],[0.300868427609563,46.672632646967166],[0.29354399470217,46.67833508882895],[0.291204591239734,46.67983579285423],[0.288067762700068,46.682229358573736],[0.288029332719553,46.68239602632529],[0.288270222613291,46.68328735463746],[0.283379209483578,46.68373470250286],[0.283833363136092,46.684758126585066],[0.283907308132444,46.68516440418914],[0.28294185553989,46.688029081704336],[0.282865522127703,46.68918859740409],[0.28304101554304,46.692119036823236],[0.278160663148304,46.693172773381626],[0.275219597263325,46.69187225129869],[0.273740612222211,46.69154790452822],[0.272905018538647,46.69170913358923],[0.273862666582253,46.69459422162224],[0.275276559396103,46.69590446096148],[0.276824547465359,46.69764941910348],[0.278017950609637,46.69957333838897],[0.278613176319905,46.70102267053002],[0.279937459654411,46.70240189316993],[0.276805765390748,46.703560102404694],[0.274423064586114,46.70477025994198],[0.272957960092261,46.70564901027348],[0.270746577404386,46.70527118686155],[0.268568331722819,46.70465175291242],[0.26743406318691,46.70361297522218],[0.264661062987394,46.70484517246057],[0.26683209617318,46.70698621783075],[0.26869508276169,46.709265838996714],[0.271205150326117,46.71178244798168],[0.273947703198944,46.71369097257034],[0.276427447357656,46.714914776628305],[0.277830249114622,46.71580486035212],[0.279231559135562,46.71649037575314],[0.283046869887366,46.71901331221552],[0.287003808635933,46.72405668827631],[0.288382850502517,46.72624342286121],[0.290112682035134,46.72843931994565],[0.28856750751631,46.72936593504234],[0.28811510541862,46.729845358775925],[0.288048484360698,46.73052309267166],[0.288620344848716,46.730983466782426],[0.290479368271644,46.73219587704252],[0.289578564002644,46.73231335632566],[0.28918195582073,46.73248868369924],[0.288662170671656,46.732585421775205],[0.288487429432565,46.73283085433716],[0.287339212886443,46.733519973745295],[0.286728469835251,46.73357491272286],[0.286561626470893,46.73389800995586],[0.286313498421105,46.73390746081719],[0.285342330730246,46.73427821012646],[0.284717762418145,46.734294972283216],[0.284098032225224,46.73481727247848],[0.283503407911653,46.735125740028764],[0.281928326730426,46.735439825603315],[0.281703612950808,46.735426396598754],[0.281526164325863,46.734861810021485],[0.280855047613364,46.73374136291208],[0.280227611288315,46.73295259124571],[0.279787417759077,46.73313406187778],[0.27923019646021,46.733219059412804],[0.27721187736978,46.73333157419193],[0.274350946976465,46.73367991863972],[0.273639535876769,46.7333386857892],[0.271796357345799,46.733407515023266],[0.269821360947406,46.7331010895325],[0.267145503314946,46.73375457271215],[0.265661185126866,46.732447991880164],[0.263994215873387,46.730269423529855],[0.263201110881238,46.72939371529474],[0.260880285745863,46.72623368525278],[0.26089733926003,46.7261034544164],[0.262568834295961,46.7254856366455],[0.261439651187842,46.724183856194664],[0.257021084427033,46.72212598159694],[0.255900109343492,46.72297220936587],[0.254628866471637,46.72220392788813],[0.25467515239714,46.721703203840676],[0.253917048735663,46.71894977040523],[0.254664543329892,46.718493751687866],[0.253265104959732,46.71743948473835],[0.253351906333344,46.71725146066001],[0.255502867944208,46.71701821835678],[0.255779337103028,46.716161715380906],[0.256336385643147,46.715714646838684],[0.255962547413211,46.71507684226577],[0.255763440162313,46.71391075038613],[0.255761655611126,46.71135469776436],[0.251783726177064,46.708456618676394],[0.249313521062085,46.70607836030879],[0.249114471155868,46.70597448270632],[0.248100054987823,46.70498072464412],[0.247944006340782,46.70470038707819],[0.247584100820883,46.70454039251049],[0.247233656536442,46.7042454797025],[0.243453028544755,46.706225120839306],[0.243505221272343,46.705867792065334],[0.244169957031311,46.705027846618556],[0.244366034380305,46.70387391954801],[0.243504537067731,46.70214049624647],[0.240980713074294,46.70023736098105],[0.241712219241639,46.69986122943062],[0.2397831807719,46.698651689191344],[0.234625994991657,46.6941569005393],[0.231461908146755,46.69077672671826],[0.227852151274079,46.68823529911465],[0.229170162799942,46.68649853993793],[0.227954333235506,46.68677188800695],[0.225581166956604,46.68699290819218],[0.222327408733438,46.68402833626038],[0.221191969952116,46.68316562782324],[0.213525179725539,46.685392430800526],[0.209786108042325,46.68684400530376],[0.20930959330481,46.685161095512484],[0.208074040086862,46.68375342688699],[0.201895115204204,46.68448220386102],[0.200076450988966,46.683799923404436],[0.199017909487358,46.68322988193987],[0.197803602958564,46.683395732669716],[0.195104949280317,46.68403793907179],[0.194016072160085,46.68157233440055],[0.192482609502639,46.67922557456854],[0.191752044551659,46.67829048128996],[0.190118235330095,46.679254161813866],[0.187275076484604,46.68023681908237],[0.18388392964699,46.681964587386524],[0.180574990937898,46.68341587469283],[0.178969039571822,46.68426476183913],[0.17720882155923,46.6847052852047],[0.176210402794819,46.684796034671535],[0.175084181938711,46.684751181713864],[0.177102850636091,46.6861397600334],[0.177627818152189,46.686594165706396],[0.17808052764607,46.68743151440951],[0.178157134041882,46.68797309313521],[0.177789367770106,46.68865060023232],[0.177318691025749,46.68888949381329],[0.173766989208338,46.690414811225594],[0.169273256473713,46.69252495056765],[0.16548351909975,46.690071656525426],[0.163882038080625,46.69195479656646],[0.163492521893958,46.69281913180885],[0.163377071781137,46.69337489474599],[0.164149628603021,46.695481604271386],[0.164141843105695,46.696182386441365],[0.163982819019293,46.69671995346992],[0.162789865440525,46.69842397101801],[0.163746171854924,46.69927022674354],[0.163832702627822,46.699494010795895],[0.163566380021176,46.69985413144092],[0.163924360209404,46.700346815932775],[0.161552609653365,46.700623329929776],[0.162034066640197,46.701033480892676],[0.162219194787546,46.701550726621015],[0.161533171802683,46.70154636955705],[0.161648220639492,46.701951059930146],[0.161007717965179,46.70225326354537],[0.161237591263857,46.70239049698805],[0.161454430920867,46.70317792608981],[0.162236200781307,46.70423250836926],[0.164185757888774,46.70604936251397],[0.165694662539113,46.70670022280882],[0.167392460655511,46.708551341876934],[0.171520571334127,46.706773712156384],[0.1761358195356,46.711388728887904],[0.184567125744204,46.70818658223724],[0.189591662236243,46.70732228315208],[0.191455186043447,46.70682101660862],[0.192897301026938,46.706591418700825],[0.195676587860259,46.705855706356964],[0.196640933433595,46.70724335628021],[0.206126571990003,46.717645827818856],[0.20730449762263,46.7174375421967],[0.208851412456571,46.71649852069423],[0.20937049167919,46.71641564125134],[0.210102682879808,46.71641722621989],[0.207819345392135,46.71860872132624],[0.206325919671447,46.720186921628674],[0.203610682542535,46.72264352299415],[0.200691825799481,46.72551225005692],[0.191685442949204,46.73338932539418],[0.189726677843106,46.73530732208456],[0.191223865956563,46.73630710675651],[0.191397693190373,46.736999705128014],[0.191238761697844,46.7389815672153],[0.190829358851135,46.74023201514819],[0.190493695840119,46.74089322638686],[0.190601611119839,46.74209956990787],[0.19033949840852,46.74293466663228],[0.189769053485324,46.74397845057236],[0.188399727107991,46.74508556225497],[0.188622686879545,46.745816306598805],[0.188519648110396,46.74616065906498],[0.187219020823738,46.747331607419255],[0.188198814367335,46.748102512554134],[0.188434440519756,46.748386683305846],[0.188786223060463,46.7497936082157],[0.188743667087972,46.75005835372479],[0.187394109972393,46.751387579692924],[0.186444481432679,46.752612166394364],[0.184738993817275,46.75349747158151],[0.183964912593455,46.75419206466262],[0.182899925392406,46.75488402209752],[0.182169473418931,46.75554543705906],[0.18143661794843,46.756050919928605],[0.180118216740983,46.75662311031287],[0.179488558336545,46.75612652664549],[0.17677369001709,46.7554696781349],[0.175310795921275,46.75488861377989],[0.172100223890187,46.75418702275457],[0.171023677665926,46.75411726085097],[0.168828409863639,46.75380638134536],[0.167189057000548,46.75444799708577],[0.163092319985748,46.756430841882505],[0.162620455763183,46.75673002399026],[0.160521005586947,46.758469291090634],[0.161267388859097,46.75918780610691],[0.162041028497654,46.76051335050263],[0.163790288887764,46.762789193153665],[0.164475204033654,46.762679065590746],[0.164590214354088,46.762786418640836],[0.167682206230844,46.761674314398704],[0.168353276122761,46.762080084190245],[0.168845793760861,46.762540913346534],[0.170151023247768,46.76388490394534],[0.171425785117165,46.76571375434499],[0.171129653603324,46.767218301917644],[0.171091618628607,46.76905355670879]]]]}},{"type":"Feature","properties":{"fid":1023,"ID":"COMMUNE_0000000009748208","NOM":"Champigny en Rochereau","NOM_M":"CHAMPIGNY EN ROCHEREAU","INSEE_COM":"86053","STATUT":"Commune simple","POPULATION":1890,"INSEE_CAN":"11","INSEE_ARR":"3","INSEE_DEP":"86","INSEE_REG":"75","SIREN_EPCI":"200069763"},"geometry":{"type":"MultiPolygon","coordinates":[[[[0.125590119500889,46.6819464315208],[0.12521615598253,46.684510354826045],[0.125446049400706,46.68615325918801],[0.125769281055232,46.68704705614787],[0.11285698763835,46.69256134322999],[0.114985210338361,46.694970147962614],[0.116562156186372,46.69637033114194],[0.118366466633588,46.697411290926915],[0.120946221973163,46.69926547649442],[0.12246986947555,46.70014434866583],[0.123260609459374,46.70044619645187],[0.124193894315708,46.70122193965546],[0.125478339188382,46.70273719285007],[0.121906236874432,46.70435415314523],[0.122517594002174,46.704705564914704],[0.121534100542508,46.70512329114044],[0.120665220607348,46.704293281355255],[0.119451464594348,46.70347172496154],[0.117650889555413,46.70460142415027],[0.115960521569016,46.70636727946229],[0.115991219913332,46.70647977676819],[0.116206686800926,46.70659061114365],[0.117702307370032,46.70713636384255],[0.117266754646981,46.70781559717067],[0.115224196896576,46.707037142855945],[0.113880048520626,46.7106155036712],[0.113000276046436,46.71033568168762],[0.111047437077973,46.71006127693354],[0.11039841014412,46.711525301420316],[0.110992612284078,46.71170695112376],[0.114435059089666,46.71345684067029],[0.116777054457689,46.71412659558423],[0.119279065191919,46.7151886536464],[0.115781050988535,46.717463239773195],[0.116647444582962,46.71821933521329],[0.117989293559252,46.720162281188635],[0.109086301548273,46.723915430952545],[0.103234385539622,46.724784226592796],[0.110962557948339,46.73309622155909],[0.110208367862469,46.73369983586316],[0.109310749481706,46.73424036723229],[0.111922168953012,46.73845704384012],[0.115629912772626,46.740968559678],[0.121628249858258,46.74230932574024],[0.125116884857429,46.74006403922437],[0.128684649302231,46.7416426780044],[0.132533456570787,46.744404923520115],[0.134119524811274,46.74517162847861],[0.13506605893371,46.745912443778145],[0.135572511021282,46.74557999761119],[0.136308632468894,46.74491900798795],[0.138367386449508,46.744006271455106],[0.139706091400697,46.742977355168286],[0.141870283782911,46.74443950454995],[0.145147062281511,46.74119996408469],[0.147188259073903,46.740914631464534],[0.147823905515989,46.74093943425039],[0.149493189085885,46.74117190170345],[0.150978406140538,46.74096640021017],[0.152733373244822,46.74096488684159],[0.154344106344478,46.740814712399036],[0.155304303712976,46.74047360676541],[0.156733967636815,46.739801744853544],[0.157904439738669,46.73902343999034],[0.159313573153025,46.738316801654776],[0.160495461049995,46.73794509999889],[0.160754429303393,46.73792988117929],[0.161379381325915,46.73630463607517],[0.161454711281182,46.73584158876437],[0.160994123209063,46.734550795442644],[0.160496956174687,46.73388438102541],[0.164522987925778,46.73548133643263],[0.1683587765628,46.73907093569222],[0.170952801384391,46.73783026184793],[0.171855477778672,46.73863996197104],[0.173862689687977,46.73764334938397],[0.178845076598413,46.740922928298815],[0.181080830524839,46.74226173885628],[0.184157770525241,46.739692872612785],[0.189726677843106,46.73530732208456],[0.191685442949204,46.73338932539418],[0.200691825799481,46.72551225005692],[0.203610682542535,46.72264352299415],[0.206325919671447,46.720186921628674],[0.207819345392135,46.71860872132624],[0.210102682879808,46.71641722621989],[0.20937049167919,46.71641564125134],[0.208851412456571,46.71649852069423],[0.20730449762263,46.7174375421967],[0.206126571990003,46.717645827818856],[0.196640933433595,46.70724335628021],[0.195676587860259,46.705855706356964],[0.192897301026938,46.706591418700825],[0.191455186043447,46.70682101660862],[0.189591662236243,46.70732228315208],[0.184567125744204,46.70818658223724],[0.1761358195356,46.711388728887904],[0.171520571334127,46.706773712156384],[0.167392460655511,46.708551341876934],[0.165694662539113,46.70670022280882],[0.164185757888774,46.70604936251397],[0.162236200781307,46.70423250836926],[0.161454430920867,46.70317792608981],[0.161237591263857,46.70239049698805],[0.161007717965179,46.70225326354537],[0.161648220639492,46.701951059930146],[0.161533171802683,46.70154636955705],[0.162219194787546,46.701550726621015],[0.162034066640197,46.701033480892676],[0.161552609653365,46.700623329929776],[0.163924360209404,46.700346815932775],[0.163566380021176,46.69985413144092],[0.163832702627822,46.699494010795895],[0.163746171854924,46.69927022674354],[0.162789865440525,46.69842397101801],[0.163982819019293,46.69671995346992],[0.164141843105695,46.696182386441365],[0.164149628603021,46.695481604271386],[0.163377071781137,46.69337489474599],[0.163492521893958,46.69281913180885],[0.163882038080625,46.69195479656646],[0.16314582203201,46.691284269344],[0.157519089445608,46.68531009556526],[0.154697140225478,46.686044716767455],[0.150719647193576,46.67945424090289],[0.148740293735103,46.67992762825806],[0.143172512558695,46.68107389852935],[0.143181614000063,46.68047765836803],[0.143302178317338,46.680077010365764],[0.129259933787113,46.680159740454826],[0.129600358757563,46.68048091326811],[0.125590119500889,46.6819464315208]]]]}},{"type":"Feature","properties":{"fid":1030,"ID":"COMMUNE_0000000009748210","NOM":"Vouzailles","NOM_M":"VOUZAILLES","INSEE_COM":"86299","STATUT":"Commune simple","POPULATION":563,"INSEE_CAN":"11","INSEE_ARR":"3","INSEE_DEP":"86","INSEE_REG":"75","SIREN_EPCI":"200069763"},"geometry":{"type":"MultiPolygon","coordinates":[[[[0.11285698763835,46.69256134322999],[0.111962112484328,46.691684650536715],[0.109771498335507,46.69025632033982],[0.105985396108962,46.68665588227996],[0.103832589977973,46.687496255932565],[0.101626143277112,46.68862896875791],[0.09859564782782,46.68996425309795],[0.096345073748796,46.691257036246064],[0.095470998251654,46.691441240610956],[0.094355895241547,46.691847292456565],[0.091909533682325,46.692488997020966],[0.088768441114472,46.69380230663835],[0.086881379668327,46.694389622854494],[0.084893509985192,46.695146443703244],[0.083281945565212,46.69603984529781],[0.080456356663978,46.69393704237637],[0.076911875908724,46.695171290171864],[0.075818206709663,46.69566150921352],[0.076419091029095,46.69632196430475],[0.077269632110439,46.69701580788561],[0.07875985675484,46.69772323285114],[0.076557658624785,46.698029347043004],[0.074835015220892,46.698403512827376],[0.073176024162895,46.6990784202662],[0.070014731796741,46.69992488589073],[0.068012455663916,46.70079458696097],[0.066581173845897,46.70171219436174],[0.066843901345567,46.701794598824115],[0.066166302907962,46.70257919386539],[0.066011585492407,46.703042874458184],[0.063984015091104,46.70544272186911],[0.063391135945808,46.705918612747254],[0.061734644384883,46.70794408013803],[0.062663250551165,46.70855082683779],[0.064101988098715,46.709122864754406],[0.065367517835622,46.709870660692644],[0.068216073323359,46.71167436411481],[0.069352207158342,46.71280715120809],[0.07015510810437,46.713391700105184],[0.071383484874503,46.713933040733735],[0.071910754604092,46.71426095597696],[0.073861983661293,46.71655789577515],[0.076580918913363,46.71946633108656],[0.077078425036087,46.71993492302604],[0.078145998771826,46.72064418534149],[0.078514481173547,46.720978836593744],[0.080790016780836,46.72427141938254],[0.081517279946702,46.725512604387625],[0.081938003433029,46.726801854062266],[0.08257441658835,46.72812541651515],[0.081620414102943,46.72832191487407],[0.080076852586661,46.72885751147123],[0.078412912863226,46.72912151884089],[0.07969646025404,46.73266366831182],[0.080609808327768,46.732810340733906],[0.081308800227583,46.73489596131312],[0.08473551930639,46.73397299146182],[0.085192072855592,46.73503697683902],[0.088817727728607,46.73707337761889],[0.089159966775358,46.737607349384525],[0.089739741727382,46.73818428345545],[0.090897131925005,46.73871908829062],[0.091277089422632,46.738794489972946],[0.092474228212638,46.73956635143253],[0.094038231222406,46.740242968191986],[0.095730371204804,46.740852524944344],[0.10412137175386,46.74067344393386],[0.104540491983123,46.74058039867736],[0.10693399790751,46.74386815404552],[0.115629912772626,46.740968559678],[0.111922168953012,46.73845704384012],[0.109310749481706,46.73424036723229],[0.110208367862469,46.73369983586316],[0.110962557948339,46.73309622155909],[0.103234385539622,46.724784226592796],[0.109086301548273,46.723915430952545],[0.117989293559252,46.720162281188635],[0.116647444582962,46.71821933521329],[0.115781050988535,46.717463239773195],[0.119279065191919,46.7151886536464],[0.116777054457689,46.71412659558423],[0.114435059089666,46.71345684067029],[0.110992612284078,46.71170695112376],[0.11039841014412,46.711525301420316],[0.111047437077973,46.71006127693354],[0.113000276046436,46.71033568168762],[0.113880048520626,46.7106155036712],[0.115224196896576,46.707037142855945],[0.117266754646981,46.70781559717067],[0.117702307370032,46.70713636384255],[0.116206686800926,46.70659061114365],[0.115991219913332,46.70647977676819],[0.115960521569016,46.70636727946229],[0.117650889555413,46.70460142415027],[0.119451464594348,46.70347172496154],[0.120665220607348,46.704293281355255],[0.121534100542508,46.70512329114044],[0.122517594002174,46.704705564914704],[0.121906236874432,46.70435415314523],[0.125478339188382,46.70273719285007],[0.124193894315708,46.70122193965546],[0.123260609459374,46.70044619645187],[0.12246986947555,46.70014434866583],[0.120946221973163,46.69926547649442],[0.118366466633588,46.697411290926915],[0.116562156186372,46.69637033114194],[0.114985210338361,46.694970147962614],[0.11285698763835,46.69256134322999]]]]}},{"type":"Feature","properties":{"fid":1484,"ID":"COMMUNE_0000000009748608","NOM":"Cissé","NOM_M":"CISSE","INSEE_COM":"86076","STATUT":"Commune simple","POPULATION":2875,"INSEE_CAN":"11","INSEE_ARR":"3","INSEE_DEP":"86","INSEE_REG":"75","SIREN_EPCI":"200069763"},"geometry":{"type":"MultiPolygon","coordinates":[[[[0.250673298231376,46.6241031430879],[0.250438059434924,46.62391910449983],[0.250048007846551,46.62384847616274],[0.247680059326171,46.623997034528166],[0.244060180478877,46.6244893404025],[0.240375842657655,46.62521964117102],[0.240841352643407,46.62650934166165],[0.23575757471149,46.62726344986766],[0.236052963744471,46.62865628352885],[0.235213618001167,46.630142470788066],[0.234858172090816,46.63183404214389],[0.234333768287963,46.6331440239057],[0.222440141523295,46.63601968599001],[0.22213993243619,46.63518800825356],[0.221524131565847,46.63413334194622],[0.216032888719173,46.63528936877373],[0.206651125765661,46.63746669082497],[0.208019057459405,46.63948490755487],[0.210393351040908,46.63892284998242],[0.212088609317776,46.64137244463444],[0.214104139852202,46.641915199989576],[0.215251803226823,46.64246926904842],[0.214037176822089,46.6436047228051],[0.211847423595459,46.64625352857781],[0.211868724391845,46.646373877927694],[0.213246302853471,46.64726782328058],[0.210928345282013,46.64973420059155],[0.210920417014638,46.649914204840485],[0.213155032737175,46.651242552183625],[0.212379898213224,46.65140660315082],[0.208637695942331,46.65161375676044],[0.208016439942327,46.65173647662636],[0.204585192995782,46.6539611766556],[0.205584349070583,46.65552352388813],[0.205920429680672,46.65733459049603],[0.20633467066885,46.65884753131143],[0.207756274038298,46.66044267303233],[0.208195319490552,46.66109216410311],[0.210435974854565,46.662590984619904],[0.212035054359561,46.66412371210023],[0.212853456597811,46.665237403125055],[0.213486599563708,46.66657002827295],[0.213623242878457,46.66712114586326],[0.215704701938405,46.666523906311326],[0.217115736847029,46.66603469441396],[0.218922451613119,46.668272417900795],[0.219925712078623,46.66894905667268],[0.2207223006762,46.67010990761402],[0.221656151858331,46.669790168008085],[0.223286373608513,46.672209137935255],[0.223532279682477,46.672391683838605],[0.223344212017247,46.67310070317752],[0.235180123026402,46.665859072724],[0.23542654597359,46.66580014484744],[0.240581522356095,46.665596375541845],[0.242025111039698,46.66580139375893],[0.242760000344753,46.6657361799696],[0.243218864033169,46.666494118017404],[0.243936911630724,46.66598701654026],[0.244518193766749,46.664821619215104],[0.244868955074527,46.664382267006786],[0.245793846876537,46.66371795076595],[0.247353387831272,46.66287335684698],[0.248593305898573,46.66156878625451],[0.24902243142417,46.661053819741866],[0.249778106513771,46.65980068431912],[0.24993625165906,46.65928732228885],[0.249946278013542,46.65872716043211],[0.252870886018558,46.65934867367186],[0.25563433631993,46.66010500158759],[0.262127875146312,46.6613188967174],[0.277512631628352,46.66506476315947],[0.284988555113884,46.65488827138878],[0.281879832984781,46.65310638540954],[0.280169528150554,46.65188195802537],[0.274516873315745,46.64894300098215],[0.278229395633676,46.64623464220684],[0.277053322505301,46.64469309373121],[0.275667989183079,46.64312583476937],[0.273995154104149,46.643876200495484],[0.272860920755102,46.64468530930264],[0.27191411912207,46.64410508015774],[0.270791917064538,46.64365761222544],[0.271143115442014,46.643411002495974],[0.27155458537735,46.64287571658764],[0.270315428409585,46.64256961289112],[0.269828294744869,46.64226699779628],[0.269843360362231,46.64186282392722],[0.268180403102783,46.641843016681],[0.268194272566251,46.64115050549892],[0.264064280255275,46.64094746987688],[0.264034701644041,46.64000164990512],[0.263071277052538,46.639884944101176],[0.262227750819414,46.641881159533305],[0.258964997854016,46.639836353944254],[0.257429441927402,46.63918515402332],[0.254482670593572,46.636899105618376],[0.25174352084186,46.638557905118155],[0.248764089716243,46.63668987214737],[0.24739116749031,46.63505226649403],[0.246808967838794,46.63456436691272],[0.245175978540403,46.633647569179736],[0.243850855476717,46.6327219349201],[0.243133985129817,46.6323632191213],[0.242321579047647,46.632212126873185],[0.241882709725486,46.63137536771376],[0.248014295041357,46.63057137192932],[0.249971462214443,46.63048231637726],[0.250100037719353,46.62949162800923],[0.251436012608563,46.62572698067592],[0.251199269301138,46.62492574036172],[0.250673298231376,46.6241031430879]]]]}},{"type":"Feature","properties":{"fid":1526,"ID":"COMMUNE_0000000009748209","NOM":"Amberre","NOM_M":"AMBERRE","INSEE_COM":"86002","STATUT":"Commune simple","POPULATION":565,"INSEE_CAN":"11","INSEE_ARR":"3","INSEE_DEP":"86","INSEE_REG":"75","SIREN_EPCI":"200069763"},"geometry":{"type":"MultiPolygon","coordinates":[[[[0.121628249858258,46.74230932574024],[0.125666773365325,46.7452207246907],[0.12597977405284,46.74572050629499],[0.126267149145237,46.746555718678565],[0.12740694166015,46.74812585029974],[0.128003295398418,46.74886967630738],[0.128438944376701,46.74920763442979],[0.129531230257729,46.750364796787565],[0.136369901103881,46.75577753125729],[0.138866556304978,46.75730747709425],[0.140435598532028,46.75907736163982],[0.135734401783299,46.76024052422543],[0.134902476150251,46.76057656738635],[0.133549195354045,46.76082931655406],[0.133125416249359,46.76083495710076],[0.132126152276539,46.76059106792161],[0.130894910457657,46.76064320846481],[0.130026571219248,46.7605269086674],[0.127144040124851,46.76398224385151],[0.125883090984312,46.76672126203029],[0.123548400222276,46.76750074733066],[0.124039445647468,46.76882399294723],[0.126080909812869,46.77296019845954],[0.124480434095441,46.77331748684974],[0.12142317790458,46.77431310580927],[0.123716805488922,46.77542652087729],[0.124281995900803,46.77597135584463],[0.130929975586367,46.77814858485599],[0.12849571798374,46.780156447704464],[0.128555371112133,46.78029308737771],[0.131720284425929,46.78212546907145],[0.13436679380302,46.780071477410914],[0.134909150396546,46.779760647216975],[0.135452408100794,46.77970571800559],[0.136018355108912,46.77981713381276],[0.147985740792766,46.783689927388245],[0.148874673675815,46.78377145330099],[0.153986456836499,46.78373960824918],[0.153637891821679,46.783608440711134],[0.153364574514014,46.78234390016459],[0.152933501870362,46.78166108731061],[0.152699013187385,46.78098134230833],[0.157061938924207,46.77989287767667],[0.157132312253595,46.77975136311653],[0.157770141417471,46.779468018087634],[0.159973450187888,46.779293653781714],[0.161392360353969,46.77894580303468],[0.161703621301221,46.777534451363906],[0.162741052039814,46.77648070372859],[0.163596562961311,46.77604593327643],[0.163985788160876,46.775323947710184],[0.164854142861557,46.77439214552939],[0.166548073121633,46.77316986519777],[0.16677602432221,46.77327459482884],[0.167060137383936,46.773258175983834],[0.167610475579954,46.77311587689698],[0.167845831418277,46.77297842400928],[0.168162309557665,46.77178972778696],[0.168877036883118,46.77123612472704],[0.169343073912735,46.7706232320623],[0.16975264019818,46.77048916723319],[0.171100698852505,46.77053859009484],[0.171091618628607,46.76905355670879],[0.171129653603324,46.767218301917644],[0.171425785117165,46.76571375434499],[0.170151023247768,46.76388490394534],[0.168845793760861,46.762540913346534],[0.168353276122761,46.762080084190245],[0.167682206230844,46.761674314398704],[0.164590214354088,46.762786418640836],[0.164475204033654,46.762679065590746],[0.163790288887764,46.762789193153665],[0.162041028497654,46.76051335050263],[0.161267388859097,46.75918780610691],[0.160521005586947,46.758469291090634],[0.162620455763183,46.75673002399026],[0.163092319985748,46.756430841882505],[0.167189057000548,46.75444799708577],[0.168828409863639,46.75380638134536],[0.171023677665926,46.75411726085097],[0.172100223890187,46.75418702275457],[0.175310795921275,46.75488861377989],[0.17677369001709,46.7554696781349],[0.179488558336545,46.75612652664549],[0.180118216740983,46.75662311031287],[0.18143661794843,46.756050919928605],[0.182169473418931,46.75554543705906],[0.182899925392406,46.75488402209752],[0.183964912593455,46.75419206466262],[0.184738993817275,46.75349747158151],[0.186444481432679,46.752612166394364],[0.187394109972393,46.751387579692924],[0.188743667087972,46.75005835372479],[0.188786223060463,46.7497936082157],[0.188434440519756,46.748386683305846],[0.188198814367335,46.748102512554134],[0.187219020823738,46.747331607419255],[0.188519648110396,46.74616065906498],[0.188622686879545,46.745816306598805],[0.188399727107991,46.74508556225497],[0.189769053485324,46.74397845057236],[0.19033949840852,46.74293466663228],[0.190601611119839,46.74209956990787],[0.190493695840119,46.74089322638686],[0.190829358851135,46.74023201514819],[0.191238761697844,46.7389815672153],[0.191397693190373,46.736999705128014],[0.191223865956563,46.73630710675651],[0.189726677843106,46.73530732208456],[0.184157770525241,46.739692872612785],[0.181080830524839,46.74226173885628],[0.178845076598413,46.740922928298815],[0.173862689687977,46.73764334938397],[0.171855477778672,46.73863996197104],[0.170952801384391,46.73783026184793],[0.1683587765628,46.73907093569222],[0.164522987925778,46.73548133643263],[0.160496956174687,46.73388438102541],[0.160994123209063,46.734550795442644],[0.161454711281182,46.73584158876437],[0.161379381325915,46.73630463607517],[0.160754429303393,46.73792988117929],[0.160495461049995,46.73794509999889],[0.159313573153025,46.738316801654776],[0.157904439738669,46.73902343999034],[0.156733967636815,46.739801744853544],[0.155304303712976,46.74047360676541],[0.154344106344478,46.740814712399036],[0.152733373244822,46.74096488684159],[0.150978406140538,46.74096640021017],[0.149493189085885,46.74117190170345],[0.147823905515989,46.74093943425039],[0.147188259073903,46.740914631464534],[0.145147062281511,46.74119996408469],[0.141870283782911,46.74443950454995],[0.139706091400697,46.742977355168286],[0.138367386449508,46.744006271455106],[0.136308632468894,46.74491900798795],[0.135572511021282,46.74557999761119],[0.13506605893371,46.745912443778145],[0.134119524811274,46.74517162847861],[0.132533456570787,46.744404923520115],[0.128684649302231,46.7416426780044],[0.125116884857429,46.74006403922437],[0.121628249858258,46.74230932574024]]]]}},{"type":"Feature","properties":{"fid":1591,"ID":"COMMUNE_0000000009748402","NOM":"Cherves","NOM_M":"CHERVES","INSEE_COM":"86073","STATUT":"Commune simple","POPULATION":516,"INSEE_CAN":"11","INSEE_ARR":"3","INSEE_DEP":"86","INSEE_REG":"75","SIREN_EPCI":"200069763"},"geometry":{"type":"MultiPolygon","coordinates":[[[[-0.031540954551205,46.66945075053581],[-0.030449417852399,46.6704861174581],[-0.029771818973617,46.671715080862164],[-0.029160111299356,46.67241246193806],[-0.028369928437081,46.672609046287654],[-0.025878127028389,46.67294966304882],[-0.024430986316575,46.67338522085811],[-0.023601611304525,46.67379546008768],[-0.022910912888278,46.67429845246979],[-0.020647547383822,46.675217729645965],[-0.020120638704489,46.6756064574926],[-0.019145924429009,46.676088071294004],[-0.018173602266604,46.67642453998337],[-0.018029794406351,46.67631028406874],[-0.017485451359105,46.67657420819153],[-0.016561686319254,46.676889561212285],[-0.016177489532764,46.6769492268508],[-0.014043176943005,46.67809835103407],[-0.011169078643758,46.680640997545574],[-0.009797607499362,46.68157356854045],[-0.008004252343142,46.68252529800992],[-0.007457207769317,46.68274238644648],[-0.00657713317273,46.683424145288186],[-0.008398376094864,46.6845351609816],[-0.014405164514486,46.68721671422],[-0.016034731463973,46.688077649108315],[-0.017190670252798,46.688803246513736],[-0.018171175763351,46.68922257904098],[-0.018474944288447,46.68948130292024],[-0.01934410648575,46.690653250132684],[-0.01950420822251,46.6912482498823],[-0.019780260154258,46.69176180328548],[-0.02126994272649,46.693352617753284],[-0.018986433764689,46.69430120149416],[-0.018699447544008,46.69448626599246],[-0.0176213014642,46.69565809596693],[-0.016725418875554,46.696292587530635],[-0.015302949159891,46.696548047581324],[-0.013880840354007,46.6966214638552],[-0.012606290419202,46.69659277051909],[-0.01064523458129,46.696370331741306],[-0.00989832837534,46.6963863282932],[-0.008723770187297,46.69667304547317],[-0.007918158080638,46.69709514839199],[-0.006877075984051,46.69735672028642],[-0.005557117543135,46.69783283501787],[-0.005144632029574,46.698094138288006],[-0.003818886453391,46.69808741227458],[-0.002777060301921,46.69793357412067],[-0.002141752028099,46.697931280151145],[-0.001556407816866,46.69797993710249],[-0.000240287576155,46.698336948056564],[3.5296255073e-05,46.69818466699997],[0.000918095288156,46.69896554522621],[0.002119727380553,46.69968897072681],[0.002630001491447,46.70010147543874],[0.003310089386219,46.700996877838925],[0.003607858970403,46.70196158380925],[0.003527869742316,46.70376702479412],[0.00358796130312,46.70457684657702],[0.004069360081366,46.706083378063425],[-0.000229233461633,46.707997538935835],[0.003521303454534,46.71114834480511],[0.000913582231731,46.71353560555462],[-0.001154359607785,46.71518364292454],[-0.001239740621429,46.71542469641544],[-0.002342754860013,46.71611038420163],[0.000422759915913,46.71623046358555],[0.001441522760453,46.716737354165396],[0.003854102838657,46.71753203054355],[0.004507266723103,46.71775632565155],[0.006897927438742,46.71987671931068],[0.008695563521906,46.720897631664656],[0.008918637044061,46.72072503686603],[0.011068091983401,46.72235337928803],[0.01392884404808,46.72422544953942],[0.017203705798343,46.72583789006257],[0.021246151745528,46.72748276958978],[0.024402808904114,46.72836658193208],[0.024937026271019,46.72837412275454],[0.02555756556405,46.728169448921186],[0.026445839066445,46.72898538579595],[0.029361582009607,46.72816885059819],[0.032054608065367,46.72727800520851],[0.03098129178467,46.72675377009819],[0.030600273917477,46.72641322966826],[0.029442383323302,46.72571108718683],[0.030014777177931,46.72514022071842],[0.030962758013167,46.724769189007326],[0.031355460969842,46.72451263782087],[0.03155063301914,46.72408248106259],[0.035539583828307,46.72522448652073],[0.036026110422974,46.72545690653991],[0.036770773671185,46.725329264833874],[0.036645097301668,46.72508724364087],[0.030786846086242,46.72202095358984],[0.030723935215006,46.721805777994156],[0.030966535113205,46.72144262553231],[0.031520278941889,46.721139781780764],[0.032834601165286,46.720728654118915],[0.03093270311789,46.7187557307058],[0.030032512131248,46.71844680515537],[0.026613197361861,46.717703198581646],[0.025362290237157,46.71518838827991],[0.02618299471225,46.71429239162558],[0.026130840926496,46.71369003975519],[0.026810881095334,46.713137297675374],[0.027184948587177,46.7132677301716],[0.028019753749417,46.712519858929504],[0.028582591190512,46.71269572325102],[0.029373342198403,46.71198634810206],[0.029493619904496,46.711679501128984],[0.028692711673197,46.711282125567706],[0.029330660003728,46.71087515070825],[0.02959599177739,46.71079011287311],[0.030514586867607,46.71123918457069],[0.031755009390289,46.71231919820878],[0.031917373803211,46.712368450566586],[0.034254332557251,46.7108105962944],[0.034960498909075,46.711408219542],[0.035522634613126,46.7116930580698],[0.037135358938002,46.71065796297115],[0.036730492175387,46.70984377462145],[0.03733161586126,46.709870110255],[0.038045500222508,46.70979843654177],[0.041094222454025,46.70856247371835],[0.041900198231945,46.70831474469531],[0.042321505267539,46.708443642708076],[0.042884240432439,46.70878973160822],[0.043888406788922,46.70870297705784],[0.055603602693066,46.70438638621806],[0.055049011168191,46.70345489351707],[0.054846137950365,46.702727952803414],[0.05849485713254,46.703311727358404],[0.058669575561097,46.70596165414549],[0.059679550110554,46.70564514779731],[0.060869962593886,46.705672946242785],[0.063391135945808,46.705918612747254],[0.063984015091104,46.70544272186911],[0.066011585492407,46.703042874458184],[0.066166302907962,46.70257919386539],[0.066843901345567,46.701794598824115],[0.066581173845897,46.70171219436174],[0.068012455663916,46.70079458696097],[0.070014731796741,46.69992488589073],[0.073176024162895,46.6990784202662],[0.074835015220892,46.698403512827376],[0.076557658624785,46.698029347043004],[0.07875985675484,46.69772323285114],[0.077269632110439,46.69701580788561],[0.076419091029095,46.69632196430475],[0.075818206709663,46.69566150921352],[0.076911875908724,46.695171290171864],[0.080456356663978,46.69393704237637],[0.077215969090233,46.69129739126333],[0.073319221767643,46.68828137963395],[0.069448763247915,46.68493160945776],[0.066553348096728,46.683075332932624],[0.063587432610942,46.681025250676996],[0.054973695357889,46.674489843717325],[0.053730453396939,46.67267293290496],[0.049796187478965,46.67593988912356],[0.045837260440001,46.67245362168569],[0.043760630709212,46.67417156498107],[0.042101190624005,46.67526950015882],[0.038482241154227,46.677202555830725],[0.035897293665329,46.67496062340999],[0.034751734300785,46.6754184751045],[0.0330038323911,46.67372162730888],[0.031578748599856,46.67251517239476],[0.027619080783262,46.67366145786445],[0.025992855865808,46.67421849331343],[0.024858487022144,46.67444676837031],[0.022663988356644,46.67505298696829],[0.020426875549996,46.67538503621231],[0.010204132024734,46.67614615536849],[0.007251441729067,46.6765376834757],[0.007368990097393,46.67628124444167],[0.00724148762878,46.67621934746861],[0.003519765244595,46.67555267656172],[0.003071669132474,46.675725684700815],[0.002534726684416,46.67610902068401],[0.001420911741134,46.67667370322946],[0.00041968529871,46.67676375437361],[-0.000753193981577,46.67787562259558],[-0.001308381775549,46.67818547761853],[-0.001354256446641,46.678233835716675],[-0.000542929290365,46.67880922553538],[-6.2480900709e-05,46.6793074719655],[-0.000795991166971,46.679906412624355],[-0.002090804968633,46.680759174463404],[-0.003427798037299,46.67922478571655],[-0.003129628558507,46.6788991989947],[-0.002857346661973,46.67875765294286],[-0.003535731161028,46.67814608122184],[-0.003689776053839,46.677735663600586],[-0.004594401595967,46.67657571375453],[-0.009054088521373,46.674225911501246],[-0.010979659817567,46.67342116364475],[-0.013252352211266,46.67363628788987],[-0.013227742928139,46.672838581925944],[-0.014989457606994,46.67151274220295],[-0.014562963381887,46.67040842404824],[-0.014879582146338,46.670264036237185],[-0.015705294981758,46.67014139995018],[-0.016577985462114,46.670228373716604],[-0.017952337584367,46.670179590430855],[-0.031540954551205,46.66945075053581]]]]}},{"type":"Feature","properties":{"fid":2062,"ID":"COMMUNE_0000000009748211","NOM":"Massognes","NOM_M":"MASSOGNES","INSEE_COM":"86150","STATUT":"Commune simple","POPULATION":271,"INSEE_CAN":"11","INSEE_ARR":"3","INSEE_DEP":"86","INSEE_REG":"75","SIREN_EPCI":"200069763"},"geometry":{"type":"MultiPolygon","coordinates":[[[[0.036367248754153,46.72849592234779],[0.037317305486145,46.7290232304833],[0.038242561153021,46.731878180389764],[0.037959840247296,46.73256829082863],[0.036411897618613,46.734277257737595],[0.033249197806045,46.73874402221345],[0.034000778611639,46.738996812123965],[0.034708976653286,46.73944400220536],[0.030053873221732,46.744012692493754],[0.028526974921654,46.74501569065237],[0.02743363046369,46.74585599394282],[0.028576195787,46.74658207433128],[0.024332006462995,46.74882478254183],[0.026764463045486,46.75053219609189],[0.031155292276599,46.75665303272753],[0.032628220270604,46.758199438504434],[0.031753550091107,46.75882558214745],[0.034534487066708,46.76052649766541],[0.036394075872988,46.76193506168202],[0.038074196864904,46.76298215507872],[0.038470420199901,46.76357804446372],[0.040736798628302,46.76260567907757],[0.041813496025692,46.76341911618615],[0.042829295242415,46.764339999132474],[0.043561020814549,46.765276987148575],[0.049834460953911,46.762255859025984],[0.051521375946512,46.761060263464124],[0.051854576459361,46.76074354574073],[0.05217151409332,46.76024350090052],[0.053541832690358,46.76125357717599],[0.054953866657924,46.76248635785009],[0.05636689560573,46.76420930278937],[0.056456372365996,46.76524236943009],[0.056762878431027,46.76628730425582],[0.057033802146511,46.76931718451869],[0.057684549866476,46.771220599421405],[0.059012918710845,46.77100413198805],[0.061814853504104,46.76999640953144],[0.064722473388746,46.7696022142564],[0.069727406697916,46.767887413534325],[0.070357863979008,46.76781970034199],[0.072358276414858,46.76792836879314],[0.07365295617823,46.76750724681834],[0.0742708060678,46.76718690625623],[0.075741593584214,46.767146872241945],[0.075107343046689,46.76490250692952],[0.07372386668766,46.763155332823146],[0.073095068142832,46.762513102259014],[0.072462849930675,46.76115717299194],[0.072199828548811,46.76105045508013],[0.071230395130845,46.759117376363655],[0.070901419433065,46.758726953581885],[0.070461492939235,46.758400375113666],[0.070461704374501,46.75825081097524],[0.070304110245089,46.75823147347233],[0.070040490599549,46.75801481018371],[0.070203842509587,46.75773335377947],[0.070012075950735,46.75761853677624],[0.069887391693231,46.757354059345815],[0.069332131163329,46.75697858114608],[0.068803595504475,46.75627851307427],[0.068124144748672,46.755775517373884],[0.068012970671065,46.7554068637031],[0.067705408923094,46.75510617827211],[0.068223632450774,46.754929293722604],[0.069213637474966,46.755823149779964],[0.069574334973882,46.7559170505869],[0.070655007524701,46.75595813699629],[0.070845562884737,46.75602246498442],[0.076046393729372,46.75441603401769],[0.075590519585574,46.75188066792992],[0.076733226718326,46.7515962086696],[0.078060554587492,46.751388517874176],[0.079167350482177,46.75089408470052],[0.078708242769966,46.75070490490566],[0.082398907682573,46.749085902330634],[0.081754867871669,46.74811896137218],[0.082450602978944,46.74780776971335],[0.08140091391182,46.745999778171615],[0.082147479878164,46.74569348498008],[0.08349238244352,46.74466805695595],[0.08329733304254,46.74451713715418],[0.083657525234538,46.74408298544346],[0.084222143950477,46.744356818989104],[0.084053344124107,46.74510758566558],[0.08919914668906,46.744035298768885],[0.087967540945657,46.742341691436245],[0.087674040402466,46.74175399144984],[0.094038231222406,46.740242968191986],[0.092474228212638,46.73956635143253],[0.091277089422632,46.738794489972946],[0.090897131925005,46.73871908829062],[0.089739741727382,46.73818428345545],[0.089159966775358,46.737607349384525],[0.088817727728607,46.73707337761889],[0.085192072855592,46.73503697683902],[0.08473551930639,46.73397299146182],[0.081308800227583,46.73489596131312],[0.080609808327768,46.732810340733906],[0.07969646025404,46.73266366831182],[0.078412912863226,46.72912151884089],[0.075481191938839,46.72964063515466],[0.074670799090626,46.72960286510571],[0.072142405600854,46.73005288562761],[0.06791831426434,46.731448878001736],[0.064241183109265,46.73256497431569],[0.063656334254749,46.733492492275595],[0.063422760979398,46.73369195203146],[0.062284218750226,46.73405026332918],[0.06076602993733,46.73478808882753],[0.055930723375664,46.73683296630231],[0.053631520130165,46.7362144369946],[0.05146977588533,46.73540656960136],[0.050341831500659,46.73486850778252],[0.048754367830118,46.73367167742959],[0.047006872634202,46.73267163743333],[0.045773246748909,46.731669477761265],[0.042566241818224,46.729608212939226],[0.041920522761155,46.72909780393573],[0.041044133958641,46.72820390870912],[0.040625475461359,46.72838413569308],[0.038682587213319,46.72885753040472],[0.037592849739694,46.727720227568206],[0.036367248754153,46.72849592234779]]]]}},{"type":"Feature","properties":{"fid":2774,"ID":"COMMUNE_0000000009748400","NOM":"Maillé","NOM_M":"MAILLE","INSEE_COM":"86142","STATUT":"Commune simple","POPULATION":640,"INSEE_CAN":"19","INSEE_ARR":"3","INSEE_DEP":"86","INSEE_REG":"75","SIREN_EPCI":"200069763"},"geometry":{"type":"MultiPolygon","coordinates":[[[[0.063587432610942,46.681025250676996],[0.066553348096728,46.683075332932624],[0.069448763247915,46.68493160945776],[0.073319221767643,46.68828137963395],[0.077215969090233,46.69129739126333],[0.080456356663978,46.69393704237637],[0.083281945565212,46.69603984529781],[0.084893509985192,46.695146443703244],[0.086881379668327,46.694389622854494],[0.088768441114472,46.69380230663835],[0.091909533682325,46.692488997020966],[0.094355895241547,46.691847292456565],[0.095470998251654,46.691441240610956],[0.096345073748796,46.691257036246064],[0.09859564782782,46.68996425309795],[0.101626143277112,46.68862896875791],[0.103832589977973,46.687496255932565],[0.105985396108962,46.68665588227996],[0.109771498335507,46.69025632033982],[0.111962112484328,46.691684650536715],[0.11285698763835,46.69256134322999],[0.125769281055232,46.68704705614787],[0.125446049400706,46.68615325918801],[0.12521615598253,46.684510354826045],[0.125590119500889,46.6819464315208],[0.125734758268389,46.681192303498165],[0.125670047892986,46.6806338546133],[0.125188084112319,46.678708017733335],[0.124842006172504,46.67644139622999],[0.124538930632416,46.675860750598574],[0.120052149373982,46.675058873424845],[0.119807419275836,46.674959020746094],[0.1169790397744,46.67016569806699],[0.116753067194198,46.6702555240188],[0.115651207095972,46.66891952815706],[0.115211685078212,46.66879133756719],[0.115104510147418,46.668665200982446],[0.114471801591346,46.667097719528925],[0.114169667864294,46.6669459514956],[0.112908042033843,46.666771826997895],[0.112992813201342,46.665471983632216],[0.113272224698375,46.66481947054139],[0.114277852003989,46.664120365095954],[0.115140279676477,46.6632338394231],[0.115550247460436,46.66298105654952],[0.114584780041957,46.66297388030558],[0.113755186635859,46.662749366112365],[0.11340629144342,46.66219726460003],[0.111956617249505,46.66268244618444],[0.111597618692886,46.662197660980674],[0.108312713920379,46.65892701985484],[0.106281049173772,46.6568502426123],[0.100484214735822,46.6588076633145],[0.097778378071806,46.660588104560304],[0.094756880635735,46.66244338150256],[0.092846139017847,46.663519430880186],[0.092047807779032,46.6638370707125],[0.092848170566768,46.666465855444734],[0.092329611138797,46.6664707257777],[0.088298052711991,46.66496279625509],[0.085868894207522,46.664401902903364],[0.081927710425454,46.666042456050185],[0.081725970722289,46.66582647865471],[0.077747031239564,46.66692350787928],[0.077264136560119,46.66604620225828],[0.073588581303106,46.667000350038776],[0.073478529641235,46.66884917627756],[0.07320651580347,46.66942790813743],[0.070983632306683,46.67123088870439],[0.070196432972945,46.67238122708188],[0.069329234181627,46.674116092768784],[0.068886049879284,46.674663409341555],[0.066942616827279,46.67647256042447],[0.065038899752712,46.678077260405956],[0.063936559977169,46.679991685740404],[0.063587432610942,46.681025250676996]]]]}},{"type":"Feature","properties":{"fid":2840,"ID":"COMMUNE_0000000009748397","NOM":"Villiers","NOM_M":"VILLIERS","INSEE_COM":"86292","STATUT":"Commune simple","POPULATION":955,"INSEE_CAN":"11","INSEE_ARR":"3","INSEE_DEP":"86","INSEE_REG":"75","SIREN_EPCI":"200069763"},"geometry":{"type":"MultiPolygon","coordinates":[[[[0.19886217162008,46.65677490884106],[0.193107257434674,46.65142820402809],[0.192850870247382,46.65107233992312],[0.189658887433143,46.65209964024012],[0.187433686528705,46.653254195212874],[0.186529794922735,46.65223821486203],[0.183356540274148,46.65360728139301],[0.183202567320295,46.653523309069044],[0.17040105567486,46.65549745096731],[0.169208993200895,46.65562299094965],[0.169156980316757,46.65634521077322],[0.161791057634833,46.6567982766458],[0.156390239649908,46.657280715571375],[0.155995144752076,46.65615366540521],[0.148791226633428,46.66424146497559],[0.150612688263112,46.66519586621269],[0.15174770133248,46.66623860315683],[0.154269608653843,46.66826541896063],[0.149872588314319,46.66927525124744],[0.147882420677936,46.67008622488434],[0.148467783514289,46.671302727863456],[0.148863043258967,46.672625323903],[0.148994650118521,46.67358456417765],[0.149010380447868,46.6753302043937],[0.149426655874843,46.67647762263664],[0.147477249152903,46.677155357957986],[0.147009326669167,46.67741582132136],[0.148740293735103,46.67992762825806],[0.150719647193576,46.67945424090289],[0.154697140225478,46.686044716767455],[0.157519089445608,46.68531009556526],[0.16314582203201,46.691284269344],[0.163882038080625,46.69195479656646],[0.16548351909975,46.690071656525426],[0.169273256473713,46.69252495056765],[0.173766989208338,46.690414811225594],[0.177318691025749,46.68888949381329],[0.177789367770106,46.68865060023232],[0.178157134041882,46.68797309313521],[0.17808052764607,46.68743151440951],[0.177627818152189,46.686594165706396],[0.177102850636091,46.6861397600334],[0.175084181938711,46.684751181713864],[0.176210402794819,46.684796034671535],[0.17720882155923,46.6847052852047],[0.178969039571822,46.68426476183913],[0.180574990937898,46.68341587469283],[0.18388392964699,46.681964587386524],[0.187275076484604,46.68023681908237],[0.190118235330095,46.679254161813866],[0.191752044551659,46.67829048128996],[0.188054076326879,46.673988637921866],[0.189415430893984,46.67333005335834],[0.190067181996746,46.673483877908446],[0.189872901608718,46.673140344731245],[0.192091569167092,46.67192430153234],[0.189698509802651,46.66952760493346],[0.188938356335533,46.66904135664221],[0.192164425544057,46.66722201906053],[0.190639863798472,46.66521871083256],[0.194466526234625,46.66306624758989],[0.193162006337415,46.6617693258524],[0.193487777482676,46.66156827156703],[0.194835441412074,46.66012813636596],[0.197995859643043,46.65741055788091],[0.19886217162008,46.65677490884106]]]]}},{"type":"Feature","properties":{"fid":2854,"ID":"COMMUNE_0000000009748212","NOM":"Maisonneuve","NOM_M":"MAISONNEUVE","INSEE_COM":"86144","STATUT":"Commune simple","POPULATION":324,"INSEE_CAN":"11","INSEE_ARR":"3","INSEE_DEP":"86","INSEE_REG":"75","SIREN_EPCI":"200069763"},"geometry":{"type":"MultiPolygon","coordinates":[[[[0.032054608065367,46.72727800520851],[0.032865880841391,46.7275864136516],[0.033894656632467,46.72772743668079],[0.035865071240292,46.72828562656894],[0.036367248754153,46.72849592234779],[0.037592849739694,46.727720227568206],[0.038682587213319,46.72885753040472],[0.040625475461359,46.72838413569308],[0.041044133958641,46.72820390870912],[0.041920522761155,46.72909780393573],[0.042566241818224,46.729608212939226],[0.045773246748909,46.731669477761265],[0.047006872634202,46.73267163743333],[0.048754367830118,46.73367167742959],[0.050341831500659,46.73486850778252],[0.05146977588533,46.73540656960136],[0.053631520130165,46.7362144369946],[0.055930723375664,46.73683296630231],[0.06076602993733,46.73478808882753],[0.062284218750226,46.73405026332918],[0.063422760979398,46.73369195203146],[0.063656334254749,46.733492492275595],[0.064241183109265,46.73256497431569],[0.06791831426434,46.731448878001736],[0.072142405600854,46.73005288562761],[0.074670799090626,46.72960286510571],[0.075481191938839,46.72964063515466],[0.078412912863226,46.72912151884089],[0.080076852586661,46.72885751147123],[0.081620414102943,46.72832191487407],[0.08257441658835,46.72812541651515],[0.081938003433029,46.726801854062266],[0.081517279946702,46.725512604387625],[0.080790016780836,46.72427141938254],[0.078514481173547,46.720978836593744],[0.078145998771826,46.72064418534149],[0.077078425036087,46.71993492302604],[0.076580918913363,46.71946633108656],[0.073861983661293,46.71655789577515],[0.071910754604092,46.71426095597696],[0.071383484874503,46.713933040733735],[0.07015510810437,46.713391700105184],[0.069352207158342,46.71280715120809],[0.068216073323359,46.71167436411481],[0.065367517835622,46.709870660692644],[0.064101988098715,46.709122864754406],[0.062663250551165,46.70855082683779],[0.061734644384883,46.70794408013803],[0.063391135945808,46.705918612747254],[0.060869962593886,46.705672946242785],[0.059679550110554,46.70564514779731],[0.058669575561097,46.70596165414549],[0.05849485713254,46.703311727358404],[0.054846137950365,46.702727952803414],[0.055049011168191,46.70345489351707],[0.055603602693066,46.70438638621806],[0.043888406788922,46.70870297705784],[0.042884240432439,46.70878973160822],[0.042321505267539,46.708443642708076],[0.041900198231945,46.70831474469531],[0.041094222454025,46.70856247371835],[0.038045500222508,46.70979843654177],[0.03733161586126,46.709870110255],[0.036730492175387,46.70984377462145],[0.037135358938002,46.71065796297115],[0.035522634613126,46.7116930580698],[0.034960498909075,46.711408219542],[0.034254332557251,46.7108105962944],[0.031917373803211,46.712368450566586],[0.031755009390289,46.71231919820878],[0.030514586867607,46.71123918457069],[0.02959599177739,46.71079011287311],[0.029330660003728,46.71087515070825],[0.028692711673197,46.711282125567706],[0.029493619904496,46.711679501128984],[0.029373342198403,46.71198634810206],[0.028582591190512,46.71269572325102],[0.028019753749417,46.712519858929504],[0.027184948587177,46.7132677301716],[0.026810881095334,46.713137297675374],[0.026130840926496,46.71369003975519],[0.02618299471225,46.71429239162558],[0.025362290237157,46.71518838827991],[0.026613197361861,46.717703198581646],[0.030032512131248,46.71844680515537],[0.03093270311789,46.7187557307058],[0.032834601165286,46.720728654118915],[0.031520278941889,46.721139781780764],[0.030966535113205,46.72144262553231],[0.030723935215006,46.721805777994156],[0.030786846086242,46.72202095358984],[0.036645097301668,46.72508724364087],[0.036770773671185,46.725329264833874],[0.036026110422974,46.72545690653991],[0.035539583828307,46.72522448652073],[0.03155063301914,46.72408248106259],[0.031355460969842,46.72451263782087],[0.030962758013167,46.724769189007326],[0.030014777177931,46.72514022071842],[0.029442383323302,46.72571108718683],[0.030600273917477,46.72641322966826],[0.03098129178467,46.72675377009819],[0.032054608065367,46.72727800520851]]]]}},{"type":"Feature","properties":{"fid":2986,"ID":"COMMUNE_0000000009748401","NOM":"Frozes","NOM_M":"FROZES","INSEE_COM":"86102","STATUT":"Commune simple","POPULATION":612,"INSEE_CAN":"19","INSEE_ARR":"3","INSEE_DEP":"86","INSEE_REG":"75","SIREN_EPCI":"200069763"},"geometry":{"type":"MultiPolygon","coordinates":[[[[0.148740293735103,46.67992762825806],[0.147009326669167,46.67741582132136],[0.147477249152903,46.677155357957986],[0.149426655874843,46.67647762263664],[0.149010380447868,46.6753302043937],[0.148994650118521,46.67358456417765],[0.148863043258967,46.672625323903],[0.148467783514289,46.671302727863456],[0.147882420677936,46.67008622488434],[0.149872588314319,46.66927525124744],[0.154269608653843,46.66826541896063],[0.15174770133248,46.66623860315683],[0.150612688263112,46.66519586621269],[0.148791226633428,46.66424146497559],[0.155995144752076,46.65615366540521],[0.152587270502136,46.64891865518351],[0.136693307579527,46.65097525342152],[0.126561884999046,46.652290382966825],[0.124997769258223,46.64745142187462],[0.124661919255073,46.64744389753019],[0.124058121168892,46.64804955180201],[0.123306489165822,46.64788832702208],[0.122987954572136,46.64770192901568],[0.122365366238589,46.647797124470976],[0.122022957151184,46.64828408918062],[0.120724531124351,46.64841726552645],[0.119946710885106,46.64793549736903],[0.119392650680585,46.64829279475691],[0.120210045044152,46.64894134926744],[0.119700223305051,46.649624128209645],[0.119983705355313,46.65064490285401],[0.120121932398885,46.65090066248318],[0.121286867564656,46.65185617784758],[0.122281516340181,46.65296418274846],[0.118803971805256,46.65352375584651],[0.118816436729653,46.65368355022086],[0.117736026874123,46.65448983412095],[0.118145374113548,46.65619675254629],[0.117871178979596,46.65682688174174],[0.113743613798156,46.65747267981304],[0.108312713920379,46.65892701985484],[0.111597618692886,46.662197660980674],[0.111956617249505,46.66268244618444],[0.11340629144342,46.66219726460003],[0.113755186635859,46.662749366112365],[0.114584780041957,46.66297388030558],[0.115550247460436,46.66298105654952],[0.115140279676477,46.6632338394231],[0.114277852003989,46.664120365095954],[0.113272224698375,46.66481947054139],[0.112992813201342,46.665471983632216],[0.112908042033843,46.666771826997895],[0.114169667864294,46.6669459514956],[0.114471801591346,46.667097719528925],[0.115104510147418,46.668665200982446],[0.115211685078212,46.66879133756719],[0.115651207095972,46.66891952815706],[0.116753067194198,46.6702555240188],[0.1169790397744,46.67016569806699],[0.119807419275836,46.674959020746094],[0.120052149373982,46.675058873424845],[0.124538930632416,46.675860750598574],[0.124842006172504,46.67644139622999],[0.125188084112319,46.678708017733335],[0.125670047892986,46.6806338546133],[0.125734758268389,46.681192303498165],[0.125590119500889,46.6819464315208],[0.129600358757563,46.68048091326811],[0.129259933787113,46.680159740454826],[0.143302178317338,46.680077010365764],[0.143181614000063,46.68047765836803],[0.143172512558695,46.68107389852935],[0.148740293735103,46.67992762825806]]]]}},{"type":"Feature","properties":{"fid":3235,"ID":"COMMUNE_0000000009748612","NOM":"Ayron","NOM_M":"AYRON","INSEE_COM":"86017","STATUT":"Commune simple","POPULATION":1087,"INSEE_CAN":"19","INSEE_ARR":"3","INSEE_DEP":"86","INSEE_REG":"75","SIREN_EPCI":"200069763"},"geometry":{"type":"MultiPolygon","coordinates":[[[[0.022726300685892,46.61431920175964],[0.022283156026296,46.61455547619431],[0.02171499778012,46.6144956501345],[0.021122300993799,46.614549619123764],[0.020956493766666,46.614473220895626],[0.020613148238743,46.614582330448215],[0.02049681823894,46.61427113771204],[0.020269027607968,46.6141327541576],[0.019253916550326,46.61397298179992],[0.018574277177051,46.61406251988554],[0.018458787141793,46.61392705580627],[0.018116659713016,46.61384696429322],[0.01799872076688,46.613517705208466],[0.017144132411922,46.61310168267782],[0.01681817757704,46.61270302814387],[0.01638681298071,46.61277198724065],[0.016286517539371,46.613027081626264],[0.016037897914532,46.61314945808859],[0.015188018414688,46.6132913082061],[0.014983869099016,46.6131751555596],[0.014778312709743,46.612894069178964],[0.014596619132011,46.61289293756991],[0.014344474287677,46.61300800995657],[0.014057340729044,46.61297439333685],[0.013847957746736,46.612786917183364],[0.013296760689996,46.6125139359925],[0.013118933551385,46.6120614639864],[0.012385444313894,46.61206035414027],[0.011318959441534,46.6113612270259],[0.010366431177642,46.6110633400054],[0.010226377183542,46.611065991487955],[0.010153663732718,46.611247011901064],[0.010027912078231,46.61129869468795],[0.009244833248806,46.61101062828387],[0.008547822362124,46.610893305974535],[0.008258657787566,46.611063264977496],[0.007941278880815,46.61105677598415],[0.007379174453234,46.61122050299748],[0.006763283750539,46.611126014258794],[0.00616713256923,46.61136183298161],[0.00553186576067,46.61147678251383],[0.005125377388694,46.61130756378737],[0.004619104498986,46.61133577343554],[0.004069760293272,46.610626672059254],[0.00374347455969,46.61052081957131],[0.00353529700454,46.610620799368434],[0.003187099823793,46.610983834719065],[0.002165719039345,46.610749855367004],[0.002006938617054,46.610831301706135],[0.001795661207074,46.611177192328405],[0.001387871354437,46.61136385282362],[0.000771738608687,46.6113450161254],[0.000642419741824,46.6111055462264],[0.00048221869669,46.611094141962994],[0.000307322046688,46.61149144346653],[2.1587366378e-05,46.611574968444096],[-0.000192683588694,46.611974842222935],[-0.000656102655444,46.61165272955755],[-0.000750712588934,46.61173224916345],[-0.000650192909485,46.61201962459909],[-0.000708606414043,46.612082972033676],[-0.000864744026073,46.61206896917553],[-0.001115705324421,46.61187767153078],[-0.001751440475263,46.61200067869755],[-0.001941693497059,46.612202039910656],[-0.001860119233564,46.61247720587867],[-0.002034443046169,46.61269790719987],[-0.001602269951074,46.61292279072031],[-0.00179476651137,46.6132358275595],[-0.002037685761169,46.61346734619726],[-0.002495223175375,46.61365449179197],[-0.002807920968745,46.61427344710724],[-0.00323575934843,46.6142541196755],[-0.003459249299134,46.61432304908732],[-0.003382725811583,46.61464223672153],[-0.003668025119952,46.61490688199566],[-0.003793030542514,46.61489729610886],[-0.004083497069265,46.6145688926093],[-0.004253285622703,46.61449415472132],[-0.005082982822398,46.614576914288335],[-0.005301934168094,46.614776616324846],[-0.005800894674332,46.61483741177017],[-0.005594566143669,46.615150095715556],[-0.00624412958133,46.61514386134189],[-0.00655799829078,46.61545190305225],[-0.006807973486686,46.61550301033313],[-0.007680558719779,46.61503676660684],[-0.0082466948439,46.61524807073741],[-0.008496874965986,46.61509011739518],[-0.008682496230663,46.61518345975501],[-0.008989393056235,46.614987070944196],[-0.009187298565803,46.615018816018534],[-0.009444233588257,46.61521931478695],[-0.010827352666987,46.61471620253356],[-0.011490777296138,46.61458252079484],[-0.012203915632529,46.6148034566932],[-0.012356230596339,46.614578684685604],[-0.012481223812815,46.61459251782317],[-0.012873161278349,46.614916511464315],[-0.013356032812946,46.614922731210456],[-0.013636574019817,46.615029787985016],[-0.013030867462391,46.61561521020118],[-0.012704456817863,46.616143723052836],[-0.0125348670161,46.617189838933655],[-0.012325338570986,46.617538663215065],[-0.011531089014662,46.61826239501156],[-0.010352931111502,46.61859522825365],[-0.011592888074049,46.61923664531065],[-0.010016705181422,46.62079009453662],[-0.008943675941734,46.62108590772508],[-0.008348079123247,46.621407018443406],[-0.007661046766181,46.62165934111974],[-0.007409702919218,46.62186778274913],[-0.007039076325591,46.62301738185032],[-0.006997973150166,46.62352757227198],[-0.007170734412548,46.624830507387266],[-0.007589017417883,46.62567735662981],[-0.007554729345532,46.6259323619399],[-0.005924798251592,46.62765475668776],[-0.00592739640263,46.627772730118515],[-0.005033923334138,46.627651996923724],[-0.004105850546017,46.62778086228165],[-0.003313089705779,46.628607212835604],[-0.002335101483359,46.62892209304305],[-0.002277268363571,46.629438124769926],[-0.001520756598314,46.62957148299594],[-0.001263775096793,46.62970256417547],[-0.001269656084393,46.629856494540256],[-0.002346561217024,46.6299823627643],[-0.002431762541441,46.63088571424931],[-0.002036850649165,46.63098256625865],[-0.001658447009188,46.63118891593289],[-0.001207722164718,46.63183868706072],[8.100721563e-05,46.63316097882885],[-0.001071831070437,46.63390301169357],[-0.001223691829507,46.635990434853504],[-0.00118061664884,46.63641867374366],[-0.000167378503653,46.6389420916686],[0.000390644101536,46.63897652440716],[0.000542658241716,46.63939860291232],[0.000937982773436,46.64001086882549],[0.001075721444186,46.64078669537386],[0.000874232131323,46.641901458782755],[0.000930931751451,46.642984232895714],[0.000720630443006,46.64333375251289],[-0.00201836222579,46.64419825128479],[-0.005179329698514,46.644884021569325],[-0.00318389885995,46.64642040380108],[-0.001460699749298,46.64734409605288],[-0.000681207004458,46.64789524117083],[0.00073499696266,46.64935691040739],[0.002156772611912,46.65048170411905],[0.002551024609619,46.65056950799317],[0.002648805619615,46.65076579588457],[0.003261023438171,46.65136209573304],[0.005058148677238,46.652872410269],[0.005336534244947,46.653163521596056],[0.005563968750232,46.653595670265226],[0.006222726834253,46.65548620423851],[0.00671480005526,46.65586579098805],[0.006959063929084,46.65587397161271],[0.007825802860055,46.65622278780402],[0.008383946657123,46.65630583764872],[0.009432651127752,46.65660622719806],[0.009521007860565,46.65654635865685],[0.009535713430182,46.65627912490381],[0.009825223935287,46.656059608372594],[0.009937112410666,46.65583365570722],[0.009752390282821,46.65538551104731],[0.010107093081351,46.65524158225916],[0.010154949256789,46.654895018044925],[0.01006592486816,46.65463408909569],[0.010101791035354,46.65455302741292],[0.010504004564579,46.65437789838483],[0.010492719068367,46.654226224493186],[0.010641347576028,46.65406971069378],[0.010553895958219,46.65370880448472],[0.01072196462594,46.65348431640975],[0.012270602234003,46.653235452019345],[0.013563552213771,46.653186249711325],[0.013774099478739,46.653212460016434],[0.014113488785683,46.65344206339352],[0.01463246520255,46.65330870798806],[0.014809993992481,46.65338812037516],[0.015394961994769,46.653101496795436],[0.015639235278132,46.652704179423964],[0.015977100701046,46.652699460182816],[0.016233840184515,46.65257548940606],[0.016662888950349,46.652173068375724],[0.018849454240162,46.65253091761438],[0.020042715335214,46.65291516532083],[0.020761322172956,46.652911319651544],[0.021028951487567,46.65258848620886],[0.020975405593997,46.65232398364778],[0.021217612222011,46.65201130183009],[0.021236081655183,46.65160269852212],[0.021097258520066,46.65129453063696],[0.021294146260548,46.65099689000157],[0.021346389444963,46.650688281487376],[0.021576876176435,46.65042214982018],[0.022324907644855,46.65014333415723],[0.024420244798094,46.64970487132601],[0.026016359855101,46.64968502707879],[0.026234787215891,46.64939965144887],[0.027196478124277,46.64918491760409],[0.028610879676645,46.64853949243876],[0.028918737095884,46.64850872802329],[0.029124901706118,46.648112198821906],[0.028809114249255,46.64780936518557],[0.028840087445866,46.647697535403935],[0.029366770897675,46.64744537514222],[0.029483913044979,46.64724116722025],[0.029360734480985,46.64554487869308],[0.029800326627946,46.644132594350424],[0.030186073798754,46.64375333269152],[0.031298593551535,46.64345777600914],[0.032229862757069,46.64425320571618],[0.03263328278489,46.64443665608415],[0.03342653846825,46.64510055069885],[0.034228490274019,46.645869187252096],[0.034712821922274,46.646512462011124],[0.035237818728429,46.6467702318014],[0.03620149390079,46.64709340805345],[0.033611810259322,46.648226619211826],[0.035592798205737,46.64992951689734],[0.036139159588584,46.650659988618315],[0.036716067969333,46.65205442566023],[0.036754972339396,46.65258885770816],[0.037016891943108,46.65325700518344],[0.037166087861767,46.65407271460798],[0.03810825770911,46.6540727364392],[0.038426332417632,46.65455130692453],[0.038859737072773,46.6549067079143],[0.041090006089393,46.656244702340175],[0.041964663648182,46.6565961622198],[0.043399250561229,46.656999002115555],[0.046232454926696,46.65827494998607],[0.04661536454874,46.6586218097224],[0.047392364202858,46.65988077238004],[0.047563561481235,46.65998159431485],[0.049199409516864,46.66188618665381],[0.049880394573851,46.66243262987843],[0.050790563657977,46.662542549396534],[0.051311870647979,46.66280014381956],[0.05128858778894,46.663108604931125],[0.051517280583353,46.66410383912562],[0.051363062359681,46.66532980474738],[0.051388469377122,46.66638108121482],[0.051740881251763,46.668497696628336],[0.052055257183205,46.669361775946385],[0.051958937362312,46.66942417480514],[0.052336578495656,46.67054577712864],[0.053730453396939,46.67267293290496],[0.054973695357889,46.674489843717325],[0.063587432610942,46.681025250676996],[0.063936559977169,46.679991685740404],[0.065038899752712,46.678077260405956],[0.066942616827279,46.67647256042447],[0.068886049879284,46.674663409341555],[0.069329234181627,46.674116092768784],[0.070196432972945,46.67238122708188],[0.070983632306683,46.67123088870439],[0.07320651580347,46.66942790813743],[0.073478529641235,46.66884917627756],[0.073588581303106,46.667000350038776],[0.077264136560119,46.66604620225828],[0.077747031239564,46.66692350787928],[0.081725970722289,46.66582647865471],[0.081927710425454,46.666042456050185],[0.085868894207522,46.664401902903364],[0.088298052711991,46.66496279625509],[0.092329611138797,46.6664707257777],[0.092848170566768,46.666465855444734],[0.092047807779032,46.6638370707125],[0.092846139017847,46.663519430880186],[0.094756880635735,46.66244338150256],[0.097778378071806,46.660588104560304],[0.100484214735822,46.6588076633145],[0.106281049173772,46.6568502426123],[0.106011927378482,46.65556398914682],[0.101706563955558,46.65625442290757],[0.101495195439443,46.65560484215449],[0.100699797626687,46.654398970728025],[0.099582826500553,46.6517901595778],[0.099223828116335,46.65133326187009],[0.098944374623743,46.65117571669896],[0.098628297844272,46.651165012947914],[0.098208463513076,46.65128413319317],[0.098063901190063,46.65102638212872],[0.09807722872318,46.65070324904475],[0.098309616638462,46.649953166662826],[0.098536091689812,46.64968138224758],[0.098445381184609,46.648660018361525],[0.097929836879029,46.64851361257712],[0.097656764450971,46.647281293090174],[0.098674069290922,46.64704755349631],[0.097769938071865,46.645357750290124],[0.096594146975197,46.64549736286476],[0.095775533097711,46.6428942565736],[0.096885479572451,46.64293319249719],[0.096838543224373,46.64214630161931],[0.094443669968556,46.64252801398991],[0.092693915450136,46.64271069771869],[0.09060970235314,46.639706906639624],[0.09168556603651,46.63886561722522],[0.089760961408011,46.63742915560497],[0.088482567153127,46.636727208389594],[0.086906947998282,46.63551851394323],[0.086409610853754,46.63540134816567],[0.085654515577882,46.635090208107904],[0.083565568987365,46.63406483378038],[0.079302664147276,46.63401481670148],[0.078285800018414,46.633878063270956],[0.07526973896099,46.633264092281344],[0.07403072615631,46.63339104224529],[0.067319531738995,46.63495938564414],[0.066829863150003,46.63496757569355],[0.065888805432462,46.63565621101883],[0.06200504723593,46.63742276815077],[0.060540560973465,46.63828175433294],[0.06046612010376,46.638206859630245],[0.059509985686903,46.63825260968003],[0.058514229132803,46.63813604652324],[0.056210743384808,46.63740741030218],[0.054193316548661,46.63666355433282],[0.052705652828119,46.63565576447915],[0.052538961755962,46.635690222027094],[0.052098443102572,46.636118603979],[0.05157232792179,46.63602667549528],[0.049236804036387,46.635867437959625],[0.041674530752847,46.63437671812667],[0.040050101381325,46.634156355274044],[0.038454214187342,46.633340204639396],[0.036089164657498,46.631853568891195],[0.035482086093018,46.63137651873253],[0.034969037099147,46.63049461815991],[0.034871144018828,46.62996316078987],[0.034919407162949,46.62929401904032],[0.03459695089285,46.628707190635886],[0.034248163136403,46.62771600296064],[0.033866958358495,46.627055565899695],[0.033055458470971,46.6260596009467],[0.031785563068672,46.625003996677044],[0.028091672069406,46.62254743243198],[0.026313044579503,46.62104064326977],[0.025646396152867,46.619887087698224],[0.024622129847254,46.619008075270585],[0.0243912211429,46.61871103160952],[0.024093595088795,46.61678942729909],[0.023703394928862,46.61598634693674],[0.023030218163251,46.61509751706741],[0.022621159514657,46.61490216479121],[0.022726300685892,46.61431920175964]]]]}},{"type":"Feature","properties":{"fid":3332,"ID":"COMMUNE_0000000009748001","NOM":"Coussay","NOM_M":"COUSSAY","INSEE_COM":"86085","STATUT":"Commune simple","POPULATION":260,"INSEE_CAN":"08","INSEE_ARR":"3","INSEE_DEP":"86","INSEE_REG":"75","SIREN_EPCI":"200069763"},"geometry":{"type":"MultiPolygon","coordinates":[[[[0.236809407649587,46.82930814563548],[0.236039917292685,46.82856710320579],[0.235644129057488,46.82796297167694],[0.234664180390286,46.826999733724094],[0.23273136955223,46.82572706199814],[0.231190669576443,46.824360189115566],[0.230696119417976,46.82456000101211],[0.229862872401128,46.82329753460034],[0.228234466736168,46.82233933417398],[0.227692520056717,46.822183019604104],[0.226365859587877,46.82138252280767],[0.224942279429827,46.819476915999104],[0.219269950348799,46.82205802714529],[0.216693697816539,46.81988207642864],[0.213098050057533,46.822041045028364],[0.212635478874885,46.823531712403245],[0.211626765233983,46.8231621936035],[0.209608737273868,46.8227159221447],[0.208941849424233,46.82248891485706],[0.204598615483933,46.82310056722732],[0.191760333738552,46.82447163312483],[0.191588566935985,46.82477196120583],[0.190812631398694,46.82553503772841],[0.189491642769918,46.82541806959524],[0.188405103339778,46.82543745744795],[0.187895672277836,46.82554122408696],[0.185600701963281,46.825424714508884],[0.182730158215074,46.82582562481713],[0.182108622432647,46.82576264506091],[0.181218389507565,46.825893989739185],[0.18093227236778,46.825943736393015],[0.180657811614674,46.82614783224044],[0.180206462730648,46.826270107572626],[0.180095405122656,46.826260176581414],[0.179493032398574,46.82567779862602],[0.17813855060706,46.82625451885759],[0.177766276760538,46.82634538962592],[0.177298540548673,46.826353730475134],[0.176240088600031,46.826689930886054],[0.17247558224049,46.827465958091295],[0.17224095429767,46.826931323649276],[0.171564316977817,46.82709397471083],[0.171433113758911,46.826891634688394],[0.171533513155702,46.826804007865384],[0.171239525650151,46.826803083206194],[0.171483295643049,46.826684746495616],[0.171492747645616,46.82645343141116],[0.171258107394764,46.82632152486639],[0.170707548096924,46.82655844824394],[0.169904190232093,46.82615667112979],[0.169448782838739,46.82653197591007],[0.168363658781778,46.82717647941827],[0.168056415225446,46.827579753333104],[0.166529619673888,46.827908836669046],[0.166033195536912,46.82781281422765],[0.162902534468901,46.82663283697272],[0.163294218869052,46.82554512221844],[0.161520211469838,46.8244048683014],[0.160015178494088,46.8221161861413],[0.159030395890718,46.82209816576343],[0.158981266257868,46.822259126400866],[0.157424772896296,46.82230534962878],[0.1571195763384,46.82219329183246],[0.154027876380318,46.82240512200572],[0.151198589314123,46.822144053873146],[0.150920398973148,46.82274171394978],[0.150312400104881,46.823370843147025],[0.150991287478986,46.824413873318065],[0.150453458985683,46.826852992960475],[0.149233222309803,46.827715612765175],[0.148620218472846,46.82828874969274],[0.148568161911591,46.830300230541575],[0.148707560971453,46.83091905047192],[0.148740335468469,46.83249115719525],[0.148661929590717,46.83275860371641],[0.148057997994052,46.83363198678391],[0.147780567724968,46.83428822171255],[0.148429615855795,46.83432864224632],[0.149417455310258,46.8342179848758],[0.150570522673394,46.83431052721373],[0.152928075083599,46.83496625458982],[0.153756844586522,46.835409321614186],[0.154540613972538,46.83568458989672],[0.155150028589656,46.83580507852262],[0.155508159428086,46.83573555207351],[0.157264220650113,46.83607178327491],[0.158336171997521,46.836310000010066],[0.159463992297925,46.83668473118498],[0.159608175134061,46.83681442715557],[0.159435085475395,46.83718585518831],[0.161321028214297,46.83842709582211],[0.160322550691307,46.84061792145939],[0.16287147360051,46.840184388975175],[0.162660633189275,46.84087563308756],[0.165329098809403,46.84049094417406],[0.166478363819584,46.841211199695216],[0.168101452384115,46.84203590798547],[0.16876752737752,46.842229793543645],[0.169176391305005,46.84222003519077],[0.170037002819975,46.84273673943927],[0.170945323148402,46.844175390585725],[0.17434993277103,46.84287069505823],[0.176432463758979,46.84526251875455],[0.178498326038742,46.84843141419323],[0.180721560242259,46.848607548116306],[0.182092516028126,46.84898620232007],[0.182825150953091,46.849342002789065],[0.183906924492972,46.85020637377715],[0.184522100310937,46.851154816727245],[0.185625351962538,46.85211249316995],[0.186371276440724,46.85309835885666],[0.187206800911725,46.8537251282796],[0.18833469638836,46.854311285923565],[0.188963564788701,46.8548212733733],[0.192052558049066,46.852439815685266],[0.193740391772477,46.853397260546025],[0.194181883057784,46.85354497210139],[0.194502848341639,46.853129353784766],[0.195409455858994,46.85365328478657],[0.197198931449056,46.85503389553885],[0.197172176419519,46.85517018754801],[0.197671714903922,46.855871578693],[0.197597126392776,46.85599319154758],[0.196150243109858,46.856339942935506],[0.196503342843546,46.856571981504146],[0.196911385755458,46.857087353365856],[0.197260854681542,46.857998613566025],[0.197637875586022,46.85858079743176],[0.203075044184973,46.859986120774195],[0.203443380595927,46.860000478894676],[0.204001907561644,46.85963835894628],[0.204894795985363,46.8585491904967],[0.206382714906047,46.857687086212486],[0.208579820095019,46.85603492785518],[0.2104435497858,46.855268380802926],[0.211803399922898,46.85497700367082],[0.212461398595405,46.85507853640349],[0.212701712644076,46.855155532545545],[0.212983303104666,46.85540020179098],[0.21416112621219,46.855685493318205],[0.214292095880778,46.855973360959524],[0.216052637301306,46.85593488751304],[0.216274237697746,46.8563249495474],[0.216289179305373,46.85682623242821],[0.216947916493185,46.85750165365923],[0.217647665836394,46.85804382272443],[0.220822840960884,46.85992332890415],[0.221149455120875,46.86021320958783],[0.222175642403719,46.86156236026638],[0.222400256653671,46.86286782979757],[0.222636427411441,46.863282553930986],[0.223918271503132,46.86264499188642],[0.225466036991862,46.861636337321535],[0.225470648382556,46.86154635522749],[0.225148153886894,46.86140614188423],[0.225152448045948,46.86127110548477],[0.225831964401508,46.86069827936958],[0.226519008644626,46.859901298678984],[0.226781462782063,46.859905822412514],[0.227388396869522,46.859467279223594],[0.227974284088951,46.859567884481756],[0.229609715333924,46.8580234327933],[0.231052526951119,46.85634008537445],[0.23151193728338,46.85547183074056],[0.231807945071985,46.855461835029644],[0.232842635626945,46.85513175687439],[0.235441155205456,46.85313559533091],[0.235896262671686,46.852092440766334],[0.235919392102909,46.851665054193205],[0.237025606286163,46.84951948098661],[0.237492673022081,46.84836939692684],[0.23704141662835,46.84781980312572],[0.237724719716125,46.846446074514844],[0.238259819019743,46.845892235847515],[0.238474176693346,46.84503609110744],[0.241052347999446,46.83814186015277],[0.243496661567577,46.833375072191664],[0.243867170614345,46.83318844928024],[0.244173631856563,46.833254353504664],[0.243525924907029,46.83300639116642],[0.240557751350216,46.83236222050035],[0.239219126647692,46.83155619200917],[0.237791397694359,46.830490339179036],[0.236809407649587,46.82930814563548]]]]}},{"type":"Feature","properties":{"fid":3592,"ID":"COMMUNE_0000000009748000","NOM":"Mirebeau","NOM_M":"MIREBEAU","INSEE_COM":"86160","STATUT":"Commune simple","POPULATION":2144,"INSEE_CAN":"11","INSEE_ARR":"3","INSEE_DEP":"86","INSEE_REG":"75","SIREN_EPCI":"200069763"},"geometry":{"type":"MultiPolygon","coordinates":[[[[0.224833323546324,46.78022087945438],[0.223620966540984,46.78058981161824],[0.221468988007886,46.781455863134816],[0.220747089632943,46.78156904204742],[0.220652711167827,46.781670368845596],[0.218486908156589,46.782497291026104],[0.213645203664115,46.78399179301833],[0.211646026107704,46.783972127611634],[0.210635852054997,46.78428276575369],[0.209522231126217,46.784513400750434],[0.207289498580203,46.7853862436506],[0.206436761328946,46.785415068291336],[0.205910049466694,46.78570948900579],[0.205173764013103,46.78533660523689],[0.204738813212637,46.785250344737754],[0.203665162786599,46.78528999187375],[0.202344873681013,46.785483094361865],[0.201633113055983,46.785804524144396],[0.201300439606371,46.78635411676812],[0.200485302133369,46.78560358112031],[0.199900401137931,46.78522083633106],[0.199841352940528,46.785068936817424],[0.199062028201525,46.784692260887276],[0.197618948783894,46.78464716474654],[0.197661210481239,46.783931029151866],[0.198104427057968,46.782994024949716],[0.198079767425152,46.78237986790188],[0.197092550195377,46.779632176623366],[0.195834259870594,46.777563490959544],[0.195928086404731,46.77752433659093],[0.195863723963329,46.77719661637956],[0.194529026346884,46.775567520971826],[0.193500937605994,46.77480632122828],[0.19261876617232,46.77446942890355],[0.191241302418942,46.77513761351751],[0.189575689658059,46.775696924432516],[0.189124239539442,46.77595617027205],[0.189478845677905,46.775288218750276],[0.18875044917709,46.773326106927],[0.188354281455633,46.77307585290437],[0.187756420582978,46.77239089777327],[0.185669509942514,46.7706838073184],[0.184406995133074,46.770097871678814],[0.183297165756587,46.76942556821073],[0.18262551576989,46.76890094884738],[0.182251428646224,46.76822685550648],[0.180976662920815,46.766743209527185],[0.180253236921632,46.766988537444966],[0.179341140932696,46.76710489375757],[0.178161605655013,46.76737144286999],[0.175189697565627,46.768542643768015],[0.174276730214692,46.768599474919384],[0.172656482393945,46.7690434308945],[0.171091618628607,46.76905355670879],[0.171100698852505,46.77053859009484],[0.16975264019818,46.77048916723319],[0.169343073912735,46.7706232320623],[0.168877036883118,46.77123612472704],[0.168162309557665,46.77178972778696],[0.167845831418277,46.77297842400928],[0.167610475579954,46.77311587689698],[0.167060137383936,46.773258175983834],[0.16677602432221,46.77327459482884],[0.166548073121633,46.77316986519777],[0.164854142861557,46.77439214552939],[0.163985788160876,46.775323947710184],[0.163596562961311,46.77604593327643],[0.162741052039814,46.77648070372859],[0.161703621301221,46.777534451363906],[0.161392360353969,46.77894580303468],[0.159973450187888,46.779293653781714],[0.157770141417471,46.779468018087634],[0.157132312253595,46.77975136311653],[0.157061938924207,46.77989287767667],[0.152699013187385,46.78098134230833],[0.152933501870362,46.78166108731061],[0.153364574514014,46.78234390016459],[0.153637891821679,46.783608440711134],[0.153986456836499,46.78373960824918],[0.15451511898139,46.78448790143077],[0.154945227317934,46.7854148484812],[0.156804441071645,46.786304183700516],[0.157539431542375,46.786445801502026],[0.159569700989657,46.78905388082762],[0.160177508311224,46.79079787716744],[0.160822717695006,46.79172831038964],[0.161185821602706,46.792084156263215],[0.162176057576426,46.79261406039252],[0.16728678106787,46.78988136003674],[0.17175724755386,46.79003291618799],[0.172312788057779,46.78994477764558],[0.173113338493058,46.78968607348047],[0.173794680843559,46.78965057594697],[0.174365165818399,46.78972857384429],[0.176411844226847,46.790301443487955],[0.176537146988977,46.79028830473683],[0.177619135735674,46.7890328039587],[0.179558481966971,46.78985345062711],[0.180382573225984,46.789948454116846],[0.181173447397072,46.79025346335384],[0.182549912023587,46.79097735970831],[0.183751079234117,46.79149062146118],[0.184629882259737,46.79202300209083],[0.185654132245967,46.792028268680006],[0.186315921146277,46.79279948258589],[0.186542313085129,46.793416780512175],[0.186836063754259,46.79377264487512],[0.188162824964037,46.79315641970895],[0.189240374984205,46.793044931606],[0.190783557317203,46.792225847610844],[0.191684530205561,46.79301548864562],[0.193432727881217,46.79391140629256],[0.194124572413032,46.794966207538266],[0.195066780960915,46.79597485849519],[0.195977921496557,46.79738186808082],[0.196604841438468,46.79804495158953],[0.197260465440028,46.79855917187496],[0.201897033014542,46.8010731937447],[0.203497185829014,46.801566218420156],[0.204687990456114,46.80157626404958],[0.204987905446822,46.80163761471918],[0.207460456209778,46.805138456505794],[0.20767154133136,46.80534539795122],[0.208278680764182,46.80547997154352],[0.208542594195364,46.80565485897679],[0.208760047132876,46.806680919201995],[0.209512948790549,46.80752717371688],[0.211343954635326,46.80833291011248],[0.211885364003874,46.80877669718674],[0.212406684678676,46.8094326187252],[0.21334366727366,46.80978868699269],[0.214884886005936,46.81074590566526],[0.216844531817499,46.81142673089398],[0.218562751190221,46.812389082978775],[0.219987093777652,46.81299293260041],[0.220678692913986,46.81376014250003],[0.221277135009272,46.81291510521223],[0.223504610309215,46.81295630781196],[0.223932160030963,46.81206478607113],[0.225295309484424,46.810635459898755],[0.226254683771639,46.81150459835882],[0.227771348720203,46.81330613013212],[0.228834972861263,46.8142939797033],[0.22995371139401,46.81510295765547],[0.23091610659196,46.814965773117514],[0.23250973512012,46.814186089510834],[0.233890575053844,46.81307512458375],[0.235757244200642,46.81198303399113],[0.235755393293493,46.811864966234424],[0.235962139689795,46.81172218279787],[0.23697544196598,46.810276205513375],[0.235946032775402,46.809310877099456],[0.234597938018269,46.808317150873485],[0.237289777209244,46.806555665682836],[0.237284148929335,46.806408676944955],[0.235120134707525,46.80554039418499],[0.235013721137332,46.8054144054707],[0.234391899561667,46.80536070624194],[0.232314624647777,46.804465624981155],[0.231692722487666,46.80431100311746],[0.230161615627682,46.80410384076906],[0.23150359706624,46.80279916803343],[0.232405270122573,46.80227941391554],[0.233607163627038,46.801249737027014],[0.234223289991415,46.800411370012924],[0.234251669683781,46.79990662317491],[0.234583983270082,46.799436217645265],[0.234530603372703,46.79911960279366],[0.2334331810532,46.79869497531713],[0.230740788974625,46.797159792845356],[0.229776809691569,46.79669239548014],[0.228417373432088,46.79626230304451],[0.22751438672448,46.795885550420806],[0.226093168440744,46.79443316416686],[0.230050116457305,46.79298708030319],[0.228866541006536,46.79109448521192],[0.228437904954325,46.79078052877371],[0.227675986368677,46.79062250366103],[0.226842895884234,46.7896762269496],[0.22679607872562,46.78897596013988],[0.22652364411908,46.788711713596165],[0.226470059043987,46.78852842839666],[0.226750909352975,46.788064009659266],[0.226768021878775,46.78754998011452],[0.227471307245481,46.78692997896835],[0.227551285722535,46.78657152859835],[0.226927677682429,46.785633907843795],[0.228229527136757,46.78472202297521],[0.228475348918577,46.784044131173104],[0.22876828765542,46.783752981977734],[0.23056676090974,46.78243771070253],[0.231693761418279,46.78214773459366],[0.231997912109084,46.78191901332828],[0.232187450834328,46.78159743555962],[0.230251051154262,46.78076154113089],[0.22970848002099,46.78059980372819],[0.227107816494422,46.78052175373946],[0.224833323546324,46.78022087945438]]]]}},{"type":"Feature","properties":{"fid":3705,"ID":"COMMUNE_0000000009748393","NOM":"Avanton","NOM_M":"AVANTON","INSEE_COM":"86016","STATUT":"Commune simple","POPULATION":2227,"INSEE_CAN":"11","INSEE_ARR":"3","INSEE_DEP":"86","INSEE_REG":"75","SIREN_EPCI":"200069763"},"geometry":{"type":"MultiPolygon","coordinates":[[[[0.284988555113884,46.65488827138878],[0.277512631628352,46.66506476315947],[0.276144708185811,46.66692518284395],[0.276275105846723,46.66706522597424],[0.277939988481863,46.67098067415569],[0.279278301856161,46.67433875961726],[0.280389513408773,46.67661479894674],[0.283379209483578,46.68373470250286],[0.288270222613291,46.68328735463746],[0.288029332719553,46.68239602632529],[0.288067762700068,46.682229358573736],[0.291204591239734,46.67983579285423],[0.29354399470217,46.67833508882895],[0.300868427609563,46.672632646967166],[0.303577394332795,46.67393247559511],[0.305926971015572,46.674721968796895],[0.307000751723583,46.675108468568816],[0.308148068731728,46.67580750916422],[0.3148149930835,46.67402228586356],[0.315532473295516,46.67377961356617],[0.316042573521875,46.67346901747807],[0.320320773130653,46.672417672661474],[0.321847460827258,46.670919042317124],[0.324133867324832,46.671638213367586],[0.325909311982726,46.670560668197695],[0.329577515778709,46.66870373865074],[0.331759585312134,46.66741664942283],[0.33343932389103,46.666123244723686],[0.335448166664071,46.66505549175995],[0.338269012479674,46.66293084530423],[0.339159811235189,46.66200284049131],[0.336436753909901,46.65906382674545],[0.336378668364499,46.65886066781815],[0.336881717131812,46.658394859495516],[0.336027241447671,46.65764795207367],[0.337692936454714,46.65628569430084],[0.338475976024776,46.655766019182025],[0.336254847336194,46.65407202316287],[0.336037275202764,46.65373271992697],[0.335381679081697,46.65296069586202],[0.33412075701458,46.65191331928352],[0.333633413196446,46.65139295451792],[0.331322273790483,46.65284463748936],[0.330175934290202,46.65311525316841],[0.328507185162635,46.651662800734066],[0.32704492828411,46.65053587161802],[0.325478259318908,46.649591178733594],[0.322002178443851,46.65200652595558],[0.319200330757078,46.65347894104601],[0.312397266989837,46.65598102785645],[0.309368655676491,46.65758393852432],[0.306867185417697,46.65459261831411],[0.304402031829024,46.65467342149194],[0.303884797309494,46.655103622800404],[0.302888101796249,46.65543965478768],[0.301851211744908,46.65539903671515],[0.300761314629437,46.653264255729695],[0.300587099120165,46.65326826174195],[0.300395572890061,46.6531466277954],[0.297782399880204,46.65023174291312],[0.296080906881457,46.646878815593546],[0.295542860668767,46.64517683411574],[0.293776364388196,46.64318817481088],[0.292658964464211,46.64429608569992],[0.292622816288584,46.64441776159016],[0.292358651676536,46.64459982047694],[0.291528003393138,46.64614785455528],[0.284988555113884,46.65488827138878]]]]}},{"type":"Feature","properties":{"fid":3726,"ID":"COMMUNE_0000000009748613","NOM":"Chalandray","NOM_M":"CHALANDRAY","INSEE_COM":"86050","STATUT":"Commune simple","POPULATION":794,"INSEE_CAN":"19","INSEE_ARR":"3","INSEE_DEP":"86","INSEE_REG":"75","SIREN_EPCI":"200069763"},"geometry":{"type":"MultiPolygon","coordinates":[[[[-0.065721042865378,46.6228162604464],[-0.066310966682479,46.62662116861087],[-0.067888627310976,46.62625453033936],[-0.067493320513173,46.62798803476965],[-0.06760069508881,46.629566603855146],[-0.067322921686099,46.630207519803214],[-0.066258501652082,46.63155883790112],[-0.063336931203198,46.63405555831577],[-0.062525112535992,46.63504054150982],[-0.061589380988827,46.635730563688156],[-0.059780109880232,46.63770545215308],[-0.059413678798754,46.638354118317345],[-0.054820299752812,46.642449620455224],[-0.054253885206298,46.642777400086004],[-0.053175351424944,46.643118822504384],[-0.049620231833473,46.64390643164056],[-0.049705689715912,46.644240266575316],[-0.049255157966631,46.64460548543427],[-0.049151102277383,46.64463979253601],[-0.049075910567492,46.64455889229326],[-0.048941363887797,46.64463275762395],[-0.048683438352505,46.64462970757606],[-0.048619506685483,46.64477288049713],[-0.048420124101519,46.644787195436045],[-0.048098538598786,46.645025529029866],[-0.047922910428095,46.64520681510376],[-0.047970738454373,46.645826398136734],[-0.047492885587433,46.64591479847675],[-0.047423380468746,46.64609866808097],[-0.047200798758209,46.64621271816376],[-0.046332220810211,46.64717385003872],[-0.045141357163933,46.64761459585268],[-0.044821698359776,46.64784115386732],[-0.044383615731204,46.64789244022027],[-0.043997434215442,46.64821627883078],[-0.043775430643732,46.648270834260444],[-0.0429842655866,46.64825580021589],[-0.042380475224635,46.64852593862654],[-0.041946961846871,46.64861223677216],[-0.041528001262035,46.648981991151345],[-0.041176592363365,46.64903907449119],[-0.041012396995974,46.649331780916],[-0.040697486366405,46.64957351919956],[-0.038982782470314,46.64998484268776],[-0.038148014815637,46.64977539411741],[-0.037207025336304,46.64977240107764],[-0.036742490914304,46.650006378810936],[-0.036306894512014,46.64996205220683],[-0.036132815571051,46.649820687345326],[-0.035679984530808,46.64984259452634],[-0.035390777274536,46.64995928633196],[-0.03532519591416,46.650190801042754],[-0.035007945075594,46.650250564791676],[-0.034748688085279,46.6501772330146],[-0.034429274684908,46.65029201884375],[-0.033990418325538,46.65000177247216],[-0.033556071253269,46.65021421269112],[-0.033312773944373,46.650708141076954],[-0.032666851857044,46.65085769435295],[-0.032326638449858,46.65074054374983],[-0.031649028456522,46.65123694726417],[-0.031592667905782,46.651587158971466],[-0.031696078993383,46.65177545418962],[-0.032821229353487,46.65294413360657],[-0.033229327105645,46.65369114922863],[-0.033388051945434,46.65461236584516],[-0.033628118952547,46.65499798543149],[-0.034019781816017,46.65671590506551],[-0.034427266483757,46.65768550187422],[-0.035264554557826,46.65772731090751],[-0.035588985732484,46.65767817059635],[-0.036211022012067,46.65873939731736],[-0.035417143197763,46.65881899321926],[-0.031646732914675,46.66158779033543],[-0.032016629818423,46.66230608458339],[-0.032450487458205,46.66278660140987],[-0.03338399283491,46.66326110550157],[-0.035138055209787,46.66396798688696],[-0.035705510900128,46.66405118019234],[-0.036317703750737,46.66402145102868],[-0.036654285334328,46.663954866265385],[-0.037639083106296,46.66349625364595],[-0.038004563771052,46.6634550305724],[-0.038949364506983,46.66354532788449],[-0.040392692972795,46.664054018418774],[-0.038878986079392,46.66507183488942],[-0.031540954551205,46.66945075053581],[-0.017952337584367,46.670179590430855],[-0.016577985462114,46.670228373716604],[-0.015705294981758,46.67014139995018],[-0.014879582146338,46.670264036237185],[-0.014562963381887,46.67040842404824],[-0.014989457606994,46.67151274220295],[-0.013227742928139,46.672838581925944],[-0.013252352211266,46.67363628788987],[-0.010979659817567,46.67342116364475],[-0.009054088521373,46.674225911501246],[-0.004594401595967,46.67657571375453],[-0.003689776053839,46.677735663600586],[-0.003535731161028,46.67814608122184],[-0.002857346661973,46.67875765294286],[-0.003129628558507,46.6788991989947],[-0.003427798037299,46.67922478571655],[-0.002090804968633,46.680759174463404],[-0.000795991166971,46.679906412624355],[-6.2480900709e-05,46.6793074719655],[-0.000542929290365,46.67880922553538],[-0.001354256446641,46.678233835716675],[-0.001308381775549,46.67818547761853],[-0.000753193981577,46.67787562259558],[0.00041968529871,46.67676375437361],[0.001420911741134,46.67667370322946],[0.002534726684416,46.67610902068401],[0.003071669132474,46.675725684700815],[0.003519765244595,46.67555267656172],[0.00724148762878,46.67621934746861],[0.007368990097393,46.67628124444167],[0.007251441729067,46.6765376834757],[0.010204132024734,46.67614615536849],[0.020426875549996,46.67538503621231],[0.022663988356644,46.67505298696829],[0.024858487022144,46.67444676837031],[0.025992855865808,46.67421849331343],[0.027619080783262,46.67366145786445],[0.031578748599856,46.67251517239476],[0.0330038323911,46.67372162730888],[0.034751734300785,46.6754184751045],[0.035897293665329,46.67496062340999],[0.038482241154227,46.677202555830725],[0.042101190624005,46.67526950015882],[0.043760630709212,46.67417156498107],[0.045837260440001,46.67245362168569],[0.049796187478965,46.67593988912356],[0.053730453396939,46.67267293290496],[0.052336578495656,46.67054577712864],[0.051958937362312,46.66942417480514],[0.052055257183205,46.669361775946385],[0.051740881251763,46.668497696628336],[0.051388469377122,46.66638108121482],[0.051363062359681,46.66532980474738],[0.051517280583353,46.66410383912562],[0.05128858778894,46.663108604931125],[0.051311870647979,46.66280014381956],[0.050790563657977,46.662542549396534],[0.049880394573851,46.66243262987843],[0.049199409516864,46.66188618665381],[0.047563561481235,46.65998159431485],[0.047392364202858,46.65988077238004],[0.04661536454874,46.6586218097224],[0.046232454926696,46.65827494998607],[0.043399250561229,46.656999002115555],[0.041964663648182,46.6565961622198],[0.041090006089393,46.656244702340175],[0.038859737072773,46.6549067079143],[0.038426332417632,46.65455130692453],[0.03810825770911,46.6540727364392],[0.037166087861767,46.65407271460798],[0.037016891943108,46.65325700518344],[0.036754972339396,46.65258885770816],[0.036716067969333,46.65205442566023],[0.036139159588584,46.650659988618315],[0.035592798205737,46.64992951689734],[0.033611810259322,46.648226619211826],[0.03620149390079,46.64709340805345],[0.035237818728429,46.6467702318014],[0.034712821922274,46.646512462011124],[0.034228490274019,46.645869187252096],[0.03342653846825,46.64510055069885],[0.03263328278489,46.64443665608415],[0.032229862757069,46.64425320571618],[0.031298593551535,46.64345777600914],[0.030186073798754,46.64375333269152],[0.029800326627946,46.644132594350424],[0.029360734480985,46.64554487869308],[0.029483913044979,46.64724116722025],[0.029366770897675,46.64744537514222],[0.028840087445866,46.647697535403935],[0.028809114249255,46.64780936518557],[0.029124901706118,46.648112198821906],[0.028918737095884,46.64850872802329],[0.028610879676645,46.64853949243876],[0.027196478124277,46.64918491760409],[0.026234787215891,46.64939965144887],[0.026016359855101,46.64968502707879],[0.024420244798094,46.64970487132601],[0.022324907644855,46.65014333415723],[0.021576876176435,46.65042214982018],[0.021346389444963,46.650688281487376],[0.021294146260548,46.65099689000157],[0.021097258520066,46.65129453063696],[0.021236081655183,46.65160269852212],[0.021217612222011,46.65201130183009],[0.020975405593997,46.65232398364778],[0.021028951487567,46.65258848620886],[0.020761322172956,46.652911319651544],[0.020042715335214,46.65291516532083],[0.018849454240162,46.65253091761438],[0.016662888950349,46.652173068375724],[0.016233840184515,46.65257548940606],[0.015977100701046,46.652699460182816],[0.015639235278132,46.652704179423964],[0.015394961994769,46.653101496795436],[0.014809993992481,46.65338812037516],[0.01463246520255,46.65330870798806],[0.014113488785683,46.65344206339352],[0.013774099478739,46.653212460016434],[0.013563552213771,46.653186249711325],[0.012270602234003,46.653235452019345],[0.01072196462594,46.65348431640975],[0.010553895958219,46.65370880448472],[0.010641347576028,46.65406971069378],[0.010492719068367,46.654226224493186],[0.010504004564579,46.65437789838483],[0.010101791035354,46.65455302741292],[0.01006592486816,46.65463408909569],[0.010154949256789,46.654895018044925],[0.010107093081351,46.65524158225916],[0.009752390282821,46.65538551104731],[0.009937112410666,46.65583365570722],[0.009825223935287,46.656059608372594],[0.009535713430182,46.65627912490381],[0.009521007860565,46.65654635865685],[0.009432651127752,46.65660622719806],[0.008383946657123,46.65630583764872],[0.007825802860055,46.65622278780402],[0.006959063929084,46.65587397161271],[0.00671480005526,46.65586579098805],[0.006222726834253,46.65548620423851],[0.005563968750232,46.653595670265226],[0.005336534244947,46.653163521596056],[0.005058148677238,46.652872410269],[0.003261023438171,46.65136209573304],[0.002648805619615,46.65076579588457],[0.002551024609619,46.65056950799317],[0.002156772611912,46.65048170411905],[0.00073499696266,46.64935691040739],[-0.000681207004458,46.64789524117083],[-0.001460699749298,46.64734409605288],[-0.00318389885995,46.64642040380108],[-0.005179329698514,46.644884021569325],[-0.007380235659397,46.64358730234576],[-0.009748015244298,46.641738298453724],[-0.01415576251045,46.64008790208228],[-0.016555693839867,46.63974451187887],[-0.017720758954048,46.63940386245573],[-0.019318917291543,46.63868775150912],[-0.019709083400143,46.63841074887067],[-0.021126990636267,46.63704156869557],[-0.022375662342942,46.63486495385166],[-0.022132576383494,46.634774949565035],[-0.022403096526902,46.63401720854567],[-0.023003480716741,46.6332165223359],[-0.023602274159101,46.63271683765935],[-0.024291369230611,46.631794858829984],[-0.02449442804939,46.63078929048793],[-0.024890528057526,46.630056160023905],[-0.024985141181496,46.629170594825645],[-0.026115174584738,46.62935701319696],[-0.02728573321054,46.62935492308969],[-0.027639976276546,46.62906892731797],[-0.028144243831439,46.62818875074125],[-0.028533337466172,46.62789462190598],[-0.02937784329161,46.62753438447711],[-0.029821593563178,46.627094630972934],[-0.035490341479002,46.62838361376769],[-0.035656212255893,46.62849636088189],[-0.037372210694241,46.627721892520896],[-0.038420547215923,46.6273354572506],[-0.039193250629663,46.62627689852028],[-0.039348432144501,46.62580060727572],[-0.039728766100305,46.62560849449805],[-0.041731144438741,46.62542017995438],[-0.043017266037237,46.62554461645401],[-0.043591616653307,46.62529056735806],[-0.045053184355295,46.625067902132066],[-0.045905432067091,46.62475509110205],[-0.046363680091246,46.62425000452048],[-0.046934397156354,46.62381491343734],[-0.048026678514819,46.624028251067905],[-0.048709849450549,46.62403620315149],[-0.050935632560502,46.62428782460118],[-0.05148813332382,46.624204624658105],[-0.053947096347889,46.623251509871416],[-0.054278099394003,46.62353283996647],[-0.058562353636069,46.62278144815751],[-0.059621077207007,46.62270000943476],[-0.06296622796699,46.62301791201954],[-0.065721042865378,46.6228162604464]]]]}},{"type":"Feature","properties":{"fid":3732,"ID":"COMMUNE_0000000009748396","NOM":"Yversay","NOM_M":"YVERSAY","INSEE_COM":"86300","STATUT":"Commune simple","POPULATION":636,"INSEE_CAN":"11","INSEE_ARR":"3","INSEE_DEP":"86","INSEE_REG":"75","SIREN_EPCI":"200069763"},"geometry":{"type":"MultiPolygon","coordinates":[[[[0.204585192995782,46.6539611766556],[0.19886217162008,46.65677490884106],[0.197995859643043,46.65741055788091],[0.194835441412074,46.66012813636596],[0.193487777482676,46.66156827156703],[0.193162006337415,46.6617693258524],[0.194466526234625,46.66306624758989],[0.190639863798472,46.66521871083256],[0.192164425544057,46.66722201906053],[0.188938356335533,46.66904135664221],[0.189698509802651,46.66952760493346],[0.192091569167092,46.67192430153234],[0.189872901608718,46.673140344731245],[0.190067181996746,46.673483877908446],[0.189415430893984,46.67333005335834],[0.188054076326879,46.673988637921866],[0.191752044551659,46.67829048128996],[0.192482609502639,46.67922557456854],[0.194016072160085,46.68157233440055],[0.195104949280317,46.68403793907179],[0.197803602958564,46.683395732669716],[0.199017909487358,46.68322988193987],[0.200076450988966,46.683799923404436],[0.201895115204204,46.68448220386102],[0.208074040086862,46.68375342688699],[0.20930959330481,46.685161095512484],[0.209786108042325,46.68684400530376],[0.213525179725539,46.685392430800526],[0.221191969952116,46.68316562782324],[0.220754607252086,46.68278382825259],[0.221555206291475,46.68238607496118],[0.222193770756163,46.68262228205005],[0.224424630888487,46.68177531903801],[0.223695059077831,46.6808864176508],[0.22213657524729,46.67836468950207],[0.223062664069066,46.677917710236756],[0.224313376130895,46.677573183969564],[0.22391343047922,46.67694633481338],[0.221911325259903,46.676369878034606],[0.222976963883286,46.674498233725174],[0.223447136749136,46.67474927873017],[0.222888105381026,46.67339418775519],[0.223344212017247,46.67310070317752],[0.223532279682477,46.672391683838605],[0.223286373608513,46.672209137935255],[0.221656151858331,46.669790168008085],[0.2207223006762,46.67010990761402],[0.219925712078623,46.66894905667268],[0.218922451613119,46.668272417900795],[0.217115736847029,46.66603469441396],[0.215704701938405,46.666523906311326],[0.213623242878457,46.66712114586326],[0.213486599563708,46.66657002827295],[0.212853456597811,46.665237403125055],[0.212035054359561,46.66412371210023],[0.210435974854565,46.662590984619904],[0.208195319490552,46.66109216410311],[0.207756274038298,46.66044267303233],[0.20633467066885,46.65884753131143],[0.205920429680672,46.65733459049603],[0.205584349070583,46.65552352388813],[0.204585192995782,46.6539611766556]]]]}},{"type":"Feature","properties":{"fid":3740,"ID":"COMMUNE_0000000009748611","NOM":"Chiré-en-Montreuil","NOM_M":"CHIRE-EN-MONTREUIL","INSEE_COM":"86074","STATUT":"Commune simple","POPULATION":923,"INSEE_CAN":"19","INSEE_ARR":"3","INSEE_DEP":"86","INSEE_REG":"75","SIREN_EPCI":"200069763"},"geometry":{"type":"MultiPolygon","coordinates":[[[[0.121833174609613,46.59039277239584],[0.121089907699026,46.58984157365804],[0.114745124463641,46.58665076222773],[0.112109364159681,46.58573462312831],[0.109514371976635,46.5857502241112],[0.108030388080203,46.58689400809305],[0.104788094389781,46.588806960571866],[0.104037870640537,46.5894214173674],[0.105939799768759,46.5916031746009],[0.10685961452247,46.59369881214245],[0.103848525590252,46.59614649902954],[0.10598485538714,46.59773498460456],[0.10739288457652,46.59891127744035],[0.109866924686025,46.60123354918065],[0.113181055576835,46.60388960100968],[0.111907643776469,46.60416204255913],[0.110876918477123,46.60429552647602],[0.108691700838237,46.60420973997681],[0.105651191252376,46.6049159346873],[0.104013661499878,46.60539623688272],[0.102525905132248,46.60566585866403],[0.10077963790885,46.605634277354476],[0.099940247576702,46.60588063274959],[0.098440293861007,46.60596157598074],[0.097941800383513,46.60584622609017],[0.097647003621793,46.605662151247984],[0.096948472432495,46.60542459167844],[0.0965433831789,46.60537197301527],[0.095725104845702,46.60546745819665],[0.094207199169746,46.60715715177828],[0.092455549341446,46.608399382310935],[0.091350265189496,46.60904439519606],[0.090357487187077,46.610665382785974],[0.089123504309098,46.61178375794701],[0.088617253121595,46.61239891750744],[0.087653208110941,46.61306550839789],[0.085693328584786,46.61533224126696],[0.085969855468161,46.61666291010846],[0.086685046049332,46.61888595535829],[0.086803967853283,46.62013241891245],[0.08672454362089,46.62090709773785],[0.08649579261596,46.62163743170053],[0.086787199670605,46.622325129839886],[0.086413520715551,46.62275803808327],[0.085841815433406,46.623249881885805],[0.085702850914872,46.62328058635163],[0.082978720013699,46.6226219698514],[0.082421412627099,46.622771767265995],[0.081889269780859,46.62359798618819],[0.081946095707108,46.62400129933859],[0.082248980261382,46.624303655440855],[0.081265266180317,46.625769824451154],[0.080798891202796,46.626295864795544],[0.079581574494788,46.626387381627374],[0.079709208214674,46.62683575113182],[0.080628708948643,46.627614260800456],[0.082613986400506,46.629664246669755],[0.082421968144301,46.63048831623638],[0.082376094820872,46.631318810301714],[0.082492988204156,46.63235798557547],[0.082908097101573,46.63337321671845],[0.083565568987365,46.63406483378038],[0.085654515577882,46.635090208107904],[0.086409610853754,46.63540134816567],[0.086906947998282,46.63551851394323],[0.088482567153127,46.636727208389594],[0.089760961408011,46.63742915560497],[0.09168556603651,46.63886561722522],[0.09060970235314,46.639706906639624],[0.092693915450136,46.64271069771869],[0.094443669968556,46.64252801398991],[0.096838543224373,46.64214630161931],[0.096885479572451,46.64293319249719],[0.095775533097711,46.6428942565736],[0.096594146975197,46.64549736286476],[0.097769938071865,46.645357750290124],[0.098674069290922,46.64704755349631],[0.097656764450971,46.647281293090174],[0.097929836879029,46.64851361257712],[0.098445381184609,46.648660018361525],[0.098536091689812,46.64968138224758],[0.098309616638462,46.649953166662826],[0.09807722872318,46.65070324904475],[0.098063901190063,46.65102638212872],[0.098208463513076,46.65128413319317],[0.098628297844272,46.651165012947914],[0.098944374623743,46.65117571669896],[0.099223828116335,46.65133326187009],[0.099582826500553,46.6517901595778],[0.100699797626687,46.654398970728025],[0.101495195439443,46.65560484215449],[0.101706563955558,46.65625442290757],[0.106011927378482,46.65556398914682],[0.106281049173772,46.6568502426123],[0.108312713920379,46.65892701985484],[0.113743613798156,46.65747267981304],[0.117871178979596,46.65682688174174],[0.118145374113548,46.65619675254629],[0.117736026874123,46.65448983412095],[0.118816436729653,46.65368355022086],[0.118803971805256,46.65352375584651],[0.122281516340181,46.65296418274846],[0.121286867564656,46.65185617784758],[0.120121932398885,46.65090066248318],[0.119983705355313,46.65064490285401],[0.119700223305051,46.649624128209645],[0.120210045044152,46.64894134926744],[0.119392650680585,46.64829279475691],[0.119946710885106,46.64793549736903],[0.120724531124351,46.64841726552645],[0.122022957151184,46.64828408918062],[0.122365366238589,46.647797124470976],[0.122987954572136,46.64770192901568],[0.123306489165822,46.64788832702208],[0.124058121168892,46.64804955180201],[0.124661919255073,46.64744389753019],[0.124997769258223,46.64745142187462],[0.126561884999046,46.652290382966825],[0.136693307579527,46.65097525342152],[0.137097430055309,46.65055646473032],[0.137377518416401,46.65005799059213],[0.138372820863034,46.647978072264976],[0.13875921274422,46.64685153817924],[0.141033361151334,46.643836729392476],[0.142215389828107,46.64200741674691],[0.142374248702892,46.64164826896027],[0.142405942612941,46.64084625448075],[0.142736045837289,46.64001654112386],[0.143088346098798,46.63859000693881],[0.143397284975762,46.638237302537],[0.144141712768224,46.63783688566368],[0.144475651127059,46.63748119756591],[0.144797948796999,46.63687383525395],[0.144929087822545,46.63542286391137],[0.145046195351751,46.63521043907788],[0.14485800350455,46.63483363050063],[0.143263505036323,46.633290091701845],[0.142965864072762,46.632806032549915],[0.141350528327614,46.63158631047168],[0.140857307473786,46.63096671750739],[0.14007493381013,46.62950375947372],[0.139846594160302,46.629543110395645],[0.138785123530939,46.62717125347221],[0.138538822573689,46.6268064961512],[0.137519100578281,46.62620256741978],[0.13393265660237,46.624422583862014],[0.131814172802516,46.623527107555745],[0.128808250365971,46.622672423008204],[0.128523495760664,46.6204866073721],[0.128648920320471,46.619324725722876],[0.128334005910461,46.61815631058378],[0.12817617111271,46.61691073997875],[0.128179870594003,46.61555298641847],[0.127640649539024,46.61486910191709],[0.126950003785675,46.61348762543276],[0.126206550282319,46.61132452850023],[0.125354763651632,46.609950709242135],[0.124439424548739,46.60901318661327],[0.124192614711855,46.60863666647407],[0.123979758445877,46.60714822704429],[0.124012548978946,46.606429127895105],[0.12420409557664,46.60555092901592],[0.126194435402522,46.60341229293405],[0.126888202152012,46.60193489384195],[0.126929838580011,46.601468304303246],[0.126699742002697,46.600528163421735],[0.126669459375975,46.59924523830023],[0.12745624970565,46.59617805064467],[0.127598116497162,46.596041048983096],[0.121833174609613,46.59039277239584]]]]}},{"type":"Feature","properties":{"fid":4060,"ID":"COMMUNE_0000000009748002","NOM":"Chouppes","NOM_M":"CHOUPPES","INSEE_COM":"86075","STATUT":"Commune simple","POPULATION":801,"INSEE_CAN":"08","INSEE_ARR":"3","INSEE_DEP":"86","INSEE_REG":"75","SIREN_EPCI":"200069763"},"geometry":{"type":"MultiPolygon","coordinates":[[[[0.147780567724968,46.83428822171255],[0.148057997994052,46.83363198678391],[0.148661929590717,46.83275860371641],[0.148740335468469,46.83249115719525],[0.148707560971453,46.83091905047192],[0.148568161911591,46.830300230541575],[0.148620218472846,46.82828874969274],[0.149233222309803,46.827715612765175],[0.150453458985683,46.826852992960475],[0.150991287478986,46.824413873318065],[0.150312400104881,46.823370843147025],[0.150920398973148,46.82274171394978],[0.151198589314123,46.822144053873146],[0.154027876380318,46.82240512200572],[0.1571195763384,46.82219329183246],[0.157424772896296,46.82230534962878],[0.158981266257868,46.822259126400866],[0.159030395890718,46.82209816576343],[0.160015178494088,46.8221161861413],[0.161520211469838,46.8244048683014],[0.163294218869052,46.82554512221844],[0.162902534468901,46.82663283697272],[0.166033195536912,46.82781281422765],[0.166529619673888,46.827908836669046],[0.168056415225446,46.827579753333104],[0.168363658781778,46.82717647941827],[0.169448782838739,46.82653197591007],[0.169904190232093,46.82615667112979],[0.170707548096924,46.82655844824394],[0.171258107394764,46.82632152486639],[0.171492747645616,46.82645343141116],[0.171483295643049,46.826684746495616],[0.171239525650151,46.826803083206194],[0.171533513155702,46.826804007865384],[0.171433113758911,46.826891634688394],[0.171564316977817,46.82709397471083],[0.17224095429767,46.826931323649276],[0.17247558224049,46.827465958091295],[0.176240088600031,46.826689930886054],[0.177298540548673,46.826353730475134],[0.177766276760538,46.82634538962592],[0.17813855060706,46.82625451885759],[0.179493032398574,46.82567779862602],[0.180095405122656,46.826260176581414],[0.180206462730648,46.826270107572626],[0.180657811614674,46.82614783224044],[0.18093227236778,46.825943736393015],[0.181218389507565,46.825893989739185],[0.182108622432647,46.82576264506091],[0.182730158215074,46.82582562481713],[0.185600701963281,46.825424714508884],[0.187895672277836,46.82554122408696],[0.188405103339778,46.82543745744795],[0.189491642769918,46.82541806959524],[0.190812631398694,46.82553503772841],[0.191588566935985,46.82477196120583],[0.191760333738552,46.82447163312483],[0.204598615483933,46.82310056722732],[0.208941849424233,46.82248891485706],[0.209608737273868,46.8227159221447],[0.211626765233983,46.8231621936035],[0.212635478874885,46.823531712403245],[0.213098050057533,46.822041045028364],[0.216693697816539,46.81988207642864],[0.219269950348799,46.82205802714529],[0.224942279429827,46.819476915999104],[0.226365859587877,46.82138252280767],[0.227692520056717,46.822183019604104],[0.228234466736168,46.82233933417398],[0.229862872401128,46.82329753460034],[0.230696119417976,46.82456000101211],[0.231190669576443,46.824360189115566],[0.23273136955223,46.82572706199814],[0.234664180390286,46.826999733724094],[0.235644129057488,46.82796297167694],[0.236039917292685,46.82856710320579],[0.236809407649587,46.82930814563548],[0.237035478360851,46.82904509825737],[0.238384217349148,46.828080158236595],[0.238863865929742,46.827425883940855],[0.240646696507932,46.82543616573325],[0.241764697144108,46.82472061656158],[0.242473189447055,46.82346278492859],[0.243296414503626,46.823199629674505],[0.245010596641834,46.82216679766033],[0.246183348525146,46.821223682353164],[0.247605504020385,46.82025319156786],[0.246519089993228,46.819808246065605],[0.248277606539385,46.81913950663144],[0.248816798168031,46.81867851796328],[0.24922608323273,46.81811351450474],[0.249700433083182,46.81792125086491],[0.247832768524364,46.81608910631092],[0.248571672869302,46.81611399865791],[0.249425293293417,46.8157145877458],[0.249963701574999,46.815371597994634],[0.250863543127578,46.81460389940608],[0.253839180554007,46.813245231559385],[0.253349472256795,46.8131461427302],[0.251617004292296,46.812374983433216],[0.248963444444549,46.81204213741859],[0.247505168265213,46.8113774784886],[0.243862372689506,46.80995861824013],[0.240227704160451,46.80779115149201],[0.238435272195672,46.80928511114984],[0.23697544196598,46.810276205513375],[0.235962139689795,46.81172218279787],[0.235755393293493,46.811864966234424],[0.235757244200642,46.81198303399113],[0.233890575053844,46.81307512458375],[0.23250973512012,46.814186089510834],[0.23091610659196,46.814965773117514],[0.22995371139401,46.81510295765547],[0.228834972861263,46.8142939797033],[0.227771348720203,46.81330613013212],[0.226254683771639,46.81150459835882],[0.225295309484424,46.810635459898755],[0.223932160030963,46.81206478607113],[0.223504610309215,46.81295630781196],[0.221277135009272,46.81291510521223],[0.220678692913986,46.81376014250003],[0.219987093777652,46.81299293260041],[0.218562751190221,46.812389082978775],[0.216844531817499,46.81142673089398],[0.214884886005936,46.81074590566526],[0.21334366727366,46.80978868699269],[0.212406684678676,46.8094326187252],[0.211885364003874,46.80877669718674],[0.211343954635326,46.80833291011248],[0.209512948790549,46.80752717371688],[0.208760047132876,46.806680919201995],[0.208542594195364,46.80565485897679],[0.208278680764182,46.80547997154352],[0.20767154133136,46.80534539795122],[0.207460456209778,46.805138456505794],[0.204987905446822,46.80163761471918],[0.204687990456114,46.80157626404958],[0.203497185829014,46.801566218420156],[0.201897033014542,46.8010731937447],[0.197260465440028,46.79855917187496],[0.196604841438468,46.79804495158953],[0.195977921496557,46.79738186808082],[0.195066780960915,46.79597485849519],[0.194124572413032,46.794966207538266],[0.193432727881217,46.79391140629256],[0.191684530205561,46.79301548864562],[0.190783557317203,46.792225847610844],[0.189240374984205,46.793044931606],[0.188162824964037,46.79315641970895],[0.186836063754259,46.79377264487512],[0.186542313085129,46.793416780512175],[0.186315921146277,46.79279948258589],[0.185654132245967,46.792028268680006],[0.184629882259737,46.79202300209083],[0.183751079234117,46.79149062146118],[0.182549912023587,46.79097735970831],[0.181173447397072,46.79025346335384],[0.180382573225984,46.789948454116846],[0.179558481966971,46.78985345062711],[0.177619135735674,46.7890328039587],[0.176537146988977,46.79028830473683],[0.176411844226847,46.790301443487955],[0.174365165818399,46.78972857384429],[0.173794680843559,46.78965057594697],[0.173113338493058,46.78968607348047],[0.172312788057779,46.78994477764558],[0.17175724755386,46.79003291618799],[0.16728678106787,46.78988136003674],[0.162176057576426,46.79261406039252],[0.161185821602706,46.792084156263215],[0.160822717695006,46.79172831038964],[0.160177508311224,46.79079787716744],[0.159569700989657,46.78905388082762],[0.157539431542375,46.786445801502026],[0.156804441071645,46.786304183700516],[0.154945227317934,46.7854148484812],[0.15451511898139,46.78448790143077],[0.153986456836499,46.78373960824918],[0.148874673675815,46.78377145330099],[0.147985740792766,46.783689927388245],[0.136018355108912,46.77981713381276],[0.135452408100794,46.77970571800559],[0.134909150396546,46.779760647216975],[0.13436679380302,46.780071477410914],[0.131720284425929,46.78212546907145],[0.123170484585157,46.78775105168927],[0.119909487764769,46.78960289660664],[0.115336573510967,46.79243805141209],[0.113877950424771,46.793346572216926],[0.112574212343541,46.79432654174522],[0.104923872400203,46.797727253951166],[0.101835099695588,46.7992793136468],[0.103861667217672,46.799461042330314],[0.10611771375784,46.79986655433488],[0.107950434628218,46.79994421956525],[0.113609071958466,46.79925845181935],[0.11468941314497,46.80011088761362],[0.115765956904128,46.80076409758655],[0.117754282786463,46.80280156243643],[0.11976154837544,46.80399163108874],[0.118466994183681,46.80454933407686],[0.120240589517594,46.80796528413788],[0.120373100962609,46.80845964259538],[0.12046380924039,46.80929623028806],[0.119980036643347,46.809411150621706],[0.120132752741054,46.80992043114017],[0.119867077997729,46.81000567607725],[0.120032281268919,46.81077385314832],[0.119701074213587,46.81085745605076],[0.119441306062857,46.81080679883004],[0.119257436782045,46.81048864735237],[0.118242829425257,46.81059115826281],[0.118271305342381,46.81025310016103],[0.115514580369274,46.81103449706135],[0.115888370999873,46.81143310302812],[0.116950797291623,46.81203548438619],[0.117064933042231,46.8122581880475],[0.11716052727328,46.813002099282876],[0.116888520238206,46.81387194040843],[0.117611974563629,46.81657953100929],[0.117577776758148,46.81700033600241],[0.117847915090975,46.81737471120285],[0.118925856750578,46.82077322073032],[0.123056400849376,46.821292900641836],[0.124456546837886,46.82127476692886],[0.126444487678572,46.821978579239236],[0.128484209178647,46.822300731540054],[0.129222618713469,46.822286734241445],[0.130876394941193,46.82196581731612],[0.132604389755324,46.82207739659911],[0.133713517580235,46.82197801182955],[0.133894226237825,46.8223582249578],[0.134462359605,46.82223813890901],[0.134720761027895,46.82276264145719],[0.13567038706769,46.8225024925478],[0.135092290432778,46.821619546270476],[0.137706116080818,46.82106296732303],[0.138079724098868,46.820922704697345],[0.138954866527307,46.820058822360025],[0.139538041108056,46.819081355105574],[0.141670478916173,46.82222293618849],[0.139052442622146,46.823057902718006],[0.138396367703133,46.8232028521815],[0.139001756655429,46.823818868513825],[0.139806564373024,46.8248596968503],[0.14163457361268,46.82646113634549],[0.141038261218556,46.827040055453985],[0.140664296079171,46.82723617993877],[0.141614302517373,46.82806436874492],[0.141457785961938,46.82869206186894],[0.141768248378516,46.8291025145073],[0.141693450411504,46.829325899159016],[0.141287315854945,46.82963384818747],[0.139779250101038,46.831269461679625],[0.139707881100389,46.83140283294762],[0.140024113301472,46.83167918816026],[0.13988026315671,46.831991852993916],[0.140333470435253,46.832135566411154],[0.140353308330782,46.8326550211191],[0.142302321990629,46.83261517141043],[0.144549190668647,46.83222950304573],[0.145383782137679,46.83241059497125],[0.146082686881639,46.83265048077064],[0.146286979391278,46.83280961638379],[0.146570444201504,46.83306081314991],[0.14721573358751,46.833994911494436],[0.147561764637569,46.8342548651584],[0.147780567724968,46.83428822171255]]]]}}]}