{"type":"FeatureCollection","features":[{"type":"Feature","properties":{"fid":315,"ID":"COMMUNE_0000000009760300","NOM":"Bassercles","NOM_M":"BASSERCLES","INSEE_COM":"40027","STATUT":"Commune simple","POPULATION":154,"INSEE_CAN":"04","INSEE_ARR":"1","INSEE_DEP":"40","INSEE_REG":"75","SIREN_EPCI":"244000881"},"geometry":{"type":"MultiPolygon","coordinates":[[[[-0.588765334795859,43.5682839391803],[-0.589728723115347,43.56806113310718],[-0.590012519959815,43.5679247500402],[-0.59017101705031,43.5677853061379],[-0.590772146199581,43.56668280673991],[-0.590744815987029,43.566345057635516],[-0.590950450942723,43.565494321919324],[-0.590841994112994,43.565225907486436],[-0.591347572268271,43.56414097816128],[-0.591949399108602,43.56334738063563],[-0.591736216744977,43.56243485074462],[-0.591295353872833,43.56172350124394],[-0.591286792439671,43.56144817921312],[-0.592283423496556,43.560017347919484],[-0.592148127048892,43.5592607605374],[-0.592499228727494,43.55851869302945],[-0.593694831895491,43.55862500937252],[-0.595739894885946,43.55894634701454],[-0.595583937414267,43.55782117257289],[-0.596306428044869,43.5577494925153],[-0.596366754805917,43.556696409827246],[-0.596609420931632,43.55659649769965],[-0.596582723560404,43.55619027953046],[-0.597059367486552,43.55612854431119],[-0.597908076252641,43.55583830863621],[-0.598591430172884,43.55571567141364],[-0.599477214591261,43.55574032914267],[-0.601278803579427,43.556090351970724],[-0.601696007422568,43.556028767766165],[-0.601975469520222,43.55576550065453],[-0.601914044207373,43.555457708363704],[-0.601104455037605,43.55483159467265],[-0.601747595921908,43.55416716646216],[-0.601920790709571,43.554203748337585],[-0.602764005428683,43.5521303256693],[-0.601889452578884,43.55188916278152],[-0.60164906680325,43.55222228532574],[-0.599870945165645,43.55129686783957],[-0.599300309280154,43.551083428289736],[-0.600100968023023,43.55081818516315],[-0.60083930513463,43.550467639547804],[-0.600623485676113,43.55018568782814],[-0.599825886620843,43.54953215187027],[-0.599947440681683,43.548568006558035],[-0.599712741145478,43.548202017586725],[-0.599875915768455,43.54798044294811],[-0.600743526189656,43.5474409709194],[-0.601707420852351,43.547232442564656],[-0.602100368136709,43.547022149538954],[-0.603539516350332,43.546553741917975],[-0.605698645011205,43.546449574536275],[-0.607048839780869,43.5459849764128],[-0.608461908814712,43.54579207319133],[-0.609829426768148,43.54576098647572],[-0.61112100644479,43.54586120639953],[-0.611872181953878,43.54575603865119],[-0.612918052907307,43.545395167659166],[-0.613539783377451,43.54498446791124],[-0.614396223815224,43.54470284654464],[-0.614547892940102,43.54475183330954],[-0.61541428180174,43.544726563996235],[-0.615593475582131,43.54444588628649],[-0.615639235989245,43.54464160847404],[-0.615795811876277,43.544729158928675],[-0.617587783585687,43.54530348874166],[-0.618318677575995,43.54542682291308],[-0.619246856005966,43.545399462275356],[-0.619928068763286,43.54546139599088],[-0.620613902221085,43.545832103273185],[-0.622392692518631,43.54639238606316],[-0.623715475620092,43.54718223606042],[-0.625283086983456,43.54731900328429],[-0.625773446522291,43.548005145931256],[-0.627182028195649,43.54895601389537],[-0.627878744843447,43.5492623668165],[-0.628190498193406,43.54974731654606],[-0.628406876462373,43.549918415104514],[-0.629493683199315,43.550107231713305],[-0.630391922023402,43.550133920062294],[-0.631229485377997,43.5504346387662],[-0.630909017469117,43.550634508610734],[-0.630851306839939,43.550896738037515],[-0.633401075683818,43.55428082148051],[-0.632984722080453,43.554433470057596],[-0.632886820240289,43.554725869291566],[-0.631801903279108,43.555997035299235],[-0.632169192192908,43.55679085710568],[-0.632828819320677,43.55783969373314],[-0.631607293972879,43.55820573499245],[-0.630805945815605,43.55832262250777],[-0.629881568151207,43.55829590691473],[-0.629515249743434,43.55839823020621],[-0.629094703289085,43.55901395744111],[-0.62857398051475,43.55955377245677],[-0.627324300610357,43.560474629178074],[-0.62673251044674,43.56130142848476],[-0.625974609656644,43.562675089975436],[-0.625167466997071,43.56179956778589],[-0.62423734117323,43.56174147023739],[-0.623992675078337,43.5621819724009],[-0.61957613800546,43.562068186627464],[-0.619002174717564,43.56245300950684],[-0.618772066447896,43.56318393487433],[-0.618509870788775,43.563406141274555],[-0.617116656746614,43.563547163412665],[-0.615967995689281,43.563343162188424],[-0.615805202329144,43.56339362112936],[-0.613836890896557,43.564610265561775],[-0.613428201774624,43.5649652348432],[-0.613181344847591,43.56537245802399],[-0.612757107435472,43.56565768892504],[-0.612593193563857,43.56598559109373],[-0.611437349254046,43.56718324513345],[-0.611345377694915,43.567591614224746],[-0.611433803685362,43.56795344918176],[-0.611263692014313,43.568537350444956],[-0.611339061975946,43.56963638173719],[-0.611153892563327,43.570236996752804],[-0.61086556604542,43.57073386209707],[-0.610953978490764,43.5717252793861],[-0.610715673167626,43.57226911737385],[-0.610130891135841,43.57297669699085],[-0.609716978092061,43.57368309382871],[-0.608246183811454,43.57430844243084],[-0.607822180434282,43.574559418895845],[-0.60679718838331,43.57565539757534],[-0.60670690957214,43.57589437795573],[-0.605958952281374,43.57674696297412],[-0.605848094309193,43.57646152509095],[-0.60524695344421,43.57572761938605],[-0.603954679381488,43.574956317197284],[-0.60326295636782,43.5750675515341],[-0.603011185652547,43.575398355449536],[-0.60305812456853,43.57565259205116],[-0.602101269983536,43.57495479760997],[-0.601719332303009,43.57394249382447],[-0.601169910261086,43.57320234968121],[-0.600919757239681,43.57304582470976],[-0.600255399417265,43.57284269466672],[-0.599336228561263,43.572704754814495],[-0.597155965201048,43.571776383869306],[-0.596422617309729,43.57181599976725],[-0.5953614089401,43.57085410896344],[-0.59373673254178,43.57007209135336],[-0.592699775997334,43.56923907261347],[-0.591729654315101,43.569018094418816],[-0.590439558783641,43.568988730288744],[-0.589744143951362,43.56854518595103],[-0.588765334795859,43.5682839391803]]]]}},{"type":"Feature","properties":{"fid":700,"ID":"COMMUNE_0000000009760072","NOM":"Amou","NOM_M":"AMOU","INSEE_COM":"40002","STATUT":"Commune simple","POPULATION":1555,"INSEE_CAN":"04","INSEE_ARR":"1","INSEE_DEP":"40","INSEE_REG":"75","SIREN_EPCI":"244000881"},"geometry":{"type":"MultiPolygon","coordinates":[[[[-0.733889073637235,43.55575717802825],[-0.737273149036536,43.55737999808174],[-0.737354951511328,43.55753300931246],[-0.738502767102039,43.558041118540274],[-0.739109143615422,43.55799500186253],[-0.743074428497141,43.55995972378903],[-0.744273392406243,43.56087044929179],[-0.744644268376117,43.560859451651694],[-0.745984075054235,43.56163108727611],[-0.747843387754907,43.56284595155317],[-0.750025058955496,43.564537857840314],[-0.751188486881321,43.56505341142892],[-0.752222655804673,43.56595984896909],[-0.752422066956016,43.566546553903606],[-0.756150128368333,43.56914778187649],[-0.75816082262316,43.570775207036675],[-0.759620929081042,43.57122095413459],[-0.760004945522065,43.5714094211815],[-0.760475328188273,43.57185701757253],[-0.76091980709173,43.572117249524695],[-0.761280366424299,43.5725713513573],[-0.761179962986407,43.57279732100939],[-0.761248133469164,43.57291115748459],[-0.762112950580068,43.57372430081864],[-0.762140868641471,43.573923303877876],[-0.762513565965119,43.574278798186185],[-0.763156289680742,43.574746532642315],[-0.764398800267411,43.57523489657665],[-0.764784874542753,43.57552956846138],[-0.764933038651371,43.57597481480457],[-0.765718776221904,43.5767708608213],[-0.766538819738625,43.57661719661135],[-0.766929643468407,43.57738009970904],[-0.768278455685139,43.57948522982356],[-0.770303190098113,43.57916629822693],[-0.77023870009326,43.57956127751734],[-0.771570599561014,43.5811427097064],[-0.774865829256282,43.58418089084987],[-0.775548418045479,43.584930923044524],[-0.775963436646564,43.586228028775935],[-0.776451989446158,43.586928958589034],[-0.776594611327419,43.58734466359127],[-0.776741564658251,43.58906816029378],[-0.776875353695761,43.5896319022722],[-0.777293507441068,43.59061812824074],[-0.778363230109903,43.591843807264944],[-0.778668615539227,43.59269793636201],[-0.77864922588125,43.59296794765256],[-0.777978566937488,43.59400017501013],[-0.777168953771954,43.594804828700326],[-0.777340949848555,43.5954591243579],[-0.777248719518979,43.59676848155438],[-0.778869275365987,43.59689044352247],[-0.780783149812675,43.59685533773305],[-0.780562410538588,43.5983763596446],[-0.781037510573733,43.59834450115875],[-0.78078274719386,43.59874792168146],[-0.779934108472592,43.59892339996305],[-0.779973446272741,43.599369725599416],[-0.779809525450138,43.59959072262224],[-0.779820145185672,43.60009029444096],[-0.780147481957389,43.60029869221466],[-0.780185873204051,43.60058020552522],[-0.780009345795407,43.60079803868064],[-0.779918305644955,43.60125971359258],[-0.780393419781006,43.60164132397422],[-0.780262855179012,43.601785493491164],[-0.780276016765245,43.60200392893265],[-0.78015484174854,43.602215331187864],[-0.780126971978658,43.60292072508283],[-0.779883208308258,43.60305892636403],[-0.778937022555966,43.603203560618105],[-0.778779315114018,43.60385762342496],[-0.777840019978784,43.604539783787324],[-0.77799437575098,43.60468124313067],[-0.777965050478903,43.60485701822375],[-0.777024998075407,43.60581033754519],[-0.776152142840575,43.605770434120686],[-0.775669625902085,43.60619887780934],[-0.773598446967222,43.606956383644714],[-0.771878655010289,43.60793044535939],[-0.770735914768023,43.606954036779854],[-0.769963723281021,43.607276310071285],[-0.770077592962117,43.60789570673614],[-0.76855592965392,43.60777377365234],[-0.768641865107333,43.60838333146774],[-0.769136647239838,43.60853640859755],[-0.768987556537891,43.60960632366092],[-0.769614779424521,43.610133136651406],[-0.76927318497361,43.61027380813496],[-0.769320081667135,43.61060997894591],[-0.768297860861856,43.611882249969995],[-0.768259289196258,43.613162720325164],[-0.767656794934249,43.61399344202529],[-0.766937211269212,43.61466517737086],[-0.766900450345599,43.6149925412829],[-0.766978125156912,43.61521234410836],[-0.767822853955212,43.61563343912204],[-0.767741143927464,43.61591822400731],[-0.767158298512849,43.616124007917485],[-0.767098172432779,43.61622788381112],[-0.767553392573681,43.616815627899406],[-0.767542873493921,43.61695741832537],[-0.767250308722405,43.61712790960088],[-0.767323715733993,43.61750910382081],[-0.767257009450965,43.61772040328676],[-0.767404605230251,43.61789093936265],[-0.767333610164338,43.61816904690414],[-0.767382466932637,43.61828986094709],[-0.767807852847907,43.61831023518875],[-0.767957967424155,43.61838700004706],[-0.768022429257797,43.61878291749774],[-0.767610747729922,43.6189899711201],[-0.767575690763478,43.61928664992404],[-0.767485277515769,43.61936365199621],[-0.767226663390024,43.619371721990845],[-0.767021107351549,43.61926264858917],[-0.765768378365445,43.6200114186664],[-0.765029352441113,43.62008658434549],[-0.764110569312542,43.620011235918476],[-0.763814024870322,43.62012150177324],[-0.76330438447407,43.62010222932545],[-0.762888651762775,43.62072016909451],[-0.762809504102826,43.62102557977191],[-0.762420889034104,43.621320092038246],[-0.762513659538178,43.62178889726377],[-0.761805870760552,43.622378215373466],[-0.761207938037057,43.62205301623066],[-0.76052566317178,43.621973049201145],[-0.760379554437987,43.621881722441316],[-0.760112246316443,43.621454990517506],[-0.759803713651022,43.62125038075399],[-0.759514692396777,43.62128650861519],[-0.759330782752455,43.621677515051495],[-0.758892010898941,43.621982758075696],[-0.758797344311068,43.62222204333062],[-0.758418652401279,43.62229009686492],[-0.758094156718843,43.62214458640438],[-0.757944276817691,43.621693068065255],[-0.757372589215553,43.62146512773253],[-0.756962559782609,43.621433371173126],[-0.756393816862014,43.62168544844281],[-0.75603651409324,43.62160682495354],[-0.755727179419298,43.62106803662002],[-0.755219839824944,43.62080002702279],[-0.754862008737445,43.62084572793025],[-0.754537214203464,43.62114971453422],[-0.754245654965946,43.62122284860784],[-0.753545374514758,43.621113734650095],[-0.753317825827611,43.62070633229842],[-0.753213906990935,43.62069100677445],[-0.75280983858497,43.621375160022005],[-0.752636332826065,43.621490151054125],[-0.75243921214119,43.62149065603161],[-0.752106672872598,43.62125983095146],[-0.751808935002731,43.62121967182834],[-0.750493166737945,43.621444372879814],[-0.749610158162529,43.62079746488295],[-0.749192533217693,43.62080107244484],[-0.748683143069732,43.62106997607929],[-0.748248066437023,43.62114804718675],[-0.748115826167402,43.62104091267512],[-0.74808008324992,43.62057013153133],[-0.747948085840678,43.62042875847765],[-0.74703322895277,43.62056481653259],[-0.746731680130403,43.62014374098167],[-0.746472520211714,43.62020042286398],[-0.74629767683067,43.620484798035555],[-0.745427285953645,43.62065624101391],[-0.745161125340313,43.62092844981435],[-0.744934447879908,43.62140647821288],[-0.744505117387111,43.62157261336052],[-0.74417089480658,43.62188499924913],[-0.743177152178288,43.621895831161666],[-0.742594221461115,43.622083466199825],[-0.741272577370579,43.621629962738346],[-0.740568178034176,43.62157135180903],[-0.740222286070143,43.62162920382127],[-0.739565141239095,43.62193377796222],[-0.739002569155536,43.62197746722372],[-0.738149204508853,43.62130783069391],[-0.737025627983928,43.62115282668063],[-0.736622743458855,43.620621713092476],[-0.736377631563617,43.620570693807785],[-0.733485213488811,43.620823292131135],[-0.733342030205336,43.620890367979015],[-0.732847750338725,43.621468544900644],[-0.732447382619391,43.621603909949975],[-0.730992367057182,43.62056665733544],[-0.730736321753892,43.62034755492906],[-0.730859145987653,43.619719995115666],[-0.729870189695513,43.61940355876777],[-0.729664035450261,43.61909356369953],[-0.729983826201179,43.61878712549714],[-0.729728342278273,43.618404960946904],[-0.730186258271163,43.61837302039863],[-0.730214742601029,43.61818197749272],[-0.729538163379473,43.61795930045282],[-0.728802168068053,43.61817643801435],[-0.727415428614687,43.617881744444574],[-0.727216841430362,43.61766877001787],[-0.72706831655162,43.61725320386463],[-0.726718363147398,43.61688598559699],[-0.7267839605745,43.616712586943414],[-0.727132662413882,43.61654568684983],[-0.72718596467095,43.616450176735185],[-0.727107484549432,43.61636819702581],[-0.726672505059371,43.6162759315584],[-0.725435144281384,43.61652376099751],[-0.724704021661643,43.61656775454268],[-0.724624366246435,43.61648671423396],[-0.724619344693598,43.615684295335726],[-0.724064120931218,43.61522952821748],[-0.723685122055236,43.6150254371805],[-0.723270725603218,43.61511621092565],[-0.722798278272721,43.61584041582987],[-0.722598003453018,43.61592564826312],[-0.721728708410558,43.61594193016806],[-0.720853752580363,43.615317048416195],[-0.720611839368792,43.6152956109387],[-0.720109942898254,43.61541369092593],[-0.719607051945957,43.615248960018526],[-0.718841612860776,43.615184195636786],[-0.718603650777169,43.61507073971116],[-0.71812300738972,43.614598978189115],[-0.717845263101898,43.61452201285742],[-0.717631947857012,43.61463560629604],[-0.71780092889182,43.61500454240377],[-0.717720293716999,43.61508026527397],[-0.716659509648662,43.61525979615247],[-0.715622078595516,43.615799726479054],[-0.714843368933097,43.615912839579345],[-0.714148257901009,43.61546010688988],[-0.713561406770463,43.61495592768241],[-0.713007428245865,43.61415516992703],[-0.712269986009466,43.61387141706426],[-0.712121795766484,43.61355490857985],[-0.713976499920984,43.61076126897788],[-0.714433483320156,43.61040965286632],[-0.714612498442157,43.60951807602026],[-0.714569040228965,43.60871337706531],[-0.714866430973033,43.608462699257075],[-0.714424702645495,43.60560527166436],[-0.714009454607983,43.601663327681436],[-0.713264412207361,43.60112583486435],[-0.713678909583328,43.60071262156363],[-0.713577929979164,43.600301725745446],[-0.713821948877738,43.59939982556007],[-0.713078857865736,43.599121685183846],[-0.713592582931854,43.59861410211647],[-0.71390777746197,43.59726119029474],[-0.713772365614267,43.59691182442114],[-0.713917838185776,43.596727597345904],[-0.713789671953121,43.596298717131965],[-0.713828235946175,43.59467423364246],[-0.713690962363595,43.59368359384845],[-0.713583419724297,43.59332426802581],[-0.712869464259375,43.592327231844635],[-0.712431236218162,43.59153063930308],[-0.712316442678207,43.59142287141262],[-0.711833450878505,43.5913321972595],[-0.711728594334306,43.59124390562113],[-0.711952127746241,43.59002565039158],[-0.712225696766274,43.58948485158232],[-0.71357944036636,43.58849726275472],[-0.713811545827673,43.58817766181951],[-0.714072751145058,43.587522885596066],[-0.713963612274483,43.585780062194715],[-0.714305335134687,43.58458928666861],[-0.714358268484484,43.58395244630774],[-0.714104741739945,43.58334771090321],[-0.714298541818887,43.58312580018216],[-0.71425747023829,43.582625488158534],[-0.714842046579085,43.58210466604191],[-0.714516687757434,43.582227493874676],[-0.713646489838241,43.58224105679384],[-0.713421227401251,43.582187512769515],[-0.713249549643721,43.581966397446806],[-0.713350996559578,43.58041364039382],[-0.713918379075046,43.57972317054649],[-0.714652406333119,43.57934856111877],[-0.715176794626782,43.5797737806865],[-0.716243581189609,43.57918059735789],[-0.716014047049213,43.579022718640445],[-0.717345849842423,43.5784087403436],[-0.716655947516496,43.57778112683421],[-0.719220240109203,43.576322344924655],[-0.722476842656162,43.574155186721896],[-0.723134604865372,43.574420863078885],[-0.724683544657599,43.57526486114051],[-0.725664918236225,43.57583918309943],[-0.725819270636593,43.57604105711419],[-0.72766430942651,43.57339434602022],[-0.728525541682335,43.57337827193832],[-0.728817552038091,43.57327726325703],[-0.728770549608355,43.572744732794405],[-0.728480662809768,43.57202058089725],[-0.727446785027299,43.57185793162808],[-0.726069511310048,43.571272002024486],[-0.726855213953203,43.57055144563026],[-0.726924933345878,43.57038511503577],[-0.725722468924636,43.5693428056544],[-0.725374948607336,43.568951201836406],[-0.725264923253666,43.56866854151173],[-0.725271208930759,43.56847916897757],[-0.725824768779241,43.56761796645725],[-0.725581757202218,43.56664179485776],[-0.725910066962299,43.5662990481623],[-0.726020396506238,43.566452890259534],[-0.726312211136942,43.566330276570376],[-0.726638687108622,43.56588310402774],[-0.727416881303565,43.56552490108781],[-0.727997309001703,43.564715908225246],[-0.728286949777282,43.56456003603049],[-0.728789408110236,43.56451484768389],[-0.729050191414902,43.564391491123615],[-0.729247617529176,43.56420815993717],[-0.729702481542393,43.563259353467274],[-0.730112152066125,43.56313988384384],[-0.730243806407925,43.56301195574647],[-0.730164577394864,43.56154556417107],[-0.730357997669565,43.56109124447323],[-0.731068262426169,43.56031830425975],[-0.731473255786819,43.55942254820244],[-0.732751736348947,43.557922068301814],[-0.733837692559944,43.556357039814195],[-0.733889073637235,43.55575717802825]]]]}},{"type":"Feature","properties":{"fid":1095,"ID":"COMMUNE_0000000009759838","NOM":"Castelnau-Chalosse","NOM_M":"CASTELNAU-CHALOSSE","INSEE_COM":"40071","STATUT":"Commune simple","POPULATION":595,"INSEE_CAN":"04","INSEE_ARR":"1","INSEE_DEP":"40","INSEE_REG":"75","SIREN_EPCI":"244000881"},"geometry":{"type":"MultiPolygon","coordinates":[[[[-0.871601990779783,43.67174966633812],[-0.87070327122151,43.67202311171262],[-0.870744412851115,43.6725216406799],[-0.870305518451329,43.672840868642844],[-0.870316465112289,43.6730395756321],[-0.870369496399006,43.67319984769206],[-0.870713792809609,43.67331731645159],[-0.871025854575098,43.67332512253165],[-0.871094469874248,43.67340375918365],[-0.870206870063703,43.67457679378483],[-0.870047106452157,43.67465545399013],[-0.868654577830338,43.67458340159372],[-0.867040202930624,43.6747183203319],[-0.864887567186378,43.67384804391997],[-0.864595496161777,43.67362149465754],[-0.863854957025282,43.67340728320065],[-0.863383662568682,43.67344925947318],[-0.863017998438532,43.67369558465348],[-0.86221234175861,43.673693582768976],[-0.861471517298294,43.67406404040139],[-0.860745450499156,43.67428532244929],[-0.859641630646191,43.67437136664827],[-0.858646305953157,43.67455715007179],[-0.857391732402073,43.674358437699375],[-0.856979282538208,43.67437127115116],[-0.856705165907779,43.674484598546194],[-0.855918326961503,43.67507556414332],[-0.854484181698323,43.67584172704822],[-0.851793684952303,43.676549692594136],[-0.85103311045745,43.67655411705325],[-0.850691290537186,43.676713069395376],[-0.849994125069619,43.67753143898193],[-0.849530800271777,43.678338820977906],[-0.849528898817074,43.67843978708754],[-0.849890215481734,43.678404469968086],[-0.850589295689686,43.67853736492683],[-0.850474869167019,43.67895852658076],[-0.849243876920064,43.678797619950245],[-0.846540862252848,43.67928517718998],[-0.846086814236073,43.6793075478158],[-0.845042002242159,43.67910937692181],[-0.843120384866689,43.67814581948495],[-0.84390799387427,43.67658377766453],[-0.842717684410684,43.676214159661576],[-0.84251745373482,43.67587530084714],[-0.842583105911629,43.67565136456128],[-0.841066291883645,43.67570587164727],[-0.840919248442242,43.674549839093835],[-0.840480127458827,43.67455364257924],[-0.840480148846509,43.67440589839492],[-0.83966597324239,43.67398061943224],[-0.840611024948095,43.671749102055976],[-0.839033132389227,43.67177961697668],[-0.838905612289163,43.671710249137135],[-0.83892411686426,43.67157896917415],[-0.838678013184979,43.67146243936567],[-0.837798294735925,43.671225043278554],[-0.837268759653748,43.67119419030997],[-0.834474336612507,43.6694225994422],[-0.83335029322858,43.668890196012555],[-0.832565523194176,43.668846701377696],[-0.834245479712005,43.66733885846295],[-0.834851500037272,43.66636255968348],[-0.83501460615902,43.665295584227664],[-0.836185346625655,43.66372820136268],[-0.836446012447797,43.66250643554071],[-0.836348748744628,43.66114686065084],[-0.836118798993227,43.65975143188365],[-0.83620416024559,43.65945113389047],[-0.836480148736514,43.659051317633185],[-0.837331285876739,43.658420391678575],[-0.833276160957197,43.658604041509726],[-0.830545145327035,43.657899473333146],[-0.830621529021903,43.65733464497138],[-0.829546046667377,43.65685635759835],[-0.829374470955294,43.65631288052955],[-0.82909376093749,43.65593720496788],[-0.829110624528108,43.655799680497694],[-0.828591463216212,43.65579184753841],[-0.827824883723589,43.65562787077784],[-0.826703367793932,43.65496109884144],[-0.826165106108088,43.65425846740778],[-0.826100442982319,43.65386616998653],[-0.825865091639897,43.65338889605206],[-0.825984987252911,43.65275047383201],[-0.825294568294117,43.652500020383115],[-0.824581866506056,43.6523431348736],[-0.825267483080238,43.651629849390396],[-0.825932001439541,43.65162266968075],[-0.826284871905054,43.651407552969985],[-0.826488064988954,43.65049323928531],[-0.826880852872715,43.649519998959164],[-0.827127606106004,43.64920231602502],[-0.827629378180124,43.648969338024074],[-0.82897801369845,43.64884074542625],[-0.829546393872953,43.64862072553786],[-0.829727026134046,43.64837202972107],[-0.82990162649861,43.64764339175384],[-0.830169299122442,43.64743486807275],[-0.830446619445261,43.64735212293943],[-0.830833010172476,43.64734210413856],[-0.831206053030111,43.6474478637998],[-0.831484315680287,43.64763894213538],[-0.831596805808007,43.647892619477076],[-0.831504819625867,43.64831656184688],[-0.830898784805565,43.64899375186064],[-0.830611187313679,43.64957232993115],[-0.830594931587254,43.64990441732146],[-0.830792369628446,43.65025960032881],[-0.831073129868821,43.6503208693699],[-0.832080337075589,43.650280849047746],[-0.832935866808948,43.64973538468046],[-0.833419794980601,43.6492174374668],[-0.833654384696258,43.64829209037317],[-0.833673295698202,43.647666229938324],[-0.833347321584658,43.64683633294707],[-0.833406427549309,43.64514244494876],[-0.833538515124554,43.644928786703964],[-0.833952265248235,43.644808787693904],[-0.834528359568806,43.644890253917],[-0.836116810198249,43.64578818707944],[-0.836765528481615,43.64565717859841],[-0.846410385165938,43.64487474357855],[-0.851779632068696,43.64467461959407],[-0.856604777767532,43.64418724979255],[-0.865240894080686,43.64361009461172],[-0.86592869830664,43.6434712124722],[-0.866698987564232,43.64273481598463],[-0.868169410772578,43.64301669647811],[-0.868631825843423,43.643692101120166],[-0.868282803350302,43.64405316563438],[-0.868664620135741,43.646952092350375],[-0.869687264131817,43.64734359079083],[-0.870327636334858,43.647732481898835],[-0.87116138466359,43.6485595128779],[-0.872857797079261,43.647299993403585],[-0.873238318059492,43.646781037791264],[-0.873341212365059,43.64619270126121],[-0.873271456410417,43.64606005663572],[-0.873434478627059,43.64568218333113],[-0.87316996473156,43.64547630385845],[-0.873070895485133,43.64355196377449],[-0.870928584055341,43.64059687846934],[-0.870705988386834,43.63981744845682],[-0.870608595742478,43.63872455956045],[-0.877543220591506,43.64031054495907],[-0.878362418590321,43.64055607028046],[-0.878796184343017,43.64056851154737],[-0.878618324085071,43.642265805492976],[-0.878216444560236,43.644300818535896],[-0.878457504383196,43.64430662757857],[-0.87723577954982,43.64797626711662],[-0.876139461656799,43.64818384703949],[-0.87536369482814,43.648526826303055],[-0.874479524316294,43.64814755778318],[-0.872523756779595,43.64913076927389],[-0.872356231219899,43.649387183596644],[-0.872286146639909,43.64970859181435],[-0.872392382789374,43.650601179045786],[-0.872724870705048,43.650949680635996],[-0.873587369117682,43.653705357794706],[-0.871956397420054,43.653347278617034],[-0.871973482111433,43.65348990967524],[-0.871535550770127,43.653949646840005],[-0.870882615268035,43.65422064947534],[-0.870239929363197,43.654790374861356],[-0.86999270186123,43.654877556224484],[-0.869501537326047,43.65480676095808],[-0.869181228663734,43.654840688257025],[-0.869323628348515,43.655405874287034],[-0.869213843565313,43.655544014303814],[-0.868584154650303,43.655810571167585],[-0.868246671446231,43.656141496078796],[-0.867736762677359,43.65684071026448],[-0.867757394311662,43.65723816458212],[-0.867031092770004,43.65853695467469],[-0.867081208524057,43.659187408452865],[-0.867302799611022,43.65976779810092],[-0.867980618480466,43.66089320001867],[-0.868036960905355,43.66152541558753],[-0.867848458008581,43.66242760147518],[-0.86789868226094,43.6628222024213],[-0.868494684846204,43.663231611708575],[-0.870118161147695,43.66360353459587],[-0.870442264618552,43.663735233713545],[-0.870728179164572,43.66396288495539],[-0.871041380387571,43.66439226291496],[-0.871029504840185,43.664914298697404],[-0.87016879580747,43.666024212079414],[-0.869864735883096,43.66631791687981],[-0.868816839647959,43.6667885484067],[-0.868431677867121,43.66722297128014],[-0.868239410577187,43.66801448582149],[-0.868318209963456,43.66894229710168],[-0.868717898230152,43.66960463794207],[-0.869627693141219,43.67063439919495],[-0.870519766107122,43.67127289882431],[-0.871601990779783,43.67174966633812]]]]}},{"type":"Feature","properties":{"fid":1269,"ID":"COMMUNE_0000000009759832","NOM":"Gaujacq","NOM_M":"GAUJACQ","INSEE_COM":"40109","STATUT":"Commune simple","POPULATION":436,"INSEE_CAN":"04","INSEE_ARR":"1","INSEE_DEP":"40","INSEE_REG":"75","SIREN_EPCI":"244000881"},"geometry":{"type":"MultiPolygon","coordinates":[[[[-0.776266302027481,43.63590565055802],[-0.775559210714749,43.63582843494612],[-0.775412604341264,43.63565516858489],[-0.775067965672558,43.63554463434448],[-0.774550955676221,43.63598057710005],[-0.774472514057265,43.63614544918731],[-0.774657455475024,43.636429986762906],[-0.774500508683278,43.6365516449848],[-0.774122628670207,43.63663323527251],[-0.774249366012856,43.63697564618559],[-0.774015156213656,43.63728015092885],[-0.774279529740265,43.63754661614341],[-0.773899583310179,43.6378417705721],[-0.774032970408802,43.63794613566417],[-0.774777778314646,43.638143661879134],[-0.774964018575418,43.63841013813344],[-0.774933008983208,43.63856075118848],[-0.774273658669376,43.63881336759066],[-0.773951194452771,43.639020947631934],[-0.774114814118468,43.63932064064048],[-0.774032842706484,43.639526171957776],[-0.773397206778191,43.63949870577447],[-0.773187137394927,43.63956725720255],[-0.772866139157504,43.64021167892197],[-0.772798930150286,43.64054731501132],[-0.772282542841356,43.64067334373795],[-0.772010387029044,43.640872865192385],[-0.771301693980822,43.6409794418098],[-0.770997351870623,43.64116116069614],[-0.770636841864234,43.641582643495006],[-0.770101234683722,43.6417372537861],[-0.769835640963849,43.642357222928666],[-0.769568253845037,43.642610621438756],[-0.769194883125226,43.64278031683765],[-0.768721177984121,43.64282017046326],[-0.769480261033831,43.64425225991172],[-0.76932180420147,43.64463429876109],[-0.768975505312425,43.64497060601962],[-0.766159557651572,43.646724850381204],[-0.764800743255707,43.6472277528293],[-0.76217754156087,43.647065481277615],[-0.760948420440973,43.646823374254225],[-0.760470243616505,43.64664444770369],[-0.759625101902687,43.645977365069655],[-0.758716636036599,43.645838541759154],[-0.758253912531552,43.64545999209726],[-0.757151438431664,43.645218868378734],[-0.756526296046129,43.64527651572478],[-0.756322959135089,43.64558081307345],[-0.754785190407915,43.64653387392597],[-0.754510073268895,43.647636064109825],[-0.754916446484609,43.649369596923485],[-0.755034379169327,43.64957901416361],[-0.756287860968757,43.650759896261725],[-0.756307427032576,43.65092587050682],[-0.756523566393614,43.65115711461963],[-0.757089417353045,43.65115917142633],[-0.757375409443867,43.65209603959485],[-0.757357373305313,43.652577698723974],[-0.757112281906586,43.65296451543137],[-0.757383840294601,43.653132586972696],[-0.757389086647336,43.65326932961607],[-0.757285461407484,43.65359990882117],[-0.757010657924938,43.653685078427564],[-0.756632339877966,43.65425396078669],[-0.756596434318769,43.65487946781159],[-0.757175053349923,43.65551075528014],[-0.757222446513569,43.65596853367753],[-0.757398405911191,43.656135407057285],[-0.757216432388534,43.65729564661142],[-0.757058447313123,43.657667741557184],[-0.7526362545903,43.65957802362285],[-0.752059262119634,43.65995647025675],[-0.751833349297601,43.66067501420712],[-0.75148840770987,43.66135712965543],[-0.750996927532734,43.66177225453795],[-0.750696737187588,43.66175468911389],[-0.749458535841053,43.66086596766267],[-0.747287581512689,43.6609678659235],[-0.744157966296858,43.65986233070996],[-0.740616645862737,43.658340294251566],[-0.739298374639703,43.658426196089096],[-0.739014487048252,43.6583729067022],[-0.738164570570362,43.657935525097095],[-0.738112474485822,43.65753645728016],[-0.737996034330556,43.65740624191049],[-0.737765241691091,43.65742498953887],[-0.73755398247818,43.65755296346439],[-0.737280441285951,43.65742995176403],[-0.735818930523637,43.656593807511086],[-0.734028957909794,43.659511781301866],[-0.733303892131789,43.65984746873426],[-0.732705810515194,43.65988512689605],[-0.73115774415109,43.659739206229396],[-0.731098527313472,43.65928723312526],[-0.729397592104654,43.65907987661044],[-0.728995905443964,43.6594278582021],[-0.728315510990503,43.65926833797551],[-0.728290427693031,43.659092640880615],[-0.726659917068834,43.658403599127524],[-0.725360193798498,43.65753474628054],[-0.724887664811721,43.65751851412057],[-0.7243016910674,43.65703594968019],[-0.723216783059328,43.65676054573608],[-0.722146926237443,43.65618194744212],[-0.72182090590527,43.65614807319399],[-0.721373439083286,43.65623095652457],[-0.720634089560447,43.65617519955905],[-0.720667672963302,43.65527865682309],[-0.722333484056617,43.65513873848784],[-0.723002980717056,43.654978883262025],[-0.723395820860352,43.65464744250045],[-0.723326480083542,43.654382281113826],[-0.723560781336317,43.65399771954615],[-0.725120477256822,43.65264621565476],[-0.725168556411523,43.65225992669231],[-0.725020355191449,43.65186955666431],[-0.724029271157262,43.65015417816846],[-0.723843300214982,43.64956422448032],[-0.723424838839002,43.6493290437438],[-0.721413222530703,43.6498339389065],[-0.72076835968539,43.649531735592454],[-0.720189542990399,43.6494632755506],[-0.719845316287965,43.64893818702229],[-0.719291775242435,43.64862834553727],[-0.718857342296276,43.64860538113454],[-0.718386391325641,43.64845935533053],[-0.717969846094909,43.64848261650563],[-0.716977764268441,43.648067062052505],[-0.715270665988052,43.64762460393536],[-0.714690341863454,43.64739852896605],[-0.714047256308451,43.64685481626001],[-0.713671272963944,43.646642469820485],[-0.713387742999915,43.64630625705604],[-0.713250850341511,43.64628030846541],[-0.713235575111046,43.64614030754865],[-0.713049741973924,43.64606738864201],[-0.712994190585213,43.64588012150446],[-0.712705759886898,43.6457170260364],[-0.712184212650986,43.64505745372145],[-0.710902798496938,43.64434816805536],[-0.710262254703389,43.64416826682537],[-0.710246188072313,43.64399676550466],[-0.710008375983762,43.64379139986185],[-0.709896125333473,43.64355202076562],[-0.709458327283397,43.643303939168526],[-0.70955190037903,43.642047754163904],[-0.709707650526494,43.641847867201946],[-0.709651234949883,43.641512900457215],[-0.709984022637102,43.64102051927305],[-0.711367225739476,43.64138763945483],[-0.711682817925229,43.64085980861462],[-0.712511027503705,43.640739631921576],[-0.712745113136218,43.64027493535387],[-0.712719025213038,43.63979570899419],[-0.713223158555848,43.63898128667543],[-0.716958872566019,43.638807604591584],[-0.717116016438716,43.638419394445805],[-0.717125357644619,43.638123617289935],[-0.71685718500591,43.637182464343084],[-0.716945800284495,43.63686595962998],[-0.717905340369547,43.635387367694136],[-0.7174969009916,43.63431049621531],[-0.717682470339142,43.634035712599214],[-0.717682166691862,43.63387808598293],[-0.717842427256376,43.63372937701439],[-0.717507226347565,43.63301661903309],[-0.716944915286903,43.633180886017755],[-0.716291373166472,43.632703311356146],[-0.717429462635029,43.632314868610734],[-0.717760782323484,43.631897277699395],[-0.719533552155011,43.630625941579254],[-0.719576176001544,43.630231741261426],[-0.719198527814565,43.62982040370664],[-0.718915254264126,43.62776731489639],[-0.71910367910899,43.626524093491966],[-0.719198584781293,43.626362306860145],[-0.719533677875493,43.62613734813243],[-0.719310617252914,43.62533698765584],[-0.719455760809923,43.62510862455779],[-0.719469281835827,43.62417045150078],[-0.718425985304127,43.624125102772624],[-0.71813084521453,43.623226322370705],[-0.718298915513108,43.62237654140724],[-0.718141808036038,43.621751376588804],[-0.717806517198432,43.62126562601849],[-0.717655104479344,43.62076637479102],[-0.717911958245194,43.61990905293886],[-0.717092339633087,43.619143525117934],[-0.717106350858451,43.61865212411152],[-0.717294197190327,43.61833672969838],[-0.717341081950847,43.61800814435692],[-0.718071256843847,43.61783452221675],[-0.717971336156619,43.61742178574936],[-0.718039972405326,43.61723747993246],[-0.718527069528459,43.61708208429849],[-0.719731595393545,43.617474108003655],[-0.720160828675261,43.61724862483457],[-0.720346648005451,43.617303512262836],[-0.720610935527036,43.61763134820569],[-0.720883856504907,43.6176337082303],[-0.721432011023986,43.617425764123055],[-0.722210706723219,43.6176368835155],[-0.722821426201448,43.617609645385215],[-0.723833740513888,43.618057756334714],[-0.724421218103129,43.618092559056585],[-0.725299763675791,43.61844705965827],[-0.725964483502933,43.6184683953929],[-0.726257130944188,43.61860247969058],[-0.72654604574003,43.61888892288025],[-0.72686709006639,43.619803006666224],[-0.727620510593321,43.620005948934065],[-0.72853016528131,43.61998012937158],[-0.728652765283237,43.62032091936446],[-0.72899873384313,43.620473884395686],[-0.729445243373068,43.62055223440953],[-0.730132109399608,43.62051333355428],[-0.730992367057182,43.62056665733544],[-0.732447382619391,43.621603909949975],[-0.732847750338725,43.621468544900644],[-0.733342030205336,43.620890367979015],[-0.733485213488811,43.620823292131135],[-0.736377631563617,43.620570693807785],[-0.736622743458855,43.620621713092476],[-0.737025627983928,43.62115282668063],[-0.738149204508853,43.62130783069391],[-0.739002569155536,43.62197746722372],[-0.739565141239095,43.62193377796222],[-0.740222286070143,43.62162920382127],[-0.740568178034176,43.62157135180903],[-0.741272577370579,43.621629962738346],[-0.742594221461115,43.622083466199825],[-0.743177152178288,43.621895831161666],[-0.74417089480658,43.62188499924913],[-0.744505117387111,43.62157261336052],[-0.744934447879908,43.62140647821288],[-0.745161125340313,43.62092844981435],[-0.745427285953645,43.62065624101391],[-0.74629767683067,43.620484798035555],[-0.746472520211714,43.62020042286398],[-0.746731680130403,43.62014374098167],[-0.74703322895277,43.62056481653259],[-0.747948085840678,43.62042875847765],[-0.74808008324992,43.62057013153133],[-0.748115826167402,43.62104091267512],[-0.748248066437023,43.62114804718675],[-0.748683143069732,43.62106997607929],[-0.749192533217693,43.62080107244484],[-0.749610158162529,43.62079746488295],[-0.750493166737945,43.621444372879814],[-0.751808935002731,43.62121967182834],[-0.752106672872598,43.62125983095146],[-0.75243921214119,43.62149065603161],[-0.752636332826065,43.621490151054125],[-0.75280983858497,43.621375160022005],[-0.753213906990935,43.62069100677445],[-0.753317825827611,43.62070633229842],[-0.753545374514758,43.621113734650095],[-0.754245654965946,43.62122284860784],[-0.754537214203464,43.62114971453422],[-0.754862008737445,43.62084572793025],[-0.755219839824944,43.62080002702279],[-0.755727179419298,43.62106803662002],[-0.75603651409324,43.62160682495354],[-0.756393816862014,43.62168544844281],[-0.756962559782609,43.621433371173126],[-0.757372589215553,43.62146512773253],[-0.757944276817691,43.621693068065255],[-0.758094156718843,43.62214458640438],[-0.758418652401279,43.62229009686492],[-0.758797344311068,43.62222204333062],[-0.758892010898941,43.621982758075696],[-0.759330782752455,43.621677515051495],[-0.759514692396777,43.62128650861519],[-0.759803713651022,43.62125038075399],[-0.760112246316443,43.621454990517506],[-0.760379554437987,43.621881722441316],[-0.76052566317178,43.621973049201145],[-0.761207938037057,43.62205301623066],[-0.761805870760552,43.622378215373466],[-0.761759753218318,43.622525742194284],[-0.761385795938959,43.62287379084189],[-0.7618322698974,43.623196128167095],[-0.762184226420372,43.62392980053954],[-0.761922504433392,43.624382059651666],[-0.762000349852564,43.62460456371798],[-0.762437952652045,43.62501818773854],[-0.762484354507496,43.6254039251598],[-0.763162295770912,43.62588939282396],[-0.76329137974671,43.62698660258704],[-0.763407595680333,43.627264527579285],[-0.763665839120539,43.6273069257301],[-0.765612654283814,43.6271538759533],[-0.765892576442138,43.627167592354716],[-0.766461880176869,43.627395574565206],[-0.766507825100685,43.62805697426165],[-0.767370744981569,43.62867653038079],[-0.768775373700928,43.6291790991362],[-0.769543961946153,43.629608238908325],[-0.769844867186084,43.62986533656135],[-0.769838865048772,43.630170018211714],[-0.769654508053214,43.630478187036445],[-0.769718699603102,43.630869612955344],[-0.770331238182457,43.63158431580438],[-0.771161067158593,43.63288690902759],[-0.771646790614176,43.633407830494875],[-0.772241045736447,43.63386282556967],[-0.773236063277316,43.63432011336737],[-0.775201409129081,43.6348968153614],[-0.775733231345573,43.635307120521716],[-0.776266302027481,43.63590565055802]]]]}},{"type":"Feature","properties":{"fid":1524,"ID":"COMMUNE_0000000009760069","NOM":"Brassempouy","NOM_M":"BRASSEMPOUY","INSEE_COM":"40054","STATUT":"Commune simple","POPULATION":273,"INSEE_CAN":"04","INSEE_ARR":"1","INSEE_DEP":"40","INSEE_REG":"75","SIREN_EPCI":"244000881"},"geometry":{"type":"MultiPolygon","coordinates":[[[[-0.715378147061835,43.65733598083105],[-0.71517087710936,43.657181824113124],[-0.714901780205908,43.65645687468947],[-0.714456819333024,43.65585143634192],[-0.714133364059311,43.65555081651553],[-0.713574882202061,43.65526092974372],[-0.708118564861499,43.653614134406666],[-0.706513043471848,43.65297890216766],[-0.705085325580161,43.65215742820709],[-0.704894368521459,43.65200540019503],[-0.704540369451854,43.65134638257349],[-0.704565381240715,43.65100413187978],[-0.703415620640008,43.64958765321411],[-0.702734803007895,43.64926495290251],[-0.702430470297026,43.648855557301104],[-0.702226329786945,43.64821124620247],[-0.702031542365635,43.64801880953918],[-0.702137890008794,43.64762965117354],[-0.701896197893186,43.647306397434555],[-0.701263178862441,43.64683973762516],[-0.700485182508119,43.64643295971866],[-0.699883804126087,43.64593729111032],[-0.698588385117168,43.64550848376286],[-0.697422697242155,43.644917611011294],[-0.697152681230349,43.644270131475025],[-0.696559371870733,43.64399486291634],[-0.695538653619212,43.64280452759654],[-0.694436934230833,43.64210786191991],[-0.693805955007291,43.64155552139306],[-0.692602755853202,43.64105415406716],[-0.691699110072129,43.640466030719956],[-0.690253805268082,43.64011428649798],[-0.688755711622995,43.63996338642233],[-0.688218200234184,43.639570882954416],[-0.687255069030092,43.639445038302355],[-0.686169179531503,43.63918463181621],[-0.681198839498658,43.637246259960065],[-0.679694111321543,43.63693242510348],[-0.678637456921604,43.636855612989905],[-0.677020713317465,43.63655454246191],[-0.675736961207905,43.63643674732722],[-0.676206191659837,43.63536067384696],[-0.676142365579089,43.63461700321949],[-0.676005878296921,43.634461286166605],[-0.675492805473689,43.634176891032816],[-0.674786068624675,43.634044067141204],[-0.674596016318187,43.633729825192255],[-0.67440593206396,43.63221577303797],[-0.673808474753881,43.63138836612184],[-0.673246739335978,43.63144699507437],[-0.673037342301759,43.63123699273814],[-0.673369365778924,43.63103840845022],[-0.67335137670732,43.630486852542774],[-0.673960044651604,43.62926465893651],[-0.674863171066797,43.62930887324153],[-0.675539060940655,43.62946435614986],[-0.675816389905298,43.62926401157066],[-0.677169414613951,43.62911102887293],[-0.67979766503291,43.62832754302763],[-0.68131419981177,43.62734207124433],[-0.683025758839741,43.62640130811228],[-0.683529913274949,43.625852764603465],[-0.683888883057188,43.62563071384324],[-0.684575057785226,43.62500122882505],[-0.684819970913489,43.62472179206277],[-0.684917840477885,43.624199634406885],[-0.68608620051991,43.62252691448679],[-0.686128950349448,43.62178413921317],[-0.685839985745513,43.62074186015228],[-0.686519836374377,43.61910913309134],[-0.686684209134078,43.618618946417776],[-0.686692074276007,43.61825927747894],[-0.687132115178536,43.61754445154288],[-0.68712922519062,43.61634294101192],[-0.687319758782992,43.61535374796481],[-0.687535584639879,43.61477714272022],[-0.688260611126913,43.61427241982485],[-0.688433455560035,43.613914354407335],[-0.688562434026136,43.61304795151518],[-0.688688303928003,43.6128076786036],[-0.688925022082985,43.612671730773094],[-0.689725680308522,43.61253373777223],[-0.690082424473266,43.612259496772786],[-0.691104870993677,43.61265891389231],[-0.691105378512922,43.61247424175939],[-0.690929788227673,43.612423462126465],[-0.69131941941594,43.611870666489224],[-0.691669526072276,43.61172455287064],[-0.691979484581232,43.61176355712574],[-0.692273639127074,43.6119228983571],[-0.692531645065258,43.61196366745964],[-0.692523019285351,43.61219545504254],[-0.693204679064423,43.613270297569855],[-0.693896300346121,43.61340260597383],[-0.694624071411079,43.613230124849956],[-0.694964250075497,43.61327619968238],[-0.695320493887999,43.613609969486305],[-0.695045304831896,43.61403368185957],[-0.69596385262106,43.614320393060474],[-0.696831893312396,43.61430435936242],[-0.697352946177013,43.61409836237871],[-0.697627879373475,43.61407458964452],[-0.697781852427198,43.61407835466004],[-0.698280378348261,43.61440727098147],[-0.698445234452646,43.61442597740976],[-0.698723705819819,43.61428408179169],[-0.699641284034667,43.61420959049855],[-0.700258300977303,43.614280446803185],[-0.700621099414295,43.61415819195624],[-0.701124113912035,43.61419149295178],[-0.701196202911389,43.61402149441434],[-0.701023822586284,43.61386703358175],[-0.701028828244863,43.61338765788216],[-0.701650141493231,43.61369796222012],[-0.702140099050104,43.614258649383295],[-0.702367718793111,43.614308538505284],[-0.702596924708375,43.613807106373656],[-0.703005748943344,43.613591396338066],[-0.703300005346408,43.61355974411676],[-0.70351032752723,43.613648953418135],[-0.703856807984942,43.6140226636327],[-0.704033900129782,43.614249921398006],[-0.704101523222569,43.61456738603908],[-0.704218026202171,43.61464358033791],[-0.705808847487099,43.61455057531668],[-0.706241471014502,43.61545098932345],[-0.706492045843884,43.61566402609102],[-0.706842468700477,43.615810600796365],[-0.707163784153905,43.61583296153153],[-0.707548992550681,43.615539673481294],[-0.707556088554236,43.61530433128459],[-0.707008127078043,43.61478708116266],[-0.706959666098177,43.614632002156604],[-0.707121378248851,43.61441029852432],[-0.70839014453941,43.614398508101836],[-0.709226907813973,43.614167259446525],[-0.709678179529431,43.614377937753666],[-0.710033241307847,43.614327976428754],[-0.710845507337563,43.61400567370863],[-0.712269986009466,43.61387141706426],[-0.713007428245865,43.61415516992703],[-0.713561406770463,43.61495592768241],[-0.714148257901009,43.61546010688988],[-0.714843368933097,43.615912839579345],[-0.715622078595516,43.615799726479054],[-0.716659509648662,43.61525979615247],[-0.717720293716999,43.61508026527397],[-0.71780092889182,43.61500454240377],[-0.717631947857012,43.61463560629604],[-0.717845263101898,43.61452201285742],[-0.71812300738972,43.614598978189115],[-0.718603650777169,43.61507073971116],[-0.718841612860776,43.615184195636786],[-0.719607051945957,43.615248960018526],[-0.720109942898254,43.61541369092593],[-0.720611839368792,43.6152956109387],[-0.720853752580363,43.615317048416195],[-0.721728708410558,43.61594193016806],[-0.722598003453018,43.61592564826312],[-0.722798278272721,43.61584041582987],[-0.723270725603218,43.61511621092565],[-0.723685122055236,43.6150254371805],[-0.724064120931218,43.61522952821748],[-0.724619344693598,43.615684295335726],[-0.724624366246435,43.61648671423396],[-0.724704021661643,43.61656775454268],[-0.725435144281384,43.61652376099751],[-0.726672505059371,43.6162759315584],[-0.727107484549432,43.61636819702581],[-0.72718596467095,43.616450176735185],[-0.727132662413882,43.61654568684983],[-0.7267839605745,43.616712586943414],[-0.726718363147398,43.61688598559699],[-0.72706831655162,43.61725320386463],[-0.727216841430362,43.61766877001787],[-0.727415428614687,43.617881744444574],[-0.728802168068053,43.61817643801435],[-0.729538163379473,43.61795930045282],[-0.730214742601029,43.61818197749272],[-0.730186258271163,43.61837302039863],[-0.729728342278273,43.618404960946904],[-0.729983826201179,43.61878712549714],[-0.729664035450261,43.61909356369953],[-0.729870189695513,43.61940355876777],[-0.730859145987653,43.619719995115666],[-0.730736321753892,43.62034755492906],[-0.730992367057182,43.62056665733544],[-0.730132109399608,43.62051333355428],[-0.729445243373068,43.62055223440953],[-0.72899873384313,43.620473884395686],[-0.728652765283237,43.62032091936446],[-0.72853016528131,43.61998012937158],[-0.727620510593321,43.620005948934065],[-0.72686709006639,43.619803006666224],[-0.72654604574003,43.61888892288025],[-0.726257130944188,43.61860247969058],[-0.725964483502933,43.6184683953929],[-0.725299763675791,43.61844705965827],[-0.724421218103129,43.618092559056585],[-0.723833740513888,43.618057756334714],[-0.722821426201448,43.617609645385215],[-0.722210706723219,43.6176368835155],[-0.721432011023986,43.617425764123055],[-0.720883856504907,43.6176337082303],[-0.720610935527036,43.61763134820569],[-0.720346648005451,43.617303512262836],[-0.720160828675261,43.61724862483457],[-0.719731595393545,43.617474108003655],[-0.718527069528459,43.61708208429849],[-0.718039972405326,43.61723747993246],[-0.717971336156619,43.61742178574936],[-0.718071256843847,43.61783452221675],[-0.717341081950847,43.61800814435692],[-0.717294197190327,43.61833672969838],[-0.717106350858451,43.61865212411152],[-0.717092339633087,43.619143525117934],[-0.717911958245194,43.61990905293886],[-0.717655104479344,43.62076637479102],[-0.717806517198432,43.62126562601849],[-0.718141808036038,43.621751376588804],[-0.718298915513108,43.62237654140724],[-0.71813084521453,43.623226322370705],[-0.718425985304127,43.624125102772624],[-0.719469281835827,43.62417045150078],[-0.719455760809923,43.62510862455779],[-0.719310617252914,43.62533698765584],[-0.719533677875493,43.62613734813243],[-0.719198584781293,43.626362306860145],[-0.71910367910899,43.626524093491966],[-0.718915254264126,43.62776731489639],[-0.719198527814565,43.62982040370664],[-0.719576176001544,43.630231741261426],[-0.719533552155011,43.630625941579254],[-0.717760782323484,43.631897277699395],[-0.717429462635029,43.632314868610734],[-0.716291373166472,43.632703311356146],[-0.716944915286903,43.633180886017755],[-0.717507226347565,43.63301661903309],[-0.717842427256376,43.63372937701439],[-0.717682166691862,43.63387808598293],[-0.717682470339142,43.634035712599214],[-0.7174969009916,43.63431049621531],[-0.717905340369547,43.635387367694136],[-0.716945800284495,43.63686595962998],[-0.71685718500591,43.637182464343084],[-0.717125357644619,43.638123617289935],[-0.717116016438716,43.638419394445805],[-0.716958872566019,43.638807604591584],[-0.713223158555848,43.63898128667543],[-0.712719025213038,43.63979570899419],[-0.712745113136218,43.64027493535387],[-0.712511027503705,43.640739631921576],[-0.711682817925229,43.64085980861462],[-0.711367225739476,43.64138763945483],[-0.709984022637102,43.64102051927305],[-0.709651234949883,43.641512900457215],[-0.709707650526494,43.641847867201946],[-0.70955190037903,43.642047754163904],[-0.709458327283397,43.643303939168526],[-0.709896125333473,43.64355202076562],[-0.710008375983762,43.64379139986185],[-0.710246188072313,43.64399676550466],[-0.710262254703389,43.64416826682537],[-0.710902798496938,43.64434816805536],[-0.712184212650986,43.64505745372145],[-0.712705759886898,43.6457170260364],[-0.712994190585213,43.64588012150446],[-0.713049741973924,43.64606738864201],[-0.713235575111046,43.64614030754865],[-0.713250850341511,43.64628030846541],[-0.713387742999915,43.64630625705604],[-0.713671272963944,43.646642469820485],[-0.714047256308451,43.64685481626001],[-0.714690341863454,43.64739852896605],[-0.715270665988052,43.64762460393536],[-0.716977764268441,43.648067062052505],[-0.717969846094909,43.64848261650563],[-0.718386391325641,43.64845935533053],[-0.718857342296276,43.64860538113454],[-0.719291775242435,43.64862834553727],[-0.719845316287965,43.64893818702229],[-0.720189542990399,43.6494632755506],[-0.72076835968539,43.649531735592454],[-0.721413222530703,43.6498339389065],[-0.723424838839002,43.6493290437438],[-0.723843300214982,43.64956422448032],[-0.724029271157262,43.65015417816846],[-0.725020355191449,43.65186955666431],[-0.725168556411523,43.65225992669231],[-0.725120477256822,43.65264621565476],[-0.723560781336317,43.65399771954615],[-0.723326480083542,43.654382281113826],[-0.723395820860352,43.65464744250045],[-0.723002980717056,43.654978883262025],[-0.722333484056617,43.65513873848784],[-0.720667672963302,43.65527865682309],[-0.720036154736328,43.65548854277605],[-0.719307702486192,43.655906223386346],[-0.718860619422668,43.65576568554609],[-0.717409092808497,43.65653147993512],[-0.716901707022368,43.65672358890053],[-0.716704479172411,43.656953731649935],[-0.716545927324527,43.65758881063972],[-0.715378147061835,43.65733598083105]]]]}},{"type":"Feature","properties":{"fid":2092,"ID":"COMMUNE_0000000009760070","NOM":"Castel-Sarrazin","NOM_M":"CASTEL-SARRAZIN","INSEE_COM":"40074","STATUT":"Commune simple","POPULATION":576,"INSEE_CAN":"04","INSEE_ARR":"1","INSEE_DEP":"40","INSEE_REG":"75","SIREN_EPCI":"244000881"},"geometry":{"type":"MultiPolygon","coordinates":[[[[-0.805327457427385,43.58765544867499],[-0.809759210870776,43.5896907528643],[-0.810253680626487,43.590007596659184],[-0.810206442996648,43.590565052213364],[-0.810455671583032,43.59099589768404],[-0.810217961147309,43.59168975565334],[-0.809984527587186,43.5919817030475],[-0.807659798478043,43.593181170113276],[-0.807193830997932,43.593965901025626],[-0.806950913136049,43.595030165895885],[-0.807101310380136,43.59557798768785],[-0.807329167859169,43.595948336251055],[-0.808983679665165,43.597308173561856],[-0.806587379042481,43.59958028676485],[-0.804164438664434,43.60227575744584],[-0.801299442885718,43.605131678621945],[-0.801095781526932,43.60497666259285],[-0.799673829031323,43.606116412382974],[-0.799001836112613,43.60557241566974],[-0.796244202116221,43.60486984761806],[-0.793687471659878,43.60510423778756],[-0.793702425650514,43.60602343895957],[-0.794004450735669,43.60676596114451],[-0.794021548008289,43.607436465585174],[-0.794221979325941,43.60780509920882],[-0.793980788264954,43.60816934605591],[-0.794263178857607,43.60876482247251],[-0.794559712284079,43.60918054330227],[-0.79758097192706,43.61110895654166],[-0.797778892229374,43.611457855717845],[-0.797983440712073,43.61226233429056],[-0.797972876898144,43.61356257777464],[-0.798089704600639,43.614502545254275],[-0.798792837302721,43.61504726664897],[-0.799907119078404,43.61547220319102],[-0.800402159486589,43.615776471914536],[-0.800830881197947,43.61616503407093],[-0.801121880627659,43.616626877482645],[-0.801111616209169,43.61707043907832],[-0.800896064533763,43.61798961116632],[-0.800603841028257,43.61879976478769],[-0.798877687442778,43.619957354014936],[-0.798138954679316,43.62087860451404],[-0.80011695721131,43.62172374604165],[-0.800372282524182,43.62132926119008],[-0.801315678899388,43.62160612875587],[-0.801916117172266,43.6216851030106],[-0.80235510672732,43.62052659325104],[-0.803193559928128,43.62129626429962],[-0.806765939678495,43.62219174360329],[-0.806097486358178,43.62368441498421],[-0.806138735483039,43.62376404372294],[-0.806471523448499,43.623808232463624],[-0.805231569868713,43.62616319787605],[-0.804790143071673,43.627135338588246],[-0.804584115986204,43.62786141454466],[-0.805625022439485,43.62833481861469],[-0.803925790114822,43.62971405014888],[-0.804161166706823,43.62991569999243],[-0.804816997526622,43.6302485570631],[-0.805154922097731,43.63096729189006],[-0.805224655200815,43.63149453649502],[-0.803884572080931,43.63155948794641],[-0.803844875001931,43.6316527625258],[-0.804008264474121,43.63222717457589],[-0.804053996189599,43.63310298063339],[-0.803812734279169,43.63423296175097],[-0.80332694427027,43.6353228593037],[-0.803246355025312,43.63586527815165],[-0.803394111671891,43.63648438098545],[-0.803729602714712,43.636867198970236],[-0.803320647937443,43.637022046660334],[-0.801202724288783,43.63650703002257],[-0.800178781951021,43.63664644832842],[-0.800152789361664,43.63679689524155],[-0.801456634306294,43.640166329687645],[-0.801533691913639,43.640897811880045],[-0.801374381801242,43.64141325746341],[-0.80016493171101,43.64255368282608],[-0.80001155423941,43.64306531556208],[-0.798576645523598,43.642695704417775],[-0.79816590534448,43.64265601409911],[-0.794769799413,43.642790898300554],[-0.794225341972501,43.64275496260042],[-0.793308834921187,43.64253293116803],[-0.793415695298593,43.6421796785112],[-0.794215422907037,43.64153738756328],[-0.79459332111154,43.641025130347685],[-0.79476824576923,43.640594730274216],[-0.794340938815165,43.64006105003272],[-0.793748978688705,43.63960698618723],[-0.79305933474388,43.639363520329965],[-0.792612638597549,43.63936109850009],[-0.792247917880791,43.63926663161007],[-0.791216433146948,43.63873060710662],[-0.790793340359916,43.63867240394272],[-0.790105736448359,43.63896574091434],[-0.789530321039697,43.638929962346225],[-0.787339102773853,43.639800898846666],[-0.786194010100108,43.63979757152424],[-0.78590580142799,43.63949052530711],[-0.786010877956397,43.638790527346686],[-0.78632113286875,43.63841758410541],[-0.787281998445794,43.63788593678505],[-0.787555997325002,43.63762145164854],[-0.787660112009998,43.63726379835112],[-0.787693182773266,43.63661945792765],[-0.787564652207622,43.63604471040443],[-0.787313687256015,43.63571925498936],[-0.786924318767828,43.63564544893927],[-0.786187722316714,43.63574138742304],[-0.785400898257328,43.63567782410514],[-0.784674816426889,43.63546350369161],[-0.784404923585498,43.63532066737983],[-0.784056620510277,43.63496706748981],[-0.783260596951729,43.634989387423666],[-0.78273380675045,43.63514465634336],[-0.78223310689842,43.63554493780364],[-0.781692018786472,43.636460990400984],[-0.781187658729876,43.637031648982195],[-0.780363555198545,43.636760356315776],[-0.778482520233264,43.636617706931965],[-0.778011693823991,43.63696378063119],[-0.777699915512011,43.63699444055375],[-0.777064102572117,43.636719278294606],[-0.776266302027481,43.63590565055802],[-0.775733231345573,43.635307120521716],[-0.775201409129081,43.6348968153614],[-0.773236063277316,43.63432011336737],[-0.772241045736447,43.63386282556967],[-0.771646790614176,43.633407830494875],[-0.771161067158593,43.63288690902759],[-0.770331238182457,43.63158431580438],[-0.769718699603102,43.630869612955344],[-0.769654508053214,43.630478187036445],[-0.769838865048772,43.630170018211714],[-0.769844867186084,43.62986533656135],[-0.769543961946153,43.629608238908325],[-0.768775373700928,43.6291790991362],[-0.767370744981569,43.62867653038079],[-0.766507825100685,43.62805697426165],[-0.766461880176869,43.627395574565206],[-0.765892576442138,43.627167592354716],[-0.765612654283814,43.6271538759533],[-0.763665839120539,43.6273069257301],[-0.763407595680333,43.627264527579285],[-0.76329137974671,43.62698660258704],[-0.763162295770912,43.62588939282396],[-0.762484354507496,43.6254039251598],[-0.762437952652045,43.62501818773854],[-0.762000349852564,43.62460456371798],[-0.761922504433392,43.624382059651666],[-0.762184226420372,43.62392980053954],[-0.7618322698974,43.623196128167095],[-0.761385795938959,43.62287379084189],[-0.761759753218318,43.622525742194284],[-0.761805870760552,43.622378215373466],[-0.762513659538178,43.62178889726377],[-0.762420889034104,43.621320092038246],[-0.762809504102826,43.62102557977191],[-0.762888651762775,43.62072016909451],[-0.76330438447407,43.62010222932545],[-0.763814024870322,43.62012150177324],[-0.764110569312542,43.620011235918476],[-0.765029352441113,43.62008658434549],[-0.765768378365445,43.6200114186664],[-0.767021107351549,43.61926264858917],[-0.767226663390024,43.619371721990845],[-0.767485277515769,43.61936365199621],[-0.767575690763478,43.61928664992404],[-0.767610747729922,43.6189899711201],[-0.768022429257797,43.61878291749774],[-0.767957967424155,43.61838700004706],[-0.767807852847907,43.61831023518875],[-0.767382466932637,43.61828986094709],[-0.767333610164338,43.61816904690414],[-0.767404605230251,43.61789093936265],[-0.767257009450965,43.61772040328676],[-0.767323715733993,43.61750910382081],[-0.767250308722405,43.61712790960088],[-0.767542873493921,43.61695741832537],[-0.767553392573681,43.616815627899406],[-0.767098172432779,43.61622788381112],[-0.767158298512849,43.616124007917485],[-0.767741143927464,43.61591822400731],[-0.767822853955212,43.61563343912204],[-0.766978125156912,43.61521234410836],[-0.766900450345599,43.6149925412829],[-0.766937211269212,43.61466517737086],[-0.767656794934249,43.61399344202529],[-0.768259289196258,43.613162720325164],[-0.768297860861856,43.611882249969995],[-0.769320081667135,43.61060997894591],[-0.76927318497361,43.61027380813496],[-0.769614779424521,43.610133136651406],[-0.768987556537891,43.60960632366092],[-0.769136647239838,43.60853640859755],[-0.768641865107333,43.60838333146774],[-0.76855592965392,43.60777377365234],[-0.770077592962117,43.60789570673614],[-0.769963723281021,43.607276310071285],[-0.770735914768023,43.606954036779854],[-0.771878655010289,43.60793044535939],[-0.773598446967222,43.606956383644714],[-0.775669625902085,43.60619887780934],[-0.776152142840575,43.605770434120686],[-0.777024998075407,43.60581033754519],[-0.777965050478903,43.60485701822375],[-0.77799437575098,43.60468124313067],[-0.777840019978784,43.604539783787324],[-0.778779315114018,43.60385762342496],[-0.778937022555966,43.603203560618105],[-0.779883208308258,43.60305892636403],[-0.780126971978658,43.60292072508283],[-0.78015484174854,43.602215331187864],[-0.780276016765245,43.60200392893265],[-0.780262855179012,43.601785493491164],[-0.780393419781006,43.60164132397422],[-0.779918305644955,43.60125971359258],[-0.780009345795407,43.60079803868064],[-0.780185873204051,43.60058020552522],[-0.780147481957389,43.60029869221466],[-0.779820145185672,43.60009029444096],[-0.779809525450138,43.59959072262224],[-0.779973446272741,43.599369725599416],[-0.779934108472592,43.59892339996305],[-0.78078274719386,43.59874792168146],[-0.781037510573733,43.59834450115875],[-0.781308729770924,43.59787114565713],[-0.78155679454692,43.59779854902207],[-0.781801841219551,43.597830549197084],[-0.782212301530972,43.59839726384376],[-0.782377993673182,43.59848517426278],[-0.78318064979248,43.597969876971675],[-0.784485973262699,43.59823515828813],[-0.785703351097612,43.59878273842469],[-0.787443322673258,43.59862836997821],[-0.788778097882412,43.59830705382404],[-0.788781130208896,43.59621439223709],[-0.788867381120635,43.596075361596206],[-0.789340322043086,43.595804829821816],[-0.789438241080358,43.59557981559733],[-0.797115874922287,43.59540163175479],[-0.798906274856678,43.59529935980869],[-0.799858298871498,43.59580652376482],[-0.800834059121825,43.59420316562021],[-0.801279423512774,43.59407857460276],[-0.801947075029665,43.59433444361473],[-0.802934628086859,43.59307836261404],[-0.803566935456074,43.591642848748386],[-0.804137772664581,43.59060764065229],[-0.804189886907953,43.58974915077223],[-0.804702279168366,43.58934654997536],[-0.804711420971916,43.58922281959222],[-0.804443966483953,43.58883403893696],[-0.805327457427385,43.58765544867499]]]]}},{"type":"Feature","properties":{"fid":2153,"ID":"COMMUNE_0000000009760064","NOM":"Argelos","NOM_M":"ARGELOS","INSEE_COM":"40007","STATUT":"Commune simple","POPULATION":162,"INSEE_CAN":"04","INSEE_ARR":"1","INSEE_DEP":"40","INSEE_REG":"75","SIREN_EPCI":"244000881"},"geometry":{"type":"MultiPolygon","coordinates":[[[[-0.623089637008277,43.60092242570461],[-0.622838336646586,43.600927207960176],[-0.622309052150933,43.600789043452544],[-0.622227924565121,43.60060350115048],[-0.622462394737139,43.60011650029541],[-0.622416623596978,43.599921672237336],[-0.622225037521797,43.599753325853435],[-0.621530385203251,43.59954771717806],[-0.62124835671737,43.59930132192954],[-0.620918046468801,43.599350167745285],[-0.620703979255286,43.599846392124945],[-0.620509158430734,43.59999970436044],[-0.620227384379585,43.59999288689051],[-0.619575241137688,43.59969487677804],[-0.619281364637216,43.599162446045334],[-0.619374055773877,43.59894228531879],[-0.619190333911277,43.59874124642741],[-0.618223875712775,43.59860772697933],[-0.617053445615906,43.59875751163821],[-0.616428315004552,43.59845498118464],[-0.6156893091458,43.597958084194886],[-0.615658687083135,43.59776725344757],[-0.615811313930901,43.59765228447485],[-0.61680766310921,43.597474084925636],[-0.61742284602946,43.597167165321736],[-0.617603189603454,43.59696119953495],[-0.617490356626717,43.5965281162106],[-0.617370068694645,43.596448358281535],[-0.617086813237901,43.59647671018601],[-0.616875953735925,43.596807989119604],[-0.616615194458857,43.59685900868462],[-0.616160317454509,43.5964652393745],[-0.615887678052069,43.5963671357322],[-0.615311558273808,43.59654664695692],[-0.61499878011112,43.59655886303031],[-0.614869853042279,43.59616504397385],[-0.615017596775154,43.5960709549546],[-0.615528603460553,43.59597918058072],[-0.615609240050229,43.59580355984513],[-0.615405167714071,43.59555455540044],[-0.614770386102753,43.59531448751932],[-0.614398309618993,43.59532957706407],[-0.612584495569146,43.595711496674056],[-0.612033650410726,43.59572171778514],[-0.611886969885541,43.5955572653862],[-0.611859828507487,43.595067285173386],[-0.612307319495984,43.59487225664067],[-0.612385360068803,43.59465529275021],[-0.612365293527642,43.594533464833646],[-0.611961516189991,43.59441899907004],[-0.61404439747079,43.59335170442577],[-0.614338267560549,43.593098731627514],[-0.614416458423147,43.59286464785082],[-0.614817248630286,43.59240095234957],[-0.614653558282407,43.59228120487319],[-0.614537520211624,43.59201305616536],[-0.614294399367574,43.59059353804816],[-0.613545848115844,43.589982561977244],[-0.61253419824183,43.58861744459691],[-0.612259745466255,43.58813569645516],[-0.611883440533145,43.58711871935566],[-0.611657884085165,43.586212916627034],[-0.611164704819466,43.58534664118085],[-0.610609178200993,43.58480849017853],[-0.610496374355821,43.58453212583514],[-0.610532771227181,43.584204863462],[-0.609929349931636,43.5829054147773],[-0.609457326393608,43.58125212660159],[-0.609513909830629,43.580517081072905],[-0.609258174191807,43.57987888802549],[-0.608883272634664,43.57945361749665],[-0.608914086840956,43.5793526161903],[-0.609380722395843,43.57910922489],[-0.608933736467852,43.57871967753759],[-0.608214140452159,43.57832928388414],[-0.606940797620054,43.57813652659045],[-0.606480008227044,43.57790144679022],[-0.606082324997456,43.57764535410349],[-0.605719429250834,43.57721337087565],[-0.60305812456853,43.57565259205116],[-0.603011185652547,43.575398355449536],[-0.60326295636782,43.5750675515341],[-0.603954679381488,43.574956317197284],[-0.60524695344421,43.57572761938605],[-0.605848094309193,43.57646152509095],[-0.605958952281374,43.57674696297412],[-0.60670690957214,43.57589437795573],[-0.60679718838331,43.57565539757534],[-0.607822180434282,43.574559418895845],[-0.608246183811454,43.57430844243084],[-0.609716978092061,43.57368309382871],[-0.610130891135841,43.57297669699085],[-0.610715673167626,43.57226911737385],[-0.610953978490764,43.5717252793861],[-0.61086556604542,43.57073386209707],[-0.611153892563327,43.570236996752804],[-0.611339061975946,43.56963638173719],[-0.611263692014313,43.568537350444956],[-0.611433803685362,43.56795344918176],[-0.611345377694915,43.567591614224746],[-0.611437349254046,43.56718324513345],[-0.612593193563857,43.56598559109373],[-0.612757107435472,43.56565768892504],[-0.613181344847591,43.56537245802399],[-0.613428201774624,43.5649652348432],[-0.613836890896557,43.564610265561775],[-0.615805202329144,43.56339362112936],[-0.615967995689281,43.563343162188424],[-0.617116656746614,43.563547163412665],[-0.618509870788775,43.563406141274555],[-0.618772066447896,43.56318393487433],[-0.619002174717564,43.56245300950684],[-0.61957613800546,43.562068186627464],[-0.623992675078337,43.5621819724009],[-0.62423734117323,43.56174147023739],[-0.625167466997071,43.56179956778589],[-0.625974609656644,43.562675089975436],[-0.62620236754323,43.562829603201955],[-0.626464587570062,43.56317661273064],[-0.627542046578835,43.56378189061635],[-0.627831982887317,43.56413607716741],[-0.62796903982275,43.56503038577989],[-0.628298300578129,43.565908361009704],[-0.628378435756873,43.5664704163973],[-0.628624075109187,43.566691879827964],[-0.62950018263337,43.56675625302679],[-0.629538277935646,43.566908096932224],[-0.630643761083801,43.56787629275397],[-0.632522053257439,43.56829350734434],[-0.632298462190561,43.56869459600812],[-0.630692003361763,43.57004805915323],[-0.629526069256063,43.570278908042795],[-0.629620722346795,43.57107015705066],[-0.630280537689021,43.57176774502092],[-0.63078392485271,43.57187249948119],[-0.631999096839784,43.571910199587855],[-0.630929087579444,43.57328534283174],[-0.631179594416014,43.57495316413409],[-0.630806755953722,43.57518901128483],[-0.629693602328665,43.57617738386065],[-0.630209811509365,43.57758052481036],[-0.630810042007137,43.577785622866415],[-0.632570555259174,43.57872469468457],[-0.633325844995926,43.57967577743975],[-0.6335978655877,43.57976484820006],[-0.634365741028845,43.580268754159555],[-0.634854862693048,43.580420807473445],[-0.635370581419996,43.581051143627406],[-0.635881912581071,43.58172936243433],[-0.635814922761888,43.582060364482274],[-0.635611035151104,43.58220590261562],[-0.635697499345219,43.58263174330121],[-0.635603903278268,43.583070820738044],[-0.635775971464297,43.584358474579204],[-0.63570474149367,43.58499405869445],[-0.636104003479912,43.58536979181704],[-0.636114748977079,43.58577385050985],[-0.636084724640503,43.58621890620057],[-0.635585790667817,43.58694897972684],[-0.635466135811311,43.58728985267705],[-0.63534607767509,43.587819888257286],[-0.635396752481064,43.588189284072314],[-0.634760535950752,43.588923951202446],[-0.633784386580423,43.58963306437793],[-0.633005117840691,43.59006626725279],[-0.6321039164714,43.59035492659755],[-0.630893813405785,43.59061878241705],[-0.628287205535766,43.59156971095429],[-0.626888318853084,43.59225865972412],[-0.626749464865754,43.592806426026165],[-0.626084164131646,43.59341681226163],[-0.625983928180964,43.59373270621337],[-0.626218642759101,43.59401489528795],[-0.626346548147154,43.594940155868066],[-0.626639497149221,43.59504566151238],[-0.627103635257926,43.59621188948997],[-0.628900051406255,43.597279552911495],[-0.629746769199187,43.597635853948105],[-0.631428576875387,43.59853617521624],[-0.632329655830378,43.59771520555722],[-0.633260282401902,43.59786961485166],[-0.633079780402152,43.59809182672361],[-0.63338538535569,43.59824012624184],[-0.632865930153467,43.59851151018273],[-0.632139893795606,43.59867180865487],[-0.632027695942939,43.59875932848229],[-0.63202660556743,43.59901606895711],[-0.632578333070869,43.599371408679026],[-0.632498334833472,43.59965420791122],[-0.631701801851952,43.59983667729066],[-0.630980326329124,43.60032377485914],[-0.629647693628364,43.600162968289794],[-0.629443296240314,43.60018421232685],[-0.628891719448249,43.60047736658643],[-0.628445846492911,43.60056072187173],[-0.62823558966359,43.60048938576213],[-0.627680368610413,43.599706301755994],[-0.626957924828106,43.599179200293555],[-0.626209665304672,43.59910601536559],[-0.625647993846937,43.59927879436782],[-0.624639400260475,43.59896929786669],[-0.624425617628602,43.599077314179816],[-0.624294311651904,43.59945098918147],[-0.624421296430493,43.599773708906916],[-0.624736528937676,43.600133378576466],[-0.623937729699862,43.60077072555718],[-0.623089637008277,43.60092242570461]]]]}},{"type":"Feature","properties":{"fid":2298,"ID":"COMMUNE_0000000009760066","NOM":"Marpaps","NOM_M":"MARPAPS","INSEE_COM":"40173","STATUT":"Commune simple","POPULATION":133,"INSEE_CAN":"04","INSEE_ARR":"1","INSEE_DEP":"40","INSEE_REG":"75","SIREN_EPCI":"244000881"},"geometry":{"type":"MultiPolygon","coordinates":[[[[-0.661887331601012,43.56910619150251],[-0.662758117836717,43.56887234243041],[-0.663733614827845,43.56841607768188],[-0.667367734693108,43.5680420246853],[-0.670347841052732,43.56724321571379],[-0.671082480667897,43.56681844742487],[-0.672265600703179,43.56594975667778],[-0.673185837722218,43.56544483366188],[-0.673325532642115,43.56538245901112],[-0.673664469805313,43.56554932690222],[-0.673731902688617,43.56551912174842],[-0.674172978102692,43.564979070156014],[-0.674637117547023,43.564683230634046],[-0.674999931832474,43.56408187483218],[-0.675788860672398,43.56404164202447],[-0.676443173796208,43.56367900405461],[-0.676820329011373,43.56303121927361],[-0.677437500868987,43.561432248687275],[-0.676778019574875,43.56059261262084],[-0.677254291472327,43.56025491712616],[-0.678159391243787,43.559960329177784],[-0.678514872735343,43.55997980313201],[-0.679471862338964,43.559818552177056],[-0.68003065471454,43.55962846516759],[-0.680641609520191,43.559595131887576],[-0.681979432324972,43.559945156697914],[-0.683024084598526,43.56033934470814],[-0.683367327573268,43.55999442725784],[-0.683528002209255,43.55966111112081],[-0.684203697581388,43.559343634888116],[-0.68544363098064,43.5598662765745],[-0.686236306603417,43.5590755389182],[-0.687025702941673,43.558446135402534],[-0.686632580306993,43.557840699645666],[-0.687342805049492,43.557309459995935],[-0.687584807359744,43.55723998627432],[-0.689212430207733,43.557050447612916],[-0.690899308437408,43.55710836808773],[-0.692920451555668,43.5570486004382],[-0.693134872190023,43.55737817202737],[-0.694493426528768,43.5581650887595],[-0.694450018344261,43.558683582141775],[-0.695390035718877,43.55902897371569],[-0.695865431060236,43.55950637850776],[-0.696020143564458,43.55956235775472],[-0.6973495871719,43.55968459810914],[-0.697929180956629,43.560490812198715],[-0.698996469587252,43.56096514475567],[-0.700477650927911,43.56205676376101],[-0.700409607400691,43.562365332185415],[-0.700784592642862,43.56280200739222],[-0.700666076834864,43.56332667127793],[-0.700242243845231,43.5633618420406],[-0.700190869481449,43.56389052092159],[-0.700371193723923,43.564842748846246],[-0.700028044155015,43.56522645194372],[-0.699209428412391,43.56680451980626],[-0.698704879855308,43.56712526486564],[-0.697624121700064,43.568404204988056],[-0.695472431236111,43.567058850599416],[-0.695038610468755,43.56726637953512],[-0.694407809963864,43.569070400912445],[-0.693942037919605,43.56935917782881],[-0.694278197545511,43.56955850551713],[-0.69266777073231,43.56996279955401],[-0.694037813177794,43.57105829870834],[-0.695545945757271,43.57187345674991],[-0.697395819034187,43.57274270697814],[-0.693926204249369,43.575173941557296],[-0.693296931747144,43.57544486084564],[-0.691212135185956,43.57608504957771],[-0.690628225600848,43.57640665248554],[-0.690149959807009,43.57679131445938],[-0.689616570699163,43.577590383800114],[-0.689306627113059,43.57883942802759],[-0.688447491256114,43.58012244888183],[-0.687859170691654,43.581513357243416],[-0.687742394978718,43.58222169931329],[-0.687906981854673,43.582237724996254],[-0.688871188038822,43.583127313810294],[-0.689340528416936,43.58312307190041],[-0.689706123584135,43.583278181997834],[-0.689768827795239,43.58342467205995],[-0.68991587797256,43.583437688024446],[-0.6915956363759,43.583295903407155],[-0.692114638403759,43.58352415242106],[-0.693259174927686,43.583806779192564],[-0.693480068696203,43.5839658997802],[-0.692531248002251,43.58491423244276],[-0.691889702235496,43.58640155715586],[-0.691688942609989,43.58665158468751],[-0.691351714993374,43.58684139933268],[-0.691430385329135,43.58760165083011],[-0.691720555943026,43.58835561095235],[-0.69243968174612,43.588785126051775],[-0.692234576643803,43.58896774699729],[-0.691840580306454,43.58910364792504],[-0.69073922493576,43.589223966302455],[-0.690265521645197,43.589392295694985],[-0.689125902277654,43.58939950418379],[-0.688843495406741,43.589170404957635],[-0.688267327628198,43.58924853034322],[-0.687760886423544,43.589119816145256],[-0.68659457762696,43.5890972798077],[-0.68414623161989,43.58875525109664],[-0.683367842270536,43.58881048889641],[-0.682883009508686,43.5890566264041],[-0.682528764519439,43.58907855212445],[-0.681833935041059,43.58885261670426],[-0.681146321836022,43.58873902427979],[-0.680524026653242,43.58852323144857],[-0.678394305999668,43.58802795595331],[-0.677358955012619,43.58805672916299],[-0.676608263473983,43.58788669790314],[-0.675281842330351,43.58691198628814],[-0.672383756587663,43.586626358110905],[-0.672115689639208,43.58710380601467],[-0.670785028936228,43.586738979826684],[-0.666128894614701,43.58595327104815],[-0.66515796855793,43.585845545067],[-0.66550526981547,43.58364055354392],[-0.665469256977725,43.583445411849965],[-0.665118839751305,43.583080742008185],[-0.665107181520304,43.58289828881866],[-0.665317047555827,43.58154822438888],[-0.665293601396649,43.58030872172731],[-0.665458228929453,43.57966635210527],[-0.665623705856428,43.579522052581915],[-0.665297789054334,43.57798922364253],[-0.664961160838653,43.57749078363315],[-0.665175714519295,43.57695121311141],[-0.664835626234976,43.57696089582538],[-0.664700812255712,43.57576208739435],[-0.664860207430515,43.5753675947194],[-0.664832561227553,43.574294872304684],[-0.664356425092169,43.573958768946454],[-0.663359626245957,43.573636637039286],[-0.66360547777223,43.572927580673145],[-0.663110743625633,43.57105818248557],[-0.662982289821827,43.570676111666046],[-0.661887331601012,43.56910619150251]]]]}},{"type":"Feature","properties":{"fid":2328,"ID":"COMMUNE_0000000009760074","NOM":"Pomarez","NOM_M":"POMAREZ","INSEE_COM":"40228","STATUT":"Commune simple","POPULATION":1605,"INSEE_CAN":"04","INSEE_ARR":"1","INSEE_DEP":"40","INSEE_REG":"75","SIREN_EPCI":"244000881"},"geometry":{"type":"MultiPolygon","coordinates":[[[[-0.88469583221754,43.62302130984887],[-0.884871571408417,43.623656442101755],[-0.885171045702527,43.626647427130195],[-0.884805752776755,43.62945499536262],[-0.883900625826974,43.63207556961551],[-0.882816195488367,43.634522372323666],[-0.881565267388203,43.63672827450611],[-0.879626684566402,43.63958843328816],[-0.878796184343017,43.64056851154737],[-0.878362418590321,43.64055607028046],[-0.877543220591506,43.64031054495907],[-0.870608595742478,43.63872455956045],[-0.870705988386834,43.63981744845682],[-0.870928584055341,43.64059687846934],[-0.873070895485133,43.64355196377449],[-0.87316996473156,43.64547630385845],[-0.873434478627059,43.64568218333113],[-0.873271456410417,43.64606005663572],[-0.873341212365059,43.64619270126121],[-0.873238318059492,43.646781037791264],[-0.872857797079261,43.647299993403585],[-0.87116138466359,43.6485595128779],[-0.870327636334858,43.647732481898835],[-0.869687264131817,43.64734359079083],[-0.868664620135741,43.646952092350375],[-0.868282803350302,43.64405316563438],[-0.868631825843423,43.643692101120166],[-0.868169410772578,43.64301669647811],[-0.866698987564232,43.64273481598463],[-0.86592869830664,43.6434712124722],[-0.865240894080686,43.64361009461172],[-0.856604777767532,43.64418724979255],[-0.851779632068696,43.64467461959407],[-0.846410385165938,43.64487474357855],[-0.836765528481615,43.64565717859841],[-0.836116810198249,43.64578818707944],[-0.834528359568806,43.644890253917],[-0.833952265248235,43.644808787693904],[-0.833538515124554,43.644928786703964],[-0.833406427549309,43.64514244494876],[-0.833347321584658,43.64683633294707],[-0.833673295698202,43.647666229938324],[-0.833654384696258,43.64829209037317],[-0.833419794980601,43.6492174374668],[-0.832935866808948,43.64973538468046],[-0.832080337075589,43.650280849047746],[-0.831073129868821,43.6503208693699],[-0.830792369628446,43.65025960032881],[-0.830594931587254,43.64990441732146],[-0.830611187313679,43.64957232993115],[-0.830898784805565,43.64899375186064],[-0.831504819625867,43.64831656184688],[-0.831596805808007,43.647892619477076],[-0.831484315680287,43.64763894213538],[-0.831206053030111,43.6474478637998],[-0.830833010172476,43.64734210413856],[-0.830446619445261,43.64735212293943],[-0.830169299122442,43.64743486807275],[-0.82990162649861,43.64764339175384],[-0.829727026134046,43.64837202972107],[-0.829546393872953,43.64862072553786],[-0.82897801369845,43.64884074542625],[-0.827629378180124,43.648969338024074],[-0.827127606106004,43.64920231602502],[-0.826880852872715,43.649519998959164],[-0.826488064988954,43.65049323928531],[-0.826284871905054,43.651407552969985],[-0.825932001439541,43.65162266968075],[-0.825267483080238,43.651629849390396],[-0.824979289087052,43.65151297413865],[-0.824669818703149,43.65109596256238],[-0.824806000428764,43.64986511045619],[-0.824752473581333,43.64965799716267],[-0.824191510733521,43.6493390214869],[-0.823797777151917,43.64933215843581],[-0.823486462981612,43.64924041648383],[-0.823290072851143,43.64806361071827],[-0.822822040131167,43.64729634003081],[-0.822087993456957,43.64665103191707],[-0.821528510553133,43.64661395780062],[-0.820817575986135,43.6469659675141],[-0.820642734120431,43.64672528359203],[-0.820135228370594,43.64657466965375],[-0.819662390444366,43.6467579495124],[-0.819153793549812,43.646795646234715],[-0.817991834298018,43.647695889006876],[-0.817565613568929,43.64772257580169],[-0.817122899966358,43.64804171427449],[-0.816507829307548,43.64806422081177],[-0.816267503790064,43.64786456659075],[-0.816133532945791,43.64723147373785],[-0.815863807525326,43.6470373556911],[-0.815498700435625,43.64693847259919],[-0.814986549481125,43.6464943231165],[-0.814363769483257,43.64651258452414],[-0.814062151266115,43.64636102081723],[-0.813904951119294,43.64575126332095],[-0.813410615685288,43.64548124556367],[-0.812940862257631,43.64539413481789],[-0.812700213312998,43.645506176437515],[-0.811889399885093,43.64400319612105],[-0.811962283477129,43.64336464588817],[-0.812067057316391,43.64298171622836],[-0.812896229683512,43.64209502074535],[-0.813314188296002,43.641795686480066],[-0.813269456936097,43.64052707300837],[-0.813150400412538,43.63996822749865],[-0.812796928400092,43.639540123241325],[-0.813973642775129,43.639105153425874],[-0.812824610019003,43.6381851926965],[-0.81223067105382,43.6372745709346],[-0.811130184379592,43.63633757793018],[-0.810969146880139,43.63609820013705],[-0.810873308041609,43.63525387672469],[-0.810949089548182,43.6342485898836],[-0.810757664718609,43.63383191333333],[-0.811166574921716,43.633173472164124],[-0.811413334745158,43.63240811470867],[-0.811941108607791,43.63197070824257],[-0.810621272119674,43.63112789429332],[-0.810224550722993,43.631130099752916],[-0.808554180270329,43.631543604705975],[-0.807784699464724,43.630863428783194],[-0.807482716309512,43.63085419583072],[-0.806103217322555,43.631109730912925],[-0.805154922097731,43.63096729189006],[-0.804816997526622,43.6302485570631],[-0.804161166706823,43.62991569999243],[-0.803925790114822,43.62971405014888],[-0.805625022439485,43.62833481861469],[-0.804584115986204,43.62786141454466],[-0.804790143071673,43.627135338588246],[-0.805231569868713,43.62616319787605],[-0.806471523448499,43.623808232463624],[-0.806138735483039,43.62376404372294],[-0.806097486358178,43.62368441498421],[-0.806765939678495,43.62219174360329],[-0.803193559928128,43.62129626429962],[-0.80235510672732,43.62052659325104],[-0.801916117172266,43.6216851030106],[-0.801315678899388,43.62160612875587],[-0.800372282524182,43.62132926119008],[-0.80011695721131,43.62172374604165],[-0.798138954679316,43.62087860451404],[-0.798877687442778,43.619957354014936],[-0.800603841028257,43.61879976478769],[-0.800896064533763,43.61798961116632],[-0.801111616209169,43.61707043907832],[-0.801121880627659,43.616626877482645],[-0.800830881197947,43.61616503407093],[-0.800402159486589,43.615776471914536],[-0.799907119078404,43.61547220319102],[-0.798792837302721,43.61504726664897],[-0.798089704600639,43.614502545254275],[-0.797972876898144,43.61356257777464],[-0.797983440712073,43.61226233429056],[-0.797778892229374,43.611457855717845],[-0.79758097192706,43.61110895654166],[-0.794559712284079,43.60918054330227],[-0.794263178857607,43.60876482247251],[-0.793980788264954,43.60816934605591],[-0.794221979325941,43.60780509920882],[-0.794021548008289,43.607436465585174],[-0.794004450735669,43.60676596114451],[-0.793702425650514,43.60602343895957],[-0.793687471659878,43.60510423778756],[-0.796244202116221,43.60486984761806],[-0.799001836112613,43.60557241566974],[-0.799673829031323,43.606116412382974],[-0.801095781526932,43.60497666259285],[-0.801299442885718,43.605131678621945],[-0.804164438664434,43.60227575744584],[-0.806587379042481,43.59958028676485],[-0.808983679665165,43.597308173561856],[-0.807329167859169,43.595948336251055],[-0.807101310380136,43.59557798768785],[-0.806950913136049,43.595030165895885],[-0.807193830997932,43.593965901025626],[-0.807659798478043,43.593181170113276],[-0.809984527587186,43.5919817030475],[-0.810217961147309,43.59168975565334],[-0.810455671583032,43.59099589768404],[-0.810206442996648,43.590565052213364],[-0.810253680626487,43.590007596659184],[-0.813527982103046,43.591312290424646],[-0.822331238754244,43.594084357644356],[-0.822777919411192,43.596341388686994],[-0.824105635265606,43.59740443602442],[-0.824938300116008,43.59674993469218],[-0.827089239913093,43.59827939213048],[-0.829396440993013,43.5955207958296],[-0.830991490540892,43.59575998934656],[-0.83233878366192,43.59624212005526],[-0.833230191294555,43.59609714524808],[-0.83371775013059,43.59621505228053],[-0.834287573463164,43.59519051064197],[-0.834411689097363,43.595267200918016],[-0.836047806963099,43.59547153960791],[-0.83610891702525,43.59584772629532],[-0.835653589512151,43.597212348650686],[-0.841564666629269,43.598986967705976],[-0.852495112431024,43.60374882973919],[-0.859999664515429,43.60761085520107],[-0.865223179271554,43.610155507915195],[-0.866891321085517,43.61044024066317],[-0.867431437575468,43.60832022314726],[-0.869248267051753,43.6051691874476],[-0.870859101767626,43.60649817916473],[-0.872519686572209,43.60766322325325],[-0.873872305485885,43.608746445027165],[-0.878858781704459,43.61288894038445],[-0.879325157180274,43.61345964039631],[-0.879659432835714,43.614368376650226],[-0.879894972121365,43.614550943694866],[-0.880368793713953,43.615560994777596],[-0.880861404589434,43.61609742122521],[-0.880790555548597,43.61629634093969],[-0.882989457074032,43.619799573914555],[-0.883257674083576,43.62028095534148],[-0.883450411355663,43.620325412943615],[-0.885045532585097,43.62261872536879],[-0.88469583221754,43.62302130984887]]]]}},{"type":"Feature","properties":{"fid":2824,"ID":"COMMUNE_0000000009760065","NOM":"Nassiet","NOM_M":"NASSIET","INSEE_COM":"40203","STATUT":"Commune simple","POPULATION":316,"INSEE_CAN":"04","INSEE_ARR":"1","INSEE_DEP":"40","INSEE_REG":"75","SIREN_EPCI":"244000881"},"geometry":{"type":"MultiPolygon","coordinates":[[[[-0.690082424473266,43.612259496772786],[-0.689822287428794,43.61187740830609],[-0.689197093098591,43.611582484245965],[-0.688843707253276,43.61165844229435],[-0.688583665958545,43.611894265093746],[-0.687847810447671,43.61188322640936],[-0.686421173434327,43.61113539914797],[-0.686344726429079,43.61089118816013],[-0.686215769420259,43.61081359720824],[-0.685881275104905,43.610855576530994],[-0.685575007650853,43.61102810656228],[-0.68547804444878,43.61117821982792],[-0.685773248938617,43.61199058753416],[-0.685736194135052,43.612089126415725],[-0.68508936736723,43.61205523081722],[-0.683713722469323,43.61148308654619],[-0.68306779040782,43.61117351920926],[-0.682737072913711,43.61075327582695],[-0.682250600595979,43.61080310000167],[-0.681864439564501,43.610716210090835],[-0.681777373193393,43.61063449155926],[-0.681680559554986,43.60972531509641],[-0.68150643059192,43.60956187778452],[-0.681227778789034,43.60946953968479],[-0.680392556088973,43.609396966233476],[-0.679336221124876,43.60958769063797],[-0.679088566545581,43.609572661926464],[-0.678464669172987,43.6093352831666],[-0.676604783488599,43.60946402336138],[-0.676050045307971,43.609435064057706],[-0.675523478044558,43.60918806885386],[-0.674665665265555,43.60922700798272],[-0.674200234822508,43.608986044533],[-0.674153737937469,43.60884079642601],[-0.674234446368316,43.60870745775689],[-0.674663874507285,43.608425406008024],[-0.674701078932113,43.60819355651882],[-0.674584794912224,43.60804256353276],[-0.674191382277318,43.607900046822934],[-0.673668862846587,43.608083461997154],[-0.672191131449867,43.60813974944145],[-0.670951170959694,43.607843895589546],[-0.669965971613934,43.60769344506438],[-0.669527123919944,43.607460571938994],[-0.66799210216091,43.60755116528078],[-0.667361426904199,43.60792375521994],[-0.667224242350916,43.60793018966226],[-0.666729772059638,43.60768026841605],[-0.66644153940908,43.607224318502396],[-0.666498307058847,43.60700712512958],[-0.666864050217334,43.606639884016694],[-0.666814239971304,43.60644250273003],[-0.666595315407161,43.606333699902315],[-0.665573548630919,43.6063862110398],[-0.665052221941141,43.60658845936049],[-0.66482378486251,43.60704833976947],[-0.664827364438228,43.60786068499424],[-0.664503364754762,43.607969799688604],[-0.664111321485726,43.607906466113434],[-0.663755290425474,43.607611327212496],[-0.663585905133361,43.60695860280997],[-0.662888845603296,43.60617595857492],[-0.661846026680508,43.60599585414753],[-0.660474635221997,43.605464721194075],[-0.660327448274611,43.604945455253294],[-0.659566182086889,43.60472881680082],[-0.659416173093745,43.60459245713724],[-0.659050639841911,43.603681523731204],[-0.6584475273438,43.603087546246456],[-0.657647271514083,43.60282266912248],[-0.657710589203387,43.6022413657977],[-0.657974210971093,43.601924434806186],[-0.658292964200613,43.60078147673279],[-0.658303658333938,43.600385695645045],[-0.657907422673631,43.599750519611085],[-0.658465266525081,43.59955788359444],[-0.658591793596083,43.598957336912],[-0.658740183813821,43.59875777892252],[-0.659490354085453,43.59818034956064],[-0.660189928357825,43.59805318397641],[-0.66063986648496,43.597859670211804],[-0.660704150040144,43.59766294507891],[-0.660575493347742,43.5972007047852],[-0.660079304554205,43.5959510078983],[-0.661012221824282,43.595363803559444],[-0.662235113061644,43.594252493378036],[-0.662419564926734,43.593880575238295],[-0.66242610739379,43.59355609223157],[-0.662761295137944,43.592827804311845],[-0.663259611886807,43.59215075688496],[-0.663776085492691,43.58968244832115],[-0.664279392116263,43.58989874907081],[-0.664862932243523,43.58917918549707],[-0.664787035675465,43.58801080306603],[-0.66531765101478,43.587859580721755],[-0.664650308312726,43.58732546275108],[-0.664418999960473,43.58702162019315],[-0.664355058788119,43.58574925267944],[-0.66515796855793,43.585845545067],[-0.666128894614701,43.58595327104815],[-0.670785028936228,43.586738979826684],[-0.672115689639208,43.58710380601467],[-0.672383756587663,43.586626358110905],[-0.675281842330351,43.58691198628814],[-0.676608263473983,43.58788669790314],[-0.677358955012619,43.58805672916299],[-0.678394305999668,43.58802795595331],[-0.680524026653242,43.58852323144857],[-0.681146321836022,43.58873902427979],[-0.681833935041059,43.58885261670426],[-0.682528764519439,43.58907855212445],[-0.682883009508686,43.5890566264041],[-0.683367842270536,43.58881048889641],[-0.68414623161989,43.58875525109664],[-0.68659457762696,43.5890972798077],[-0.687760886423544,43.589119816145256],[-0.688267327628198,43.58924853034322],[-0.688843495406741,43.589170404957635],[-0.689125902277654,43.58939950418379],[-0.690265521645197,43.589392295694985],[-0.69073922493576,43.589223966302455],[-0.691840580306454,43.58910364792504],[-0.692234576643803,43.58896774699729],[-0.69243968174612,43.588785126051775],[-0.691720555943026,43.58835561095235],[-0.691430385329135,43.58760165083011],[-0.691351714993374,43.58684139933268],[-0.691688942609989,43.58665158468751],[-0.691889702235496,43.58640155715586],[-0.692531248002251,43.58491423244276],[-0.693480068696203,43.5839658997802],[-0.694540491615472,43.585000791441836],[-0.695025765772924,43.58530133420847],[-0.695303249826661,43.585896285415885],[-0.696892673646625,43.58633216933736],[-0.697438002742902,43.5863721439421],[-0.697719919020277,43.58595900821191],[-0.698005226005262,43.58602134830501],[-0.698727150609043,43.585629248603965],[-0.70008370230141,43.58545150790979],[-0.700110892091975,43.58575773465833],[-0.701043005079777,43.58570433979681],[-0.701639770156968,43.585216504731164],[-0.701557535239762,43.58495989474226],[-0.701125342212912,43.58477196469965],[-0.701192854613153,43.58460842960311],[-0.701466948961918,43.58457386244791],[-0.701743411883106,43.58440320150609],[-0.702146377026049,43.58431109376013],[-0.702723706221081,43.583868051745206],[-0.703633965042815,43.58391806394721],[-0.704046836302886,43.583231119643635],[-0.704004466449316,43.58276688081749],[-0.704186533220605,43.58228597567738],[-0.704706243293453,43.582428570909634],[-0.705563136570517,43.58242003771453],[-0.705911176454227,43.58230276820206],[-0.706094844023149,43.58238386941167],[-0.706265900981136,43.58234650260479],[-0.70645768423677,43.582438135049046],[-0.706783310141094,43.58243422120831],[-0.707346248155159,43.5822294415635],[-0.707692858071857,43.58226263953962],[-0.708067516640354,43.58240386846339],[-0.708788320236628,43.58243688945737],[-0.709257954444087,43.5822839280381],[-0.710213256890349,43.58172794399048],[-0.710691232049818,43.581876441200514],[-0.710932241330517,43.58159887822622],[-0.711207877754762,43.58181824383422],[-0.711906160814563,43.581809678812434],[-0.712186936697236,43.58201265290946],[-0.712693880606894,43.581938566801874],[-0.712871025828424,43.5820144754302],[-0.713249549643721,43.581966397446806],[-0.713421227401251,43.582187512769515],[-0.713646489838241,43.58224105679384],[-0.714516687757434,43.582227493874676],[-0.714842046579085,43.58210466604191],[-0.71425747023829,43.582625488158534],[-0.714298541818887,43.58312580018216],[-0.714104741739945,43.58334771090321],[-0.714358268484484,43.58395244630774],[-0.714305335134687,43.58458928666861],[-0.713963612274483,43.585780062194715],[-0.714072751145058,43.587522885596066],[-0.713811545827673,43.58817766181951],[-0.71357944036636,43.58849726275472],[-0.712225696766274,43.58948485158232],[-0.711952127746241,43.59002565039158],[-0.711728594334306,43.59124390562113],[-0.711833450878505,43.5913321972595],[-0.712316442678207,43.59142287141262],[-0.712431236218162,43.59153063930308],[-0.712869464259375,43.592327231844635],[-0.713583419724297,43.59332426802581],[-0.713690962363595,43.59368359384845],[-0.713828235946175,43.59467423364246],[-0.713789671953121,43.596298717131965],[-0.713917838185776,43.596727597345904],[-0.713772365614267,43.59691182442114],[-0.71390777746197,43.59726119029474],[-0.713592582931854,43.59861410211647],[-0.713078857865736,43.599121685183846],[-0.713821948877738,43.59939982556007],[-0.713577929979164,43.600301725745446],[-0.713678909583328,43.60071262156363],[-0.713264412207361,43.60112583486435],[-0.714009454607983,43.601663327681436],[-0.714424702645495,43.60560527166436],[-0.714866430973033,43.608462699257075],[-0.714569040228965,43.60871337706531],[-0.714612498442157,43.60951807602026],[-0.714433483320156,43.61040965286632],[-0.713976499920984,43.61076126897788],[-0.712121795766484,43.61355490857985],[-0.712269986009466,43.61387141706426],[-0.710845507337563,43.61400567370863],[-0.710033241307847,43.614327976428754],[-0.709678179529431,43.614377937753666],[-0.709226907813973,43.614167259446525],[-0.70839014453941,43.614398508101836],[-0.707121378248851,43.61441029852432],[-0.706959666098177,43.614632002156604],[-0.707008127078043,43.61478708116266],[-0.707556088554236,43.61530433128459],[-0.707548992550681,43.615539673481294],[-0.707163784153905,43.61583296153153],[-0.706842468700477,43.615810600796365],[-0.706492045843884,43.61566402609102],[-0.706241471014502,43.61545098932345],[-0.705808847487099,43.61455057531668],[-0.704218026202171,43.61464358033791],[-0.704101523222569,43.61456738603908],[-0.704033900129782,43.614249921398006],[-0.703856807984942,43.6140226636327],[-0.70351032752723,43.613648953418135],[-0.703300005346408,43.61355974411676],[-0.703005748943344,43.613591396338066],[-0.702596924708375,43.613807106373656],[-0.702367718793111,43.614308538505284],[-0.702140099050104,43.614258649383295],[-0.701650141493231,43.61369796222012],[-0.701028828244863,43.61338765788216],[-0.701023822586284,43.61386703358175],[-0.701196202911389,43.61402149441434],[-0.701124113912035,43.61419149295178],[-0.700621099414295,43.61415819195624],[-0.700258300977303,43.614280446803185],[-0.699641284034667,43.61420959049855],[-0.698723705819819,43.61428408179169],[-0.698445234452646,43.61442597740976],[-0.698280378348261,43.61440727098147],[-0.697781852427198,43.61407835466004],[-0.697627879373475,43.61407458964452],[-0.697352946177013,43.61409836237871],[-0.696831893312396,43.61430435936242],[-0.69596385262106,43.614320393060474],[-0.695045304831896,43.61403368185957],[-0.695320493887999,43.613609969486305],[-0.694964250075497,43.61327619968238],[-0.694624071411079,43.613230124849956],[-0.693896300346121,43.61340260597383],[-0.693204679064423,43.613270297569855],[-0.692523019285351,43.61219545504254],[-0.692531645065258,43.61196366745964],[-0.692273639127074,43.6119228983571],[-0.691979484581232,43.61176355712574],[-0.691669526072276,43.61172455287064],[-0.69131941941594,43.611870666489224],[-0.690929788227673,43.612423462126465],[-0.691105378512922,43.61247424175939],[-0.691104870993677,43.61265891389231],[-0.690082424473266,43.612259496772786]]]]}},{"type":"Feature","properties":{"fid":2889,"ID":"COMMUNE_0000000009760068","NOM":"Castaignos-Souslens","NOM_M":"CASTAIGNOS-SOUSLENS","INSEE_COM":"40069","STATUT":"Commune simple","POPULATION":424,"INSEE_CAN":"04","INSEE_ARR":"1","INSEE_DEP":"40","INSEE_REG":"75","SIREN_EPCI":"244000881"},"geometry":{"type":"MultiPolygon","coordinates":[[[[-0.635370581419996,43.581051143627406],[-0.636182300421343,43.58015477230315],[-0.636700422189629,43.579787038958436],[-0.637767862983615,43.57844974780406],[-0.637873537321766,43.5776544855088],[-0.638948482132692,43.57667090821473],[-0.6395955968268,43.57644294825293],[-0.64023587053284,43.57581439964711],[-0.641043789464026,43.57480192666716],[-0.64238828034038,43.57449470749178],[-0.643186407353237,43.57438235161992],[-0.644050872453501,43.57435873380365],[-0.644506485192137,43.57468570378685],[-0.646178932663832,43.574841196012585],[-0.646789591162048,43.57478104765647],[-0.646820087300448,43.57444225728124],[-0.647137277690059,43.57436494623136],[-0.64771413102286,43.5742798079506],[-0.647828796173683,43.57446600354051],[-0.647944565307731,43.57447472227984],[-0.648618965891095,43.574384498944674],[-0.64886231607071,43.57425652328724],[-0.649611084820397,43.57408903443243],[-0.651720379582232,43.57340019571927],[-0.654123327316,43.572460037179454],[-0.655788263455769,43.57144831062856],[-0.656874521977052,43.57105683286591],[-0.657744155926445,43.57039612685422],[-0.658413350773081,43.570147491005805],[-0.659985166587819,43.5693676170005],[-0.661218779085295,43.569092720440906],[-0.661449892486642,43.56914256858489],[-0.661887331601012,43.56910619150251],[-0.662982289821827,43.570676111666046],[-0.663110743625633,43.57105818248557],[-0.66360547777223,43.572927580673145],[-0.663359626245957,43.573636637039286],[-0.664356425092169,43.573958768946454],[-0.664832561227553,43.574294872304684],[-0.664860207430515,43.5753675947194],[-0.664700812255712,43.57576208739435],[-0.664835626234976,43.57696089582538],[-0.665175714519295,43.57695121311141],[-0.664961160838653,43.57749078363315],[-0.665297789054334,43.57798922364253],[-0.665623705856428,43.579522052581915],[-0.665458228929453,43.57966635210527],[-0.665293601396649,43.58030872172731],[-0.665317047555827,43.58154822438888],[-0.665107181520304,43.58289828881866],[-0.665118839751305,43.583080742008185],[-0.665469256977725,43.583445411849965],[-0.66550526981547,43.58364055354392],[-0.66515796855793,43.585845545067],[-0.664355058788119,43.58574925267944],[-0.664418999960473,43.58702162019315],[-0.664650308312726,43.58732546275108],[-0.66531765101478,43.587859580721755],[-0.664787035675465,43.58801080306603],[-0.664862932243523,43.58917918549707],[-0.664279392116263,43.58989874907081],[-0.663776085492691,43.58968244832115],[-0.663259611886807,43.59215075688496],[-0.662761295137944,43.592827804311845],[-0.66242610739379,43.59355609223157],[-0.662419564926734,43.593880575238295],[-0.662235113061644,43.594252493378036],[-0.661012221824282,43.595363803559444],[-0.660079304554205,43.5959510078983],[-0.660575493347742,43.5972007047852],[-0.660704150040144,43.59766294507891],[-0.66063986648496,43.597859670211804],[-0.660189928357825,43.59805318397641],[-0.659490354085453,43.59818034956064],[-0.658740183813821,43.59875777892252],[-0.658591793596083,43.598957336912],[-0.658465266525081,43.59955788359444],[-0.657907422673631,43.599750519611085],[-0.658303658333938,43.600385695645045],[-0.658292964200613,43.60078147673279],[-0.657974210971093,43.601924434806186],[-0.657710589203387,43.6022413657977],[-0.657647271514083,43.60282266912248],[-0.655928592255821,43.60288865692196],[-0.655047893018567,43.60276157920986],[-0.654643735853804,43.602779686737414],[-0.654177946459198,43.60297821145039],[-0.65383330951496,43.60336631428446],[-0.653339591689253,43.603535150202596],[-0.652226120160434,43.603451009375654],[-0.651465526869023,43.603088375413215],[-0.651137910422703,43.60317955700635],[-0.650568342783956,43.603500451455524],[-0.64964135837641,43.6037171626738],[-0.649394415668995,43.60365430496141],[-0.649245748207098,43.60338277802641],[-0.649123178426708,43.60332654852041],[-0.648396760936264,43.60361757389894],[-0.647925977058082,43.603640596988754],[-0.64751988989771,43.603277735157334],[-0.64753115818485,43.60292877545309],[-0.64769881783886,43.6025637534027],[-0.647643600059601,43.60239717257245],[-0.647342250465908,43.60239468542204],[-0.646872172215642,43.60275995638708],[-0.646500762460365,43.60280575689723],[-0.646225896896875,43.60253756383871],[-0.646102549744167,43.601942723519656],[-0.645872431862266,43.601773908479444],[-0.644524767002855,43.60200199855035],[-0.641958984836067,43.601336886107326],[-0.641634656438358,43.60105052583543],[-0.641470432960274,43.60027961135825],[-0.6411129699134,43.599783592528816],[-0.641005852456466,43.5993458313917],[-0.64091598853271,43.59925787207167],[-0.639577885567043,43.598776714502286],[-0.639395517032519,43.59865672684009],[-0.639182472191612,43.5982486362363],[-0.638972663850413,43.59824305831075],[-0.638541621358688,43.59840342073445],[-0.637875070793618,43.5984266568075],[-0.63670631053373,43.598817090784195],[-0.63527715944055,43.598775779430724],[-0.634649106349142,43.59885895533099],[-0.634486715881367,43.59881935550575],[-0.633875544460653,43.59830838955051],[-0.63338538535569,43.59824012624184],[-0.633079780402152,43.59809182672361],[-0.633260282401902,43.59786961485166],[-0.632329655830378,43.59771520555722],[-0.631428576875387,43.59853617521624],[-0.629746769199187,43.597635853948105],[-0.628900051406255,43.597279552911495],[-0.627103635257926,43.59621188948997],[-0.626639497149221,43.59504566151238],[-0.626346548147154,43.594940155868066],[-0.626218642759101,43.59401489528795],[-0.625983928180964,43.59373270621337],[-0.626084164131646,43.59341681226163],[-0.626749464865754,43.592806426026165],[-0.626888318853084,43.59225865972412],[-0.628287205535766,43.59156971095429],[-0.630893813405785,43.59061878241705],[-0.6321039164714,43.59035492659755],[-0.633005117840691,43.59006626725279],[-0.633784386580423,43.58963306437793],[-0.634760535950752,43.588923951202446],[-0.635396752481064,43.588189284072314],[-0.63534607767509,43.587819888257286],[-0.635466135811311,43.58728985267705],[-0.635585790667817,43.58694897972684],[-0.636084724640503,43.58621890620057],[-0.636114748977079,43.58577385050985],[-0.636104003479912,43.58536979181704],[-0.63570474149367,43.58499405869445],[-0.635775971464297,43.584358474579204],[-0.635603903278268,43.583070820738044],[-0.635697499345219,43.58263174330121],[-0.635611035151104,43.58220590261562],[-0.635814922761888,43.582060364482274],[-0.635881912581071,43.58172936243433],[-0.635370581419996,43.581051143627406]]]]}},{"type":"Feature","properties":{"fid":3260,"ID":"COMMUNE_0000000009759837","NOM":"Donzacq","NOM_M":"DONZACQ","INSEE_COM":"40090","STATUT":"Commune simple","POPULATION":454,"INSEE_CAN":"04","INSEE_ARR":"1","INSEE_DEP":"40","INSEE_REG":"75","SIREN_EPCI":"244000881"},"geometry":{"type":"MultiPolygon","coordinates":[[[[-0.81969036884857,43.67235473367637],[-0.818531935724639,43.67184500799473],[-0.817453287935281,43.67109824533421],[-0.817139309673593,43.67098675472747],[-0.816510531660481,43.6710493721418],[-0.815905890481577,43.671306624952166],[-0.815329008684768,43.671440383111126],[-0.813104151550254,43.671278823958374],[-0.812717211203284,43.6718049847452],[-0.811144720618947,43.67264387468195],[-0.811128683257229,43.67333539460837],[-0.811395961420523,43.67369627613172],[-0.811473341934193,43.67396382041626],[-0.811259781195354,43.67416769529677],[-0.810945937399144,43.674897583287404],[-0.810543836877602,43.67476754177569],[-0.810278296080359,43.674563346284785],[-0.809333670015872,43.67452438396886],[-0.808638347588446,43.674277589741436],[-0.807989090456727,43.67423817632027],[-0.807844365374903,43.67394686428591],[-0.807441820702058,43.673697914455964],[-0.806525397536617,43.67352281222664],[-0.80596379926565,43.6735136491016],[-0.805419098839489,43.67340389668226],[-0.804679735080511,43.673483828489665],[-0.803879200330769,43.67346500015424],[-0.803310490462748,43.673703806930845],[-0.802737700978193,43.67348872328276],[-0.801949505039155,43.67341269540735],[-0.802144686221936,43.67326803825563],[-0.801787682771281,43.6721715756541],[-0.800412533552782,43.67204039272806],[-0.800016648787415,43.67235872047725],[-0.799187884394981,43.671932759878885],[-0.798586875612958,43.67146009821225],[-0.797909262017783,43.670374830567354],[-0.796839157220106,43.67132477387307],[-0.796917457770457,43.67183191925473],[-0.794993168680647,43.67174777480362],[-0.794794843112253,43.67188261897334],[-0.794190877827295,43.671889288303106],[-0.793706185622651,43.67178549172061],[-0.793562182902696,43.67167250639893],[-0.79273894919499,43.67161024780954],[-0.792474730557096,43.6717996357422],[-0.790765226063357,43.67237274705936],[-0.789423762614969,43.67318163457412],[-0.789018270132961,43.67352457788997],[-0.788720237724783,43.67359712405163],[-0.788766224228758,43.67369191173453],[-0.788640728144908,43.67387735561346],[-0.787909128465784,43.67463794101034],[-0.787850921262831,43.67484626290041],[-0.787257355355355,43.674729114451026],[-0.785876394788074,43.67411599729141],[-0.784185791295006,43.673662282566106],[-0.783004400919138,43.67364574812429],[-0.78242057132543,43.67322465160453],[-0.780931467078812,43.67367913140669],[-0.779921123170608,43.67422324303558],[-0.779209383556458,43.67372550168943],[-0.77843686653282,43.67339742502726],[-0.778912513283869,43.673007042599],[-0.77820490372753,43.67228934762016],[-0.777348678880975,43.671613747794325],[-0.776898548318293,43.670923132044045],[-0.777115875216572,43.670379582373535],[-0.77695199453142,43.66979522861845],[-0.776664397405099,43.66932957973693],[-0.776162951330001,43.668857847259865],[-0.775016902758568,43.668020242117095],[-0.774437148291241,43.6670377473177],[-0.774033410576317,43.66567529358112],[-0.7740079640313,43.6655527630767],[-0.774224795227997,43.66530290997918],[-0.774515374312721,43.6652306619052],[-0.776097642238406,43.66532614170428],[-0.776851046590497,43.66529095612485],[-0.779384601039182,43.664475914692154],[-0.780217685492751,43.664106427281446],[-0.780868090300379,43.662962264220916],[-0.782245123761257,43.66098386318705],[-0.783361732580528,43.65964779662755],[-0.784134697729818,43.65887679622143],[-0.784675199575522,43.658963372430854],[-0.785587390637223,43.657501977607104],[-0.785810705670365,43.657295114123826],[-0.785686198933157,43.65668778521313],[-0.785950039233288,43.65583631463664],[-0.785965220113375,43.65542770835256],[-0.786121196277767,43.65519706600823],[-0.786201550356166,43.65509877814158],[-0.78741030662125,43.65474677055263],[-0.787752216661351,43.654119584489194],[-0.789798234172362,43.65402753052079],[-0.791886205828657,43.653725880947746],[-0.792498007565153,43.65335320514728],[-0.792508466869434,43.65272405718551],[-0.792711314067888,43.65256473643165],[-0.792864408569036,43.652590922192466],[-0.79301764689414,43.652469365762336],[-0.794425460832662,43.65282018769803],[-0.794465502787108,43.65239449576938],[-0.794254320349129,43.65195955949074],[-0.794276106105136,43.65155792707085],[-0.794427931062404,43.651265259205054],[-0.79481942696798,43.65135067976725],[-0.796102143799066,43.65134911663154],[-0.797330856026969,43.65073865839931],[-0.797682875952471,43.650677710964665],[-0.7980669614409,43.65037061401926],[-0.798423921035455,43.65021580442035],[-0.799495490192759,43.65030445815865],[-0.800492669342402,43.65022544494233],[-0.800912448236718,43.6500639255824],[-0.801386346298546,43.649689715148384],[-0.802791382399274,43.64968109000075],[-0.803140330503039,43.64940583237255],[-0.803210488830215,43.649061058074594],[-0.803990087613898,43.648470744112466],[-0.804687114959591,43.64897242993897],[-0.804754607344196,43.649334906686086],[-0.804882812286398,43.64941599725569],[-0.805451151050492,43.64938078031625],[-0.805844294299544,43.648762547400615],[-0.804646156924308,43.647552340264596],[-0.80419193032305,43.646708844756596],[-0.803894574443703,43.64662106396296],[-0.803113143828624,43.646585359583746],[-0.802687520390132,43.64647143664354],[-0.801847344827352,43.64607384139561],[-0.801684841519693,43.64590566599381],[-0.801742152715313,43.645404597724884],[-0.802323696785883,43.644671687046255],[-0.802373172311872,43.644482581842865],[-0.802056734127116,43.643789202540404],[-0.8015593560898,43.64345347937858],[-0.80001155423941,43.64306531556208],[-0.80016493171101,43.64255368282608],[-0.801374381801242,43.64141325746341],[-0.801533691913639,43.640897811880045],[-0.801456634306294,43.640166329687645],[-0.800152789361664,43.63679689524155],[-0.800178781951021,43.63664644832842],[-0.801202724288783,43.63650703002257],[-0.803320647937443,43.637022046660334],[-0.803729602714712,43.636867198970236],[-0.803394111671891,43.63648438098545],[-0.803246355025312,43.63586527815165],[-0.80332694427027,43.6353228593037],[-0.803812734279169,43.63423296175097],[-0.804053996189599,43.63310298063339],[-0.804008264474121,43.63222717457589],[-0.803844875001931,43.6316527625258],[-0.803884572080931,43.63155948794641],[-0.805224655200815,43.63149453649502],[-0.805154922097731,43.63096729189006],[-0.806103217322555,43.631109730912925],[-0.807482716309512,43.63085419583072],[-0.807784699464724,43.630863428783194],[-0.808554180270329,43.631543604705975],[-0.810224550722993,43.631130099752916],[-0.810621272119674,43.63112789429332],[-0.811941108607791,43.63197070824257],[-0.811413334745158,43.63240811470867],[-0.811166574921716,43.633173472164124],[-0.810757664718609,43.63383191333333],[-0.810949089548182,43.6342485898836],[-0.810873308041609,43.63525387672469],[-0.810969146880139,43.63609820013705],[-0.811130184379592,43.63633757793018],[-0.81223067105382,43.6372745709346],[-0.812824610019003,43.6381851926965],[-0.813973642775129,43.639105153425874],[-0.812796928400092,43.639540123241325],[-0.813150400412538,43.63996822749865],[-0.813269456936097,43.64052707300837],[-0.813314188296002,43.641795686480066],[-0.812896229683512,43.64209502074535],[-0.812067057316391,43.64298171622836],[-0.811962283477129,43.64336464588817],[-0.811889399885093,43.64400319612105],[-0.812700213312998,43.645506176437515],[-0.812940862257631,43.64539413481789],[-0.813410615685288,43.64548124556367],[-0.813904951119294,43.64575126332095],[-0.814062151266115,43.64636102081723],[-0.814363769483257,43.64651258452414],[-0.814986549481125,43.6464943231165],[-0.815498700435625,43.64693847259919],[-0.815863807525326,43.6470373556911],[-0.816133532945791,43.64723147373785],[-0.816267503790064,43.64786456659075],[-0.816507829307548,43.64806422081177],[-0.817122899966358,43.64804171427449],[-0.817565613568929,43.64772257580169],[-0.817991834298018,43.647695889006876],[-0.819153793549812,43.646795646234715],[-0.819662390444366,43.6467579495124],[-0.820135228370594,43.64657466965375],[-0.820642734120431,43.64672528359203],[-0.820817575986135,43.6469659675141],[-0.821528510553133,43.64661395780062],[-0.822087993456957,43.64665103191707],[-0.822822040131167,43.64729634003081],[-0.823290072851143,43.64806361071827],[-0.823486462981612,43.64924041648383],[-0.823797777151917,43.64933215843581],[-0.824191510733521,43.6493390214869],[-0.824752473581333,43.64965799716267],[-0.824806000428764,43.64986511045619],[-0.824669818703149,43.65109596256238],[-0.824979289087052,43.65151297413865],[-0.825267483080238,43.651629849390396],[-0.824581866506056,43.6523431348736],[-0.825294568294117,43.652500020383115],[-0.825984987252911,43.65275047383201],[-0.825865091639897,43.65338889605206],[-0.826100442982319,43.65386616998653],[-0.826165106108088,43.65425846740778],[-0.826703367793932,43.65496109884144],[-0.827824883723589,43.65562787077784],[-0.828591463216212,43.65579184753841],[-0.829110624528108,43.655799680497694],[-0.82909376093749,43.65593720496788],[-0.829374470955294,43.65631288052955],[-0.829546046667377,43.65685635759835],[-0.830621529021903,43.65733464497138],[-0.830545145327035,43.657899473333146],[-0.833276160957197,43.658604041509726],[-0.837331285876739,43.658420391678575],[-0.836480148736514,43.659051317633185],[-0.83620416024559,43.65945113389047],[-0.836118798993227,43.65975143188365],[-0.836348748744628,43.66114686065084],[-0.836446012447797,43.66250643554071],[-0.836185346625655,43.66372820136268],[-0.83501460615902,43.665295584227664],[-0.834851500037272,43.66636255968348],[-0.834245479712005,43.66733885846295],[-0.832565523194176,43.668846701377696],[-0.831640917542889,43.66968107028831],[-0.831030644512307,43.66966744753545],[-0.830483025577109,43.66986692045011],[-0.828507508665217,43.669777967891434],[-0.827386570948481,43.6709255076268],[-0.82629027978207,43.6711794103486],[-0.825653165992581,43.67156308207991],[-0.824252688553225,43.67209432471829],[-0.823528766438683,43.67218195059053],[-0.823175840961536,43.67200788534907],[-0.822702527012448,43.67200110911013],[-0.821807250250426,43.672347891878005],[-0.81969036884857,43.67235473367637]]]]}},{"type":"Feature","properties":{"fid":3326,"ID":"COMMUNE_0000000009760305","NOM":"Beyries","NOM_M":"BEYRIES","INSEE_COM":"40041","STATUT":"Commune simple","POPULATION":123,"INSEE_CAN":"04","INSEE_ARR":"1","INSEE_DEP":"40","INSEE_REG":"75","SIREN_EPCI":"244000881"},"geometry":{"type":"MultiPolygon","coordinates":[[[[-0.641043789464026,43.57480192666716],[-0.64023587053284,43.57581439964711],[-0.6395955968268,43.57644294825293],[-0.638948482132692,43.57667090821473],[-0.637873537321766,43.5776544855088],[-0.637767862983615,43.57844974780406],[-0.636700422189629,43.579787038958436],[-0.636182300421343,43.58015477230315],[-0.635370581419996,43.581051143627406],[-0.634854862693048,43.580420807473445],[-0.634365741028845,43.580268754159555],[-0.6335978655877,43.57976484820006],[-0.633325844995926,43.57967577743975],[-0.632570555259174,43.57872469468457],[-0.630810042007137,43.577785622866415],[-0.630209811509365,43.57758052481036],[-0.629693602328665,43.57617738386065],[-0.630806755953722,43.57518901128483],[-0.631179594416014,43.57495316413409],[-0.630929087579444,43.57328534283174],[-0.631999096839784,43.571910199587855],[-0.63078392485271,43.57187249948119],[-0.630280537689021,43.57176774502092],[-0.629620722346795,43.57107015705066],[-0.629526069256063,43.570278908042795],[-0.630692003361763,43.57004805915323],[-0.632298462190561,43.56869459600812],[-0.632522053257439,43.56829350734434],[-0.630643761083801,43.56787629275397],[-0.629538277935646,43.566908096932224],[-0.62950018263337,43.56675625302679],[-0.628624075109187,43.566691879827964],[-0.628378435756873,43.5664704163973],[-0.628298300578129,43.565908361009704],[-0.62796903982275,43.56503038577989],[-0.627831982887317,43.56413607716741],[-0.627542046578835,43.56378189061635],[-0.626464587570062,43.56317661273064],[-0.62620236754323,43.562829603201955],[-0.625974609656644,43.562675089975436],[-0.62673251044674,43.56130142848476],[-0.627324300610357,43.560474629178074],[-0.62857398051475,43.55955377245677],[-0.629094703289085,43.55901395744111],[-0.629515249743434,43.55839823020621],[-0.629881568151207,43.55829590691473],[-0.630805945815605,43.55832262250777],[-0.631607293972879,43.55820573499245],[-0.632828819320677,43.55783969373314],[-0.632169192192908,43.55679085710568],[-0.631801903279108,43.555997035299235],[-0.632886820240289,43.554725869291566],[-0.632984722080453,43.554433470057596],[-0.633401075683818,43.55428082148051],[-0.634540439876541,43.5532446958181],[-0.636667721096519,43.553435510953065],[-0.637566913627246,43.553398160882494],[-0.63857801881762,43.55319222371951],[-0.639445646174584,43.553164923454034],[-0.640093308779133,43.55302790675751],[-0.641633076623863,43.553034778935064],[-0.642111526766601,43.55270978081483],[-0.6424194781735,43.55266431528854],[-0.642883537312012,43.55279554714535],[-0.643903484313965,43.55292432043324],[-0.645754273831515,43.5536358387437],[-0.646827452768041,43.554153698376744],[-0.6483606966614,43.55470021270435],[-0.650820629797146,43.55529028587828],[-0.651441522916495,43.55562786950521],[-0.652629701096101,43.555927438604456],[-0.653651582806739,43.55639652284647],[-0.654152229311731,43.55682911221795],[-0.655028497832576,43.556800497223165],[-0.655538734955719,43.556411317634314],[-0.655829527815986,43.5560574517241],[-0.656126063028062,43.555949283010165],[-0.656394217813291,43.55601770673435],[-0.656631619286021,43.55597277715016],[-0.65670452938987,43.55573703808058],[-0.656874345207761,43.55564214507682],[-0.657178371068523,43.55569044304525],[-0.657150624214979,43.55587692294924],[-0.657251109268999,43.55595730109925],[-0.657612181876861,43.55589018646018],[-0.658244078233626,43.55591391738143],[-0.658160554616229,43.55691561315789],[-0.658517278469908,43.557634956565494],[-0.658466773842404,43.557814098207416],[-0.658680191530721,43.55830589201943],[-0.658677150462247,43.558569000284066],[-0.658555562297355,43.558779361537866],[-0.658514893920322,43.559637303199416],[-0.658043027886256,43.560395393630856],[-0.657690798759404,43.560776557038345],[-0.657514353797177,43.56115629759678],[-0.657377221362124,43.56129782721069],[-0.656699711670587,43.56151161116296],[-0.656122671885092,43.56188323173272],[-0.655613524504489,43.562562404480396],[-0.655322073639128,43.56277037814129],[-0.654258656179938,43.56320700978796],[-0.65352566397206,43.56332806750452],[-0.651748453637698,43.56405171037801],[-0.651631121192065,43.564679847154466],[-0.650714899641427,43.56536728920321],[-0.650496743139978,43.56583218637461],[-0.650098199088792,43.566323867126975],[-0.64953723559601,43.5665796199149],[-0.649036813625974,43.56712516225723],[-0.648377815692034,43.56745626163527],[-0.648111456580714,43.56768949178816],[-0.648140310255059,43.56808483195423],[-0.648470221643836,43.56848085945288],[-0.648412838940261,43.568571958503654],[-0.648608805103945,43.5690238292019],[-0.646833927716199,43.56957347194498],[-0.646055381027894,43.57012924648659],[-0.644793757403821,43.570803020115754],[-0.644252694097786,43.56967639522134],[-0.643876763459689,43.569257581552826],[-0.642500497619986,43.57003785738118],[-0.641416420786857,43.570796602095605],[-0.640781386623118,43.57154567624163],[-0.640969921473655,43.57215453173971],[-0.642311650153981,43.57184380186459],[-0.642318916176305,43.57197776295504],[-0.64172406475116,43.57361358957168],[-0.641043789464026,43.57480192666716]]]]}},{"type":"Feature","properties":{"fid":3555,"ID":"COMMUNE_0000000009760071","NOM":"Arsague","NOM_M":"ARSAGUE","INSEE_COM":"40011","STATUT":"Commune simple","POPULATION":342,"INSEE_CAN":"04","INSEE_ARR":"1","INSEE_DEP":"40","INSEE_REG":"75","SIREN_EPCI":"244000881"},"geometry":{"type":"MultiPolygon","coordinates":[[[[-0.770303190098113,43.57916629822693],[-0.771096517454365,43.578963985411576],[-0.77218671112382,43.578527956131616],[-0.776321840361538,43.578139143254],[-0.778716225308401,43.57780899091107],[-0.780075342601556,43.57776976912291],[-0.78244276358796,43.57671173927816],[-0.782340905559945,43.57370127401052],[-0.782999904219198,43.57309820123981],[-0.782995213792452,43.57300828668546],[-0.782333411315078,43.572309829802684],[-0.782518666383977,43.57181244791687],[-0.781786519988402,43.570779549645394],[-0.781482899886489,43.57017670026479],[-0.781413384137684,43.56961073189704],[-0.781072104122858,43.56943255978832],[-0.780898502404678,43.568509006808284],[-0.781465971080208,43.567156984908515],[-0.782071759963286,43.56533432077572],[-0.782257990448081,43.56509633028105],[-0.782270777489307,43.56472656678152],[-0.782036396660129,43.564534764422554],[-0.782029044754734,43.5642728952598],[-0.783827624432783,43.56404624898475],[-0.78417933772682,43.56393219579024],[-0.788511063803389,43.56340451313251],[-0.788665425647182,43.56360359990222],[-0.789032006134168,43.56347099591761],[-0.789201066950105,43.56321737818201],[-0.791844192148784,43.56360605829435],[-0.792129488058392,43.56376183132604],[-0.793927553201923,43.56401515001213],[-0.794054217743415,43.564769178837324],[-0.795108633545711,43.56537186025776],[-0.795724141509851,43.56581873791773],[-0.794863011963258,43.56650913133486],[-0.795151508438594,43.56719985094283],[-0.795746843651713,43.56790325800229],[-0.797374257969749,43.56808412630893],[-0.797439877324852,43.56832684359784],[-0.798254432861211,43.56852353145735],[-0.799527969683947,43.567999728293664],[-0.799733163043062,43.570966943698835],[-0.799561810887424,43.571353976966016],[-0.800796159897799,43.571789971534024],[-0.800778236514553,43.57206173696339],[-0.800862493913234,43.5721740870032],[-0.802500038433118,43.57301030491786],[-0.804425054692882,43.57498583504489],[-0.805505745411726,43.576241486084314],[-0.805777517067996,43.576714782296165],[-0.806090457427649,43.578107248018945],[-0.805957235107839,43.57914333215554],[-0.805991323697402,43.579563709814316],[-0.806228050968596,43.57999409650364],[-0.806400249556345,43.58006822844754],[-0.806925928702833,43.580035378268626],[-0.807032359083912,43.5801640624042],[-0.806973314763015,43.580506635236794],[-0.806670604655284,43.580986568670546],[-0.806731074889557,43.58256985415011],[-0.80682186101548,43.5827801595265],[-0.807286248782256,43.5831863461446],[-0.807817399515173,43.58418742001653],[-0.807815341788115,43.58432441399058],[-0.805327457427385,43.58765544867499],[-0.804443966483953,43.58883403893696],[-0.804711420971916,43.58922281959222],[-0.804702279168366,43.58934654997536],[-0.804189886907953,43.58974915077223],[-0.804137772664581,43.59060764065229],[-0.803566935456074,43.591642848748386],[-0.802934628086859,43.59307836261404],[-0.801947075029665,43.59433444361473],[-0.801279423512774,43.59407857460276],[-0.800834059121825,43.59420316562021],[-0.799858298871498,43.59580652376482],[-0.798906274856678,43.59529935980869],[-0.797115874922287,43.59540163175479],[-0.789438241080358,43.59557981559733],[-0.789340322043086,43.595804829821816],[-0.788867381120635,43.596075361596206],[-0.788781130208896,43.59621439223709],[-0.788778097882412,43.59830705382404],[-0.787443322673258,43.59862836997821],[-0.785703351097612,43.59878273842469],[-0.784485973262699,43.59823515828813],[-0.78318064979248,43.597969876971675],[-0.782377993673182,43.59848517426278],[-0.782212301530972,43.59839726384376],[-0.781801841219551,43.597830549197084],[-0.78155679454692,43.59779854902207],[-0.781308729770924,43.59787114565713],[-0.781037510573733,43.59834450115875],[-0.780562410538588,43.5983763596446],[-0.780783149812675,43.59685533773305],[-0.778869275365987,43.59689044352247],[-0.777248719518979,43.59676848155438],[-0.777340949848555,43.5954591243579],[-0.777168953771954,43.594804828700326],[-0.777978566937488,43.59400017501013],[-0.77864922588125,43.59296794765256],[-0.778668615539227,43.59269793636201],[-0.778363230109903,43.591843807264944],[-0.777293507441068,43.59061812824074],[-0.776875353695761,43.5896319022722],[-0.776741564658251,43.58906816029378],[-0.776594611327419,43.58734466359127],[-0.776451989446158,43.586928958589034],[-0.775963436646564,43.586228028775935],[-0.775548418045479,43.584930923044524],[-0.774865829256282,43.58418089084987],[-0.771570599561014,43.5811427097064],[-0.77023870009326,43.57956127751734],[-0.770303190098113,43.57916629822693]]]]}},{"type":"Feature","properties":{"fid":4165,"ID":"COMMUNE_0000000009759833","NOM":"Bastennes","NOM_M":"BASTENNES","INSEE_COM":"40028","STATUT":"Commune simple","POPULATION":244,"INSEE_CAN":"04","INSEE_ARR":"1","INSEE_DEP":"40","INSEE_REG":"75","SIREN_EPCI":"244000881"},"geometry":{"type":"MultiPolygon","coordinates":[[[[-0.757398405911191,43.656135407057285],[-0.757222446513569,43.65596853367753],[-0.757175053349923,43.65551075528014],[-0.756596434318769,43.65487946781159],[-0.756632339877966,43.65425396078669],[-0.757010657924938,43.653685078427564],[-0.757285461407484,43.65359990882117],[-0.757389086647336,43.65326932961607],[-0.757383840294601,43.653132586972696],[-0.757112281906586,43.65296451543137],[-0.757357373305313,43.652577698723974],[-0.757375409443867,43.65209603959485],[-0.757089417353045,43.65115917142633],[-0.756523566393614,43.65115711461963],[-0.756307427032576,43.65092587050682],[-0.756287860968757,43.650759896261725],[-0.755034379169327,43.64957901416361],[-0.754916446484609,43.649369596923485],[-0.754510073268895,43.647636064109825],[-0.754785190407915,43.64653387392597],[-0.756322959135089,43.64558081307345],[-0.756526296046129,43.64527651572478],[-0.757151438431664,43.645218868378734],[-0.758253912531552,43.64545999209726],[-0.758716636036599,43.645838541759154],[-0.759625101902687,43.645977365069655],[-0.760470243616505,43.64664444770369],[-0.760948420440973,43.646823374254225],[-0.76217754156087,43.647065481277615],[-0.764800743255707,43.6472277528293],[-0.766159557651572,43.646724850381204],[-0.768975505312425,43.64497060601962],[-0.76932180420147,43.64463429876109],[-0.769480261033831,43.64425225991172],[-0.768721177984121,43.64282017046326],[-0.769194883125226,43.64278031683765],[-0.769568253845037,43.642610621438756],[-0.769835640963849,43.642357222928666],[-0.770101234683722,43.6417372537861],[-0.770636841864234,43.641582643495006],[-0.770997351870623,43.64116116069614],[-0.771301693980822,43.6409794418098],[-0.772010387029044,43.640872865192385],[-0.772282542841356,43.64067334373795],[-0.772798930150286,43.64054731501132],[-0.772866139157504,43.64021167892197],[-0.773187137394927,43.63956725720255],[-0.773397206778191,43.63949870577447],[-0.774032842706484,43.639526171957776],[-0.774114814118468,43.63932064064048],[-0.773951194452771,43.639020947631934],[-0.774273658669376,43.63881336759066],[-0.774933008983208,43.63856075118848],[-0.774964018575418,43.63841013813344],[-0.774777778314646,43.638143661879134],[-0.774032970408802,43.63794613566417],[-0.773899583310179,43.6378417705721],[-0.774279529740265,43.63754661614341],[-0.774015156213656,43.63728015092885],[-0.774249366012856,43.63697564618559],[-0.774122628670207,43.63663323527251],[-0.774500508683278,43.6365516449848],[-0.774657455475024,43.636429986762906],[-0.774472514057265,43.63614544918731],[-0.774550955676221,43.63598057710005],[-0.775067965672558,43.63554463434448],[-0.775412604341264,43.63565516858489],[-0.775559210714749,43.63582843494612],[-0.776266302027481,43.63590565055802],[-0.777064102572117,43.636719278294606],[-0.777699915512011,43.63699444055375],[-0.778011693823991,43.63696378063119],[-0.778482520233264,43.636617706931965],[-0.780363555198545,43.636760356315776],[-0.781187658729876,43.637031648982195],[-0.781692018786472,43.636460990400984],[-0.78223310689842,43.63554493780364],[-0.78273380675045,43.63514465634336],[-0.783260596951729,43.634989387423666],[-0.784056620510277,43.63496706748981],[-0.784404923585498,43.63532066737983],[-0.784674816426889,43.63546350369161],[-0.785400898257328,43.63567782410514],[-0.786187722316714,43.63574138742304],[-0.786924318767828,43.63564544893927],[-0.787313687256015,43.63571925498936],[-0.787564652207622,43.63604471040443],[-0.787693182773266,43.63661945792765],[-0.787660112009998,43.63726379835112],[-0.787555997325002,43.63762145164854],[-0.787281998445794,43.63788593678505],[-0.78632113286875,43.63841758410541],[-0.786010877956397,43.638790527346686],[-0.78590580142799,43.63949052530711],[-0.786194010100108,43.63979757152424],[-0.787339102773853,43.639800898846666],[-0.789530321039697,43.638929962346225],[-0.790105736448359,43.63896574091434],[-0.790793340359916,43.63867240394272],[-0.791216433146948,43.63873060710662],[-0.792247917880791,43.63926663161007],[-0.792612638597549,43.63936109850009],[-0.79305933474388,43.639363520329965],[-0.793748978688705,43.63960698618723],[-0.794340938815165,43.64006105003272],[-0.79476824576923,43.640594730274216],[-0.79459332111154,43.641025130347685],[-0.794215422907037,43.64153738756328],[-0.793415695298593,43.6421796785112],[-0.793308834921187,43.64253293116803],[-0.794225341972501,43.64275496260042],[-0.794769799413,43.642790898300554],[-0.79816590534448,43.64265601409911],[-0.798576645523598,43.642695704417775],[-0.80001155423941,43.64306531556208],[-0.8015593560898,43.64345347937858],[-0.802056734127116,43.643789202540404],[-0.802373172311872,43.644482581842865],[-0.802323696785883,43.644671687046255],[-0.801742152715313,43.645404597724884],[-0.801684841519693,43.64590566599381],[-0.801847344827352,43.64607384139561],[-0.802687520390132,43.64647143664354],[-0.803113143828624,43.646585359583746],[-0.803894574443703,43.64662106396296],[-0.80419193032305,43.646708844756596],[-0.804646156924308,43.647552340264596],[-0.805844294299544,43.648762547400615],[-0.805451151050492,43.64938078031625],[-0.804882812286398,43.64941599725569],[-0.804754607344196,43.649334906686086],[-0.804687114959591,43.64897242993897],[-0.803990087613898,43.648470744112466],[-0.803210488830215,43.649061058074594],[-0.803140330503039,43.64940583237255],[-0.802791382399274,43.64968109000075],[-0.801386346298546,43.649689715148384],[-0.800912448236718,43.6500639255824],[-0.800492669342402,43.65022544494233],[-0.799495490192759,43.65030445815865],[-0.798423921035455,43.65021580442035],[-0.7980669614409,43.65037061401926],[-0.797682875952471,43.650677710964665],[-0.797330856026969,43.65073865839931],[-0.796102143799066,43.65134911663154],[-0.79481942696798,43.65135067976725],[-0.794427931062404,43.651265259205054],[-0.794276106105136,43.65155792707085],[-0.794254320349129,43.65195955949074],[-0.794465502787108,43.65239449576938],[-0.794425460832662,43.65282018769803],[-0.79301764689414,43.652469365762336],[-0.792864408569036,43.652590922192466],[-0.792711314067888,43.65256473643165],[-0.792508466869434,43.65272405718551],[-0.792498007565153,43.65335320514728],[-0.791886205828657,43.653725880947746],[-0.789798234172362,43.65402753052079],[-0.787752216661351,43.654119584489194],[-0.78741030662125,43.65474677055263],[-0.786201550356166,43.65509877814158],[-0.786121196277767,43.65519706600823],[-0.785965220113375,43.65542770835256],[-0.785950039233288,43.65583631463664],[-0.785686198933157,43.65668778521313],[-0.785810705670365,43.657295114123826],[-0.785587390637223,43.657501977607104],[-0.784675199575522,43.658963372430854],[-0.784134697729818,43.65887679622143],[-0.783361732580528,43.65964779662755],[-0.782245123761257,43.66098386318705],[-0.780868090300379,43.662962264220916],[-0.780217685492751,43.664106427281446],[-0.779384601039182,43.664475914692154],[-0.776851046590497,43.66529095612485],[-0.776097642238406,43.66532614170428],[-0.774515374312721,43.6652306619052],[-0.774224795227997,43.66530290997918],[-0.7740079640313,43.6655527630767],[-0.774033410576317,43.66567529358112],[-0.772591032970999,43.66576320197312],[-0.77144213024147,43.6655589481294],[-0.77063869381633,43.664457182026396],[-0.769896849226185,43.66447931223762],[-0.769273721948333,43.66496665256985],[-0.768697467196338,43.66492177533419],[-0.769118647260479,43.664024357895705],[-0.768803706927295,43.663745212155945],[-0.766301383395264,43.66296085277226],[-0.764684241324581,43.66289977198865],[-0.762584927692724,43.663016608155985],[-0.762443362968982,43.6628638645132],[-0.762714119655251,43.662622078496184],[-0.763465441815177,43.66157362898377],[-0.760883030927834,43.66139998049519],[-0.760349693860051,43.659456444249365],[-0.759883541816721,43.65893298033007],[-0.759213261102726,43.656886983979476],[-0.758611924242363,43.65683661852105],[-0.758307334713946,43.65673274852226],[-0.757398405911191,43.656135407057285]]]]}},{"type":"Feature","properties":{"fid":4203,"ID":"COMMUNE_0000000009760304","NOM":"Bonnegarde","NOM_M":"BONNEGARDE","INSEE_COM":"40047","STATUT":"Commune simple","POPULATION":255,"INSEE_CAN":"04","INSEE_ARR":"1","INSEE_DEP":"40","INSEE_REG":"75","SIREN_EPCI":"244000881"},"geometry":{"type":"MultiPolygon","coordinates":[[[[-0.708214504521753,43.541304703861215],[-0.709326177032212,43.54128200541088],[-0.712840748565026,43.54203726122252],[-0.713443806797421,43.54175090380515],[-0.715388505298505,43.5411114486586],[-0.71740177464014,43.54061372332184],[-0.71809553265617,43.540638583465146],[-0.719606180921175,43.54113623244679],[-0.720304273272838,43.54147618438681],[-0.720908907733053,43.54123386568261],[-0.721799892673399,43.541703200979335],[-0.72187143313988,43.5418898990443],[-0.722255969231659,43.542148723651366],[-0.72394915888269,43.54259591531845],[-0.728538543435439,43.54529087640736],[-0.727072463459359,43.54616903303962],[-0.726336617381694,43.54648885281291],[-0.726247671102619,43.546682863634395],[-0.726656551938706,43.54695344931898],[-0.726823846193774,43.5472413411146],[-0.727106393330725,43.5474351995515],[-0.732293662925012,43.55036529623994],[-0.73234854190931,43.55054265517821],[-0.732001049696079,43.55117882205535],[-0.732028870465933,43.55213985468428],[-0.732198745472468,43.55254294663699],[-0.732656282940797,43.55298928522595],[-0.732737744110963,43.553346778730784],[-0.732635628462203,43.553814173742296],[-0.733078959300423,43.55463210579596],[-0.733889073637235,43.55575717802825],[-0.733837692559944,43.556357039814195],[-0.732751736348947,43.557922068301814],[-0.731473255786819,43.55942254820244],[-0.731068262426169,43.56031830425975],[-0.730357997669565,43.56109124447323],[-0.730164577394864,43.56154556417107],[-0.730243806407925,43.56301195574647],[-0.730112152066125,43.56313988384384],[-0.729702481542393,43.563259353467274],[-0.729247617529176,43.56420815993717],[-0.729050191414902,43.564391491123615],[-0.728789408110236,43.56451484768389],[-0.728286949777282,43.56456003603049],[-0.727997309001703,43.564715908225246],[-0.727416881303565,43.56552490108781],[-0.726638687108622,43.56588310402774],[-0.726312211136942,43.566330276570376],[-0.726020396506238,43.566452890259534],[-0.725910066962299,43.5662990481623],[-0.725581757202218,43.56664179485776],[-0.725824768779241,43.56761796645725],[-0.725271208930759,43.56847916897757],[-0.725264923253666,43.56866854151173],[-0.725374948607336,43.568951201836406],[-0.725722468924636,43.5693428056544],[-0.726924933345878,43.57038511503577],[-0.726855213953203,43.57055144563026],[-0.726069511310048,43.571272002024486],[-0.727446785027299,43.57185793162808],[-0.728480662809768,43.57202058089725],[-0.728770549608355,43.572744732794405],[-0.728817552038091,43.57327726325703],[-0.728525541682335,43.57337827193832],[-0.72766430942651,43.57339434602022],[-0.725819270636593,43.57604105711419],[-0.725664918236225,43.57583918309943],[-0.724683544657599,43.57526486114051],[-0.723134604865372,43.574420863078885],[-0.722476842656162,43.574155186721896],[-0.719220240109203,43.576322344924655],[-0.716655947516496,43.57778112683421],[-0.717345849842423,43.5784087403436],[-0.716014047049213,43.579022718640445],[-0.716243581189609,43.57918059735789],[-0.715176794626782,43.5797737806865],[-0.714652406333119,43.57934856111877],[-0.713918379075046,43.57972317054649],[-0.713350996559578,43.58041364039382],[-0.713249549643721,43.581966397446806],[-0.712871025828424,43.5820144754302],[-0.712693880606894,43.581938566801874],[-0.712186936697236,43.58201265290946],[-0.711906160814563,43.581809678812434],[-0.711207877754762,43.58181824383422],[-0.710932241330517,43.58159887822622],[-0.710691232049818,43.581876441200514],[-0.710213256890349,43.58172794399048],[-0.709257954444087,43.5822839280381],[-0.708788320236628,43.58243688945737],[-0.708067516640354,43.58240386846339],[-0.707692858071857,43.58226263953962],[-0.707346248155159,43.5822294415635],[-0.706783310141094,43.58243422120831],[-0.70645768423677,43.582438135049046],[-0.706265900981136,43.58234650260479],[-0.706094844023149,43.58238386941167],[-0.705911176454227,43.58230276820206],[-0.705563136570517,43.58242003771453],[-0.704706243293453,43.582428570909634],[-0.704186533220605,43.58228597567738],[-0.704004466449316,43.58276688081749],[-0.704046836302886,43.583231119643635],[-0.703633965042815,43.58391806394721],[-0.702723706221081,43.583868051745206],[-0.702146377026049,43.58431109376013],[-0.701743411883106,43.58440320150609],[-0.701466948961918,43.58457386244791],[-0.701192854613153,43.58460842960311],[-0.701125342212912,43.58477196469965],[-0.701557535239762,43.58495989474226],[-0.701639770156968,43.585216504731164],[-0.701043005079777,43.58570433979681],[-0.700110892091975,43.58575773465833],[-0.70008370230141,43.58545150790979],[-0.698727150609043,43.585629248603965],[-0.698005226005262,43.58602134830501],[-0.697719919020277,43.58595900821191],[-0.697438002742902,43.5863721439421],[-0.696892673646625,43.58633216933736],[-0.695303249826661,43.585896285415885],[-0.695025765772924,43.58530133420847],[-0.694540491615472,43.585000791441836],[-0.693480068696203,43.5839658997802],[-0.693259174927686,43.583806779192564],[-0.692114638403759,43.58352415242106],[-0.6915956363759,43.583295903407155],[-0.68991587797256,43.583437688024446],[-0.689768827795239,43.58342467205995],[-0.689706123584135,43.583278181997834],[-0.689340528416936,43.58312307190041],[-0.688871188038822,43.583127313810294],[-0.687906981854673,43.582237724996254],[-0.687742394978718,43.58222169931329],[-0.687859170691654,43.581513357243416],[-0.688447491256114,43.58012244888183],[-0.689306627113059,43.57883942802759],[-0.689616570699163,43.577590383800114],[-0.690149959807009,43.57679131445938],[-0.690628225600848,43.57640665248554],[-0.691212135185956,43.57608504957771],[-0.693296931747144,43.57544486084564],[-0.693926204249369,43.575173941557296],[-0.697395819034187,43.57274270697814],[-0.695545945757271,43.57187345674991],[-0.694037813177794,43.57105829870834],[-0.69266777073231,43.56996279955401],[-0.694278197545511,43.56955850551713],[-0.693942037919605,43.56935917782881],[-0.694407809963864,43.569070400912445],[-0.695038610468755,43.56726637953512],[-0.695472431236111,43.567058850599416],[-0.697624121700064,43.568404204988056],[-0.698704879855308,43.56712526486564],[-0.699209428412391,43.56680451980626],[-0.700028044155015,43.56522645194372],[-0.700371193723923,43.564842748846246],[-0.700190869481449,43.56389052092159],[-0.700242243845231,43.5633618420406],[-0.700666076834864,43.56332667127793],[-0.700784592642862,43.56280200739222],[-0.700409607400691,43.562365332185415],[-0.700477650927911,43.56205676376101],[-0.70051836526413,43.56165094794489],[-0.70097566393572,43.560963407306225],[-0.701344045043746,43.560683325075665],[-0.703495512757954,43.5605873929874],[-0.705390821505505,43.56020742876853],[-0.705502470439098,43.56032521449063],[-0.706016150736884,43.56014734032119],[-0.706702350971117,43.560262612782665],[-0.707704370893121,43.5600707486588],[-0.707785288456436,43.559866219645706],[-0.707980900431995,43.55877235218075],[-0.707774004090942,43.55848398298522],[-0.70725982144456,43.55723512668375],[-0.707209723183144,43.55678557303712],[-0.707252053545326,43.55642473567902],[-0.707653189780188,43.55582825648535],[-0.707757363379995,43.555466206337],[-0.707519656643377,43.55401064637356],[-0.707536610630433,43.55264366367588],[-0.707702490028613,43.552297519957975],[-0.708540472770612,43.55171583126195],[-0.709177862526558,43.55056002564623],[-0.708305468532974,43.550053017406874],[-0.708429950012619,43.549871319224636],[-0.708404801099602,43.54969293454043],[-0.708826264379469,43.549411911565116],[-0.708799874406804,43.549099361347956],[-0.70934489995997,43.54894831989592],[-0.709394376751368,43.5486025510014],[-0.709735469583208,43.54830445648165],[-0.710056432285704,43.548154768246334],[-0.710051799992309,43.54806395341192],[-0.709762807526895,43.547903599611494],[-0.709586203709897,43.5469530693202],[-0.710207669943796,43.54647154523093],[-0.709795426966822,43.5461667879279],[-0.709619350884119,43.54593321688181],[-0.709643859534645,43.54568017611625],[-0.709320744156272,43.5456047560578],[-0.709579396987585,43.54537253171208],[-0.709322231374576,43.54488052379895],[-0.70959797907393,43.54481705076319],[-0.709671128749962,43.54472267541882],[-0.709338392668615,43.54447914951435],[-0.708965604511694,43.544363093344046],[-0.708611000538336,43.54389603339016],[-0.708564820015427,43.54354543005347],[-0.709093494434167,43.5432571372703],[-0.708828493615431,43.54237538503815],[-0.708427457738879,43.54180272747072],[-0.708214504521753,43.541304703861215]]]]}}]}