{"type":"FeatureCollection","features":[{"type":"Feature","properties":{"fid":48,"ID":"COMMUNE_0000000009749234","NOM":"Pamproux","NOM_M":"PAMPROUX","INSEE_COM":"79201","STATUT":"Commune simple","POPULATION":1685,"INSEE_CAN":"03","INSEE_ARR":"2","INSEE_DEP":"79","INSEE_REG":"75","SIREN_EPCI":"200041994"},"geometry":{"type":"MultiPolygon","coordinates":[[[[-0.219980194852553,46.33698071994788],[-0.22003918709497,46.33789379143523],[-0.220248693407892,46.33820329764888],[-0.22084547040382,46.33846040101904],[-0.2222069280906,46.33862197945982],[-0.222104370206407,46.339332338237426],[-0.221606892800321,46.3397005844787],[-0.221595308085571,46.339791034095875],[-0.222471126735458,46.340543121319705],[-0.223051001703228,46.34088811055384],[-0.223550651325894,46.341064134493614],[-0.224001058993446,46.34100092334934],[-0.224281768998505,46.34103894304023],[-0.224669479316492,46.34145695344154],[-0.225861956674234,46.34225953560062],[-0.226433866186388,46.342072111507875],[-0.227426108217741,46.34151048828219],[-0.229325061392842,46.34094479228742],[-0.230259660950172,46.34048751613904],[-0.230711331685441,46.34013765276889],[-0.231168888094754,46.34156033044975],[-0.233537731887701,46.34429684849756],[-0.233578203818776,46.34458499358455],[-0.233217254389433,46.34594076510563],[-0.233268121624655,46.34611866578016],[-0.233766750752674,46.3466939190835],[-0.233830153917849,46.34695167292779],[-0.234068761565435,46.3470692709232],[-0.234378997637931,46.34690185059233],[-0.235270084800853,46.3467197431898],[-0.236973310700799,46.346824585219395],[-0.240007289221708,46.34661219416238],[-0.242113457524106,46.34732284499907],[-0.245590435930776,46.34784211857286],[-0.246022187121798,46.34779287115136],[-0.247335549386285,46.3468767532538],[-0.249063418009817,46.348818326877236],[-0.250498018894955,46.347971715234216],[-0.251555345916053,46.34879051483308],[-0.252409665920199,46.348996852520834],[-0.252941695482411,46.34925474175745],[-0.253563217220138,46.34865480201382],[-0.254593857037949,46.347101384343475],[-0.255250685101199,46.34587136305877],[-0.25598724989858,46.344953590189014],[-0.256426003315235,46.34462922521129],[-0.259107929177964,46.34362247594563],[-0.259902657144032,46.34256872673852],[-0.261447687241799,46.339696426734385],[-0.264147108317549,46.34036084964609],[-0.265148903689685,46.33848460258479],[-0.266419180949574,46.337161220275895],[-0.267137163510943,46.336764816589586],[-0.268064565766679,46.33569277788059],[-0.268511458721943,46.33535460972924],[-0.269728813498559,46.334997936163795],[-0.270973812253355,46.33479907452228],[-0.273286851551659,46.33424957706302],[-0.273637221868172,46.33425573276257],[-0.274539327279872,46.3351968459999],[-0.274626818390281,46.33594056324948],[-0.273998749420763,46.33881466041468],[-0.273482154473227,46.34013991359833],[-0.276752076134441,46.34078855307951],[-0.279278982975227,46.34100245521678],[-0.282375134235489,46.34146397152999],[-0.284824495413103,46.34136094340541],[-0.285980703943286,46.3412636178234],[-0.289293087940985,46.34058133174714],[-0.290721144000303,46.340417528032994],[-0.291523564824256,46.34047456281947],[-0.294952023933638,46.34098562276049],[-0.299568124777926,46.340862860630324],[-0.303586582599571,46.34049767727762],[-0.30932235459117,46.340449300295916],[-0.309746236341344,46.33954113366331],[-0.310419074786409,46.33756584678503],[-0.310065495012269,46.335551882803465],[-0.310948383167021,46.33427437409058],[-0.309921465093524,46.33388242163223],[-0.309454631768577,46.3336075790865],[-0.308365540477454,46.32980163374454],[-0.308377501088927,46.32892435758899],[-0.30888755534886,46.32812995108425],[-0.308817196050821,46.327956248400035],[-0.309019353262032,46.32764214434303],[-0.309264251771301,46.32745387638209],[-0.309803202866445,46.32672892398573],[-0.309910162622428,46.32613188327094],[-0.310363118703539,46.32596370369807],[-0.311159036413038,46.32516458239177],[-0.312262290628228,46.32452145003525],[-0.313014851862148,46.32427424828145],[-0.313493429183266,46.324336034389944],[-0.314989816484939,46.32483505898082],[-0.315107792574637,46.32508578280322],[-0.315590438556211,46.32525739651786],[-0.315963193913808,46.32554756939817],[-0.316334554449789,46.32564310807757],[-0.316420845979317,46.32582175053414],[-0.316672318414294,46.325956829192684],[-0.31723652570738,46.3259286839553],[-0.317922342518608,46.32603939419129],[-0.318693044051262,46.325726735168374],[-0.319023787985147,46.32575314962673],[-0.319541376790096,46.32596428609751],[-0.319906748366486,46.32626097085862],[-0.320278173307479,46.327000001138806],[-0.320358000515603,46.327478951971074],[-0.320230422041526,46.32760614430321],[-0.320273737612471,46.327740973397624],[-0.320977366781365,46.327908828123554],[-0.321113215331101,46.328217608098264],[-0.321377874602256,46.32837662682127],[-0.321755513773415,46.32833947897782],[-0.322850696755124,46.327864114185715],[-0.325216777565103,46.327813999790386],[-0.325657837777042,46.32770739219914],[-0.326024124230207,46.32746236768863],[-0.326894442917286,46.32733330720077],[-0.327058817855018,46.32753309528599],[-0.327049313806672,46.32801825721892],[-0.327373807265379,46.32828366763335],[-0.327277874198644,46.32837479433044],[-0.327009807699509,46.3283952414363],[-0.326573014709084,46.32857202875094],[-0.326403441782854,46.32875723472297],[-0.326363660520874,46.32960018395732],[-0.326560560378745,46.32994953550588],[-0.326575472630532,46.330301497237905],[-0.326721760754423,46.330396365330266],[-0.327988863420892,46.33043686604499],[-0.328556959492906,46.3303436607443],[-0.330588410464933,46.32928387419823],[-0.332688631538189,46.32937476740977],[-0.333603272257608,46.32896947062314],[-0.334716539548723,46.33083948021312],[-0.335689279706583,46.33014946569048],[-0.337070936333105,46.32957274180519],[-0.337555968749648,46.3292701240228],[-0.338561548820236,46.329757991735846],[-0.340079326819925,46.33021731580507],[-0.341718811291724,46.33053875984389],[-0.343627883516349,46.3310343272489],[-0.344426934107957,46.33142005345346],[-0.345173677038955,46.33207769440174],[-0.345400536821976,46.33212781355521],[-0.34576455231424,46.33188909966769],[-0.346949185684611,46.33249421244321],[-0.346179697438719,46.333123378096445],[-0.344240215918547,46.33415280741076],[-0.343887439262492,46.33508607229319],[-0.343682185877296,46.335325527641864],[-0.342576602534643,46.3361411802564],[-0.341170344786241,46.33853115833101],[-0.340655375409861,46.33900500850987],[-0.342855697429289,46.3391090137786],[-0.343909314049823,46.33939985357649],[-0.345767580552176,46.34016546666879],[-0.346823932440504,46.34050036295872],[-0.347407396683675,46.34048682850818],[-0.351542668136842,46.34169105329798],[-0.350084176923174,46.34347972605557],[-0.349087250278009,46.34417958434173],[-0.349785454652905,46.34455111869937],[-0.34994916220237,46.344759008483166],[-0.349974762768378,46.345091729933834],[-0.350085994180874,46.345229059759134],[-0.351339875220131,46.34625750501907],[-0.35348530889763,46.347370562551774],[-0.353413525289975,46.34768542003244],[-0.353617043315058,46.34775694124319],[-0.353377355612064,46.34817768338837],[-0.352328619855685,46.349327931251814],[-0.349035220749438,46.34976544790968],[-0.348715822765468,46.3498631591803],[-0.348150353442043,46.351765250967595],[-0.348847948395969,46.35218908551404],[-0.349286951001113,46.35257725446414],[-0.34947780426076,46.352930354987876],[-0.350184292521411,46.353010532825394],[-0.352932801412742,46.35397789583702],[-0.353789036017513,46.35435557583618],[-0.352760847981017,46.355439425372914],[-0.351330262459468,46.35673337878178],[-0.351337240253308,46.35686836569448],[-0.352939193910512,46.35773064377303],[-0.351996402973324,46.358382961846296],[-0.350010112874672,46.36027546282233],[-0.349454491250712,46.36087401770934],[-0.349057855554627,46.36168781045017],[-0.350279127077092,46.361817756980365],[-0.351831363939949,46.362143450819964],[-0.352865086922524,46.36222931445396],[-0.354954136674326,46.36287985989004],[-0.353615539402099,46.36482636028253],[-0.354347414139453,46.36516894412864],[-0.354874393506168,46.36529133221137],[-0.355439916178416,46.36491777980459],[-0.356840021015771,46.36560479456487],[-0.356664651008815,46.36601373300397],[-0.358684240362539,46.3669078044949],[-0.357399242595158,46.36860311498385],[-0.354895235319355,46.3711003760614],[-0.354245026830564,46.371452981793986],[-0.353451659573676,46.371658379535155],[-0.353572744011493,46.37178550344444],[-0.354242749320145,46.371988409273],[-0.355894476898858,46.37272031098567],[-0.356480786402173,46.37315008681405],[-0.35732765906492,46.374090424152925],[-0.356704940926461,46.37470000007384],[-0.355488700161988,46.37639505842403],[-0.355360125255736,46.37644300499598],[-0.354896565641029,46.37627368606248],[-0.354223813852058,46.37698115584188],[-0.353317304408039,46.37975672110835],[-0.35270112823342,46.3796684895389],[-0.352130284656398,46.38212232891844],[-0.353283732972268,46.38222180432125],[-0.357416862039835,46.381875766917325],[-0.359501273055788,46.382712952960006],[-0.360791318086278,46.38371952496556],[-0.361021784847853,46.384353543919175],[-0.36118758756412,46.38450818387837],[-0.361649750988324,46.38437829512548],[-0.362388673011855,46.38489367421513],[-0.363576152717387,46.385417450024946],[-0.364361380796233,46.385669177895075],[-0.365298293364134,46.38664916816273],[-0.365727927601544,46.387449446924414],[-0.366037243778006,46.38843172993197],[-0.367708190932391,46.38933776027339],[-0.367654399308233,46.389563768597036],[-0.368259398172811,46.38995418385447],[-0.368140600690477,46.3901821123199],[-0.364700980303571,46.39259723674412],[-0.365276106313078,46.39334816124135],[-0.364139031808659,46.3945335453577],[-0.36387443245783,46.39469997526216],[-0.36285862510894,46.39506340446031],[-0.361680957434929,46.395379320635016],[-0.358891986254982,46.39870338984017],[-0.358406677194339,46.399052054397146],[-0.358106209026922,46.39912308890937],[-0.358651954060045,46.399545042322615],[-0.357416991354824,46.40088014096348],[-0.357551320342452,46.40096721624979],[-0.358217160949643,46.40126576702002],[-0.360428431428633,46.40256428151169],[-0.361558111688955,46.40303210856671],[-0.363298697337351,46.40402628856301],[-0.366882641691222,46.40571321655134],[-0.369942242495669,46.40730286784214],[-0.371881907652529,46.40805580883633],[-0.373077587637599,46.40876582525926],[-0.373147139252273,46.40860514270124],[-0.374672545941461,46.40933693876932],[-0.378082719930218,46.410751979266365],[-0.3786798925301,46.41018991827302],[-0.380137828827926,46.40911475741419],[-0.381225261832672,46.40979995937453],[-0.38131153063181,46.409699162086476],[-0.381946894480948,46.41000659591708],[-0.382603854589438,46.410199823645534],[-0.386372166243242,46.411082157698985],[-0.389691270311145,46.41217780487393],[-0.389400795849901,46.412599226515894],[-0.389305818261539,46.41308423939775],[-0.38903104817197,46.41359081603799],[-0.390137456722527,46.41420056770301],[-0.3896440718316,46.414691108963154],[-0.38910341216801,46.414945110974124],[-0.39009979215026,46.41571315416711],[-0.388994878508039,46.416135336035886],[-0.388477502250717,46.416533750865895],[-0.388008034960853,46.417200226589394],[-0.391119185639411,46.41815150188766],[-0.390559945293045,46.418715205267596],[-0.390067572659482,46.41939048168094],[-0.392474670795249,46.4205230693312],[-0.393169430474279,46.421007136010864],[-0.39483952891851,46.421792059754395],[-0.39713844962429,46.42239781160953],[-0.396137974802436,46.42433202620407],[-0.39603140722214,46.42548885394728],[-0.395902400581445,46.4259081893979],[-0.395014307087191,46.42692693714362],[-0.3940094660791,46.42764090685281],[-0.393776790678138,46.42792362183597],[-0.393291045324254,46.42786776489438],[-0.393055795306011,46.42794145503998],[-0.392522972268096,46.42847013033739],[-0.391381612568788,46.430847409792996],[-0.391428566614169,46.43107854760531],[-0.39080196005336,46.43253202013596],[-0.390405308969107,46.43456089072898],[-0.39052675358376,46.438780726841344],[-0.391043979518306,46.43955128700578],[-0.391224094309514,46.44028859879676],[-0.391006346978346,46.442343698132966],[-0.390471478905983,46.44342941517848],[-0.390399687743858,46.443491032414684],[-0.390104843429676,46.44348807198394],[-0.389596893700862,46.44462976565782],[-0.388997301398152,46.4456398848965],[-0.388198471834254,46.44669647130864],[-0.386464288904098,46.44867036926971],[-0.384822924074174,46.447939431889814],[-0.38462758519961,46.447943420571015],[-0.383634165813564,46.448912907459416],[-0.383436089003363,46.44887281219759],[-0.382361794870463,46.44822327348583],[-0.382878199070621,46.446815488629966],[-0.383059345548215,46.445699738015016],[-0.383400624173657,46.44561031103314],[-0.383604732004464,46.44566374655027],[-0.384411298196863,46.44424735194437],[-0.382178917880195,46.44327613362214],[-0.380466465902541,46.44286720149143],[-0.380811709400839,46.44195839707521],[-0.378165424492091,46.44112193685938],[-0.378339517658918,46.44071210857218],[-0.377412281157578,46.440391651355874],[-0.377428166026561,46.440290237691784],[-0.377492732322025,46.440048586084146],[-0.378489452791923,46.43982801858576],[-0.377626390272195,46.438985623779224],[-0.37762864364139,46.438706159339034],[-0.37725385055489,46.438506348644076],[-0.376459950174898,46.43869657215294],[-0.374617379782743,46.43944775072653],[-0.374098405907084,46.43900343859291],[-0.372651740970487,46.43968519915864],[-0.369448947655529,46.438974039809935],[-0.366683600196151,46.438526584029496],[-0.366552350097284,46.4388080485998],[-0.365910791938369,46.438742248068124],[-0.365646914137102,46.43902942473454],[-0.365369054274808,46.4391322511182],[-0.364787942070925,46.43844007724857],[-0.364777646974388,46.43825201384812],[-0.364491926519426,46.438121639201356],[-0.364234927699283,46.437822779903335],[-0.36406407038372,46.43731408775549],[-0.364186093997039,46.43713654501745],[-0.364024475134745,46.43703135253054],[-0.36301076378647,46.43712431305033],[-0.362721237513806,46.43737618743215],[-0.362859823707741,46.43753072919378],[-0.362542232856982,46.43760227337071],[-0.362448585680138,46.43747885339405],[-0.362342627464313,46.437472961854425],[-0.362214110376382,46.43754524441878],[-0.361917330216203,46.43748909397811],[-0.361490734081635,46.43754762270655],[-0.361270019665139,46.43764695368954],[-0.360717658529655,46.43752622398182],[-0.360470970630652,46.4375848594514],[-0.360291686878205,46.43731975499321],[-0.359635955334114,46.437425579347575],[-0.359415982249688,46.43738879240733],[-0.359078670334374,46.437224773394114],[-0.358837155048303,46.436965103317604],[-0.358928954843196,46.43638108004799],[-0.358803283340881,46.436139631540684],[-0.358214369128412,46.435869453160876],[-0.357455777746142,46.435235642082546],[-0.356720920281224,46.43500850404842],[-0.355219945764075,46.43495710086103],[-0.35504146120538,46.43487402264526],[-0.354914021101277,46.434455071689484],[-0.354702186472911,46.434232374737746],[-0.353774687022489,46.43443357693882],[-0.353551750981892,46.434263477963036],[-0.353522964527408,46.43286194437047],[-0.353420068158764,46.43277844547432],[-0.351850447940325,46.432945321861155],[-0.351347663480075,46.43320613305033],[-0.350544144399458,46.43338834717008],[-0.350374996130883,46.43354202209398],[-0.350119679535431,46.43339630033567],[-0.34970830607703,46.433426399470754],[-0.349513540224309,46.43326898538796],[-0.349238678015189,46.43280478573854],[-0.348794250873846,46.432848469407304],[-0.34877579904967,46.432930125076616],[-0.349032804624293,46.433039749322525],[-0.349046157882702,46.433151114984646],[-0.348700327475201,46.433272118113045],[-0.348590287611556,46.43339070906977],[-0.348446190740159,46.43384647260111],[-0.348188072960372,46.43420734224955],[-0.347841719854113,46.4354459315946],[-0.347856190881389,46.43578798939584],[-0.348041545315721,46.43625932406826],[-0.347920449105793,46.43668647239808],[-0.347562590007993,46.43688803701279],[-0.346446415350987,46.43696853313022],[-0.343250901849454,46.43555885966155],[-0.340478208811262,46.43445217055956],[-0.339671055813412,46.43400082340346],[-0.339344155436863,46.43398425122815],[-0.338872255691466,46.43423959551231],[-0.338019361899688,46.43414827846648],[-0.337494175308173,46.43436371703019],[-0.33730816860098,46.43462601605084],[-0.334059672392728,46.43663072606261],[-0.333595667784894,46.43646132202699],[-0.333403528338316,46.43786118541645],[-0.333287229374941,46.438134058835004],[-0.332268059751783,46.43860813720719],[-0.33187460445524,46.43852679247933],[-0.331245981789037,46.438992164750836],[-0.33106599259551,46.43931105588534],[-0.32994397436319,46.439788113411346],[-0.328450900716537,46.4405941235264],[-0.327910395719422,46.440089855780855],[-0.325878010313425,46.441053049708486],[-0.324994400319404,46.44161413692949],[-0.325014020888137,46.443369214285],[-0.324803469713205,46.444364025334686],[-0.324332695209106,46.44541057491797],[-0.323213525191051,46.44647239255318],[-0.321655867119469,46.447571290022005],[-0.323088700984066,46.44861831021985],[-0.321998844487488,46.44960625798869],[-0.322008501194129,46.44978622794749],[-0.322213590347327,46.45000647538314],[-0.322155372701246,46.450142456326965],[-0.321836777050018,46.4502851118257],[-0.321462699079699,46.45060873004197],[-0.321874182450743,46.45104918857105],[-0.321122026222681,46.451652378423894],[-0.320792328940394,46.45157004010732],[-0.320457020765877,46.45135267598969],[-0.319332178469475,46.45232448854404],[-0.319094265460236,46.45227192206435],[-0.318685453352584,46.451832277600346],[-0.318336177167251,46.451942468156254],[-0.316055874514345,46.453256049358835],[-0.315806497021375,46.45348680183671],[-0.31528422215844,46.4534542011217],[-0.311014719344818,46.45269846834942],[-0.3107570045799,46.45274920127992],[-0.310136299944306,46.45339356522383],[-0.309063902729331,46.45409427634016],[-0.307528771480845,46.454669589227116],[-0.3063040242698,46.454923161073474],[-0.305640964982898,46.45684939495948],[-0.304989992581659,46.45766313652573],[-0.304147060148173,46.458193128620756],[-0.303895431154458,46.4585816357872],[-0.303757817004524,46.45934536646317],[-0.304023346279032,46.46011185325147],[-0.303759784041904,46.46034659218718],[-0.302926859043255,46.46177482414728],[-0.301968855297895,46.46279659931169],[-0.298564802949341,46.46320499872236],[-0.297589323660413,46.46322776233197],[-0.297415915898017,46.46368158732768],[-0.297412873894376,46.464299926398766],[-0.295954410313339,46.46403560532784],[-0.296175505201374,46.46499625502497],[-0.296030343156357,46.466198192475616],[-0.29650069868523,46.4676356136332],[-0.297184492538147,46.4692804657336],[-0.297377785506671,46.47016891567337],[-0.297470472473775,46.470925083866035],[-0.297198955482882,46.47243168373154],[-0.297240769261482,46.472648576676],[-0.297819615763845,46.47344117904687],[-0.298504846122403,46.4749138466832],[-0.299243947681375,46.4761551388197],[-0.299965484291581,46.47706257421474],[-0.300794625684703,46.47834631863183],[-0.302861388446773,46.48056942494435],[-0.303915674921035,46.482164778260554],[-0.304049629566372,46.483556926941745],[-0.30559821778495,46.486438462056206],[-0.305153758028552,46.48737148789337],[-0.305076667536556,46.48799377181698],[-0.304635767247678,46.488383243663705],[-0.302804108628054,46.48896974039656],[-0.300843541763715,46.489927636141196],[-0.299627838654524,46.49012857812485],[-0.29935488678654,46.490103114410175],[-0.298156876005641,46.48826763403407],[-0.298005377253695,46.487834005685585],[-0.298084453413251,46.4872432148424],[-0.297842852356828,46.4867220634459],[-0.296381833496157,46.48573501299164],[-0.295573838628204,46.48477957938913],[-0.295423698257489,46.48372045057845],[-0.295246256597353,46.483418246932345],[-0.295162465576016,46.48298176131738],[-0.294892396429582,46.48270115481313],[-0.294640359691728,46.48207124902838],[-0.294633554520178,46.48096562748686],[-0.294502318699257,46.48030520047519],[-0.294628497121433,46.479953684018795],[-0.294233270411852,46.47978213056493],[-0.294327118302886,46.47952167044772],[-0.293631800026464,46.47863687782779],[-0.293459642138285,46.47827053175604],[-0.292936311354376,46.478029667323405],[-0.292414865081765,46.47753910379054],[-0.292349508811757,46.47721293737207],[-0.291852042258214,46.47647113672427],[-0.290726943982426,46.47652608465197],[-0.290061167813222,46.47671289197715],[-0.289739896891219,46.47705289805756],[-0.289217651703527,46.478235036173736],[-0.28616773616296,46.47893024449182],[-0.285880376735185,46.479746916573575],[-0.285043105148976,46.480249550882014],[-0.283838407366153,46.481193529715725],[-0.281988565075444,46.48245253506203],[-0.281941104412464,46.48272607020135],[-0.28125558608332,46.48412554494882],[-0.280427460058877,46.48556245447881],[-0.280164313430197,46.48550422004458],[-0.279276485215106,46.484669933800795],[-0.279161829647423,46.482286769377325],[-0.277405311760956,46.48097721936775],[-0.277460915368465,46.48079537838114],[-0.277802444724092,46.48059542034196],[-0.276741331496366,46.47937225196318],[-0.276266229412201,46.478977622041754],[-0.275407134978479,46.478727382697144],[-0.273040296772901,46.47828692852145],[-0.272061640153535,46.47691355676116],[-0.272216211196463,46.47605476585745],[-0.271882343441925,46.475882281383456],[-0.271225504778868,46.47576230430776],[-0.27077483854728,46.4745125907399],[-0.270662134427818,46.47352536967609],[-0.268447081954832,46.473588772635104],[-0.268385803884561,46.47319759160712],[-0.267958913243546,46.47273485980999],[-0.267690450786193,46.47215133628411],[-0.267685524669567,46.47111146280074],[-0.266529449237411,46.47014687426897],[-0.265955622704575,46.469952397005876],[-0.265270126510802,46.469156387592214],[-0.264485342203185,46.46879309656185],[-0.26392822010556,46.468659415500554],[-0.263594207642715,46.468003856608576],[-0.263059950883547,46.467837975382956],[-0.262818353243904,46.467396969219884],[-0.262397065914645,46.46698272487445],[-0.262308277901886,46.46647967445076],[-0.261807780841324,46.46598387691054],[-0.261631007823594,46.4651435775646],[-0.261193833011426,46.46498663183445],[-0.261257748447298,46.46463783562673],[-0.261137157341921,46.46451871271556],[-0.261147551498423,46.46434357853285],[-0.261079546609999,46.464296854308685],[-0.260939480157275,46.464397284637826],[-0.260865933786159,46.46436694053888],[-0.260938372692509,46.46400798768801],[-0.260137514807956,46.46324318281316],[-0.259971922523542,46.46245843819271],[-0.25965956257562,46.4624691566976],[-0.259506722733637,46.46231220013323],[-0.259841031945428,46.46181779978601],[-0.259922213611261,46.46081963050482],[-0.260532694210625,46.4603858366742],[-0.26135072090908,46.45925757672481],[-0.261294102695032,46.458572460646096],[-0.2613962994751,46.45790443818051],[-0.261575823363147,46.457831718901396],[-0.261620716399822,46.457426687943965],[-0.262065345297924,46.45661910675464],[-0.262223314634199,46.455553851754225],[-0.262506157606984,46.454788741404776],[-0.262900933676232,46.45439083536746],[-0.263712530987557,46.453985520744496],[-0.263861374068303,46.45383616884477],[-0.264163336986457,46.453303924435716],[-0.264087264665117,46.45288252259579],[-0.264179864132963,46.45259959394322],[-0.264466393310953,46.45211465336422],[-0.264614824249067,46.45202389177339],[-0.264999290676773,46.45206426849957],[-0.265189258828555,46.45186146740482],[-0.265556631958964,46.451790578842775],[-0.265478871941442,46.45162427323005],[-0.265668091889306,46.45151792397969],[-0.265616930825177,46.45116430357629],[-0.265770814975112,46.450990471426564],[-0.265483011247743,46.45093111088683],[-0.265590564803477,46.450658567746],[-0.265153001750992,46.450384491330524],[-0.265119204427716,46.450277310542106],[-0.264757220270924,46.450198440163284],[-0.264376805320967,46.450225539193355],[-0.263750291258464,46.45069406330665],[-0.263340486720534,46.45081843010816],[-0.262741601651716,46.45085537238259],[-0.262712467009073,46.45110944950561],[-0.262222513922927,46.451310904144705],[-0.261305326682999,46.45197787688477],[-0.260661340419967,46.45215488471945],[-0.260381657954825,46.45212231615265],[-0.260314907303468,46.45198723597565],[-0.260452060980692,46.451794963558434],[-0.260367860467567,46.45173878827831],[-0.260066309272897,46.45173297897808],[-0.259702639297914,46.451865928477545],[-0.25938122332552,46.451680439550614],[-0.258970284164407,46.45176426745291],[-0.258082081090099,46.45171661630508],[-0.256919722482812,46.45203456445815],[-0.2561446573281,46.451981868492965],[-0.25582234694172,46.45204333045588],[-0.255191260800568,46.451934251533956],[-0.253600805840859,46.452311232623835],[-0.252271713990171,46.45282944824661],[-0.251369297581454,46.45284974097905],[-0.249016364451047,46.45391166318066],[-0.248498743607476,46.45424091586502],[-0.248120258918956,46.454322879152876],[-0.247946542167137,46.45460269229287],[-0.247409108764701,46.45486220814052],[-0.246500218135549,46.45486191750634],[-0.245480426279999,46.45442227393115],[-0.244776600779888,46.45451527500531],[-0.244046990547096,46.45483250602542],[-0.244022134222418,46.45498461663001],[-0.243511001187724,46.45555518724751],[-0.243422961732635,46.45582895413417],[-0.243032848750221,46.45604461031842],[-0.242775002109929,46.45602850136055],[-0.242428423579676,46.45568236270038],[-0.241945462501503,46.45543292048345],[-0.240971627894132,46.45512981860522],[-0.240139500141315,46.455170556794606],[-0.239088378614414,46.45554193836638],[-0.238738339300605,46.45575193666116],[-0.238610074241059,46.45609533232494],[-0.237493545800692,46.45666141309726],[-0.237036799868972,46.4571610168398],[-0.236406406741802,46.45732758516654],[-0.236242965764683,46.45745207855474],[-0.236205696466086,46.457571193653386],[-0.236375893402615,46.457758328539185],[-0.236198666171639,46.45857354151725],[-0.236098573669206,46.458644870176144],[-0.235845497241058,46.45862140041628],[-0.235726459734141,46.45898886324595],[-0.235320743495078,46.459074257826906],[-0.235319165241705,46.45913558497283],[-0.235542279587721,46.45918153397699],[-0.23557006950995,46.45927627510627],[-0.23541325064783,46.45955648913922],[-0.234763553853943,46.4599038366937],[-0.234580038752744,46.45990993598922],[-0.234663523172063,46.46035006630742],[-0.234245149243235,46.46055207153047],[-0.234167214776958,46.46075524884704],[-0.233852671191623,46.46083895689897],[-0.233102522905373,46.461472118906954],[-0.232664347104033,46.46208833416178],[-0.231878608004589,46.46227549433012],[-0.231141365805455,46.46266495024661],[-0.229863181143242,46.46308141663999],[-0.229830398075228,46.46345274071356],[-0.229453056765251,46.46344538742689],[-0.229173114043653,46.46371735731993],[-0.228594973215727,46.463732801520955],[-0.228507999634521,46.46369560704655],[-0.228526103225244,46.46356081521899],[-0.228082205399438,46.463596794455],[-0.227976839167255,46.46415221320627],[-0.227580459838478,46.464528405046174],[-0.227709426036098,46.46485640482255],[-0.227351673962946,46.464981869446916],[-0.22675112480748,46.46479516547448],[-0.22647053022324,46.4648580664432],[-0.223927819335127,46.46374118027588],[-0.223771940767317,46.46353109337674],[-0.223247887603873,46.46322595683737],[-0.220609761169386,46.46300839235646],[-0.220287803311283,46.462702049540596],[-0.219900267177002,46.46261023913286],[-0.219917941660741,46.462401562559386],[-0.220553074644576,46.46156265585973],[-0.220771063041851,46.460969823731716],[-0.220461551210345,46.46065321735042],[-0.21961618377457,46.46027241277534],[-0.219252903426629,46.4600167987779],[-0.219037141574622,46.45974170506057],[-0.218823799884841,46.45884471164329],[-0.217797783423782,46.457921054265434],[-0.217250093729682,46.45758952232513],[-0.217187059315886,46.457051476999574],[-0.216505220156461,46.45570536080059],[-0.213767781612831,46.45505696797401],[-0.21371993777999,46.45541789437991],[-0.213394378958103,46.45542525395965],[-0.212597036626794,46.45508270221775],[-0.210814826728925,46.45477775577713],[-0.209556648529788,46.454203915274135],[-0.208806280684575,46.45344005831603],[-0.208325242427766,46.45388525030215],[-0.208046471272054,46.454022855504206],[-0.206005653027404,46.45472993814615],[-0.205669456604289,46.45506651210928],[-0.205606544252447,46.45534945232531],[-0.205748878760405,46.455774427234346],[-0.206119093458398,46.456083057814226],[-0.208014706469861,46.45652007207986],[-0.208267285218306,46.45664635365985],[-0.208353387503212,46.456780015757566],[-0.208317857685431,46.45704055958822],[-0.206670448026648,46.45800875926013],[-0.205994138204052,46.45830531765052],[-0.205297715174012,46.45830413970937],[-0.204595213545035,46.458021954308094],[-0.204010663985116,46.457971668042155],[-0.203341762451202,46.457994939647605],[-0.20259543863938,46.45840969580589],[-0.202377599593211,46.45871950820622],[-0.202349141313857,46.4591898298373],[-0.202155729263969,46.45938270228575],[-0.202103715358966,46.45958512762949],[-0.203038705179071,46.46091701084827],[-0.203152578795885,46.46125717299653],[-0.203102997576918,46.461500985614336],[-0.20257537861741,46.46230973700048],[-0.200986267536126,46.463431217422965],[-0.200660369494677,46.463855802325824],[-0.200291619700532,46.46521702745112],[-0.200280778537181,46.46618791823436],[-0.20003553139131,46.467853889301594],[-0.19964234714363,46.468466001228435],[-0.19890832502285,46.469182283149514],[-0.195698874591692,46.469255902852204],[-0.192801241523232,46.46835103471422],[-0.192369310408089,46.46830272816795],[-0.191411734578741,46.46843222403294],[-0.191143113678023,46.469324698260934],[-0.19030300368537,46.47086036309271],[-0.189638879768574,46.47286332904353],[-0.189445914073975,46.473087706094816],[-0.188919277818187,46.47565818006811],[-0.18872573392016,46.47616284110052],[-0.188678732003156,46.47667512673787],[-0.188782275073676,46.47708498059614],[-0.18865561854701,46.47795275520908],[-0.188904135262906,46.47834324211699],[-0.189030432795241,46.47934273864348],[-0.188797423370842,46.47999809796346],[-0.188445203873337,46.48046663316394],[-0.18851561341655,46.48059984617375],[-0.188285342181346,46.48123530145298],[-0.188153111610739,46.48258806856962],[-0.188450001609915,46.4847867900039],[-0.188405976596648,46.485238611944425],[-0.188053242306617,46.48605591799309],[-0.187435979243481,46.48699054712565],[-0.186948597351976,46.48717897262181],[-0.186690242264564,46.48742409152777],[-0.186992382976566,46.48768241528936],[-0.183894055353422,46.488582563461975],[-0.181361905893426,46.48899103772325],[-0.180514834746066,46.48806927893805],[-0.180527625794272,46.4875282133058],[-0.17990955879711,46.48740032592191],[-0.179892806491685,46.48709078539724],[-0.179625046230943,46.48697387392924],[-0.179598110642036,46.48635551121214],[-0.179329471851194,46.48624583306255],[-0.178878476906482,46.486275504195206],[-0.178740519941577,46.48578909935934],[-0.178258632142232,46.48542310758081],[-0.178216005148944,46.48513951985065],[-0.177867360804032,46.48493293399293],[-0.177323624872258,46.48493814331263],[-0.176692180895612,46.48460243862316],[-0.176365499024357,46.48401133455407],[-0.175446972085378,46.483607004063785],[-0.175408365772637,46.483302576735326],[-0.175275973599786,46.48313503193573],[-0.174683097638299,46.48305778510031],[-0.174273401768937,46.48312414072517],[-0.173266615405937,46.48313048021075],[-0.172892510367138,46.48322558122126],[-0.17239113883825,46.483196247363466],[-0.171242730021632,46.48276402241266],[-0.171063863403083,46.48253738411499],[-0.170670931784774,46.48235363495727],[-0.170255277233327,46.48233993666139],[-0.169973991248412,46.48212424939291],[-0.169876410054715,46.4821287592492],[-0.169877185621891,46.482321589945784],[-0.169623839840655,46.48238449195675],[-0.169253381368314,46.4820261871893],[-0.16902970649091,46.48197111165453],[-0.168788287888486,46.482014756254635],[-0.168687041227754,46.48193375484812],[-0.16851595133613,46.481952918808176],[-0.168306024787585,46.48186501818566],[-0.167908984306608,46.48190216239902],[-0.167740069282954,46.482115919254554],[-0.166052708957781,46.4823312122217],[-0.165363120155702,46.48267744713084],[-0.164935000691304,46.482583870122546],[-0.163960089902237,46.48284698113923],[-0.160394253039001,46.48286276774795],[-0.157512324798088,46.482230525288216],[-0.156021181532776,46.48236544861194],[-0.155654500649579,46.482521567144325],[-0.15518923378939,46.48128989886925],[-0.155221868613589,46.48056896109481],[-0.15632506378332,46.47826302632063],[-0.155948833700217,46.47791565492353],[-0.15543611732801,46.4776441462486],[-0.154778039001046,46.476573705136545],[-0.154258360560142,46.47518943599643],[-0.154055155319153,46.47501391114557],[-0.154049950614728,46.47492393761031],[-0.154434295878013,46.47478085255192],[-0.154546363673762,46.47437313130407],[-0.154434462924156,46.47334077394176],[-0.15427035745263,46.472623466164734],[-0.153800154425359,46.47231923651027],[-0.15348893228484,46.47120046193162],[-0.153518981843973,46.470434536648796],[-0.154006253325408,46.46970374906775],[-0.15393073812234,46.469480540958585],[-0.152934337010783,46.46905295742575],[-0.1513205841432,46.46796291621432],[-0.15156032745295,46.467507517550615],[-0.151840534091265,46.46651119926891],[-0.152551921441535,46.46496497870557],[-0.15338688035234,46.464722042219954],[-0.153360875979424,46.46413699734903],[-0.152776302625009,46.46275541592862],[-0.152892257681993,46.46243770523529],[-0.152806357536396,46.461989489800786],[-0.153011013701991,46.460769958564],[-0.152856065402721,46.460232630854506],[-0.152336413357517,46.45974772580476],[-0.152389247046182,46.459420943636914],[-0.152699758364386,46.45910777501479],[-0.153109495974398,46.458458431270834],[-0.153263096678897,46.45725833154878],[-0.153617746843107,46.45700972679385],[-0.15315160881091,46.45638997414675],[-0.152150172196744,46.45438186883871],[-0.151596568184795,46.454007842185796],[-0.151383885522215,46.45366675992527],[-0.151292739627404,46.45231481038381],[-0.151094495957755,46.451410996420684],[-0.151333847518024,46.45104031631354],[-0.151983607478256,46.4506646152499],[-0.151569076174249,46.449650520674375],[-0.151647339847827,46.44850026347201],[-0.151373099613852,46.448515042425896],[-0.151049276846367,46.44866456296956],[-0.15089152758991,46.44900325220128],[-0.150203748592077,46.44912676645635],[-0.149759373929659,46.44933367955748],[-0.148597677843917,46.45039486047747],[-0.148612596426593,46.45056296852096],[-0.1483166610588,46.45106046576018],[-0.148182469761737,46.451107421996035],[-0.147594352613355,46.451038024271405],[-0.146653017203415,46.451693889015246],[-0.146153012851728,46.45181851105886],[-0.145557232538596,46.45227199351602],[-0.145572562827656,46.452673493805584],[-0.145499488198946,46.45276292047662],[-0.145031233302318,46.45289567435641],[-0.144852948962692,46.45333134458244],[-0.144661185093599,46.45348802257042],[-0.144121145595072,46.453710162929916],[-0.143737202569107,46.45376759483202],[-0.143092376290588,46.453823194930195],[-0.142664786420839,46.453711503384376],[-0.141341578222408,46.45444001091012],[-0.14072497947198,46.45462368802592],[-0.140432085448748,46.455085031529805],[-0.14028366069209,46.455134171776635],[-0.139432234121222,46.45520264134883],[-0.138805080129742,46.455135171902555],[-0.138497227679858,46.45526889584735],[-0.138441741437172,46.45550562571662],[-0.138303151558794,46.45556710935927],[-0.137678916953124,46.45548243123881],[-0.137018226701079,46.45555735672365],[-0.136697627947895,46.455923025767106],[-0.136572263958715,46.45625990108202],[-0.135920581076067,46.456582393380046],[-0.135503226603211,46.456512748644194],[-0.135106175206077,46.45659213864158],[-0.134913901393193,46.457012854831994],[-0.134024175880899,46.457300416607374],[-0.132669000001372,46.45531898976549],[-0.130455766810839,46.45421988566095],[-0.128185079530021,46.45273120981643],[-0.127325167218133,46.452355548677446],[-0.127398626453794,46.450930599376676],[-0.127026914993229,46.450428017591065],[-0.125361436180648,46.45014559338353],[-0.122056289746849,46.4498485138741],[-0.121981274697191,46.45088419707256],[-0.121355486614052,46.45090761366086],[-0.120088429237127,46.4515955845715],[-0.11820750344204,46.45320056383613],[-0.114706950464933,46.45336549073865],[-0.113077885532968,46.45335584533162],[-0.112153588432921,46.453061129671106],[-0.110622831261481,46.45232874655879],[-0.110030420297345,46.45220610520536],[-0.109709996363952,46.45230314518726],[-0.109415047405019,46.45298434037629],[-0.108479181793149,46.45390466747081],[-0.107877805282862,46.454997916064166],[-0.107469177473106,46.45604175919335],[-0.107015922665737,46.4560964464879],[-0.106590728157932,46.456781176109615],[-0.106258762715455,46.45665323107138],[-0.105785092360625,46.45625789202121],[-0.104955181592038,46.456636415556126],[-0.103544258223641,46.45711633389314],[-0.102641538304723,46.457315687007586],[-0.101792514884677,46.457244130102076],[-0.100804321305435,46.456995214589526],[-0.100131537102747,46.45651424331864],[-0.099789459717141,46.456162167959526],[-0.098581460884377,46.45681764685046],[-0.097685090936424,46.45715196058306],[-0.096971379888642,46.4572127710984],[-0.093463469476401,46.45886232882636],[-0.088304052896706,46.46144857754999],[-0.086707627205909,46.46215768112881],[-0.085032097589538,46.462552596769925],[-0.076942370824756,46.46341874893755],[-0.076229650427386,46.46333702034147],[-0.074816696432393,46.462770404921095],[-0.075493717550056,46.46041552255436],[-0.074074582261405,46.45927504110357],[-0.073276287064406,46.458830638023215],[-0.074229739649991,46.45788671529806],[-0.074901281128718,46.45638355801604],[-0.075396785071694,46.455782671752814],[-0.076281996370813,46.45497123218315],[-0.077262352134196,46.45335069995651],[-0.077446937171017,46.45246260727989],[-0.0770023862281,46.45112287581823],[-0.077211074748558,46.45019989021768],[-0.077579888958335,46.44961952761445],[-0.075462240627946,46.44799415554318],[-0.074395406063868,46.44743173808158],[-0.073605407242687,46.44722411754146],[-0.072428466494823,46.44711341409655],[-0.070997435054803,46.44714380286647],[-0.070192375214293,46.44652924958072],[-0.069100991527666,46.44661806673331],[-0.068059864741415,46.44736876025609],[-0.067729611588695,46.44794084487277],[-0.067033118995536,46.44784240804612],[-0.065187173843412,46.44624289849319],[-0.063758102239092,46.44421855430538],[-0.062878573679672,46.443505924807766],[-0.062805200924686,46.44354574088522],[-0.061783847140286,46.44237282337244],[-0.060976347303415,46.44173484528141],[-0.059629110619741,46.44042105889215],[-0.056111883650807,46.4417876676609],[-0.054970026820831,46.442486868506485],[-0.053506453573925,46.44323791626727],[-0.048628105712872,46.44631047214476],[-0.047990743397215,46.44663927917608],[-0.045523785285894,46.44826586166974],[-0.044265099316324,46.449282556918064],[-0.04303996196069,46.45101834260591],[-0.042235754373074,46.45198054685102],[-0.041539368414996,46.452445154961765],[-0.038916896527908,46.4535350488784],[-0.037264837578581,46.454469311664425],[-0.036385462717156,46.455208188698805],[-0.033511631580546,46.454877258774474],[-0.032656503460273,46.454317847242],[-0.031330753568162,46.4531960087397],[-0.030584119073194,46.45219485704584],[-0.028425937228642,46.45037868688036],[-0.026820217714787,46.44937686522913],[-0.025623630053668,46.44881654347344],[-0.024371796307898,46.44848205157405],[-0.023064751816461,46.44837428754682],[-0.023019337300998,46.44882514763203],[-0.022244196570703,46.4489763290545],[-0.021094501109072,46.450980199223466],[-0.020557936344814,46.45157921844591],[-0.019671356502465,46.452026191503975],[-0.019388468717874,46.45282755471402],[-0.019154153368424,46.45309327133791],[-0.018966084769078,46.4532523342895],[-0.018806955001027,46.45358094263046],[-0.016218744722108,46.45305910551537],[-0.01328932633994,46.45148109991923],[-0.009904476483977,46.45005740492269],[-0.010557110658199,46.4492210889474],[-0.010831277681395,46.448684907069854],[-0.011047085095931,46.44787091846696],[-0.011147990307621,46.44681756013468],[-0.011700334458569,46.44598388055061],[-0.011850280321536,46.44494544730556],[-0.011341136151669,46.44356215162286],[-0.012124789567713,46.44247996781632],[-0.012666178422438,46.440410241850984],[-0.013421074923287,46.43821863216894],[-0.01499084615416,46.43624519313515],[-0.01413175168488,46.43515680400437],[-0.013680559815606,46.43213195676587],[-0.013811099016112,46.43112106262916],[-0.013750994674814,46.43059910115049],[-0.013106216028217,46.430274600466035],[-0.011091746840487,46.428627355312784],[-0.012045155054255,46.426964872687385],[-0.011011816923039,46.4263992035735],[-0.010800042382208,46.42324547910229],[-0.014634563902716,46.42441753634125],[-0.014827741814127,46.42362125256209],[-0.015806389945215,46.42218334476364],[-0.016060331138409,46.42142600258955],[-0.016472288963329,46.42084020117296],[-0.017559085850377,46.421218776066],[-0.018133351145506,46.42019884254304],[-0.017657964119376,46.42001406873688],[-0.01798419467833,46.419362943877616],[-0.019543414724223,46.419566803487186],[-0.019758870322416,46.41825628043956],[-0.019985389253396,46.41829984777949],[-0.02000340832517,46.418107432278624],[-0.019746026612202,46.417505987049786],[-0.019785659205994,46.41732741756535],[-0.018854819446839,46.41686994669061],[-0.017335389185757,46.416276645123965],[-0.017478373955201,46.41513925581159],[-0.016948042780305,46.41362948497466],[-0.016432982145592,46.41289066682201],[-0.017133722573984,46.41126093804676],[-0.018451379615114,46.40943285860325],[-0.021351734112028,46.405957060754396],[-0.022646151914316,46.40394931514354],[-0.023590839866991,46.401296605152886],[-0.023721228646107,46.4011814099126],[-0.023672129621766,46.4008357784285],[-0.022383399770368,46.4008735327137],[-0.0212162984979,46.40063771443426],[-0.018312057682551,46.40064520401921],[-0.01675998998542,46.404215047260585],[-0.01222986249268,46.40507185862334],[-0.012332363712248,46.404025656727384],[-0.009124997405399,46.40430313607649],[-0.008853847403529,46.40359029456986],[-0.009370909935331,46.40184020289077],[-0.0113222616727,46.402007684303335],[-0.011570058220918,46.40104505617357],[-0.011972334828806,46.40108850324302],[-0.012474528890728,46.39859896700125],[-0.012025677103839,46.3986081157209],[-0.012116694244033,46.397377486554575],[-0.01169867904711,46.39735518195498],[-0.011851846018437,46.39642478713617],[-0.0115636231491,46.39644140788413],[-0.011616482471609,46.395439769603286],[-0.010356120534861,46.39561181016969],[-0.010010961703772,46.39620214014246],[-0.009736224308824,46.39615622325812],[-0.008988399822041,46.396317427338886],[-0.005518083223751,46.395737581690625],[-0.006185508965728,46.39458909236963],[-0.006809410431168,46.39388058990437],[-0.006874024107031,46.39351663731263],[-0.007947502798603,46.39231688077352],[-0.009130307980652,46.391447642608945],[-0.007942679967975,46.38899007785255],[-0.006768378746316,46.389256232593546],[-0.006766658493099,46.389769014250334],[-0.004187295073374,46.39062906283712],[-0.003596450607735,46.39092036496049],[0.000322867715732,46.39197418165962],[0.000371899404188,46.39283603576291],[0.001668949616878,46.392197005034184],[0.004535005715116,46.391348666021216],[0.005677303980404,46.39068029647593],[0.006284797804146,46.390502503510575],[0.007240769977707,46.39145123036361],[0.008164177218111,46.39116457126083],[0.009138019405643,46.39195425302963],[0.010116369497925,46.391520335563385],[0.01022563511868,46.39161781625639],[0.012063376033095,46.391233438600786],[0.012666213305075,46.39197372078669],[0.013470705235334,46.39178933460468],[0.014350773270025,46.391723164186246],[0.015533967680814,46.391853250353556],[0.01587354491403,46.391501691528596],[0.015964198117869,46.39089130955769],[0.016084146668282,46.39074576466808],[0.018283934338743,46.38935791472456],[0.020691642160083,46.38799978626849],[0.019384567730949,46.387301520149904],[0.018699498987003,46.387041217117385],[0.020382654409221,46.38569118882366],[0.019583433638361,46.38508909193454],[0.02324471983359,46.38232370007405],[0.02394199047882,46.38073432483153],[0.023215849766847,46.379843101845736],[0.024189828076374,46.3795071780483],[0.022994693412315,46.3775223855588],[0.022365664506648,46.377716821319645],[0.022278358222939,46.37747935260396],[0.02338670075182,46.377137933969465],[0.023909740788631,46.37733541139136],[0.025119650553762,46.37818879012468],[0.026737788264782,46.377116324196436],[0.028206605249689,46.3762985625184],[0.027966595667671,46.375995843850006],[0.028403415142494,46.375959469424046],[0.031251045039068,46.37461170013421],[0.03288693203216,46.37423887045616],[0.034298719139801,46.373725024175585],[0.031310739640653,46.37121338947828],[0.027344705137956,46.36754258112581],[0.025842746366092,46.36598414462648],[0.025504018639679,46.36618076023801],[0.021748293616516,46.36284412714275],[0.02013569806681,46.36241270844134],[0.01388661537496,46.3570317508979],[0.012392220854698,46.3557517599827],[0.011545039147745,46.35520330156973],[0.004125568905613,46.35135721003799],[0.003475031330976,46.35182941635276],[0.002567940101804,46.352091219920915],[-0.000455659457163,46.35202968798274],[-0.005311504947896,46.352676721923466],[-0.006179161977902,46.352670061518],[-0.007681156430246,46.35248445550017],[-0.008475698110304,46.35266263490025],[-0.008776743045191,46.35283581437996],[-0.009679951578962,46.35269482259574],[-0.010125936673048,46.35245145654264],[-0.01017592984676,46.35350084693106],[-0.010378221228572,46.35367663036758],[-0.012337777075058,46.35390601109982],[-0.012670079381035,46.3540792558364],[-0.012211301888852,46.355483618472114],[-0.012585994741585,46.36114719622168],[-0.013387885463645,46.363155334440364],[-0.013721336784081,46.36485865626255],[-0.014571291799006,46.36497585911969],[-0.015090735983466,46.36488282376174],[-0.015482075821342,46.36444984579653],[-0.017377616905244,46.36523323372956],[-0.017914848809866,46.36562722385192],[-0.019040823745547,46.366098438778344],[-0.0204869479699,46.366473752411004],[-0.020697385090856,46.366960192436586],[-0.02163811473113,46.36652885550749],[-0.02347814363065,46.36585919621275],[-0.026152809091177,46.36446627582165],[-0.027496690022505,46.363935875319356],[-0.028104539432071,46.36344213233944],[-0.028939173557693,46.36300093405251],[-0.030331403588884,46.3627566747936],[-0.031508472353193,46.36245864524007],[-0.034463042721159,46.3613311192548],[-0.036487024065902,46.359597510720306],[-0.03727064531574,46.35913057266722],[-0.039390889376362,46.357586284640504],[-0.041111558158632,46.35564620195029],[-0.043071342260221,46.35391237460924],[-0.045183899412973,46.35251686133475],[-0.046207315935066,46.35163883799721],[-0.047506489596952,46.35080569772843],[-0.04800411392502,46.350324698907656],[-0.051389949915675,46.35164799400336],[-0.053627378706712,46.35274874418324],[-0.05555170187367,46.353810987217386],[-0.057024790146162,46.354436532642424],[-0.057903706235685,46.35416514184741],[-0.059541719923214,46.35387697513876],[-0.060580667883245,46.35341923581798],[-0.061379868277384,46.354071830628314],[-0.06294897035796,46.35494614271534],[-0.064274489009334,46.355978375763556],[-0.06620579935894,46.357252029192516],[-0.069959686291676,46.357604268798696],[-0.072181803751065,46.35761108605111],[-0.072360499938924,46.357687373348895],[-0.073357896184538,46.35776411845757],[-0.076024714351244,46.35787872348155],[-0.077686398335704,46.35909638608633],[-0.081009172835606,46.36133250503328],[-0.08130183120601,46.36160575509442],[-0.083065840753081,46.362095149306676],[-0.08484914870771,46.36244161220863],[-0.087070213163757,46.363347527762826],[-0.087825793896462,46.36374970722349],[-0.091948994679434,46.36608549921154],[-0.092259088527661,46.36636636072428],[-0.09233942185128,46.36631371688181],[-0.092969564216272,46.36672917935327],[-0.09374919484448,46.367002704756054],[-0.094599659179731,46.36726258729607],[-0.097086935337765,46.368288154443626],[-0.098885999499996,46.368562785726276],[-0.101588132713112,46.36970137176017],[-0.103395871069465,46.370906599433894],[-0.103755453801457,46.37123204414726],[-0.104156982502104,46.37179154950812],[-0.105218448840287,46.37239436175579],[-0.104675268381022,46.3770168017412],[-0.106968408690899,46.37761669846271],[-0.107634945301632,46.37772920420507],[-0.107009371571503,46.37888622353274],[-0.108761389621015,46.37924219503719],[-0.109449404250273,46.3798001818903],[-0.11039168039033,46.380226869258955],[-0.110709148918424,46.37992533086446],[-0.111244011560332,46.38014864698841],[-0.111651003544367,46.38018440280989],[-0.111934990431813,46.380118077567175],[-0.112127993266454,46.37996321691581],[-0.112252796749106,46.37881713209283],[-0.111974160007469,46.37794880299774],[-0.112201130339279,46.377133361156524],[-0.112383586317387,46.37695355489775],[-0.112996855830342,46.37715940232487],[-0.114081441501561,46.37718205548919],[-0.115035426450695,46.37751736671302],[-0.116380658113621,46.37758965124108],[-0.117113026850279,46.37794271728899],[-0.117460599462445,46.37800981488606],[-0.11770821854469,46.37794537017361],[-0.118121452534974,46.37752043455415],[-0.118423582420817,46.3774301660232],[-0.118893841995003,46.37761646298685],[-0.119288780145763,46.37792016824461],[-0.120108585970186,46.378116723772706],[-0.121067566970263,46.378606850556224],[-0.121348861041645,46.378653221332165],[-0.121858961398977,46.378533820386366],[-0.122756802894187,46.37770358945064],[-0.123245597917954,46.37677911818183],[-0.123256417253836,46.37660399457055],[-0.123638233589707,46.37610870541822],[-0.122956837326313,46.3761237649379],[-0.123103081672442,46.375493445287255],[-0.123699669811991,46.37529326428391],[-0.123665448729376,46.37521850333399],[-0.125119091457498,46.37459200847297],[-0.125119362687888,46.37448295915816],[-0.125246538630181,46.37440737964562],[-0.126230646273695,46.374563340025645],[-0.126511895869343,46.374472720539295],[-0.126468119459591,46.37427656395679],[-0.126222390546689,46.37407783408007],[-0.12628990219421,46.3734830110789],[-0.126407550286983,46.37342301134128],[-0.126445300502656,46.372672200008296],[-0.133335103382644,46.369084732045486],[-0.134456833276623,46.36791931574903],[-0.134900996288501,46.3669933090794],[-0.134552266640197,46.36695062946791],[-0.133667299901718,46.3664558796443],[-0.133050937603659,46.36628627629071],[-0.132403757866577,46.366214843555746],[-0.131632794504002,46.366368496933205],[-0.131303928534489,46.36633157015925],[-0.130954268849206,46.36618166531589],[-0.130122422291025,46.36559080682593],[-0.131397251579957,46.36353085372594],[-0.13364797450143,46.36298687715113],[-0.134538718131309,46.36256226520852],[-0.135159160080262,46.361918884330805],[-0.135806602705715,46.36185962200205],[-0.136352333128891,46.36243217742877],[-0.136677348357219,46.36242503728768],[-0.138189758842149,46.36135696847667],[-0.138875176100405,46.36071267813889],[-0.138988411002643,46.3603499890665],[-0.138703926745913,46.359816213090106],[-0.138679414027078,46.35927617976002],[-0.139035886051853,46.358548122836346],[-0.139344150539561,46.35818186455269],[-0.138362119975981,46.35694725374811],[-0.137626946750175,46.3567016447788],[-0.137397839890273,46.35649707494774],[-0.136929544508326,46.356524382625665],[-0.136351006518214,46.356671875182215],[-0.135571041482641,46.356688827794],[-0.134867656769614,46.356928963692305],[-0.134469974611412,46.356757862086745],[-0.133669406290385,46.35632477894534],[-0.133458988948897,46.355969191014836],[-0.133633415674087,46.35551560885196],[-0.13349311576908,46.35529327010739],[-0.132563929064011,46.35486371575204],[-0.131484176695565,46.353986800857754],[-0.130688878845623,46.35364457253313],[-0.129637402819773,46.35339678760525],[-0.128355487463258,46.35292011129581],[-0.129881945092799,46.351303847205614],[-0.132461823573048,46.351175295236125],[-0.132605121597889,46.3508144899585],[-0.134212124487909,46.351422762978494],[-0.136872668102983,46.35156585170224],[-0.138144247197884,46.35138575708456],[-0.13965192451101,46.3509206792243],[-0.14006315682674,46.35071649710164],[-0.141642929458512,46.3495365698928],[-0.141884168988694,46.34922802338002],[-0.142008457703045,46.34876409232934],[-0.14366462098406,46.347420716054444],[-0.143329357124566,46.34720286529006],[-0.143848370978635,46.345751159903976],[-0.143811515669621,46.34513306295397],[-0.143055186605946,46.34420047245104],[-0.142737754236861,46.344043409178106],[-0.143528558333788,46.34272479310324],[-0.144031351229807,46.34221346808603],[-0.144831526591552,46.341737190781075],[-0.147372893755228,46.34092535017745],[-0.146796908445537,46.340390632841334],[-0.145750804172033,46.339147943527564],[-0.14531672073274,46.33881747585874],[-0.144593052072971,46.33756948121611],[-0.14351963239653,46.33711696597167],[-0.14350541970138,46.33680194326682],[-0.14457984540775,46.33691017780691],[-0.144570451686132,46.336859970656086],[-0.144414426204998,46.33634158885048],[-0.143951745517941,46.33555860959358],[-0.143332437447355,46.33302444068921],[-0.142477394393071,46.33195579071883],[-0.141682485646703,46.332431009033606],[-0.140720886128311,46.33272246898848],[-0.14000621096362,46.332737661628805],[-0.139471006864656,46.33238923341731],[-0.138495213610798,46.33236565122236],[-0.138228926783339,46.33223690756589],[-0.137888628722836,46.331884004754144],[-0.13799794475248,46.33143130352071],[-0.137662853109085,46.33121433543468],[-0.135940279434065,46.330486745194044],[-0.1352063268191,46.33005184806597],[-0.134253151534838,46.32908316983072],[-0.135404440400748,46.32869732608761],[-0.136702452301611,46.32866970617938],[-0.138219026686202,46.32773576857146],[-0.139341440643856,46.32811668548967],[-0.141100585561492,46.328213287107296],[-0.142025566143928,46.32855366131325],[-0.142807650876973,46.32862581229349],[-0.143974433430184,46.32855576901376],[-0.146279476291677,46.327829761095195],[-0.146787571211653,46.32754897613756],[-0.14768280841499,46.32725929503726],[-0.147754220284044,46.32739250012209],[-0.148014085449537,46.32738712196893],[-0.149040544140151,46.327094705009166],[-0.149657535111582,46.327801303191684],[-0.151013979535824,46.327636725575594],[-0.153863210798705,46.3274389254002],[-0.154499844153656,46.3271545462902],[-0.156379826541715,46.327068228716634],[-0.157215939946344,46.32728748058092],[-0.157603709869968,46.32731187985229],[-0.15811304598257,46.32725630646861],[-0.158185879788885,46.32714344064052],[-0.15862041096307,46.32732424888646],[-0.15911141175089,46.327379124967536],[-0.159417094476708,46.32731116908009],[-0.159721747220126,46.32742798560554],[-0.160761320563811,46.3275883982531],[-0.16159130712564,46.32815114376265],[-0.162428387850287,46.32831896345796],[-0.162486713657753,46.32865258881426],[-0.162910929921712,46.32881203905585],[-0.163270066669282,46.32910577048034],[-0.163818286227973,46.32913740940728],[-0.164084979700587,46.329249861770386],[-0.165943878711187,46.33043826500127],[-0.166563859622117,46.330450774210824],[-0.167343645122017,46.33014522093829],[-0.168272709024905,46.330193286091934],[-0.168134396827533,46.33090457212259],[-0.168200183257872,46.33145607771917],[-0.168344421875574,46.33174495566533],[-0.168823411544973,46.33224261313112],[-0.169219496794348,46.33301563773451],[-0.169548621076968,46.33312724268369],[-0.171236248868909,46.334095030891554],[-0.171951627354198,46.334898812504235],[-0.173793288657831,46.33629935869153],[-0.174568040173192,46.33716095086033],[-0.175056032786112,46.337542980343116],[-0.175433010450959,46.338903199744855],[-0.175263417569503,46.33925398640961],[-0.175891355777816,46.34018544964132],[-0.176420720362562,46.341793755126844],[-0.176695003925823,46.342102430236714],[-0.17756459368976,46.34262341112353],[-0.178575916227256,46.34341079264568],[-0.17993921368421,46.34338086851739],[-0.18024843714805,46.34305952230185],[-0.180898225679053,46.34304499088903],[-0.181237499036989,46.34335184178247],[-0.182542017479177,46.34342986922428],[-0.183056660878752,46.34312801144784],[-0.183169869875867,46.342748146441224],[-0.183358966937996,46.342621201686086],[-0.184875564248939,46.342631995442446],[-0.186235344709887,46.34238580469583],[-0.187381049968639,46.342485339691635],[-0.188478495792544,46.34215904237861],[-0.189436139795741,46.342180006537625],[-0.191503596045425,46.34190853518579],[-0.192868177786045,46.34192347960568],[-0.193008632189128,46.34214484587496],[-0.193252312239366,46.34317530718858],[-0.194043890279555,46.343427089735194],[-0.194926605472118,46.34394667422876],[-0.196217441029759,46.343812244538505],[-0.196906958284247,46.34354236678901],[-0.19791266659949,46.343450162135376],[-0.198363969841345,46.34320137935807],[-0.198643378943372,46.34290605086829],[-0.199802073239034,46.3428933472986],[-0.203654373059836,46.34325734471732],[-0.207835641737475,46.34374893787583],[-0.208950902025831,46.34394914984129],[-0.20940446747069,46.34393908027275],[-0.210091416446529,46.34333844742061],[-0.210318167195944,46.3426128898589],[-0.210917142055702,46.34204356852585],[-0.2107758759295,46.341388760466806],[-0.210181810108805,46.34064577344591],[-0.210607457022768,46.339540606591406],[-0.210718303484864,46.33896881608511],[-0.209972218883027,46.33709908642528],[-0.212118765113876,46.33722604604643],[-0.214268534717511,46.33709782999682],[-0.217201516562541,46.33679155021063],[-0.217740048790195,46.33661232102181],[-0.218917812327003,46.33690349307411],[-0.219980194852553,46.33698071994788]]]]}},{"type":"Feature","properties":{"fid":491,"ID":"COMMUNE_0000000009748413","NOM":"Neuvy-Bouin","NOM_M":"NEUVY-BOUIN","INSEE_COM":"79190","STATUT":"Commune simple","POPULATION":484,"INSEE_CAN":"04","INSEE_ARR":"1","INSEE_DEP":"79","INSEE_REG":"75","SIREN_EPCI":"200040244"},"geometry":{"type":"MultiPolygon","coordinates":[[[[-0.614996026034503,46.622894509057964],[-0.615563421087994,46.62314430615674],[-0.617428710907439,46.624515886582614],[-0.619061222764422,46.62549458430852],[-0.620380039138924,46.6264966972198],[-0.620656776975085,46.62688004780641],[-0.623054441590441,46.62877553965673],[-0.622480737845205,46.62945349264424],[-0.621983790550849,46.62981082945451],[-0.623853640114811,46.629812079056975],[-0.624595155396463,46.63047366335554],[-0.624201664638859,46.631264002398986],[-0.623569723968317,46.6320303347994],[-0.623161916889125,46.632841853707326],[-0.623311806793028,46.633225605607855],[-0.623749090765909,46.63360206885443],[-0.624737811630181,46.63375106204953],[-0.625918025756317,46.63382818509753],[-0.626210495066196,46.634191195850356],[-0.626404516085201,46.634255361221605],[-0.62765593215002,46.63428153828783],[-0.627746931612617,46.634605856641],[-0.628734807939496,46.634545723203885],[-0.629677767670772,46.63473398224465],[-0.62992353354885,46.634847880860264],[-0.630418395917078,46.63530181722858],[-0.631858325523972,46.63593581442074],[-0.63231579464099,46.63657390895762],[-0.63253910774249,46.636723668105596],[-0.633784354199713,46.63730252211239],[-0.634934172501657,46.637608568711876],[-0.6355556457839,46.63758704487544],[-0.636958361804816,46.637839075096416],[-0.637741686283557,46.63779166916146],[-0.638378759604303,46.637944502960316],[-0.638820331845783,46.63818737196453],[-0.639667320278891,46.63828936318879],[-0.640463374662229,46.637904416753315],[-0.640847803865097,46.63786065118578],[-0.641534771633463,46.63791813802328],[-0.642388009814994,46.63809382408345],[-0.642946643342663,46.63809138455358],[-0.643552455871948,46.63830467569382],[-0.643810233906445,46.638226168694686],[-0.644479545637214,46.63819586388575],[-0.646959258110234,46.63766625578556],[-0.647712959330264,46.63725556371026],[-0.648576414684618,46.63695945257746],[-0.650042481227931,46.63682892019197],[-0.650433368451695,46.63693995519594],[-0.651634444760425,46.63670246824377],[-0.65226523446302,46.636741850850655],[-0.652415935812841,46.63688126855867],[-0.652633031261126,46.6368986841776],[-0.653431575332286,46.63684437513958],[-0.653582157163133,46.63678729196923],[-0.653654012055384,46.636571370531044],[-0.654153851871742,46.63641481031958],[-0.654738377890051,46.636388952024454],[-0.65518891150563,46.636063597091635],[-0.656125584330988,46.635884074687816],[-0.656459098711918,46.63568684133175],[-0.656603364938563,46.63547762015775],[-0.656620970962414,46.63513633160477],[-0.656820087627514,46.634886599253875],[-0.656787995872324,46.63448740513043],[-0.657065274133191,46.63423247285178],[-0.657189575752085,46.63469903177688],[-0.657368015895034,46.63493941512067],[-0.657672471387993,46.635088339411936],[-0.658180513606265,46.63563729025249],[-0.658384220285226,46.63576689528514],[-0.658835286933845,46.63581919222748],[-0.658929852674818,46.635960394811335],[-0.658851690430227,46.63623781652815],[-0.658486368426989,46.63666232265582],[-0.658565377667885,46.63684458506929],[-0.658494206408517,46.63693429323769],[-0.658876609422001,46.63792983827597],[-0.659237498837353,46.63813915269757],[-0.659662137778869,46.638653804906575],[-0.659487098311901,46.63924169692263],[-0.659522101437512,46.63993645473893],[-0.659386866188188,46.64024093861399],[-0.659135902422515,46.640478809993795],[-0.657280350090238,46.64153229675318],[-0.653435392456755,46.64334508098717],[-0.653210059219073,46.642971879825915],[-0.652974824794348,46.64299650682045],[-0.64900117762608,46.64535226638241],[-0.648869025740119,46.645820689408765],[-0.648896098439366,46.64618488890368],[-0.648635186222888,46.64650958460277],[-0.648256349497483,46.64792420493783],[-0.648522745604846,46.64865576056408],[-0.648697441249404,46.64878180011088],[-0.648830628384821,46.649108367615405],[-0.648919521869362,46.64969143783938],[-0.648769857254387,46.65048401520865],[-0.64845533031872,46.6511412253107],[-0.648413188845583,46.65162480837892],[-0.649356201895973,46.65406908333459],[-0.649016126990889,46.65539863958295],[-0.648867935329093,46.65557011452411],[-0.649119070967177,46.65621021364691],[-0.648807120577167,46.65634093223398],[-0.648505867007649,46.65668944443637],[-0.64772131332539,46.657093001217845],[-0.646368785994209,46.6581627200977],[-0.645876264521123,46.658373088710256],[-0.645308201312565,46.658745402662355],[-0.644679943176246,46.658864536750265],[-0.643858707137921,46.65917098099717],[-0.641534326046551,46.660216549742366],[-0.640450747247096,46.661180296964424],[-0.640245203588722,46.66159064366906],[-0.639149982050098,46.66204907314193],[-0.638105168138735,46.6622634207643],[-0.637518326838386,46.66227844197264],[-0.636971325580189,46.663377454187284],[-0.640650456961946,46.66363291592853],[-0.641211642648756,46.66378184386994],[-0.641736852273234,46.66405810540681],[-0.641801473629183,46.664240834931626],[-0.642415614617117,46.66459358923716],[-0.643186354571679,46.66532895637934],[-0.643694637010898,46.665977116356274],[-0.644933590369117,46.6682064985972],[-0.645537246845233,46.668909307037644],[-0.646320345013687,46.66955412458258],[-0.646801561415298,46.67014905074654],[-0.647239184307409,46.67052362244962],[-0.649617924320541,46.67182161727668],[-0.650314964461952,46.67229518306452],[-0.651696164440547,46.673517635057344],[-0.653094123444295,46.67401482567641],[-0.654007390293802,46.67445083291539],[-0.65539123518641,46.67516568044238],[-0.657058220883525,46.67629242718922],[-0.658038437959352,46.6767686337277],[-0.658628014772756,46.67718068200409],[-0.659083556956622,46.67739148959561],[-0.665267550145694,46.680049545112176],[-0.66616011432534,46.680369844024334],[-0.66981004658063,46.681316711228526],[-0.670124005047047,46.68146620756421],[-0.672901827733128,46.683749716079056],[-0.673627733479168,46.68421862006731],[-0.67423858838599,46.68443881679811],[-0.675016607900616,46.68453557003487],[-0.675756302122011,46.68491748567902],[-0.67688365576712,46.685221164179545],[-0.680242948753036,46.68652948032333],[-0.681084487165383,46.68698291044168],[-0.679886354022093,46.687916454289876],[-0.678253579259928,46.68815813593689],[-0.676694211645273,46.68925196075643],[-0.675794804129429,46.68999469887798],[-0.675260297010927,46.690690579958364],[-0.674329254182645,46.691334264444706],[-0.673563475618383,46.69163282206832],[-0.672565285873746,46.69184597467339],[-0.672264507340905,46.692260331351385],[-0.671799402323399,46.692240070629175],[-0.671277585103218,46.69273721846877],[-0.670575608904084,46.693049937258564],[-0.670369836932245,46.69331972907814],[-0.669541994089283,46.69351478214423],[-0.668316561901624,46.69418495982427],[-0.667346057952954,46.694440445704814],[-0.667069006677275,46.69470259502936],[-0.66561820594071,46.69514017952152],[-0.664334129721395,46.69587438173794],[-0.663464949543012,46.696758466102324],[-0.662402421386891,46.69737920369824],[-0.66223438809995,46.69760721140902],[-0.661607204268705,46.69794272169071],[-0.66130813444046,46.69834527279088],[-0.661047408346373,46.698500521437644],[-0.660572078592884,46.69860132532229],[-0.660274655733202,46.698911879747484],[-0.65936825930443,46.699070602888966],[-0.657942526350341,46.69959111279545],[-0.657179785921485,46.700054409653696],[-0.656197565598468,46.70033270399268],[-0.656162148138883,46.700798945012025],[-0.657104463262804,46.70113396089172],[-0.657509385281945,46.70138785736142],[-0.657800349715131,46.70275047913682],[-0.659031445715286,46.70408401413538],[-0.660191283750128,46.704495895833034],[-0.661136729221643,46.70501195894889],[-0.662848296021076,46.705191674004816],[-0.663554307910002,46.70536292341968],[-0.663399170335023,46.705898792717406],[-0.663164539339645,46.70624700870108],[-0.661874461868829,46.70711026127079],[-0.662005912255457,46.70855368319088],[-0.663034810524859,46.70871282579845],[-0.662751310087858,46.70965751253178],[-0.664564518169609,46.71089398660276],[-0.665272718533668,46.71129050344385],[-0.665767866597283,46.71105474433481],[-0.665708984005068,46.71156049882567],[-0.666372566360377,46.71366294964081],[-0.667605611978354,46.71496028628843],[-0.667503360707907,46.71511498747315],[-0.667613036398708,46.715554961551014],[-0.66932046267557,46.717548306670025],[-0.670155000246424,46.71806694966566],[-0.671351670902012,46.71905623974515],[-0.672879304810218,46.71964823002375],[-0.672845147193974,46.72018925284077],[-0.674342696096195,46.72126533051957],[-0.673401619806388,46.721768691114704],[-0.673198418360717,46.7218455046302],[-0.674376407361404,46.722924601894405],[-0.674709019173975,46.723055467301684],[-0.674995677325872,46.72289485352865],[-0.675494050352647,46.72233805865538],[-0.676471298061252,46.72325861276508],[-0.676281181846016,46.72366401813778],[-0.676698981191303,46.72389130103944],[-0.677213790351861,46.723712554046834],[-0.677408661793275,46.72388027612385],[-0.677970066832739,46.72411827555376],[-0.67814690263594,46.72427125103549],[-0.677396713595014,46.7245936554176],[-0.677629961172796,46.725095462870385],[-0.678104198429179,46.72571033102904],[-0.678247530595351,46.725736383586245],[-0.679558141410011,46.725231050216976],[-0.679864192850363,46.725182475773245],[-0.679767631488171,46.72576876991206],[-0.681943052554295,46.726070356936894],[-0.682136726067418,46.726355290530265],[-0.68217555483225,46.72669567061087],[-0.682939009092392,46.72651072186577],[-0.683331436793575,46.72702002966519],[-0.683690601856998,46.72707790697203],[-0.684199677491934,46.72681458251268],[-0.684314942394603,46.726967723318936],[-0.684755036542555,46.72719426277722],[-0.685029185131599,46.727254865991355],[-0.685218393902828,46.727164960296655],[-0.685908154364481,46.72765118976093],[-0.685395571840993,46.7278821843647],[-0.685373196351221,46.728035237822326],[-0.685004970982233,46.72813359683424],[-0.684731407807833,46.728004469061304],[-0.68456338271548,46.72803961027336],[-0.683665405031563,46.7278845573358],[-0.68326537004459,46.72815159008446],[-0.684279484084549,46.72920610900892],[-0.685295731187004,46.729808955585206],[-0.685492060589963,46.729804453056076],[-0.686231353325847,46.728973963208446],[-0.686525360560674,46.72838131891403],[-0.686555891861328,46.72775026636392],[-0.687371078855219,46.72753568303273],[-0.687734397165709,46.7265937719248],[-0.688135915918992,46.72640689856828],[-0.688696151991198,46.725951715179995],[-0.689135447561483,46.72612778595393],[-0.688132225638891,46.72783752491852],[-0.68849859699933,46.72821334696616],[-0.688535786246638,46.72879895712626],[-0.687688644907276,46.729295808928114],[-0.687193572597108,46.72980387664697],[-0.686910714677494,46.7302519418556],[-0.688317414136497,46.73081247187328],[-0.688862890877472,46.730390214014115],[-0.689001623153397,46.73052186428179],[-0.689333569041456,46.730603134616025],[-0.689587376341017,46.73046066717805],[-0.690370335601009,46.73094748107016],[-0.689076019948813,46.73213656760132],[-0.690035043389339,46.73260961172581],[-0.690365252695288,46.73264586578005],[-0.690480447939125,46.73237354672823],[-0.691113946172869,46.73230089171015],[-0.691356243262958,46.732509432129866],[-0.692567847061176,46.73311044133256],[-0.693747789237324,46.73401622694409],[-0.694602916062215,46.73384808301826],[-0.694152258964807,46.73341009128109],[-0.694129197067539,46.73299439006769],[-0.692661289488525,46.73205641112344],[-0.692717423425149,46.73141732026799],[-0.692373843912162,46.731107480031575],[-0.693132880712324,46.73041422104663],[-0.693067086336488,46.72985206640105],[-0.693609095180666,46.729957211212366],[-0.69459287584722,46.729811965832226],[-0.694618878677919,46.72946228913427],[-0.695087770576992,46.729398516117506],[-0.696383775697991,46.72952623863251],[-0.696239122655685,46.72982745703853],[-0.696196916783055,46.73030475296775],[-0.696627311431958,46.731253578913886],[-0.696132747259227,46.731479534219616],[-0.696735221750789,46.73256794178772],[-0.696070181189863,46.73283183802223],[-0.696023662679397,46.7336499992422],[-0.696339478673405,46.734975693367076],[-0.696090996420971,46.73525411440533],[-0.695652719222191,46.73524839808429],[-0.694758299130422,46.73468588310554],[-0.694600970136442,46.73472429970473],[-0.693840590408354,46.735571747658256],[-0.694513795304236,46.736043139550716],[-0.695245376355472,46.73673619367917],[-0.695980997634667,46.73712263985747],[-0.696357722078364,46.73664809239404],[-0.696984507832793,46.736206952523816],[-0.697477549349399,46.73638126314871],[-0.69810000807917,46.73612684484576],[-0.700034116567322,46.734131913077086],[-0.700398250623647,46.73414631289465],[-0.702722826031986,46.7350511538697],[-0.702294923517926,46.736119593277714],[-0.701593013392961,46.736784930074364],[-0.701007277202008,46.737558288720955],[-0.700801056786253,46.738302280213716],[-0.700139979086533,46.73806759873273],[-0.699901904126817,46.73822941249732],[-0.698710852819215,46.73791355481375],[-0.69848839148068,46.738035201005104],[-0.696894348078071,46.73925115856923],[-0.696060708279633,46.740293877099674],[-0.69625935848359,46.74041908316553],[-0.696322169381991,46.74107147135679],[-0.695824920346204,46.74243326232109],[-0.694571892861105,46.741939978545986],[-0.693857797773028,46.74254435929404],[-0.694420132787713,46.74290754918608],[-0.694031594562671,46.74384488126599],[-0.69417669971283,46.74485878266701],[-0.694758239415809,46.74490676808669],[-0.694846740027203,46.74520498387507],[-0.694761449280023,46.745473639544954],[-0.694965655483287,46.74560317631994],[-0.694810277289647,46.74651768093418],[-0.695098321402833,46.746780628942275],[-0.695118983382763,46.747834590672504],[-0.695525277990225,46.74794680461536],[-0.69589107939633,46.74833073812896],[-0.696959018764556,46.748607329264395],[-0.69723281655006,46.74875715598641],[-0.698296316348357,46.75175698182128],[-0.699076853968151,46.75149116229076],[-0.699193991202468,46.75155499217506],[-0.699229181847127,46.75180174092844],[-0.699466973837393,46.75184635892211],[-0.699508519300218,46.75174406420601],[-0.699610403366752,46.75173807667485],[-0.699617766980614,46.751903695474184],[-0.699891810224974,46.751902976137124],[-0.70017488749328,46.75178478398268],[-0.700238677159449,46.751681771983726],[-0.700127524280045,46.751436570398724],[-0.700359397096035,46.7511830164263],[-0.700291596132126,46.75113111833923],[-0.70132580457259,46.75035503001386],[-0.701692493650069,46.75023233502542],[-0.701805850403263,46.74997178255031],[-0.70215440445322,46.749910064134305],[-0.70210368648245,46.75003158513549],[-0.702275494331137,46.750070212560736],[-0.702349178342571,46.75003538597303],[-0.702303245637452,46.749861996990276],[-0.702684468967759,46.74977939261805],[-0.702841740947353,46.74983561452411],[-0.703050522744743,46.74972431810874],[-0.703088904242528,46.74978707897751],[-0.70393307141757,46.74945517301546],[-0.704360566133009,46.74945489963036],[-0.705676678535248,46.74973512120413],[-0.706134053116668,46.74963472319263],[-0.707220618007621,46.749933154939754],[-0.708352924548269,46.74996058145867],[-0.709080157303905,46.74985596072902],[-0.710357950261141,46.749958891047186],[-0.711090246286157,46.75019662521527],[-0.711926821141456,46.75084652791207],[-0.712440041104264,46.751025535458666],[-0.713093524583889,46.75143346650398],[-0.713831470421491,46.75158086144811],[-0.714303572320306,46.75192524601811],[-0.714531231685029,46.751955738689],[-0.715088812938008,46.751843950129704],[-0.715484355236651,46.75193210582673],[-0.716388139911913,46.75271952017951],[-0.717786932600715,46.754146217340384],[-0.71803284140067,46.753945353707905],[-0.718227748162647,46.75395706927776],[-0.718599389849718,46.75438491593072],[-0.71883601040444,46.75445026486655],[-0.719241537895356,46.75535295208363],[-0.719556343761957,46.75581238353731],[-0.719539603373299,46.75694508625039],[-0.719377243831469,46.75715947129071],[-0.719569431675237,46.75751380555568],[-0.719455756485316,46.757615741022086],[-0.71943331526251,46.75807257702696],[-0.719710400353941,46.75903350791145],[-0.720214719781776,46.75971214833977],[-0.720350725234365,46.76031799004108],[-0.720066660481452,46.76114837030432],[-0.721197242540053,46.761319056628864],[-0.721025517154179,46.761549972314306],[-0.720748045272931,46.762591068271846],[-0.719995296887117,46.762517205710374],[-0.720080971212122,46.76372771483976],[-0.721109900340062,46.76388817596047],[-0.721361970750382,46.76440732629215],[-0.721779198656367,46.7644659157012],[-0.722208235614171,46.76515510158439],[-0.723322614245229,46.765069395536656],[-0.724042754391122,46.76482069176377],[-0.725583312284361,46.76482840772342],[-0.726276824496095,46.765127705244446],[-0.726634239622601,46.766052664121084],[-0.727058941439912,46.76660135580362],[-0.727109309774609,46.767372223557956],[-0.727417348108218,46.76757856185911],[-0.727482206163476,46.767739610557385],[-0.727181518530671,46.768212691741454],[-0.727338587272996,46.76877998452017],[-0.726884174658482,46.769383349054195],[-0.726895794596929,46.76978139186465],[-0.726670500572961,46.770053715609045],[-0.726736627934917,46.77072942415018],[-0.726951795639277,46.7709586087331],[-0.726422627741903,46.77177262023228],[-0.726518439655164,46.77198314346191],[-0.726959156472254,46.77228703656646],[-0.727077348807062,46.77249863589348],[-0.727035298108035,46.77301289827431],[-0.726866210518447,46.77318694770366],[-0.726987832233977,46.77373465866812],[-0.726561654868318,46.7740432465772],[-0.726496520862499,46.77446992005164],[-0.725660804970289,46.77527223855643],[-0.725102325372634,46.77642431556519],[-0.724665480324688,46.77669267820791],[-0.724541626400998,46.77687607328691],[-0.724763107799452,46.77710145175556],[-0.724747559330688,46.77735254510668],[-0.724889460036859,46.77743177326363],[-0.72478361945481,46.77751452898019],[-0.724981236144316,46.777621696299455],[-0.72464548995103,46.77800576426276],[-0.725035254117085,46.77861779370301],[-0.725255790624326,46.77919204367455],[-0.7258469331724,46.77948835899107],[-0.726540528223812,46.78085491473722],[-0.726427381712248,46.78106049915134],[-0.726491769021485,46.78119542296845],[-0.727439653855566,46.78209941824499],[-0.727467219768854,46.78230945128737],[-0.726627555121479,46.78296046482148],[-0.726513380367494,46.783322925900954],[-0.725907348930279,46.783574244901246],[-0.725643251801126,46.78377931600538],[-0.725005573976063,46.78397126267052],[-0.724541258457288,46.78399353012744],[-0.723742927372146,46.784349324540365],[-0.722824769294592,46.78546346574159],[-0.722334490118376,46.78579574425256],[-0.721964654960759,46.785856403352675],[-0.721981294218445,46.78606048114485],[-0.722098570270512,46.786163045947276],[-0.722115865020445,46.78641487647825],[-0.722021527789336,46.78651257975548],[-0.721755524475209,46.78653742342208],[-0.721826231316245,46.786630680539936],[-0.721429880765716,46.78670661911613],[-0.721290750232713,46.78684002587449],[-0.721190100651472,46.786769371912065],[-0.721110349749915,46.786869306037175],[-0.72096656312123,46.78687756922693],[-0.720789763273672,46.78720779825869],[-0.721245344629925,46.78761218988188],[-0.720999222231949,46.78773554105826],[-0.721212272954036,46.78783770863141],[-0.721021898883961,46.78795114136847],[-0.721254542688338,46.78803284353664],[-0.721094655363504,46.788150697160425],[-0.720970000076314,46.78817005866983],[-0.720996953404399,46.78823769164558],[-0.720744065672365,46.78858751140196],[-0.720785606069095,46.788752923998565],[-0.720654165703921,46.78884551785318],[-0.720752840523786,46.78898293952394],[-0.720703215682853,46.78906296814179],[-0.72053847197522,46.789071909362065],[-0.720463396104396,46.78925912669513],[-0.7204754207146,46.78954898630567],[-0.720423785719796,46.78992473723217],[-0.718365831610422,46.791242499823284],[-0.717954187430019,46.79180386933903],[-0.717754454668635,46.79189596532903],[-0.717165953410031,46.79271093740993],[-0.717195576764438,46.792874933669246],[-0.717553281307745,46.79284713439055],[-0.71741604412464,46.79308503564122],[-0.71760565934653,46.79336193719476],[-0.717655400110893,46.79364697031664],[-0.717554932572102,46.79382779550732],[-0.717794376607307,46.794103985835875],[-0.71774064917591,46.79423913044356],[-0.718400775903819,46.79477392631548],[-0.718569704891905,46.795303885816814],[-0.718824951062332,46.79556153497895],[-0.718928965621712,46.79556628072491],[-0.718749106177046,46.79575688781643],[-0.718923698142365,46.7958720231925],[-0.718817267586612,46.79619546234719],[-0.719001860862478,46.7964562994474],[-0.718795650274495,46.7967793626542],[-0.718984324556009,46.797004012036545],[-0.718823367183615,46.79735535632875],[-0.718970880437561,46.79749660717594],[-0.718908752481514,46.797604982350755],[-0.719127529306781,46.79803868150981],[-0.718898510161167,46.798947485983554],[-0.7186980063743,46.79912433838158],[-0.718453421496423,46.79980649457105],[-0.718073852854444,46.80033888005489],[-0.717889023764443,46.800476463721786],[-0.716216269325267,46.80108222691871],[-0.715778256458894,46.80133706316173],[-0.715357815098256,46.80144620580841],[-0.715244594924016,46.80155623052102],[-0.715272170496754,46.8017860944637],[-0.715037287497407,46.80211278033457],[-0.71516012071748,46.802315226959756],[-0.714891523245864,46.80228424982004],[-0.71468989680929,46.80234935838866],[-0.713760963494977,46.8029112038012],[-0.713715477962138,46.80316686518893],[-0.713524864189457,46.803182039315686],[-0.713626784458087,46.8034816117298],[-0.713384054952077,46.803540835049475],[-0.713506209210144,46.80403986166436],[-0.713177922880098,46.80422984628881],[-0.713166843493731,46.80458535081514],[-0.712979090329436,46.804757272755054],[-0.713050360060738,46.805165100944],[-0.712731296479169,46.80527906948492],[-0.712426011004885,46.80517265367375],[-0.71172487178892,46.805266512283815],[-0.710602588377108,46.80507650898245],[-0.70986464904932,46.805668207655245],[-0.709382715730287,46.805646808473256],[-0.7091586458741,46.80553776250691],[-0.708845023813891,46.80569300796553],[-0.708164381432601,46.805798802282055],[-0.707892289228105,46.80575530178996],[-0.707744953810525,46.80590427710717],[-0.707426630684043,46.80601009406422],[-0.706883817088401,46.80605825221563],[-0.706824327518217,46.806244053373895],[-0.706296921933135,46.8062872047296],[-0.705574905290756,46.80672873061511],[-0.704885481486272,46.80699433265654],[-0.704312042206349,46.80709394299434],[-0.703573215770809,46.80753960272531],[-0.70301808813841,46.80765754518776],[-0.702667374951273,46.80788517699374],[-0.701061288822495,46.80835785762727],[-0.700759724260812,46.80905532172983],[-0.700592586067206,46.809145433497655],[-0.700267814389493,46.80894586963256],[-0.699931492144178,46.80923071726429],[-0.699006191623421,46.80888823432131],[-0.698506852284085,46.810458281186776],[-0.698514220195844,46.810739273936036],[-0.699244705811882,46.81093930505945],[-0.700129996206541,46.810926129337446],[-0.700659542285252,46.81150939724902],[-0.701081910905617,46.811811278813636],[-0.70129773658552,46.81224149704348],[-0.701869766528,46.8129081214351],[-0.702564962434449,46.81337878176834],[-0.704015969998222,46.813996344727734],[-0.705306850319598,46.815094080202115],[-0.705400745465435,46.815737342818494],[-0.705525010188155,46.81580724979406],[-0.705812241719594,46.8157258787118],[-0.706145216660173,46.815296000316515],[-0.705818603906916,46.81460976441402],[-0.70562178770442,46.81447729758841],[-0.705424957852274,46.81455575394038],[-0.705377585223407,46.81451581770607],[-0.705369525916063,46.81439799668462],[-0.705755323647893,46.81424133726707],[-0.705960950790688,46.8142914940932],[-0.706532850905972,46.81464802657862],[-0.706746259872667,46.81525318188589],[-0.707163372104073,46.81557323999637],[-0.707620204350938,46.81578294829593],[-0.707838624145857,46.816384334766134],[-0.707805613234219,46.81728317540796],[-0.707225313023342,46.818147388836465],[-0.706716467203818,46.818501817228416],[-0.70664364163185,46.818723201113755],[-0.707859511300899,46.819681814008405],[-0.708728400708146,46.81988723994067],[-0.70902769125046,46.82036523005123],[-0.708807016467603,46.82099700741561],[-0.708977182824631,46.821315112549605],[-0.709387887278721,46.82154072576098],[-0.710242518642516,46.82153748092159],[-0.710545753808369,46.82122933554508],[-0.711244590945755,46.82107967989052],[-0.711879557668714,46.82112858375538],[-0.711969663712563,46.82073807954393],[-0.712368974128989,46.82064405947751],[-0.713055743714207,46.82112304616199],[-0.713121686770467,46.82128046083802],[-0.71302186100423,46.82189302028106],[-0.713272920094456,46.82189662841392],[-0.713608943143209,46.82168386332606],[-0.714086633834576,46.82118168262686],[-0.714993404316402,46.82111542349392],[-0.71530952790533,46.821206161266424],[-0.715559204302756,46.821381072028565],[-0.715572367525421,46.82170694765482],[-0.715693976862931,46.821776028846344],[-0.716042069736832,46.821758466595796],[-0.716499420469669,46.82147687063016],[-0.717069776958197,46.821502596319235],[-0.717623639126014,46.82207238800903],[-0.717877333612739,46.82205697180342],[-0.718009476655527,46.82197337581657],[-0.717941522243228,46.82190166016301],[-0.718522379384794,46.82190811007537],[-0.721930246022338,46.822580221480244],[-0.722807069458477,46.82263205130023],[-0.723133145028046,46.82290542771262],[-0.723167477924861,46.82317563349486],[-0.723678981670273,46.82326182348928],[-0.724061106119651,46.82310882791796],[-0.724128791425476,46.82271813663356],[-0.724410423981433,46.822727039812804],[-0.724629629572764,46.82289751091269],[-0.724902108592688,46.82277330394093],[-0.725031239798386,46.822493294376706],[-0.724928788336914,46.82197741418742],[-0.725093788700688,46.82170345318595],[-0.72532452998245,46.8215643725128],[-0.725744230167512,46.82146153216533],[-0.72598809639022,46.82149419012666],[-0.726601150009424,46.82193042000256],[-0.727290975404192,46.821879209477146],[-0.728442977222888,46.82220871531815],[-0.730696826891472,46.82204364614557],[-0.731028248308677,46.821917511028964],[-0.731572574089119,46.82146987744059],[-0.731954654838533,46.821469191304004],[-0.73295213700276,46.8216522351388],[-0.733451977601538,46.82187396959245],[-0.7335707331552,46.82224419086987],[-0.734007388020786,46.82244453915408],[-0.734460115546997,46.8228588955256],[-0.735126244840394,46.82324468292296],[-0.735178764577941,46.82358730903948],[-0.735008118818024,46.82374068243968],[-0.735088286042935,46.8239129481144],[-0.735561215058347,46.82425813828892],[-0.73610609682037,46.82442792040435],[-0.736620849523904,46.82475101513812],[-0.737304857561151,46.82531919303716],[-0.737341110040082,46.82582549984476],[-0.736938426687498,46.82644162379944],[-0.736971917483841,46.82698407603755],[-0.736777319265937,46.82726622835545],[-0.736794344456697,46.82745586915025],[-0.737752674221687,46.82876328554074],[-0.738304266861256,46.829162696202395],[-0.738810106355714,46.82926072371716],[-0.739619521120196,46.8291712996868],[-0.740906630332312,46.82919071934765],[-0.741566170537479,46.82927021245146],[-0.742158917697604,46.82944742407241],[-0.742784163815274,46.82944870369972],[-0.743098229300668,46.82966022222082],[-0.743650478216201,46.83037237224232],[-0.744672279907269,46.83042923441397],[-0.74647765505595,46.83110505549843],[-0.747492073876761,46.83101700847749],[-0.749313271670141,46.83055470395348],[-0.750498394608396,46.83004912244933],[-0.750982881449763,46.82997111932763],[-0.751432769164288,46.83015204399444],[-0.751309496245709,46.83043910651545],[-0.75079294947137,46.83088863269866],[-0.75081895778307,46.83099865650273],[-0.751070362193693,46.83110132645315],[-0.752772694341683,46.8309520254551],[-0.753606305850444,46.83111681021883],[-0.754143318063149,46.83141747101461],[-0.754532892910732,46.83144801655853],[-0.755237104608369,46.83135651011042],[-0.75602043596014,46.83142106149809],[-0.756757590309195,46.83161511591604],[-0.756984919973429,46.83199529114336],[-0.75717343852732,46.83211893273275],[-0.757466919364545,46.832089510548094],[-0.757732504503307,46.83190415498019],[-0.757957149166739,46.83150740543241],[-0.758095680798431,46.83142175071814],[-0.75825592978308,46.83144085027021],[-0.758387551847927,46.83222076980951],[-0.758793556124809,46.832582481149736],[-0.759059707878253,46.832613441183454],[-0.759599240179456,46.832420025310945],[-0.759805483884718,46.83243942155136],[-0.759928613664862,46.83260485907766],[-0.759646638215402,46.83319728960381],[-0.759909621498834,46.83344739290523],[-0.761283694604113,46.83414971412426],[-0.763282345421641,46.83469095888274],[-0.764405399236364,46.834672222293484],[-0.764976425581888,46.83476169366869],[-0.765294256288964,46.83474227139624],[-0.765760193365813,46.83443495519481],[-0.766119067020555,46.8343069186572],[-0.766371991707919,46.83427970388215],[-0.766650270040062,46.834352615721805],[-0.767597464371788,46.8353554971091],[-0.769282690151174,46.83618544663081],[-0.77037761252074,46.83713929522809],[-0.770995474089176,46.83769323122264],[-0.77129345556102,46.83808638847336],[-0.771495566350319,46.83866838026788],[-0.771647752336617,46.838778768916605],[-0.772312106545424,46.83875517211679],[-0.772698732975393,46.838949811691705],[-0.772892679502094,46.839508632684726],[-0.772987760094171,46.84025097967242],[-0.773057530126803,46.84044159223497],[-0.773216443299376,46.84047874400132],[-0.77477280220937,46.84079453689673],[-0.775037906373978,46.840715523670866],[-0.775108011063101,46.8405717004313],[-0.774859931630646,46.84002818078425],[-0.774920428686907,46.839897292796024],[-0.775612569370633,46.83987637077617],[-0.776119167173159,46.84005804592979],[-0.776444906394253,46.84026458865673],[-0.77664353860662,46.84088995519932],[-0.77688426515903,46.841233599483694],[-0.777229235215109,46.84143319870747],[-0.778183014813082,46.84152806205588],[-0.779643533365373,46.841919053030786],[-0.780839947936368,46.84262879671007],[-0.781691848463957,46.84290095462104],[-0.782291436522153,46.84322827937927],[-0.78288357990514,46.843900186805556],[-0.783593272439947,46.84444923710619],[-0.783667690390088,46.84461174760975],[-0.78346261581584,46.84492948331421],[-0.782713943389537,46.844988366691105],[-0.782552925969231,46.845165833392635],[-0.782702530554388,46.8454079000478],[-0.783902584999805,46.845792084374196],[-0.784397698903662,46.84618413323157],[-0.784489741785657,46.847500776497284],[-0.784328587939079,46.84803340756596],[-0.78420698914528,46.8481545928584],[-0.783993754893816,46.84814898942499],[-0.783568198950211,46.84783127035463],[-0.783291930029822,46.847844866371695],[-0.78286820129666,46.84847447123663],[-0.782813997664493,46.84895851072588],[-0.782956673509527,46.84930807335797],[-0.783250055297902,46.84955802980074],[-0.784751173985944,46.84986830331274],[-0.784947218934519,46.85006016276455],[-0.785661385499701,46.85132928615347],[-0.785939377120128,46.85147157313994],[-0.786319749009339,46.85149961492197],[-0.786664526477037,46.85161987037036],[-0.786835433934832,46.85205323252579],[-0.787073516637118,46.852376212692505],[-0.787948298772042,46.85282245088429],[-0.788099406972935,46.853104124280975],[-0.788035948984203,46.8532675677739],[-0.787908619564044,46.85330691659654],[-0.787626722932121,46.85324048147139],[-0.787323883405756,46.85334420142284],[-0.787084816442212,46.85385235896146],[-0.787089797347839,46.85405501336272],[-0.787380549374302,46.85421039841292],[-0.788053086848571,46.85409450297652],[-0.788236413927805,46.85416057815581],[-0.788383119419233,46.8548110752739],[-0.788981624672974,46.85491395287493],[-0.789257199135296,46.85504008673868],[-0.789302480754785,46.85518011724046],[-0.789040355817522,46.85552768514492],[-0.789101458317781,46.85581863236898],[-0.78936474174649,46.85584421242931],[-0.789808499688053,46.85553843424606],[-0.790244107091972,46.85549162929326],[-0.790560925443707,46.85577505039733],[-0.790575740111424,46.85621174918741],[-0.790768630780838,46.856583085662706],[-0.791225624676549,46.856879012184],[-0.791569315988346,46.85728323634177],[-0.791805323819961,46.85789472970434],[-0.792178678374097,46.85819701573114],[-0.792576559686021,46.85828665896132],[-0.792984503427747,46.858201094088734],[-0.793235975959058,46.85800170082346],[-0.79344483762631,46.85794433340225],[-0.793542222065481,46.858115095243406],[-0.793953846084571,46.85821329470502],[-0.794441583992096,46.85868487321891],[-0.794659596655962,46.85903914983445],[-0.794769716138987,46.85956014225098],[-0.794642572686542,46.859883438610545],[-0.794736027559855,46.860410389238034],[-0.794676873479572,46.86082248571528],[-0.794999936679792,46.86111921122981],[-0.796861159454088,46.86196732305138],[-0.797268801862674,46.861783499077745],[-0.79760638362335,46.86176243913016],[-0.797772465100735,46.861844393684656],[-0.797758991327821,46.86219549050311],[-0.798093969570555,46.86236201033308],[-0.798520756724294,46.86239479184597],[-0.798778001878755,46.862315084847225],[-0.799005497425931,46.86203624459264],[-0.799160213351319,46.86203113487747],[-0.799294927217248,46.862078066518],[-0.799589864256054,46.8625352603963],[-0.79976852791036,46.86257172563796],[-0.7999830387397,46.86253849851866],[-0.800249644224835,46.862217799766384],[-0.800485712571703,46.8622857199713],[-0.800345728968432,46.86283750682959],[-0.800578300849775,46.863136306027705],[-0.800956627822859,46.86322746929559],[-0.801051943703925,46.863424435168724],[-0.801022130863722,46.863542604913775],[-0.800270510543896,46.86380631405772],[-0.800054261481597,46.86409560216833],[-0.800490642806454,46.864395781635366],[-0.800537459298491,46.86461327996794],[-0.800324423251058,46.86470505140174],[-0.800264558319794,46.864881904471424],[-0.800496259786948,46.86501847714711],[-0.800853419454598,46.86548172541166],[-0.802154380319326,46.866003023857196],[-0.803800869897259,46.86697080597838],[-0.804658623679898,46.86722548795686],[-0.806160171824873,46.867402076265506],[-0.807217315065964,46.86811798123037],[-0.808259604682723,46.86854771642272],[-0.808481059335684,46.86870624742157],[-0.808579161442368,46.86890491859466],[-0.808509776509857,46.86922631933054],[-0.807874183317132,46.86973863361713],[-0.807847968687645,46.870019843678925],[-0.807966553612806,46.870285444054595],[-0.808207304980501,46.87043792847833],[-0.808900673556835,46.87026083208939],[-0.809142313476866,46.87029519879606],[-0.809333960343815,46.870422264058895],[-0.809562654867703,46.87088884029142],[-0.809336787733423,46.87141463726387],[-0.809361334224236,46.871613940424794],[-0.809521614227341,46.87191151156542],[-0.809960055645332,46.87222060431814],[-0.811096134248591,46.872412840701216],[-0.81178861932051,46.87233491346067],[-0.81209409241663,46.872491556010566],[-0.812335382486609,46.87296852730252],[-0.812309836688431,46.873333549120574],[-0.812124504446545,46.873538904576534],[-0.811546199149048,46.87383840675141],[-0.811398925080785,46.87413624811441],[-0.811416403239803,46.87444035023001],[-0.812254442100819,46.87517789492467],[-0.812751412388889,46.875943863604284],[-0.813004151960252,46.87611667453032],[-0.813943275354637,46.87642268184969],[-0.814454634456342,46.87700067087821],[-0.815101379930852,46.8781375593889],[-0.815244822215828,46.87905315763941],[-0.815511863381296,46.87972668137602],[-0.815770061830976,46.88001378680425],[-0.816568056806737,46.88055431820488],[-0.816799440082212,46.88087115653835],[-0.817962972819902,46.88135628551542],[-0.81861266209324,46.88139692612801],[-0.81979367530298,46.88130995321073],[-0.82055047292478,46.881768895061064],[-0.821708926987265,46.88208829386397],[-0.821832979911624,46.88235550343668],[-0.821547226017415,46.8828328340257],[-0.821545567316169,46.883014075886564],[-0.821939630465418,46.88326961400806],[-0.822176321595849,46.88328879553703],[-0.822477378273817,46.883176934493456],[-0.82253473372151,46.88272341423288],[-0.822826818663966,46.88263348441066],[-0.823612955557527,46.883041854242144],[-0.824302286505382,46.8835498890236],[-0.825280340324495,46.883864431593395],[-0.825550947604338,46.883879774614286],[-0.82568453793705,46.88381674068525],[-0.825785334909957,46.88345732527858],[-0.826285700455501,46.883393814927935],[-0.826664635994755,46.883230675984414],[-0.826796064687966,46.88265389763393],[-0.827188745980782,46.882499313892275],[-0.82834846402592,46.8828357328036],[-0.829623183032774,46.8836821291295],[-0.829764597870756,46.8839154007254],[-0.829653564904923,46.88398129457676],[-0.829080610943375,46.88404092480682],[-0.828396004237957,46.883934797760084],[-0.828108899798396,46.884392359529954],[-0.828538914570106,46.884690850473085],[-0.828949963047236,46.88481419207803],[-0.82940014890216,46.884821748255575],[-0.8307180148953,46.884642672428896],[-0.831621314499227,46.88469913750866],[-0.832336697800211,46.884645568903565],[-0.831366414372409,46.88516555156226],[-0.830839816894961,46.88519299814801],[-0.830558276216958,46.88532045734172],[-0.831234872589278,46.88622280279133],[-0.831266727810705,46.886449804392505],[-0.831076986689878,46.88642547232659],[-0.830466892791563,46.88763206329295],[-0.830281822027346,46.88769230880668],[-0.830087059250459,46.88765281780512],[-0.828540139145381,46.88723464473146],[-0.828302548316677,46.887258774192944],[-0.8277237179094,46.887774714954084],[-0.827300717163843,46.88837471166193],[-0.827155916795782,46.889245799632874],[-0.826988442491403,46.889443372867404],[-0.826914568869031,46.889755920541425],[-0.826524018597042,46.88981127334961],[-0.826146810934407,46.890092439530335],[-0.826067554896932,46.890942415984334],[-0.82587517048573,46.891159745253916],[-0.825809533415288,46.891570273508464],[-0.825923125092938,46.891781938613036],[-0.825985935338005,46.892688488891736],[-0.825877737204023,46.89318516583793],[-0.82555163474658,46.8935385470978],[-0.82527714172411,46.89484482201643],[-0.823394769285693,46.89664080460408],[-0.822488744342527,46.897125213558596],[-0.821865563194753,46.89757408269742],[-0.821675961017091,46.8979057915289],[-0.82101685374296,46.898367566704266],[-0.820663898229526,46.89873263994258],[-0.820623528141135,46.89925950893844],[-0.818314982720435,46.9022323716377],[-0.818419214847321,46.902572355328005],[-0.817942514481871,46.902899156037684],[-0.817044496857048,46.903983595585714],[-0.816996684750221,46.904200619940895],[-0.817422412464111,46.90482831386309],[-0.817527930011176,46.90621119676037],[-0.817925847546334,46.90670549998071],[-0.81870133727945,46.908579069271674],[-0.819396335328174,46.908772355798504],[-0.81977358192379,46.909085252571856],[-0.820719581624603,46.90940541653645],[-0.821708974299948,46.90931578950315],[-0.821572935307304,46.90953123733848],[-0.821579831215919,46.91007546596432],[-0.820891558124286,46.910945643336525],[-0.816975695694043,46.91230686291824],[-0.816302482177112,46.91218044493759],[-0.815651811944411,46.913193566923006],[-0.814490195382857,46.91378913007266],[-0.813819359336154,46.91397631066362],[-0.813700191856198,46.91417045612627],[-0.813145119076861,46.914805406567865],[-0.810104147438613,46.91673413440213],[-0.809539717582849,46.917199909048364],[-0.808566651165752,46.918531930885166],[-0.807627848943463,46.919323766620984],[-0.807411078226201,46.92005656846608],[-0.808822693617578,46.92020549359446],[-0.80999671620139,46.919820514974425],[-0.811230172806489,46.920260150951385],[-0.812351315706532,46.920319491170574],[-0.815733058136506,46.91973153976943],[-0.81917027167504,46.91896136368007],[-0.821363187004351,46.91827024048292],[-0.82386488128903,46.920587670805446],[-0.827356845211119,46.9252185393259],[-0.828036179640838,46.92682212068789],[-0.82783769026302,46.92753092296985],[-0.827590333637812,46.927921345170446],[-0.827468911476233,46.92795332435529],[-0.827546516787813,46.928454638035184],[-0.828357826691797,46.928836917025386],[-0.828647039378123,46.92927891399863],[-0.82862123704723,46.92995493403359],[-0.828442613450086,46.93027546647265],[-0.828125716414051,46.93046448025667],[-0.827472251948763,46.93052766253298],[-0.82721967695672,46.930714536162164],[-0.82725125731406,46.931253435684056],[-0.828514104806483,46.931489102884214],[-0.828921377224177,46.93170272202046],[-0.829149458657798,46.933361861291914],[-0.829342039713696,46.93342396677013],[-0.829570960522714,46.93349748359716],[-0.829991087909698,46.933632248710474],[-0.82988126519675,46.93388379027541],[-0.83150131779562,46.934312171538146],[-0.832259714800191,46.93396513543564],[-0.832901867538438,46.933834697224306],[-0.837557169699201,46.932177021737175],[-0.838470224928986,46.93161836337433],[-0.841091520849011,46.928988957889985],[-0.843241324302011,46.930317156467964],[-0.845536689649784,46.931248337284394],[-0.846140133560818,46.93172126907278],[-0.845969830064204,46.93217586660302],[-0.845710402588397,46.93222869870133],[-0.844964559551864,46.93184435105061],[-0.843485425198093,46.93238048819373],[-0.840949153971896,46.932855409633525],[-0.840620690851227,46.933066478437816],[-0.840430090027005,46.93482880695524],[-0.840529170012017,46.935630474597],[-0.84032565871691,46.935914898057796],[-0.840820896157076,46.936235518460066],[-0.841831366825144,46.9366579419467],[-0.845247795659285,46.93885880698979],[-0.846802202794161,46.939581234770294],[-0.847495896357166,46.94019267187443],[-0.848002705551656,46.94098883020613],[-0.848260283765566,46.94089098488531],[-0.848561960779226,46.94043289801214],[-0.849185541446231,46.93987481328645],[-0.850393287204939,46.939166493584864],[-0.851650046917858,46.93818609257079],[-0.852202825368565,46.93754021365678],[-0.852706551759982,46.93716640105096],[-0.854827134919828,46.93634185985716],[-0.855521415345866,46.9358724149974],[-0.857059168577493,46.935198945450225],[-0.857849113445232,46.934650561466796],[-0.858192178730808,46.93458949202412],[-0.85840739683192,46.93496809652329],[-0.859515780233752,46.936059558796586],[-0.860062372057732,46.93685794252366],[-0.857800784482137,46.937476369046784],[-0.857040385137599,46.93759107424652],[-0.856184029015884,46.93761523774011],[-0.855760111618205,46.93788994166922],[-0.855138651776406,46.93773856834803],[-0.85427821784614,46.937687133897334],[-0.853820396280371,46.93781873593803],[-0.853297615700939,46.938552861197344],[-0.853279356551595,46.938868972313124],[-0.853390369314494,46.93983519694755],[-0.853772784877375,46.939974745939],[-0.853809754957903,46.94012404787165],[-0.852977568385347,46.94139225076488],[-0.852526177455751,46.941466841298485],[-0.851945782167937,46.942002767561206],[-0.85157005612565,46.94197566708557],[-0.851168120529213,46.941654674779755],[-0.849540867257117,46.94323698002739],[-0.849190086029635,46.943689498072374],[-0.848382147512585,46.94408066549897],[-0.84762275554381,46.9442295250764],[-0.847633480994755,46.944398634747266],[-0.849664251307265,46.946317536430584],[-0.850566324003482,46.94628648965735],[-0.850890618805841,46.946533458548636],[-0.851503457393278,46.94671038548966],[-0.853648473184928,46.947164190483136],[-0.85436597036025,46.94707348370297],[-0.854904062683564,46.94660837252049],[-0.855312881390308,46.94641621015009],[-0.855898118799541,46.94581880889393],[-0.856209317096466,46.94569751735082],[-0.856667764013985,46.9457029045326],[-0.856896148678751,46.945878249293976],[-0.857079525520456,46.94619752633122],[-0.857666334471184,46.946525831299844],[-0.858210612598091,46.947014209450465],[-0.857881845028958,46.947239758974256],[-0.857807311019577,46.9474126249208],[-0.8596589866331,46.94753630312475],[-0.859762360465594,46.94651422315212],[-0.861147506434396,46.94589359806938],[-0.861753801135597,46.94551811273551],[-0.865726783456584,46.94605824302924],[-0.866742993350886,46.94613231308944],[-0.869294785273111,46.94559231610298],[-0.86988339978186,46.94561401204108],[-0.870212368079077,46.94572285260629],[-0.870984217210933,46.945748303258824],[-0.871279283373716,46.94573298013501],[-0.871314191441967,46.94565067774723],[-0.871561467025197,46.94577668262302],[-0.87214219144209,46.945320870018875],[-0.872345554668912,46.944999432790475],[-0.87283166847903,46.944931710516585],[-0.87326055354215,46.944451248216296],[-0.873148215158541,46.944408150174006],[-0.873349522971833,46.944094892824474],[-0.873641986997319,46.94380471176182],[-0.874291741498758,46.94379818706831],[-0.87471570689663,46.94405706483564],[-0.875337847572809,46.944748276449715],[-0.877188279730555,46.94577225301825],[-0.877681930687354,46.94566279038955],[-0.878433931063631,46.94517323463395],[-0.878681937603677,46.94508916415374],[-0.879045794434726,46.945133704473385],[-0.879688605381143,46.94567185493623],[-0.880119931035986,46.94568437235499],[-0.88021118089093,46.946405157514455],[-0.881020587266862,46.9464400938645],[-0.88120221016161,46.94653133133615],[-0.881306084301376,46.946914551038894],[-0.881296906864916,46.94768469242117],[-0.881631500217554,46.94834769938451],[-0.882444898202252,46.94893237255927],[-0.882772753437866,46.94959289941594],[-0.883172532499952,46.95006350129694],[-0.883913180001362,46.95056948718186],[-0.88402102586531,46.95071458992887],[-0.883985113192503,46.95129542860896],[-0.882235750176429,46.95173749777158],[-0.881931681408481,46.951902790580604],[-0.881644589222412,46.95175471030564],[-0.880794412634657,46.951648132143234],[-0.880432728354742,46.951726118737994],[-0.880070504355079,46.95192491541896],[-0.880010630515478,46.952301029575885],[-0.879474253829392,46.95234793634957],[-0.878962503008186,46.95249948006961],[-0.878684247701462,46.952914495079185],[-0.878217750819267,46.95288963259215],[-0.877751416088877,46.952628585660435],[-0.877618206893131,46.9523500166613],[-0.877385546338108,46.952263195059416],[-0.876963838566641,46.95255052126964],[-0.875930568120304,46.9535985000025],[-0.874887454774477,46.95384902673712],[-0.875578362072465,46.954873261124675],[-0.875006927491724,46.954688754405716],[-0.872822355082795,46.95315764196342],[-0.872349243952527,46.9530221014107],[-0.870144423030624,46.952658080019255],[-0.870197408568827,46.95218484970694],[-0.869856773872889,46.95174827741768],[-0.869469212965349,46.951630585327365],[-0.868960205452061,46.95163686085868],[-0.867413472455209,46.951067699152546],[-0.867300739297414,46.95092725357362],[-0.867693375103726,46.95038042522056],[-0.867833309986368,46.94981593693263],[-0.867736813134464,46.949571281745314],[-0.86686359656771,46.948865922523346],[-0.867054234702262,46.9483844682053],[-0.866903632311192,46.9481930101711],[-0.865701732742581,46.94819187682537],[-0.865038202794733,46.94868739033676],[-0.864406719379534,46.94895015644227],[-0.863164771382322,46.94884937891062],[-0.862874884081451,46.94890056425859],[-0.862263242089721,46.94927533190665],[-0.860452607914379,46.94935854875045],[-0.8602988281182,46.94949080286737],[-0.860307292401306,46.94983035855913],[-0.861748325942946,46.950064216723824],[-0.862194835146372,46.95021511374529],[-0.862897478975235,46.95067112033997],[-0.864449931434209,46.951284319071405],[-0.865672329516537,46.95208615389147],[-0.866389328287583,46.95268678986795],[-0.865195057499623,46.95260967158672],[-0.864078431589657,46.95229286066453],[-0.863967194337375,46.95278065983189],[-0.864630647386042,46.95476770088613],[-0.864661441652454,46.955566237702804],[-0.863730737448734,46.955456825141816],[-0.863031693635776,46.95591745597498],[-0.863113509781576,46.956527685673905],[-0.865996576885099,46.9573901195487],[-0.86635350345569,46.956785002375206],[-0.866751692120941,46.95688522193078],[-0.8670849553036,46.95606004510667],[-0.869014470057851,46.95643878112657],[-0.869002739991582,46.95745148456726],[-0.868750822841303,46.95807021251031],[-0.868082500581075,46.95868398742266],[-0.866816840409446,46.95820002782857],[-0.865467114006422,46.96042316717752],[-0.8636863673008,46.96218117635176],[-0.865298790301384,46.96324127420904],[-0.866439134522568,46.962580134059365],[-0.867094969761653,46.96311521333653],[-0.867270446641501,46.9627523585572],[-0.870472133756701,46.96006227084632],[-0.871775973742899,46.95936943992986],[-0.871962503170859,46.957838847044954],[-0.872736427400763,46.9578173473617],[-0.873458800352306,46.95715034450134],[-0.874176162392563,46.95703788814274],[-0.874426387761288,46.95691048563279],[-0.874793074307857,46.95655290590402],[-0.875409341721139,46.956407783377436],[-0.876041105399925,46.95574471106562],[-0.87785876469491,46.95639839628747],[-0.878237911093383,46.95608635873233],[-0.880150729254166,46.957862704228795],[-0.880609971210903,46.95795090541504],[-0.881009619219439,46.95829081069633],[-0.881208125826609,46.958744760737815],[-0.882487380102022,46.9596355600323],[-0.882561162011254,46.95994767683134],[-0.88270238992126,46.95991587538847],[-0.883140596971995,46.96004083350089],[-0.883164145244329,46.9602951476265],[-0.882724342575306,46.96064259787797],[-0.882729495409172,46.960787556098445],[-0.882997132995852,46.96099398265138],[-0.882825826761279,46.9611385763331],[-0.884036745205225,46.961901855551666],[-0.883595026000686,46.96236926480912],[-0.883359264528771,46.96282612643991],[-0.882734458425288,46.96338443627076],[-0.883282464886249,46.96377252147755],[-0.883135682014011,46.96400192563557],[-0.881798997578216,46.96484202437538],[-0.881492454041364,46.964589128900464],[-0.881295353505173,46.96459486545554],[-0.881072934302586,46.96496293088026],[-0.880655561884762,46.96529338979257],[-0.880303067382048,46.965353935830336],[-0.879359629768223,46.96653683036092],[-0.878644147190595,46.96620033634731],[-0.878227192635616,46.966225184714745],[-0.877862961044954,46.966104027922775],[-0.877599949698576,46.966292262720195],[-0.876836226665474,46.96588887187954],[-0.876450697391403,46.96614973418739],[-0.876305067652597,46.966322299115326],[-0.877309826284932,46.966836574423084],[-0.87775638132867,46.96667371544844],[-0.878817733334538,46.96716894686973],[-0.878616022929508,46.96760571995225],[-0.877125173162226,46.96853838518538],[-0.877095678457956,46.96875121446373],[-0.878306995213878,46.96931712737504],[-0.878650719368486,46.96893236688264],[-0.878997807355099,46.96907122601731],[-0.880078081581444,46.970048980268146],[-0.880304426778139,46.97015674431613],[-0.881239621764505,46.96931666835155],[-0.88282794378853,46.96994195484686],[-0.883288907325416,46.969246741233995],[-0.883525544005163,46.96925950136525],[-0.883673483397813,46.96941226829309],[-0.88399637540635,46.96947079874599],[-0.884718843983527,46.969500537234495],[-0.88517851577882,46.96983119604247],[-0.884979151637838,46.97002541522524],[-0.886274553436271,46.970623569945936],[-0.886500098375071,46.97057359742393],[-0.887304187223818,46.969962348687076],[-0.887977163410401,46.97021909628937],[-0.887926047221041,46.97029564005734],[-0.888309174730678,46.97042243926431],[-0.888415453392749,46.970545055601974],[-0.888219634711286,46.97106277805949],[-0.887939930689199,46.97145802937532],[-0.888421319831757,46.972601943991705],[-0.888669250707986,46.971875132256024],[-0.888724437084703,46.97110524330357],[-0.888976722078806,46.97060364347498],[-0.889529008342678,46.97051920265142],[-0.889819822885372,46.97093667179518],[-0.89174734291305,46.97063813327427],[-0.892037101763413,46.97067522439372],[-0.893294018391761,46.969368050479574],[-0.893364753116627,46.96923495182766],[-0.891749237728922,46.96870898233768],[-0.890851778070982,46.96824258736049],[-0.890047378424685,46.967605376756524],[-0.889273654556152,46.967302462259845],[-0.89162072741928,46.96621271845908],[-0.892174602300639,46.96613271677627],[-0.892593361623748,46.96593197521342],[-0.893231640869496,46.96735182502316],[-0.89324829990042,46.96758293339124],[-0.893669051926073,46.96826824050291],[-0.893717984933215,46.96889218949206],[-0.893405170090851,46.96921105047447],[-0.894456613860507,46.969127751701365],[-0.894395656745824,46.96892157775109],[-0.895034565548639,46.968322162208366],[-0.896030538985084,46.96869324849191],[-0.896191016484821,46.96845344800709],[-0.899124944651042,46.96639178017092],[-0.89935476003976,46.96638310357114],[-0.899566717917135,46.96660129412122],[-0.89984798408972,46.96695866646184],[-0.899940591732315,46.967511726149844],[-0.900204062746901,46.96771374943413],[-0.900393875309745,46.96771634055628],[-0.900932280030827,46.96744030474549],[-0.901208029277265,46.966918948578105],[-0.901822613435708,46.96713252063828],[-0.902629057357793,46.967759668513224],[-0.90281392015523,46.968131116000286],[-0.90275862090287,46.968295249378926],[-0.902123146342205,46.96881346397601],[-0.901636060761091,46.969052611281434],[-0.900918355175633,46.9688154844145],[-0.900891105708917,46.96896694847083],[-0.901062194076809,46.96954890189237],[-0.901350206531378,46.96963470694641],[-0.901524925707581,46.969792856379335],[-0.901691684833469,46.97013246608125],[-0.902023420948598,46.97016720982987],[-0.902191394645574,46.97030485340331],[-0.902273712925391,46.97053283720868],[-0.902497296173433,46.970619919453576],[-0.902070823010801,46.971023783630486],[-0.903517817618006,46.97156613856365],[-0.903074920635865,46.97188853075146],[-0.902758997848118,46.971945201942944],[-0.902205661894074,46.97186928411111],[-0.901948116066938,46.971366882045324],[-0.901495308562668,46.971096450956225],[-0.900851112671908,46.971056955973566],[-0.900119608882439,46.97119439091922],[-0.899210656628059,46.97113590012896],[-0.898710473561578,46.97121231511279],[-0.898254162941715,46.97091134121398],[-0.897985482853658,46.970874454124214],[-0.897296412726207,46.97152696405806],[-0.897037957489528,46.97210631726507],[-0.897231732042562,46.97240084828727],[-0.897233394386009,46.97282537256617],[-0.897671550884339,46.97316662811962],[-0.89743990246937,46.973734258020365],[-0.897187658948989,46.97388882055544],[-0.89693944927013,46.973789038836514],[-0.896461248717205,46.97393320963311],[-0.896431242690012,46.97399191634101],[-0.896766115949256,46.974288890030934],[-0.896479692986113,46.97446263516417],[-0.896259558659215,46.97477025689747],[-0.895946580913478,46.974667253536865],[-0.895551202116635,46.97502857304697],[-0.895631602717365,46.97517549547573],[-0.896138427967405,46.975354880747915],[-0.896134551159296,46.975501947047796],[-0.895706095618791,46.97575170441595],[-0.895198794730412,46.97573008574452],[-0.89495357703156,46.97579966975548],[-0.894561926916546,46.97573808280961],[-0.89404370927639,46.97614952007952],[-0.893736218741538,46.97621399345139],[-0.893506347184416,46.97616767134417],[-0.89330524944584,46.97584453584805],[-0.893086590591974,46.975752762182864],[-0.892741505817813,46.975770726211046],[-0.892453743141056,46.97601752253754],[-0.892187110227219,46.97608241497893],[-0.890727303719428,46.97592887161483],[-0.889769930930321,46.976131553071475],[-0.888821181562016,46.975612784155125],[-0.88846223731471,46.975566299318594],[-0.88787233768405,46.975824176489944],[-0.88735002365145,46.976270876182504],[-0.886918136306202,46.976491868994295],[-0.88643384745019,46.976387404911016],[-0.885952405415173,46.976505497910374],[-0.885538175123497,46.97631303188175],[-0.885156465538487,46.97629795290876],[-0.88506215649816,46.97639668371997],[-0.885219490999885,46.97656986553695],[-0.88512592289044,46.97700841306255],[-0.884937291380941,46.977333878850466],[-0.884373822561677,46.97724559598052],[-0.88404692670653,46.9769672496482],[-0.883451317006656,46.9770729526283],[-0.88340355528892,46.97690328883306],[-0.882711989217262,46.976535361164714],[-0.882176127295567,46.97655611317218],[-0.882076684356952,46.97660182956157],[-0.882091851674431,46.97672120964567],[-0.882494596564646,46.977010528114334],[-0.882593511335138,46.977195596599465],[-0.882317886742536,46.977465394207606],[-0.88206426320957,46.977455005349704],[-0.881934746037335,46.977375533446256],[-0.881982362099605,46.9771584870423],[-0.881875309305847,46.97702507393643],[-0.881320658013643,46.976931070888895],[-0.880738419253027,46.97705794392383],[-0.880722520748326,46.97672675133158],[-0.880821231710837,46.97657919871371],[-0.880691286652696,46.97636542620789],[-0.879864029931787,46.9762165914784],[-0.879568672720179,46.976065175444404],[-0.879560682895546,46.97599062533239],[-0.879737558212567,46.97590444482285],[-0.879817920834645,46.975611478285565],[-0.880166627993088,46.97525899894296],[-0.879249540756665,46.974666072846375],[-0.879060804136235,46.974623746847335],[-0.878800513826392,46.974758706465614],[-0.878539410015741,46.97469898315473],[-0.878075884995347,46.97482815905248],[-0.877938623823058,46.97480573383488],[-0.8778107358999,46.97469375124557],[-0.877683770942959,46.97420944554209],[-0.877306396768687,46.97399768289307],[-0.877119813888379,46.974021987441155],[-0.876692129582796,46.97448528535495],[-0.876432547983752,46.97457514399997],[-0.876352287864022,46.97441107801093],[-0.876046762577012,46.97426450263341],[-0.875518992258056,46.97434264397305],[-0.87499609926376,46.97430523562104],[-0.87477146599681,46.97423977081263],[-0.874675750603424,46.97404377180867],[-0.874551073693817,46.97399477814624],[-0.873696688006077,46.974036113292684],[-0.873394594631067,46.97373527115129],[-0.873024041680538,46.974040687218015],[-0.872355634887632,46.97392071740179],[-0.871813066892134,46.973718994068335],[-0.87146399595636,46.97338727370774],[-0.871435733114417,46.973158358279925],[-0.871692134610347,46.97289554308549],[-0.871639045080917,46.97276121030057],[-0.871333757044381,46.97274622394697],[-0.871215747108903,46.97291875474889],[-0.871095434555683,46.97294893679138],[-0.870589984318312,46.97289740177289],[-0.870475600994325,46.97277143672963],[-0.870520517436209,46.972589642562795],[-0.870413621352187,46.97227412581086],[-0.870102461844009,46.9722322905633],[-0.869896450277427,46.97205892136182],[-0.869614377647461,46.97207379977733],[-0.869483747823114,46.97243785537123],[-0.868854120718879,46.9726933615626],[-0.86847842293609,46.973000738044114],[-0.868351581140492,46.973233957680236],[-0.868179229801926,46.97327309440497],[-0.867978514989433,46.9732104198261],[-0.868079894304529,46.97300780223635],[-0.868013391853817,46.97279639535294],[-0.867239188776571,46.97254112697248],[-0.866931803178845,46.97257036938512],[-0.866871303715383,46.97266344317279],[-0.867239702026887,46.97282415811244],[-0.867243926215539,46.97290153918578],[-0.866897728021576,46.97310605911915],[-0.866703518332278,46.97313420833818],[-0.865464747208864,46.97299366820397],[-0.865056160342702,46.972694574182164],[-0.864809883186795,46.97284165154758],[-0.864041794880682,46.97285568357878],[-0.863054170761092,46.972617457572944],[-0.862631441711801,46.97221246122819],[-0.862696640916426,46.971927228745415],[-0.862982324653172,46.97187078067746],[-0.863071989995688,46.97178033732965],[-0.863062844159318,46.97148677901741],[-0.862042727547557,46.97112523749684],[-0.862642721910879,46.97084191623213],[-0.862803277176516,46.97030649720771],[-0.862713382761923,46.97024640998456],[-0.862440651663763,46.97029971937505],[-0.862332411278129,46.970167231145425],[-0.862031035899763,46.970096201235215],[-0.861403018783055,46.97028220298588],[-0.861169130420873,46.97023414985395],[-0.861013437200549,46.96995361352653],[-0.86142204416727,46.96970104765679],[-0.861436719417161,46.96942742407773],[-0.860947360918472,46.96936088625803],[-0.860870485011424,46.96904075111973],[-0.860657918674413,46.96888561471879],[-0.858257947561257,46.969281475727655],[-0.857876840255721,46.96945829144778],[-0.857429239329896,46.96981040442505],[-0.856263236104747,46.970337090300596],[-0.855925038290349,46.9706539867359],[-0.85504715088866,46.971066455571055],[-0.854617309247755,46.97118810002347],[-0.853971356915509,46.9711970798335],[-0.853530479874691,46.97085035033142],[-0.853037503597362,46.97086232341335],[-0.852600130675363,46.97100764893881],[-0.85152326425971,46.97156646032066],[-0.850817834735376,46.972422039199536],[-0.850303992060923,46.97275109506991],[-0.849242388683467,46.97382047685545],[-0.84924844599278,46.973923937598045],[-0.850459635035883,46.97397362781348],[-0.854926458187068,46.97681073886847],[-0.855273587892245,46.97711642999246],[-0.856539526379313,46.97739679440614],[-0.857087031486331,46.977741749383064],[-0.857176376463552,46.97814439933473],[-0.857129155939405,46.978460575094445],[-0.856430100354177,46.9790734911517],[-0.856160470249127,46.97920780790184],[-0.855630178270276,46.97921472775764],[-0.854929414146222,46.9796933793902],[-0.853824037828095,46.97992864847338],[-0.852225927515731,46.98093756286287],[-0.849202590815625,46.982131061514075],[-0.848499330382285,46.982187891761704],[-0.847915264150922,46.982013583052115],[-0.847891460549149,46.98341697809427],[-0.847571846941727,46.98527193705602],[-0.847659743808321,46.98622810748957],[-0.847435589328341,46.98687198513455],[-0.846591564028935,46.986728878048524],[-0.844012801752454,46.989362267604065],[-0.843996651342062,46.98967198969709],[-0.842992958637577,46.99017327738853],[-0.842756689901545,46.98957450312787],[-0.841885625753163,46.98832983848739],[-0.840767796918973,46.98709699400404],[-0.839998398635423,46.986391578423024],[-0.839504419279582,46.98542819802004],[-0.838992783286801,46.985605685636806],[-0.83828875651419,46.98568951948189],[-0.836343116445007,46.985762386763454],[-0.836415323271005,46.98592584305469],[-0.835634923968609,46.98634391918461],[-0.83427626273916,46.98746719056801],[-0.83286043032939,46.98824981051965],[-0.831489244742369,46.98871543679058],[-0.831332584675142,46.98975635466057],[-0.829579791874313,46.990804321337656],[-0.828932782559438,46.99147030961441],[-0.827724518059962,46.99217295359549],[-0.8265682480644,46.99264310006813],[-0.82558929399747,46.99288290349152],[-0.82459883751325,46.99309062946294],[-0.823049696044012,46.99324115286025],[-0.821630447582087,46.99362622056873],[-0.820119481357511,46.99373938283974],[-0.818690382990776,46.99407876837053],[-0.818240322601818,46.99354562326912],[-0.817526771519051,46.99312395886344],[-0.816589276843243,46.99331724206381],[-0.815426188281522,46.993263788960704],[-0.815185381798076,46.993472766938915],[-0.813077342562551,46.99404817251838],[-0.811746559090184,46.99454917390392],[-0.811645467841374,46.99447950270735],[-0.81150083817679,46.99437160928817],[-0.811636908744282,46.99405973748309],[-0.811495378855912,46.99392109433189],[-0.811428240893289,46.9935672639941],[-0.811532372531458,46.99317622402417],[-0.811475008077904,46.99245700715779],[-0.811289382540873,46.9920295733513],[-0.811338508219267,46.99177375728049],[-0.811692934568556,46.99145737168819],[-0.812287901819238,46.99122677731345],[-0.813131510289442,46.99104744966325],[-0.813842380411791,46.990760733282215],[-0.815700613789935,46.98976541299568],[-0.815413006619503,46.98979656348513],[-0.814797950279743,46.99005938844397],[-0.814492028555236,46.990055086730585],[-0.81259703103222,46.990567554266825],[-0.812298531944767,46.98925057380071],[-0.811840393189586,46.98929186043035],[-0.811389173609586,46.989431168248345],[-0.810991557934449,46.98941546596077],[-0.810899954749509,46.98899483930599],[-0.810350096382059,46.98842710640757],[-0.80984767288468,46.988680774350435],[-0.809550785552424,46.988561684599574],[-0.809505945018956,46.98820621509656],[-0.808796575833728,46.98756171879119],[-0.808465716857866,46.98671812878473],[-0.808091138267573,46.986954045731935],[-0.80838526496183,46.98727694447062],[-0.808467411843255,46.987582506903415],[-0.807346321224675,46.98860835632966],[-0.807079646244313,46.98880555206407],[-0.806376224727622,46.98910460019439],[-0.805101519396442,46.98954057931782],[-0.805819914109641,46.99021995360536],[-0.806324281116084,46.990553945937876],[-0.807393483918805,46.99114511260419],[-0.808373304041234,46.99157066218764],[-0.808519371939726,46.991493726738234],[-0.808639301411807,46.99104628171782],[-0.808959132860071,46.990668851529605],[-0.809144561941385,46.99058971356086],[-0.811030129222168,46.991510828006234],[-0.810870564357011,46.99173243539288],[-0.810151406987711,46.99195811169598],[-0.809948962620278,46.99211353013774],[-0.809683939781952,46.99240892836958],[-0.809634551852721,46.99266114650937],[-0.809164717589865,46.99313457358024],[-0.80799991523207,46.99371027219735],[-0.807031855975963,46.9944047560892],[-0.806226104305125,46.99416905003617],[-0.805517460675466,46.99445113596074],[-0.804448620664182,46.99418353700305],[-0.804103790686194,46.993870413588134],[-0.80337960741128,46.99428730535885],[-0.80113304805135,46.994431686984974],[-0.800661573877551,46.99437782021491],[-0.799623884637467,46.99485189128005],[-0.798673005819423,46.995099549725175],[-0.796264495723805,46.99605139956625],[-0.795473366429499,46.99716630852353],[-0.794843981048892,46.997696300805245],[-0.794674214515758,46.99768025380873],[-0.793440188093752,46.9980805022255],[-0.793182477583932,46.99835037890801],[-0.792907778545412,46.998491015010856],[-0.792857497759503,46.998750463112444],[-0.792212628455854,46.9990231542264],[-0.791586004881732,46.99964948332379],[-0.791189426020091,47.0000996889008],[-0.790984922260239,47.00060216897951],[-0.789634584195101,47.00240603417928],[-0.789772401467766,47.00350569174789],[-0.789669758182602,47.00375153450276],[-0.787983863663613,47.00477499202367],[-0.787571945780183,47.00512022514619],[-0.787323995221595,47.00515450688625],[-0.786724234436257,47.005451822019275],[-0.786294022545163,47.005329837747496],[-0.786168192469982,47.004982432513316],[-0.784968480716255,47.00474779020623],[-0.784937730221311,47.00447838734253],[-0.784485672833647,47.00421379523644],[-0.784488658262276,47.00342950263705],[-0.784602632228337,47.00313822475212],[-0.784351536321556,47.003127534911116],[-0.784225657472832,47.00302350027534],[-0.784273881014061,47.00294079445348],[-0.784534338635317,47.00289709484533],[-0.78454117905414,47.00280673304543],[-0.783921292398089,47.00238449742455],[-0.783438497657128,47.001812640595865],[-0.783046534535733,47.00187867887227],[-0.782938308411205,47.00202644834935],[-0.781773702409434,47.00214125755503],[-0.781021320777046,47.003137603737535],[-0.78060934394494,47.003275497711755],[-0.780249356546527,47.00319625851901],[-0.779971364073221,47.003384742296085],[-0.779981385645597,47.003546660602055],[-0.779789131215958,47.00383058332072],[-0.779836780449074,47.00415351519752],[-0.77969904470067,47.004275207039996],[-0.77866722327217,47.00438653296385],[-0.77800097279204,47.00428036356046],[-0.77804734729821,47.003756951562075],[-0.777669194787467,47.00381350478415],[-0.777560186678435,47.00376209150247],[-0.777560171442851,47.003554777037124],[-0.776715030084808,47.00330212809909],[-0.776830185214565,47.00304597396359],[-0.776458198255745,47.00300226949937],[-0.776315480687349,47.00303398342384],[-0.776057598081864,47.003302922122465],[-0.775575417296216,47.00339802762166],[-0.775405155020511,47.00361992936618],[-0.775209787967438,47.00365246384222],[-0.775162744992457,47.00375225273507],[-0.775294904521979,47.00396515667456],[-0.774787795485405,47.00404304721515],[-0.77464816191907,47.00413775375202],[-0.77421798183418,47.003996795899354],[-0.773938763656357,47.00414924969148],[-0.773548086592255,47.00421521264762],[-0.773556260046261,47.00433212295546],[-0.773888695066872,47.00439425707702],[-0.77371773108726,47.00460626385337],[-0.772267605980366,47.00457708351107],[-0.772282705741849,47.00439721777757],[-0.772143638066417,47.00429270065389],[-0.772346556371906,47.00416077423413],[-0.771878833963408,47.00406700539464],[-0.771352324848234,47.00347129331908],[-0.771008700077757,47.00343746034816],[-0.770917316155264,47.003242147618586],[-0.770711895881988,47.0031307845962],[-0.770166561166204,47.0030386451343],[-0.769830983878635,47.00313884914951],[-0.769334587830279,47.00297389838805],[-0.769004207337305,47.00250697154928],[-0.768811293689979,47.00200851103292],[-0.768847317806492,47.001562059465265],[-0.768471827648178,47.00144903915154],[-0.768472702773465,47.00083878632981],[-0.768065767849062,46.99965236493941],[-0.767997779971083,46.99898036484684],[-0.768517505584652,46.99864970806609],[-0.768693332361178,46.998337498092354],[-0.76863785119896,46.99763714683583],[-0.768839290758659,46.9971068700937],[-0.768684961371555,46.99693434428786],[-0.768898880069649,46.99652624529342],[-0.76869692654323,46.99638862648419],[-0.768831221895894,46.99625534228062],[-0.768800992157064,46.99597330101974],[-0.768904685917489,46.99587346595311],[-0.768885414420162,46.995031317574124],[-0.768491834778943,46.99499821005927],[-0.768061803974887,46.99516008609684],[-0.767672339986832,46.99537471707179],[-0.767329728631174,46.99578882069789],[-0.767097574274878,46.995784686673325],[-0.765280385960709,46.9948146731785],[-0.765220465750368,46.99467331251591],[-0.765521821039115,46.99413977945477],[-0.765474984902969,46.99401601897249],[-0.764110270778025,46.992996961843765],[-0.762629680190988,46.99245038053381],[-0.761515409660581,46.99226409578914],[-0.759574742200934,46.992147110323174],[-0.757656115269716,46.992214153469384],[-0.756818942699656,46.99195840299804],[-0.756684878290712,46.99213312788808],[-0.756080469752893,46.992079806220175],[-0.754340801807575,46.992882784214366],[-0.753551365610158,46.992972479507834],[-0.750554334007795,46.99274370181317],[-0.747754214849423,46.99153678528342],[-0.744389486864298,46.9917407332087],[-0.742980325152172,46.992011820005715],[-0.743626205255852,46.99433527553486],[-0.743405367323593,47.00099172224129],[-0.739475252950798,46.99878652086496],[-0.736484134427716,46.99796138649224],[-0.7349136937462,46.99797980728722],[-0.732542579614645,46.997507651077456],[-0.731238621248808,46.996730522165244],[-0.73018397076709,46.9963959888495],[-0.729260154869291,46.99593373123722],[-0.728071361282185,46.99497257569409],[-0.727018744032161,46.99367441176392],[-0.726677108453195,46.99338169940254],[-0.725995257612214,46.99306482670125],[-0.724252582322489,46.99247485677333],[-0.723719183591353,46.992209060171746],[-0.719316539910775,46.98815179159531],[-0.718107190232066,46.98719300799852],[-0.717809261732959,46.9869024676533],[-0.716334273108302,46.984839074983995],[-0.715947283777918,46.984019609343946],[-0.715655124811469,46.984157015370705],[-0.715207746104077,46.984565317860095],[-0.714499385484056,46.984760296512945],[-0.713859391728178,46.98514505404005],[-0.713707070665811,46.985458218500575],[-0.712202196310535,46.986673912302436],[-0.711609235939374,46.98682369496615],[-0.711423532502544,46.987073033855346],[-0.710677177392671,46.987367456160705],[-0.710232816238737,46.98768640735382],[-0.710003885827836,46.98769016803505],[-0.709297302182927,46.98793102364902],[-0.70871970189071,46.988304729404454],[-0.707584003365997,46.98878020221733],[-0.706848744764517,46.988872342258546],[-0.70650864795682,46.98902208037918],[-0.704681659934385,46.99021196619317],[-0.704403507704421,46.99055439553673],[-0.704419248964772,46.99064943121796],[-0.703933652585681,46.991021056407625],[-0.703637280725599,46.99142445804943],[-0.703858731536311,46.99184908394385],[-0.704350141373068,46.99219563524574],[-0.703281674396104,46.99253910971439],[-0.702789550173412,46.99247018728723],[-0.702231430179202,46.99224564849165],[-0.702018363709052,46.99238498448585],[-0.701385586018346,46.99239718460981],[-0.700695740827931,46.99257615621659],[-0.700202005221176,46.99279119375053],[-0.699642261486247,46.993215652674515],[-0.699329025551231,46.993661945084135],[-0.698812580867855,46.99414179415363],[-0.698785841268794,46.99455906602291],[-0.698582450935489,46.994647610206364],[-0.696955899683807,46.99471058050623],[-0.696662729990671,46.994873204161316],[-0.696033461384859,46.99474465432073],[-0.695290920946034,46.99405820363139],[-0.694303573169922,46.993567067390074],[-0.694313891176978,46.99346759084342],[-0.694519952464185,46.99339879786713],[-0.694463731441747,46.99325097863875],[-0.693411725937956,46.9924112905042],[-0.693228331029902,46.9923684924491],[-0.693053247445304,46.99238942216102],[-0.692705851520984,46.99262587861962],[-0.691480156451589,46.992905774911904],[-0.691222891815962,46.993131229408725],[-0.690789349729938,46.99307119690797],[-0.69075443910862,46.99290737162152],[-0.690601237991643,46.992843773906635],[-0.69016893003478,46.99305229461363],[-0.689629219698225,46.99305784650533],[-0.689141415624547,46.99220367412025],[-0.689407853443623,46.991803975087656],[-0.689370790921096,46.99116521987631],[-0.689712584916063,46.990808175117955],[-0.689598733233992,46.99041433332197],[-0.68893364774488,46.98976051869283],[-0.688439256000281,46.98909853682701],[-0.687906089786626,46.98871720406219],[-0.687486786030593,46.988614342664],[-0.686802758071353,46.98802962336145],[-0.686218817985776,46.98796537041549],[-0.685679967367067,46.98802135213731],[-0.685271815754378,46.98786945501033],[-0.684672872921396,46.988260842351686],[-0.684480493374601,46.98825977899615],[-0.684424402383636,46.988132681972765],[-0.684254530131959,46.98805608923566],[-0.6835801163262,46.98834532843018],[-0.683385650483458,46.98831368490446],[-0.682980652208525,46.98842035874245],[-0.682722073769328,46.98831775468795],[-0.682372196167332,46.988344250865495],[-0.681576420688642,46.988051494088694],[-0.681435696262351,46.98790005829619],[-0.680646572784894,46.987646741216814],[-0.680187700385105,46.98765868350292],[-0.677875583864603,46.9894494681828],[-0.677686178726476,46.98997557046001],[-0.67852865194185,46.992113668351166],[-0.679355620462084,46.992766881090944],[-0.680379648698573,46.993238042189894],[-0.678581228550366,46.99443198641047],[-0.677250040659223,46.99511798177152],[-0.676933983132108,46.99535158588785],[-0.676564099276245,46.99591678712643],[-0.675566588917025,46.99664800457185],[-0.676006603015622,46.997073822824866],[-0.675177259214495,46.99870820184605],[-0.674731935290932,46.999172147934495],[-0.67554971840878,46.99997980605704],[-0.676830730505984,47.000295896494606],[-0.6761787734945,47.00188496745844],[-0.675501512904763,47.00155503866369],[-0.674719491325871,47.00162141706243],[-0.674090336264815,47.002133577781635],[-0.672988122198281,47.00243186626075],[-0.672792624976864,47.00283106418825],[-0.672498752755784,47.002888191057316],[-0.671843046928728,47.00318486852992],[-0.671196347329541,47.00320725646015],[-0.670579973210174,47.00290059815282],[-0.670368309236218,47.00263603892525],[-0.670186210046378,47.0017405214878],[-0.670345553192883,47.001061269373515],[-0.669936643192799,47.00080208485624],[-0.661626854024457,46.9976862877144],[-0.660979140146507,46.998838893139904],[-0.659373136383038,46.99848787730926],[-0.659126718625132,46.99885621841527],[-0.658833712634299,46.99875104805996],[-0.65770764819425,46.99860019520562],[-0.65731081347472,46.99919862877646],[-0.656889832264045,46.9991101299077],[-0.655642577450601,46.9983952770117],[-0.654485621910622,46.99813811707924],[-0.653462275196698,46.99777216222101],[-0.652639006395247,46.99785141553636],[-0.651845783293813,46.99812168919114],[-0.650397696752174,46.99768893985001],[-0.648024898113091,46.99659412770385],[-0.648239346374023,46.99621961299442],[-0.649991582514649,46.994916766855404],[-0.646962673339385,46.99409145938147],[-0.64639081956053,46.993679621038325],[-0.646390678322717,46.993443484406384],[-0.646977655941689,46.9925776990581],[-0.646962059243068,46.99230780153885],[-0.645764367600668,46.99206897210906],[-0.645504396885941,46.9921204531058],[-0.643871560639793,46.99351409566302],[-0.642166726347969,46.99481805312824],[-0.641046412360678,46.9946722677737],[-0.640352097258458,46.99611643500283],[-0.639617453729384,46.99571240654285],[-0.63899375427545,46.995527493541545],[-0.638148916675555,46.99565779715976],[-0.635438412687856,46.99572434374799],[-0.635144991847776,46.995885911641864],[-0.633866680850026,46.99730697976455],[-0.633554436197466,46.99748265561926],[-0.633274086865141,46.99750590841183],[-0.632011971996274,46.99746544634875],[-0.631603872459213,46.99735211635773],[-0.630801888341998,46.99696457459151],[-0.630306267671413,46.99694051953896],[-0.629751276658347,46.9967975577613],[-0.626742662761074,46.996878687562486],[-0.627916941040862,46.99569080572924],[-0.626537363461604,46.994548096152265],[-0.626349849250721,46.99485502375693],[-0.625647495087616,46.994812213578115],[-0.624561376585704,46.994115407548776],[-0.624940158659725,46.992792124283376],[-0.621938172958869,46.99391121241656],[-0.620602826382193,46.993759366040386],[-0.620094307879088,46.993306659968894],[-0.618916076942875,46.992373853887564],[-0.618780905586877,46.992342044112746],[-0.617960010311009,46.9927508478402],[-0.61688552671561,46.992736783850326],[-0.616441433814249,46.992891311827535],[-0.616147732340209,46.9928329252352],[-0.61577831685652,46.99286343529983],[-0.614529895714425,46.99353707569077],[-0.614005615667496,46.993595866995626],[-0.613393703004113,46.99382143543002],[-0.613104044273855,46.99372506044191],[-0.612561373568529,46.99394214595781],[-0.611507870271003,46.99412385379127],[-0.611099786158517,46.99442324053442],[-0.610447196129075,46.99459238419175],[-0.609666791588922,46.99489891437052],[-0.609513463304448,46.995028991539975],[-0.608827713301765,46.99523431343488],[-0.608484515326308,46.99557852632536],[-0.607516028486006,46.99569264391086],[-0.606965000204705,46.99588382594154],[-0.606577273301057,46.99607440501446],[-0.606298507819428,46.99635801257511],[-0.605809174975438,46.99666442589496],[-0.605378115955123,46.99667970456545],[-0.601610514934895,46.99776449209086],[-0.600884205804974,46.99781691280149],[-0.599647093314667,46.99755810917565],[-0.596901630516065,46.99773389152899],[-0.595493292713698,46.99791029159448],[-0.593961102941477,46.998759278185794],[-0.595348163350701,46.999884999955896],[-0.595709367942757,46.99971060942266],[-0.597171054789503,47.00076909263865],[-0.596238534845876,47.00150386869568],[-0.595410050143045,47.001981234499056],[-0.594887056871197,47.00253559529406],[-0.594889773152182,47.002714863825204],[-0.594748809779199,47.002794062639154],[-0.594370464720696,47.002790531532895],[-0.594036414696273,47.002878450008716],[-0.593891591599759,47.00315694901944],[-0.593543483017658,47.00315247303197],[-0.593317834360736,47.003226196829516],[-0.592700435865561,47.00370868184578],[-0.591246812942929,47.00393960987634],[-0.590655489329122,47.004220288081314],[-0.590508371840092,47.00446460525217],[-0.590324367559292,47.00453071770075],[-0.589535377347852,47.00443450275517],[-0.589205850739693,47.00451145065409],[-0.588721971554888,47.00500147446475],[-0.588349710599961,47.00510949112829],[-0.588134388731344,47.00529914659969],[-0.58774957289614,47.00533725286176],[-0.58749062440008,47.005802249262764],[-0.587210990890823,47.0060353611703],[-0.587194796429065,47.00622783471074],[-0.586936795403736,47.00676670388207],[-0.587122248668072,47.007098912211674],[-0.58741462370059,47.00731513682567],[-0.587242978617119,47.00750793816223],[-0.587445828852755,47.00788376711457],[-0.587378477448961,47.00831756843115],[-0.587013665777089,47.00919232593027],[-0.586640475545702,47.009564435771956],[-0.586248630455731,47.01015162535249],[-0.585875490602097,47.0103660092354],[-0.585568149898883,47.01075769849195],[-0.584826278278234,47.01113404971047],[-0.584726035428861,47.011370592120954],[-0.584212175000752,47.01172813727407],[-0.583868593801632,47.01211013196875],[-0.583145279193613,47.012508426383654],[-0.58294041962449,47.01283653980497],[-0.582254108678206,47.01297862148303],[-0.581933929761189,47.01343558897864],[-0.580938817919606,47.01418658863768],[-0.581101322045066,47.01437171086655],[-0.580903804630842,47.01461216960419],[-0.580121831406098,47.014722958846654],[-0.579999382205926,47.01498271663546],[-0.579636712313891,47.01513727012142],[-0.579400919176646,47.01545642189804],[-0.579065400193435,47.01548395462935],[-0.578630748252419,47.01568580070453],[-0.577633419250645,47.01630525351843],[-0.576286058334202,47.01671383758988],[-0.575680121615821,47.01723461876864],[-0.575062542121424,47.01736100622522],[-0.574953414011759,47.01752391017574],[-0.574986763079786,47.01782840317982],[-0.574527075103895,47.01783183046821],[-0.574040616648579,47.018047880578486],[-0.573466272383053,47.0178124171055],[-0.572355058366334,47.01786755660868],[-0.572124540487337,47.017928768996306],[-0.571806931564942,47.01818734827098],[-0.571433167901075,47.018095273832564],[-0.570446305271285,47.018078050131614],[-0.569053000113317,47.018291494798206],[-0.56887182433489,47.018620649203925],[-0.568121734263816,47.01877633221638],[-0.567816227010679,47.01871998798144],[-0.567142545844294,47.018994970935715],[-0.566584367805221,47.01906359759234],[-0.565913668896495,47.01948358246658],[-0.565493679080138,47.01958939044983],[-0.564868583399012,47.020141344763324],[-0.564781202800113,47.02083350177434],[-0.564613117510102,47.02108203237753],[-0.564692362018131,47.02246120211671],[-0.564574281976712,47.023067786572405],[-0.564491323575346,47.023308279370895],[-0.56377524394075,47.02413971963279],[-0.564023891582404,47.0244123289353],[-0.563685076704621,47.02500950650092],[-0.563699774642795,47.02545156609875],[-0.564070939411883,47.02584296163551],[-0.564086894262268,47.02600469377379],[-0.56322595193763,47.027696788785704],[-0.562790550892554,47.028288833142675],[-0.562705979469937,47.028624905837],[-0.562791507928782,47.02896203587182],[-0.563143393623597,47.02918099004368],[-0.563036693083283,47.029261791731884],[-0.562673465466088,47.02927030182575],[-0.562563156420636,47.02939627682972],[-0.562666612005534,47.03002485768872],[-0.562422054182936,47.03045328960859],[-0.562147468383774,47.03050682763666],[-0.561968085610785,47.03026542260764],[-0.561696917210004,47.030171049602664],[-0.56154128442891,47.03054896886582],[-0.56130787250679,47.030647197777],[-0.56036153300877,47.03068811272685],[-0.559952007651565,47.03059439895143],[-0.558760267383548,47.03055184455105],[-0.557220181440452,47.03084356233387],[-0.555679196641076,47.03090186462527],[-0.55503210383407,47.030743353249434],[-0.553588786767321,47.02978291844309],[-0.552364715100249,47.029188832687495],[-0.551731990678755,47.02904788621985],[-0.550863471384769,47.029069205359754],[-0.548282918065668,47.02961361700539],[-0.547692769233856,47.029638970193936],[-0.547375707683016,47.02954777768051],[-0.547134097826576,47.02938126483145],[-0.547005891682946,47.02883454784356],[-0.545809600069738,47.029102928695536],[-0.545549141402172,47.0295921925768],[-0.545532341684199,47.03013885940614],[-0.54532984278434,47.030667798728146],[-0.544415226611394,47.031412376085946],[-0.544009272916816,47.031593374236394],[-0.543799660515057,47.031793576828996],[-0.542952705549586,47.03200343258608],[-0.542336224244005,47.03253155455387],[-0.542221781149419,47.0330370556501],[-0.542875086986333,47.03341084314725],[-0.542997075747178,47.03362249389226],[-0.542862210967628,47.03387717756092],[-0.542108038498059,47.03435635091929],[-0.54204169379263,47.034972128420726],[-0.543390781388855,47.03650607896243],[-0.544279581387611,47.037313334226205],[-0.544787289938277,47.03767716334627],[-0.546295498172769,47.038380663669926],[-0.547051961575901,47.0388783347115],[-0.547824777416121,47.039524202648714],[-0.548737267285518,47.04056952609991],[-0.551035836458858,47.04156139651318],[-0.553766922278706,47.041892818908075],[-0.555170815883388,47.04241016058877],[-0.556265435931605,47.04269548191939],[-0.556005882112243,47.04437798192458],[-0.557388896996451,47.0502348851],[-0.5577700385913,47.051215404203234],[-0.558274647165501,47.05322763997106],[-0.558006485392399,47.05435974790591],[-0.557988120002332,47.05526065026749],[-0.558082946250842,47.055798470606774],[-0.558239231203631,47.05606853185412],[-0.556824822058996,47.05623738307196],[-0.554392184206803,47.05714413427945],[-0.554370818414374,47.057260150071066],[-0.554870404583309,47.058237030186824],[-0.555507565597973,47.05875995599306],[-0.555518647569061,47.05914804709168],[-0.556479956417885,47.06008636953541],[-0.556539673234703,47.06049188859359],[-0.556700490626172,47.06069061449557],[-0.557877268147034,47.06131586945481],[-0.559461075007164,47.06181320921914],[-0.557895601465442,47.06339265193487],[-0.557552530971356,47.064089962216634],[-0.55453402242477,47.064657862073794],[-0.552250836374925,47.06491647329898],[-0.550979433594986,47.06495737715153],[-0.547768056963085,47.06574281558715],[-0.546184014507317,47.06634482165348],[-0.54523514380259,47.06768073400683],[-0.544634549295348,47.06813536301372],[-0.543423042183601,47.06866731345733],[-0.542321617080017,47.06896786406481],[-0.538551674120592,47.070291972720874],[-0.537366959168871,47.07085187421394],[-0.536106751176355,47.07180971017618],[-0.53531317873542,47.07219989913328],[-0.530172617614596,47.07354944282172],[-0.52574076053552,47.07391912712544],[-0.521718332063366,47.0753269711406],[-0.520047651483995,47.07584292222145],[-0.519107718790016,47.07603468162865],[-0.516370056564971,47.077242765048396],[-0.515364409018254,47.0778636662081],[-0.515250239638787,47.078034765451235],[-0.514529250527902,47.07757906369628],[-0.51385908527777,47.077518343265666],[-0.513503847604357,47.07739126420963],[-0.512770064005785,47.07746765375918],[-0.512030738989781,47.077438765829655],[-0.510594533892473,47.0776680719427],[-0.510311998113212,47.07784698626483],[-0.509612058156296,47.077977300504536],[-0.508260108033338,47.07893399287169],[-0.507443903329535,47.0790822435824],[-0.507317037038767,47.07924110273624],[-0.506421741699576,47.07908623925036],[-0.50535685808217,47.07920417270184],[-0.504806837305537,47.07942903978356],[-0.504173879599807,47.079331987075456],[-0.502752081852141,47.07982480812356],[-0.502173124167512,47.08017310291241],[-0.500887368307946,47.08070953884665],[-0.500472106225571,47.08099879136068],[-0.50008285532692,47.08103852293929],[-0.499716737352559,47.080946878399835],[-0.499337526530556,47.080958366107254],[-0.498580849537342,47.08123181831781],[-0.498322293127116,47.08149649021566],[-0.49802337744569,47.08162720371745],[-0.496105620163302,47.0817979077368],[-0.493445250582781,47.083111225687915],[-0.493193813282288,47.08332340027225],[-0.492998629711922,47.08336534979206],[-0.492590477092673,47.08331730977484],[-0.492288634839398,47.08336248256173],[-0.491796314145821,47.083155670173575],[-0.49144850223111,47.083102197578974],[-0.491239685907343,47.08293367652448],[-0.490791301121977,47.08289585808125],[-0.490633643401831,47.082702359074055],[-0.49068292641959,47.08248548439993],[-0.490384004071036,47.08237195383312],[-0.489667832920228,47.08178438234583],[-0.488550815223229,47.08136301659807],[-0.488177779434133,47.08093990558052],[-0.487738608545312,47.08088107016095],[-0.487305844706712,47.081145568170626],[-0.486300734124211,47.08129125844079],[-0.486008183802537,47.08123520102966],[-0.485544856096329,47.08129243889481],[-0.485319444453179,47.08156058566849],[-0.484782729017462,47.08168672267736],[-0.484404145944032,47.08164677426701],[-0.484059922943065,47.08138319399943],[-0.483761023348956,47.081330927215134],[-0.482804952357653,47.08164363053824],[-0.482618673530968,47.08166006068505],[-0.482384525001796,47.08154816207105],[-0.482108901724746,47.08152943462566],[-0.481340143172379,47.08184188639343],[-0.481089575303633,47.08186385617011],[-0.480783956931902,47.08178925441247],[-0.479841842699254,47.082052847657316],[-0.479513995868689,47.08196088835517],[-0.479553193361966,47.08181191267691],[-0.479131081778475,47.08181291048885],[-0.478752175061139,47.08172699277726],[-0.477593936600288,47.08219894157857],[-0.477094106172111,47.08230410564124],[-0.476383953341119,47.08291215108227],[-0.476073009697518,47.08304136548844],[-0.475487069529924,47.08301844107945],[-0.475228160232892,47.08293160524224],[-0.473847600685534,47.081879086732634],[-0.473572029153107,47.08177923064304],[-0.473271116100815,47.08177746395322],[-0.472363153189018,47.081977786553765],[-0.471788779781493,47.08231857500926],[-0.471205621888744,47.08248209086669],[-0.470935866268436,47.08265691518923],[-0.470722288333993,47.083007584454045],[-0.47031769830754,47.0832603550105],[-0.469594021489252,47.08349567201528],[-0.46880328282256,47.08363206534796],[-0.468363936250729,47.08381648108611],[-0.467711617608222,47.08368466442385],[-0.467201205108138,47.08325660217265],[-0.466756848455819,47.0830554560034],[-0.466522171669443,47.08270923451761],[-0.465938439927525,47.082371683038694],[-0.464942399170199,47.082228534804884],[-0.464456404914045,47.081974558166195],[-0.463967099245361,47.08191533410886],[-0.463568866333677,47.08202099727203],[-0.463283666478566,47.08187364327863],[-0.463043716083649,47.08185560344421],[-0.462851315872491,47.08208486373757],[-0.462704152142945,47.08213523512639],[-0.462403478054179,47.082055030215734],[-0.461971698470249,47.08217250734524],[-0.461179458048419,47.082182728394756],[-0.461043646704474,47.0820606321097],[-0.461021862542943,47.08180354725716],[-0.46077221107413,47.081737129659366],[-0.46028907558728,47.08195887344353],[-0.459801297803239,47.08196447104878],[-0.459656542521093,47.08213462320392],[-0.459486350692802,47.08194957107199],[-0.459500465479764,47.081141691638855],[-0.459258097430862,47.08032527140267],[-0.458990829960211,47.07994306366357],[-0.460983299920778,47.07814140326066],[-0.46250107143943,47.07702261101356],[-0.463972581626997,47.07608812405533],[-0.464184640675542,47.07435870128592],[-0.46771880946667,47.07356324614874],[-0.468249076644262,47.07319406009255],[-0.469084878930004,47.073616850228134],[-0.469804727583075,47.07365200281385],[-0.470153884853765,47.073543284109306],[-0.470489247955729,47.07328177689894],[-0.471628604928349,47.07276450085923],[-0.471778438018452,47.07242835998269],[-0.472026791082351,47.072331677042186],[-0.475164789514082,47.07210573149143],[-0.47705433976643,47.07207499853067],[-0.478093746605258,47.07191122837357],[-0.479196105546047,47.07129225261398],[-0.480082792529833,47.070581534014394],[-0.482623761606598,47.06801674487529],[-0.484255840481547,47.06677974201734],[-0.484992393230672,47.06597257576493],[-0.485442824881272,47.06477931506122],[-0.485332265692879,47.063885058847525],[-0.484721672788062,47.06257962567494],[-0.483789265425436,47.06117124896139],[-0.483537315563041,47.06002711865453],[-0.482996243875924,47.058918744765094],[-0.482658906089602,47.057738436537356],[-0.48221909059128,47.05721729028606],[-0.482266831676396,47.05675173334457],[-0.481890706317993,47.056399892934614],[-0.481594481042499,47.055937498441885],[-0.481294641016967,47.05582758081137],[-0.481276216501529,47.05533788439887],[-0.481107371321947,47.054989705199496],[-0.480575292191992,47.05459119434139],[-0.480320366102588,47.053338102138476],[-0.476791401073062,47.05417078595369],[-0.476340882846467,47.054361886687595],[-0.472562678790699,47.05769464266144],[-0.472366513521961,47.05769964061909],[-0.472095853753706,47.05757169928507],[-0.471913054771916,47.05784575127907],[-0.471236727299494,47.059794636327716],[-0.470219459273535,47.06091385057083],[-0.467393994762005,47.06437007293048],[-0.466049371361816,47.06542607556425],[-0.465023577726432,47.06688794233982],[-0.461078279272836,47.068813118828864],[-0.460866667947396,47.06880413993163],[-0.460955158558115,47.06839505417538],[-0.46060508353209,47.068160422094756],[-0.459828421276981,47.06855407755638],[-0.458224686669582,47.06898781509578],[-0.457035440281671,47.068110520373],[-0.455688983176887,47.06755783796731],[-0.454689554729125,47.06735703541056],[-0.453105192427668,47.06731069437944],[-0.451534536454141,47.06747840288882],[-0.450235176445406,47.06782543062428],[-0.448454254913456,47.067778589114056],[-0.44613773080732,47.06756476408078],[-0.441122628579675,47.06772150739991],[-0.440426847722981,47.06859925256645],[-0.440126033863578,47.06874248782894],[-0.439206019739514,47.06885549889909],[-0.438973103468466,47.06989788209273],[-0.437186300653721,47.069987117300855],[-0.435912360679983,47.07081805269628],[-0.435219447529964,47.070438543623325],[-0.434828798224818,47.070538476458246],[-0.434313660554474,47.07077548275748],[-0.42855031011995,47.07271479678087],[-0.428023451170313,47.07287191754027],[-0.426980900935586,47.07298846489833],[-0.425819055479295,47.07249394620561],[-0.425699510399031,47.07216946757906],[-0.426050836866018,47.071740906238965],[-0.425663508838958,47.07098009549051],[-0.425309296026471,47.071114060270936],[-0.424783540785616,47.07118462192754],[-0.424253922977334,47.07146436595036],[-0.423689106911982,47.07040061274686],[-0.42319706519692,47.069714090643416],[-0.419581062499086,47.07122071257987],[-0.419867070873182,47.07159163415414],[-0.419131194407267,47.07209283837183],[-0.418781828193143,47.071700360241515],[-0.418325791505509,47.071955368988085],[-0.417558058000536,47.07066419364852],[-0.413268264775486,47.06838584800941],[-0.411168539500637,47.06742686837767],[-0.410642546310723,47.067263973016864],[-0.409715744517261,47.066644306315304],[-0.409290723957355,47.066200866987465],[-0.408621691197479,47.06638282337157],[-0.407124150553686,47.066498203422476],[-0.406149694680583,47.067190198510396],[-0.404642240390779,47.06785914802538],[-0.403825927199102,47.06844553020904],[-0.402736846178944,47.069057064386335],[-0.401197480967705,47.0707479133641],[-0.401182942945507,47.07064290646548],[-0.400800837365658,47.07029369622668],[-0.400369338415938,47.0691403074938],[-0.400115634658004,47.06898646993249],[-0.399705567786981,47.06773332105101],[-0.398820766130376,47.066752773819694],[-0.398115883675926,47.066429274793265],[-0.397844991981452,47.066148875729],[-0.397658309684417,47.06519554038133],[-0.399049038383708,47.064787847473845],[-0.400453676438741,47.06403638735992],[-0.402366340142371,47.063352849206076],[-0.403102583006931,47.062877874079554],[-0.403899591716924,47.062174912129905],[-0.403925688518593,47.06137661812549],[-0.403689860604806,47.05931180626907],[-0.403066481709495,47.057436844578],[-0.403581572478132,47.05719907700832],[-0.403640239802487,47.05706307502763],[-0.402467514840268,47.05601083864681],[-0.401211806613241,47.05464563015886],[-0.401067067817527,47.05437864473399],[-0.40125740755528,47.054239666578496],[-0.403525480869696,47.05351048124351],[-0.403715754447966,47.05337059951018],[-0.40337505761892,47.05315354988977],[-0.402886839464204,47.05262544105755],[-0.401648365951047,47.05157423464595],[-0.400660455524191,47.050293049786454],[-0.399267890426336,47.05010065753096],[-0.398721068648005,47.04970853065644],[-0.398649398197111,47.0495754665626],[-0.401596712140489,47.04797471918361],[-0.402024395955106,47.047334909144446],[-0.401950791169942,47.04589612064475],[-0.402321112554202,47.04539227194874],[-0.405276176891206,47.04266653707327],[-0.404523233543054,47.04209938366698],[-0.404380034455095,47.04187741457661],[-0.406048062069884,47.04102797635117],[-0.407106249798308,47.039832442390015],[-0.409703415685628,47.037834466526036],[-0.410644262056198,47.03691181031787],[-0.4120986660923,47.03575227728428],[-0.412408886146399,47.03538444070797],[-0.410834443798393,47.03420718857928],[-0.409455940698097,47.032979971426826],[-0.40777096099649,47.03205376727948],[-0.40622824679934,47.03358893707574],[-0.40579104581717,47.03449309311673],[-0.40465802840219,47.03468963078034],[-0.403028102223722,47.03476112779385],[-0.402468318712008,47.03489297971137],[-0.399908558396668,47.03648236340777],[-0.398009820019818,47.03582365296484],[-0.397849281909064,47.03586983240802],[-0.396536809436166,47.03581293760868],[-0.393833909766538,47.035444564745546],[-0.393207296120429,47.03547830701811],[-0.392801400617329,47.03562631381373],[-0.392289873171949,47.03558277301336],[-0.391074273166557,47.03511654643279],[-0.389765954130206,47.03422317763175],[-0.389354414238226,47.03405052547907],[-0.386202319263008,47.03288592776979],[-0.384803889445375,47.03244482734155],[-0.381724964793926,47.031035555509035],[-0.379858889398991,47.03038641442594],[-0.379614871678885,47.03040437395894],[-0.382907762301186,47.028963376543615],[-0.383464026749907,47.028460444870824],[-0.380151865090021,47.02496458666353],[-0.3791431801742,47.023188207617835],[-0.377333814090607,47.021713714902965],[-0.376190468246387,47.02024674607001],[-0.375475681517497,47.01971074245466],[-0.374201497922043,47.01893156072144],[-0.371958071035819,47.01780220842812],[-0.371969695306707,47.01773518322247],[-0.372782748338788,47.01782046038493],[-0.374415617109694,47.01765647083631],[-0.376799189020063,47.01719203315941],[-0.377853088692804,47.017167493870794],[-0.378762648386008,47.01685789955463],[-0.380694614201709,47.015684773154206],[-0.381842577162616,47.015248313325074],[-0.382468075303093,47.01461178145812],[-0.382686650297301,47.014062874146866],[-0.383360964723519,47.01309147517354],[-0.384391860111084,47.01219702473013],[-0.385058931671393,47.011342076267624],[-0.388530888357607,47.011808791756444],[-0.389704597479506,47.01205728007988],[-0.393068165627712,47.013187601561064],[-0.393501860123956,47.01327487599021],[-0.393969451926827,47.01354498988803],[-0.395928577045633,47.014234411816645],[-0.397851486785961,47.015038415633136],[-0.401237576947782,47.01610205980642],[-0.403547367782892,47.01530760460399],[-0.4053823774598,47.01344210263878],[-0.406921084761222,47.01170607410781],[-0.407551413787945,47.01115125996365],[-0.407671410700701,47.01092332316136],[-0.407591251746382,47.01065533823327],[-0.407958439304366,47.01010649069403],[-0.408461487314494,47.009643745447434],[-0.409257134135327,47.008494666682914],[-0.409020095619349,47.007223802864864],[-0.40942805760572,47.006695372255884],[-0.409402424762241,47.006602407384364],[-0.408175486002021,47.0061574334497],[-0.407285275482289,47.00564122185944],[-0.405207825003431,47.003950677546754],[-0.40408057769538,47.00268264985612],[-0.402788196963443,47.00169884803829],[-0.401841302210346,47.00126357295688],[-0.40015229318873,47.00094569259466],[-0.399560527184361,47.00073153274647],[-0.398471850393396,47.00001023174904],[-0.397307879557459,46.99907575839718],[-0.396799033686511,46.99858788973974],[-0.39624227670732,46.99786171768541],[-0.395750376317717,46.99745445145787],[-0.394905088501117,46.99708281809477],[-0.393478135037941,46.996886899949146],[-0.393114932819745,46.996724560180205],[-0.392542278747324,46.996184480953524],[-0.392170381338019,46.995485295723086],[-0.391265278336254,46.99437012728919],[-0.389856764467005,46.99356443272469],[-0.389748596977044,46.993372958877906],[-0.389404716017161,46.99347588590914],[-0.388927529363772,46.99344845447097],[-0.387883541219825,46.9930988318864],[-0.387613551449565,46.992931034205434],[-0.38704914701501,46.992835865656396],[-0.3854869630905,46.993211560621965],[-0.384961424139545,46.993253119903876],[-0.384434238096189,46.99301626393583],[-0.383935475814941,46.992896624806114],[-0.383224434602118,46.99258405264849],[-0.382855825685096,46.992334427404785],[-0.382573837352787,46.992311157306624],[-0.381678535973264,46.992505029337316],[-0.380440757203502,46.992319628680036],[-0.379690677302171,46.99251914130301],[-0.379282163186966,46.992536518629976],[-0.378325226922439,46.99273487357272],[-0.376208236377021,46.99297980127137],[-0.374479672081415,46.99360262832708],[-0.372041206248586,46.994289441252384],[-0.371595145494029,46.99433852813627],[-0.370321713656899,46.99423606677706],[-0.369899021250561,46.99434303970108],[-0.369651133621822,46.99383211442087],[-0.369651593490689,46.99362843850083],[-0.370696330035524,46.99249398696952],[-0.37060932719312,46.9918386811487],[-0.371429242286721,46.99094329125201],[-0.371737724547942,46.99004122004721],[-0.372173831208737,46.98939044512483],[-0.371226804044328,46.98892429503313],[-0.370596562541851,46.98817402440709],[-0.369095744514902,46.98708421657906],[-0.3648255409145,46.985274998855395],[-0.364156608904804,46.98449338316541],[-0.363463299125818,46.98389090495016],[-0.363660989590895,46.98328045927131],[-0.363654752846556,46.98273633959341],[-0.360789330256594,46.98159250791201],[-0.359524200490263,46.980856178816865],[-0.359017494172995,46.98064835418583],[-0.358151021328559,46.980435685946134],[-0.357411038885215,46.98037252549059],[-0.356964306570768,46.97994306304504],[-0.357141666402288,46.979534179949944],[-0.360237355591185,46.97697482451622],[-0.359514579103166,46.97659486971086],[-0.357928571726789,46.97598953182215],[-0.35709297616978,46.97514965176238],[-0.356543360590256,46.974737602532365],[-0.355149864692604,46.97585234480429],[-0.35491799828411,46.97585008028444],[-0.354249313628262,46.97564064129564],[-0.353659050548859,46.975655108399934],[-0.352691367434022,46.97603740667623],[-0.352505503129448,46.976267199560894],[-0.352109580510118,46.97623094966885],[-0.351679133363952,46.97682651239365],[-0.351504531958873,46.97728036418256],[-0.353110644418182,46.97782843151869],[-0.353338896577851,46.97800562968645],[-0.35288512619781,46.978607281807605],[-0.351163910083571,46.97836894965254],[-0.350677510087387,46.97914546374941],[-0.35048178035775,46.979195308018355],[-0.350257667126871,46.978660225089],[-0.348491085602314,46.97883680184776],[-0.346962969042827,46.97984450319631],[-0.346382235319344,46.980056007799],[-0.346175388834091,46.98026657255907],[-0.344125337339534,46.980034072484074],[-0.343864047488709,46.97998217401814],[-0.343751347203136,46.97988451312469],[-0.342486374179137,46.97974185956894],[-0.33959251810837,46.97961844523708],[-0.335498700512768,46.9780590012301],[-0.33352963222712,46.977003027374465],[-0.332097350700782,46.976601063167905],[-0.330877541936928,46.97616410708468],[-0.330858634319092,46.97600695246068],[-0.334649800580156,46.972903746813],[-0.334579796577263,46.972814755367565],[-0.333038324314344,46.97222041388428],[-0.331147900977598,46.96726916428543],[-0.330951701214749,46.967246897893205],[-0.330760522855526,46.96741282646339],[-0.330718637923736,46.96797184847238],[-0.330421510311537,46.96821292936447],[-0.330080531698827,46.96825522091],[-0.32930070018472,46.96816149656171],[-0.328909639367932,46.968010582792594],[-0.328567840839344,46.968274576158535],[-0.328848942918127,46.96862782017884],[-0.328927335011844,46.96889590118807],[-0.328748339252784,46.96925972690336],[-0.326825427127438,46.97024972355176],[-0.32571924379992,46.97050061811198],[-0.323947174382724,46.97054181130535],[-0.322758332667544,46.970433700767934],[-0.321951442625605,46.97009289123597],[-0.321404540135312,46.96965537295153],[-0.32088643884064,46.9678445787492],[-0.31998087816772,46.96750389553531],[-0.318908657754496,46.96648583732759],[-0.318605164510499,46.96493108850923],[-0.319685221720809,46.96226413856402],[-0.319509580216406,46.96092648879422],[-0.31993851467852,46.96081681144333],[-0.320130200429718,46.96065899646242],[-0.320788787597402,46.96053819491841],[-0.320889771822561,46.9603181090288],[-0.320623556226881,46.9597986074759],[-0.322805247303975,46.95869761157425],[-0.32394401837417,46.95831693333229],[-0.324998526126398,46.95770077058701],[-0.326382851073381,46.95756800870631],[-0.326853547432897,46.95666228381423],[-0.327149884885799,46.9563022806946],[-0.328206939699531,46.95412611778408],[-0.328153601718795,46.95343106706298],[-0.32801633960843,46.9530186982381],[-0.327401937989647,46.95240202711326],[-0.327421414528502,46.95231225067378],[-0.328041833727447,46.95210779759149],[-0.329350442012773,46.95179514894109],[-0.329548018076734,46.951114476676814],[-0.330381659749048,46.950825449401194],[-0.330570699988438,46.95051900060617],[-0.331222778628611,46.95003876207114],[-0.331033277149699,46.949825259001926],[-0.331436466197841,46.94921433588807],[-0.332239810929975,46.94685531267321],[-0.334642859376752,46.94570711310928],[-0.335223045363511,46.94530012048285],[-0.335357483080785,46.9450691373573],[-0.335171132807248,46.94243323466924],[-0.334645175567129,46.94139410104998],[-0.334199353799694,46.940800522526274],[-0.334093732492625,46.93983483269867],[-0.33379336058315,46.93940195604936],[-0.333533259646581,46.93921663353498],[-0.334589340628271,46.9392734864337],[-0.334829168064283,46.93898087756816],[-0.336985193947518,46.938100199932265],[-0.337613808825318,46.93815949165557],[-0.33891655230874,46.937438665120474],[-0.340131128900569,46.93714392540602],[-0.340435616825525,46.93698280112198],[-0.340765314149727,46.936974142768484],[-0.341354862449209,46.93710393622868],[-0.341583160930619,46.93726403032812],[-0.342066984642919,46.937279735276846],[-0.342941067056673,46.937159754831995],[-0.344097272901897,46.93675131699525],[-0.344528499664744,46.936342286957434],[-0.345960788798323,46.93535717868168],[-0.346399716973813,46.93500919640107],[-0.346754752007951,46.93496373789472],[-0.346934888120798,46.934707079336654],[-0.347385167035461,46.934691293849234],[-0.347550764846996,46.934603574891405],[-0.347785384439835,46.934037132424876],[-0.348200676043415,46.93371145737832],[-0.348194418679608,46.93339803281374],[-0.34839502863696,46.93311103792434],[-0.348569701010916,46.93302125118633],[-0.348850633897702,46.93307526579482],[-0.348953410326269,46.93284428257056],[-0.348851972438091,46.93178024775319],[-0.346963718966308,46.92956327791021],[-0.347050045941767,46.92889660853952],[-0.34681144064652,46.92854848064203],[-0.346463698570527,46.9282648022972],[-0.346461322396226,46.92814141124375],[-0.347675792206011,46.926085702035635],[-0.347917376389134,46.92586600472845],[-0.348717130988537,46.925504818646054],[-0.34925344187556,46.925095414401525],[-0.349242428516583,46.924450496368095],[-0.348296384150622,46.9237660757081],[-0.347859581434783,46.92331827417614],[-0.347444975184453,46.922400316255825],[-0.347357545067067,46.921944161332135],[-0.349086678950471,46.920619639969416],[-0.350587692392649,46.91960542146684],[-0.351137852190099,46.919547961429195],[-0.351376955620378,46.91916161030738],[-0.352869770544669,46.91858917315834],[-0.353919603747209,46.918275637272096],[-0.355066401345408,46.91706620186407],[-0.358026696656151,46.9145215140139],[-0.359703279844788,46.91259185477491],[-0.361343410188426,46.912553005383096],[-0.361408620206977,46.91199417273813],[-0.366157037932675,46.9109326604054],[-0.36932453758683,46.90999651830239],[-0.371929485533684,46.90950932915657],[-0.371953529794678,46.90928332860872],[-0.371224514406064,46.90857921923148],[-0.369681709131631,46.90644260730465],[-0.369422074314501,46.90617984940122],[-0.368754553206982,46.90580736502053],[-0.36808799301893,46.90559796338687],[-0.367976849361747,46.90470002929511],[-0.367755672260509,46.90420994558527],[-0.366735408622803,46.90351432875568],[-0.366708374614626,46.902974408248376],[-0.367076733646443,46.90247068834474],[-0.368083119437036,46.901592336150784],[-0.368969501495509,46.90094097981496],[-0.369888530697246,46.90091949140595],[-0.370659266306798,46.90058602032927],[-0.371795306288264,46.89965877717787],[-0.372222696122318,46.89942817200884],[-0.371135723001124,46.89835785134047],[-0.371003262409447,46.898025586624065],[-0.370830081750691,46.89788376359387],[-0.369056817815989,46.896938955771084],[-0.368206617171344,46.896755658700144],[-0.370156268949022,46.89567845614464],[-0.3709801107059,46.89508027827143],[-0.369828186361394,46.894484973251245],[-0.369051874082423,46.89472758493227],[-0.368658081437683,46.894737306332374],[-0.36850672833232,46.894185702011015],[-0.368223929584666,46.89392992846986],[-0.367837999558087,46.893073375438604],[-0.367873284132912,46.89226758199334],[-0.367404735232671,46.891435073267374],[-0.366023023277101,46.8910744552786],[-0.364974176011046,46.890929388237495],[-0.363619679141626,46.8910482791881],[-0.361065245306178,46.891615839834884],[-0.358367476717297,46.89245878019579],[-0.352781930509318,46.89367056928559],[-0.350675863805988,46.89358499551181],[-0.348839350793705,46.89362762038273],[-0.345416950994899,46.893854193259074],[-0.345009645226005,46.8931775296998],[-0.344122573172053,46.89252291351378],[-0.343082258745357,46.892727957794136],[-0.342689732660481,46.8927366527538],[-0.342542992033022,46.89242550196446],[-0.341100348655643,46.89245927089547],[-0.340207544164652,46.89226439179659],[-0.339721130287398,46.891689136089944],[-0.337720735951643,46.89231309097758],[-0.336306554584155,46.892872259686285],[-0.336024932492351,46.89265422678705],[-0.334916458928168,46.89286297385813],[-0.333771970976478,46.893234062689054],[-0.332666883581454,46.893263356375726],[-0.331391725111128,46.89285778993587],[-0.330723854009815,46.892750050350365],[-0.32992221987792,46.8927543166788],[-0.327990778727719,46.89292011199476],[-0.327623047569774,46.892818997275455],[-0.327054532908956,46.89293726140097],[-0.326935485234233,46.89269017710457],[-0.326731155380225,46.89261677925724],[-0.326691815509193,46.89242596723499],[-0.324910353826944,46.8921016474193],[-0.324629465470212,46.89208723073245],[-0.323007016710451,46.89233954220801],[-0.322616395975818,46.89250762022014],[-0.322186544762683,46.8925506657088],[-0.32171127126038,46.89279598024328],[-0.321251177508368,46.892924604359614],[-0.320431549285893,46.89338531329422],[-0.319154331719152,46.89390877401377],[-0.318311585038975,46.89474321516511],[-0.317953105135386,46.89474994277282],[-0.317404615630469,46.894359324702535],[-0.317239365060346,46.89434426090084],[-0.317102325737338,46.89442480847399],[-0.317124419401061,46.894635044085135],[-0.316992950200597,46.89480644848026],[-0.315775415192028,46.89497489429715],[-0.315464704234956,46.89526770905488],[-0.315586329865112,46.895514729429884],[-0.315226045676847,46.89564225607904],[-0.314888556697857,46.89564836949499],[-0.314359021884927,46.89541669724991],[-0.312796954076174,46.89554095955511],[-0.312031437663703,46.895706269729935],[-0.311587633280019,46.89605877404674],[-0.311095321575536,46.89615584096199],[-0.31031667459554,46.8964720105964],[-0.308485058479558,46.896940095523256],[-0.308239977386219,46.897103038644836],[-0.307090999440188,46.897297356172245],[-0.306929102283547,46.89750927282263],[-0.305938719748752,46.89795405039768],[-0.304629694993976,46.89845572665765],[-0.303503462532114,46.898786329930644],[-0.301936247957728,46.89958194933167],[-0.301651026750199,46.89964780272266],[-0.301724162098267,46.89929515628261],[-0.302509767588353,46.89827324344704],[-0.303189446359048,46.89792842786547],[-0.30382601634772,46.897738942765066],[-0.304987165907655,46.897227101855215],[-0.305942664294125,46.89664185221673],[-0.306523163343131,46.89613765514802],[-0.307944676446331,46.895563333593024],[-0.307499436081642,46.89533371437386],[-0.306457476345088,46.893987576278604],[-0.306722829476439,46.89348972444407],[-0.306715431673712,46.89328267045638],[-0.306248898931135,46.89192991373823],[-0.306213508308385,46.89139383951451],[-0.305760046819396,46.890469657152366],[-0.30388123102482,46.88994685482113],[-0.302980394039017,46.89032776240421],[-0.302650798519311,46.89029035884049],[-0.302237566148606,46.88989489070103],[-0.30121054565719,46.888078778261644],[-0.301588683229663,46.887921044401246],[-0.303774209660368,46.886450727725226],[-0.30445130454058,46.885850945065606],[-0.305336153788412,46.88531728495399],[-0.305973174200428,46.884642945558625],[-0.307852054529646,46.88323451881765],[-0.308680291059024,46.883108881614945],[-0.309719347177488,46.88262662395952],[-0.310211650668803,46.8824024953159],[-0.310387405097511,46.882396539284],[-0.312659867215198,46.882589790969135],[-0.313441217270928,46.88290073085831],[-0.314155152760711,46.88294776320642],[-0.316328352015524,46.882678800051366],[-0.316549816413219,46.882582302113676],[-0.316632503878816,46.88243032583765],[-0.31853298403952,46.881958305370794],[-0.31823338382316,46.88142353950408],[-0.317849503731766,46.88030724616854],[-0.318163695856121,46.87867969109489],[-0.318024096246123,46.87850348228941],[-0.317892849967232,46.8785063649127],[-0.317976730227102,46.87755952264344],[-0.31745030861681,46.87752603530296],[-0.31738162107975,46.87655565503945],[-0.318193089485138,46.875987054028535],[-0.319392116117726,46.87556677566748],[-0.321014442953265,46.87474226032008],[-0.322232800745674,46.873588740854316],[-0.32371117932228,46.87236912053437],[-0.324439676009058,46.871500073540155],[-0.325063049412299,46.87135860195343],[-0.327750881861043,46.87036350887014],[-0.330262990690041,46.86899133709279],[-0.329543780961155,46.86725395563101],[-0.329440343967229,46.866490948811816],[-0.329583639230712,46.86405722963123],[-0.329705093697457,46.86387438057305],[-0.332420940858488,46.86174106458695],[-0.333835713617077,46.85981751248988],[-0.333697514816947,46.85968543891966],[-0.331348300137692,46.858615298361165],[-0.331190445214752,46.8580782604762],[-0.329914471424834,46.857581702470476],[-0.330434996034064,46.856668158933154],[-0.331395753689447,46.85432701144815],[-0.334363724934154,46.8510706621458],[-0.334542733220745,46.84911441181347],[-0.334155223313914,46.84719440922389],[-0.334172158379948,46.847000163846346],[-0.334486738773548,46.84681891830012],[-0.334153066148552,46.84658346926049],[-0.33392086762815,46.84656676920501],[-0.33290167316469,46.84678104948436],[-0.332265722942755,46.84714012265845],[-0.331614528126523,46.84716619615843],[-0.331230951041028,46.84722957458654],[-0.33095931444089,46.84736180455428],[-0.330501613021816,46.847373256173405],[-0.329973512526652,46.84720110072923],[-0.329658462283292,46.84686236535394],[-0.328923002256853,46.846564635445155],[-0.328164180876899,46.84650638995942],[-0.327856989797478,46.84665856610337],[-0.327650533721897,46.846654626341206],[-0.327517161928971,46.846557552665466],[-0.327430186903748,46.8462536674647],[-0.327073302274229,46.84613151791649],[-0.326336251832278,46.846256471571124],[-0.326149726283873,46.846470038304986],[-0.326008968243512,46.84650925471659],[-0.32461586310991,46.846345864291884],[-0.324158225381714,46.845866146499915],[-0.323728136515377,46.84581369094751],[-0.322716258873634,46.84537701806469],[-0.3215457338667,46.845265737767726],[-0.321341031581761,46.84544016941583],[-0.320657051645126,46.84533825971569],[-0.319786174185392,46.84559410094321],[-0.319402871855555,46.84519062234068],[-0.318975562015224,46.845011904354244],[-0.318846265788705,46.844745282312346],[-0.317947715335022,46.84394933415108],[-0.317078585300939,46.84408344608005],[-0.316163196166193,46.8437196337624],[-0.31581478193264,46.843627846175345],[-0.315121700793896,46.843612679700556],[-0.314642460000725,46.84342192553119],[-0.314337918095165,46.84344602193766],[-0.313953737874501,46.843606687274715],[-0.313329929647682,46.844186992598345],[-0.311981453862925,46.84466560421063],[-0.31176474211164,46.84505213958925],[-0.311138005943343,46.84513416731981],[-0.310298722701314,46.845133994185595],[-0.309520134698807,46.84485901329109],[-0.309279264356023,46.84470012826287],[-0.308798096651754,46.84458510401965],[-0.308743404769845,46.844420861749974],[-0.308507375700521,46.84434113906577],[-0.308045532560086,46.84387590126029],[-0.307923939135316,46.84330445084839],[-0.308227890514351,46.84271174884463],[-0.307707372746112,46.84233921605688],[-0.306251672143026,46.84220173968612],[-0.305965643808717,46.842034233508166],[-0.305797446689197,46.84203276001532],[-0.30558009669268,46.84223726485746],[-0.305186818012704,46.842356708124065],[-0.304923378068196,46.84262381572973],[-0.30404229819512,46.84284198114778],[-0.302607058741423,46.84304000697886],[-0.301380179299405,46.842864357037406],[-0.300452601618224,46.842880165060436],[-0.30004532949331,46.842533186670295],[-0.299106977205651,46.84245827519989],[-0.299055103365856,46.84229665180337],[-0.298704244430768,46.84207781894036],[-0.298768611957234,46.84188402399201],[-0.298647031502746,46.84169916707152],[-0.297753758544119,46.84191132564543],[-0.297851847216488,46.842098659374024],[-0.297464395588438,46.842206193533556],[-0.297358482072737,46.84258051096308],[-0.296700317835847,46.842858013350394],[-0.29638893872232,46.84285612427527],[-0.295807702723608,46.84249879772406],[-0.2955900263102,46.842202243465316],[-0.29537861083131,46.841727979686546],[-0.295504985727973,46.84149546232919],[-0.295479283533145,46.84128893052214],[-0.294731388667059,46.84123556157443],[-0.29454318537897,46.841099469932395],[-0.293995825523552,46.841039450415046],[-0.292980619760457,46.84125506400591],[-0.29195155768882,46.841070046679576],[-0.290970694482299,46.84111614154981],[-0.290498730067337,46.841237785524015],[-0.289991360686497,46.84120904478181],[-0.289758213866049,46.841132806969824],[-0.289393249161115,46.840789088677155],[-0.28902112318472,46.8397868234783],[-0.288483886210202,46.83933087796724],[-0.28786264584931,46.83902692489035],[-0.28610152936644,46.83861496358104],[-0.285301403390283,46.83860898633996],[-0.283899261583763,46.83872382911932],[-0.283664550317397,46.83864311832478],[-0.283658624506231,46.83830715427012],[-0.283555340522644,46.83820646969642],[-0.283233397792216,46.838138161466745],[-0.282701912150787,46.83816594998978],[-0.282272384556217,46.83840259893731],[-0.281304177745222,46.83846176877335],[-0.281059876134936,46.83865618032553],[-0.280718520910622,46.838744319615316],[-0.280674362741615,46.83890418347253],[-0.280331309752873,46.8390076896935],[-0.280108029224149,46.83922402842359],[-0.279605928159919,46.83919509231134],[-0.279434320915113,46.83939733981196],[-0.279143491520155,46.83945249285654],[-0.27892906568017,46.83959828621057],[-0.278871397684533,46.84014242803593],[-0.278761588389144,46.84021584905108],[-0.278448147702859,46.84022298224167],[-0.278297408132604,46.84037957498537],[-0.277505026972173,46.84030663634783],[-0.277182992496484,46.84012837242473],[-0.276610244119597,46.84014739520916],[-0.276493713392648,46.84021830199574],[-0.276079620672368,46.84012466308547],[-0.275899953231895,46.84038931426553],[-0.275497134145466,46.84043863612893],[-0.275025871043851,46.84070257866076],[-0.274460731501741,46.84084753580147],[-0.273988881855998,46.84123224545399],[-0.273812644179522,46.84148868485952],[-0.273841235237232,46.84161403285669],[-0.274032408118884,46.841691497215876],[-0.273995833531289,46.84180338059309],[-0.27351280447588,46.841873001554525],[-0.273555243612334,46.84209708258843],[-0.273321476346858,46.84216231115615],[-0.273118316256025,46.842364544993195],[-0.272926241841494,46.84238082492612],[-0.272544112392569,46.84222949067598],[-0.272400394803277,46.84239398555841],[-0.271989115268746,46.84254266237312],[-0.271983854129879,46.84278161811391],[-0.27183120144292,46.843037382998645],[-0.271143004074532,46.84318942802682],[-0.270854951859295,46.843182300613655],[-0.270220079240266,46.84395642198187],[-0.270009146591557,46.84398675035048],[-0.269663290341037,46.84382716599094],[-0.269285987717604,46.84392980899537],[-0.269356122352549,46.84411255186206],[-0.268926768117028,46.844179725892786],[-0.268888824279092,46.844573707049165],[-0.26848093880543,46.84493134147521],[-0.268275644681515,46.84461996942256],[-0.268309148436714,46.844130592567865],[-0.268657510292521,46.84339616583902],[-0.269113139524525,46.842850634448126],[-0.269169809252726,46.842636351412004],[-0.268954106557147,46.84165211455107],[-0.269019569278481,46.84066979839862],[-0.26868978787091,46.84023219931252],[-0.268243198088316,46.840013294658505],[-0.267844999946069,46.83996513370921],[-0.266733351857874,46.84004177265993],[-0.266452241023223,46.839931706101396],[-0.265641074644821,46.838980595990606],[-0.265613751514624,46.838745269786344],[-0.265955562405439,46.838272370667454],[-0.267473722965407,46.83722896578283],[-0.26789967853289,46.83632291727479],[-0.268940696705142,46.835425517792004],[-0.269498491741683,46.83444181920485],[-0.269788370505799,46.83424072973774],[-0.27055332945913,46.83418743568146],[-0.270795372457897,46.83410755782032],[-0.271225099191263,46.833460919879116],[-0.27143641071369,46.8333071187232],[-0.272120440520049,46.83315338421043],[-0.273068319959939,46.833215622884104],[-0.273805610569504,46.83300899616923],[-0.274074938661818,46.83277243389185],[-0.274413577059583,46.83187965607675],[-0.274836826543939,46.831561208877304],[-0.275306881861371,46.83145229802959],[-0.276094401283383,46.83142535799812],[-0.276537214006654,46.831756083021446],[-0.277488117238426,46.83217235455037],[-0.279547196930801,46.83276068102209],[-0.280067497241884,46.83267915494587],[-0.280944725430423,46.832160292402655],[-0.281264502279706,46.8317816915116],[-0.280847674414274,46.830926667345956],[-0.280887464071839,46.830304631332595],[-0.281363889525982,46.829304263494095],[-0.281646627220576,46.82840133968109],[-0.281920784558335,46.82794203195966],[-0.282183414221351,46.8269892148212],[-0.283186073789319,46.82596390083035],[-0.283533733688276,46.82524475621282],[-0.283787467679592,46.82505547431387],[-0.284154833773039,46.82498640564097],[-0.284109435285637,46.82449746859369],[-0.283896508973344,46.82386552553934],[-0.283537656476671,46.823446820163845],[-0.283316937807614,46.82275111598805],[-0.283663334025392,46.8225096235157],[-0.284199046489239,46.82231589080193],[-0.284589182884605,46.82197311639794],[-0.285581308050251,46.82138243950056],[-0.286258771398524,46.82086383001608],[-0.286608697708467,46.82042126661712],[-0.287130583792308,46.81922131015293],[-0.288277868753202,46.81880910786207],[-0.288685648379617,46.81877941984631],[-0.288376529806793,46.81643350820998],[-0.288440411785458,46.81610185288317],[-0.288627308520688,46.815828858998955],[-0.28964138902768,46.81313778681218],[-0.29105367780499,46.810110878147555],[-0.293195738481513,46.80689271583905],[-0.294858273737739,46.80468495177895],[-0.295172127122887,46.804407403479495],[-0.296966115713412,46.80220574679162],[-0.298977296071055,46.799909506549255],[-0.300946931168783,46.79783881197622],[-0.302048761439312,46.79623730053494],[-0.303232767974628,46.79499478744133],[-0.304620173378821,46.79388248928544],[-0.307878771184963,46.79083735022714],[-0.311187184538624,46.787475254839926],[-0.313262894309724,46.78571667487107],[-0.313114227214923,46.78555964948705],[-0.313574818793132,46.78536793084497],[-0.316201445764669,46.783803378282805],[-0.317297143191211,46.78282098890673],[-0.31992519388959,46.78072640126027],[-0.320340384876102,46.78017999426721],[-0.322241220169196,46.77690416945875],[-0.32272664031761,46.77705504779515],[-0.323629027521858,46.77754532654991],[-0.323782799099538,46.777485904365335],[-0.325525261303451,46.77569616417373],[-0.327212577510802,46.77446312855751],[-0.327878669309758,46.77428792499584],[-0.328388789297964,46.77398656340767],[-0.329129529565817,46.77319006568658],[-0.329966540349663,46.77182571938148],[-0.330375873176426,46.77140020061161],[-0.330249420510589,46.77119929480528],[-0.331509796426742,46.76993801205798],[-0.332156976630978,46.769669605143996],[-0.333367461148641,46.769582210157175],[-0.333844090831694,46.769441306547],[-0.335626586737454,46.768567655021414],[-0.336652025203426,46.76783943580073],[-0.337612475382292,46.76682290738935],[-0.33866964732445,46.7659080976547],[-0.3404921595866,46.76283425750575],[-0.340855351789827,46.76251367703384],[-0.341963692173762,46.761963233595694],[-0.342311749335513,46.76163137278877],[-0.342457717365486,46.761361267969484],[-0.342861847080166,46.761577510051914],[-0.343147671863317,46.762065754988775],[-0.344196731497042,46.762085677419186],[-0.345319781835404,46.7622845779023],[-0.346367435534531,46.762260362349664],[-0.346946948749763,46.76206683664083],[-0.349671783727023,46.7615521029727],[-0.350956008229437,46.76102708007665],[-0.353441467736603,46.76096894468974],[-0.354550289077337,46.76085274602472],[-0.355781715242659,46.760598672738844],[-0.357324933298373,46.76002184761623],[-0.357730532422479,46.760282155510566],[-0.358182786616634,46.76030047310883],[-0.358837742943537,46.76016145579325],[-0.359646219925198,46.76025676552271],[-0.360392418550368,46.76023583274613],[-0.360825610417118,46.760560210335996],[-0.361271269559666,46.76062016488127],[-0.361657876859378,46.760573700367615],[-0.362994025629071,46.76014795507775],[-0.363602186535167,46.759825530867],[-0.363903907282482,46.75989059245948],[-0.366350862503009,46.75889603516136],[-0.367482827917628,46.75854110884809],[-0.368441947474887,46.758380497895885],[-0.369239223716533,46.757957866066526],[-0.36996249676495,46.75769511405622],[-0.370750687397135,46.7576963122223],[-0.371206960784752,46.75782170557008],[-0.371926820629212,46.75765186702979],[-0.372456979460596,46.75765792675933],[-0.373344322438989,46.757482258782176],[-0.374184653149566,46.75741521093374],[-0.374545813905632,46.757508238320796],[-0.374970557802221,46.757421854556064],[-0.375253649206434,46.757229683690944],[-0.375995054471372,46.75700601342569],[-0.376588113011348,46.756990377607956],[-0.376905375927838,46.75682062940845],[-0.377167547950069,46.75688231316471],[-0.377552378306709,46.75680790820496],[-0.377857037581954,46.756835896498444],[-0.378482126191132,46.75594511890754],[-0.379706743957599,46.75489069282061],[-0.379151087163796,46.754201386275234],[-0.37800846302408,46.75328781910651],[-0.37759713051284,46.75285201046397],[-0.377346066915256,46.7523366843662],[-0.377267710733875,46.751646847023565],[-0.376488207074871,46.75056216622113],[-0.376066857464146,46.750386200644584],[-0.375918525552713,46.750151737300435],[-0.375789524645436,46.7501014568379],[-0.374029032598841,46.749854901982246],[-0.373806391581759,46.749627126102524],[-0.373805739279756,46.749490158965365],[-0.372702478345693,46.748869186219075],[-0.372438068205003,46.74881296653406],[-0.372117908151152,46.74885120993962],[-0.371906555575702,46.7485095447632],[-0.370593514750153,46.747613531974],[-0.369842242808306,46.74679023803799],[-0.36969237537128,46.74623497671657],[-0.369103588214524,46.745599771142246],[-0.368353236147363,46.74436818701262],[-0.368177879545416,46.74422553137704],[-0.367451210402148,46.74398729723832],[-0.366948364093307,46.74332072154384],[-0.367077845187899,46.74187947159101],[-0.366450892485069,46.74077583580224],[-0.366077428589293,46.74041908842891],[-0.366077874220656,46.73947549378629],[-0.366588156800771,46.73867826601878],[-0.367411303600913,46.73778984583172],[-0.367837565867292,46.73749795988703],[-0.368095495000017,46.73715513579443],[-0.36927666519302,46.736143540858905],[-0.370157480503025,46.734939778141936],[-0.371220095812514,46.733856839303414],[-0.371576133466633,46.73370128334204],[-0.371805068014286,46.73346204113877],[-0.372092014511494,46.73343919128462],[-0.372281527093445,46.733198402557605],[-0.374874561776639,46.73187668472378],[-0.374903822317942,46.73179921974297],[-0.374239351501449,46.73123115516806],[-0.373728422761347,46.73060269740358],[-0.37414107831453,46.72969294101467],[-0.374809831903782,46.72868643002853],[-0.374442831389905,46.7278852128495],[-0.374111376075617,46.727803032899125],[-0.374081615418221,46.7272190091991],[-0.374936617968869,46.72598351447023],[-0.376115934133348,46.72469521182882],[-0.376603980154475,46.724008532909586],[-0.378047690688198,46.722758390063156],[-0.378042091147602,46.722668431541955],[-0.375322666405267,46.72262408379951],[-0.376094822417833,46.72037442216561],[-0.375826015055867,46.72024534337114],[-0.374372370518195,46.71996545927286],[-0.373833337140303,46.719663174692755],[-0.373409522216103,46.71904297043151],[-0.373124455257814,46.718441216843374],[-0.372796986856621,46.71724138966426],[-0.372641942233428,46.71483064432538],[-0.37199991011277,46.71339672845437],[-0.371828865642431,46.712562707806924],[-0.371802579909048,46.71205518504169],[-0.372025634990937,46.711385321864014],[-0.371005399926947,46.71008418310649],[-0.370561245986984,46.709852097791426],[-0.370148268317456,46.70940460166757],[-0.369689040750909,46.70747323137208],[-0.369750207302106,46.70738221263172],[-0.374221286231282,46.70520498733381],[-0.375048997400682,46.70545371223536],[-0.380380932705756,46.70263265327364],[-0.38070688772363,46.701745240055835],[-0.379508393743992,46.70027458657588],[-0.377318832464679,46.69868530503464],[-0.3778716557438,46.69841217284966],[-0.377860278958601,46.69818719822913],[-0.377991385019577,46.69793639766539],[-0.379436810282009,46.69723050666983],[-0.381651108476703,46.69580977636962],[-0.382121287262312,46.695472366872714],[-0.382594671138905,46.69497624219394],[-0.38528178637981,46.693746973256985],[-0.390831928415913,46.69180395420252],[-0.392367395591601,46.6911817470358],[-0.395441976063695,46.69045808161497],[-0.397434676917735,46.69019538254357],[-0.397856194225572,46.69000354544718],[-0.398730235910561,46.68936209092169],[-0.399589461285557,46.68934203035223],[-0.400428010376167,46.68909636227104],[-0.400683808161301,46.68914465468906],[-0.401505794235198,46.68892740846509],[-0.402153809261988,46.6890064220816],[-0.403177603805685,46.68881201646472],[-0.403762397460421,46.6883629602025],[-0.404096030617055,46.688357563261],[-0.404213673324648,46.688144980200875],[-0.405094067222243,46.68766911602414],[-0.405051853484379,46.68751805752901],[-0.405406821300098,46.687456145348314],[-0.406067998312234,46.68793310023696],[-0.407157598027023,46.68820355365897],[-0.407693108221476,46.68807588608443],[-0.408119280897958,46.68777121433515],[-0.409026697271469,46.68741348145422],[-0.409166238894299,46.687529200163375],[-0.409297301336811,46.687530711255945],[-0.410577639557292,46.687376377154855],[-0.410999296234686,46.68708354467422],[-0.411258495688823,46.68699832626381],[-0.411878745666908,46.686489589374055],[-0.411977786438574,46.686064853843675],[-0.412211966816324,46.68583166991486],[-0.41239568092957,46.68542063685004],[-0.412747679222986,46.68516592032979],[-0.412997204498498,46.68473940848614],[-0.413148824230453,46.68494308633214],[-0.413898335258497,46.68494961473098],[-0.416103133297431,46.68466945259387],[-0.416472455426792,46.68479453974643],[-0.416962839525956,46.685116098193866],[-0.417137959844843,46.68504779148482],[-0.417353683958004,46.68510445093756],[-0.41781483977846,46.684586901733304],[-0.418273940416568,46.68455699403435],[-0.418713489392235,46.684278919200736],[-0.418846698789073,46.68379457507629],[-0.418807280464826,46.68343885068175],[-0.418985793911078,46.68315413685751],[-0.418582138729002,46.68208826282335],[-0.418893276309562,46.681351667417054],[-0.419155677680866,46.68125551925061],[-0.419313190090343,46.68107417469112],[-0.419565869136542,46.68071965304525],[-0.41953389857201,46.680336668574185],[-0.419795971131543,46.680152204775446],[-0.419730173234134,46.67983512014704],[-0.419800159222265,46.67940763656577],[-0.419687967410066,46.67920639607084],[-0.419988128594739,46.67891985408903],[-0.420574875511675,46.67885909021581],[-0.421353656151686,46.678375307834884],[-0.421540168656474,46.67832197503174],[-0.421931236261296,46.67837699758414],[-0.422045636202966,46.6783222111109],[-0.422267766805958,46.67762881736542],[-0.422752508159759,46.677487268925816],[-0.422795269525861,46.67691909661875],[-0.423032670463302,46.67661369019496],[-0.423372732245274,46.67521558766619],[-0.423369606640415,46.674812815185625],[-0.423500491567442,46.67464577772952],[-0.423756822650464,46.67459936858746],[-0.423991342738929,46.674040789768014],[-0.423830448381191,46.6738563290248],[-0.42391022847066,46.67339790561465],[-0.423762761847222,46.67309407662418],[-0.423450038265594,46.67297273195323],[-0.42337148030391,46.67239105727834],[-0.423241900817612,46.67220475946601],[-0.422220958349041,46.6715448711473],[-0.421869873547962,46.67120926512517],[-0.42135917713202,46.671270472357314],[-0.421025843340665,46.67115424293206],[-0.420967421609416,46.670912644665194],[-0.420497613314981,46.67020925627864],[-0.420434804711784,46.66946127752734],[-0.419085740795774,46.66793422258908],[-0.417644295843072,46.666956074259915],[-0.417144605251378,46.66588044125835],[-0.417255482693649,46.66529131383527],[-0.416976037816765,46.665011239655854],[-0.416974194258746,46.664669715304896],[-0.416151963733166,46.66402278107483],[-0.415983557686458,46.663676306877704],[-0.415451634304742,46.66329470044988],[-0.415647420952382,46.66282741898988],[-0.415829813469799,46.66270932559218],[-0.417379089568103,46.66263610705262],[-0.417620435531216,46.66256041498263],[-0.41897644659947,46.662453281347595],[-0.41937390940833,46.662341384296916],[-0.419998296698413,46.66236151019301],[-0.421780078491986,46.66194782505123],[-0.422398721451073,46.66162742997675],[-0.423588744183109,46.66081860232988],[-0.425384076533951,46.659354474653135],[-0.426238134751306,46.65896933986581],[-0.42733924465183,46.658329862513185],[-0.427762848440274,46.65819732517975],[-0.428301873357703,46.65815146088804],[-0.430891270270972,46.65817581991472],[-0.432566043895823,46.657915676247235],[-0.433392485829902,46.6576953448784],[-0.4349834038365,46.656854552157945],[-0.43358547369707,46.65579868945075],[-0.432735951126262,46.654513685066824],[-0.432572914591276,46.65392192473087],[-0.433090535829021,46.65386946738618],[-0.433403850375612,46.65393939326001],[-0.434773506366908,46.653472047487234],[-0.435642904613631,46.65300075639652],[-0.4363509434976,46.65275150452627],[-0.437479083830484,46.65268792852555],[-0.438698899545604,46.65225296787981],[-0.438695925075735,46.650902942636996],[-0.438623376147707,46.650769927897336],[-0.437604059526863,46.650029016095765],[-0.437463121171174,46.64980792449086],[-0.438746880980516,46.64937104294892],[-0.438510158561039,46.64856699583259],[-0.438637997221189,46.648518997044576],[-0.438906542102906,46.64864703126021],[-0.440097297687548,46.64893304658295],[-0.440008736273834,46.64848506560596],[-0.441315466218608,46.64845304004676],[-0.442093816992929,46.64834404059712],[-0.443576407970496,46.64794799649284],[-0.4432104828178,46.64719200239794],[-0.443557253286426,46.64665433219822],[-0.443989706554265,46.646787342805844],[-0.44528185733973,46.64784716160135],[-0.445595307265066,46.64785756498857],[-0.445865798963906,46.64799543888314],[-0.446155993508998,46.64790739902248],[-0.447596463911724,46.64790012018535],[-0.448174293774174,46.64809633782096],[-0.449183660209038,46.64814256885242],[-0.449418293315984,46.6483545180355],[-0.450775577295672,46.64852094778249],[-0.451608382624606,46.64887801026468],[-0.452146103040755,46.64883387228584],[-0.453550437895142,46.648051600696526],[-0.454403750851448,46.64786635196435],[-0.454742063317173,46.647711946693214],[-0.455296110811965,46.647760133820825],[-0.4559919681057,46.648165457597244],[-0.456668894520608,46.648149545886724],[-0.457043886597792,46.64822205303481],[-0.457918351334405,46.648677856970565],[-0.458071906208991,46.64909592727846],[-0.457841177756629,46.649275035920006],[-0.457834983718068,46.64938337739079],[-0.457965496244478,46.64960385976252],[-0.457949839900455,46.6498720147499],[-0.458193924231947,46.65004670913979],[-0.458113104641969,46.6502780752555],[-0.458286348756327,46.65053241801946],[-0.458282419371562,46.65073803026472],[-0.45856034907263,46.65111539368294],[-0.45907164057399,46.65133429627745],[-0.459121517047308,46.65178884257898],[-0.459319973814275,46.65190452583169],[-0.459729877664756,46.652422108900076],[-0.460348166784009,46.65290275477276],[-0.461912563800375,46.652948339168624],[-0.462432970695742,46.653063303947626],[-0.462461108308812,46.653689751330084],[-0.462631764866763,46.653738672447304],[-0.463864729814654,46.65373836471875],[-0.464637738335058,46.65348336568088],[-0.464895694112374,46.65352603899257],[-0.465162792424952,46.65338367066146],[-0.465619017125305,46.653395110916136],[-0.466238381189347,46.653070841090674],[-0.466534568422907,46.65303574452217],[-0.467245929251371,46.65320980440107],[-0.467804223193447,46.65313883400446],[-0.468198888421052,46.65325217021565],[-0.468502396802311,46.65320873535731],[-0.46885200158461,46.65337480687772],[-0.470146824048064,46.65362582237773],[-0.470465198307464,46.65379463745943],[-0.471133873502881,46.653668934393245],[-0.471401225186202,46.65373564359166],[-0.472580939783956,46.65347547974093],[-0.473449185676935,46.65325719098407],[-0.473880583883229,46.65275741511647],[-0.47449340944043,46.65249548656275],[-0.474901577186771,46.6522262411218],[-0.475127343818693,46.65221578979122],[-0.47545660240153,46.652350011960166],[-0.475851820651266,46.65222626441864],[-0.476459958718174,46.65221863273776],[-0.477472370230207,46.6516561496561],[-0.477774631377907,46.65163435873671],[-0.478023858805129,46.651499711822964],[-0.478266143333841,46.65148154248737],[-0.478460371945482,46.6516532026275],[-0.478588488653313,46.65163038638907],[-0.478658790763006,46.65142005246089],[-0.478477816348137,46.65127142407463],[-0.478512553691055,46.65118023982221],[-0.479065136540607,46.65085702331486],[-0.479182043504652,46.650556946747486],[-0.479414446843069,46.65060937613964],[-0.479739391552972,46.65049225471322],[-0.479589729185352,46.65036250579185],[-0.480258485201871,46.64976897079702],[-0.480190274780039,46.64958267088303],[-0.480396957185974,46.64939703504212],[-0.480661438904985,46.6493168977754],[-0.480727043961976,46.649012969659395],[-0.481005507428989,46.64900811598973],[-0.481258153405009,46.64884541721631],[-0.481374256380811,46.64830832030909],[-0.481637021120837,46.6480993468066],[-0.481321142804032,46.647867395659596],[-0.481279632246296,46.64750543286669],[-0.481591395282734,46.64716247952136],[-0.481821021970479,46.64741687937039],[-0.481933412579588,46.64723050019157],[-0.481741069310741,46.64676135947071],[-0.482534403583448,46.64621359471204],[-0.484507275365462,46.645304589402244],[-0.485075140223837,46.64513950512718],[-0.485592620533175,46.645249946706954],[-0.486242455389492,46.64522026230857],[-0.486700539041318,46.645057608658426],[-0.487221551156938,46.64512106770509],[-0.488358210683766,46.64488727995767],[-0.48849306690439,46.6447047159646],[-0.488787337948355,46.64457948792505],[-0.488743690522547,46.64438883906793],[-0.489042175082576,46.644329277241894],[-0.489250206669447,46.6443896388277],[-0.489464133121516,46.64417492253535],[-0.490319932854068,46.64399022636767],[-0.490607978720907,46.64378857205262],[-0.490926470352889,46.643388603360066],[-0.491997367008974,46.643048624749525],[-0.49509156711119,46.64264963697236],[-0.495568375380128,46.64251431569863],[-0.496201374681212,46.64244723234904],[-0.497045415019646,46.64248726918131],[-0.49778537010977,46.64239437972214],[-0.499053607843267,46.64196989449293],[-0.499574102451389,46.64167999908889],[-0.499787049498775,46.64167439582299],[-0.499953578767572,46.64151698731575],[-0.500726464391487,46.64161054504268],[-0.501035168552733,46.64152720474249],[-0.501454981707334,46.64164506572027],[-0.501881141388981,46.64188170436989],[-0.502867566349942,46.641938076362244],[-0.503282582601291,46.64185959142644],[-0.503566592931757,46.64165712473321],[-0.504674054697655,46.64147994496954],[-0.506377359064482,46.6413701453432],[-0.506673340898585,46.641292586792346],[-0.507193585567258,46.64130370199283],[-0.507322188699325,46.64141062688202],[-0.508798241094161,46.64159166188349],[-0.509293766688604,46.641746833831284],[-0.51040769746904,46.64227783435638],[-0.511041968743835,46.642433254547676],[-0.511527547655542,46.64287984723502],[-0.51167394212049,46.64318090664056],[-0.51196610417555,46.64320620168096],[-0.512147573640229,46.64330068527218],[-0.512299453099392,46.64324104921254],[-0.512603336971243,46.64350843752846],[-0.512675863966172,46.64373965505839],[-0.513188171832216,46.6441944350758],[-0.513992238917476,46.64525496377847],[-0.513906883070404,46.64555411479562],[-0.514166557698339,46.64631136909551],[-0.513868887557538,46.646484537757125],[-0.514109429595092,46.646500595097244],[-0.514213923375989,46.646942640918105],[-0.514832416890686,46.647136381203005],[-0.515072031146154,46.64713804400125],[-0.515018727807502,46.64726496227072],[-0.515263732277965,46.647592736213475],[-0.515571911012943,46.64760220905697],[-0.515733950916833,46.647497191143884],[-0.516125117976466,46.6475149319813],[-0.516653249923034,46.64762671171742],[-0.517477239193456,46.647961947506495],[-0.51817956104479,46.64831803838494],[-0.518601828565827,46.648775560988945],[-0.51981212189089,46.64925484630843],[-0.520603075185393,46.64998855757955],[-0.520647514062976,46.65020981818189],[-0.520367446863949,46.65055371339527],[-0.520424976497072,46.65065379508711],[-0.521389779070835,46.65126228506472],[-0.521557158102592,46.65125984538374],[-0.521719659831163,46.651363911096524],[-0.522397388087004,46.65133947546281],[-0.522808832673093,46.651810836570526],[-0.523431993317757,46.651792579081395],[-0.523790184547308,46.651704952832795],[-0.52449983105408,46.65180931362473],[-0.52482054668777,46.65172914597687],[-0.525079088978276,46.65175994988449],[-0.525643094913852,46.65202020580739],[-0.525973090909613,46.65208305958522],[-0.526262188917065,46.65240314639996],[-0.526942038447507,46.652673351366396],[-0.52704801210198,46.652954907564805],[-0.527305555546742,46.653091192125196],[-0.527413803144939,46.65237942067773],[-0.528043731741522,46.65198147299479],[-0.528479200435981,46.65191488710595],[-0.52909169492009,46.65165176725745],[-0.529383122862005,46.65124170275105],[-0.53003361755335,46.65108015801652],[-0.530596930547923,46.650704977722896],[-0.531652102943733,46.65048678945342],[-0.532321924017946,46.65022008182774],[-0.532560908353635,46.65027220216448],[-0.533450639936924,46.650247474080125],[-0.534902106616445,46.64990436862665],[-0.535099637351762,46.6497820037237],[-0.535924305304594,46.649039102707626],[-0.536526413939851,46.64805429763259],[-0.536757673196777,46.647203516578756],[-0.537111931245437,46.64460306375742],[-0.538449693216896,46.64408405313001],[-0.539391587318594,46.642872415252],[-0.542150724908466,46.64103135194912],[-0.543937690267107,46.64176385542708],[-0.544365283258143,46.64161813221295],[-0.544804487761836,46.64126924800928],[-0.545139933775828,46.641135386046216],[-0.546202624762841,46.640935751258404],[-0.547252403941349,46.640357945438836],[-0.548350096214339,46.64007338206461],[-0.549061726078109,46.63964844216717],[-0.548874206650053,46.639301828643525],[-0.550845771266518,46.63777155910463],[-0.551736296606394,46.63738161602682],[-0.552141071129917,46.6369075809626],[-0.552476505997242,46.63681425659024],[-0.552709920696054,46.63688182931961],[-0.552920614742246,46.63664184842628],[-0.553448724150841,46.63635326419761],[-0.554074357508346,46.63615539108322],[-0.554627467836507,46.63582907049277],[-0.555035115716407,46.63575963639895],[-0.555449269704204,46.63510953580428],[-0.55605079618403,46.63520353238737],[-0.557187005273619,46.635089839949536],[-0.558472955478244,46.63442527156893],[-0.560275582790755,46.63273963314546],[-0.560968049694843,46.631146165571025],[-0.560979925286244,46.63050854624099],[-0.5612399778629,46.629804623798385],[-0.56201912632772,46.62969476936433],[-0.564597171216496,46.62904401803997],[-0.564636603091459,46.62854795185006],[-0.56538725479667,46.62794412122874],[-0.565944406345657,46.62736253373823],[-0.564130139972778,46.62663032477972],[-0.563349743940202,46.626440987093595],[-0.561710966104432,46.62559061379616],[-0.56139624178919,46.62535974117583],[-0.560986385190859,46.62463518443276],[-0.560586440191848,46.624301502042755],[-0.560176282075961,46.62411144967617],[-0.559387424632238,46.62397192342296],[-0.558166093980741,46.62322119702987],[-0.558068792808023,46.621714468696595],[-0.556032824924056,46.61782801571456],[-0.555715189669474,46.61689146750306],[-0.556046298664019,46.616873975486314],[-0.556078828652519,46.617271359378705],[-0.556766230144832,46.61806122155858],[-0.556971685629245,46.61866234630638],[-0.557767879426209,46.619355084342956],[-0.558591714258719,46.619650366808216],[-0.558896715073326,46.6198932656543],[-0.559236046426147,46.61996113723348],[-0.559525670293244,46.62022884874318],[-0.560017140772644,46.62032263511435],[-0.560083447994142,46.62051616587625],[-0.560363466622965,46.62053720537412],[-0.560517307260304,46.62096867391445],[-0.561229293332529,46.62145309299747],[-0.56148088081791,46.621499350331064],[-0.561414382852988,46.62170241834831],[-0.562076156196574,46.62263816574921],[-0.56323236097838,46.62299338420729],[-0.564245976137421,46.6232088134577],[-0.564321670503222,46.623565193907936],[-0.564945952297472,46.62360885827481],[-0.566335245769815,46.624904107805214],[-0.567202577554605,46.62524214375448],[-0.56752910146857,46.625233776344295],[-0.568586388345099,46.624578908274174],[-0.570466861014231,46.62516386554144],[-0.571341690601428,46.625535888655115],[-0.571261295797,46.62588541525243],[-0.571381046090045,46.626134960746256],[-0.572426240554366,46.62667021648468],[-0.573067857850028,46.62685751334825],[-0.573124317012809,46.6265420819276],[-0.573943198954606,46.626002762665216],[-0.574227518372943,46.62604887295805],[-0.574818212849743,46.62651626683546],[-0.574810041444269,46.62643179479665],[-0.575419625428017,46.62629108490535],[-0.577924910148257,46.62622907582258],[-0.58092202451399,46.625351232616524],[-0.583922317919867,46.62424516505565],[-0.585855613326187,46.62297052274298],[-0.587758742579249,46.622270955615285],[-0.587207326864844,46.62180509977863],[-0.586071109055916,46.62133862605657],[-0.584366696939918,46.620031833491346],[-0.584290514160594,46.619808878352146],[-0.583086125583384,46.61929944264325],[-0.581905545296957,46.61889290632055],[-0.581718805198178,46.61889784555553],[-0.581982359852087,46.618549790776115],[-0.583418784079898,46.6173204685528],[-0.583629316015645,46.61725979899975],[-0.583898106641159,46.61738839376444],[-0.584289851958075,46.61737793586619],[-0.58435974744454,46.6174658840277],[-0.585154209717866,46.61767086135849],[-0.585292403512226,46.61780264010743],[-0.585326031737315,46.618431637138876],[-0.585667697328961,46.61869315031641],[-0.586500102170852,46.61840208467525],[-0.587221301370918,46.61842816941065],[-0.588870922286559,46.61874604237469],[-0.589733662467011,46.618993917339196],[-0.592774182797524,46.61941505006771],[-0.593489457871907,46.61986582361281],[-0.593850549609834,46.61992570033593],[-0.595279619048359,46.61981504585799],[-0.596572403502582,46.61983935134944],[-0.599035542613854,46.61956006372876],[-0.602821524802069,46.61873254454985],[-0.604756896394002,46.61812991787406],[-0.608592787001165,46.61778106166974],[-0.608810931674329,46.618998249302194],[-0.611440140574668,46.61929033667141],[-0.613622941216976,46.619774022123984],[-0.613757024222222,46.61984280240284],[-0.613835829026204,46.620083686475354],[-0.613968059556161,46.62012458241593],[-0.614109179618948,46.62049600173114],[-0.614049685322969,46.621608371135935],[-0.614914364726124,46.62219762080945],[-0.614836573755801,46.6223262684716],[-0.614963091285465,46.62243855226999],[-0.614996026034503,46.622894509057964]]]]}},{"type":"Feature","properties":{"fid":503,"ID":"COMMUNE_0000000009748010","NOM":"Boussais","NOM_M":"BOUSSAIS","INSEE_COM":"79047","STATUT":"Commune simple","POPULATION":448,"INSEE_CAN":"17","INSEE_ARR":"3","INSEE_DEP":"79","INSEE_REG":"75","SIREN_EPCI":"200041416"},"geometry":{"type":"MultiPolygon","coordinates":[[[[-0.102002137623708,46.76647306867979],[-0.102497908406329,46.76583251583196],[-0.102293782190793,46.765656909522605],[-0.101165150279085,46.765320643745405],[-0.100048033345245,46.765254384648244],[-0.100248613411056,46.763900032384285],[-0.10020261172103,46.7628659165175],[-0.100324612151675,46.7626833053258],[-0.102126138498524,46.76196965014524],[-0.103420050041558,46.761597682716506],[-0.103911373563838,46.76207189802931],[-0.106563576122755,46.76160550623568],[-0.107064361506835,46.76109995932347],[-0.107839877614506,46.76085820623089],[-0.10795157705795,46.76045059013277],[-0.106688203354517,46.76002701565184],[-0.106680566262227,46.7598479037048],[-0.107054210416572,46.75943500428156],[-0.107588303907163,46.759648530884895],[-0.107850191363058,46.75964234501712],[-0.107977314409681,46.75954969592125],[-0.107425261025536,46.75893116265014],[-0.107477924856973,46.758660309061874],[-0.108112218280467,46.75819709953349],[-0.107960711603111,46.75774974928852],[-0.106836175233905,46.75606358490129],[-0.106707916129629,46.75467125217195],[-0.106217587516021,46.75396183526315],[-0.105878695917757,46.7536988701194],[-0.105935205000445,46.753518022884016],[-0.107018714125093,46.75286424807545],[-0.110856249423129,46.75247740014145],[-0.111244418231045,46.75250202615636],[-0.112709433123521,46.75178108791943],[-0.114858464027688,46.75119206042092],[-0.121142060512979,46.749618405574836],[-0.12275075647692,46.74937011329221],[-0.123826943880925,46.749094836206964],[-0.123850188570116,46.74883828900564],[-0.123151633128056,46.747702972982076],[-0.123173585501244,46.747423933343434],[-0.124804441948672,46.74737955911792],[-0.125427620834551,46.747274288085904],[-0.126430723064332,46.74661890380636],[-0.12716846494855,46.745795021528345],[-0.12851947791211,46.74528603278028],[-0.129333935749815,46.74483851138727],[-0.131095447872569,46.744538172662274],[-0.132890708601853,46.74470906889054],[-0.13424839602415,46.74381775587497],[-0.137114472428289,46.74169664542454],[-0.138071941625751,46.74302125045232],[-0.139113466960021,46.74471030439486],[-0.140798762885437,46.74667190018508],[-0.143405570690616,46.74867493103563],[-0.144453529665067,46.74906795854262],[-0.147716852313557,46.75379501963648],[-0.148863880395063,46.75505667577053],[-0.150058163781023,46.756973039551724],[-0.151869627996423,46.75861022900566],[-0.152272238343663,46.759513813882776],[-0.153358042300079,46.75951554309011],[-0.154083511599814,46.759634392565665],[-0.157569532044125,46.76135885972782],[-0.158567458849813,46.761697272880475],[-0.160141640403029,46.76175309029786],[-0.161246230317912,46.76167132599173],[-0.162071039111326,46.76182884336975],[-0.162626374622586,46.762064964892986],[-0.162919936127134,46.76239930708913],[-0.162888332951711,46.76264438182781],[-0.163262546293055,46.76296749079425],[-0.16509776188597,46.76360808977065],[-0.168630979141488,46.76404232650973],[-0.169480994549647,46.76402427834257],[-0.170511646587862,46.76364168791968],[-0.171495577385801,46.76367129188061],[-0.1720108746905,46.763782317455],[-0.17301013336026,46.7640962414587],[-0.173211653421344,46.764268195805144],[-0.173201542912339,46.764431579218495],[-0.173489737488098,46.76494176450055],[-0.173879954735022,46.76511120698637],[-0.174547500974016,46.76502246941499],[-0.174862800885379,46.7647857684133],[-0.175056209414851,46.76448304940197],[-0.175353317681618,46.76328624676428],[-0.175458302376859,46.7615630889522],[-0.175327576042767,46.759979815006716],[-0.174932718996288,46.75899137982746],[-0.174184642581399,46.75772524718919],[-0.174017659117324,46.757246857411516],[-0.174109471668944,46.75697848645751],[-0.174503564589199,46.75667742880472],[-0.175450381567901,46.756187168246555],[-0.175939189460677,46.756048392901704],[-0.176839261999335,46.755946899343876],[-0.177122755513369,46.75581740328815],[-0.177279896627998,46.75554541940758],[-0.177397856522769,46.75496272795909],[-0.176995944167833,46.754435873136174],[-0.176181413917995,46.75398260921017],[-0.17620766337185,46.7537367754512],[-0.176820255029222,46.75324943815025],[-0.177412081696718,46.75312402573141],[-0.178090824675302,46.75287094716964],[-0.178454952460601,46.75252925150441],[-0.17881604096216,46.75193442036725],[-0.179066310673854,46.75179772827403],[-0.179531295850943,46.751275712977765],[-0.180169087926881,46.75083902270271],[-0.180717468084171,46.75021917189201],[-0.181082709765503,46.74998647311303],[-0.181872409876195,46.74965910660714],[-0.182658978006586,46.749591348108105],[-0.182951145518238,46.74963281141328],[-0.183767179077234,46.750178802852126],[-0.184200768808438,46.75032898346622],[-0.184987077985762,46.751060523954884],[-0.185650539477153,46.751329580616044],[-0.186077875949108,46.751216796210905],[-0.187554474711375,46.75048644339043],[-0.188316776779412,46.749916485218954],[-0.18982237839805,46.75083978568327],[-0.190032022782181,46.75110520386719],[-0.18972055981481,46.75147160860588],[-0.189665721187387,46.751698416482725],[-0.191930808052543,46.75382974354256],[-0.192513409478036,46.75341434232983],[-0.193453914586405,46.75250867716886],[-0.197261702882065,46.75227024321699],[-0.197993723139882,46.752121895304114],[-0.200011619718381,46.75145740389713],[-0.201663819774024,46.75201691367392],[-0.204278426287565,46.75330921183593],[-0.205224325321571,46.75391811848627],[-0.205105395814911,46.75419088041961],[-0.205137413172445,46.754865844984465],[-0.2060978875442,46.75718471046801],[-0.206129865830814,46.75785877459673],[-0.205762344904806,46.75840701802842],[-0.20499527521176,46.75878438093045],[-0.200791117640215,46.75991272031477],[-0.199957173180417,46.760291010662506],[-0.199140517102159,46.761029269054006],[-0.198834418165547,46.7614865634277],[-0.198923825880759,46.761979699919564],[-0.201796534455495,46.76457152740759],[-0.201819149414551,46.76506562307223],[-0.201511703908761,46.765477904640704],[-0.200999791585256,46.76575891082509],[-0.199575080817382,46.76610589864994],[-0.198297232732793,46.76676417712719],[-0.197186615321686,46.766833848024596],[-0.196065357724117,46.766678519846366],[-0.195202078459142,46.76642769276383],[-0.194663583075159,46.766124571224026],[-0.194202495941179,46.766044578653904],[-0.193229505987682,46.766246455429055],[-0.192720191915757,46.76657240783662],[-0.192479472676222,46.76702786481348],[-0.192667506611462,46.76823917116215],[-0.192965287929856,46.76899775966388],[-0.1933768025718,46.76939363238332],[-0.19552561940381,46.77051616025766],[-0.197465133039177,46.76997827414236],[-0.199284270797264,46.76966809061632],[-0.201342698617598,46.768857384054634],[-0.202571017616233,46.768514951338176],[-0.204725475786393,46.76837645833773],[-0.20524140189356,46.76818543801451],[-0.206124898042394,46.767490329557745],[-0.206638150826286,46.76725432006479],[-0.207484138557344,46.767145088892384],[-0.208999686686594,46.76733615046767],[-0.211291799659222,46.76733066032891],[-0.212018809457561,46.76744910713508],[-0.212621624201203,46.76775125238313],[-0.212904953216557,46.76819480055877],[-0.213247119277308,46.76850243148736],[-0.214034282985526,46.76852906863176],[-0.215521816548723,46.7681359859955],[-0.216093805685501,46.76776311693908],[-0.217406110741166,46.76642871077338],[-0.218046254729111,46.7660998802025],[-0.219081942270647,46.76585097591745],[-0.220131081673201,46.76587293064584],[-0.222446642495691,46.75668473240376],[-0.22304365254386,46.75545592720067],[-0.223587660472653,46.755387488346074],[-0.223977623947164,46.75515395530416],[-0.224278667011846,46.7551671302212],[-0.224712487437271,46.75529642899068],[-0.22498399706683,46.755474441394234],[-0.225062178500233,46.75568672010636],[-0.225009144723566,46.75598559019551],[-0.225378350151912,46.75610859099724],[-0.225949073152851,46.756004245685176],[-0.226147253017877,46.75583106330591],[-0.226373067793802,46.75524077091266],[-0.227201363759761,46.754948049463216],[-0.227660275068164,46.75463957201433],[-0.228696508429572,46.75424997739986],[-0.229077709557681,46.75367152990716],[-0.229406769270567,46.75334056291616],[-0.229920278100487,46.75300260415107],[-0.231148652251514,46.75240572168174],[-0.232377224044194,46.75212062019714],[-0.232752633336467,46.75219385882425],[-0.232985430743706,46.75205213050297],[-0.233044973599836,46.751687287285485],[-0.232845663191758,46.75102694352355],[-0.232850462648984,46.75011753983083],[-0.232695686057124,46.74969835340125],[-0.232819065428443,46.749568717324486],[-0.232706144823511,46.74938986278928],[-0.233204540565271,46.74921722493888],[-0.233562808638564,46.74928914082243],[-0.234553829949865,46.74930898727156],[-0.234842710249357,46.749404481836294],[-0.235191720498083,46.749299125148184],[-0.235349571197022,46.749044154786134],[-0.235641600586672,46.748928687220385],[-0.236470580262254,46.74873770620697],[-0.237222828201439,46.74877687621457],[-0.238268474310563,46.74856985992234],[-0.238667652685133,46.748931681169346],[-0.239007493457788,46.74948532016777],[-0.239442509511145,46.74954694236708],[-0.239838760997971,46.74935462807022],[-0.240193594150489,46.74882013851967],[-0.241467372767055,46.74819662528266],[-0.241782698045958,46.747856995470165],[-0.242617236796157,46.74736482344215],[-0.244410511770298,46.74716456769729],[-0.245109876764038,46.74682398738748],[-0.246346506438155,46.74672053811748],[-0.246785960430125,46.74659366307649],[-0.24752952560423,46.74661949304528],[-0.248185144322034,46.74655588752476],[-0.249360541231313,46.74680919757647],[-0.249590954942421,46.74678194919334],[-0.249832445979017,46.74658947322547],[-0.250158351481538,46.746471206174945],[-0.250396464581853,46.74611300975149],[-0.250698721398637,46.74588456697429],[-0.251658766383525,46.745825838596815],[-0.252039807716986,46.74503102926138],[-0.25290645653064,46.744508130116316],[-0.253185524906354,46.74443984411378],[-0.253444942827852,46.743890889938264],[-0.253594945388541,46.74381274291214],[-0.254407742674486,46.74407537522201],[-0.254961164216388,46.74414439541398],[-0.255831386378806,46.74459914139434],[-0.25634877441001,46.74457004825466],[-0.257476175091606,46.74435152185222],[-0.258404453629188,46.74448468581436],[-0.258706655823894,46.74477980291631],[-0.259094619792744,46.74480033083212],[-0.259102981545727,46.74507044496412],[-0.259301743257012,46.745476637719854],[-0.25921499705488,46.746171200171105],[-0.260003781683184,46.74690578901578],[-0.26132962421001,46.74785041123822],[-0.262309540470538,46.74825243039727],[-0.262767374143253,46.748649453795736],[-0.26403133294138,46.74891271641962],[-0.264974254377643,46.74920041537606],[-0.266165544255496,46.75080396486442],[-0.267845109734466,46.7522845655936],[-0.269049983643471,46.75415444930869],[-0.269326481955778,46.75513065937395],[-0.268715474327551,46.75604472255281],[-0.267472843125266,46.75742283699023],[-0.267418323473106,46.75764968153819],[-0.270928343474766,46.759819810336715],[-0.269238270857012,46.761433275021766],[-0.268146444086014,46.76226909893175],[-0.267213954448115,46.763290525538636],[-0.264760327989299,46.76483732164256],[-0.263033184848672,46.76625438119324],[-0.26187285393087,46.76689202595127],[-0.261284353436438,46.76755217227098],[-0.260214381722603,46.76805746484047],[-0.259725087231529,46.76860123897591],[-0.260087763530711,46.76848190392466],[-0.262354916363505,46.76816880669454],[-0.263170273689231,46.768140236873144],[-0.263824097309348,46.76823881068003],[-0.264169085040527,46.76837049002604],[-0.264493363194499,46.76883348601417],[-0.264681520605559,46.76895249920023],[-0.267429781991146,46.7691798450505],[-0.270589101006767,46.76932873468613],[-0.272791207559258,46.76956789968903],[-0.273466484543277,46.7695432487524],[-0.274036392816101,46.769402642616654],[-0.274627573342754,46.769701199767646],[-0.275529677576565,46.769718732874146],[-0.27582048773034,46.770038466344836],[-0.276527418059488,46.77023368246814],[-0.277936213342591,46.770084442858874],[-0.279429495244906,46.76966242075239],[-0.280198765041066,46.76965216876731],[-0.281092281251464,46.76985284234561],[-0.281764029738314,46.77013824827349],[-0.282332602398031,46.77060413087809],[-0.283090088839542,46.770723966175986],[-0.28354451446769,46.77095068918442],[-0.283813288343493,46.77120885258305],[-0.284636042748696,46.771215065920536],[-0.285204264281713,46.77078697651434],[-0.285978007034961,46.77115325098899],[-0.289693147865568,46.77148848285555],[-0.291872217878807,46.77220917755156],[-0.291603487164373,46.77419947667387],[-0.291571912821827,46.77532144988747],[-0.299540458439541,46.774392610207265],[-0.299532143275641,46.775592325150086],[-0.299793904436175,46.77959146843107],[-0.300192468746844,46.77971699891998],[-0.303414556886285,46.77995782709868],[-0.305720974549051,46.780219511775776],[-0.308884317264892,46.781947035085004],[-0.313652106974467,46.78296223120037],[-0.313574818793132,46.78536793084497],[-0.313114227214923,46.78555964948705],[-0.313262894309724,46.78571667487107],[-0.311187184538624,46.787475254839926],[-0.307878771184963,46.79083735022714],[-0.304620173378821,46.79388248928544],[-0.303232767974628,46.79499478744133],[-0.302048761439312,46.79623730053494],[-0.300946931168783,46.79783881197622],[-0.298977296071055,46.799909506549255],[-0.296966115713412,46.80220574679162],[-0.295172127122887,46.804407403479495],[-0.294858273737739,46.80468495177895],[-0.293195738481513,46.80689271583905],[-0.29105367780499,46.810110878147555],[-0.28964138902768,46.81313778681218],[-0.288627308520688,46.815828858998955],[-0.288440411785458,46.81610185288317],[-0.288376529806793,46.81643350820998],[-0.288685648379617,46.81877941984631],[-0.288277868753202,46.81880910786207],[-0.287130583792308,46.81922131015293],[-0.286608697708467,46.82042126661712],[-0.286258771398524,46.82086383001608],[-0.285581308050251,46.82138243950056],[-0.284589182884605,46.82197311639794],[-0.284199046489239,46.82231589080193],[-0.283663334025392,46.8225096235157],[-0.283316937807614,46.82275111598805],[-0.283537656476671,46.823446820163845],[-0.283896508973344,46.82386552553934],[-0.284109435285637,46.82449746859369],[-0.284154833773039,46.82498640564097],[-0.283787467679592,46.82505547431387],[-0.283533733688276,46.82524475621282],[-0.283186073789319,46.82596390083035],[-0.282183414221351,46.8269892148212],[-0.281920784558335,46.82794203195966],[-0.281646627220576,46.82840133968109],[-0.281363889525982,46.829304263494095],[-0.280887464071839,46.830304631332595],[-0.280847674414274,46.830926667345956],[-0.281264502279706,46.8317816915116],[-0.280944725430423,46.832160292402655],[-0.280067497241884,46.83267915494587],[-0.279547196930801,46.83276068102209],[-0.277488117238426,46.83217235455037],[-0.276537214006654,46.831756083021446],[-0.276094401283383,46.83142535799812],[-0.275306881861371,46.83145229802959],[-0.274836826543939,46.831561208877304],[-0.274413577059583,46.83187965607675],[-0.274074938661818,46.83277243389185],[-0.273805610569504,46.83300899616923],[-0.273068319959939,46.833215622884104],[-0.272120440520049,46.83315338421043],[-0.27143641071369,46.8333071187232],[-0.271225099191263,46.833460919879116],[-0.270795372457897,46.83410755782032],[-0.27055332945913,46.83418743568146],[-0.269788370505799,46.83424072973774],[-0.269498491741683,46.83444181920485],[-0.268940696705142,46.835425517792004],[-0.26789967853289,46.83632291727479],[-0.267473722965407,46.83722896578283],[-0.265955562405439,46.838272370667454],[-0.265613751514624,46.838745269786344],[-0.265641074644821,46.838980595990606],[-0.266452241023223,46.839931706101396],[-0.266733351857874,46.84004177265993],[-0.267844999946069,46.83996513370921],[-0.268243198088316,46.840013294658505],[-0.26868978787091,46.84023219931252],[-0.269019569278481,46.84066979839862],[-0.268954106557147,46.84165211455107],[-0.269169809252726,46.842636351412004],[-0.269113139524525,46.842850634448126],[-0.268657510292521,46.84339616583902],[-0.268309148436714,46.844130592567865],[-0.268275644681515,46.84461996942256],[-0.26848093880543,46.84493134147521],[-0.26842990440126,46.84510851649496],[-0.26788279138772,46.84537908842735],[-0.266873627337905,46.84545822058783],[-0.266223047983467,46.84569026999612],[-0.265463762727694,46.84640661645224],[-0.26439348766286,46.84675780624902],[-0.263809157388083,46.8472177542353],[-0.262777574967781,46.84760117278112],[-0.262081295674742,46.84768580413599],[-0.26085589569704,46.84722852284878],[-0.258893998245517,46.84601260549783],[-0.257688962245373,46.845499745134674],[-0.256692973085295,46.84525219914281],[-0.255955231475915,46.84490902217199],[-0.254293893707305,46.84445139772884],[-0.251360785613097,46.84348271330343],[-0.248039690180642,46.84261232538921],[-0.245168398398774,46.842211264920195],[-0.243653801383,46.84128436170508],[-0.243107215532297,46.84068790049732],[-0.242686408152803,46.840393377712275],[-0.242216538931249,46.84017863592889],[-0.241019936774223,46.839845598785296],[-0.240626466711878,46.83985398300233],[-0.240052505148917,46.84018194895554],[-0.239724638188769,46.84018938295136],[-0.239305462156567,46.83974611428858],[-0.236937333309479,46.84088244251504],[-0.236547974625459,46.84098171185119],[-0.236024646985858,46.84099283322771],[-0.235553476193834,46.84073394571572],[-0.235339198344561,46.8403786173109],[-0.234949786611833,46.840476981626914],[-0.232453865481072,46.840398471303004],[-0.230815775404519,46.84043458722968],[-0.228805835806131,46.84092988505715],[-0.228455073059348,46.84044320643144],[-0.228132512113678,46.84053967071794],[-0.227878350378729,46.840726130134314],[-0.227616031402475,46.84073168980355],[-0.225218098886917,46.83896875705905],[-0.22464070114411,46.83917418605872],[-0.224791035570183,46.839493477761856],[-0.224741543645873,46.83958858338126],[-0.223790947743333,46.83983420879005],[-0.223460297933379,46.839838971049716],[-0.222118151911305,46.84056684807764],[-0.217862461067723,46.84088514595736],[-0.214240440824071,46.8412819982909],[-0.213576864858096,46.84174029170881],[-0.213475849532964,46.84198551748878],[-0.213490832370654,46.842370781506375],[-0.213098751026163,46.84242498965833],[-0.212947946605189,46.84260582345319],[-0.212904976275193,46.84294404541041],[-0.213162004244579,46.84333606456018],[-0.213169933386204,46.84400087487848],[-0.212844387365707,46.84440195912975],[-0.212792026084375,46.844891832420274],[-0.212399180265412,46.84508843695501],[-0.21133126292974,46.846325766346176],[-0.210772300017763,46.847951681352384],[-0.210860482119127,46.84833129684884],[-0.211087072461073,46.84869713622667],[-0.211007119898472,46.84894357296373],[-0.209922084144364,46.849362240975445],[-0.20784203895919,46.849769000793955],[-0.203143772163849,46.85032345124978],[-0.202068596752245,46.85053270813274],[-0.20246301288977,46.8507388984349],[-0.20406352245045,46.85228210499814],[-0.203951129774691,46.85242490908687],[-0.203023585317738,46.85288778223054],[-0.20236326813336,46.853760427232594],[-0.201998238249618,46.85409589212626],[-0.201280169057108,46.85443667478591],[-0.20030953285723,46.85454928712681],[-0.198196058737115,46.85495048660228],[-0.197483460754547,46.85493965677587],[-0.196589454686742,46.855060019665466],[-0.195064285230289,46.85550338469224],[-0.194381818833912,46.85575842882023],[-0.193125042658842,46.85643220868953],[-0.191911001051013,46.85760851087026],[-0.190684460896962,46.85826159834917],[-0.190456629606256,46.858274224385106],[-0.189993035202257,46.858454686414305],[-0.190719103270146,46.858960802422445],[-0.190884097991555,46.85946445419986],[-0.190628902525115,46.86380498023022],[-0.190441376234996,46.865393432837934],[-0.190753240733,46.86613721313788],[-0.190989606668595,46.86787340728977],[-0.191193987801456,46.868465175940756],[-0.18625008315544,46.86639445864986],[-0.184053926254842,46.86627052275624],[-0.182326713561686,46.865965970981456],[-0.181095033381192,46.86566481648934],[-0.179314086247004,46.865003966861195],[-0.178554589087402,46.86506910395875],[-0.177205710536225,46.86469545353221],[-0.175975589629593,46.86448701648319],[-0.174406115953082,46.86458529356183],[-0.172022688840713,46.864985332437314],[-0.170486840214841,46.865142101260524],[-0.169749275486055,46.865043476182564],[-0.167033437325523,46.86420904794432],[-0.166728090057956,46.86426701252498],[-0.166220325917437,46.86463782158037],[-0.165300515910762,46.864612666676045],[-0.164507979395615,46.86449479538102],[-0.159562718220011,46.865302011406484],[-0.159501807994573,46.86540640896239],[-0.157701629423701,46.86562703260609],[-0.153961752174752,46.86633513799193],[-0.152476238908652,46.867109335509916],[-0.152232679568236,46.867664773563604],[-0.151472637946984,46.86828571911746],[-0.149297565421581,46.869381521898276],[-0.147438982907071,46.87043077930779],[-0.146552000724951,46.8714237067583],[-0.146272539542443,46.87215402118507],[-0.145982006731904,46.87258097026148],[-0.14523749437436,46.8720696780992],[-0.142125872248405,46.87258720031192],[-0.142102497396483,46.87209404268532],[-0.141169401017347,46.87206815356153],[-0.140767916039371,46.871897091948604],[-0.140322118276938,46.870781097118716],[-0.140054491535622,46.87065233583643],[-0.137153197106452,46.870354810835536],[-0.135455502063986,46.86978563845244],[-0.130682914209085,46.86861801700345],[-0.123707924052245,46.86773527972671],[-0.122648216820058,46.86742613626279],[-0.116457298301299,46.86625947380058],[-0.116580249004155,46.867368073034044],[-0.117241521557234,46.86974792732181],[-0.117147683583696,46.87055963593418],[-0.116800554854729,46.87165032947658],[-0.11641346272748,46.872480791531416],[-0.115914030074198,46.87453254687931],[-0.114037236506855,46.877197359127706],[-0.112780128070072,46.878438802636964],[-0.112147104674187,46.87894790640642],[-0.111085555466206,46.8801407892868],[-0.110601678208513,46.8810504327726],[-0.11064162365939,46.88190537043784],[-0.111485736510106,46.8831467578413],[-0.111726940896101,46.88379892017947],[-0.113223810517053,46.88592281789791],[-0.113857205411555,46.887086088772044],[-0.114533390481216,46.88874108446915],[-0.115604096731673,46.8907413229579],[-0.11568370471573,46.89132486431038],[-0.115591265480585,46.893942271345345],[-0.116331451854557,46.899352983295046],[-0.116484373485613,46.902189912785],[-0.116824459427416,46.90514882488234],[-0.115292579796573,46.90480281882907],[-0.112979592393276,46.90360838309279],[-0.110969802646666,46.901992123076596],[-0.107967644129043,46.89902669491922],[-0.107545998420317,46.896675482888476],[-0.107478895193812,46.894843625514625],[-0.107328653618721,46.89415025555505],[-0.106672187802651,46.8931335479498],[-0.105795381941833,46.89244536291136],[-0.105564095426404,46.891942500038695],[-0.10393620648909,46.89248108616434],[-0.100089270235648,46.89322179058263],[-0.099384118380068,46.89325699530237],[-0.09739574785036,46.89317174358446],[-0.092451139475974,46.89342991312644],[-0.091790986699027,46.893493597393665],[-0.088892523964415,46.8942742237875],[-0.087691358079869,46.894439800402814],[-0.085902564244409,46.894466134386896],[-0.083456836086395,46.89382883861467],[-0.077869671932789,46.891735618428356],[-0.076271519397737,46.89122959237263],[-0.070190859790946,46.888837435357104],[-0.069858147374884,46.88878773983438],[-0.069616344569258,46.888904115787504],[-0.068502000382706,46.88839769891941],[-0.06888379468892,46.887667582321946],[-0.068133666261941,46.886352220725996],[-0.067122134050338,46.885386219148366],[-0.066420056030807,46.884917455431385],[-0.065860440289118,46.88466655173245],[-0.066196398239859,46.884171036321085],[-0.066147039703113,46.88399574523895],[-0.06709704988688,46.88348296776319],[-0.067995153790983,46.8816145818728],[-0.069126275931591,46.88051938363289],[-0.070200289619811,46.878974268384425],[-0.070941205692981,46.87762725022111],[-0.071494118831899,46.875839221149725],[-0.071740396993326,46.8753397713926],[-0.071829381258403,46.87521755608803],[-0.072454836451805,46.87503236334029],[-0.073333688633254,46.87424209963013],[-0.075023352165763,46.873153542544685],[-0.076322981881659,46.87197716992811],[-0.077219869201019,46.87069711617948],[-0.077561965116278,46.87035908171158],[-0.078961949010925,46.869078171509024],[-0.081707239094844,46.86694395976242],[-0.082976475876716,46.8657926447472],[-0.08457179749906,46.86460103592879],[-0.087861240954592,46.862663824277526],[-0.090083761078168,46.858425010628416],[-0.090146413809779,46.858072812666],[-0.090909207299763,46.85634029339605],[-0.09096633559016,46.8558224464087],[-0.091145403209966,46.85571491350203],[-0.091240240574414,46.85463829144688],[-0.092281212696946,46.85177555096833],[-0.092246471105419,46.85130522518074],[-0.092708355911235,46.85097563196394],[-0.09470677204402,46.85009200176307],[-0.096465652658175,46.848948065454415],[-0.097360550061949,46.848222037163445],[-0.098496002171569,46.84697230525546],[-0.099142520096612,46.84592315817747],[-0.100166820506641,46.844752091675154],[-0.100343975094653,46.844313899525844],[-0.100288605364503,46.84389729291813],[-0.099617105722952,46.84421094311556],[-0.097314517069517,46.84505239882725],[-0.09506708407627,46.84557334250739],[-0.09334669988209,46.845757484947285],[-0.091128930637991,46.8461550064399],[-0.089679260992372,46.84654987695907],[-0.08792630374299,46.847315100506066],[-0.086656410414043,46.84837640123495],[-0.085455880457906,46.84906548708191],[-0.083808690268653,46.84947639065341],[-0.083042422193141,46.84958163015817],[-0.080319377448446,46.84973567373921],[-0.078536422769268,46.85011589501696],[-0.074065261070928,46.84983088551913],[-0.071331207838916,46.85002285415974],[-0.070570153365843,46.85012787055988],[-0.069593656777216,46.85037108666614],[-0.068962866351811,46.85061948901544],[-0.067267510929329,46.85150449197435],[-0.065476054362557,46.85192257786594],[-0.062188789327626,46.852437226873334],[-0.06088219773452,46.85251164475275],[-0.059345649663648,46.85249124502884],[-0.057518524789713,46.85262812297675],[-0.055502054865064,46.852412282538054],[-0.055581858140545,46.84861312129591],[-0.055939451903191,46.84738629713938],[-0.056427967051236,46.84657137894109],[-0.053303458997624,46.844052112258154],[-0.053609077438919,46.842066183525134],[-0.053455249831623,46.8415737858796],[-0.052836199560266,46.84091172389913],[-0.05127523743201,46.839729512690205],[-0.050269032041478,46.839210163289465],[-0.050004220050742,46.839171232252696],[-0.049269043872797,46.83887085152267],[-0.047879472483704,46.83858510670824],[-0.046393050846013,46.83758106838626],[-0.046174849952021,46.832184129699186],[-0.045757505519367,46.83218707436808],[-0.045735176126926,46.83062253429031],[-0.046570315041534,46.8270070031572],[-0.04618290228982,46.8267244237973],[-0.045693725847806,46.82656978543871],[-0.045455860820923,46.826308472121106],[-0.044832181294578,46.82558251922641],[-0.044245701501627,46.82439694118651],[-0.049109133869495,46.82317959716919],[-0.049011298853218,46.82305063714211],[-0.047871207034802,46.821568889818664],[-0.049756969066126,46.820556554470926],[-0.048871414439121,46.81942218076354],[-0.04795586550582,46.82032048252059],[-0.046521050599358,46.82150916076751],[-0.045865875363735,46.82195001577735],[-0.04485150940933,46.822469760712785],[-0.042531919653902,46.82108947616317],[-0.041364784767544,46.82064189531503],[-0.040178372699478,46.819148688214426],[-0.039555521603746,46.8186921028424],[-0.038177265363208,46.819627784497726],[-0.036834949872207,46.820339037669186],[-0.035876172729944,46.819438976834874],[-0.034727664413835,46.82000181982116],[-0.033026911244932,46.819774581163614],[-0.032859730177736,46.82016464138573],[-0.031139835295728,46.8204163377626],[-0.03106397745384,46.82028047688203],[-0.030041796443509,46.82021641407164],[-0.029720238749696,46.81960676761912],[-0.029410651284505,46.81975098391231],[-0.028271318852453,46.81862405065423],[-0.027830587045659,46.8189816615253],[-0.027025481988645,46.81838564284345],[-0.025523926684742,46.815706702422375],[-0.025078540495287,46.81513454294943],[-0.024756922734738,46.814498755212526],[-0.02433718886476,46.814033143066865],[-0.023581767937558,46.81378450129619],[-0.022700118806232,46.813625674451515],[-0.02189921162005,46.81371430893361],[-0.021517362424869,46.813833372585286],[-0.020326846462859,46.81255993989504],[-0.019807760681935,46.81299526708873],[-0.017594480798242,46.8142824127771],[-0.01565653278032,46.815118075485046],[-0.014840841321188,46.81555485097508],[-0.01403364374362,46.81576703758358],[-0.01216539048435,46.81663054555823],[-0.010594465697549,46.81831068958469],[-0.010030357679181,46.81911927767225],[-0.010020267798983,46.81945743246207],[-0.00912001590281,46.82064243973688],[-0.00822656705045,46.82145422986925],[-0.008147796653197,46.82140673354425],[-0.007018334025733,46.82212917769696],[-0.006798426481316,46.82195111660304],[-0.006476096232696,46.82137026552181],[-0.005111065989563,46.8202364019766],[-0.004430038385969,46.81983792000935],[-0.003183091732159,46.81922265089594],[-0.00144673432076,46.818065106990154],[-0.001185086944511,46.81722766450272],[-0.00073097956758,46.81680161325093],[0.000719669302663,46.816060970415776],[0.000705406190831,46.815536194276355],[0.000922475273155,46.81533732154653],[0.003956422867934,46.81461090122721],[0.005011901490488,46.81458253887696],[0.006326209359434,46.81481049404619],[0.007896667909585,46.81444050637872],[0.007592216633854,46.81348919812988],[0.007804299491937,46.81264323992047],[0.007057623586244,46.81150111185812],[0.006070143842691,46.80856594992267],[0.004382707647942,46.80803993206903],[0.00312368990401,46.80728988777006],[0.001329776504164,46.80638891760402],[-6.8510877729e-05,46.805714494125674],[-0.001212821934717,46.80526473635366],[-0.002164260728371,46.80462628046541],[-0.003156412482491,46.804130919043004],[-0.006158761642982,46.803018937211554],[-0.00703333607673,46.80279422574528],[-0.007985388086618,46.80271254800756],[-0.007244756383069,46.80189846230868],[-0.008085567642026,46.80033296929066],[-0.008505976106759,46.799255127201036],[-0.008885872715565,46.79957496483957],[-0.009637838792711,46.799010142822524],[-0.014614819356631,46.79620629098362],[-0.017796560154318,46.79361515993875],[-0.01789355009473,46.79347204888975],[-0.017854367258788,46.79326313294667],[-0.017563449506692,46.792467935817],[-0.018037118401933,46.79138504731512],[-0.018390153170109,46.791410915750156],[-0.01891257308045,46.790638506216304],[-0.022327233908184,46.78976392799592],[-0.023417860503472,46.78958385998313],[-0.026706323452175,46.78873048938072],[-0.025541373130448,46.7872023423971],[-0.02497045827206,46.78670377205646],[-0.021418538969024,46.782946118666814],[-0.019584980833763,46.78382148973299],[-0.019426446573889,46.78347154177474],[-0.018809040358289,46.78277232853858],[-0.017507283885403,46.78059443746442],[-0.017412888424109,46.78012386329606],[-0.01747872900255,46.77920936609332],[-0.017228015457822,46.77788599451329],[-0.017713174037415,46.77795434649378],[-0.022215785278866,46.77642312800772],[-0.024324082722098,46.77840944126901],[-0.025045478428506,46.77885629514646],[-0.027280271373605,46.77680879179643],[-0.029292208851096,46.77481307050082],[-0.030394781624612,46.77431273536847],[-0.032246958770976,46.77384937164318],[-0.033714550914383,46.77328710583817],[-0.036500153732879,46.772022299225725],[-0.036810507016831,46.77185010112144],[-0.036869784633569,46.771714275366975],[-0.035305414390906,46.771881771822706],[-0.032648339518519,46.77103647150879],[-0.031464508498117,46.77092625310555],[-0.031198787831732,46.770841357052205],[-0.029584395752305,46.76839971979527],[-0.028556170075192,46.767341055966675],[-0.028443807093546,46.766996208733104],[-0.029675363893575,46.766413181062525],[-0.03086576244378,46.76568074794309],[-0.032564308618198,46.7649610166595],[-0.034335836241522,46.76397621983411],[-0.034229129916029,46.76380333118849],[-0.032932701664736,46.76261482868021],[-0.031380659477276,46.76156731846884],[-0.030182167509772,46.761097053496115],[-0.027596077927435,46.7603849366174],[-0.025752754493253,46.760153285797045],[-0.025738716825497,46.7600896802159],[-0.026825221434861,46.758272439647875],[-0.028851484919388,46.75593481804671],[-0.029880903029123,46.75415509010966],[-0.030995658852763,46.75280110432641],[-0.03171429624626,46.75045918289368],[-0.031998600529839,46.74970559231245],[-0.032527634366002,46.748757214226465],[-0.03257567770459,46.74849103139378],[-0.032772071823465,46.74848674520351],[-0.034462163047331,46.74971169737917],[-0.034725268745508,46.74975159942076],[-0.034917942677889,46.749657301139656],[-0.035311997416624,46.74969464165909],[-0.038822975928292,46.747641045899854],[-0.039082343452481,46.74759092964646],[-0.039211778196354,46.747608228222965],[-0.039874397332023,46.74818088847043],[-0.041350027985156,46.7490383773707],[-0.042906436884147,46.75009644891191],[-0.043962409569169,46.74987472921597],[-0.044498685337667,46.750133536223906],[-0.044939760617871,46.750097511397136],[-0.046768769657741,46.7490749331238],[-0.052795657272344,46.7468027263324],[-0.058120363677505,46.74531391115095],[-0.058625548980603,46.746160084239726],[-0.059445161808119,46.747049238911956],[-0.061369954972171,46.74868295445497],[-0.061049783620318,46.74958356006861],[-0.06107942596023,46.75127049266196],[-0.060460077316853,46.75263141249222],[-0.059357782894954,46.75430976004432],[-0.059472072462455,46.754755452091125],[-0.060625002611542,46.75629801212699],[-0.060509353121526,46.756316412725134],[-0.06092964261229,46.756538590064665],[-0.061373476624187,46.756922332452035],[-0.062394260828017,46.75832873199473],[-0.063160902472846,46.7591345751429],[-0.065408121054722,46.761243512049845],[-0.066809223998975,46.76218377775316],[-0.0680939545633,46.76363894983973],[-0.06889136594279,46.764267324234666],[-0.071693568487204,46.76595673153834],[-0.072759620727455,46.76722847683966],[-0.073731184066237,46.76798912526079],[-0.077286850617894,46.769777181627056],[-0.078634259820753,46.76814705859728],[-0.078957225909181,46.767945569599014],[-0.080267546604999,46.76933505182514],[-0.080803306885333,46.76962434857535],[-0.08172976114577,46.76974997710815],[-0.082323845973708,46.769911550325126],[-0.083345145408645,46.77055184392554],[-0.083903016380668,46.7705837239855],[-0.08457149845814,46.7703468107222],[-0.085394610484285,46.77029226482607],[-0.086756666766565,46.77044399746655],[-0.08743178764721,46.77073853023011],[-0.08769438241355,46.77104324790735],[-0.087585246239659,46.77246629463322],[-0.088639793024118,46.773204769659564],[-0.088838908987986,46.773269700460645],[-0.089402697792483,46.7727373147236],[-0.090123555316369,46.77229171047605],[-0.091025492365144,46.77152584773514],[-0.092844464846466,46.77062805910713],[-0.094024288899505,46.7702286403769],[-0.095250385436445,46.76933055993096],[-0.096275632306632,46.769141632078956],[-0.098691364759907,46.76856917156804],[-0.10017589940246,46.768087576514795],[-0.102002137623708,46.76647306867979]]]]}},{"type":"Feature","properties":{"fid":145,"ID":"COMMUNE_0000000009749028","NOM":"Puihardy","NOM_M":"PUIHARDY","INSEE_COM":"79223","STATUT":"Commune simple","POPULATION":63,"INSEE_CAN":"01","INSEE_ARR":"3","INSEE_DEP":"79","INSEE_REG":"75","SIREN_EPCI":"200069748"},"geometry":{"type":"MultiPolygon","coordinates":[[[[-0.623940675156315,46.4371265924199],[-0.618509550747154,46.43896380545049],[-0.618566065478944,46.439324378554986],[-0.618138094435714,46.43992926731051],[-0.616329635802218,46.44472886270886],[-0.617463174256446,46.44493091657185],[-0.616644306720959,46.44687865509248],[-0.617402721501921,46.4472440306984],[-0.617531165206787,46.44739139620483],[-0.617588756486262,46.448082750284875],[-0.618421504394573,46.44948958951471],[-0.619333558798869,46.45157987771466],[-0.620058357728199,46.45275396170405],[-0.620327398140414,46.45340796244581],[-0.620213925681488,46.453977642262636],[-0.619509187084972,46.45481575678153],[-0.61926070377746,46.455296870694994],[-0.618363472406444,46.455101761540405],[-0.617618281408616,46.454681885946286],[-0.616868973482489,46.4539637721801],[-0.6158755034875,46.4522970000915],[-0.61550032930215,46.45196905361869],[-0.614708003982677,46.45156507600702],[-0.61461832976068,46.45111721464216],[-0.615102167976879,46.45042854748354],[-0.615138030567736,46.449887472237165],[-0.614993909170245,46.449621615543954],[-0.614586413156314,46.44931722522305],[-0.613778704633579,46.44905434808236],[-0.613208235537363,46.44908502479147],[-0.612934050452807,46.44919826504771],[-0.612396631405839,46.449196342653096],[-0.612013989593116,46.44938512451732],[-0.611690293444939,46.44938094337192],[-0.611145402662575,46.44973890988725],[-0.610774999661342,46.44979749867178],[-0.610571269761137,46.45006895361955],[-0.610478013308144,46.450413533295524],[-0.610394198346449,46.45097955843125],[-0.610464435278578,46.451429839523655],[-0.610218805145339,46.451817096275484],[-0.610191943160165,46.45235698221527],[-0.609806032884146,46.453560833695676],[-0.609372419154825,46.45404417134546],[-0.609095265403347,46.45421157899014],[-0.608712945744694,46.454287663278144],[-0.608273355713166,46.45420781168591],[-0.608166767225163,46.45425264457101],[-0.607806016515352,46.45457592836378],[-0.608054894382873,46.45500614266031],[-0.609856465755261,46.45712066332888],[-0.610398168430933,46.45781654127249],[-0.610400584987515,46.45793184381752],[-0.611586538770366,46.45835044462256],[-0.612718555457558,46.45889964036441],[-0.615889439278423,46.460886911797154],[-0.615968675209813,46.46157036840909],[-0.616265999971052,46.46223790435666],[-0.616599986392507,46.46479541679719],[-0.616847485662882,46.465734048404165],[-0.616771167432629,46.46672710446188],[-0.616556897269284,46.46758751631884],[-0.616554992785459,46.46875849504886],[-0.616959311686257,46.47180504100734],[-0.617038730263545,46.4720188616779],[-0.617515378006502,46.47257615375],[-0.617644769979433,46.47293351654597],[-0.618537250059076,46.473819263035004],[-0.61851633762228,46.47489980278278],[-0.619139646215575,46.47589683280041],[-0.621721064719335,46.47647573366744],[-0.62415046080555,46.47674931922455],[-0.62491011345895,46.476949662016814],[-0.626373976341937,46.47718353075843],[-0.631166609804528,46.4785961069187],[-0.631172634024778,46.47872571786729],[-0.63129140567392,46.478706618066916],[-0.631239708241303,46.47889034562169],[-0.630605497867203,46.47959467302437],[-0.629972857852008,46.47991134218665],[-0.629807829226427,46.48101900492224],[-0.629877868642763,46.481267369805636],[-0.628276833708356,46.48177795208783],[-0.627330513326148,46.48234253889181],[-0.627342874026966,46.48256749723397],[-0.627547626772118,46.482742177254465],[-0.627499504120967,46.483058295255006],[-0.626810718327056,46.48357143087219],[-0.626303322457328,46.48381018583572],[-0.625538271461648,46.48531547358872],[-0.625269444364858,46.485609749555486],[-0.624691522277401,46.48533783708921],[-0.624564230183107,46.48538604467279],[-0.624302689124129,46.48655534765446],[-0.624219789671645,46.48772258788783],[-0.624969753303958,46.49001178875374],[-0.625026322274498,46.49115657588706],[-0.624946858717427,46.492061399399105],[-0.625137295221761,46.492883744318426],[-0.625343019576211,46.494720580983916],[-0.625264154484099,46.49563439919196],[-0.624937921990592,46.49645961545996],[-0.624977849449173,46.49758960572112],[-0.627971360026009,46.4988521067547],[-0.629874923514799,46.49999502307643],[-0.631092154798315,46.50014203795158],[-0.631967887770805,46.50045313364459],[-0.632189811121207,46.50088416158227],[-0.632505639003506,46.501235584785896],[-0.632689776237833,46.50129553351712],[-0.634322250991985,46.502481252152506],[-0.634172037171022,46.50255814182414],[-0.633939929229557,46.50338399795331],[-0.634040896320018,46.504212782737966],[-0.634428131140355,46.504792689983276],[-0.634815407134696,46.50480561174404],[-0.635156581052363,46.504714534442506],[-0.635534166386606,46.50481700105068],[-0.635737330450072,46.504946649561745],[-0.63595289685889,46.505301254260324],[-0.636432525851244,46.50573939947535],[-0.636632693530079,46.50582407166193],[-0.636590607058087,46.50623014167199],[-0.637453483514783,46.5065226787504],[-0.637858531714175,46.5067820099828],[-0.638975685428972,46.50693303338025],[-0.639881951589496,46.50681943979878],[-0.640339790652645,46.50685263101857],[-0.641141808458978,46.50719124872663],[-0.641208485329449,46.50748568717682],[-0.642272532304606,46.50785741316984],[-0.644598231055634,46.50821684498305],[-0.645371942961258,46.50867802733039],[-0.645397769157595,46.508849372640995],[-0.645192291794535,46.50919305358289],[-0.645237634581606,46.509285353848554],[-0.6454635624416,46.50934485168977],[-0.64563308210435,46.50986857127398],[-0.645990582485596,46.509748096271956],[-0.646194546095844,46.50981099768682],[-0.646315660692188,46.509982006966894],[-0.646081142632486,46.51084763042562],[-0.646176202605368,46.51101947108572],[-0.646771938537916,46.51147370351936],[-0.646060885753602,46.5117154320154],[-0.646112506914019,46.51207705295073],[-0.645541021984034,46.51219984641324],[-0.645287276851673,46.512388221482865],[-0.644407952245716,46.51257401015272],[-0.644396302090756,46.51247793100198],[-0.644953366280614,46.51210050483562],[-0.644239976897914,46.511995253987116],[-0.643772032509649,46.512026399069526],[-0.643680195584744,46.51215642539157],[-0.643744448311994,46.51249240476802],[-0.643186820198248,46.51245158968209],[-0.643039881883633,46.51267531533768],[-0.64250663156321,46.513077211984005],[-0.642392920096713,46.513075427450815],[-0.642019934372971,46.512788947905385],[-0.64148747962469,46.51281222355956],[-0.641495034608231,46.51308150330881],[-0.641391705495368,46.51315690791662],[-0.640788692249284,46.51310130164005],[-0.640625156295917,46.51284239903328],[-0.640442535683225,46.512747258550135],[-0.639164598261002,46.51273206903729],[-0.638140710304854,46.512884552577404],[-0.637640895010934,46.51329888208033],[-0.63961749410852,46.513784911333495],[-0.640144223046012,46.515160808054056],[-0.63854711179111,46.517131652336744],[-0.638704908122381,46.517206854102426],[-0.637349567101957,46.519416965325895],[-0.637718576190305,46.51954584142808],[-0.637358519241747,46.52025498520861],[-0.637381640387738,46.520659880771255],[-0.637472748303396,46.520987796489656],[-0.638214938903942,46.52156180709643],[-0.638082528458887,46.522101454668075],[-0.639373566295639,46.52232897740996],[-0.640500328287493,46.52234538066163],[-0.642509889975526,46.52210829506816],[-0.644131629318961,46.52175463651033],[-0.642777290596469,46.52356816344962],[-0.642468776991538,46.5242468366336],[-0.642039662716447,46.52487977365362],[-0.641615433365056,46.524785119756814],[-0.641176207831837,46.52479820907907],[-0.640325408534557,46.52535533028252],[-0.639742914838897,46.52521793463164],[-0.639378078535768,46.52540622488319],[-0.638975238336735,46.525377584108476],[-0.638381642855,46.52552357543557],[-0.637927056009265,46.52577601257698],[-0.637648053664915,46.52578308790103],[-0.637349235948039,46.52563034345382],[-0.637154761081555,46.525632023929774],[-0.636745191428148,46.525952431841105],[-0.636291187878081,46.526076844555206],[-0.635698709887749,46.52649410764126],[-0.635313946022087,46.52648200553105],[-0.634924667611758,46.52665663559923],[-0.633999463879771,46.52643275562003],[-0.633407077717153,46.52663637146488],[-0.632713099088617,46.5267071010218],[-0.632316632278433,46.526656600510464],[-0.631875808442194,46.5267634498458],[-0.631193541754098,46.52710782316391],[-0.630760707216798,46.52713869679017],[-0.629545996736188,46.52772441621735],[-0.628753501972852,46.528433733712994],[-0.628556999114351,46.52881675451524],[-0.627599528682193,46.52934380840057],[-0.62750745794431,46.52964779607739],[-0.627057254925684,46.529614305538495],[-0.62590298355749,46.52902985719976],[-0.625672095947421,46.52899481397729],[-0.625233595694173,46.529333221510655],[-0.624824765758782,46.529411084764],[-0.62403158786971,46.529247838507615],[-0.623718481596425,46.52931184671693],[-0.621773230149193,46.53032445594771],[-0.621592771759321,46.53022290660391],[-0.620923077271075,46.529343626879985],[-0.619716294876426,46.529972252530655],[-0.619995920138096,46.528520270055736],[-0.619866986274644,46.5273074726304],[-0.619584470590323,46.52710459037911],[-0.619089279851469,46.52688500404385],[-0.618672802814685,46.52724071646379],[-0.617379017954281,46.526500154587204],[-0.616919311290704,46.52636236449147],[-0.616486414865647,46.52639228461499],[-0.615965731021129,46.52631951707646],[-0.615272995485669,46.52676327651845],[-0.614971477862521,46.527119846247274],[-0.61460458103945,46.52706204003814],[-0.612661250894676,46.52881356985968],[-0.613470173714065,46.52927385439565],[-0.612437911145271,46.53019163864523],[-0.609784213287974,46.52712060009789],[-0.6090827846283,46.52601511026693],[-0.608464781907363,46.526227515344004],[-0.607573962337691,46.52778257779381],[-0.606776733589653,46.52864151335112],[-0.606099117616447,46.52974905756075],[-0.60463204423444,46.530808476972645],[-0.603422471206419,46.532523178415005],[-0.602234077437419,46.53335474360646],[-0.602551048117061,46.53439486754881],[-0.602292735472265,46.535031269385094],[-0.602257151024579,46.53573727123968],[-0.602832007344362,46.538641440267625],[-0.602304021130031,46.54197425623903],[-0.603235395853054,46.542763367824],[-0.60420175993578,46.54337019209629],[-0.604477900728759,46.54393026073495],[-0.604099736867185,46.54528253363028],[-0.604521587908672,46.54597141467452],[-0.604414203517073,46.54650030451039],[-0.603591923806177,46.54692643008028],[-0.603094408862469,46.54744327283737],[-0.601772695623111,46.54804195771114],[-0.602316409242955,46.54820330674957],[-0.603126556691849,46.54891601703072],[-0.60345964584926,46.5494084932354],[-0.60403370870669,46.548784677224624],[-0.604654602597638,46.54914459144342],[-0.605224161537779,46.54961699061275],[-0.60536036031429,46.54999668574179],[-0.605309555574516,46.550472413760154],[-0.606481729177248,46.55075184340951],[-0.606734752203825,46.550488773688066],[-0.60828610152713,46.551048275377816],[-0.60769293809019,46.552487565186304],[-0.606470260641144,46.55426669130155],[-0.606270714975985,46.55545559460734],[-0.605517989575073,46.556834999747714],[-0.605521987470359,46.55742798188966],[-0.605672950496299,46.55793160186942],[-0.606174115732095,46.55847465940741],[-0.60687242959737,46.559803812394044],[-0.60723340634881,46.56026204940456],[-0.606335579136695,46.562272491612276],[-0.60620099842324,46.56304200535039],[-0.606417341818969,46.56380225947826],[-0.610727791369152,46.5643017696527],[-0.612096500203655,46.56342208013242],[-0.61486306351154,46.561080333500946],[-0.6150775473633,46.56066973544771],[-0.615972012710393,46.56132832075478],[-0.616301914780729,46.56171089627543],[-0.617939922604767,46.5617393276181],[-0.617736017450828,46.562584064854065],[-0.617457100112515,46.56287051164919],[-0.616989639358634,46.563092610925445],[-0.616907608268919,46.56343142110357],[-0.616979569990304,46.56374733486767],[-0.617144085161442,46.56388274944125],[-0.617540517354468,46.56373230247886],[-0.617923487027464,46.56398880469392],[-0.617651394309413,46.564299373268454],[-0.617540203795981,46.564749976341446],[-0.620154920793527,46.56474478623364],[-0.619925171264969,46.567597732251535],[-0.619937446004296,46.569255893729895],[-0.619781788338869,46.56978452347995],[-0.619222016970384,46.57078113604821],[-0.620238793200125,46.570897697510944],[-0.620148193262741,46.57146122586238],[-0.618939702622829,46.57209797512045],[-0.617839133831725,46.57229412712056],[-0.618601649516052,46.572616146226],[-0.619826160527404,46.57343823656332],[-0.62089522597225,46.573750542934164],[-0.622205976842936,46.57398217685317],[-0.622532028840974,46.57418728611907],[-0.622870875546567,46.574191881662216],[-0.624314632005255,46.57485014374699],[-0.624638125097635,46.57519324067411],[-0.624406918057715,46.576863623007355],[-0.624700288155846,46.577441133288715],[-0.624656812816864,46.57784813440489],[-0.624282356542338,46.578172775911966],[-0.622677162028154,46.57866438167314],[-0.621769664177593,46.578777837416766],[-0.620285635927326,46.57908709937692],[-0.619730001645603,46.57961666227344],[-0.619420954302543,46.58051249737745],[-0.619023378304234,46.58043132735538],[-0.618400747681173,46.58081878027835],[-0.617717478027474,46.581886887393864],[-0.617294355836929,46.582050793263775],[-0.616754114353048,46.58210482484212],[-0.61567223583155,46.58193620031663],[-0.615122672379179,46.58196798418284],[-0.615938628578083,46.582974287145724],[-0.614422829167123,46.584066870107264],[-0.614521665575625,46.58472806578817],[-0.614317050175128,46.58479672311899],[-0.613938550459226,46.58519987463556],[-0.613934047428473,46.58580123707262],[-0.613655967628521,46.586023644553656],[-0.613253756341687,46.58610935510225],[-0.612769634169157,46.58641848769843],[-0.612235017336432,46.587188013424054],[-0.612142611569822,46.58754877705086],[-0.611620370261959,46.58818991286492],[-0.612308804230452,46.58847645848771],[-0.612057248517974,46.588645744269314],[-0.613882237300585,46.589410192927076],[-0.614208669450335,46.589777563435305],[-0.615829295409517,46.59077107673442],[-0.617081638213615,46.59096406381723],[-0.619540742636686,46.59204009460692],[-0.620074883958242,46.59252166667371],[-0.620450035122353,46.59273604811921],[-0.620985234180548,46.593272567190716],[-0.617776019739134,46.59428804242289],[-0.616111310236011,46.594954483483384],[-0.61551007143908,46.5950960628794],[-0.614841193341914,46.595085639324545],[-0.614338532144804,46.59523491590475],[-0.614732838358262,46.59579664304022],[-0.614890438961303,46.596377562111236],[-0.614744026736659,46.59679141124341],[-0.614354240479888,46.59720302944345],[-0.613891312715756,46.59761605378885],[-0.613594227453101,46.59767140249897],[-0.613868077920503,46.59895893819307],[-0.613981409905592,46.59903107610029],[-0.616425695250011,46.59848336534543],[-0.617971910968077,46.59839304455702],[-0.618102226250693,46.59879905357641],[-0.618405262505031,46.59877415204444],[-0.61858301237886,46.599342712385244],[-0.619016648362736,46.59998340624586],[-0.619144449553207,46.60033180549065],[-0.618930658131366,46.60042058962317],[-0.618943010930285,46.60064554402928],[-0.619136479854812,46.60129292816651],[-0.619406413847213,46.6011437791068],[-0.619762870291949,46.60056554090429],[-0.620118523150993,46.60062370116875],[-0.619850486673738,46.60105672677242],[-0.619577620860248,46.601849554782554],[-0.620097055447984,46.6017943713891],[-0.621900489282747,46.60267837165132],[-0.621280073725457,46.60327938819107],[-0.623169571410018,46.60404076441399],[-0.623980242948048,46.603645539769275],[-0.624160028558594,46.60404727319415],[-0.625313810355566,46.60540518194614],[-0.626600631152425,46.605187756605],[-0.626939558948529,46.60560247286687],[-0.626473858835005,46.6056794202372],[-0.625602436567103,46.6056736679756],[-0.624466065947161,46.606088228320665],[-0.62344911229819,46.60696050456722],[-0.622985423105415,46.60767645234185],[-0.623005864114438,46.60808142670499],[-0.62350647178738,46.60852799304968],[-0.62359867454464,46.608714364970204],[-0.623614743961999,46.60887700628629],[-0.623364747861752,46.60942394334786],[-0.623596445385893,46.610153038691756],[-0.623574085924194,46.61060263366593],[-0.623084947489564,46.61154563208319],[-0.622007629895285,46.61202409519719],[-0.621459091741309,46.612645369075096],[-0.621088335747717,46.61322586416788],[-0.621286541377631,46.613746902480365],[-0.621235451004569,46.614020734461555],[-0.620874348078868,46.61411778439629],[-0.620213911042054,46.61461098808016],[-0.619908431214713,46.615150655353474],[-0.619389694538014,46.6153951008488],[-0.619281241058858,46.615711306546565],[-0.619308518299348,46.61637656199926],[-0.618670016625977,46.61751444747951],[-0.618060953953815,46.618092545158355],[-0.617627613964397,46.61883454680805],[-0.616686213912424,46.619825147298016],[-0.616501078406597,46.6198345994081],[-0.615831231981853,46.620246947255914],[-0.615382442610146,46.62036387276662],[-0.614109179618948,46.62049600173114],[-0.613968059556161,46.62012458241593],[-0.613835829026204,46.620083686475354],[-0.613757024222222,46.61984280240284],[-0.613622941216976,46.619774022123984],[-0.611440140574668,46.61929033667141],[-0.608810931674329,46.618998249302194],[-0.608592787001165,46.61778106166974],[-0.604756896394002,46.61812991787406],[-0.602821524802069,46.61873254454985],[-0.599035542613854,46.61956006372876],[-0.596572403502582,46.61983935134944],[-0.595279619048359,46.61981504585799],[-0.593850549609834,46.61992570033593],[-0.593489457871907,46.61986582361281],[-0.592774182797524,46.61941505006771],[-0.589733662467011,46.618993917339196],[-0.588870922286559,46.61874604237469],[-0.587221301370918,46.61842816941065],[-0.586500102170852,46.61840208467525],[-0.585667697328961,46.61869315031641],[-0.585326031737315,46.618431637138876],[-0.585292403512226,46.61780264010743],[-0.585154209717866,46.61767086135849],[-0.58435974744454,46.6174658840277],[-0.584289851958075,46.61737793586619],[-0.583898106641159,46.61738839376444],[-0.583629316015645,46.61725979899975],[-0.583418784079898,46.6173204685528],[-0.581982359852087,46.618549790776115],[-0.581718805198178,46.61889784555553],[-0.581905545296957,46.61889290632055],[-0.583086125583384,46.61929944264325],[-0.584290514160594,46.619808878352146],[-0.584366696939918,46.620031833491346],[-0.586071109055916,46.62133862605657],[-0.587207326864844,46.62180509977863],[-0.587758742579249,46.622270955615285],[-0.585855613326187,46.62297052274298],[-0.583922317919867,46.62424516505565],[-0.58092202451399,46.625351232616524],[-0.577924910148257,46.62622907582258],[-0.575419625428017,46.62629108490535],[-0.574810041444269,46.62643179479665],[-0.574818212849743,46.62651626683546],[-0.574227518372943,46.62604887295805],[-0.573943198954606,46.626002762665216],[-0.573124317012809,46.6265420819276],[-0.573067857850028,46.62685751334825],[-0.572426240554366,46.62667021648468],[-0.571381046090045,46.626134960746256],[-0.571261295797,46.62588541525243],[-0.571341690601428,46.625535888655115],[-0.570466861014231,46.62516386554144],[-0.568586388345099,46.624578908274174],[-0.56752910146857,46.625233776344295],[-0.567202577554605,46.62524214375448],[-0.566335245769815,46.624904107805214],[-0.564945952297472,46.62360885827481],[-0.564321670503222,46.623565193907936],[-0.564245976137421,46.6232088134577],[-0.56323236097838,46.62299338420729],[-0.562076156196574,46.62263816574921],[-0.561414382852988,46.62170241834831],[-0.56148088081791,46.621499350331064],[-0.561229293332529,46.62145309299747],[-0.560517307260304,46.62096867391445],[-0.560363466622965,46.62053720537412],[-0.560083447994142,46.62051616587625],[-0.560017140772644,46.62032263511435],[-0.559525670293244,46.62022884874318],[-0.559236046426147,46.61996113723348],[-0.558896715073326,46.6198932656543],[-0.558591714258719,46.619650366808216],[-0.557767879426209,46.619355084342956],[-0.556971685629245,46.61866234630638],[-0.556766230144832,46.61806122155858],[-0.556078828652519,46.617271359378705],[-0.556046298664019,46.616873975486314],[-0.556500080694488,46.616172157849014],[-0.556923513646927,46.61582641042244],[-0.556886107845159,46.6156545140993],[-0.556595605809163,46.61543279267273],[-0.556651698736826,46.61475053532659],[-0.556529900601732,46.614188273728516],[-0.556966413599173,46.61322289520398],[-0.556967948388982,46.61258649782373],[-0.55653207851612,46.61208176299541],[-0.556294715033244,46.611512274300615],[-0.556300741991511,46.61134443692454],[-0.556629198491758,46.61112692586801],[-0.556557252336285,46.610766819728575],[-0.556354529047572,46.61064692788508],[-0.555867493898429,46.60927939006275],[-0.555312021772746,46.608525087666635],[-0.555150506820589,46.607955044547595],[-0.55452500117937,46.607689639659476],[-0.554651840890891,46.60738915942043],[-0.554444666149262,46.607200900620704],[-0.554393646408163,46.606700435326],[-0.554237165886744,46.60646733791448],[-0.554060155088009,46.60644038424339],[-0.553717254010517,46.60663670476096],[-0.553534304752003,46.60661894803283],[-0.552932800877197,46.60624012212674],[-0.551992423056094,46.60579879794281],[-0.550861089557497,46.605457128600875],[-0.55001251886621,46.60509947063351],[-0.549447500382554,46.60503857164678],[-0.549027216305305,46.604830771409986],[-0.548849426098907,46.60457128771426],[-0.54856366961809,46.60448099717365],[-0.548522869067261,46.604376804684314],[-0.548136848623738,46.60413278710217],[-0.547336081761554,46.6040061751287],[-0.546750033388159,46.60376294250859],[-0.546601248783795,46.603526893371374],[-0.54628895973274,46.60331033019189],[-0.546175137790422,46.60304886138474],[-0.545183220420498,46.60211604726595],[-0.544350647147278,46.60144058256083],[-0.54356572395542,46.60099438063824],[-0.543602358259318,46.600352393575],[-0.54346115645422,46.60023237913096],[-0.542998766650674,46.60016016140042],[-0.541701237460994,46.59965319671333],[-0.540534265704449,46.59952434818297],[-0.540486491535011,46.59927254936196],[-0.53964221041703,46.598877731680126],[-0.539409074754423,46.598831760859966],[-0.539062199716663,46.598886650374894],[-0.538596151961772,46.59867752504422],[-0.53652127177074,46.59819993764729],[-0.536366613476109,46.59809385082618],[-0.535728544834665,46.59803424206054],[-0.535355344545316,46.59776455087426],[-0.535104454802631,46.5977470612707],[-0.534981555871134,46.597868030127096],[-0.534744728385843,46.59784559881067],[-0.534246838070902,46.59746798850532],[-0.53342397808879,46.597381624011874],[-0.533316287710794,46.597052354960645],[-0.53307529671986,46.59692549387008],[-0.532966400975084,46.59673867281618],[-0.532566344100861,46.5965383035346],[-0.532378644565669,46.596507140804775],[-0.532192948766614,46.596607510924756],[-0.531960763670857,46.596575917455176],[-0.531035641011668,46.59616280285948],[-0.530553142431383,46.59533673947528],[-0.530849905087221,46.594510075466836],[-0.530741438945875,46.59414838032602],[-0.531097732942476,46.5937353945899],[-0.530980866165469,46.593526284439356],[-0.530453568876258,46.59325862801216],[-0.530223847531185,46.59332520100449],[-0.530091762740347,46.5929822604703],[-0.5297497006339,46.59282876593122],[-0.52962117633207,46.592601086019336],[-0.529064155957613,46.592580404494086],[-0.528857194233511,46.59227221928773],[-0.528720311514159,46.59237919126162],[-0.528607361007302,46.59229073708495],[-0.528379789879195,46.59228964009411],[-0.528547899411355,46.59209968451182],[-0.528311062612879,46.592056510322955],[-0.528333924678081,46.591864722743495],[-0.528189086095275,46.59186918722177],[-0.528070603324041,46.59201795397912],[-0.528036350270321,46.59177204416142],[-0.527838341611624,46.59180338434783],[-0.527607233118931,46.59156624540253],[-0.527694713145683,46.59140311192199],[-0.52762098510667,46.59135490942517],[-0.52769731369297,46.59130208235699],[-0.527636465423243,46.59119038954202],[-0.527887917857593,46.59109611173225],[-0.527765631796847,46.590924120477695],[-0.527102739001232,46.59060114070845],[-0.526764104699813,46.59064131903449],[-0.526127784071854,46.590324725827756],[-0.526083166180324,46.58959602017096],[-0.526452570444027,46.58950622364341],[-0.52653690177078,46.58929451596659],[-0.526462521794796,46.58919585821484],[-0.526101846841396,46.589117737866104],[-0.526072051574333,46.58881941296601],[-0.526799374277158,46.588180491892814],[-0.527209958614013,46.588060580966456],[-0.528133730957814,46.58698385691813],[-0.528407158085236,46.58678524632625],[-0.528405477018961,46.586638380499984],[-0.528562935018419,46.58646587788311],[-0.529074075586697,46.58618332314187],[-0.529261501085292,46.58598916468872],[-0.529391335158616,46.585632738707744],[-0.529630691275098,46.58545320217008],[-0.529640169633485,46.585236589186444],[-0.53003523176511,46.58467639237098],[-0.530325365785144,46.58378863998909],[-0.530671271828509,46.583438165432135],[-0.53069064278945,46.58311218516676],[-0.531115955638319,46.58211209900132],[-0.531281610001094,46.581381410934696],[-0.531230032348811,46.58131179674027],[-0.531006908164004,46.58129795044087],[-0.530941604797757,46.58119811414373],[-0.531112094516736,46.58078364653274],[-0.531073253753287,46.58066857239963],[-0.531356322465188,46.580276769411675],[-0.531765612674687,46.5800775619964],[-0.532190422778129,46.579654342065965],[-0.532230777490336,46.579087957250756],[-0.532399653299909,46.5787294198624],[-0.531734452706907,46.57822807608711],[-0.531110933560143,46.57814726890376],[-0.529349205548045,46.578736109203376],[-0.528141834029738,46.57973055849121],[-0.523598366372618,46.58249973250887],[-0.522733780161367,46.58224963916535],[-0.521197705811038,46.58204634025565],[-0.518916643559659,46.582248996029804],[-0.519260053821047,46.58329389544933],[-0.519380138247527,46.58444300537052],[-0.51916201710918,46.58454705620964],[-0.518757939001781,46.58454505895594],[-0.518432017931677,46.584781312857906],[-0.517515896493279,46.58512944463327],[-0.516460375728312,46.58572791464075],[-0.516330713214717,46.5858860256369],[-0.517135271701407,46.5864002995832],[-0.517144234825607,46.586579388735544],[-0.51602961423148,46.58749783877818],[-0.516174967906689,46.58786562234632],[-0.516508715664317,46.58829611887175],[-0.516480787381008,46.588430373588714],[-0.515834463438349,46.588847714471065],[-0.516893424413663,46.589595732518134],[-0.516095809238557,46.59014030350148],[-0.514394281545044,46.590535964761955],[-0.512568793491276,46.591178762142384],[-0.512212790438345,46.591375359430636],[-0.51058529163492,46.59281783302299],[-0.510382511571011,46.59378846950905],[-0.510466267546421,46.59441772969702],[-0.51026747533578,46.594781651706576],[-0.50885612737497,46.5952395305807],[-0.507784655800557,46.59583839942718],[-0.506924133039213,46.59616039853481],[-0.505117945634387,46.597512718101456],[-0.504783309474405,46.59828548134312],[-0.504375480314684,46.59991133052653],[-0.503991040515075,46.60037826452715],[-0.503101138772935,46.60099676384495],[-0.501951323239964,46.60196570739415],[-0.500688149098696,46.6032057956313],[-0.498999132616779,46.605673858074184],[-0.498406257575102,46.607455851122104],[-0.49784405009374,46.60845456036184],[-0.497503382425906,46.60940053225067],[-0.496482850784585,46.61087921126127],[-0.496498946931018,46.61119057464528],[-0.495450820331813,46.61242402596333],[-0.494909451085604,46.612649654808905],[-0.494204740937472,46.61308125808519],[-0.493972349485286,46.61286392206166],[-0.493681915331215,46.61276102060465],[-0.493293060022656,46.61344706560506],[-0.493103272376521,46.614849889267084],[-0.491814778653872,46.61501086229248],[-0.488684955262581,46.61595168228376],[-0.486420842488045,46.61619729021872],[-0.485311615306889,46.61619680448645],[-0.485529048578951,46.615385318551795],[-0.485265618839823,46.61219369098041],[-0.485434008707473,46.61008671293097],[-0.484141823108062,46.6098619548604],[-0.484223643897714,46.60891399229055],[-0.48342398590923,46.60861925903624],[-0.482371748039871,46.60846469474218],[-0.481968259246643,46.60824983576281],[-0.481880132123741,46.60807856322801],[-0.482706987990854,46.6073891521886],[-0.483908159373618,46.60588798302726],[-0.482659410172161,46.60521664307184],[-0.480047806448853,46.60523656500027],[-0.47905808416539,46.60503590825392],[-0.477774037582915,46.60295234117297],[-0.476096815559208,46.60083293101751],[-0.475405362657464,46.6001211613702],[-0.475091013083705,46.59992881106374],[-0.473946965124572,46.59888647195493],[-0.470435787720732,46.598143935502605],[-0.468556536783311,46.597319414128634],[-0.467637214744145,46.597071465868055],[-0.468283334411357,46.59625423947486],[-0.468101490219984,46.59526831514015],[-0.46839709179213,46.594675314685304],[-0.468244443071274,46.59422928789243],[-0.46754909485535,46.593268833855255],[-0.468308910045789,46.59292314831054],[-0.468958614626105,46.592450105223804],[-0.472510383270126,46.59090573261549],[-0.472971809182513,46.5907610441174],[-0.474328901303312,46.59061801308959],[-0.474672002719673,46.590299351375506],[-0.474792525644359,46.589689112752794],[-0.473651204955259,46.589238851283824],[-0.473494394130848,46.58938331259283],[-0.473151282966636,46.58925131769508],[-0.472633742785449,46.58952028749492],[-0.471676753959646,46.58958176413339],[-0.471125411847828,46.58934161292538],[-0.470501289417902,46.588636789637526],[-0.46995680465367,46.58852441065299],[-0.470162352578517,46.588139630829964],[-0.46997839867369,46.58794061139752],[-0.470138882391731,46.58768968960373],[-0.470444735741326,46.58770925819709],[-0.471707852823843,46.58648393231903],[-0.472799594309399,46.585114173536894],[-0.47342744588927,46.584648973904784],[-0.473540221583239,46.584285929460265],[-0.473068840409185,46.5840280396995],[-0.472223307963513,46.58409335213274],[-0.471914498333423,46.58441637525373],[-0.471495708008785,46.585146518753206],[-0.4708738903289,46.585747621351985],[-0.470228531383478,46.585897879571675],[-0.47018164961304,46.58499889627281],[-0.469636120659089,46.584562078348476],[-0.471413638325708,46.582036795002004],[-0.472187011959883,46.5811075200993],[-0.472541505253947,46.58016931845557],[-0.472422864870772,46.57945727963221],[-0.472544266897313,46.57769334059857],[-0.47253388612043,46.577469229758066],[-0.472838216032775,46.57705620828876],[-0.472819165079111,46.57669626289106],[-0.472205341185451,46.57617140008459],[-0.470936177970627,46.57561774294845],[-0.470663485053211,46.57539978549919],[-0.470711940117647,46.573946308406605],[-0.470644346505529,46.573808655749765],[-0.470182230774187,46.57359193590181],[-0.469769288084347,46.57344943311515],[-0.467913526856573,46.57312353519621],[-0.46655043900879,46.57308371984779],[-0.465265538827805,46.57273237270149],[-0.464101717837315,46.572619797294735],[-0.463830237452561,46.572461274160254],[-0.463436768587707,46.57250112467028],[-0.463242473208884,46.57271340416393],[-0.462107964297017,46.5727738731838],[-0.461516375525096,46.57269893637285],[-0.460715759188371,46.57235812485289],[-0.460457160433811,46.57240199773406],[-0.459756276848905,46.57295135501252],[-0.459352905315473,46.572938313831926],[-0.45897886471738,46.572831550444064],[-0.458737218294715,46.57264867995339],[-0.458630339950653,46.57226254777085],[-0.458692415439906,46.57198487288336],[-0.458937889555887,46.57134383694938],[-0.45882628811419,46.570924499456595],[-0.458630408374129,46.570721318128925],[-0.457958308276789,46.57040724820858],[-0.457167817507617,46.56989576130016],[-0.454933928567761,46.56906553872322],[-0.454417088136615,46.56874676095585],[-0.454211754897543,46.56839424216363],[-0.454274623110346,46.56740812338674],[-0.454183539658274,46.56712606201659],[-0.453579397748425,46.56600775871271],[-0.453257331473176,46.56568940628594],[-0.455823614320728,46.56356596431931],[-0.456295339176462,46.56255757725308],[-0.456325343275893,46.56220696520767],[-0.457508433970122,46.560343372267546],[-0.457893191773415,46.559941478506445],[-0.458501165467906,46.55883702802972],[-0.459552465026958,46.557862474747694],[-0.460076243151158,46.55633874882599],[-0.460452088935362,46.55590016074451],[-0.460717313051362,46.555776769967565],[-0.460906158771356,46.55554122345856],[-0.461826066471896,46.55350888079648],[-0.462410675354808,46.55265567433915],[-0.462392173298164,46.551933385519945],[-0.462694446544525,46.55111936716163],[-0.462013350217818,46.549756476370696],[-0.461870316305053,46.549356118325434],[-0.461915580531263,46.54899963291586],[-0.460644091267532,46.548233243003146],[-0.460211795168573,46.547433342749045],[-0.455873228716192,46.54481643623901],[-0.45677101608434,46.54334090495137],[-0.453831898451181,46.54228955285305],[-0.452968758870341,46.54352967421938],[-0.449867869035321,46.541655710109424],[-0.449204148800878,46.54144679910204],[-0.447028797842457,46.54100495492716],[-0.445698314935832,46.540497058886636],[-0.445172283225535,46.540420073144084],[-0.444820199513391,46.54119317998003],[-0.444234667585068,46.541208112096825],[-0.444012994259905,46.54197818948602],[-0.443521739432552,46.542575222262855],[-0.442768127082206,46.543134184353896],[-0.441997203215462,46.54337820728866],[-0.440245837259599,46.54361026179284],[-0.43979039025229,46.54409263603225],[-0.439556063769757,46.54453951682763],[-0.438799429130575,46.54505167397663],[-0.438291126029133,46.54554554485674],[-0.438148310575043,46.545828338892875],[-0.438172720946028,46.546090783746344],[-0.43724349097826,46.54610429307159],[-0.437239411236913,46.545625827325004],[-0.436220455026923,46.5456663601041],[-0.43542702065204,46.545947966129376],[-0.433898204818564,46.545982160600126],[-0.432443256852646,46.546214205001505],[-0.43058257836705,46.54626822817453],[-0.427966076843863,46.54620607794838],[-0.426943179072484,46.54641248329757],[-0.425864346868737,46.5463528713906],[-0.424315418968045,46.546607454464294],[-0.423465792926545,46.54684829699781],[-0.422669118893312,46.54626917802187],[-0.421694491612784,46.54585130089185],[-0.420822640869963,46.54519780952278],[-0.420802479102619,46.54479373409745],[-0.421884197777218,46.54296690831781],[-0.422169460803179,46.54106296095436],[-0.421362548195554,46.540922168201455],[-0.420896046042024,46.540939728745826],[-0.414853056094129,46.5428030327001],[-0.41292795714207,46.54357792055094],[-0.412267341307266,46.54391668717165],[-0.411033234075255,46.54437980811905],[-0.409444062238002,46.545451951998736],[-0.408380045997608,46.54625426166463],[-0.406841512621299,46.54705176865963],[-0.406043635969775,46.54774518332088],[-0.404713089686404,46.549112383209966],[-0.403339347539343,46.55022849248259],[-0.402753623025908,46.55095252100291],[-0.40245568649194,46.55260261129866],[-0.402557292449338,46.5534549017942],[-0.402493278030349,46.553789377443216],[-0.401283301397439,46.55497809486529],[-0.400342301394364,46.55647875587065],[-0.399169127859102,46.55737974761511],[-0.398778276849249,46.557795131907824],[-0.39606453256128,46.561438459752246],[-0.395360413591203,46.56294916290763],[-0.394611158470448,46.56354821056534],[-0.394222753393782,46.56433933433423],[-0.393300271943107,46.56511565398424],[-0.392910519720238,46.56584372314778],[-0.392618437367154,46.567258366710824],[-0.392343115095922,46.567809996038115],[-0.391971696245424,46.56839241263983],[-0.391325641993631,46.56901361104656],[-0.390882501847726,46.569619779553236],[-0.390558274794792,46.571148927136356],[-0.388971039871981,46.57229188901102],[-0.388194061107923,46.57305754199776],[-0.385296908724642,46.57133895183393],[-0.383965813380837,46.57029770618279],[-0.382234760957152,46.56940165660117],[-0.38116559057894,46.568998845395065],[-0.380424971945367,46.56877288031606],[-0.380193812753469,46.568775202971736],[-0.37637957728486,46.56705284598907],[-0.372126378786763,46.56574977540479],[-0.371656653793256,46.56544457204838],[-0.371044616136162,46.564761425514405],[-0.36978935587028,46.563988170135104],[-0.368893906817202,46.56328542106637],[-0.36857018939531,46.5631219107558],[-0.367991456008264,46.56301817999554],[-0.367296993680302,46.56252219978428],[-0.366268781962059,46.56140425373704],[-0.365298612696792,46.560527030661646],[-0.365844805277969,46.5595556284731],[-0.366300714283141,46.55896270470238],[-0.366793535729313,46.558649885423264],[-0.367519238365362,46.558469002990364],[-0.367735206794702,46.55832745652805],[-0.366571424453638,46.5567908145088],[-0.366271102397869,46.55506112214669],[-0.365873660183797,46.5544860968804],[-0.365211955348715,46.55377824839311],[-0.3645582281647,46.55374881012147],[-0.363286428955341,46.553103957221616],[-0.362407453378089,46.552494410231745],[-0.362294849319009,46.55232107347566],[-0.361776827224381,46.552056007567565],[-0.361163600085375,46.55247058167574],[-0.360626148639506,46.55254675696289],[-0.36012630010773,46.552872374645446],[-0.359810444963704,46.5528771459694],[-0.359252700787585,46.552730398957955],[-0.358891344178784,46.55275993666466],[-0.358533900354212,46.5529164355033],[-0.357544957996152,46.55363673027619],[-0.358961685500511,46.55487402152308],[-0.360005618537262,46.55555265275939],[-0.358159035701551,46.55681455807966],[-0.358045548060473,46.55705041339118],[-0.358326494804193,46.557390050850934],[-0.35829292076573,46.55760823904946],[-0.356439866397976,46.55912716042866],[-0.357302485426649,46.55953445134985],[-0.35761193926762,46.55980656121631],[-0.35821232161535,46.561151636901826],[-0.358393584627344,46.56142119890034],[-0.358580508946277,46.56152836855022],[-0.35854926434052,46.56174198195146],[-0.358786346461814,46.56276786024898],[-0.359222658937101,46.56361304531708],[-0.359097760879286,46.564108797512105],[-0.35703800361427,46.565690568135714],[-0.356471416974113,46.56569907930837],[-0.355028148061583,46.566091095055974],[-0.354309066363411,46.566381652507275],[-0.352669177752342,46.56663700368279],[-0.35168362014901,46.56718409706457],[-0.351035815754523,46.5673806174966],[-0.350427613240764,46.56775352078346],[-0.350814408029436,46.56796570428521],[-0.350934502030353,46.56813342485255],[-0.350680639923985,46.568764524108516],[-0.350658442689828,46.56974122774039],[-0.351288569485419,46.57021215320146],[-0.351629608070638,46.57074201333079],[-0.351562077100894,46.571470398819976],[-0.351640558913735,46.57272354119261],[-0.352064882409091,46.57352313842422],[-0.351769075957418,46.574088775257266],[-0.350058944037755,46.57545737844877],[-0.348983148953397,46.57587910656228],[-0.347954809020978,46.57611648253248],[-0.347871654231439,46.57623066988481],[-0.347049769960399,46.576573752088564],[-0.346286477531657,46.57701965943265],[-0.344208708149616,46.579895884683815],[-0.343977345758921,46.58006577025904],[-0.343442659240393,46.58031932017705],[-0.343099752134508,46.58039693049115],[-0.341430598356652,46.580119424828446],[-0.341009509992321,46.58013712559767],[-0.340812969656451,46.58023569094228],[-0.340652204826486,46.58095957561433],[-0.339873017683831,46.582191783899454],[-0.339984216410876,46.58255534460558],[-0.340299189060777,46.582810216703244],[-0.340838247610274,46.583776837751756],[-0.340936280231782,46.58569272151787],[-0.341060617929627,46.586078428897366],[-0.342294042290825,46.58792060907002],[-0.342354614048871,46.58814054607922],[-0.346386564932097,46.58959271080604],[-0.346629922457861,46.58957478125369],[-0.34887036370786,46.59003828805746],[-0.348962312878154,46.5905763452186],[-0.347291795471644,46.59111097673318],[-0.346827125659807,46.592291674445136],[-0.34578184777987,46.59357676078951],[-0.344870764058716,46.593643039843215],[-0.344744432271978,46.59373595405992],[-0.344686172502592,46.59387284265877],[-0.345384739938906,46.59462389444912],[-0.345243630123889,46.59556080420136],[-0.343694252138963,46.596048577740135],[-0.342431454454522,46.59628552900573],[-0.341800092068081,46.59650043099782],[-0.341223168120892,46.59683540803928],[-0.340681860803356,46.597005316939985],[-0.340088745427964,46.5973110194288],[-0.339972870338804,46.59772356286416],[-0.33991196085574,46.59817956458277],[-0.339563022808627,46.598906228884985],[-0.339051921294871,46.59941952146977],[-0.338044241618924,46.600896294490795],[-0.337254095729338,46.6016358125619],[-0.335514502920628,46.60243723483756],[-0.334976136055673,46.6025069915382],[-0.333902764475563,46.60244542371823],[-0.330743819683103,46.60451917636279],[-0.329992776724861,46.60566485947002],[-0.329698654064413,46.60590142482719],[-0.328899013260601,46.606339242231364],[-0.327691350256149,46.606669949418134],[-0.326212571011436,46.60767813411184],[-0.32445437746985,46.6099137746114],[-0.323358803024584,46.61240142517157],[-0.322339270559926,46.61217505903045],[-0.321098481676791,46.612158778449384],[-0.31993283659841,46.61236651409242],[-0.317612519754661,46.61300513520368],[-0.316899756625646,46.61311229934889],[-0.315173639911055,46.61380215059966],[-0.314911343105376,46.61348980852217],[-0.313084133749566,46.612907321495356],[-0.312775945221826,46.61272157273246],[-0.312561964259547,46.61215007803785],[-0.312970286817008,46.61172550541965],[-0.313007648201267,46.61158743846766],[-0.312837742097495,46.611524761986],[-0.312829650860858,46.611434873641045],[-0.313129387849201,46.61111708222228],[-0.312013616068423,46.61070505462489],[-0.311599699802609,46.61026461092458],[-0.311479821740889,46.609391186823416],[-0.310969255082512,46.60893100549014],[-0.310749418256353,46.60858498319642],[-0.308512360443721,46.607431186638046],[-0.307975659391147,46.606927588242215],[-0.306981127751387,46.60663638098264],[-0.303626217621415,46.60612850374262],[-0.302186983234545,46.60607178551684],[-0.300760215107308,46.60628505574964],[-0.29966676821257,46.606625688463694],[-0.299147130585636,46.60668211744269],[-0.298063850258795,46.6058968200912],[-0.297413682441664,46.60595700092751],[-0.297430810565425,46.60496697043514],[-0.299610770766858,46.604150752423166],[-0.299574509191211,46.6037038914361],[-0.297134459005949,46.60439241633997],[-0.296132637294449,46.6048637576599],[-0.29605264119929,46.603802623854186],[-0.294983809619822,46.603362050092706],[-0.293962261703518,46.604500840394806],[-0.293873034230774,46.6047332174001],[-0.29320195500155,46.60559245348228],[-0.291637940153074,46.606692747356846],[-0.290542623898422,46.60808416061906],[-0.289344111937583,46.60902431418763],[-0.288941874928879,46.609033164063035],[-0.288228508398525,46.607789248910755],[-0.285951505746244,46.606354995214005],[-0.281991513315899,46.60433179491802],[-0.280822268512076,46.60515115837553],[-0.280119518596099,46.605792225189674],[-0.279387960326253,46.6062160195729],[-0.27770028168648,46.6067879431775],[-0.275427392813564,46.60726212846212],[-0.273149852037813,46.60887642583967],[-0.272781788912805,46.609018521755985],[-0.271654144463662,46.6087290142032],[-0.269098522792149,46.60865690694795],[-0.268937976724713,46.608596603448504],[-0.268291552678482,46.60865470786829],[-0.266230702673183,46.60802408814293],[-0.266260636670345,46.60865317492286],[-0.265930071284236,46.60857068061761],[-0.264712595738507,46.607698787987324],[-0.264083580265468,46.60776358214195],[-0.26396468477278,46.60787421415377],[-0.26352344651205,46.60801746439365],[-0.263218643993238,46.6079937075253],[-0.262803433759132,46.60806952430927],[-0.261880953895827,46.6084959381846],[-0.261675861453997,46.60867390934781],[-0.261643606540928,46.60900827218017],[-0.261337917010431,46.609449554691864],[-0.261257498343714,46.61004934054692],[-0.261149392081665,46.61020922800626],[-0.260549288698791,46.610473244714164],[-0.258936926348027,46.610976048893654],[-0.25861284724283,46.61126374141464],[-0.258279022055859,46.61175988698593],[-0.2581117597105,46.61184935841219],[-0.25782235434174,46.61149350774753],[-0.257459567740933,46.61124428274637],[-0.257041912454113,46.611257964576104],[-0.25572976245867,46.61166476710818],[-0.255440286030866,46.611635146183445],[-0.25535867959319,46.61138603206773],[-0.255560470960591,46.61086841574963],[-0.255241222698579,46.61051611110115],[-0.255797403654044,46.61052282969142],[-0.256312750071409,46.61013147623468],[-0.256232371682157,46.60964080674149],[-0.255498109493368,46.60801339313578],[-0.255508344916705,46.60772562011463],[-0.25507321561279,46.60735948699037],[-0.254905987079632,46.6073182794676],[-0.254642252836869,46.60739066194275],[-0.254365221501136,46.60759049048668],[-0.253972801710347,46.6073916634421],[-0.25379149886246,46.607158899317355],[-0.253319164816273,46.60732912796906],[-0.252998538799079,46.60697505457165],[-0.253061758753636,46.606610977537976],[-0.252620895561538,46.606651438252264],[-0.252373965607878,46.606480015178825],[-0.251970152680539,46.60650590311808],[-0.251905173914793,46.60631579368088],[-0.252149816882193,46.606077238342635],[-0.251694157491643,46.606045118942546],[-0.251377915753523,46.6058297011198],[-0.25112887551001,46.605972852844246],[-0.250725848330083,46.60596807352799],[-0.250281444297855,46.60625555341816],[-0.250063404796892,46.60623921234815],[-0.249923765126696,46.606112502335854],[-0.250213368622261,46.605991633067546],[-0.250168278111802,46.60591541011903],[-0.249484501608958,46.605588757484846],[-0.249462172425352,46.60532443976022],[-0.24924560439469,46.605157555899645],[-0.249482706421307,46.60444248803461],[-0.249191160304919,46.60439939327248],[-0.248429337723343,46.60462648087513],[-0.248124109111083,46.60455132855035],[-0.248069379894844,46.6044231089971],[-0.248249951967302,46.60427199309762],[-0.248288363793966,46.60410508356312],[-0.247726087743772,46.60397323722745],[-0.247890194101602,46.60365586786414],[-0.247636626437334,46.60308809788775],[-0.248186054366685,46.60263272972686],[-0.24751274572108,46.602633804570075],[-0.247457256834443,46.602580405483124],[-0.247643389486859,46.60247869836644],[-0.247609344278683,46.60225887126722],[-0.247915610971195,46.60208887011295],[-0.248037485451532,46.60187453324568],[-0.248167192759862,46.60187896445016],[-0.248300006519139,46.60202299264702],[-0.248432662968142,46.60201111837905],[-0.248421449511374,46.60180145799969],[-0.248209978349664,46.60145689247195],[-0.248323462012255,46.60140861319647],[-0.248586819061028,46.60152730874476],[-0.24871013802914,46.60149046557054],[-0.24878996379043,46.60120702756273],[-0.249018535469646,46.60091846745218],[-0.249094215132516,46.60034676409046],[-0.248639765304567,46.600290267309006],[-0.248524966146922,46.60020700973646],[-0.248194965769978,46.599388173487036],[-0.245253572262867,46.59836401572406],[-0.243065074519139,46.59847559348675],[-0.242822768642387,46.59864377035706],[-0.241851326551819,46.59877491819267],[-0.241599897536158,46.59892172201945],[-0.24084638014298,46.599155735117535],[-0.240347984196589,46.599063501015266],[-0.239076682865972,46.59802345132228],[-0.238840243872361,46.59758765515697],[-0.238945386704457,46.59720167420459],[-0.238890014955283,46.59697433798409],[-0.238313950328022,46.59656527108248],[-0.238287099109009,46.59613616218602],[-0.237832695133196,46.59590389017025],[-0.237462823052288,46.59535651265942],[-0.237043816150241,46.594444639734796],[-0.235897543830528,46.59328386843825],[-0.234933079514521,46.593311125831306],[-0.233257345292192,46.59399650785594],[-0.232376875376342,46.59402948179475],[-0.231481390804614,46.5935455903463],[-0.230793203558077,46.59327212754529],[-0.229486166556643,46.59298998575821],[-0.227388094263394,46.59219843242406],[-0.225794974662768,46.591963065642375],[-0.225346244407987,46.591979313944194],[-0.224104123535003,46.59175476160924],[-0.22375869947729,46.59159506656634],[-0.223107401725425,46.59108260747828],[-0.22100241094041,46.590392069030976],[-0.220417600092265,46.590096712676484],[-0.219768965159782,46.58945168685998],[-0.219352080594202,46.5894534987353],[-0.218336988802366,46.59008223005756],[-0.216755682232499,46.591570370397456],[-0.215756742521131,46.59218600623256],[-0.215010787498418,46.59345509412336],[-0.215064185771988,46.593495950037386],[-0.213224501182906,46.59596907137571],[-0.21291236834411,46.596395077585605],[-0.212585970206483,46.59722160675009],[-0.212594517132,46.59791978094824],[-0.21165001257124,46.59888440670252],[-0.211033199787618,46.59899993567346],[-0.210392536324365,46.59928735385256],[-0.209757739307167,46.59938625763753],[-0.208402692480723,46.59977569624493],[-0.206570182866681,46.600493902641745],[-0.2043044655561,46.60091690198564],[-0.20365742424212,46.60114137702728],[-0.203085878083676,46.601426818519094],[-0.202185438351914,46.60241085344465],[-0.200940372699662,46.60227174021279],[-0.199462911648288,46.601938146151156],[-0.197016678410962,46.60116027459998],[-0.196081300909101,46.60061684806169],[-0.195372967711881,46.60037708101636],[-0.194143754545504,46.600039195753574],[-0.19247837464924,46.5997765420077],[-0.191273977526438,46.59883595379417],[-0.190159422710862,46.59849032558371],[-0.188237149026866,46.59808157103212],[-0.185744220844013,46.59683525975077],[-0.182893968240524,46.59761293732109],[-0.17750458817046,46.59760493232957],[-0.173361623541422,46.59778472073907],[-0.171528760419396,46.59807701800825],[-0.170629406760378,46.596934924839374],[-0.170625468223284,46.59684491789647],[-0.171134591014596,46.59656317282712],[-0.170989629981363,46.59625178171438],[-0.170445076747002,46.595768521197584],[-0.170183932528163,46.59577395025812],[-0.169929346809416,46.5959143711329],[-0.169604246999483,46.595921569615705],[-0.169181155877737,46.59525651110507],[-0.16759194155469,46.59335579030157],[-0.166365386166864,46.592293911516116],[-0.167260836198259,46.591642835456135],[-0.169645862224549,46.589298690471594],[-0.17008041971025,46.5887702919272],[-0.171920723393366,46.58742254157399],[-0.171461636820717,46.58669991328662],[-0.171520324342092,46.586563112928275],[-0.173680585973058,46.584338644452586],[-0.173851003402685,46.58331650516552],[-0.173818208342392,46.582597384419785],[-0.173304917517835,46.58139324233851],[-0.172749987699683,46.58068499161545],[-0.172587992542795,46.58001360906094],[-0.172679185247201,46.57915677763212],[-0.173036642148472,46.578428640170856],[-0.173976180270267,46.57755279005976],[-0.174870119316655,46.57712787786142],[-0.176159568907752,46.57678480283174],[-0.174908760415367,46.575146944732424],[-0.174481770157514,46.57439099619753],[-0.174212895665898,46.57421731975936],[-0.172898598319528,46.574021265346545],[-0.17225912244212,46.57430483662061],[-0.171995511855134,46.57426618398482],[-0.170067723454723,46.57349863967848],[-0.167616293640597,46.57269148979503],[-0.167255432507097,46.57163269838889],[-0.167333723198884,46.57088977542566],[-0.167126288297829,46.570603539735274],[-0.16720965696195,46.57021733684194],[-0.167608805511044,46.56966649193002],[-0.167612242272873,46.569366309329126],[-0.168023343495947,46.569133242569215],[-0.168109436074865,46.56883888198219],[-0.168389214576454,46.568482385281],[-0.168922922365318,46.56820086190359],[-0.169065003688304,46.56792567662756],[-0.169273336026677,46.56780095304339],[-0.169304949392359,46.567536036216524],[-0.169783193918914,46.56733444589153],[-0.169914780166017,46.5670586488938],[-0.170154409862018,46.566910527392125],[-0.170285796990921,46.56647432795815],[-0.170267491868977,46.566092741013534],[-0.170471343048614,46.56582395261064],[-0.170551448545297,46.56544955164207],[-0.171170485979738,46.564794371682694],[-0.171068201348945,46.56433941408192],[-0.171145832086274,46.56410205825483],[-0.171663857393721,46.56373173944394],[-0.17222055836139,46.563061158447645],[-0.173143719819803,46.56217764914522],[-0.173527664121753,46.56143525241866],[-0.173962917259992,46.56112489244258],[-0.174523890081664,46.56124540558037],[-0.175095105102255,46.5612502822526],[-0.174959270994081,46.561026957236486],[-0.174988056713274,46.5608260990507],[-0.174696294626861,46.56050526863494],[-0.174462460319728,46.56005756792232],[-0.174289913193844,46.56003351786481],[-0.174224264267813,46.55982626819837],[-0.17452287827208,46.55925655517416],[-0.174722206962479,46.55917983196171],[-0.174877128258689,46.55923771365765],[-0.174932246959999,46.559152375421256],[-0.174549993590967,46.55792928261272],[-0.174590757994766,46.55766501020947],[-0.174815806859052,46.55744699060488],[-0.174989522805814,46.55740161720995],[-0.174802015453767,46.55707609171035],[-0.174829832566078,46.55694825494379],[-0.175364171089608,46.55634406074164],[-0.175595044493746,46.55624843670105],[-0.175586414419453,46.556033296740615],[-0.175981396298894,46.55559337547323],[-0.176403405275059,46.55532572686278],[-0.176572820122243,46.55509482919991],[-0.17654140112889,46.5549145664046],[-0.176029408142806,46.55460255805958],[-0.17586391292777,46.554407993920705],[-0.175942791969317,46.55425981460028],[-0.176243864111516,46.5541361061427],[-0.176316386303425,46.55401333577779],[-0.17605520734736,46.55349971081826],[-0.176193572226752,46.5532516521593],[-0.176174175977462,46.55298634545156],[-0.176396845204797,46.55275036449642],[-0.177083167686193,46.55320712381283],[-0.178284045662324,46.552900711515115],[-0.179967529518532,46.55314140088149],[-0.180046142996214,46.55325726913208],[-0.180909208801066,46.5532729258181],[-0.18130233681698,46.55360714304083],[-0.181549289615342,46.553585856508654],[-0.181721737118048,46.55342966339252],[-0.181912388070448,46.55349555336595],[-0.182180722307695,46.55346015314218],[-0.182204270786513,46.553840694260956],[-0.182575206273017,46.553884445828196],[-0.182848781499936,46.55400570241665],[-0.183083566137134,46.55395501243564],[-0.183175140188986,46.553778537947245],[-0.183575186209131,46.55371694013823],[-0.184320711983787,46.553911571179604],[-0.184548074564758,46.55373401920255],[-0.185073325617724,46.553780676270144],[-0.185407081039621,46.554148975471776],[-0.186085498368025,46.55408953033055],[-0.186166260574366,46.55448740258575],[-0.186498871147893,46.5544565103434],[-0.186810409651694,46.55424416678145],[-0.187171986454333,46.55423950087294],[-0.187428882555932,46.5543657173955],[-0.187549454982792,46.554662449288145],[-0.188226032302944,46.554571501701744],[-0.189342837500868,46.554881917659586],[-0.190186008438092,46.55473584806341],[-0.190689485668851,46.554811924592904],[-0.190947499194644,46.554622690461485],[-0.191694280910486,46.55443694272485],[-0.191882348301265,46.554436201474594],[-0.192038032929149,46.55461840130345],[-0.192298848743305,46.55465528131567],[-0.192902739694979,46.554238305423546],[-0.197104833240567,46.55463281703518],[-0.197992829874978,46.55460529344437],[-0.198751621514147,46.55466879023586],[-0.198736430459517,46.55458810875538],[-0.199667425439793,46.55384743690979],[-0.200385142557472,46.552790100622296],[-0.200612452439305,46.55281257889876],[-0.202526322361743,46.551216191253474],[-0.203113661610372,46.550120129255795],[-0.204753165365193,46.547659936267],[-0.204993129417595,46.54685476336212],[-0.205439948262369,46.54592483648328],[-0.206192571823359,46.543622841783375],[-0.206404412641761,46.54118730579125],[-0.207723746330437,46.53593694226208],[-0.20819846563786,46.53570463703401],[-0.207578439347057,46.53351411917048],[-0.207703477474338,46.53182358755193],[-0.207626004042977,46.530219842975136],[-0.207435569038026,46.529602463532264],[-0.206928810175526,46.528735314801224],[-0.205148524705125,46.52845900112057],[-0.20200086672146,46.52871030345782],[-0.20065806524536,46.52872356603509],[-0.196048084447519,46.5282424107896],[-0.194949049138223,46.52815957572721],[-0.193013228986288,46.52816859003259],[-0.190877516281184,46.52788576013911],[-0.188830441602569,46.527823010579546],[-0.188640859954525,46.527127179295455],[-0.18817064465249,46.526321118426196],[-0.187670101995683,46.525799773123424],[-0.187343203392342,46.52556827124342],[-0.186112205578471,46.52508079740786],[-0.184943873370901,46.52443656252719],[-0.183921869742155,46.523369193570545],[-0.181900272384869,46.52197367450207],[-0.179736595352607,46.52031172072071],[-0.178406346328966,46.51912671474452],[-0.177312601427132,46.51924272887134],[-0.177181926487581,46.52029262602048],[-0.17667538039458,46.52074016741356],[-0.172292057242786,46.51886667648289],[-0.171399301133337,46.51963220986509],[-0.170673146255955,46.519985784997026],[-0.170130820722711,46.52015582588195],[-0.16861831719684,46.52043476341838],[-0.16781496898936,46.52051650272432],[-0.167470388255918,46.52045035140718],[-0.167592704759841,46.519949515786706],[-0.16842556774588,46.518220518112706],[-0.16965892519748,46.518103421699614],[-0.170016255632995,46.51877029503781],[-0.170469968234983,46.51871535840343],[-0.171949682423906,46.51827779666745],[-0.172145235812923,46.518273271989685],[-0.172349976751305,46.518493785577725],[-0.172943248161774,46.518616102398255],[-0.172984860661385,46.51812020270143],[-0.172476747559567,46.51679245530742],[-0.172225934786023,46.516228971848065],[-0.171805273041034,46.51581979551506],[-0.172860352799135,46.51542193663524],[-0.172407823654971,46.51386014319988],[-0.173729941603987,46.513363845154124],[-0.174894317324964,46.512781794710314],[-0.175096688017113,46.512491402184864],[-0.176080695064008,46.5118386495931],[-0.176041467662296,46.511613544104755],[-0.175169688245194,46.51038422607446],[-0.174970717922985,46.509747213831865],[-0.174412897848633,46.509358078295726],[-0.174520954808917,46.509039665533045],[-0.175272954384889,46.508393361246156],[-0.175134712614453,46.50821606486169],[-0.174463261662836,46.50778052159024],[-0.174519288316261,46.50759963137332],[-0.175385867610825,46.50659057350477],[-0.175820342260088,46.50578186130386],[-0.175474796340834,46.505697739513714],[-0.174957093445055,46.505302085772165],[-0.174543232630071,46.50525500484714],[-0.174002052579211,46.505083491032515],[-0.173710783241223,46.50469866608992],[-0.173350344803596,46.50462756815129],[-0.173184968536801,46.5041184888866],[-0.172917708632385,46.503988929756936],[-0.172002716698029,46.5039197037625],[-0.172435326716588,46.50341475310995],[-0.172363624018598,46.50328156687266],[-0.171833091291789,46.50306829382397],[-0.171825223817371,46.50288827689516],[-0.174973640354001,46.50052358147701],[-0.175473962205197,46.500061795314174],[-0.175507658403839,46.49938587632729],[-0.176119584213219,46.497122232291076],[-0.176427063923776,46.49671085900958],[-0.177554813249003,46.496066704592735],[-0.17917440450503,46.49461581688547],[-0.179332660133417,46.494599698634495],[-0.179751532117594,46.49435373682416],[-0.179663828221247,46.49410294529492],[-0.1800860634037,46.49369107110599],[-0.182396173637483,46.49202355509093],[-0.182675916996408,46.49174180417792],[-0.182537376384224,46.49122387788825],[-0.182375380499435,46.491019315219695],[-0.181865874225621,46.49103080060125],[-0.181741910347263,46.49091890106348],[-0.18174235009465,46.48994290784573],[-0.181583207055194,46.48980945820362],[-0.181623657179123,46.48938477594119],[-0.181539282922392,46.48912397989923],[-0.181361905893426,46.48899103772325],[-0.183894055353422,46.488582563461975],[-0.186992382976566,46.48768241528936],[-0.186690242264564,46.48742409152777],[-0.186948597351976,46.48717897262181],[-0.187435979243481,46.48699054712565],[-0.188053242306617,46.48605591799309],[-0.188405976596648,46.485238611944425],[-0.188450001609915,46.4847867900039],[-0.188153111610739,46.48258806856962],[-0.188285342181346,46.48123530145298],[-0.18851561341655,46.48059984617375],[-0.188445203873337,46.48046663316394],[-0.188797423370842,46.47999809796346],[-0.189030432795241,46.47934273864348],[-0.188904135262906,46.47834324211699],[-0.18865561854701,46.47795275520908],[-0.188782275073676,46.47708498059614],[-0.188678732003156,46.47667512673787],[-0.18872573392016,46.47616284110052],[-0.188919277818187,46.47565818006811],[-0.189445914073975,46.473087706094816],[-0.189638879768574,46.47286332904353],[-0.19030300368537,46.47086036309271],[-0.191143113678023,46.469324698260934],[-0.191411734578741,46.46843222403294],[-0.192369310408089,46.46830272816795],[-0.192801241523232,46.46835103471422],[-0.195698874591692,46.469255902852204],[-0.19890832502285,46.469182283149514],[-0.19964234714363,46.468466001228435],[-0.20003553139131,46.467853889301594],[-0.200280778537181,46.46618791823436],[-0.200291619700532,46.46521702745112],[-0.200660369494677,46.463855802325824],[-0.200986267536126,46.463431217422965],[-0.20257537861741,46.46230973700048],[-0.203102997576918,46.461500985614336],[-0.203152578795885,46.46125717299653],[-0.203038705179071,46.46091701084827],[-0.202103715358966,46.45958512762949],[-0.202155729263969,46.45938270228575],[-0.202349141313857,46.4591898298373],[-0.202377599593211,46.45871950820622],[-0.20259543863938,46.45840969580589],[-0.203341762451202,46.457994939647605],[-0.204010663985116,46.457971668042155],[-0.204595213545035,46.458021954308094],[-0.205297715174012,46.45830413970937],[-0.205994138204052,46.45830531765052],[-0.206670448026648,46.45800875926013],[-0.208317857685431,46.45704055958822],[-0.208353387503212,46.456780015757566],[-0.208267285218306,46.45664635365985],[-0.208014706469861,46.45652007207986],[-0.206119093458398,46.456083057814226],[-0.205748878760405,46.455774427234346],[-0.205606544252447,46.45534945232531],[-0.205669456604289,46.45506651210928],[-0.206005653027404,46.45472993814615],[-0.208046471272054,46.454022855504206],[-0.208325242427766,46.45388525030215],[-0.208806280684575,46.45344005831603],[-0.209556648529788,46.454203915274135],[-0.210814826728925,46.45477775577713],[-0.212597036626794,46.45508270221775],[-0.213394378958103,46.45542525395965],[-0.21371993777999,46.45541789437991],[-0.213767781612831,46.45505696797401],[-0.216505220156461,46.45570536080059],[-0.217187059315886,46.457051476999574],[-0.217250093729682,46.45758952232513],[-0.217797783423782,46.457921054265434],[-0.218823799884841,46.45884471164329],[-0.219037141574622,46.45974170506057],[-0.219252903426629,46.4600167987779],[-0.21961618377457,46.46027241277534],[-0.220461551210345,46.46065321735042],[-0.220771063041851,46.460969823731716],[-0.220553074644576,46.46156265585973],[-0.219917941660741,46.462401562559386],[-0.219900267177002,46.46261023913286],[-0.220287803311283,46.462702049540596],[-0.220609761169386,46.46300839235646],[-0.223247887603873,46.46322595683737],[-0.223771940767317,46.46353109337674],[-0.223927819335127,46.46374118027588],[-0.22647053022324,46.4648580664432],[-0.22675112480748,46.46479516547448],[-0.227351673962946,46.464981869446916],[-0.227709426036098,46.46485640482255],[-0.227580459838478,46.464528405046174],[-0.227976839167255,46.46415221320627],[-0.228082205399438,46.463596794455],[-0.228526103225244,46.46356081521899],[-0.228507999634521,46.46369560704655],[-0.228594973215727,46.463732801520955],[-0.229173114043653,46.46371735731993],[-0.229453056765251,46.46344538742689],[-0.229830398075228,46.46345274071356],[-0.229863181143242,46.46308141663999],[-0.231141365805455,46.46266495024661],[-0.231878608004589,46.46227549433012],[-0.232664347104033,46.46208833416178],[-0.233102522905373,46.461472118906954],[-0.233852671191623,46.46083895689897],[-0.234167214776958,46.46075524884704],[-0.234245149243235,46.46055207153047],[-0.234663523172063,46.46035006630742],[-0.234580038752744,46.45990993598922],[-0.234763553853943,46.4599038366937],[-0.23541325064783,46.45955648913922],[-0.23557006950995,46.45927627510627],[-0.235542279587721,46.45918153397699],[-0.235319165241705,46.45913558497283],[-0.235320743495078,46.459074257826906],[-0.235726459734141,46.45898886324595],[-0.235845497241058,46.45862140041628],[-0.236098573669206,46.458644870176144],[-0.236198666171639,46.45857354151725],[-0.236375893402615,46.457758328539185],[-0.236205696466086,46.457571193653386],[-0.236242965764683,46.45745207855474],[-0.236406406741802,46.45732758516654],[-0.237036799868972,46.4571610168398],[-0.237493545800692,46.45666141309726],[-0.238610074241059,46.45609533232494],[-0.238738339300605,46.45575193666116],[-0.239088378614414,46.45554193836638],[-0.240139500141315,46.455170556794606],[-0.240971627894132,46.45512981860522],[-0.241945462501503,46.45543292048345],[-0.242428423579676,46.45568236270038],[-0.242775002109929,46.45602850136055],[-0.243032848750221,46.45604461031842],[-0.243422961732635,46.45582895413417],[-0.243511001187724,46.45555518724751],[-0.244022134222418,46.45498461663001],[-0.244046990547096,46.45483250602542],[-0.244776600779888,46.45451527500531],[-0.245480426279999,46.45442227393115],[-0.246500218135549,46.45486191750634],[-0.247409108764701,46.45486220814052],[-0.247946542167137,46.45460269229287],[-0.248120258918956,46.454322879152876],[-0.248498743607476,46.45424091586502],[-0.249016364451047,46.45391166318066],[-0.251369297581454,46.45284974097905],[-0.252271713990171,46.45282944824661],[-0.253600805840859,46.452311232623835],[-0.255191260800568,46.451934251533956],[-0.25582234694172,46.45204333045588],[-0.2561446573281,46.451981868492965],[-0.256919722482812,46.45203456445815],[-0.258082081090099,46.45171661630508],[-0.258970284164407,46.45176426745291],[-0.25938122332552,46.451680439550614],[-0.259702639297914,46.451865928477545],[-0.260066309272897,46.45173297897808],[-0.260367860467567,46.45173878827831],[-0.260452060980692,46.451794963558434],[-0.260314907303468,46.45198723597565],[-0.260381657954825,46.45212231615265],[-0.260661340419967,46.45215488471945],[-0.261305326682999,46.45197787688477],[-0.262222513922927,46.451310904144705],[-0.262712467009073,46.45110944950561],[-0.262741601651716,46.45085537238259],[-0.263340486720534,46.45081843010816],[-0.263750291258464,46.45069406330665],[-0.264376805320967,46.450225539193355],[-0.264757220270924,46.450198440163284],[-0.265119204427716,46.450277310542106],[-0.265153001750992,46.450384491330524],[-0.265590564803477,46.450658567746],[-0.265483011247743,46.45093111088683],[-0.265770814975112,46.450990471426564],[-0.265616930825177,46.45116430357629],[-0.265668091889306,46.45151792397969],[-0.265478871941442,46.45162427323005],[-0.265556631958964,46.451790578842775],[-0.265189258828555,46.45186146740482],[-0.264999290676773,46.45206426849957],[-0.264614824249067,46.45202389177339],[-0.264466393310953,46.45211465336422],[-0.264179864132963,46.45259959394322],[-0.264087264665117,46.45288252259579],[-0.264163336986457,46.453303924435716],[-0.263861374068303,46.45383616884477],[-0.263712530987557,46.453985520744496],[-0.262900933676232,46.45439083536746],[-0.262506157606984,46.454788741404776],[-0.262223314634199,46.455553851754225],[-0.262065345297924,46.45661910675464],[-0.261620716399822,46.457426687943965],[-0.261575823363147,46.457831718901396],[-0.2613962994751,46.45790443818051],[-0.261294102695032,46.458572460646096],[-0.26135072090908,46.45925757672481],[-0.260532694210625,46.4603858366742],[-0.259922213611261,46.46081963050482],[-0.259841031945428,46.46181779978601],[-0.259506722733637,46.46231220013323],[-0.25965956257562,46.4624691566976],[-0.259971922523542,46.46245843819271],[-0.260137514807956,46.46324318281316],[-0.260938372692509,46.46400798768801],[-0.260865933786159,46.46436694053888],[-0.260939480157275,46.464397284637826],[-0.261079546609999,46.464296854308685],[-0.261147551498423,46.46434357853285],[-0.261137157341921,46.46451871271556],[-0.261257748447298,46.46463783562673],[-0.261193833011426,46.46498663183445],[-0.261631007823594,46.4651435775646],[-0.261807780841324,46.46598387691054],[-0.262308277901886,46.46647967445076],[-0.262397065914645,46.46698272487445],[-0.262818353243904,46.467396969219884],[-0.263059950883547,46.467837975382956],[-0.263594207642715,46.468003856608576],[-0.26392822010556,46.468659415500554],[-0.264485342203185,46.46879309656185],[-0.265270126510802,46.469156387592214],[-0.265955622704575,46.469952397005876],[-0.266529449237411,46.47014687426897],[-0.267685524669567,46.47111146280074],[-0.267690450786193,46.47215133628411],[-0.267958913243546,46.47273485980999],[-0.268385803884561,46.47319759160712],[-0.268447081954832,46.473588772635104],[-0.270662134427818,46.47352536967609],[-0.27077483854728,46.4745125907399],[-0.271225504778868,46.47576230430776],[-0.271882343441925,46.475882281383456],[-0.272216211196463,46.47605476585745],[-0.272061640153535,46.47691355676116],[-0.273040296772901,46.47828692852145],[-0.275407134978479,46.478727382697144],[-0.276266229412201,46.478977622041754],[-0.276741331496366,46.47937225196318],[-0.277802444724092,46.48059542034196],[-0.277460915368465,46.48079537838114],[-0.277405311760956,46.48097721936775],[-0.279161829647423,46.482286769377325],[-0.279276485215106,46.484669933800795],[-0.280164313430197,46.48550422004458],[-0.280427460058877,46.48556245447881],[-0.28125558608332,46.48412554494882],[-0.281941104412464,46.48272607020135],[-0.281988565075444,46.48245253506203],[-0.283838407366153,46.481193529715725],[-0.285043105148976,46.480249550882014],[-0.285880376735185,46.479746916573575],[-0.28616773616296,46.47893024449182],[-0.289217651703527,46.478235036173736],[-0.289739896891219,46.47705289805756],[-0.290061167813222,46.47671289197715],[-0.290726943982426,46.47652608465197],[-0.291852042258214,46.47647113672427],[-0.292349508811757,46.47721293737207],[-0.292414865081765,46.47753910379054],[-0.292936311354376,46.478029667323405],[-0.293459642138285,46.47827053175604],[-0.293631800026464,46.47863687782779],[-0.294327118302886,46.47952167044772],[-0.294233270411852,46.47978213056493],[-0.294628497121433,46.479953684018795],[-0.294502318699257,46.48030520047519],[-0.294633554520178,46.48096562748686],[-0.294640359691728,46.48207124902838],[-0.294892396429582,46.48270115481313],[-0.295162465576016,46.48298176131738],[-0.295246256597353,46.483418246932345],[-0.295423698257489,46.48372045057845],[-0.295573838628204,46.48477957938913],[-0.296381833496157,46.48573501299164],[-0.297842852356828,46.4867220634459],[-0.298084453413251,46.4872432148424],[-0.298005377253695,46.487834005685585],[-0.298156876005641,46.48826763403407],[-0.29935488678654,46.490103114410175],[-0.299627838654524,46.49012857812485],[-0.300843541763715,46.489927636141196],[-0.302804108628054,46.48896974039656],[-0.304635767247678,46.488383243663705],[-0.305076667536556,46.48799377181698],[-0.305153758028552,46.48737148789337],[-0.30559821778495,46.486438462056206],[-0.304049629566372,46.483556926941745],[-0.303915674921035,46.482164778260554],[-0.302861388446773,46.48056942494435],[-0.300794625684703,46.47834631863183],[-0.299965484291581,46.47706257421474],[-0.299243947681375,46.4761551388197],[-0.298504846122403,46.4749138466832],[-0.297819615763845,46.47344117904687],[-0.297240769261482,46.472648576676],[-0.297198955482882,46.47243168373154],[-0.297470472473775,46.470925083866035],[-0.297377785506671,46.47016891567337],[-0.297184492538147,46.4692804657336],[-0.29650069868523,46.4676356136332],[-0.296030343156357,46.466198192475616],[-0.296175505201374,46.46499625502497],[-0.295954410313339,46.46403560532784],[-0.297412873894376,46.464299926398766],[-0.297415915898017,46.46368158732768],[-0.297589323660413,46.46322776233197],[-0.298564802949341,46.46320499872236],[-0.301968855297895,46.46279659931169],[-0.302926859043255,46.46177482414728],[-0.303759784041904,46.46034659218718],[-0.304023346279032,46.46011185325147],[-0.303757817004524,46.45934536646317],[-0.303895431154458,46.4585816357872],[-0.304147060148173,46.458193128620756],[-0.304989992581659,46.45766313652573],[-0.305640964982898,46.45684939495948],[-0.3063040242698,46.454923161073474],[-0.307528771480845,46.454669589227116],[-0.309063902729331,46.45409427634016],[-0.310136299944306,46.45339356522383],[-0.3107570045799,46.45274920127992],[-0.311014719344818,46.45269846834942],[-0.31528422215844,46.4534542011217],[-0.315806497021375,46.45348680183671],[-0.316055874514345,46.453256049358835],[-0.318336177167251,46.451942468156254],[-0.318685453352584,46.451832277600346],[-0.319094265460236,46.45227192206435],[-0.319332178469475,46.45232448854404],[-0.320457020765877,46.45135267598969],[-0.320792328940394,46.45157004010732],[-0.321122026222681,46.451652378423894],[-0.321874182450743,46.45104918857105],[-0.321462699079699,46.45060873004197],[-0.321836777050018,46.4502851118257],[-0.322155372701246,46.450142456326965],[-0.322213590347327,46.45000647538314],[-0.322008501194129,46.44978622794749],[-0.321998844487488,46.44960625798869],[-0.323088700984066,46.44861831021985],[-0.321655867119469,46.447571290022005],[-0.323213525191051,46.44647239255318],[-0.324332695209106,46.44541057491797],[-0.324803469713205,46.444364025334686],[-0.325014020888137,46.443369214285],[-0.324994400319404,46.44161413692949],[-0.325878010313425,46.441053049708486],[-0.327910395719422,46.440089855780855],[-0.328450900716537,46.4405941235264],[-0.32994397436319,46.439788113411346],[-0.33106599259551,46.43931105588534],[-0.331245981789037,46.438992164750836],[-0.33187460445524,46.43852679247933],[-0.332268059751783,46.43860813720719],[-0.333287229374941,46.438134058835004],[-0.333403528338316,46.43786118541645],[-0.333595667784894,46.43646132202699],[-0.334059672392728,46.43663072606261],[-0.33730816860098,46.43462601605084],[-0.337494175308173,46.43436371703019],[-0.338019361899688,46.43414827846648],[-0.338872255691466,46.43423959551231],[-0.339344155436863,46.43398425122815],[-0.339671055813412,46.43400082340346],[-0.340478208811262,46.43445217055956],[-0.343250901849454,46.43555885966155],[-0.346446415350987,46.43696853313022],[-0.347562590007993,46.43688803701279],[-0.347920449105793,46.43668647239808],[-0.348041545315721,46.43625932406826],[-0.347856190881389,46.43578798939584],[-0.347841719854113,46.4354459315946],[-0.348188072960372,46.43420734224955],[-0.348446190740159,46.43384647260111],[-0.348590287611556,46.43339070906977],[-0.348700327475201,46.433272118113045],[-0.349046157882702,46.433151114984646],[-0.349032804624293,46.433039749322525],[-0.34877579904967,46.432930125076616],[-0.348794250873846,46.432848469407304],[-0.349238678015189,46.43280478573854],[-0.349513540224309,46.43326898538796],[-0.34970830607703,46.433426399470754],[-0.350119679535431,46.43339630033567],[-0.350374996130883,46.43354202209398],[-0.350544144399458,46.43338834717008],[-0.351347663480075,46.43320613305033],[-0.351850447940325,46.432945321861155],[-0.353420068158764,46.43277844547432],[-0.353522964527408,46.43286194437047],[-0.353551750981892,46.434263477963036],[-0.353774687022489,46.43443357693882],[-0.354702186472911,46.434232374737746],[-0.354914021101277,46.434455071689484],[-0.35504146120538,46.43487402264526],[-0.355219945764075,46.43495710086103],[-0.356720920281224,46.43500850404842],[-0.357455777746142,46.435235642082546],[-0.358214369128412,46.435869453160876],[-0.358803283340881,46.436139631540684],[-0.358928954843196,46.43638108004799],[-0.358837155048303,46.436965103317604],[-0.359078670334374,46.437224773394114],[-0.359415982249688,46.43738879240733],[-0.359635955334114,46.437425579347575],[-0.360291686878205,46.43731975499321],[-0.360470970630652,46.4375848594514],[-0.360717658529655,46.43752622398182],[-0.361270019665139,46.43764695368954],[-0.361490734081635,46.43754762270655],[-0.361917330216203,46.43748909397811],[-0.362214110376382,46.43754524441878],[-0.362342627464313,46.437472961854425],[-0.362448585680138,46.43747885339405],[-0.362542232856982,46.43760227337071],[-0.362859823707741,46.43753072919378],[-0.362721237513806,46.43737618743215],[-0.36301076378647,46.43712431305033],[-0.364024475134745,46.43703135253054],[-0.364186093997039,46.43713654501745],[-0.36406407038372,46.43731408775549],[-0.364234927699283,46.437822779903335],[-0.364491926519426,46.438121639201356],[-0.364777646974388,46.43825201384812],[-0.364787942070925,46.43844007724857],[-0.365369054274808,46.4391322511182],[-0.365646914137102,46.43902942473454],[-0.365910791938369,46.438742248068124],[-0.366552350097284,46.4388080485998],[-0.366683600196151,46.438526584029496],[-0.369448947655529,46.438974039809935],[-0.372651740970487,46.43968519915864],[-0.374098405907084,46.43900343859291],[-0.374617379782743,46.43944775072653],[-0.376459950174898,46.43869657215294],[-0.37725385055489,46.438506348644076],[-0.37762864364139,46.438706159339034],[-0.377626390272195,46.438985623779224],[-0.378489452791923,46.43982801858576],[-0.377492732322025,46.440048586084146],[-0.377428166026561,46.440290237691784],[-0.377412281157578,46.440391651355874],[-0.378339517658918,46.44071210857218],[-0.378165424492091,46.44112193685938],[-0.380811709400839,46.44195839707521],[-0.380466465902541,46.44286720149143],[-0.382178917880195,46.44327613362214],[-0.384411298196863,46.44424735194437],[-0.383604732004464,46.44566374655027],[-0.383400624173657,46.44561031103314],[-0.383059345548215,46.445699738015016],[-0.382878199070621,46.446815488629966],[-0.382361794870463,46.44822327348583],[-0.383436089003363,46.44887281219759],[-0.383634165813564,46.448912907459416],[-0.38462758519961,46.447943420571015],[-0.384822924074174,46.447939431889814],[-0.386464288904098,46.44867036926971],[-0.388198471834254,46.44669647130864],[-0.388997301398152,46.4456398848965],[-0.389596893700862,46.44462976565782],[-0.390104843429676,46.44348807198394],[-0.393149453366518,46.444204270577885],[-0.394583525463665,46.44497730443791],[-0.39496117115299,46.44530495972323],[-0.396827603597799,46.44770185374062],[-0.398235764315588,46.44832870598067],[-0.398908561704465,46.447491205747326],[-0.400806490157392,46.44802593347063],[-0.402758209023373,46.44802185621236],[-0.404322463547532,46.4482861691206],[-0.405233111531248,46.44852399180067],[-0.406292945706511,46.448979075207],[-0.407314250550342,46.44958942082189],[-0.408395636304241,46.45043049884745],[-0.407129792935172,46.451228975326714],[-0.40707329378565,46.451410019224504],[-0.408892784802494,46.45262653698968],[-0.407803092531738,46.45296821076951],[-0.407958964341536,46.45345927118725],[-0.408221845986815,46.453429793306476],[-0.408612827525673,46.454010273382224],[-0.407716605427404,46.45446423926809],[-0.407462134002857,46.454795398851346],[-0.407560404541389,46.45645175109936],[-0.408116844238379,46.456862358148456],[-0.40820351389906,46.457080588670294],[-0.408027909200039,46.45786004277868],[-0.407377151557192,46.45775598607073],[-0.407091654410025,46.4587180750481],[-0.408381172100456,46.459255519630545],[-0.408388304127096,46.45939050105386],[-0.407267673219466,46.4604081584267],[-0.406283007912529,46.46155694188572],[-0.406126270916217,46.46232591424809],[-0.40783369652407,46.46259944019497],[-0.407596114890904,46.46305537445011],[-0.407926012357212,46.463137462062456],[-0.407996783904254,46.46322638081107],[-0.406709391753028,46.464833044309295],[-0.40629215479685,46.46560798429604],[-0.406045053218712,46.46714394748428],[-0.405529054398913,46.46855183251565],[-0.404864056297718,46.46955857466734],[-0.403863424493647,46.470392353119195],[-0.403990025664769,46.47160532353847],[-0.404550211177445,46.473661597456925],[-0.404762848181405,46.47401667709332],[-0.407089855265769,46.475619186143135],[-0.406846490410328,46.476463745428894],[-0.406578766389832,46.47656366189377],[-0.407256665204155,46.476868809363786],[-0.406548107397754,46.477388357033036],[-0.406513135995013,46.47760120353211],[-0.406812392219475,46.47777614229397],[-0.40702223065956,46.478127696704114],[-0.407077728580016,46.47874432768039],[-0.40694573489669,46.47878251356995],[-0.406777396924535,46.47957526307469],[-0.407772507971948,46.48069653131124],[-0.407400240788334,46.481065448725296],[-0.408183192625121,46.481735185899424],[-0.408593669005495,46.48166435489547],[-0.409597413603574,46.48175427274732],[-0.410331140533502,46.48167829349259],[-0.410622489485042,46.48189311615168],[-0.412731318057257,46.48233666366643],[-0.415850656689062,46.48239395077487],[-0.416211826377481,46.482473280408584],[-0.416631090318025,46.48277168899998],[-0.417341102557839,46.48267113783174],[-0.417637964999655,46.482702815435275],[-0.418817539510514,46.48311997158113],[-0.419089220757487,46.48335338836789],[-0.420181200031937,46.48389212402034],[-0.421135553192329,46.48408797157661],[-0.42082192082886,46.4846624770941],[-0.419677825194252,46.48603876095173],[-0.419044298618938,46.48654802771872],[-0.42032736605804,46.487261304263555],[-0.421697137834644,46.48779621756461],[-0.422828999463177,46.48861494156645],[-0.423095141428291,46.48830232910101],[-0.424706614645193,46.48724187670712],[-0.425308449277452,46.48666502867746],[-0.425717060259578,46.48612822052443],[-0.426217612642177,46.485704921060446],[-0.426394028238981,46.48537696463494],[-0.427029293015018,46.4847513346205],[-0.427237769004416,46.48414481412817],[-0.42786962019859,46.48338228317865],[-0.427844156050593,46.48310184118201],[-0.427946763648794,46.482969876180874],[-0.428107632263822,46.482892944776694],[-0.428342727403532,46.482917435297125],[-0.428865251159787,46.48261604023185],[-0.430017517625789,46.4822867230602],[-0.431049958947577,46.48175369304033],[-0.431500201424625,46.48071899225803],[-0.431336227998452,46.48049769056375],[-0.431497252305945,46.48019542338155],[-0.431502458583406,46.479905047167115],[-0.43117265017846,46.47966078639844],[-0.431101762700327,46.479467332724184],[-0.431340635075223,46.479054570880194],[-0.433912406042931,46.478892566381845],[-0.434163527956794,46.47923382216899],[-0.434317370547583,46.478465791391194],[-0.434963177811783,46.47724403127664],[-0.4350536924062,46.47627871448244],[-0.435363752229451,46.47527795271261],[-0.436292283368756,46.47349247366735],[-0.436318290710188,46.47255973957026],[-0.436153248751591,46.47176254144408],[-0.436174047578722,46.470809233795315],[-0.436606590351897,46.46957945413656],[-0.436474262250023,46.46868032536539],[-0.435931101818105,46.46794768080369],[-0.435993176047253,46.46769074316489],[-0.435806390095014,46.466589556635576],[-0.435756012971001,46.46531391883837],[-0.435888472360681,46.46474571480423],[-0.435502916939936,46.46371900728741],[-0.435387248338878,46.46264902894594],[-0.434755406912782,46.46183252258695],[-0.434297399877294,46.46191209318735],[-0.433896492584125,46.461821400376444],[-0.434165420123994,46.46116256897744],[-0.433957626958559,46.46088670851478],[-0.433954202149665,46.46035594119746],[-0.433515049484681,46.46034120603372],[-0.433343436242836,46.460225590792746],[-0.433655763595626,46.45936536513514],[-0.434060259300895,46.45918195270494],[-0.433927260862483,46.45825039458705],[-0.434096764884595,46.45818761324231],[-0.434327399156793,46.45822574221488],[-0.43444693909508,46.45834292213402],[-0.434411470728388,46.45862880236727],[-0.435169947267658,46.45884753785792],[-0.43515413899955,46.45861727840185],[-0.43531728601276,46.458329359281045],[-0.43528546321089,46.458134732655125],[-0.435125565488772,46.45797730748062],[-0.435222786436027,46.457822962794005],[-0.435090679047835,46.457671912000045],[-0.434782163393621,46.457536082120036],[-0.43498872312141,46.45731625825185],[-0.435486941906514,46.45737878191883],[-0.435701094224106,46.45730023375335],[-0.435757334470368,46.457116477064176],[-0.435505742816316,46.45682841770555],[-0.435695495538067,46.45669382112006],[-0.435867122277946,46.456395731314075],[-0.435708750962305,46.45617967597861],[-0.434929276929629,46.45624819293908],[-0.434663328386562,46.45610477324807],[-0.434575579101175,46.4556846989408],[-0.434631538202161,46.45549644473573],[-0.43513877601396,46.45530903549477],[-0.435211433999854,46.455199593742954],[-0.43500853861446,46.455104751239006],[-0.434997878984757,46.45483197525552],[-0.434661310065032,46.45470600252942],[-0.434546814229389,46.454585967337955],[-0.434399862822669,46.454012648579166],[-0.433846656066799,46.45371833589837],[-0.434268351440812,46.453228860260225],[-0.434283220550944,46.45298866480838],[-0.433955773575572,46.45282095576867],[-0.433323986893157,46.45276965371777],[-0.433295836056145,46.45217743914225],[-0.433454448767688,46.45194193436912],[-0.433872526663379,46.45172656648967],[-0.433903241323538,46.451468769622686],[-0.434246110353768,46.45132235909215],[-0.434736886104189,46.45093625614675],[-0.435392922382905,46.4508966891455],[-0.435510206043444,46.45058491201295],[-0.435900156580076,46.45054433536784],[-0.435920110576444,46.4503021837161],[-0.435693786712941,46.45000074660515],[-0.435714938589517,46.44986040699715],[-0.435968675338207,46.449810409346135],[-0.435952360060612,46.449613513395896],[-0.436075310702765,46.44945388635758],[-0.436671905573007,46.44936112045857],[-0.436816283481651,46.4490449207496],[-0.437265609042497,46.44874657930608],[-0.437317089976952,46.44863236543359],[-0.437262514407281,46.44840777948187],[-0.437043947787025,46.44814667041671],[-0.436873443211963,46.44753080016208],[-0.437058345633805,46.44684384225922],[-0.437067225725422,46.446301886792256],[-0.43645660403521,46.445550549539725],[-0.43609178422105,46.4452857296726],[-0.436067378055783,46.44508457060348],[-0.435868238194174,46.4448210723745],[-0.435927411554121,46.44468409473686],[-0.436418707185409,46.44455574140596],[-0.436667413876522,46.4442607361048],[-0.436706152657011,46.444068491838664],[-0.436379914578843,46.44307064668678],[-0.436389102594285,46.44271975992262],[-0.436111953404866,46.44254243251441],[-0.435890539914684,46.44175954828351],[-0.436207261398901,46.44163374553178],[-0.436153138943655,46.44129197500911],[-0.436313122345664,46.4410582259132],[-0.436475268222427,46.44096231215201],[-0.436930722651274,46.440907139457956],[-0.437222130949477,46.44064870159865],[-0.437350692195974,46.44028881196584],[-0.438008721000813,46.44003465354625],[-0.438172939524733,46.439826911964474],[-0.438132051510868,46.439529808980446],[-0.438371871989504,46.43944597366839],[-0.438839826138191,46.43946522538328],[-0.439449472839744,46.438898858586825],[-0.440266227692113,46.438970685650034],[-0.440533329015092,46.438657990913164],[-0.440425526794344,46.43851973390226],[-0.440469357783722,46.43842918268587],[-0.440797809888025,46.4382624535179],[-0.441192245381752,46.43819107606978],[-0.441019872092833,46.43795922691839],[-0.441105496012992,46.43778719849268],[-0.441556225094746,46.437740260678154],[-0.441647072123737,46.4376717255027],[-0.441657331999115,46.43748304133978],[-0.441407063947493,46.43729770587171],[-0.441486122779367,46.437124973700016],[-0.441852424969663,46.43702109327466],[-0.441845678560512,46.436666178577504],[-0.441245532302194,46.43543955824896],[-0.441251281052465,46.43532401661076],[-0.441463279812082,46.43513015111976],[-0.441291664423276,46.434972187509],[-0.441686541560703,46.43468087334541],[-0.441961369648018,46.43467709238344],[-0.442159450605296,46.4347792766297],[-0.441981825968617,46.435125330549674],[-0.442166386068052,46.43521981072846],[-0.442606993394925,46.43503346940646],[-0.443225421157879,46.43491747256351],[-0.443342648722444,46.43495719920922],[-0.443436739325557,46.43524999226988],[-0.444217601570428,46.43518767500482],[-0.445098851164312,46.4354558095619],[-0.44521443643315,46.43569657759797],[-0.445449094184598,46.43544884267765],[-0.444970654976034,46.434788197872344],[-0.445251531943983,46.43454988399853],[-0.444585574027693,46.433912924395464],[-0.444651570519117,46.43382260355017],[-0.441787393589285,46.432022556746176],[-0.442513696193792,46.43097224999496],[-0.441710887574427,46.431037021866366],[-0.440972415806139,46.43090246023242],[-0.441146413599164,46.43056102337607],[-0.441157490501054,46.429289834333915],[-0.440484320077474,46.4284953409592],[-0.438326924426981,46.42789338690694],[-0.43786883326545,46.42769808264735],[-0.439028162975006,46.42710704115762],[-0.442185859491856,46.42507310785557],[-0.443626899661543,46.42359833898895],[-0.445868759942725,46.42052386320004],[-0.447472823711823,46.418559204528336],[-0.449325659064697,46.41539815574256],[-0.449791923595616,46.41405370751748],[-0.450394313025264,46.41280158122484],[-0.452944314517217,46.41323097752228],[-0.453105987439477,46.41350008682271],[-0.453921241135745,46.41382151777572],[-0.454864900848027,46.4140714556199],[-0.455160002949231,46.41436896956487],[-0.45559739019242,46.41390866585769],[-0.456875059111873,46.41453513916416],[-0.456871644372361,46.41472812628229],[-0.456467417903209,46.41558852006433],[-0.456452355411076,46.41615320590242],[-0.459333122103879,46.41702761469816],[-0.460314243514445,46.41537998201402],[-0.460700440595505,46.414133450098525],[-0.461835879436735,46.414242314941866],[-0.464336060685453,46.414787441919735],[-0.465366125255149,46.41510407364813],[-0.466372638352663,46.41527539647697],[-0.468008652518728,46.41596026471518],[-0.471941686322686,46.41708629185735],[-0.472668181398688,46.417382353266724],[-0.474158539646617,46.417496519547456],[-0.48136865980257,46.41911908588587],[-0.483665542858878,46.41984125879599],[-0.487424830572584,46.41852403476418],[-0.491906025247828,46.41741172815365],[-0.493665219763249,46.417123525982134],[-0.49456287661599,46.417098740155154],[-0.494977863954925,46.417188782434835],[-0.496017832363628,46.417941091809446],[-0.496698179079986,46.418307822158695],[-0.497022045312688,46.41837901755574],[-0.497047141105818,46.41990963374592],[-0.496940005391692,46.421207248449406],[-0.496760604202376,46.4226179425667],[-0.496398143397047,46.42420279630029],[-0.496542881483078,46.42556660177519],[-0.49609575102453,46.42670517816979],[-0.496920465012748,46.42769572393193],[-0.500276441994709,46.429048511408986],[-0.501860403768526,46.42955875280337],[-0.503515449939487,46.430201091580194],[-0.50489325591644,46.43056529359514],[-0.506324974070964,46.43075386296734],[-0.507519192091796,46.43075592421352],[-0.510295701568645,46.431159089159536],[-0.512037091236107,46.431256941068376],[-0.513142351758726,46.431193178610165],[-0.514041916376636,46.431234887864406],[-0.51554074408176,46.43151321480864],[-0.517098774576166,46.43165810045311],[-0.520946967844688,46.43238401398475],[-0.524271912743345,46.43273747489173],[-0.526220619494495,46.43323792731181],[-0.527401731089615,46.433378996518634],[-0.529597464962987,46.433807761285436],[-0.53125639911425,46.434039472386715],[-0.532927016081631,46.434612414121176],[-0.53455936802839,46.43497650011358],[-0.537755987927292,46.435397546718306],[-0.53913871157374,46.4358918917881],[-0.539991461094066,46.43629539715793],[-0.541452219370733,46.43666561085743],[-0.542218953772733,46.436988843655776],[-0.54285559322572,46.43715566666769],[-0.545888370625204,46.43770055754761],[-0.548205543538614,46.43796656055726],[-0.550092564829382,46.43801334377296],[-0.550915482078244,46.438177033072776],[-0.550558878965763,46.43920847717548],[-0.550163738755516,46.43938752135123],[-0.548803021639127,46.440657499929074],[-0.547424847285074,46.44135923955275],[-0.54670789695293,46.44238474053097],[-0.545647123945689,46.44289541931583],[-0.544687445813833,46.44313614398383],[-0.544786643451829,46.44335840511188],[-0.54479048913073,46.44381888379196],[-0.544562158289014,46.44475978913138],[-0.543985817778539,46.44542215991717],[-0.544790917416041,46.446032625304404],[-0.546656079786356,46.44698242064184],[-0.548061321878867,46.448197963999256],[-0.54867868694919,46.44898820282541],[-0.548893849189781,46.449729649383066],[-0.548893329868491,46.450222713478446],[-0.551811658927508,46.44937841318496],[-0.554146763487054,46.44833045723606],[-0.556526194597327,46.448043630022894],[-0.556966327747644,46.44787397995951],[-0.558065004738414,46.447144784023116],[-0.559692616433485,46.44694802054013],[-0.561535806321041,46.44627849740971],[-0.561926585460386,46.44635193543723],[-0.562621934027763,46.44629688596162],[-0.563380448424852,46.446809529688856],[-0.563790804681044,46.446903082068246],[-0.564486342828189,46.44683088934989],[-0.564730904485902,46.446761959210505],[-0.564877005901564,46.44662309182477],[-0.56523305139909,46.446743573599115],[-0.565817446938605,46.44680644468022],[-0.566681003157081,46.44681101540572],[-0.569038067932754,46.446502989124205],[-0.568468839809798,46.44583483574944],[-0.567664187636621,46.44573379345779],[-0.56713980680992,46.44543199450668],[-0.566174141904373,46.44458332352408],[-0.564369632719131,46.44380771296556],[-0.564718697602847,46.443442571885775],[-0.565517426726556,46.442855166821246],[-0.565789865075431,46.44253478019211],[-0.565682849515431,46.44181521871075],[-0.565962910626711,46.43869942162126],[-0.566584751682234,46.43594611214832],[-0.56676572999547,46.43462624660222],[-0.567772699535528,46.4310054798785],[-0.567946139073403,46.4298102361961],[-0.568440368010938,46.42877622353216],[-0.569155464188973,46.42617681261145],[-0.569227949824738,46.42583021784751],[-0.568969771458914,46.42553002060413],[-0.569892171783709,46.42345052452049],[-0.570121962870456,46.42220123080601],[-0.570691753169662,46.420789864422076],[-0.571694928571944,46.41576480265377],[-0.572233817944993,46.4138829673345],[-0.572193036721293,46.412961226742595],[-0.572319843804603,46.411374424931495],[-0.572155735200242,46.41008156981981],[-0.57216404113871,46.40664432904186],[-0.572396958592512,46.404050960199314],[-0.57239467664203,46.400810549744776],[-0.574128734542183,46.40130607103288],[-0.576554891382211,46.401645560477434],[-0.577955916329365,46.40171068865867],[-0.582119079030608,46.40234980701361],[-0.583440598226139,46.40300957968319],[-0.583898414546882,46.40313581303435],[-0.588286521701482,46.40546947536733],[-0.588588744266238,46.405706048371805],[-0.589628974402048,46.40682169445512],[-0.592077610167389,46.4086853178852],[-0.59309176310607,46.40964040727748],[-0.593882849087975,46.41005717170234],[-0.594671382393139,46.410316267079615],[-0.596275931547833,46.4106776341076],[-0.598431587883102,46.41147139463037],[-0.600550680384618,46.41236181863937],[-0.601854369277392,46.41270466185813],[-0.604758482883647,46.413166395994196],[-0.610031467685055,46.41373881242227],[-0.611917055016821,46.41237660032487],[-0.612786943158309,46.41142150940576],[-0.613767814150554,46.40903326460206],[-0.613877032787222,46.405427783269936],[-0.614052459067119,46.4048300008203],[-0.614231869569597,46.40346589542897],[-0.614604247167162,46.40233995569662],[-0.61550014383712,46.40032485708749],[-0.615759697457423,46.39895189639452],[-0.616123754746199,46.39807500170924],[-0.618144544911335,46.394811807321986],[-0.619214971282396,46.39346809188057],[-0.619450091106522,46.39255381000115],[-0.619864962115208,46.39183573789558],[-0.620421042364196,46.39100771564589],[-0.620910819314994,46.39067306521131],[-0.623131084050552,46.391347112586224],[-0.623203877131431,46.39124654573657],[-0.623341238361549,46.39129446338856],[-0.626595776532004,46.39267203470158],[-0.628759268080276,46.393861589883684],[-0.629136985805487,46.39391897957401],[-0.634229207749806,46.39573272780937],[-0.636715387047888,46.39571837748495],[-0.640667445548862,46.39719140783345],[-0.639850311438902,46.398301899594806],[-0.639771583049235,46.398293595060764],[-0.637980146505096,46.39997601291213],[-0.63738617216276,46.40035011668484],[-0.637068856339955,46.400222318635635],[-0.636343654453422,46.40058257285654],[-0.632885142970382,46.40122191668837],[-0.632025629355014,46.40173785806383],[-0.632095429000044,46.40180774874042],[-0.631575132547477,46.4023696729644],[-0.631202816973519,46.402198539013405],[-0.629884366500018,46.40343578269344],[-0.628959747683132,46.40407095461366],[-0.633235572974349,46.406859035302155],[-0.63412515489747,46.407537408913214],[-0.636307640772945,46.408765899796215],[-0.637543547430991,46.40961439382661],[-0.639655052573828,46.4107531439351],[-0.639407369674332,46.41118200899983],[-0.63957027365289,46.411963751179165],[-0.639149237661396,46.412861475361375],[-0.639396144163184,46.413456648475254],[-0.639286227769528,46.41589308509455],[-0.639327428880714,46.41625684549709],[-0.640627018715241,46.41629831305176],[-0.64018520998448,46.418096319203286],[-0.639473436012656,46.41942337928017],[-0.638561933171775,46.421587008893006],[-0.637431773117851,46.42299409859457],[-0.636664407964401,46.42419310416973],[-0.635821384823039,46.42519620250904],[-0.635602090628591,46.42573953204206],[-0.635303266629723,46.4270849501429],[-0.634638420532547,46.42892428230184],[-0.634700275332413,46.429128736177994],[-0.635709284049742,46.42995023421616],[-0.636192319401963,46.430703751434415],[-0.636620930692503,46.4320683581076],[-0.636558863945516,46.432291182672195],[-0.636357479664203,46.43245805157089],[-0.634888710875163,46.43299431008812],[-0.631533650154392,46.43394574351318],[-0.626330087887902,46.435961796803504],[-0.623940675156315,46.4371265924199]]]]}},{"type":"Feature","properties":{"fid":27,"ID":"COMMUNE_0000000009750123","NOM":"Périgné","NOM_M":"PERIGNE","INSEE_COM":"79204","STATUT":"Commune simple","POPULATION":954,"INSEE_CAN":"09","INSEE_ARR":"2","INSEE_DEP":"79","INSEE_REG":"75","SIREN_EPCI":"200069755"},"geometry":{"type":"MultiPolygon","coordinates":[[[[-0.193899331566576,46.048633111565735],[-0.192506896856442,46.048882327221904],[-0.192262587428963,46.050603343057084],[-0.191873379645195,46.052259043738914],[-0.191859655682019,46.052624427208876],[-0.192171072557751,46.05346190987235],[-0.192287346126427,46.05452749094505],[-0.192988389276929,46.054161674369126],[-0.195064831428205,46.05371924127313],[-0.195848480457377,46.05339433670928],[-0.196290550809416,46.05280508527529],[-0.196879749447436,46.05160785854766],[-0.197328010445756,46.051036452306185],[-0.198376830518248,46.04981994143948],[-0.199328025873619,46.04895044540275],[-0.19989297468019,46.048605547666554],[-0.20161626143322,46.048081932638276],[-0.202768973078458,46.047851093831994],[-0.203916095143476,46.047502339532684],[-0.207487715709351,46.04605036767186],[-0.212620581273349,46.044121438257626],[-0.219850629305135,46.046207208027546],[-0.220250574747648,46.04647252569505],[-0.229127164721719,46.04786743790248],[-0.232869187309888,46.04844210378827],[-0.233037728954832,46.04846883982679],[-0.248845734071099,46.050903521383105],[-0.249020575558511,46.05110219301084],[-0.252708198313076,46.05195265874123],[-0.253599966511127,46.05223529344284],[-0.255209369210821,46.05276678961936],[-0.256371972594543,46.053272346728356],[-0.257772689787295,46.05368903466582],[-0.257876171657244,46.05379691516042],[-0.258573205940924,46.054047256355105],[-0.261678990147906,46.0549249803041],[-0.261449837948873,46.05501178601789],[-0.265118807903914,46.05571459099641],[-0.26797893715471,46.05641987254149],[-0.271911589050748,46.05719957958999],[-0.272991086526784,46.05730540794715],[-0.273068109073917,46.05879387624962],[-0.273537491544767,46.06006642790963],[-0.273426896651628,46.06162159990142],[-0.273050711454141,46.06310873345435],[-0.273885498381455,46.06429863333891],[-0.273897748314138,46.067306702469715],[-0.273598597866365,46.067414479587335],[-0.273523379063158,46.06754282848436],[-0.273608450317172,46.068644421670136],[-0.274321937735288,46.068753601015366],[-0.274252183580543,46.0689953519786],[-0.275511799610873,46.069360032273295],[-0.276776107483402,46.068739479357475],[-0.27759601788243,46.07084907843147],[-0.278494625777923,46.07024088012192],[-0.278866643122966,46.07083307029039],[-0.279317401273817,46.07183305883132],[-0.279374200926378,46.072654273258024],[-0.279595281657588,46.07349416918296],[-0.279679933938752,46.07883713801868],[-0.280510643383694,46.079562063234405],[-0.281440861416023,46.079936214128146],[-0.281916732555194,46.08003239791946],[-0.282199181852341,46.079925985089815],[-0.282702215343158,46.07991322721099],[-0.284916318127211,46.0805106449409],[-0.286045654034302,46.0817225804674],[-0.286152356304165,46.082163814874654],[-0.287025528065471,46.08368238654221],[-0.288024222682174,46.08496027945196],[-0.290382156493885,46.086743107250044],[-0.290403607450752,46.086949777512366],[-0.291283005991594,46.08748845784669],[-0.291652128049165,46.087682334524615],[-0.293246849580321,46.086692407389855],[-0.29483836168634,46.08547723079609],[-0.30365117894297,46.077532052258434],[-0.30641278117726,46.07818610626298],[-0.30775765218009,46.07836769871518],[-0.313868552714325,46.078765202119214],[-0.316006896589972,46.0787459542925],[-0.317603466775198,46.078891229758234],[-0.318752661710539,46.07921991990617],[-0.321123010183168,46.08050966518375],[-0.321683179374824,46.08073480350599],[-0.327149868863227,46.08141635054039],[-0.328490388088754,46.08177988992166],[-0.329577741974403,46.08230406670504],[-0.330820500314068,46.08257130777112],[-0.334781583212906,46.08210790003758],[-0.34381623858089,46.080055492866784],[-0.362891400994442,46.07555180130628],[-0.363073683522152,46.07626563847506],[-0.363574477390069,46.07693577821119],[-0.36393987992162,46.0771502656424],[-0.364487443235716,46.0772728216703],[-0.364690972850334,46.07810049270502],[-0.36519885966088,46.07888578332161],[-0.363650125608407,46.07973569992764],[-0.362672844353088,46.08042173695587],[-0.361682645901598,46.08081251915762],[-0.358702881984975,46.081412754129445],[-0.3584121608419,46.082313656210836],[-0.35822257690387,46.08260228024379],[-0.358487674739694,46.08293422165903],[-0.358945830167315,46.08328838504398],[-0.360024894405549,46.083819735452536],[-0.360279647023658,46.08368600453482],[-0.36020872425174,46.08354299573632],[-0.360693035687903,46.08345654017797],[-0.361296689884272,46.083584661456975],[-0.362887808945865,46.08416480029355],[-0.362974915667396,46.084318143416034],[-0.364815544486898,46.08503777045983],[-0.363957632737101,46.08600328494131],[-0.364292176258378,46.08622049092016],[-0.364701273907152,46.086660811129086],[-0.364930274613912,46.08737506336407],[-0.36527180818134,46.087727255634846],[-0.366731087809359,46.0884572691606],[-0.367183807238476,46.088446533346705],[-0.367624024925879,46.08821083961645],[-0.368092178141847,46.08851510016114],[-0.368885113320733,46.08885567902846],[-0.370705546048263,46.0900021370494],[-0.371224693753284,46.09069333511042],[-0.371665037813217,46.09096596147032],[-0.371294528695012,46.09130324950156],[-0.372020225396511,46.092066719089026],[-0.371463324779514,46.09257538983687],[-0.371984794859648,46.09317728650775],[-0.371964069394403,46.09347263139441],[-0.373627087404495,46.094119894841235],[-0.374110926482077,46.0935818408435],[-0.374327163978157,46.093516822908285],[-0.375160052167342,46.093599298465875],[-0.376693192874934,46.09344010197442],[-0.37894058589802,46.093603911451346],[-0.379413396292358,46.09343479945107],[-0.380418021802702,46.09336069878869],[-0.381119780754519,46.093164926962515],[-0.381486525233106,46.0932089742928],[-0.381842795345332,46.09346153674801],[-0.382034306193697,46.093815451732254],[-0.381642043090165,46.094135397134444],[-0.38172692487107,46.09471421525071],[-0.382014853357562,46.095140064997],[-0.382631377961237,46.09534791142548],[-0.382677807138672,46.0957440073283],[-0.382244596144212,46.09619857037567],[-0.382479218031015,46.09638986387054],[-0.382608909136246,46.09666540451756],[-0.382786297420519,46.09794629292731],[-0.383093275903894,46.098155256595945],[-0.383342943863565,46.0981910734531],[-0.384695709748344,46.09802543463043],[-0.385807664223296,46.098051737563296],[-0.38681275405611,46.09798387794487],[-0.387134729025095,46.09717569624969],[-0.387999965403006,46.09639545304732],[-0.38902196028003,46.09616122518427],[-0.390155319718467,46.09601018622869],[-0.390170754209488,46.095819546419904],[-0.391634039813145,46.094466183871866],[-0.392877499696093,46.09293190121408],[-0.393004373196496,46.09173565762016],[-0.393383862445496,46.09114745872016],[-0.393407630437212,46.09067265236914],[-0.394345753097957,46.0901524588647],[-0.394790965782676,46.0895172213535],[-0.396436096313518,46.08907679331884],[-0.396798263422574,46.08850261987641],[-0.397221348504766,46.08822225449715],[-0.397891165278996,46.08793089028634],[-0.398023873436673,46.08739603433419],[-0.399037001894984,46.087063731162225],[-0.399722579704136,46.08600215145192],[-0.400148600464653,46.08503758019846],[-0.400723238159803,46.084465133627454],[-0.40131687744101,46.084178735513866],[-0.403232252550677,46.085468756312785],[-0.40375779833175,46.08567200669973],[-0.403733338448464,46.08579982792725],[-0.403877694047828,46.085913569171815],[-0.405318541243281,46.086421927011536],[-0.405869115090269,46.086756911838116],[-0.406874466243379,46.087615425476706],[-0.407612771361491,46.08859552242103],[-0.408958577623688,46.08903188227578],[-0.410826895747879,46.0892875708323],[-0.413018204445326,46.08969574961199],[-0.415851932333351,46.09035133538256],[-0.416111739961836,46.090466992999474],[-0.416334884375177,46.09040979712576],[-0.416757192604374,46.090846841075724],[-0.417529290788277,46.091325621813176],[-0.422304298363229,46.09379731946338],[-0.422495401180899,46.09557439577011],[-0.422462767444406,46.09935287877979],[-0.423176987786301,46.10511339811174],[-0.423268532476061,46.10793181687328],[-0.423027096826673,46.108424020025964],[-0.423236080653538,46.10955159492252],[-0.42306442122284,46.11126660756012],[-0.422703394756831,46.11181559611437],[-0.422181837629588,46.11209722200416],[-0.421602388987577,46.1121363294136],[-0.421178864293,46.11328388055969],[-0.417935793924103,46.12191183014854],[-0.429489354704113,46.1219003667899],[-0.433286385416141,46.12267427705066],[-0.435174747004078,46.12289835041862],[-0.43532429430986,46.12329942698388],[-0.43673956671498,46.123130388624496],[-0.438356058439079,46.123090437388925],[-0.438949934709518,46.123300482387634],[-0.444438486377659,46.12685658647521],[-0.445182113813235,46.12746856273559],[-0.446726674427615,46.128448299638606],[-0.44663371293122,46.1285574815894],[-0.448249280515378,46.12938722220365],[-0.447997125798406,46.12972747982199],[-0.448228912235341,46.13009449712393],[-0.449376837653882,46.13101143917821],[-0.449382733878351,46.131146462123745],[-0.448024058871525,46.13221888579291],[-0.449210852335284,46.133155380922766],[-0.437248594428523,46.13603660557038],[-0.436848753856054,46.13633894421753],[-0.435749520094282,46.1365083230217],[-0.435973533824659,46.1373731388266],[-0.435786461472127,46.1375121995375],[-0.4333235189733,46.13874313727003],[-0.432430055084059,46.13899008301116],[-0.430168599510051,46.139090887669795],[-0.429850572002479,46.139188828052305],[-0.425272375092132,46.14205630323081],[-0.425785431718109,46.14346132644037],[-0.426756589633571,46.143314843276016],[-0.426897534710989,46.14353682412046],[-0.426864342873725,46.14416785966748],[-0.427021024363513,46.144703931592524],[-0.429344675417659,46.14455715259722],[-0.430843797780547,46.14474530590329],[-0.432026449475047,46.14507730644747],[-0.433266622047358,46.145271453499454],[-0.433534269794815,46.14544542979434],[-0.434113907088268,46.14664650891463],[-0.434234740702966,46.1477686265469],[-0.434479212862533,46.14875270466272],[-0.434391301173689,46.14956476643364],[-0.433927962338414,46.15065678189938],[-0.433827081021933,46.15119973476233],[-0.434068744572633,46.15213883178501],[-0.434039968695822,46.15285987173688],[-0.433140414421276,46.15427693721059],[-0.43292735765174,46.155182914080044],[-0.43293861096017,46.15666797889015],[-0.432043558901324,46.15691496044906],[-0.430631790400364,46.157174842325276],[-0.430063293767886,46.15745881126953],[-0.428133436841385,46.1577307039932],[-0.427377813715576,46.15815460674513],[-0.42600745800528,46.1592234792245],[-0.424677573056093,46.15984044620888],[-0.42460573465113,46.159957081979684],[-0.423658583047275,46.160181229794404],[-0.417422221981824,46.161098246049185],[-0.415743964386129,46.16176794924383],[-0.415547729645928,46.161782864528476],[-0.415093162002354,46.16164871695943],[-0.41348578557866,46.162145001610696],[-0.411522241558691,46.162900728488765],[-0.409683691606419,46.163456178123575],[-0.40942578180206,46.164398595917916],[-0.409009366085395,46.16512855111235],[-0.408586334664345,46.1656270623444],[-0.407497359567496,46.16563810745631],[-0.40618145711861,46.166026392271284],[-0.405623555786448,46.16642167861431],[-0.405234639920024,46.16707327948368],[-0.404679827329724,46.16733056556813],[-0.404326016221609,46.167649423538016],[-0.40427499544411,46.168143976514926],[-0.405485452731405,46.16850066679253],[-0.4057429834025,46.168448780111376],[-0.405793607078835,46.168177766315985],[-0.406183677328972,46.168212937917104],[-0.406720265536982,46.16856007845525],[-0.406999329144374,46.16895910656152],[-0.407033433125094,46.16963317552429],[-0.406856268592329,46.169997216654686],[-0.40590881330432,46.170470884777316],[-0.405471042502112,46.17079586867656],[-0.405024737289755,46.17094174323621],[-0.40392495117333,46.17096839750212],[-0.40397408822182,46.170652363316314],[-0.404858112719495,46.17018061337201],[-0.404787780177105,46.17009258935093],[-0.401354805545089,46.16872899364208],[-0.399956578163559,46.168042589549174],[-0.399505016372276,46.16774785420103],[-0.398553648832803,46.16679839267654],[-0.39798956478032,46.16688557318419],[-0.397792675522491,46.16682746977498],[-0.397514624311942,46.1660038693877],[-0.396354321477615,46.16484252199118],[-0.395257116381656,46.164804123783235],[-0.394946118955754,46.16501892121888],[-0.394649253604123,46.165566783184055],[-0.394431186898311,46.16638178335449],[-0.393965421073272,46.167428613101734],[-0.393733628484937,46.169279635674506],[-0.393455061062034,46.17018657233032],[-0.392917440586932,46.17110034504944],[-0.392883220137788,46.17149073629967],[-0.392505026408055,46.17192024351139],[-0.391874158636831,46.17225003792377],[-0.39030715926486,46.17332341791488],[-0.389130011267889,46.17438694626689],[-0.387536277399685,46.176226297988656],[-0.387313475577197,46.176862059149705],[-0.386847151668658,46.1772734425699],[-0.383535907766836,46.17922701566933],[-0.382240586448239,46.18035617451843],[-0.379703990764099,46.18191522109034],[-0.37957759302821,46.182011816082074],[-0.379662020092863,46.182055271398454],[-0.37921592006894,46.1822911646037],[-0.378157333795255,46.183200521370985],[-0.375340499075847,46.18453255358404],[-0.374245808871305,46.18496254638435],[-0.373504718343885,46.18548748255251],[-0.371783175902778,46.18703475305447],[-0.370662702500364,46.18774307613474],[-0.369553721247218,46.188322159893545],[-0.368360904007217,46.18891002655935],[-0.366724158945335,46.189538974711354],[-0.363369769430085,46.19049545288575],[-0.358906059311362,46.19154320984622],[-0.357737591220731,46.19176881891077],[-0.357227788536997,46.19179379643111],[-0.356075366596105,46.191561054602026],[-0.356233715466941,46.19071366396528],[-0.355849433242322,46.18956684588185],[-0.355862299358708,46.18901397020181],[-0.356784231802226,46.18777268859199],[-0.355419641666092,46.18716766541186],[-0.353902779586381,46.186618495594445],[-0.353895872190863,46.186484406197934],[-0.351515296205145,46.18564614558301],[-0.352516663189446,46.184727023084385],[-0.351136079708225,46.18385834414535],[-0.350769409266313,46.18344284571756],[-0.350865826061392,46.18289742189755],[-0.351258275034038,46.18231262203952],[-0.349263775044152,46.18169456437433],[-0.347456112917228,46.18103311369076],[-0.345162320144632,46.17971899340342],[-0.343723455104121,46.17903941629897],[-0.343070399913127,46.178819793153636],[-0.34326707876605,46.17868331784669],[-0.342719282263831,46.178210937146865],[-0.341331605197241,46.177433387321265],[-0.341142232216481,46.17720011481598],[-0.340964537436448,46.176370744804615],[-0.341180093365014,46.17505392680561],[-0.341015138281743,46.17439092120872],[-0.339809918857439,46.17464717840439],[-0.339639861811058,46.17462423804641],[-0.338957396027771,46.17392056340042],[-0.338743608816857,46.173520365030605],[-0.338721394028001,46.17307037256962],[-0.337603564822025,46.1727372983811],[-0.33783354965301,46.172146504482086],[-0.336966436929903,46.17162670047265],[-0.336022200776786,46.17088383298452],[-0.335236585341047,46.170722138962184],[-0.334507424085803,46.17037942588221],[-0.33352608128074,46.17017750032908],[-0.331396520647426,46.16901242448041],[-0.330673014206505,46.16880471535482],[-0.328791835567529,46.16875891803277],[-0.327743066222821,46.16851385573905],[-0.326447509300472,46.16849862925093],[-0.324680737095764,46.168135766752584],[-0.323998669488704,46.168782121769645],[-0.323390945235422,46.16960655375075],[-0.323080811960257,46.16988330861026],[-0.323031264148124,46.170200207362676],[-0.323364727259921,46.17037251062643],[-0.31915426064982,46.17438735554372],[-0.317630792210704,46.17648227232165],[-0.317503893499283,46.17652923968826],[-0.317035591309766,46.1774523062247],[-0.31655959252047,46.17938502833399],[-0.315597529347007,46.181777165298506],[-0.314696423638051,46.182603794562],[-0.314093308509784,46.18295125676984],[-0.314053913071082,46.1830722759244],[-0.31338632037226,46.18312599566145],[-0.310688245124368,46.184515104464886],[-0.309404938154862,46.184902186245516],[-0.308602500055134,46.18525902816895],[-0.307646321646001,46.18633685345029],[-0.307442117058937,46.18673755626289],[-0.305810449438481,46.18649212660998],[-0.305486499602408,46.186499748832716],[-0.305151112766956,46.187049368356554],[-0.302865933299248,46.186230768262696],[-0.302456322928602,46.1868411193954],[-0.302077092592552,46.18702969172882],[-0.300786696041444,46.18715010229746],[-0.300758804391669,46.187915190884794],[-0.298970855838389,46.191153107400524],[-0.298908735404807,46.19119907311721],[-0.29671563957288,46.190876977246305],[-0.297035394644607,46.1914679455275],[-0.297559382124812,46.191549176811414],[-0.297342082464489,46.19231615411464],[-0.296634693775907,46.19242229880387],[-0.295799887503155,46.193927298819496],[-0.294425381871013,46.19364450068331],[-0.292793082322455,46.19341241740108],[-0.291677765450435,46.193122977452774],[-0.291024746669831,46.19281653411652],[-0.28948782308316,46.19523226501219],[-0.288477546800364,46.197018070071614],[-0.288331196625239,46.1976721169088],[-0.287228150964619,46.198973008250796],[-0.286948879253559,46.19899099957634],[-0.286488420724531,46.19927739898167],[-0.285591423040336,46.20061737678147],[-0.28779849872658,46.201405245684775],[-0.288795190229355,46.20192167417475],[-0.290545795195392,46.203276978544984],[-0.289825272208246,46.20446407360678],[-0.289716004172853,46.20487100303689],[-0.291668749344392,46.205051500543334],[-0.292176313922532,46.20481418741617],[-0.29237214627984,46.20485447957377],[-0.292711242113519,46.20516190244827],[-0.293577057276717,46.205637020145026],[-0.293331415403896,46.20591271529437],[-0.292254074177917,46.206432411872406],[-0.290482188831431,46.2070379983559],[-0.290151276442353,46.20755859473345],[-0.289994761420727,46.20804349932145],[-0.289848145398266,46.209212177163],[-0.289923229515455,46.21013830688647],[-0.289725542244669,46.21196999048713],[-0.289393231124121,46.21194896392407],[-0.288268863195173,46.213223435342165],[-0.287441248909825,46.21355920903993],[-0.28582058820498,46.21461277491986],[-0.28036018684486,46.216610841933516],[-0.27979029629328,46.21689405726701],[-0.278383044090791,46.21728703911183],[-0.276807612247948,46.21762536743758],[-0.274701292812822,46.21883516046246],[-0.273801253642501,46.21956946883858],[-0.272272249190887,46.22057783020437],[-0.271436274137872,46.221255297592585],[-0.270842699115716,46.222013206838675],[-0.269717274291108,46.22388954365307],[-0.268974658004113,46.22471842007945],[-0.268162327942826,46.225293338760345],[-0.268656564590218,46.22613352045049],[-0.269751918840507,46.22718893994265],[-0.270015858226792,46.22808620900118],[-0.270432582219805,46.22875827627668],[-0.272703713763367,46.228799282252474],[-0.274252232645596,46.22902598226632],[-0.275635631991386,46.22950977001528],[-0.277634511652572,46.23033900977019],[-0.280729823029532,46.2314114731476],[-0.28160694493475,46.23163671487512],[-0.284733125203386,46.23216021630516],[-0.287460584460312,46.233309821327516],[-0.289383063446912,46.23374812156558],[-0.293154452395723,46.234889926858465],[-0.294629006499726,46.235156351789165],[-0.299405370297217,46.235470314447674],[-0.3016775939357,46.235437716307125],[-0.304041348166977,46.23528614972214],[-0.307239249023683,46.23608635521723],[-0.3086619312107,46.236201794730135],[-0.309701929399635,46.23606698535063],[-0.312256109666484,46.24020156988026],[-0.313602578426093,46.2415025429675],[-0.310943550060158,46.24390706510541],[-0.310267099965442,46.24434224043037],[-0.306433194082272,46.24637706436286],[-0.305126053254818,46.24751279907152],[-0.303555564066423,46.24852638284074],[-0.306074083361732,46.24933645658043],[-0.308159459157038,46.24983551790316],[-0.309524501523264,46.25004456281929],[-0.309060495435335,46.25077186791786],[-0.308752556296112,46.25154510261419],[-0.308360842205607,46.25465145726289],[-0.307302225874418,46.255107637018504],[-0.306549168996995,46.255309780688215],[-0.305849017337755,46.25535536365062],[-0.30445676700205,46.25527864676859],[-0.303020861362457,46.255425793516046],[-0.302164860236419,46.25573093699759],[-0.301502983148047,46.256088121557234],[-0.302638377778543,46.2567527478425],[-0.304411210583255,46.25747275517106],[-0.307256369557216,46.258907820457125],[-0.308235975449012,46.25929302297034],[-0.308633596357416,46.25916429546457],[-0.308843467977878,46.259196946634255],[-0.308903424898146,46.25939348229957],[-0.30923891333924,46.25974152898572],[-0.310018095465999,46.26014246022833],[-0.317696448215033,46.26265508570679],[-0.319742221292802,46.263712094613595],[-0.322178614504213,46.264716205988314],[-0.323817497971464,46.26596077417806],[-0.324783764733752,46.26648592867862],[-0.327739139409022,46.26757931030682],[-0.329713687252939,46.268804970078655],[-0.330881476095498,46.269265595732435],[-0.330302798517656,46.26960158571708],[-0.32953938507987,46.269913235677535],[-0.328216452465143,46.270042964798094],[-0.327562146177534,46.270182870863174],[-0.326108352001585,46.27081120284315],[-0.323678947412541,46.27219624468319],[-0.321454110818007,46.2741484712711],[-0.32228862519607,46.2746423455117],[-0.322176782024368,46.27500521915572],[-0.322571724541723,46.275130683307616],[-0.322393575566996,46.27545042918484],[-0.321525038319602,46.27628061937835],[-0.321349745275718,46.27669040738322],[-0.322215506372596,46.27712028202391],[-0.321443006725052,46.278119810580314],[-0.32221125865929,46.27846330527188],[-0.321444988593304,46.278623565045905],[-0.321196429237946,46.278854334493055],[-0.32095203059335,46.27917510932143],[-0.321433993511865,46.279748676074064],[-0.319348673516744,46.28222852837086],[-0.319419146537273,46.28236166409611],[-0.317640109029916,46.284235904698896],[-0.318351504985253,46.28539853798838],[-0.319532667098651,46.28676107078161],[-0.320657158908407,46.28838841769407],[-0.321300611441415,46.289136629219826],[-0.323221793184214,46.29073620045748],[-0.324235174862937,46.2918584416537],[-0.32548705508678,46.292775427922244],[-0.320232371516292,46.3003471706601],[-0.321193999162141,46.30676141489653],[-0.321223118434541,46.30777629841737],[-0.323714393456188,46.30834531763507],[-0.32525511248934,46.30859505428644],[-0.32593786817669,46.30863730324362],[-0.327782512669625,46.3085167182396],[-0.329559699670324,46.30876219070363],[-0.331497309938973,46.30882268757484],[-0.331454248220229,46.30916192588927],[-0.330277657181018,46.30955324579439],[-0.329892188849532,46.3097159321081],[-0.329672124233055,46.30992515365832],[-0.329293242599324,46.310580642607036],[-0.328724990120691,46.312740484849456],[-0.328777650969807,46.3140115450261],[-0.328658156029914,46.31461258244044],[-0.328473086542468,46.31499111883053],[-0.327958995852887,46.31562711981923],[-0.326740495083298,46.316892956335344],[-0.326432924185324,46.31743909843008],[-0.326178908197087,46.31813869438773],[-0.325950999666559,46.31990914003784],[-0.325536125838521,46.32087299717244],[-0.32287925701388,46.322126695490645],[-0.321968836169784,46.32238668000335],[-0.321954521348359,46.32260069850783],[-0.321689684323739,46.323080687387154],[-0.320994566020411,46.32365163164414],[-0.319814826026383,46.32431871169727],[-0.319363759127406,46.324688759238875],[-0.318094600096957,46.3245905454296],[-0.316463625505732,46.32493996699845],[-0.316180644498894,46.32518614001987],[-0.315963193913808,46.32554756939817],[-0.315590438556211,46.32525739651786],[-0.315107792574637,46.32508578280322],[-0.314989816484939,46.32483505898082],[-0.313493429183266,46.324336034389944],[-0.313014851862148,46.32427424828145],[-0.312262290628228,46.32452145003525],[-0.311159036413038,46.32516458239177],[-0.310363118703539,46.32596370369807],[-0.309910162622428,46.32613188327094],[-0.309803202866445,46.32672892398573],[-0.309264251771301,46.32745387638209],[-0.309019353262032,46.32764214434303],[-0.308817196050821,46.327956248400035],[-0.30888755534886,46.32812995108425],[-0.308377501088927,46.32892435758899],[-0.308365540477454,46.32980163374454],[-0.309454631768577,46.3336075790865],[-0.309921465093524,46.33388242163223],[-0.310948383167021,46.33427437409058],[-0.310065495012269,46.335551882803465],[-0.310419074786409,46.33756584678503],[-0.309746236341344,46.33954113366331],[-0.30932235459117,46.340449300295916],[-0.303586582599571,46.34049767727762],[-0.299568124777926,46.340862860630324],[-0.294952023933638,46.34098562276049],[-0.291523564824256,46.34047456281947],[-0.290721144000303,46.340417528032994],[-0.289293087940985,46.34058133174714],[-0.285980703943286,46.3412636178234],[-0.284824495413103,46.34136094340541],[-0.282375134235489,46.34146397152999],[-0.279278982975227,46.34100245521678],[-0.276752076134441,46.34078855307951],[-0.273482154473227,46.34013991359833],[-0.273998749420763,46.33881466041468],[-0.274626818390281,46.33594056324948],[-0.274539327279872,46.3351968459999],[-0.273637221868172,46.33425573276257],[-0.273286851551659,46.33424957706302],[-0.270973812253355,46.33479907452228],[-0.269728813498559,46.334997936163795],[-0.268511458721943,46.33535460972924],[-0.268064565766679,46.33569277788059],[-0.267137163510943,46.336764816589586],[-0.266419180949574,46.337161220275895],[-0.265148903689685,46.33848460258479],[-0.264147108317549,46.34036084964609],[-0.261447687241799,46.339696426734385],[-0.259902657144032,46.34256872673852],[-0.259107929177964,46.34362247594563],[-0.256426003315235,46.34462922521129],[-0.25598724989858,46.344953590189014],[-0.255250685101199,46.34587136305877],[-0.254593857037949,46.347101384343475],[-0.253563217220138,46.34865480201382],[-0.252941695482411,46.34925474175745],[-0.252409665920199,46.348996852520834],[-0.251555345916053,46.34879051483308],[-0.250498018894955,46.347971715234216],[-0.249063418009817,46.348818326877236],[-0.247335549386285,46.3468767532538],[-0.246022187121798,46.34779287115136],[-0.245590435930776,46.34784211857286],[-0.242113457524106,46.34732284499907],[-0.240007289221708,46.34661219416238],[-0.236973310700799,46.346824585219395],[-0.235270084800853,46.3467197431898],[-0.234378997637931,46.34690185059233],[-0.234068761565435,46.3470692709232],[-0.233830153917849,46.34695167292779],[-0.233766750752674,46.3466939190835],[-0.233268121624655,46.34611866578016],[-0.233217254389433,46.34594076510563],[-0.233578203818776,46.34458499358455],[-0.233537731887701,46.34429684849756],[-0.231168888094754,46.34156033044975],[-0.230711331685441,46.34013765276889],[-0.230259660950172,46.34048751613904],[-0.229325061392842,46.34094479228742],[-0.227426108217741,46.34151048828219],[-0.226433866186388,46.342072111507875],[-0.225861956674234,46.34225953560062],[-0.224669479316492,46.34145695344154],[-0.224281768998505,46.34103894304023],[-0.224001058993446,46.34100092334934],[-0.223550651325894,46.341064134493614],[-0.223051001703228,46.34088811055384],[-0.222471126735458,46.340543121319705],[-0.221595308085571,46.339791034095875],[-0.221606892800321,46.3397005844787],[-0.222104370206407,46.339332338237426],[-0.2222069280906,46.33862197945982],[-0.22084547040382,46.33846040101904],[-0.220248693407892,46.33820329764888],[-0.22003918709497,46.33789379143523],[-0.219980194852553,46.33698071994788],[-0.218917812327003,46.33690349307411],[-0.217740048790195,46.33661232102181],[-0.217201516562541,46.33679155021063],[-0.214268534717511,46.33709782999682],[-0.212118765113876,46.33722604604643],[-0.209972218883027,46.33709908642528],[-0.210718303484864,46.33896881608511],[-0.210607457022768,46.339540606591406],[-0.210181810108805,46.34064577344591],[-0.2107758759295,46.341388760466806],[-0.210917142055702,46.34204356852585],[-0.210318167195944,46.3426128898589],[-0.210091416446529,46.34333844742061],[-0.20940446747069,46.34393908027275],[-0.208950902025831,46.34394914984129],[-0.207835641737475,46.34374893787583],[-0.203654373059836,46.34325734471732],[-0.199802073239034,46.3428933472986],[-0.198643378943372,46.34290605086829],[-0.198363969841345,46.34320137935807],[-0.19791266659949,46.343450162135376],[-0.196906958284247,46.34354236678901],[-0.196217441029759,46.343812244538505],[-0.194926605472118,46.34394667422876],[-0.194043890279555,46.343427089735194],[-0.193252312239366,46.34317530718858],[-0.193008632189128,46.34214484587496],[-0.192868177786045,46.34192347960568],[-0.191503596045425,46.34190853518579],[-0.189436139795741,46.342180006537625],[-0.188478495792544,46.34215904237861],[-0.187381049968639,46.342485339691635],[-0.186235344709887,46.34238580469583],[-0.184875564248939,46.342631995442446],[-0.183358966937996,46.342621201686086],[-0.183169869875867,46.342748146441224],[-0.183056660878752,46.34312801144784],[-0.182542017479177,46.34342986922428],[-0.181237499036989,46.34335184178247],[-0.180898225679053,46.34304499088903],[-0.18024843714805,46.34305952230185],[-0.17993921368421,46.34338086851739],[-0.178575916227256,46.34341079264568],[-0.17756459368976,46.34262341112353],[-0.176695003925823,46.342102430236714],[-0.176420720362562,46.341793755126844],[-0.175891355777816,46.34018544964132],[-0.175263417569503,46.33925398640961],[-0.175433010450959,46.338903199744855],[-0.175056032786112,46.337542980343116],[-0.174568040173192,46.33716095086033],[-0.173793288657831,46.33629935869153],[-0.171951627354198,46.334898812504235],[-0.171236248868909,46.334095030891554],[-0.169548621076968,46.33312724268369],[-0.169219496794348,46.33301563773451],[-0.168823411544973,46.33224261313112],[-0.168344421875574,46.33174495566533],[-0.168200183257872,46.33145607771917],[-0.168134396827533,46.33090457212259],[-0.168272709024905,46.330193286091934],[-0.167343645122017,46.33014522093829],[-0.166563859622117,46.330450774210824],[-0.165943878711187,46.33043826500127],[-0.164084979700587,46.329249861770386],[-0.163818286227973,46.32913740940728],[-0.163270066669282,46.32910577048034],[-0.162910929921712,46.32881203905585],[-0.162486713657753,46.32865258881426],[-0.162428387850287,46.32831896345796],[-0.16159130712564,46.32815114376265],[-0.160761320563811,46.3275883982531],[-0.159721747220126,46.32742798560554],[-0.159417094476708,46.32731116908009],[-0.15911141175089,46.327379124967536],[-0.15862041096307,46.32732424888646],[-0.158185879788885,46.32714344064052],[-0.15811304598257,46.32725630646861],[-0.157603709869968,46.32731187985229],[-0.157215939946344,46.32728748058092],[-0.156379826541715,46.327068228716634],[-0.154499844153656,46.3271545462902],[-0.153863210798705,46.3274389254002],[-0.151013979535824,46.327636725575594],[-0.149657535111582,46.327801303191684],[-0.149040544140151,46.327094705009166],[-0.148014085449537,46.32738712196893],[-0.147754220284044,46.32739250012209],[-0.14768280841499,46.32725929503726],[-0.146787571211653,46.32754897613756],[-0.146279476291677,46.327829761095195],[-0.143974433430184,46.32855576901376],[-0.142807650876973,46.32862581229349],[-0.142025566143928,46.32855366131325],[-0.141100585561492,46.328213287107296],[-0.139341440643856,46.32811668548967],[-0.138219026686202,46.32773576857146],[-0.136702452301611,46.32866970617938],[-0.135404440400748,46.32869732608761],[-0.134253151534838,46.32908316983072],[-0.1352063268191,46.33005184806597],[-0.135940279434065,46.330486745194044],[-0.137662853109085,46.33121433543468],[-0.13799794475248,46.33143130352071],[-0.137888628722836,46.331884004754144],[-0.138228926783339,46.33223690756589],[-0.138495213610798,46.33236565122236],[-0.139471006864656,46.33238923341731],[-0.14000621096362,46.332737661628805],[-0.140720886128311,46.33272246898848],[-0.141682485646703,46.332431009033606],[-0.142477394393071,46.33195579071883],[-0.143332437447355,46.33302444068921],[-0.143951745517941,46.33555860959358],[-0.144414426204998,46.33634158885048],[-0.144570451686132,46.336859970656086],[-0.14457984540775,46.33691017780691],[-0.14350541970138,46.33680194326682],[-0.14351963239653,46.33711696597167],[-0.144593052072971,46.33756948121611],[-0.14531672073274,46.33881747585874],[-0.145750804172033,46.339147943527564],[-0.146796908445537,46.340390632841334],[-0.147372893755228,46.34092535017745],[-0.144831526591552,46.341737190781075],[-0.144031351229807,46.34221346808603],[-0.143528558333788,46.34272479310324],[-0.142737754236861,46.344043409178106],[-0.143055186605946,46.34420047245104],[-0.143811515669621,46.34513306295397],[-0.143848370978635,46.345751159903976],[-0.143329357124566,46.34720286529006],[-0.14366462098406,46.347420716054444],[-0.142008457703045,46.34876409232934],[-0.141884168988694,46.34922802338002],[-0.141642929458512,46.3495365698928],[-0.14006315682674,46.35071649710164],[-0.13965192451101,46.3509206792243],[-0.138144247197884,46.35138575708456],[-0.136872668102983,46.35156585170224],[-0.134212124487909,46.351422762978494],[-0.132605121597889,46.3508144899585],[-0.132461823573048,46.351175295236125],[-0.129881945092799,46.351303847205614],[-0.128355487463258,46.35292011129581],[-0.129637402819773,46.35339678760525],[-0.130688878845623,46.35364457253313],[-0.131484176695565,46.353986800857754],[-0.132563929064011,46.35486371575204],[-0.13349311576908,46.35529327010739],[-0.133633415674087,46.35551560885196],[-0.133458988948897,46.355969191014836],[-0.133669406290385,46.35632477894534],[-0.134469974611412,46.356757862086745],[-0.134867656769614,46.356928963692305],[-0.135571041482641,46.356688827794],[-0.136351006518214,46.356671875182215],[-0.136929544508326,46.356524382625665],[-0.137397839890273,46.35649707494774],[-0.137626946750175,46.3567016447788],[-0.138362119975981,46.35694725374811],[-0.139344150539561,46.35818186455269],[-0.139035886051853,46.358548122836346],[-0.138679414027078,46.35927617976002],[-0.138703926745913,46.359816213090106],[-0.138988411002643,46.3603499890665],[-0.138875176100405,46.36071267813889],[-0.138189758842149,46.36135696847667],[-0.136677348357219,46.36242503728768],[-0.136352333128891,46.36243217742877],[-0.135806602705715,46.36185962200205],[-0.135159160080262,46.361918884330805],[-0.134538718131309,46.36256226520852],[-0.13364797450143,46.36298687715113],[-0.131397251579957,46.36353085372594],[-0.130122422291025,46.36559080682593],[-0.130954268849206,46.36618166531589],[-0.131303928534489,46.36633157015925],[-0.131632794504002,46.366368496933205],[-0.132403757866577,46.366214843555746],[-0.133050937603659,46.36628627629071],[-0.133667299901718,46.3664558796443],[-0.134552266640197,46.36695062946791],[-0.134900996288501,46.3669933090794],[-0.134456833276623,46.36791931574903],[-0.133335103382644,46.369084732045486],[-0.126445300502656,46.372672200008296],[-0.126407550286983,46.37342301134128],[-0.12628990219421,46.3734830110789],[-0.126222390546689,46.37407783408007],[-0.126468119459591,46.37427656395679],[-0.126511895869343,46.374472720539295],[-0.126230646273695,46.374563340025645],[-0.125246538630181,46.37440737964562],[-0.125119362687888,46.37448295915816],[-0.125119091457498,46.37459200847297],[-0.123665448729376,46.37521850333399],[-0.123699669811991,46.37529326428391],[-0.123103081672442,46.375493445287255],[-0.122956837326313,46.3761237649379],[-0.123638233589707,46.37610870541822],[-0.123256417253836,46.37660399457055],[-0.123245597917954,46.37677911818183],[-0.122756802894187,46.37770358945064],[-0.121858961398977,46.378533820386366],[-0.121348861041645,46.378653221332165],[-0.121067566970263,46.378606850556224],[-0.120108585970186,46.378116723772706],[-0.119288780145763,46.37792016824461],[-0.118893841995003,46.37761646298685],[-0.118423582420817,46.3774301660232],[-0.118121452534974,46.37752043455415],[-0.11770821854469,46.37794537017361],[-0.117460599462445,46.37800981488606],[-0.117113026850279,46.37794271728899],[-0.116380658113621,46.37758965124108],[-0.115035426450695,46.37751736671302],[-0.114081441501561,46.37718205548919],[-0.112996855830342,46.37715940232487],[-0.112383586317387,46.37695355489775],[-0.112201130339279,46.377133361156524],[-0.111974160007469,46.37794880299774],[-0.112252796749106,46.37881713209283],[-0.112127993266454,46.37996321691581],[-0.111934990431813,46.380118077567175],[-0.111651003544367,46.38018440280989],[-0.111244011560332,46.38014864698841],[-0.110709148918424,46.37992533086446],[-0.11039168039033,46.380226869258955],[-0.109449404250273,46.3798001818903],[-0.108761389621015,46.37924219503719],[-0.107009371571503,46.37888622353274],[-0.107634945301632,46.37772920420507],[-0.106968408690899,46.37761669846271],[-0.104675268381022,46.3770168017412],[-0.105218448840287,46.37239436175579],[-0.104156982502104,46.37179154950812],[-0.103755453801457,46.37123204414726],[-0.103395871069465,46.370906599433894],[-0.101588132713112,46.36970137176017],[-0.098885999499996,46.368562785726276],[-0.097086935337765,46.368288154443626],[-0.094599659179731,46.36726258729607],[-0.09374919484448,46.367002704756054],[-0.092969564216272,46.36672917935327],[-0.09233942185128,46.36631371688181],[-0.092259088527661,46.36636636072428],[-0.091948994679434,46.36608549921154],[-0.087825793896462,46.36374970722349],[-0.087070213163757,46.363347527762826],[-0.08484914870771,46.36244161220863],[-0.083065840753081,46.362095149306676],[-0.08130183120601,46.36160575509442],[-0.081009172835606,46.36133250503328],[-0.077686398335704,46.35909638608633],[-0.076024714351244,46.35787872348155],[-0.073357896184538,46.35776411845757],[-0.072360499938924,46.357687373348895],[-0.072181803751065,46.35761108605111],[-0.069959686291676,46.357604268798696],[-0.06620579935894,46.357252029192516],[-0.064274489009334,46.355978375763556],[-0.06294897035796,46.35494614271534],[-0.061379868277384,46.354071830628314],[-0.060580667883245,46.35341923581798],[-0.059541719923214,46.35387697513876],[-0.057903706235685,46.35416514184741],[-0.057024790146162,46.354436532642424],[-0.05555170187367,46.353810987217386],[-0.053627378706712,46.35274874418324],[-0.051389949915675,46.35164799400336],[-0.04800411392502,46.350324698907656],[-0.047506489596952,46.35080569772843],[-0.046207315935066,46.35163883799721],[-0.045183899412973,46.35251686133475],[-0.043071342260221,46.35391237460924],[-0.041111558158632,46.35564620195029],[-0.039390889376362,46.357586284640504],[-0.03727064531574,46.35913057266722],[-0.036487024065902,46.359597510720306],[-0.034463042721159,46.3613311192548],[-0.031508472353193,46.36245864524007],[-0.030331403588884,46.3627566747936],[-0.028939173557693,46.36300093405251],[-0.028104539432071,46.36344213233944],[-0.027496690022505,46.363935875319356],[-0.026152809091177,46.36446627582165],[-0.02347814363065,46.36585919621275],[-0.02163811473113,46.36652885550749],[-0.020697385090856,46.366960192436586],[-0.0204869479699,46.366473752411004],[-0.019040823745547,46.366098438778344],[-0.017914848809866,46.36562722385192],[-0.017377616905244,46.36523323372956],[-0.015482075821342,46.36444984579653],[-0.015090735983466,46.36488282376174],[-0.014571291799006,46.36497585911969],[-0.013721336784081,46.36485865626255],[-0.013387885463645,46.363155334440364],[-0.012585994741585,46.36114719622168],[-0.012211301888852,46.355483618472114],[-0.012670079381035,46.3540792558364],[-0.012337777075058,46.35390601109982],[-0.010378221228572,46.35367663036758],[-0.01017592984676,46.35350084693106],[-0.010125936673048,46.35245145654264],[-0.009679951578962,46.35269482259574],[-0.008776743045191,46.35283581437996],[-0.008475698110304,46.35266263490025],[-0.007681156430246,46.35248445550017],[-0.006179161977902,46.352670061518],[-0.005311504947896,46.352676721923466],[-0.000455659457163,46.35202968798274],[0.002567940101804,46.352091219920915],[0.003475031330976,46.35182941635276],[0.004125568905613,46.35135721003799],[0.011545039147745,46.35520330156973],[0.012392220854698,46.3557517599827],[0.01388661537496,46.3570317508979],[0.015582156036858,46.35701307686623],[0.01465884852136,46.35521280619503],[0.014764946160896,46.35503356002788],[0.013944845480841,46.35310802637553],[0.01896943369899,46.3515580726107],[0.021332501646279,46.350606102403326],[0.024713797455492,46.34985638649217],[0.026815026115903,46.349791371040055],[0.029767997709368,46.349210555694405],[0.033224285466066,46.34741095630366],[0.037506128627306,46.345475928094615],[0.037435316973856,46.3451019312724],[0.03711940254945,46.345000904873956],[0.035854904866613,46.345284311551545],[0.035053894432077,46.345370706966996],[0.022974275330909,46.34564603205702],[0.024009989518589,46.34414119467555],[0.020875692666921,46.34143977252034],[0.020410557446646,46.33951815511423],[0.020101198555469,46.339560528121986],[0.01978423092379,46.337761728091166],[0.019820133271931,46.337294088403944],[0.021264366042758,46.33504753117482],[0.01985470175512,46.33274617378173],[0.018500181901459,46.33081929951701],[0.017807139036433,46.330002774352515],[0.018079910478934,46.3298432075649],[0.016573046277137,46.328326831763604],[0.0163490308695,46.32842729701075],[0.015667789793411,46.327610164930604],[0.01521821498134,46.326790987770686],[0.015402118525669,46.326376786818244],[0.01748370130483,46.326083469685166],[0.018944945028881,46.32612171474786],[0.020615436410547,46.326043763077934],[0.02175980238424,46.326120542529644],[0.021881458976074,46.326848217713305],[0.022271229049905,46.32695212152043],[0.02285180631546,46.32768458014699],[0.023071915973453,46.327822795247464],[0.023341698076709,46.32774153517637],[0.023549037924085,46.32780372225057],[0.023779519502556,46.3280142958616],[0.023823984511348,46.32820108650814],[0.024196790299324,46.328449619228756],[0.026067668727082,46.32858677868252],[0.02664018003282,46.32853594027594],[0.026705647720457,46.32859982546178],[0.027288931780178,46.328446538343414],[0.028254896687098,46.328599695929455],[0.029179787862263,46.328910369489826],[0.029544417845494,46.32885499684086],[0.03033143866732,46.32887821671911],[0.031325577100236,46.32971061706763],[0.032023513984555,46.328787142068514],[0.032303630332638,46.328707031337125],[0.032566430819225,46.32844264284657],[0.032697713026598,46.32827665376208],[0.032511721499481,46.32803662024484],[0.032676696689875,46.32796882847319],[0.0338606077925,46.326526345907325],[0.034658696865201,46.325817224395436],[0.035666712724863,46.325098241458704],[0.035981514695184,46.325049662448414],[0.036660891487853,46.32477808068773],[0.038184383497406,46.32383459182007],[0.039221756363814,46.32367683059366],[0.040227268758252,46.323963378442805],[0.042379498274217,46.323345247984214],[0.043151836308228,46.32373474952051],[0.043359699788374,46.32373924331993],[0.044977482792089,46.32311800620231],[0.04506585808322,46.32319148573223],[0.048357815409991,46.32217928385147],[0.049367354864115,46.32205405142438],[0.05150006964081,46.32143254446124],[0.051941857808538,46.319630963401686],[0.052295482533158,46.318933651515884],[0.053221654754599,46.31777176595767],[0.053487081965413,46.31685230074911],[0.056450790251407,46.31535650728697],[0.059361220612399,46.314364781373065],[0.060269739224128,46.313889925814685],[0.059992426623379,46.31367821897289],[0.060190295639444,46.31352923839045],[0.061917120693982,46.31266008212728],[0.062932337699778,46.312279870744405],[0.066872159809939,46.310200746198994],[0.067382811882696,46.31054730113496],[0.068188031424942,46.31071130544204],[0.068411593156543,46.31090719097573],[0.069201540298593,46.310628357402365],[0.078277740186797,46.30508104813735],[0.080350147954748,46.30632543858332],[0.082137125970334,46.30704795433247],[0.082516976749409,46.30728836444242],[0.082619743187079,46.307238733777815],[0.08486906946156,46.30911923155147],[0.084920456454055,46.30927733612303],[0.084831403666809,46.30938679171635],[0.084125396143705,46.30977601079657],[0.08431123287836,46.31014390690089],[0.084707105636836,46.31054781591221],[0.083480325183564,46.31104624852691],[0.083385880415748,46.31115916939975],[0.084305964042745,46.312755125195736],[0.084653942100959,46.31376514086389],[0.085553036061702,46.314438734654146],[0.085965652047127,46.31491965886428],[0.088654280459042,46.31461445952929],[0.090517185661647,46.31584788709354],[0.092568285594384,46.317383443226404],[0.093589054471615,46.317948340478615],[0.095413595542684,46.319149165076134],[0.096791371268774,46.3204376921893],[0.098207021329823,46.32160191526987],[0.09820039312861,46.3218738729417],[0.097701871284043,46.32183233879406],[0.097789212480565,46.322416662426086],[0.097985785386344,46.32270731278766],[0.098017385899346,46.323067649126926],[0.098130204884215,46.32322100347012],[0.097369039413351,46.323373718904136],[0.096950738605865,46.323315303008776],[0.096696274268329,46.32335567457787],[0.093520419031763,46.32457405593019],[0.093396049196292,46.32468712262136],[0.094520092761922,46.32580790667507],[0.095478392582095,46.32733174195322],[0.095799379637364,46.32816982068827],[0.096836184211907,46.329710961569084],[0.098257099422215,46.331050120332186],[0.100573507659766,46.33245440073324],[0.102610074204324,46.33420744118134],[0.104010243167488,46.33510806987376],[0.105981687127371,46.335711417905536],[0.107288463456522,46.33636273709562],[0.10780466843441,46.33653983584437],[0.109419761030183,46.336921423291024],[0.11073509705536,46.33714130367243],[0.11085949429452,46.33747064654865],[0.111145952279816,46.33756441206856],[0.111971759428815,46.337717802061086],[0.112945506932611,46.33775509140121],[0.113512460563085,46.3379325481189],[0.114805687755901,46.338892501979494],[0.115876399445929,46.33950890664532],[0.116287435198163,46.340102302041146],[0.116769715552405,46.340455110019484],[0.119211789732655,46.34168826064797],[0.120146141597461,46.341832619071994],[0.12056075231353,46.342062956567155],[0.12100848011568,46.34277620120305],[0.121225873857264,46.343811614931276],[0.121770439322807,46.345330154167975],[0.12375498647315,46.347252673990376],[0.124436984456765,46.34846109384513],[0.124628677639409,46.34862631994233],[0.126563449946986,46.34897516822712],[0.127443326260563,46.34897031490818],[0.130873725506541,46.34859086813696],[0.131660144705021,46.348407922294044],[0.132798681992692,46.34890422107742],[0.134730552962994,46.34940874011884],[0.136911916836566,46.3495230255438],[0.137473743599921,46.34945423917175],[0.137728312175037,46.34933898889747],[0.154099506554748,46.34475347783125],[0.155184776634887,46.34422552257058],[0.156763863303062,46.34313320322589],[0.158092484928671,46.34170212895626],[0.158537914404449,46.34106718000294],[0.160808360374448,46.33933517643863],[0.163091318571171,46.33806117704787],[0.164604473596802,46.33753117379031],[0.166082084456331,46.337234540561866],[0.1662638664457,46.336965141520686],[0.167323092111002,46.33633190742],[0.168754158837828,46.335024006115304],[0.1696805748812,46.33436672751316],[0.170626052630168,46.33411989288018],[0.172165822918423,46.334002233902986],[0.174190459198997,46.33311086532265],[0.173687852039806,46.33259201044945],[0.172524961578933,46.33186214371991],[0.17281806023881,46.33150178841179],[0.173280957297809,46.33120331211373],[0.174463795126501,46.33154711611951],[0.176648517274848,46.33055064974704],[0.176473624811255,46.330310241413166],[0.176886612373291,46.32946628153039],[0.176864492224352,46.32873588471392],[0.177056891956362,46.32808288692004],[0.17669390031508,46.32758101938367],[0.175459618872373,46.32652233073948],[0.173765016555283,46.32460702486387],[0.172395352830485,46.32355305046475],[0.171701972453952,46.32267623670084],[0.170875449082618,46.32196010300378],[0.169270242030083,46.32033347634014],[0.167353050672066,46.31961003131697],[0.16578106334657,46.31857526789029],[0.164874707629746,46.3178715174501],[0.166463747005026,46.315715187729914],[0.167436738392175,46.31420309138202],[0.169421996481378,46.311547482552065],[0.16958933835819,46.310650588412145],[0.169399020057386,46.30859956770495],[0.169514243787262,46.30805639317068],[0.169112645158725,46.30667140470388],[0.16918583053945,46.306438048878945],[0.169788283066862,46.30559972432582],[0.169755257435452,46.30540878139491],[0.167481828118483,46.30672907206699],[0.16708741509173,46.306135379060535],[0.166241283201938,46.305678218664774],[0.165116405140021,46.30570789159691],[0.164255274423654,46.30523952984073],[0.163518995752389,46.30492114293097],[0.163178028449036,46.30485227950781],[0.162848486459505,46.30529009316207],[0.162350891458908,46.305684072417705],[0.160357326034722,46.3065435496894],[0.158162221259709,46.307777310213126],[0.156555851584101,46.30751375446773],[0.155289792698177,46.30708206870175],[0.15472933045035,46.30680856337148],[0.154549263476306,46.30659592001672],[0.15446143510637,46.306009839204265],[0.154274004917331,46.305688884193245],[0.152997950455498,46.30470096753313],[0.1525113896044,46.303732778075094],[0.152065973407762,46.30312333603496],[0.152906779502346,46.303080384165696],[0.153977401450822,46.302768346375586],[0.154659690572483,46.30264843431141],[0.154943631673487,46.30273842570043],[0.155403700111389,46.30311664954763],[0.155641194117546,46.30317484291586],[0.155786640800287,46.3031280162076],[0.15648113531613,46.302473169082496],[0.156802662686082,46.30199011982471],[0.156750668988769,46.301389617565],[0.156210057573602,46.29938477784502],[0.156165359693206,46.298769139112544],[0.155414356185125,46.29721137129638],[0.156497612041088,46.297078939283004],[0.157730840320305,46.29656188419391],[0.158732284526222,46.29552633064854],[0.160007465208627,46.29452552972762],[0.160548340492501,46.29397225329684],[0.161330344676958,46.292654581833695],[0.162036681988854,46.29216849810019],[0.162543802705111,46.29203967091988],[0.162902227205511,46.292071128929],[0.162952799285119,46.291822796177826],[0.162787312038093,46.29062747470189],[0.163124698009931,46.29003667840423],[0.16367385385784,46.28944755279317],[0.165544359126248,46.288240765488496],[0.165979085618786,46.28787764916949],[0.167430022236757,46.28726679891357],[0.16836479013039,46.286759330200496],[0.169290248461312,46.28570288010271],[0.170605727870367,46.28484443760661],[0.170960067477278,46.284426143528954],[0.170800951626289,46.28403473581726],[0.168328541360689,46.28138182854475],[0.170229875684738,46.280350544301655],[0.171728136813293,46.27912089561658],[0.172297401146162,46.278767407672184],[0.172000808854127,46.27784276582565],[0.171486759332593,46.2771280717026],[0.17013031073794,46.27571664322034],[0.168782424712049,46.27466853540196],[0.168367295652069,46.27420317522912],[0.167936764750179,46.273056231056486],[0.167900852623198,46.27149020133271],[0.167608158358288,46.27044219667228],[0.167473668097425,46.27042983910417],[0.1662667748717,46.27085302873187],[0.165960500746909,46.27026872570634],[0.165736919049403,46.26949275344049],[0.165265262433553,46.268890813603754],[0.163701310121821,46.26813100178873],[0.159670361692432,46.26654011888386],[0.159480305168985,46.26679758415036],[0.159056631822017,46.266950100945714],[0.158785731169497,46.266912702120216],[0.158494494985778,46.2671919685296],[0.157666206560325,46.267004588747334],[0.157140257382618,46.267350074647766],[0.156356137562104,46.26736292334511],[0.155892260532782,46.267238699027224],[0.155408102217505,46.26737977932809],[0.154911238730231,46.26724030946683],[0.154540898817876,46.266991367951235],[0.154159031260818,46.266914239956705],[0.153030496586123,46.267029283547906],[0.152274706004733,46.26702208824699],[0.150827260099666,46.26734808850142],[0.148860889709748,46.26760881004415],[0.145693621405819,46.26815025409643],[0.143560119923866,46.26795255570194],[0.141860356355899,46.26756026692583],[0.142366603100434,46.26625021158378],[0.14229884463244,46.26612956916264],[0.141479908875985,46.265988259161546],[0.139671354502786,46.26616267885376],[0.13795890256271,46.26651159133949],[0.135586070631311,46.26661859157789],[0.132801873730073,46.2669638754069],[0.132679378557839,46.26776454550474],[0.131244056246041,46.267757208787025],[0.13044208639487,46.26751532679967],[0.12880505944705,46.26748935707201],[0.129978452232036,46.264959004839234],[0.130289302865602,46.26396124608021],[0.130252687265665,46.263470138821006],[0.130658183095778,46.263640754781406],[0.1310089949043,46.262450271291996],[0.133553351376664,46.2557644563705],[0.134274245041472,46.25435081082896],[0.134929482424236,46.25366988212802],[0.135233882233103,46.253164836741846],[0.135294729714755,46.251207437635486],[0.13599084516323,46.24954536448649],[0.136277030333628,46.24844424969925],[0.137315845044951,46.245616698928984],[0.137636884465411,46.245015652437495],[0.137916567818935,46.24450997940064],[0.13816871118095,46.243437739867346],[0.139487571584496,46.240118024381005],[0.141608096349752,46.23526860318812],[0.141869740604936,46.23428580224299],[0.142622216681384,46.23263051911398],[0.14310008645945,46.23101158562945],[0.143886612370596,46.229149904818776],[0.142345653692533,46.22887241153169],[0.140327046909577,46.22881626513721],[0.140031025342133,46.228766470885404],[0.139535407386451,46.228535946637884],[0.13803920656676,46.22680608875247],[0.137866782130807,46.22647826405409],[0.137662857080719,46.22476559729842],[0.135345207166327,46.22539115311753],[0.133908013616209,46.22621006065294],[0.132258105089433,46.22690013989303],[0.131682302015521,46.227061328239614],[0.129968522008849,46.22730913820314],[0.1291489883103,46.226001714917764],[0.128388250926909,46.22426685648679],[0.127719513490674,46.22325427651676],[0.126869883742434,46.22220107840222],[0.126258691823505,46.220834917354715],[0.125598665067315,46.220993945259764],[0.124444575030664,46.221513523281374],[0.123652621278413,46.22087174849515],[0.122376500489824,46.22005642254899],[0.121339406577563,46.21909034481293],[0.120278462175273,46.217911898471584],[0.119763094634055,46.21724556072214],[0.119547499500171,46.216729185893925],[0.118599281382875,46.2153093840145],[0.118285771610148,46.21391557377452],[0.118022594173521,46.21329256252779],[0.117884856578316,46.212012236841005],[0.117596878032449,46.21158953692093],[0.115418789573053,46.211887519614585],[0.11359095043858,46.21233672523448],[0.113515766701096,46.212260927514116],[0.112799043487108,46.21063969856584],[0.112750779840783,46.21002843832356],[0.111858187368929,46.209183976216366],[0.111250518612416,46.20778537030114],[0.110955495562297,46.206956082774035],[0.110511993289479,46.20493088310326],[0.111344527114301,46.203392261928464],[0.112142083538619,46.20224562047057],[0.111999681853798,46.2021158505769],[0.112278412333631,46.197885124696526],[0.11193302718998,46.197347411590165],[0.112588822986503,46.19608182774108],[0.113057104619825,46.19623249040483],[0.113140139200303,46.19537045811189],[0.112725784924583,46.19532929588966],[0.1121900869716,46.19370003815802],[0.109808094074613,46.18946204713989],[0.107607924675172,46.18603870255536],[0.113234584198803,46.18626017239541],[0.113956342641506,46.18620281387572],[0.116681450280911,46.185697098218704],[0.117007016700377,46.18555037178752],[0.119008756903549,46.18387285952067],[0.122948482712073,46.18387626111695],[0.122783473956511,46.18313950293688],[0.126514058039364,46.182899601085175],[0.129067489682305,46.182842497323556],[0.130275538086856,46.18268829137676],[0.130438904288093,46.18355745340619],[0.130610959708011,46.18378977128519],[0.131142635365921,46.18347159841804],[0.134681331913931,46.18228585894895],[0.135068261509411,46.18188202052078],[0.135614989961089,46.18154798794279],[0.136580549165647,46.180695575904075],[0.136802962164864,46.1805849415967],[0.137204254803745,46.1805265709321],[0.13746096022689,46.18057899319738],[0.138587866523959,46.18120749401367],[0.139620930663596,46.180104456117036],[0.142110915817464,46.178300083567045],[0.142007668506227,46.17814069951879],[0.140665515681113,46.17718783444727],[0.143342208603789,46.17657665488662],[0.14301110672463,46.17561228929581],[0.142224366259131,46.175750191420235],[0.141703901948509,46.174437748370835],[0.14214606911678,46.17434074249891],[0.141722054821535,46.173318168240584],[0.143327391244037,46.173101738095745],[0.145256870065002,46.17261319685937],[0.146617854573574,46.17248068821828],[0.147339209705155,46.17250150638644],[0.147571635138021,46.17257131835906],[0.148412494719496,46.17351152102954],[0.148993210215749,46.173318848409004],[0.149146189146638,46.17254686379871],[0.149515613944517,46.17235158984664],[0.149587659853043,46.17216327120008],[0.149332464357624,46.17051060871796],[0.149378765680765,46.16932055259089],[0.149284926130205,46.1688054875204],[0.149135574048756,46.16853502208357],[0.148181439959907,46.16760459426487],[0.14748278642867,46.16664993662382],[0.149271382782641,46.165997404912254],[0.15100536158313,46.165247061560194],[0.153889556981027,46.1647219510779],[0.154006064018929,46.16465098228805],[0.154083638548596,46.16445559127769],[0.153466114151933,46.1621865391528],[0.153442895681786,46.16163450160527],[0.153775186408162,46.15985420188162],[0.154249919648122,46.15880193179155],[0.154886656295247,46.157925822885026],[0.155081658066222,46.15731617698795],[0.156416213931768,46.157360409867536],[0.157245262859739,46.15730096780765],[0.158665935303899,46.15700942852384],[0.159243007629006,46.15695808532998],[0.162785423097527,46.156807847921066],[0.165752336450905,46.15635209627552],[0.167584057302144,46.156184238274626],[0.16845564717142,46.15602846097177],[0.171949520192424,46.15581185315309],[0.172633729711862,46.15363119293046],[0.173658354644499,46.1509823393184],[0.174667528504737,46.150695682355874],[0.178486990382286,46.149913906844816],[0.179940841780159,46.1494751592726],[0.180193053294239,46.149310220399826],[0.180668753338487,46.14921120067784],[0.185175273703766,46.14903284961425],[0.185650796712264,46.148608522630504],[0.187999529805038,46.14861624657574],[0.18805408778362,46.149651111030444],[0.189717508047074,46.14972562567752],[0.189807687418505,46.15092626332217],[0.191226628025484,46.15210480667388],[0.192948897320204,46.15214558629946],[0.192635711008479,46.15405979719422],[0.192155319765962,46.15599780676532],[0.193216023740307,46.157871188017594],[0.194493592364243,46.15979046147808],[0.194695571559977,46.16053161173423],[0.196600882837742,46.160522786664984],[0.197841346360821,46.160151525515474],[0.20328283633207,46.160038747778735],[0.205466035247191,46.159461746225986],[0.207847041058814,46.16057633093078],[0.209414246349798,46.15984715091337],[0.211712699362064,46.15980718399177],[0.21157365140489,46.15894597301593],[0.213107041433529,46.159084523776116],[0.214153850488842,46.15933186081165],[0.214926540394976,46.15935982003242],[0.215944160871488,46.159288355272096],[0.218081583888288,46.15897129642191],[0.220338941439071,46.1581804806194],[0.220180532091994,46.15616367034465],[0.220394173353941,46.155350750542674],[0.216919785103944,46.155393616034644],[0.216897222426365,46.15476503411256],[0.217071660728353,46.15390790855329],[0.217595423055957,46.152962929536756],[0.217982530491974,46.15307603288816],[0.218237097799324,46.15250469816434],[0.218480298919188,46.15059773507723],[0.216836875182415,46.150511518568514],[0.218265047500473,46.14932018630518],[0.218361451480742,46.149029707795],[0.218005787312463,46.14832268500448],[0.217629538091884,46.147868350445336],[0.217193756618066,46.14667099452415],[0.217116329669564,46.14607620859312],[0.217253878902129,46.14528125225008],[0.217172984048102,46.14475486082127],[0.216709820783154,46.14220706287761],[0.215975469751627,46.141377216885836],[0.215817760970898,46.14057682425221],[0.215786430606443,46.1389208321354],[0.214553100519455,46.1390104219552],[0.213607453937749,46.13889711448195],[0.211086064957756,46.13742416712258],[0.208318216080629,46.136518168658434],[0.208013121657965,46.13517801262958],[0.205857641707079,46.13566291345308],[0.205443054877481,46.13413263533428],[0.205394203111253,46.132699661500155],[0.203954414177887,46.129492506046226],[0.203399610425319,46.12972392634455],[0.201038253186619,46.13003065741533],[0.199971731891858,46.130080045563155],[0.198981495329488,46.130310615833544],[0.198682136900317,46.129751783790454],[0.197325107689706,46.129247037442056],[0.197315919883448,46.12709238721372],[0.201832231163405,46.126455927814995],[0.202536563268079,46.12616332498275],[0.203029093892367,46.125754669913775],[0.20339916344465,46.12543490333557],[0.204836008109606,46.124931463716756],[0.205031109703076,46.124713707800844],[0.203998780049418,46.12292402302654],[0.204091874028105,46.12216492639997],[0.202332788238134,46.11940760931692],[0.200130734251031,46.117489028021524],[0.199623778154414,46.11703860809658],[0.198043804086247,46.115983222626134],[0.19714071336525,46.115476155342535],[0.19578491110329,46.11490383217802],[0.194666232541341,46.11423012790954],[0.192513123679771,46.112503620807615],[0.191046174891529,46.111978947579075],[0.189701051431038,46.11165640569317],[0.188233170798061,46.111403791881386],[0.190702851965251,46.10499174718041],[0.192148933878105,46.100804277575484],[0.1932285102783,46.09818277791591],[0.193429576531958,46.09799943061738],[0.193668925780467,46.09754851454925],[0.194364756065937,46.09688362278288],[0.19488795748529,46.0967073377178],[0.195637516240169,46.09666369476649],[0.196476336941912,46.09631769530496],[0.1970543407706,46.095904875698906],[0.197448814686307,46.095408226851724],[0.193885781587156,46.09495252301398],[0.191635435703356,46.09496532069155],[0.192164759796342,46.09335201074905],[0.192406273823328,46.09179465056471],[0.190632194565457,46.092145394765694],[0.189771085109395,46.091004049087104],[0.189579327600563,46.09095514670503],[0.187809491063772,46.0915519413181],[0.187389077000315,46.090733266924204],[0.186507991358476,46.08846687405817],[0.186544712613254,46.08752257119877],[0.185699477924714,46.0876412688797],[0.184442620824059,46.0883372370489],[0.183506053300075,46.08750933799827],[0.183248307024024,46.087459687069156],[0.182128746426383,46.087977925684356],[0.181720233263356,46.08809032169208],[0.181137392021694,46.087511773779454],[0.181229080387109,46.08739060646076],[0.181886553820397,46.08709517430121],[0.181608158360039,46.08643859071342],[0.180858823700351,46.08574867732449],[0.179224134553425,46.08454746680667],[0.177850523330685,46.08330677272379],[0.17753174547601,46.0832105363706],[0.176938359824361,46.083468792043156],[0.176549228274525,46.0835068628074],[0.175977404466978,46.08327006401696],[0.174533587221936,46.08216273908879],[0.174215843559061,46.0820214655248],[0.17335268307155,46.082590156834804],[0.172899917039536,46.08258157577558],[0.172141747503524,46.08211664739279],[0.171120492666597,46.081782114650274],[0.170240917142746,46.081135733253255],[0.169920872029811,46.081039443246844],[0.167595654851759,46.08261503986203],[0.167451648618226,46.08297187152724],[0.167556290752404,46.08360433229952],[0.167522407187881,46.0848388524766],[0.166909592709375,46.085497548164206],[0.166232108136847,46.08577797806024],[0.165398391016468,46.08642574097436],[0.164938392416492,46.08703328037679],[0.164590478926374,46.08782743828007],[0.163228714068717,46.08927024713025],[0.162606382462655,46.0893592069055],[0.161360561714325,46.089784882154056],[0.157545797283639,46.09137706960435],[0.155633822396891,46.092285185848226],[0.153691237192281,46.09395751594829],[0.151852865674638,46.0946421499567],[0.150182342506391,46.09595992288341],[0.14899812461791,46.09758905203971],[0.148184033547937,46.09722798476844],[0.146009619319874,46.09595144555653],[0.142319734071174,46.098461780591094],[0.14157626598564,46.099257628002064],[0.13976341982855,46.10088795054753],[0.13769532482414,46.102467655027354],[0.135819919629724,46.104051287711805],[0.133783857926008,46.1032015154521],[0.132518534940475,46.1025018429479],[0.131374546135147,46.10198453884686],[0.130147599802459,46.10191476541532],[0.128992350406795,46.10171253123321],[0.12794827714454,46.101267103079806],[0.127751609461776,46.10096566763232],[0.127419297807185,46.100756312692525],[0.122117744822512,46.0989720731146],[0.119259742681144,46.097822741297975],[0.118076461697229,46.09731781607036],[0.117572261336824,46.09690492351827],[0.115695602983861,46.09618681732385],[0.115181493021431,46.09608633993375],[0.11485351708531,46.096214965489644],[0.113239907716193,46.09771298273729],[0.112849337702911,46.097750802109694],[0.110943264333869,46.09690301176005],[0.110662712503334,46.09689316388128],[0.110066784100843,46.097116775096175],[0.109512867449105,46.09718196020533],[0.107827025060258,46.09714620536253],[0.107118249098552,46.09700378378514],[0.106559348404384,46.09733555134181],[0.104142722068773,46.09980957496857],[0.101954618640424,46.101778468125296],[0.101170642382027,46.10286318506251],[0.100959558319513,46.103450713360225],[0.100382320630178,46.10405411565639],[0.099174255859505,46.10495046610772],[0.097300292280525,46.105895552273175],[0.096993521591408,46.10532722144343],[0.096583007245272,46.10498150957196],[0.094606210221636,46.10412352557443],[0.092902518117808,46.10322204155398],[0.093269240789838,46.10209424921055],[0.093200155924413,46.10146621510642],[0.093736934792442,46.10108978974351],[0.095195817983117,46.10034950112591],[0.096018226356851,46.099739784746724],[0.096564626259626,46.09957264796801],[0.097333007103165,46.09753420081414],[0.097743231717588,46.097002234639525],[0.097318276358911,46.09631824259583],[0.097281471415914,46.095642378400065],[0.097995596610815,46.093991814522205],[0.098409249969338,46.09336982462271],[0.099069997255406,46.09302267938136],[0.100243703393581,46.092821104857634],[0.100312915257943,46.092687709428866],[0.100333876632753,46.092192641852094],[0.099018358448594,46.09113175723578],[0.098528717029293,46.090447015628264],[0.098093416905591,46.09003309005319],[0.097649857212119,46.08980007205738],[0.097091029698361,46.08924871803198],[0.097173662695838,46.089130986546685],[0.095476371161432,46.08961017747027],[0.093786170940221,46.08988137136257],[0.093412112461277,46.09004840310327],[0.092059458981447,46.09120859551356],[0.090968204884444,46.091809585251234],[0.090072940698571,46.09218220739635],[0.08698291444557,46.09308149936437],[0.086062855469694,46.093285849242015],[0.081460505558256,46.09388121387872],[0.08014869606246,46.09412049292435],[0.079532841216283,46.094351543345084],[0.07839964919944,46.0945197078049],[0.076826055185157,46.09449358944078],[0.075035461500391,46.094164489031485],[0.073470651432672,46.09404663727581],[0.072659980644204,46.0937283556982],[0.071857476753312,46.093257090355735],[0.067885952878033,46.09193170227179],[0.066465170781856,46.091301137718276],[0.065102074359515,46.09031881110548],[0.064558259571687,46.08983165601619],[0.064290004411959,46.08944714783373],[0.062887172250936,46.08833760812716],[0.059835995484843,46.08724841366794],[0.056680244243951,46.08547878141352],[0.054729512757747,46.083482634004525],[0.055846298721302,46.082724052855134],[0.0567842880268,46.0824257976488],[0.056893504494138,46.08224840857063],[0.052073809719714,46.07993082085838],[0.050870347987691,46.07945798553022],[0.051767683396009,46.07866219927817],[0.052689174728567,46.07809141266227],[0.055298068160663,46.07703278634542],[0.056903080584883,46.075907504429246],[0.058315926983391,46.075129553026976],[0.060470899118102,46.074346493983995],[0.061452727707191,46.07370962075057],[0.062337435315309,46.07283052743035],[0.062659459225358,46.072691987532615],[0.0606324324548,46.07171492091682],[0.058479875400709,46.07102832362779],[0.055506482559154,46.070367230755686],[0.052555740417987,46.06986434250805],[0.05187404096436,46.0697087499661],[0.050860237064983,46.06932464332547],[0.050128068575899,46.06919295870385],[0.048083226265199,46.06944522397599],[0.046063573324096,46.06983057383874],[0.045774390932008,46.06976717068978],[0.042420021116965,46.06803428046067],[0.042269862604569,46.06803396822468],[0.041464731734028,46.0683923365767],[0.039832526566359,46.06893907287065],[0.038100189989543,46.06992562307836],[0.037604700722498,46.068094210282],[0.037471757368031,46.067054443638106],[0.036265585788519,46.066783223753205],[0.035189177596738,46.06626667315726],[0.034804770013241,46.06616921182865],[0.032707247447664,46.06684605413212],[0.03146312866057,46.064666102941054],[0.031074333212444,46.06376380677101],[0.029596304730649,46.06155517759674],[0.029311540784986,46.060716876207294],[0.028707261048744,46.05961157643398],[0.028359370108758,46.058289513546214],[0.027709106528969,46.05753263990523],[0.025571790126757,46.05591222135382],[0.025270318540127,46.05588628839431],[0.024626616333276,46.055654926440376],[0.023339884106146,46.05510840359698],[0.021584059411438,46.054691920504304],[0.020755711120173,46.05440522090075],[0.019298558921218,46.05287373880846],[0.017490815576661,46.05382104197327],[0.01323164697458,46.05683854583844],[0.010382812526085,46.05809803700496],[0.009811163233215,46.05820821869577],[0.008036311304617,46.05880660604996],[0.005000466015745,46.05957441727932],[0.004110533716461,46.05949142864213],[0.003822678399425,46.05926304238037],[0.001084636919696,46.05637548429765],[-8.0051756411e-05,46.05573099070897],[-0.001047551200406,46.05550532884746],[-0.003419644506982,46.05535509661251],[-0.004416865400931,46.05536561865661],[-0.005933280382672,46.05523710707177],[-0.008581625917389,46.0557120443884],[-0.011792924423812,46.055759241162264],[-0.012334807578879,46.05589263125516],[-0.012745978668281,46.05656927959151],[-0.012952857395994,46.05661244335697],[-0.013825828858307,46.05636305054183],[-0.014360965203495,46.055972142816856],[-0.014893008514806,46.055855263506174],[-0.01582651418193,46.05586017084199],[-0.01818142360666,46.054949516511044],[-0.018759574513045,46.054847611658495],[-0.018896171607806,46.0550251050638],[-0.019001023807653,46.05596761848653],[-0.020897586455396,46.056467697385585],[-0.022392938215251,46.056662138832785],[-0.02355889330404,46.056727470548495],[-0.023743022138172,46.05649817273766],[-0.024909024890599,46.05656439040504],[-0.025988378491125,46.05609131645414],[-0.026964069178476,46.05625090565515],[-0.02851424659916,46.056218514479625],[-0.029092391692269,46.05611655695974],[-0.029778900706318,46.055562024375405],[-0.030186379709124,46.05600351254684],[-0.03044497321442,46.055998402332726],[-0.030632741425969,46.05585911066209],[-0.030888852493372,46.05580900805023],[-0.03115722012009,46.05602802239544],[-0.031992658836248,46.055920972225174],[-0.033074320904151,46.055537882681065],[-0.034273090773433,46.054838045555336],[-0.034981647104821,46.05477762439278],[-0.036001130186276,46.05444122832209],[-0.038476527548954,46.05339895050136],[-0.039542146674756,46.053125266907344],[-0.039408414209822,46.05286030752024],[-0.039407928177723,46.05231331735228],[-0.039291191827887,46.051957786319015],[-0.039072022601564,46.05176270425882],[-0.038669944699245,46.05172391980186],[-0.038359122896633,46.051579955891555],[-0.038181511798844,46.0513639328085],[-0.038343857740702,46.05050798696742],[-0.037851064462832,46.04899193018571],[-0.037990576987654,46.048846709195736],[-0.038028980154062,46.04736417611133],[-0.038334336678256,46.047058608859444],[-0.038003200534359,46.04661690592299],[-0.038027435529012,46.04618910741003],[-0.037715849031262,46.04598388435084],[-0.03760371356758,46.0457345654795],[-0.037766209701503,46.04509219051951],[-0.038125693890353,46.04511049083059],[-0.038175738493682,46.04503255090384],[-0.037949340865854,46.04475295238058],[-0.037886195721805,46.04414906669707],[-0.037391470612341,46.04369732870602],[-0.036369053546878,46.04334443614098],[-0.036271490715798,46.043054173740245],[-0.035926678794387,46.0426452738123],[-0.035479543848138,46.042562628972775],[-0.03508384874317,46.0423569486822],[-0.034909312299768,46.04210208946867],[-0.034428738560194,46.04192931926477],[-0.034075949952357,46.04137554163039],[-0.032707696908526,46.040264992181875],[-0.032154952289234,46.03742311871182],[-0.031615555624626,46.03705095409274],[-0.030708092332996,46.03666790474258],[-0.029755044264093,46.036091417801146],[-0.029432280571574,46.03575220107195],[-0.027883188529916,46.03534753159739],[-0.026663143026867,46.03483222312595],[-0.024910124829748,46.033354281089714],[-0.024662144493379,46.033244651850424],[-0.023886643806908,46.032506578958326],[-0.022626693417362,46.03159308437685],[-0.021565709245018,46.02999119869371],[-0.021393414098914,46.02895135880311],[-0.025509521986271,46.02877664240902],[-0.026162814341052,46.02804728513989],[-0.026113219093579,46.0275223361739],[-0.025893269063979,46.026934350381005],[-0.025918228890357,46.02625962113408],[-0.026276283519814,46.02545524069567],[-0.026603166284322,46.025330260229715],[-0.026787648050096,46.02463955397856],[-0.026911913463054,46.02457044989264],[-0.02762896128672,46.024647714119396],[-0.027877806600151,46.02437432236864],[-0.030533905407901,46.022572187166325],[-0.030729914812537,46.0223263353377],[-0.030782364393478,46.02189327873583],[-0.034168425892805,46.02160258734447],[-0.036921037314402,46.02101517311533],[-0.038789932706166,46.02072895519179],[-0.039724583732644,46.02074172961237],[-0.041254552169319,46.0209466845691],[-0.044634076795268,46.02086672478347],[-0.04564818465258,46.02070248959328],[-0.045774088830355,46.016273497209866],[-0.045480075275242,46.01467823459963],[-0.045607359766538,46.01398722567521],[-0.045872066254708,46.01320871328731],[-0.046749663946556,46.01247409427636],[-0.048949142130497,46.01022508416882],[-0.049677226717955,46.00882489970255],[-0.04948952547329,46.00781884741237],[-0.04849635149427,46.00597657005246],[-0.047909394991127,46.00436937192809],[-0.048514519193513,46.00341136922477],[-0.048885957282834,46.00304360830335],[-0.050971291756355,46.00200878447275],[-0.051923935079898,46.00162895821971],[-0.053115998783952,46.00146255366407],[-0.054772579373577,46.00085915800404],[-0.055461206354324,46.00040621830013],[-0.056025337815582,45.99985390073124],[-0.057443553562717,45.9988252367941],[-0.057627497520599,45.99859858308687],[-0.055922193034871,45.99850943940494],[-0.055916952573331,45.99843838862468],[-0.054738577073403,45.99805834849607],[-0.053380113955887,45.9979976593984],[-0.052928080955641,45.99800714332186],[-0.051958801759693,45.99831893970482],[-0.047740602839008,45.99817300899886],[-0.047235363127249,45.99925268167954],[-0.046977037837786,45.99925783018389],[-0.04560498870643,45.99888200597136],[-0.044566904470541,45.998769338360574],[-0.044318449576081,45.998999505973025],[-0.043998058871135,45.99905137427164],[-0.042362735183074,45.99859066958259],[-0.04087754891106,45.99857649072665],[-0.040978395655902,45.99497454768096],[-0.040844363496516,45.994842071832615],[-0.038749875809843,45.99421161438891],[-0.038344076614413,45.99377012162955],[-0.038155922430692,45.992423431156894],[-0.03834842413046,45.992374109072706],[-0.044058036676735,45.99450430169914],[-0.045025307884354,45.99448370170972],[-0.045049276485458,45.99353863904304],[-0.044478550164458,45.99229055625858],[-0.043172305927849,45.99029625450138],[-0.043657151142409,45.99032016996392],[-0.044283206386023,45.99004560679207],[-0.046003898464404,45.989764126237844],[-0.048122619836953,45.98927004372606],[-0.049790490086942,45.98917917103386],[-0.050712046471312,45.98901196023157],[-0.052739259054394,45.98857072034981],[-0.056201506794577,45.987502254029614],[-0.058569531543566,45.986891298846416],[-0.059727697417314,45.98537758255598],[-0.061786724687397,45.9831654177459],[-0.061464702004955,45.983000200619],[-0.061007045707649,45.98260434592453],[-0.060296838746892,45.98150249199536],[-0.061939382288155,45.97975306425097],[-0.062726188479433,45.979931839800464],[-0.06279443979634,45.98002011028567],[-0.062853988522977,45.98027713505263],[-0.062485777280704,45.98125585467867],[-0.062588246628024,45.98147116582275],[-0.063034827797958,45.981853796286686],[-0.064185014689619,45.98166316298212],[-0.066355673222346,45.980972667607574],[-0.069884888760533,45.980538177360756],[-0.072068193369555,45.980377117001794],[-0.072318693464089,45.98016394986534],[-0.07262119989689,45.979632157060685],[-0.072635936717807,45.978738692911215],[-0.07294432269214,45.97847438828514],[-0.07526276375017,45.98045529517584],[-0.076913779658327,45.97949033118728],[-0.079988425039691,45.978650630508575],[-0.080995157855546,45.978439394300054],[-0.082062383278148,45.978039056717336],[-0.083389676174621,45.97732071811193],[-0.085547878383951,45.97588490669859],[-0.087292630674045,45.97512179565977],[-0.094543894654071,45.97257530149238],[-0.09584629876933,45.97187911771875],[-0.097398970266542,45.97131304981942],[-0.099813644860263,45.97049445354991],[-0.101410768331561,45.97014519841518],[-0.103119180851384,45.96966129552086],[-0.106203609789955,45.96983532860858],[-0.107677315033235,45.970642894353524],[-0.109745730309527,45.97163597095588],[-0.112261711191575,45.97311416446939],[-0.113903655362667,45.97419639791152],[-0.113811922554216,45.97440259113083],[-0.115183042644798,45.97595096527776],[-0.114568778136793,45.976128281044915],[-0.116233464184193,45.9774955372347],[-0.116590662084083,45.977389275487376],[-0.117135273343031,45.977602281950524],[-0.117345806202278,45.977576657996394],[-0.117363099434088,45.97728870062658],[-0.121536067144934,45.97741161875732],[-0.122827674444481,45.97753099972957],[-0.12430684710491,45.977971423014424],[-0.125270715317771,45.97837378617683],[-0.125945248239054,45.978779625738326],[-0.126311935947702,45.97913628716625],[-0.129533167545126,45.97834073777853],[-0.131433276772434,45.978044866290226],[-0.132558723237309,45.97821920101825],[-0.134193616841792,45.97832805200352],[-0.135687654340857,45.9786642798336],[-0.137140548841156,45.979049392472895],[-0.135586018759242,45.98064613690354],[-0.133570686619774,45.98248361758982],[-0.132538377661371,45.98396943012831],[-0.132344282771385,45.98437493404325],[-0.133855822389869,45.98433490469819],[-0.135076660357249,45.98463815313169],[-0.134336695255912,45.9855823744195],[-0.133833704021615,45.98648848881933],[-0.132821864712919,45.987290624547974],[-0.132489275773136,45.98771618220603],[-0.133832665635352,45.98749155549178],[-0.136782094273095,45.98722783420795],[-0.136844247192903,45.988680654540694],[-0.13735357926672,45.99049328171777],[-0.137191577711006,45.99114393352935],[-0.137007211425749,45.991085056295155],[-0.136796361346212,45.991582053768425],[-0.137112461478128,45.99290797848984],[-0.137261448463484,45.993298577703335],[-0.137513223211917,45.99360972634042],[-0.139369088451854,45.99497678227199],[-0.139480216120788,45.995134115609915],[-0.139069986411416,45.99709929985379],[-0.139306611653207,45.99836794429802],[-0.13917109322093,45.9993693343593],[-0.140428915387439,45.99999684481439],[-0.141286158195157,46.000289391690714],[-0.141056072821825,46.00124203927517],[-0.142450544180218,46.00192882320536],[-0.14294432114648,46.001925033704445],[-0.144027967530463,46.00221848708399],[-0.144597741014288,46.00257126084768],[-0.144821414893335,46.00281919011384],[-0.145723711118963,46.00258685275718],[-0.144819201566427,46.00468024365551],[-0.152633387089297,46.003491482039436],[-0.153426881027028,46.003482006950634],[-0.154349684800148,46.00374289287942],[-0.155184382703463,46.004181061258485],[-0.156266536869393,46.00455915613344],[-0.158685611529402,46.00513427670115],[-0.158935310961877,46.00601410595981],[-0.159254618727772,46.00637199308831],[-0.15792691911656,46.00838538100463],[-0.158886962521739,46.00861725690857],[-0.160829161761051,46.00953277732284],[-0.161699007551657,46.009837442150754],[-0.163391023251898,46.01020205241119],[-0.164717327186745,46.01070663210983],[-0.164361068405061,46.01366356073304],[-0.164157548102001,46.014465019419404],[-0.163677779336886,46.01543370849521],[-0.163521944259624,46.01598509836095],[-0.163024327292754,46.0192298498664],[-0.162640184923193,46.02224432343173],[-0.164880595005001,46.023341620399805],[-0.166035405056318,46.02362568042923],[-0.167827649246467,46.02352150681286],[-0.169152145672139,46.02333756492573],[-0.171932496944073,46.022600962577094],[-0.161159242656392,46.03536677433426],[-0.161034442114788,46.03533420730221],[-0.160037213868454,46.036534499789546],[-0.160553581226167,46.03664807114853],[-0.161069769333028,46.036420986515125],[-0.161479149174691,46.03633927112544],[-0.162752921771376,46.036662409651356],[-0.163418841065127,46.03712597130259],[-0.163367919796479,46.037837549860534],[-0.16401261300407,46.03786461190064],[-0.164613927729693,46.037745082431265],[-0.165574822389021,46.037330721299625],[-0.166239478808784,46.03687325995755],[-0.166373557315197,46.036729825090845],[-0.166351100641379,46.03656462885743],[-0.167419998271528,46.035779536896904],[-0.168107756162729,46.03549895758143],[-0.16944512219237,46.03474779483172],[-0.170694917083642,46.03380260020633],[-0.171419113030555,46.03312264150448],[-0.172655172302345,46.03245628433661],[-0.17333224277474,46.03226068524815],[-0.175251642744046,46.032247468640364],[-0.178111075338209,46.031283203721166],[-0.179392854737473,46.030514550328185],[-0.180509328334394,46.02968473258416],[-0.183846265726038,46.028278829844936],[-0.185207812050944,46.027281657390056],[-0.187360753286268,46.0261892061167],[-0.189009039288284,46.026077934035975],[-0.189883319638849,46.02807927969211],[-0.189822291325749,46.02910118675873],[-0.190008266514804,46.02980882127101],[-0.190449374120432,46.03081028163425],[-0.190083940157446,46.031647897364586],[-0.190417859921259,46.03318770485383],[-0.190468734753532,46.03390815526014],[-0.190821837874369,46.03517615263532],[-0.190459059432743,46.03692934066087],[-0.191623150735303,46.03897028391996],[-0.191722914396054,46.03981913407504],[-0.192274805090813,46.04085442032921],[-0.192082896808703,46.04171689352806],[-0.192135903032025,46.04265177597186],[-0.191035340892957,46.043445208318836],[-0.190639409077744,46.04355819448739],[-0.19098610693082,46.04364486453412],[-0.192268566856421,46.04384396822306],[-0.19366994618764,46.044173989604936],[-0.196708745573532,46.04432984545755],[-0.1960678764431,46.04508242229693],[-0.193899331566576,46.048633111565735]]]]}},{"type":"Feature","properties":{"fid":268,"ID":"COMMUNE_0000000009749470","NOM":"Sciecq","NOM_M":"SCIECQ","INSEE_COM":"79308","STATUT":"Commune simple","POPULATION":663,"INSEE_CAN":"01","INSEE_ARR":"2","INSEE_DEP":"79","INSEE_REG":"75","SIREN_EPCI":"200041317"},"geometry":{"type":"MultiPolygon","coordinates":[[[[-0.535771730777162,46.13992581142006],[-0.536196694662049,46.14020192043468],[-0.536811900188346,46.140210697392334],[-0.53682723506316,46.14048874950532],[-0.537893101165921,46.14066916538967],[-0.538521178029252,46.14049545090444],[-0.538604912470037,46.140527093629615],[-0.538402716219025,46.14089034764893],[-0.538411734016195,46.14107034496725],[-0.541803414230285,46.14152343816159],[-0.542691346509823,46.14240163226547],[-0.543849929414471,46.143092895503976],[-0.547463053014983,46.144240198427255],[-0.54901402585771,46.144280059231924],[-0.549620524590714,46.14453422064773],[-0.550124413267399,46.14420477782717],[-0.551485593916844,46.14427758188693],[-0.552295776408963,46.144693017402396],[-0.55271109843422,46.14505860851856],[-0.555708721841389,46.143508096778646],[-0.556233826471421,46.14376657575769],[-0.558988414214764,46.143229550540894],[-0.559507450400128,46.14341429001783],[-0.561096782896531,46.142906532062135],[-0.561554415007775,46.14282457017161],[-0.562522130278634,46.142430038012506],[-0.563589120680352,46.142186521005335],[-0.564094106911363,46.14193540066538],[-0.564074034485387,46.141826059436056],[-0.565131522527447,46.14161617770019],[-0.565803623247224,46.142260305512444],[-0.565476493308142,46.14259418534209],[-0.565659110097694,46.1428300263069],[-0.566376483474129,46.14359171497393],[-0.567396647664379,46.14420326568744],[-0.567527706981663,46.14438393556205],[-0.567812575711015,46.14445701113658],[-0.568472103349064,46.14436867614915],[-0.572339699851585,46.14582901046336],[-0.572665006348808,46.14586564687524],[-0.572780789500208,46.145592481715966],[-0.572972049353497,46.145542293348484],[-0.579334134294664,46.14825975559407],[-0.580002341401433,46.14621771870721],[-0.580891631552979,46.14466267729444],[-0.581210380397837,46.14438039553574],[-0.581815409287895,46.14433156098006],[-0.582115019035236,46.14351804584323],[-0.583113598477864,46.13956808058603],[-0.583731506698834,46.139637814378766],[-0.585867820596236,46.139627137838964],[-0.586370857428604,46.13944718798703],[-0.588469424303081,46.140187634556995],[-0.589358199177614,46.141067262922455],[-0.590018910332339,46.14137448580025],[-0.591231325830109,46.14163090017223],[-0.592292476689176,46.14147833718181],[-0.59276211829302,46.14148150257437],[-0.595001311911395,46.1421687060085],[-0.595246097417289,46.14230247678084],[-0.596740756597253,46.14266978361824],[-0.597647200346688,46.142787992066886],[-0.599904286398155,46.1435286208034],[-0.602440832778144,46.1429550753658],[-0.603508822956293,46.14306450523171],[-0.603674002148273,46.14230206419161],[-0.603829930270785,46.14206995478961],[-0.605787191624761,46.141306490787066],[-0.60622470997775,46.14129439518984],[-0.60622266817245,46.14134223568925],[-0.606726622045163,46.14123608200385],[-0.607269781139591,46.141371164199036],[-0.607665558045759,46.14157222503182],[-0.611367065934113,46.141480668170914],[-0.612686977027035,46.141575686581014],[-0.613267715761847,46.140804508210124],[-0.614378246171846,46.139926315233595],[-0.614791168776358,46.13946245070885],[-0.616098181015253,46.136746271257415],[-0.617037876044644,46.13668117444056],[-0.617627409176195,46.13679219289913],[-0.619189305669497,46.137372504232204],[-0.619578105099633,46.137683721534636],[-0.619967181076624,46.13786151652523],[-0.620208246054999,46.13809541275257],[-0.620552188720473,46.138807393260336],[-0.62120453218626,46.13941758852842],[-0.623007741095978,46.13995860212939],[-0.623676904373729,46.139978708317756],[-0.623687020277848,46.14015146114825],[-0.626847848762116,46.14192550399191],[-0.628265915855583,46.14295470252375],[-0.627942568293625,46.143438292004184],[-0.628141193467016,46.14355904681878],[-0.628130218477823,46.144216546167236],[-0.627374999263158,46.14673946632708],[-0.628359972839209,46.14698383040335],[-0.628891804652626,46.14723996747362],[-0.629810341327037,46.14744046970436],[-0.631920835583452,46.14815091411988],[-0.632112050216542,46.14810062620814],[-0.632292312600846,46.14782622973023],[-0.632548236552261,46.147773870664885],[-0.633067846284981,46.14780592136257],[-0.633403770043081,46.148021432478465],[-0.63362258504565,46.14846605119466],[-0.633601098658008,46.149277134323725],[-0.633192446171804,46.15009790352175],[-0.632807592201421,46.150338283113506],[-0.632683835930299,46.150721749370476],[-0.631138900266137,46.15095416341715],[-0.629075641729612,46.15142938609281],[-0.6284809479352,46.15165482274392],[-0.628174361441933,46.15196119354426],[-0.626370874892178,46.15287427487491],[-0.625831156987252,46.153088025071916],[-0.623722285398969,46.15364032362804],[-0.619381499585481,46.15364897294076],[-0.61811680878767,46.15372714103487],[-0.615051415024647,46.153760780216814],[-0.612012164430423,46.15346268032224],[-0.60994396303346,46.15288123046428],[-0.607458075487205,46.15275201121366],[-0.606847273982801,46.152812882015596],[-0.601418236805679,46.156394402357684],[-0.603790199614945,46.15845912781431],[-0.605038377562922,46.15929208726491],[-0.608463466505239,46.160678764818925],[-0.609467583343745,46.160994803634885],[-0.610306651728563,46.161168247222626],[-0.612883813765318,46.161239525309114],[-0.613038358200019,46.16128148260772],[-0.613099257075935,46.16151662092973],[-0.622228129868668,46.160887758163625],[-0.623474196197693,46.16087865277417],[-0.625167416366887,46.16104005392029],[-0.626467037481266,46.16103641759919],[-0.627766196925332,46.161123826314494],[-0.628818561361183,46.16097121181935],[-0.628482799171615,46.16213127390228],[-0.627919890033006,46.163309408590294],[-0.627749775811582,46.164267662031406],[-0.627800904835645,46.164569812976545],[-0.628170183556487,46.1647392045554],[-0.629905587184372,46.165241738075125],[-0.630466415771806,46.16524724809738],[-0.63105433556636,46.16513289925367],[-0.631741614104031,46.165265068479876],[-0.632139083267289,46.16548763252651],[-0.633447280370736,46.165964112906636],[-0.634627806526153,46.165845207111474],[-0.635595715522828,46.16566999478983],[-0.638544555641239,46.16484718858515],[-0.639199356113802,46.16472434395542],[-0.639779390787033,46.16445244931504],[-0.640212745641117,46.164394388328404],[-0.640464973505123,46.16440252892455],[-0.640688876214322,46.16457023114699],[-0.641051304346918,46.16467489779914],[-0.641829343463425,46.16480589950128],[-0.641973743022328,46.165085223683874],[-0.642379956755962,46.165360657999145],[-0.642581498804602,46.1652892896761],[-0.642936576552361,46.164931745098464],[-0.644552374087557,46.164940298094706],[-0.645847292466855,46.165566705043155],[-0.647390777320883,46.16604809524025],[-0.647721740842412,46.166361986222554],[-0.647880808785701,46.166412766615906],[-0.648135315559164,46.166922923616],[-0.64819495304625,46.16746818652977],[-0.648714421270251,46.167670550091366],[-0.651617232192754,46.168358808427705],[-0.652631401745672,46.1684884562438],[-0.653891373618557,46.169269147543446],[-0.654543055095559,46.1692743214963],[-0.6550753557269,46.169493371907215],[-0.655437881312709,46.16990989356156],[-0.65573250204133,46.17014470389876],[-0.656588561507171,46.17058770344601],[-0.65615662038119,46.17076477193062],[-0.655241150672776,46.17190212200176],[-0.655767850357383,46.17223132734633],[-0.656321580388938,46.17238207433627],[-0.656504721555284,46.17259883703583],[-0.658285765592315,46.17354389999209],[-0.65842467115066,46.17368095398436],[-0.657551798801979,46.175126148386134],[-0.658492487416938,46.17580529613406],[-0.661977678347401,46.17867589910013],[-0.661679197985616,46.178986606822335],[-0.661439646805789,46.17969385675834],[-0.662178688614074,46.180169438453056],[-0.661932071412392,46.180401850963975],[-0.661901302725244,46.1805434696643],[-0.662281011984635,46.18065202338357],[-0.662973717771982,46.18119129472922],[-0.663623752827779,46.18155795767671],[-0.664319762654297,46.18241803304687],[-0.664738509243055,46.182644311998104],[-0.665016406511185,46.18251094575716],[-0.665284715909681,46.18283582760093],[-0.666243004139201,46.18359998865865],[-0.666365046428066,46.18393049014255],[-0.6667683431126,46.18448809531978],[-0.667025836928252,46.18468982322018],[-0.667547563902106,46.184709039336724],[-0.667983830224519,46.184382148599546],[-0.66830771375788,46.1843734935432],[-0.669701094706968,46.18496672382803],[-0.670156264945074,46.18499979698178],[-0.670595530259869,46.18471787182856],[-0.672875085571292,46.18375715868843],[-0.674090349425697,46.18345463465612],[-0.674741544576295,46.18352732357135],[-0.675214847294092,46.183676078083565],[-0.675770508009011,46.18396910405161],[-0.676012587285358,46.18394053728597],[-0.676267660863051,46.183505891867085],[-0.676484459498857,46.18339070036941],[-0.677644426239847,46.183270219457384],[-0.677895791352122,46.183128665146654],[-0.677935540566042,46.18267664706084],[-0.678712845002366,46.1826559852294],[-0.678959461605758,46.18242443586423],[-0.679409872654881,46.18236747928848],[-0.6806027970623,46.18260287942538],[-0.680587508813312,46.18312892812179],[-0.680430009024372,46.18366319010069],[-0.681075147206179,46.183664823669275],[-0.682998342409198,46.18281190390389],[-0.683434501546094,46.1824849538347],[-0.684026152989117,46.18147866301869],[-0.687607749181926,46.17867697941687],[-0.687994482817261,46.178233522049744],[-0.688801380248281,46.17855709063459],[-0.690075107805571,46.179337859141974],[-0.690943622043298,46.17967022938906],[-0.690836550893878,46.179795406777934],[-0.691003451151421,46.179961262925865],[-0.690889063459433,46.18017051474103],[-0.691287191176454,46.18033967482217],[-0.691296717156908,46.18051965918933],[-0.690487418006574,46.181221155404515],[-0.689313799030014,46.18196693074257],[-0.690801953834235,46.18275064574746],[-0.692454433340495,46.183372145718415],[-0.69342644543479,46.18391027646111],[-0.694892110657372,46.185263500955514],[-0.696099193129106,46.18624560227867],[-0.69339599684345,46.18808056680595],[-0.691765092779914,46.18862938335467],[-0.690422279032718,46.18948613473183],[-0.6894344069173,46.18994731786837],[-0.688713461630589,46.190093326888146],[-0.687319491945598,46.18994025390512],[-0.685581007349603,46.190087711150284],[-0.685642749562868,46.190175854834266],[-0.686693726823059,46.19049783541729],[-0.689885109387213,46.19180232595621],[-0.691429188792967,46.19231378422115],[-0.692679510655905,46.19200992546848],[-0.694220961590698,46.191884994193664],[-0.695761889801086,46.19194486039503],[-0.697316377563843,46.1921286677103],[-0.698065071795944,46.192047508593035],[-0.695028826521882,46.195857647812225],[-0.694573412842074,46.196323191839944],[-0.694007617155549,46.19665349596431],[-0.693163617806882,46.19663135038784],[-0.690938194168163,46.19624030572488],[-0.687009643522879,46.19471095426765],[-0.686504391309087,46.19432078708735],[-0.686331801520325,46.194572486889285],[-0.685083865738806,46.19556942215902],[-0.684807951396177,46.195636064033394],[-0.68342784507307,46.1956717971229],[-0.682128953105482,46.195583184016286],[-0.68215191428898,46.19575101364611],[-0.6815306821782,46.19651304791544],[-0.680865294791927,46.196637371343755],[-0.680424256685879,46.1970095382257],[-0.679833158893468,46.19719635436154],[-0.680059920774105,46.197441420003635],[-0.680287078596544,46.197537731108014],[-0.680808120513502,46.19756412435037],[-0.681920455632685,46.19788957374336],[-0.682596939623691,46.19841303738296],[-0.68319292031407,46.19872365689971],[-0.683598002098796,46.199033250283996],[-0.68361526882764,46.199174220434266],[-0.684603382069762,46.1997173190749],[-0.685278850931554,46.20053377729419],[-0.68544740416144,46.201592039641575],[-0.685899447719506,46.20238689403465],[-0.686411473926626,46.203031059439446],[-0.686953512308411,46.204236763768584],[-0.687251191167044,46.20580467074556],[-0.687360881474786,46.20710643412108],[-0.687227776595013,46.20732800585602],[-0.687252962035106,46.207509284784926],[-0.68532020524492,46.20784601983196],[-0.684723872583613,46.20832329919145],[-0.684608072083165,46.208744431392184],[-0.684910239827348,46.20935664502557],[-0.684786038816265,46.2096915091566],[-0.685077062232947,46.209964231831684],[-0.684957108040854,46.21007269092672],[-0.685317000636774,46.2106163238561],[-0.685533394779411,46.21078328968353],[-0.686015401891104,46.210941641346835],[-0.685769957776244,46.211192095041014],[-0.685804091234138,46.21127482433112],[-0.686244412701326,46.21137322739263],[-0.686308938425801,46.2116181359697],[-0.686215803058166,46.211835705209396],[-0.685811673633818,46.212178747316436],[-0.686591134189028,46.21363096871537],[-0.688599967652871,46.21704365003896],[-0.691304141748349,46.219612489823156],[-0.692170168143838,46.22024513998863],[-0.6977455079815,46.22189840899424],[-0.699473829712277,46.22295098649097],[-0.702783564042646,46.22460921613894],[-0.707105990231737,46.226641805312916],[-0.712179347284671,46.228345926374466],[-0.720556882654972,46.232333384218684],[-0.72550426277742,46.23450082012155],[-0.731637863818283,46.23698792250726],[-0.739186102648409,46.24016742676939],[-0.745477451008254,46.242928099416744],[-0.751917568817737,46.24534727801488],[-0.752102934903386,46.24558727127962],[-0.752373861508144,46.24658260074206],[-0.753021734701059,46.247958544483474],[-0.753002462006336,46.24809440512675],[-0.752725001386022,46.24823608080421],[-0.753580287149588,46.24958534527184],[-0.754113034872459,46.250664885042085],[-0.754686245975412,46.253016002762635],[-0.751850278105569,46.253446744195486],[-0.750786373619874,46.25396503443703],[-0.750126546841572,46.254178809374956],[-0.749871625019972,46.25447929836051],[-0.749939600939733,46.25497828886527],[-0.749869129518238,46.25512575289139],[-0.749364067868574,46.25543628953958],[-0.749238632773381,46.25563514703971],[-0.748593053884483,46.25617117766471],[-0.747752690085676,46.257184201948],[-0.747224930429435,46.257524323651374],[-0.745880958582526,46.2588135509846],[-0.745285867279236,46.25913875155625],[-0.744719271775573,46.25957659875189],[-0.744227646349231,46.26021751541221],[-0.742396174564954,46.26177335546013],[-0.741360718244381,46.26255925714544],[-0.740579828856092,46.26300052277978],[-0.740294324012068,46.26344442790723],[-0.739189196970916,46.26444805407409],[-0.736058912410502,46.266822642234516],[-0.735443275231948,46.2679724197158],[-0.735003760378811,46.26835104955396],[-0.735231025216881,46.2685383097039],[-0.7356544972495,46.268591116333724],[-0.735590382679221,46.26923237536731],[-0.735392380527708,46.26968330891884],[-0.736069365975648,46.27028851569529],[-0.736377640401172,46.2713764035517],[-0.737410273011548,46.2722205374313],[-0.738095431970655,46.27309681303373],[-0.742358224150493,46.276404887562684],[-0.742350517711578,46.276577325501336],[-0.742862529613455,46.276802084643464],[-0.74328119051147,46.27710653914794],[-0.744470480156378,46.27831777775623],[-0.74521287340931,46.279343583359925],[-0.745345146095861,46.27983234548615],[-0.746124092323224,46.281125587530774],[-0.74853959239225,46.28318979641427],[-0.750115239784055,46.287757135702584],[-0.751293260522321,46.2904291044091],[-0.75167905228471,46.29159824632041],[-0.755554451849975,46.30091720745583],[-0.755650509946633,46.30214547974218],[-0.755526724440271,46.30223700821407],[-0.755494583382062,46.30241295834823],[-0.752080021392146,46.30358570078111],[-0.750749440673782,46.30428853524608],[-0.75037750768891,46.304403557942365],[-0.749619496709661,46.30410489033145],[-0.749280938022207,46.30377707983217],[-0.748815038895335,46.30168654029095],[-0.748435197370466,46.301875739760334],[-0.747658542110557,46.30278476937753],[-0.747259081396029,46.3030674637824],[-0.745671565092034,46.303684939164505],[-0.74508129657929,46.30374582630917],[-0.743858858292177,46.30435757551085],[-0.742978988396017,46.3043874074869],[-0.742264952777342,46.304559625571095],[-0.741534639779605,46.30479818246572],[-0.741454308703235,46.30497390776743],[-0.739495408162209,46.30487960435684],[-0.734629442661192,46.30505374924131],[-0.733769770379282,46.30536050350668],[-0.733361471067336,46.304448071025085],[-0.732641337994449,46.3040930610144],[-0.731839626226815,46.30389577559879],[-0.730525646312559,46.303720680459335],[-0.729483399102932,46.30381071914756],[-0.728352366369616,46.30408665607866],[-0.72807512945256,46.304084015480804],[-0.727703753350488,46.303883426785916],[-0.727223995009392,46.303772025750476],[-0.726870436451882,46.303546511264024],[-0.723591899009029,46.30290556220205],[-0.721915585761268,46.30243211190727],[-0.721576795287133,46.30282451152974],[-0.721410099335847,46.30285970926266],[-0.721376832504321,46.30298249588374],[-0.719696999795676,46.3030689443501],[-0.717204018117309,46.3054103623827],[-0.716580961854039,46.30619515185019],[-0.71709097166928,46.30634978219703],[-0.716621667942471,46.30664095353071],[-0.715931163367153,46.306931229073456],[-0.715802968382559,46.307112101465336],[-0.716776861581135,46.30746974966646],[-0.717240980905268,46.30759973505613],[-0.718375929568978,46.307647413856245],[-0.719443230697711,46.30792446278416],[-0.721974083544011,46.309177744742065],[-0.724017765851408,46.30980866335841],[-0.722094886391094,46.31085685014811],[-0.721610544536151,46.31134775902217],[-0.721316524857571,46.31199741553783],[-0.721130718603021,46.31406515991315],[-0.721032857251941,46.31427118955448],[-0.720471959317408,46.314842120474836],[-0.7199742388841,46.31511800545128],[-0.718550303867187,46.315299734166516],[-0.718116027609882,46.31543741641587],[-0.71772114741782,46.315714440444786],[-0.717497498574601,46.31623287655842],[-0.717244671280541,46.31649444353679],[-0.716407787342689,46.31687243120086],[-0.709903583851885,46.31702050723027],[-0.7086863508449,46.31725847856181],[-0.707742091613331,46.31762727654503],[-0.706445189222301,46.318360017531106],[-0.703234786628642,46.320865961027096],[-0.697309647680906,46.32506186125726],[-0.695060572397382,46.324321733231],[-0.67831626212702,46.31831740095794],[-0.677915196411986,46.31848630544425],[-0.6767583889458,46.3185029262622],[-0.675649156558175,46.317582295091654],[-0.674501378623758,46.31740388915642],[-0.674188435096575,46.31718051103475],[-0.672133390860618,46.316336333688916],[-0.665489775959244,46.31682891731135],[-0.663281013905057,46.31710551950655],[-0.661971630323891,46.317038557624265],[-0.6612110713038,46.31685207454249],[-0.660414128368897,46.316549568623365],[-0.657617965864355,46.315105160110356],[-0.657393979063532,46.31502401305608],[-0.656793760249856,46.31499731551717],[-0.656322055216941,46.31510260597478],[-0.65521463241391,46.31638214349927],[-0.654800123738612,46.31670103514417],[-0.654115091807846,46.31706015616877],[-0.653182224551249,46.31748761967608],[-0.652579383479962,46.31755833850973],[-0.651988443417847,46.317515091380734],[-0.649823267903259,46.31698414810395],[-0.648685281386844,46.31702872743894],[-0.648248874424402,46.31696157976277],[-0.648023048524113,46.317340205317414],[-0.646486871844282,46.31800778814228],[-0.644595209696366,46.31933485644908],[-0.644112919375522,46.31947739186443],[-0.643403064111431,46.31944601765904],[-0.642673367399032,46.320151743626184],[-0.641480976860181,46.320806454919946],[-0.640890300896196,46.321294985212994],[-0.638615404054299,46.3228496379652],[-0.636784690651026,46.324354902977305],[-0.635564914033172,46.32829792748729],[-0.63604276318668,46.32802847206284],[-0.638197610784778,46.32861500318687],[-0.638271557621812,46.32841612978729],[-0.639495540850109,46.32903416946513],[-0.638961219120609,46.3301753227005],[-0.638925503921323,46.33122212114418],[-0.638192164775283,46.331798121258636],[-0.638080251147367,46.33205229264309],[-0.638137005285355,46.332396628498984],[-0.638381718550534,46.332690791119404],[-0.63792472305638,46.33288296790568],[-0.637678001460454,46.33353626926998],[-0.638066340809182,46.33358336195392],[-0.6377557403134,46.33403948785406],[-0.637605511401098,46.33493038858396],[-0.637787615205388,46.33580887418246],[-0.637281630822926,46.336614680954185],[-0.63740821988229,46.33663948484125],[-0.637231947101322,46.337021909528026],[-0.635795320886383,46.33755273534773],[-0.635178410413373,46.33827643570368],[-0.634933183867669,46.33834645861826],[-0.634861739117055,46.33846592349304],[-0.634405399463195,46.33853186359021],[-0.633556740942422,46.33835431035066],[-0.633302724827391,46.33878157433405],[-0.632904503342881,46.33860587577819],[-0.632037559151923,46.3378006016158],[-0.629458160667089,46.33625393461646],[-0.629072794522619,46.33617336488682],[-0.628750349116837,46.3361583964005],[-0.627392125733874,46.337890917010334],[-0.624897754938446,46.337545741701234],[-0.622807414649206,46.33769967159816],[-0.62157341347834,46.337951641017746],[-0.620139840546453,46.33855067459817],[-0.618753125145623,46.33897332579126],[-0.618103012805425,46.3393563434949],[-0.618959531017839,46.34000700511571],[-0.618462749025077,46.34032746320488],[-0.617573015873064,46.34118051404888],[-0.616688653693715,46.34089579946513],[-0.6155226026566,46.34178284376269],[-0.614613409499063,46.342933052142605],[-0.613503887833324,46.343672250668625],[-0.61281423538179,46.34428544812418],[-0.610684218956108,46.34510384402934],[-0.610437929435491,46.345316269063524],[-0.608893610620093,46.34615482959334],[-0.608523922387831,46.34654873639948],[-0.608207673658103,46.34666782206797],[-0.607868647976204,46.34713196693985],[-0.606844624712522,46.347551992572626],[-0.606569794952164,46.34745071966066],[-0.606290539503267,46.34751905125363],[-0.605934819191502,46.347414928479125],[-0.605067547728004,46.34733059612099],[-0.604175614798568,46.35044433386041],[-0.603643961190777,46.35353494959929],[-0.603398196894396,46.3543287484831],[-0.606915916733705,46.35513960654088],[-0.606939922977829,46.35554267813889],[-0.604979206219584,46.359506913846964],[-0.603663111228306,46.36102954696558],[-0.603107206576229,46.361484304530855],[-0.601397401077267,46.36114442940193],[-0.597078811334276,46.35986109610679],[-0.595934116218621,46.35963941673506],[-0.593168840524273,46.35892798846254],[-0.589071670791341,46.35781856348008],[-0.586215220271275,46.356944887506714],[-0.585772901390942,46.356929960447516],[-0.583199507782766,46.356479976090384],[-0.58225058806566,46.35622406443346],[-0.576962042343541,46.35544281027898],[-0.574623123015628,46.357340615700686],[-0.572899038262695,46.35793190806009],[-0.572194025213745,46.35839929494052],[-0.570048174561619,46.35815555294118],[-0.567225771979469,46.358655862635445],[-0.56720639056399,46.35901702460478],[-0.566008575379367,46.359235687637515],[-0.565947471908925,46.3593367520906],[-0.563994200483692,46.359510522105424],[-0.563916312144703,46.35977345840502],[-0.56203276413426,46.359559220856774],[-0.56174114519367,46.36057788616739],[-0.561603120276615,46.360717407163634],[-0.559303510842889,46.361151600288814],[-0.558960663683011,46.36128489452059],[-0.558425322044046,46.36168109190223],[-0.558150182820088,46.36209440262445],[-0.557591563127497,46.364252624456114],[-0.557022395085358,46.36508974426559],[-0.556072817433646,46.36606402102368],[-0.552010894151104,46.36959698185008],[-0.550798945096395,46.370383784648],[-0.549833006916813,46.37122961501039],[-0.548846403639617,46.37235911196932],[-0.548700790391095,46.37236274344481],[-0.548048413292439,46.37310505214428],[-0.546184548082053,46.37520556265525],[-0.545642177168917,46.37623918315454],[-0.544470495054827,46.37911494558708],[-0.543925795591976,46.38001342148009],[-0.543231610331366,46.380756095126586],[-0.542062560540325,46.382450944266175],[-0.54050383130952,46.38422367913746],[-0.538473366132381,46.38587402032461],[-0.538147553519829,46.38635374408795],[-0.539203305357186,46.3867662583751],[-0.540125212571686,46.38838895305828],[-0.543283129018534,46.38982050309177],[-0.544475255628835,46.39022512882504],[-0.545711019152169,46.390458927654464],[-0.547651247913931,46.391229652548596],[-0.550024139944664,46.392803524696035],[-0.550603465807578,46.39337859482051],[-0.552956754498759,46.393207054480015],[-0.554556366983148,46.39350514043336],[-0.557174546621109,46.39348029362676],[-0.560129689978152,46.39318887608681],[-0.560869317473619,46.39304409817403],[-0.563706195525217,46.393116832299],[-0.566153043496347,46.39308180902795],[-0.568117883147337,46.394023592462396],[-0.570485620849727,46.39544759197776],[-0.571848378342967,46.39610529744301],[-0.572313566815484,46.39686321577426],[-0.57239467664203,46.400810549744776],[-0.572396958592512,46.404050960199314],[-0.57216404113871,46.40664432904186],[-0.572155735200242,46.41008156981981],[-0.572319843804603,46.411374424931495],[-0.572193036721293,46.412961226742595],[-0.572233817944993,46.4138829673345],[-0.571694928571944,46.41576480265377],[-0.570691753169662,46.420789864422076],[-0.570121962870456,46.42220123080601],[-0.569892171783709,46.42345052452049],[-0.568969771458914,46.42553002060413],[-0.569227949824738,46.42583021784751],[-0.569155464188973,46.42617681261145],[-0.568440368010938,46.42877622353216],[-0.567946139073403,46.4298102361961],[-0.567772699535528,46.4310054798785],[-0.56676572999547,46.43462624660222],[-0.566584751682234,46.43594611214832],[-0.565962910626711,46.43869942162126],[-0.565682849515431,46.44181521871075],[-0.565789865075431,46.44253478019211],[-0.565517426726556,46.442855166821246],[-0.564718697602847,46.443442571885775],[-0.564369632719131,46.44380771296556],[-0.566174141904373,46.44458332352408],[-0.56713980680992,46.44543199450668],[-0.567664187636621,46.44573379345779],[-0.568468839809798,46.44583483574944],[-0.569038067932754,46.446502989124205],[-0.566681003157081,46.44681101540572],[-0.565817446938605,46.44680644468022],[-0.56523305139909,46.446743573599115],[-0.564877005901564,46.44662309182477],[-0.564730904485902,46.446761959210505],[-0.564486342828189,46.44683088934989],[-0.563790804681044,46.446903082068246],[-0.563380448424852,46.446809529688856],[-0.562621934027763,46.44629688596162],[-0.561926585460386,46.44635193543723],[-0.561535806321041,46.44627849740971],[-0.559692616433485,46.44694802054013],[-0.558065004738414,46.447144784023116],[-0.556966327747644,46.44787397995951],[-0.556526194597327,46.448043630022894],[-0.554146763487054,46.44833045723606],[-0.551811658927508,46.44937841318496],[-0.548893329868491,46.450222713478446],[-0.548893849189781,46.449729649383066],[-0.54867868694919,46.44898820282541],[-0.548061321878867,46.448197963999256],[-0.546656079786356,46.44698242064184],[-0.544790917416041,46.446032625304404],[-0.543985817778539,46.44542215991717],[-0.544562158289014,46.44475978913138],[-0.54479048913073,46.44381888379196],[-0.544786643451829,46.44335840511188],[-0.544687445813833,46.44313614398383],[-0.545647123945689,46.44289541931583],[-0.54670789695293,46.44238474053097],[-0.547424847285074,46.44135923955275],[-0.548803021639127,46.440657499929074],[-0.550163738755516,46.43938752135123],[-0.550558878965763,46.43920847717548],[-0.550915482078244,46.438177033072776],[-0.550092564829382,46.43801334377296],[-0.548205543538614,46.43796656055726],[-0.545888370625204,46.43770055754761],[-0.54285559322572,46.43715566666769],[-0.542218953772733,46.436988843655776],[-0.541452219370733,46.43666561085743],[-0.539991461094066,46.43629539715793],[-0.53913871157374,46.4358918917881],[-0.537755987927292,46.435397546718306],[-0.53455936802839,46.43497650011358],[-0.532927016081631,46.434612414121176],[-0.53125639911425,46.434039472386715],[-0.529597464962987,46.433807761285436],[-0.527401731089615,46.433378996518634],[-0.526220619494495,46.43323792731181],[-0.524271912743345,46.43273747489173],[-0.520946967844688,46.43238401398475],[-0.517098774576166,46.43165810045311],[-0.51554074408176,46.43151321480864],[-0.514041916376636,46.431234887864406],[-0.513142351758726,46.431193178610165],[-0.512037091236107,46.431256941068376],[-0.510295701568645,46.431159089159536],[-0.507519192091796,46.43075592421352],[-0.506324974070964,46.43075386296734],[-0.50489325591644,46.43056529359514],[-0.503515449939487,46.430201091580194],[-0.501860403768526,46.42955875280337],[-0.500276441994709,46.429048511408986],[-0.496920465012748,46.42769572393193],[-0.49609575102453,46.42670517816979],[-0.496542881483078,46.42556660177519],[-0.496398143397047,46.42420279630029],[-0.496760604202376,46.4226179425667],[-0.496940005391692,46.421207248449406],[-0.497047141105818,46.41990963374592],[-0.497022045312688,46.41837901755574],[-0.496698179079986,46.418307822158695],[-0.496017832363628,46.417941091809446],[-0.494977863954925,46.417188782434835],[-0.49456287661599,46.417098740155154],[-0.493665219763249,46.417123525982134],[-0.491906025247828,46.41741172815365],[-0.487424830572584,46.41852403476418],[-0.483665542858878,46.41984125879599],[-0.48136865980257,46.41911908588587],[-0.474158539646617,46.417496519547456],[-0.472668181398688,46.417382353266724],[-0.471941686322686,46.41708629185735],[-0.468008652518728,46.41596026471518],[-0.466372638352663,46.41527539647697],[-0.465366125255149,46.41510407364813],[-0.464336060685453,46.414787441919735],[-0.461835879436735,46.414242314941866],[-0.460700440595505,46.414133450098525],[-0.460314243514445,46.41537998201402],[-0.459333122103879,46.41702761469816],[-0.456452355411076,46.41615320590242],[-0.456467417903209,46.41558852006433],[-0.456871644372361,46.41472812628229],[-0.456875059111873,46.41453513916416],[-0.45559739019242,46.41390866585769],[-0.455160002949231,46.41436896956487],[-0.454864900848027,46.4140714556199],[-0.453921241135745,46.41382151777572],[-0.453105987439477,46.41350008682271],[-0.452944314517217,46.41323097752228],[-0.450394313025264,46.41280158122484],[-0.449791923595616,46.41405370751748],[-0.449325659064697,46.41539815574256],[-0.447472823711823,46.418559204528336],[-0.445868759942725,46.42052386320004],[-0.443626899661543,46.42359833898895],[-0.442185859491856,46.42507310785557],[-0.439028162975006,46.42710704115762],[-0.43786883326545,46.42769808264735],[-0.438326924426981,46.42789338690694],[-0.440484320077474,46.4284953409592],[-0.441157490501054,46.429289834333915],[-0.441146413599164,46.43056102337607],[-0.440972415806139,46.43090246023242],[-0.441710887574427,46.431037021866366],[-0.442513696193792,46.43097224999496],[-0.441787393589285,46.432022556746176],[-0.444651570519117,46.43382260355017],[-0.444585574027693,46.433912924395464],[-0.445251531943983,46.43454988399853],[-0.444970654976034,46.434788197872344],[-0.445449094184598,46.43544884267765],[-0.44521443643315,46.43569657759797],[-0.445098851164312,46.4354558095619],[-0.444217601570428,46.43518767500482],[-0.443436739325557,46.43524999226988],[-0.443342648722444,46.43495719920922],[-0.443225421157879,46.43491747256351],[-0.442606993394925,46.43503346940646],[-0.442166386068052,46.43521981072846],[-0.441981825968617,46.435125330549674],[-0.442159450605296,46.4347792766297],[-0.441961369648018,46.43467709238344],[-0.441686541560703,46.43468087334541],[-0.441291664423276,46.434972187509],[-0.441463279812082,46.43513015111976],[-0.441251281052465,46.43532401661076],[-0.441245532302194,46.43543955824896],[-0.441845678560512,46.436666178577504],[-0.441852424969663,46.43702109327466],[-0.441486122779367,46.437124973700016],[-0.441407063947493,46.43729770587171],[-0.441657331999115,46.43748304133978],[-0.441647072123737,46.4376717255027],[-0.441556225094746,46.437740260678154],[-0.441105496012992,46.43778719849268],[-0.441019872092833,46.43795922691839],[-0.441192245381752,46.43819107606978],[-0.440797809888025,46.4382624535179],[-0.440469357783722,46.43842918268587],[-0.440425526794344,46.43851973390226],[-0.440533329015092,46.438657990913164],[-0.440266227692113,46.438970685650034],[-0.439449472839744,46.438898858586825],[-0.438839826138191,46.43946522538328],[-0.438371871989504,46.43944597366839],[-0.438132051510868,46.439529808980446],[-0.438172939524733,46.439826911964474],[-0.438008721000813,46.44003465354625],[-0.437350692195974,46.44028881196584],[-0.437222130949477,46.44064870159865],[-0.436930722651274,46.440907139457956],[-0.436475268222427,46.44096231215201],[-0.436313122345664,46.4410582259132],[-0.436153138943655,46.44129197500911],[-0.436207261398901,46.44163374553178],[-0.435890539914684,46.44175954828351],[-0.436111953404866,46.44254243251441],[-0.436389102594285,46.44271975992262],[-0.436379914578843,46.44307064668678],[-0.436706152657011,46.444068491838664],[-0.436667413876522,46.4442607361048],[-0.436418707185409,46.44455574140596],[-0.435927411554121,46.44468409473686],[-0.435868238194174,46.4448210723745],[-0.436067378055783,46.44508457060348],[-0.43609178422105,46.4452857296726],[-0.43645660403521,46.445550549539725],[-0.437067225725422,46.446301886792256],[-0.437058345633805,46.44684384225922],[-0.436873443211963,46.44753080016208],[-0.437043947787025,46.44814667041671],[-0.437262514407281,46.44840777948187],[-0.437317089976952,46.44863236543359],[-0.437265609042497,46.44874657930608],[-0.436816283481651,46.4490449207496],[-0.436671905573007,46.44936112045857],[-0.436075310702765,46.44945388635758],[-0.435952360060612,46.449613513395896],[-0.435968675338207,46.449810409346135],[-0.435714938589517,46.44986040699715],[-0.435693786712941,46.45000074660515],[-0.435920110576444,46.4503021837161],[-0.435900156580076,46.45054433536784],[-0.435510206043444,46.45058491201295],[-0.435392922382905,46.4508966891455],[-0.434736886104189,46.45093625614675],[-0.434246110353768,46.45132235909215],[-0.433903241323538,46.451468769622686],[-0.433872526663379,46.45172656648967],[-0.433454448767688,46.45194193436912],[-0.433295836056145,46.45217743914225],[-0.433323986893157,46.45276965371777],[-0.433955773575572,46.45282095576867],[-0.434283220550944,46.45298866480838],[-0.434268351440812,46.453228860260225],[-0.433846656066799,46.45371833589837],[-0.434399862822669,46.454012648579166],[-0.434546814229389,46.454585967337955],[-0.434661310065032,46.45470600252942],[-0.434997878984757,46.45483197525552],[-0.43500853861446,46.455104751239006],[-0.435211433999854,46.455199593742954],[-0.43513877601396,46.45530903549477],[-0.434631538202161,46.45549644473573],[-0.434575579101175,46.4556846989408],[-0.434663328386562,46.45610477324807],[-0.434929276929629,46.45624819293908],[-0.435708750962305,46.45617967597861],[-0.435867122277946,46.456395731314075],[-0.435695495538067,46.45669382112006],[-0.435505742816316,46.45682841770555],[-0.435757334470368,46.457116477064176],[-0.435701094224106,46.45730023375335],[-0.435486941906514,46.45737878191883],[-0.43498872312141,46.45731625825185],[-0.434782163393621,46.457536082120036],[-0.435090679047835,46.457671912000045],[-0.435222786436027,46.457822962794005],[-0.435125565488772,46.45797730748062],[-0.43528546321089,46.458134732655125],[-0.43531728601276,46.458329359281045],[-0.43515413899955,46.45861727840185],[-0.435169947267658,46.45884753785792],[-0.434411470728388,46.45862880236727],[-0.43444693909508,46.45834292213402],[-0.434327399156793,46.45822574221488],[-0.434096764884595,46.45818761324231],[-0.433927260862483,46.45825039458705],[-0.434060259300895,46.45918195270494],[-0.433655763595626,46.45936536513514],[-0.433343436242836,46.460225590792746],[-0.433515049484681,46.46034120603372],[-0.433954202149665,46.46035594119746],[-0.433957626958559,46.46088670851478],[-0.434165420123994,46.46116256897744],[-0.433896492584125,46.461821400376444],[-0.434297399877294,46.46191209318735],[-0.434755406912782,46.46183252258695],[-0.435387248338878,46.46264902894594],[-0.435502916939936,46.46371900728741],[-0.435888472360681,46.46474571480423],[-0.435756012971001,46.46531391883837],[-0.435806390095014,46.466589556635576],[-0.435993176047253,46.46769074316489],[-0.435931101818105,46.46794768080369],[-0.436474262250023,46.46868032536539],[-0.436606590351897,46.46957945413656],[-0.436174047578722,46.470809233795315],[-0.436153248751591,46.47176254144408],[-0.436318290710188,46.47255973957026],[-0.436292283368756,46.47349247366735],[-0.435363752229451,46.47527795271261],[-0.4350536924062,46.47627871448244],[-0.434963177811783,46.47724403127664],[-0.434317370547583,46.478465791391194],[-0.434163527956794,46.47923382216899],[-0.433912406042931,46.478892566381845],[-0.431340635075223,46.479054570880194],[-0.431101762700327,46.479467332724184],[-0.43117265017846,46.47966078639844],[-0.431502458583406,46.479905047167115],[-0.431497252305945,46.48019542338155],[-0.431336227998452,46.48049769056375],[-0.431500201424625,46.48071899225803],[-0.431049958947577,46.48175369304033],[-0.430017517625789,46.4822867230602],[-0.428865251159787,46.48261604023185],[-0.428342727403532,46.482917435297125],[-0.428107632263822,46.482892944776694],[-0.427946763648794,46.482969876180874],[-0.427844156050593,46.48310184118201],[-0.42786962019859,46.48338228317865],[-0.427237769004416,46.48414481412817],[-0.427029293015018,46.4847513346205],[-0.426394028238981,46.48537696463494],[-0.426217612642177,46.485704921060446],[-0.425717060259578,46.48612822052443],[-0.425308449277452,46.48666502867746],[-0.424706614645193,46.48724187670712],[-0.423095141428291,46.48830232910101],[-0.422828999463177,46.48861494156645],[-0.421697137834644,46.48779621756461],[-0.42032736605804,46.487261304263555],[-0.419044298618938,46.48654802771872],[-0.419677825194252,46.48603876095173],[-0.42082192082886,46.4846624770941],[-0.421135553192329,46.48408797157661],[-0.420181200031937,46.48389212402034],[-0.419089220757487,46.48335338836789],[-0.418817539510514,46.48311997158113],[-0.417637964999655,46.482702815435275],[-0.417341102557839,46.48267113783174],[-0.416631090318025,46.48277168899998],[-0.416211826377481,46.482473280408584],[-0.415850656689062,46.48239395077487],[-0.412731318057257,46.48233666366643],[-0.410622489485042,46.48189311615168],[-0.410331140533502,46.48167829349259],[-0.409597413603574,46.48175427274732],[-0.408593669005495,46.48166435489547],[-0.408183192625121,46.481735185899424],[-0.407400240788334,46.481065448725296],[-0.407772507971948,46.48069653131124],[-0.406777396924535,46.47957526307469],[-0.40694573489669,46.47878251356995],[-0.407077728580016,46.47874432768039],[-0.40702223065956,46.478127696704114],[-0.406812392219475,46.47777614229397],[-0.406513135995013,46.47760120353211],[-0.406548107397754,46.477388357033036],[-0.407256665204155,46.476868809363786],[-0.406578766389832,46.47656366189377],[-0.406846490410328,46.476463745428894],[-0.407089855265769,46.475619186143135],[-0.404762848181405,46.47401667709332],[-0.404550211177445,46.473661597456925],[-0.403990025664769,46.47160532353847],[-0.403863424493647,46.470392353119195],[-0.404864056297718,46.46955857466734],[-0.405529054398913,46.46855183251565],[-0.406045053218712,46.46714394748428],[-0.40629215479685,46.46560798429604],[-0.406709391753028,46.464833044309295],[-0.407996783904254,46.46322638081107],[-0.407926012357212,46.463137462062456],[-0.407596114890904,46.46305537445011],[-0.40783369652407,46.46259944019497],[-0.406126270916217,46.46232591424809],[-0.406283007912529,46.46155694188572],[-0.407267673219466,46.4604081584267],[-0.408388304127096,46.45939050105386],[-0.408381172100456,46.459255519630545],[-0.407091654410025,46.4587180750481],[-0.407377151557192,46.45775598607073],[-0.408027909200039,46.45786004277868],[-0.40820351389906,46.457080588670294],[-0.408116844238379,46.456862358148456],[-0.407560404541389,46.45645175109936],[-0.407462134002857,46.454795398851346],[-0.407716605427404,46.45446423926809],[-0.408612827525673,46.454010273382224],[-0.408221845986815,46.453429793306476],[-0.407958964341536,46.45345927118725],[-0.407803092531738,46.45296821076951],[-0.408892784802494,46.45262653698968],[-0.40707329378565,46.451410019224504],[-0.407129792935172,46.451228975326714],[-0.408395636304241,46.45043049884745],[-0.407314250550342,46.44958942082189],[-0.406292945706511,46.448979075207],[-0.405233111531248,46.44852399180067],[-0.404322463547532,46.4482861691206],[-0.402758209023373,46.44802185621236],[-0.400806490157392,46.44802593347063],[-0.398908561704465,46.447491205747326],[-0.398235764315588,46.44832870598067],[-0.396827603597799,46.44770185374062],[-0.39496117115299,46.44530495972323],[-0.394583525463665,46.44497730443791],[-0.393149453366518,46.444204270577885],[-0.390104843429676,46.44348807198394],[-0.390399687743858,46.443491032414684],[-0.390471478905983,46.44342941517848],[-0.391006346978346,46.442343698132966],[-0.391224094309514,46.44028859879676],[-0.391043979518306,46.43955128700578],[-0.39052675358376,46.438780726841344],[-0.390405308969107,46.43456089072898],[-0.39080196005336,46.43253202013596],[-0.391428566614169,46.43107854760531],[-0.391381612568788,46.430847409792996],[-0.392522972268096,46.42847013033739],[-0.393055795306011,46.42794145503998],[-0.393291045324254,46.42786776489438],[-0.393776790678138,46.42792362183597],[-0.3940094660791,46.42764090685281],[-0.395014307087191,46.42692693714362],[-0.395902400581445,46.4259081893979],[-0.39603140722214,46.42548885394728],[-0.396137974802436,46.42433202620407],[-0.39713844962429,46.42239781160953],[-0.39483952891851,46.421792059754395],[-0.393169430474279,46.421007136010864],[-0.392474670795249,46.4205230693312],[-0.390067572659482,46.41939048168094],[-0.390559945293045,46.418715205267596],[-0.391119185639411,46.41815150188766],[-0.388008034960853,46.417200226589394],[-0.388477502250717,46.416533750865895],[-0.388994878508039,46.416135336035886],[-0.39009979215026,46.41571315416711],[-0.38910341216801,46.414945110974124],[-0.3896440718316,46.414691108963154],[-0.390137456722527,46.41420056770301],[-0.38903104817197,46.41359081603799],[-0.389305818261539,46.41308423939775],[-0.389400795849901,46.412599226515894],[-0.389691270311145,46.41217780487393],[-0.386372166243242,46.411082157698985],[-0.382603854589438,46.410199823645534],[-0.381946894480948,46.41000659591708],[-0.38131153063181,46.409699162086476],[-0.381225261832672,46.40979995937453],[-0.380137828827926,46.40911475741419],[-0.3786798925301,46.41018991827302],[-0.378082719930218,46.410751979266365],[-0.374672545941461,46.40933693876932],[-0.373147139252273,46.40860514270124],[-0.373077587637599,46.40876582525926],[-0.371881907652529,46.40805580883633],[-0.369942242495669,46.40730286784214],[-0.366882641691222,46.40571321655134],[-0.363298697337351,46.40402628856301],[-0.361558111688955,46.40303210856671],[-0.360428431428633,46.40256428151169],[-0.358217160949643,46.40126576702002],[-0.357551320342452,46.40096721624979],[-0.357416991354824,46.40088014096348],[-0.358651954060045,46.399545042322615],[-0.358106209026922,46.39912308890937],[-0.358406677194339,46.399052054397146],[-0.358891986254982,46.39870338984017],[-0.361680957434929,46.395379320635016],[-0.36285862510894,46.39506340446031],[-0.36387443245783,46.39469997526216],[-0.364139031808659,46.3945335453577],[-0.365276106313078,46.39334816124135],[-0.364700980303571,46.39259723674412],[-0.368140600690477,46.3901821123199],[-0.368259398172811,46.38995418385447],[-0.367654399308233,46.389563768597036],[-0.367708190932391,46.38933776027339],[-0.366037243778006,46.38843172993197],[-0.365727927601544,46.387449446924414],[-0.365298293364134,46.38664916816273],[-0.364361380796233,46.385669177895075],[-0.363576152717387,46.385417450024946],[-0.362388673011855,46.38489367421513],[-0.361649750988324,46.38437829512548],[-0.36118758756412,46.38450818387837],[-0.361021784847853,46.384353543919175],[-0.360791318086278,46.38371952496556],[-0.359501273055788,46.382712952960006],[-0.357416862039835,46.381875766917325],[-0.353283732972268,46.38222180432125],[-0.352130284656398,46.38212232891844],[-0.35270112823342,46.3796684895389],[-0.353317304408039,46.37975672110835],[-0.354223813852058,46.37698115584188],[-0.354896565641029,46.37627368606248],[-0.355360125255736,46.37644300499598],[-0.355488700161988,46.37639505842403],[-0.356704940926461,46.37470000007384],[-0.35732765906492,46.374090424152925],[-0.356480786402173,46.37315008681405],[-0.355894476898858,46.37272031098567],[-0.354242749320145,46.371988409273],[-0.353572744011493,46.37178550344444],[-0.353451659573676,46.371658379535155],[-0.354245026830564,46.371452981793986],[-0.354895235319355,46.3711003760614],[-0.357399242595158,46.36860311498385],[-0.358684240362539,46.3669078044949],[-0.356664651008815,46.36601373300397],[-0.356840021015771,46.36560479456487],[-0.355439916178416,46.36491777980459],[-0.354874393506168,46.36529133221137],[-0.354347414139453,46.36516894412864],[-0.353615539402099,46.36482636028253],[-0.354954136674326,46.36287985989004],[-0.352865086922524,46.36222931445396],[-0.351831363939949,46.362143450819964],[-0.350279127077092,46.361817756980365],[-0.349057855554627,46.36168781045017],[-0.349454491250712,46.36087401770934],[-0.350010112874672,46.36027546282233],[-0.351996402973324,46.358382961846296],[-0.352939193910512,46.35773064377303],[-0.351337240253308,46.35686836569448],[-0.351330262459468,46.35673337878178],[-0.352760847981017,46.355439425372914],[-0.353789036017513,46.35435557583618],[-0.352932801412742,46.35397789583702],[-0.350184292521411,46.353010532825394],[-0.34947780426076,46.352930354987876],[-0.349286951001113,46.35257725446414],[-0.348847948395969,46.35218908551404],[-0.348150353442043,46.351765250967595],[-0.348715822765468,46.3498631591803],[-0.349035220749438,46.34976544790968],[-0.352328619855685,46.349327931251814],[-0.353377355612064,46.34817768338837],[-0.353617043315058,46.34775694124319],[-0.353413525289975,46.34768542003244],[-0.35348530889763,46.347370562551774],[-0.351339875220131,46.34625750501907],[-0.350085994180874,46.345229059759134],[-0.349974762768378,46.345091729933834],[-0.34994916220237,46.344759008483166],[-0.349785454652905,46.34455111869937],[-0.349087250278009,46.34417958434173],[-0.350084176923174,46.34347972605557],[-0.351542668136842,46.34169105329798],[-0.347407396683675,46.34048682850818],[-0.346823932440504,46.34050036295872],[-0.345767580552176,46.34016546666879],[-0.343909314049823,46.33939985357649],[-0.342855697429289,46.3391090137786],[-0.340655375409861,46.33900500850987],[-0.341170344786241,46.33853115833101],[-0.342576602534643,46.3361411802564],[-0.343682185877296,46.335325527641864],[-0.343887439262492,46.33508607229319],[-0.344240215918547,46.33415280741076],[-0.346179697438719,46.333123378096445],[-0.346949185684611,46.33249421244321],[-0.34576455231424,46.33188909966769],[-0.345400536821976,46.33212781355521],[-0.345173677038955,46.33207769440174],[-0.344426934107957,46.33142005345346],[-0.343627883516349,46.3310343272489],[-0.341718811291724,46.33053875984389],[-0.340079326819925,46.33021731580507],[-0.338561548820236,46.329757991735846],[-0.337555968749648,46.3292701240228],[-0.337070936333105,46.32957274180519],[-0.335689279706583,46.33014946569048],[-0.334716539548723,46.33083948021312],[-0.333603272257608,46.32896947062314],[-0.332688631538189,46.32937476740977],[-0.330588410464933,46.32928387419823],[-0.328556959492906,46.3303436607443],[-0.327988863420892,46.33043686604499],[-0.326721760754423,46.330396365330266],[-0.326575472630532,46.330301497237905],[-0.326560560378745,46.32994953550588],[-0.326363660520874,46.32960018395732],[-0.326403441782854,46.32875723472297],[-0.326573014709084,46.32857202875094],[-0.327009807699509,46.3283952414363],[-0.327277874198644,46.32837479433044],[-0.327373807265379,46.32828366763335],[-0.327049313806672,46.32801825721892],[-0.327058817855018,46.32753309528599],[-0.326894442917286,46.32733330720077],[-0.326024124230207,46.32746236768863],[-0.325657837777042,46.32770739219914],[-0.325216777565103,46.327813999790386],[-0.322850696755124,46.327864114185715],[-0.321755513773415,46.32833947897782],[-0.321377874602256,46.32837662682127],[-0.321113215331101,46.328217608098264],[-0.320977366781365,46.327908828123554],[-0.320273737612471,46.327740973397624],[-0.320230422041526,46.32760614430321],[-0.320358000515603,46.327478951971074],[-0.320278173307479,46.327000001138806],[-0.319906748366486,46.32626097085862],[-0.319541376790096,46.32596428609751],[-0.319023787985147,46.32575314962673],[-0.318693044051262,46.325726735168374],[-0.317922342518608,46.32603939419129],[-0.31723652570738,46.3259286839553],[-0.316672318414294,46.325956829192684],[-0.316420845979317,46.32582175053414],[-0.316334554449789,46.32564310807757],[-0.315963193913808,46.32554756939817],[-0.316180644498894,46.32518614001987],[-0.316463625505732,46.32493996699845],[-0.318094600096957,46.3245905454296],[-0.319363759127406,46.324688759238875],[-0.319814826026383,46.32431871169727],[-0.320994566020411,46.32365163164414],[-0.321689684323739,46.323080687387154],[-0.321954521348359,46.32260069850783],[-0.321968836169784,46.32238668000335],[-0.32287925701388,46.322126695490645],[-0.325536125838521,46.32087299717244],[-0.325950999666559,46.31990914003784],[-0.326178908197087,46.31813869438773],[-0.326432924185324,46.31743909843008],[-0.326740495083298,46.316892956335344],[-0.327958995852887,46.31562711981923],[-0.328473086542468,46.31499111883053],[-0.328658156029914,46.31461258244044],[-0.328777650969807,46.3140115450261],[-0.328724990120691,46.312740484849456],[-0.329293242599324,46.310580642607036],[-0.329672124233055,46.30992515365832],[-0.329892188849532,46.3097159321081],[-0.330277657181018,46.30955324579439],[-0.331454248220229,46.30916192588927],[-0.331497309938973,46.30882268757484],[-0.329559699670324,46.30876219070363],[-0.327782512669625,46.3085167182396],[-0.32593786817669,46.30863730324362],[-0.32525511248934,46.30859505428644],[-0.323714393456188,46.30834531763507],[-0.321223118434541,46.30777629841737],[-0.321193999162141,46.30676141489653],[-0.320232371516292,46.3003471706601],[-0.32548705508678,46.292775427922244],[-0.324235174862937,46.2918584416537],[-0.323221793184214,46.29073620045748],[-0.321300611441415,46.289136629219826],[-0.320657158908407,46.28838841769407],[-0.319532667098651,46.28676107078161],[-0.318351504985253,46.28539853798838],[-0.317640109029916,46.284235904698896],[-0.319419146537273,46.28236166409611],[-0.319348673516744,46.28222852837086],[-0.321433993511865,46.279748676074064],[-0.32095203059335,46.27917510932143],[-0.321196429237946,46.278854334493055],[-0.321444988593304,46.278623565045905],[-0.32221125865929,46.27846330527188],[-0.321443006725052,46.278119810580314],[-0.322215506372596,46.27712028202391],[-0.321349745275718,46.27669040738322],[-0.321525038319602,46.27628061937835],[-0.322393575566996,46.27545042918484],[-0.322571724541723,46.275130683307616],[-0.322176782024368,46.27500521915572],[-0.32228862519607,46.2746423455117],[-0.321454110818007,46.2741484712711],[-0.323678947412541,46.27219624468319],[-0.326108352001585,46.27081120284315],[-0.327562146177534,46.270182870863174],[-0.328216452465143,46.270042964798094],[-0.32953938507987,46.269913235677535],[-0.330302798517656,46.26960158571708],[-0.330881476095498,46.269265595732435],[-0.329713687252939,46.268804970078655],[-0.327739139409022,46.26757931030682],[-0.324783764733752,46.26648592867862],[-0.323817497971464,46.26596077417806],[-0.322178614504213,46.264716205988314],[-0.319742221292802,46.263712094613595],[-0.317696448215033,46.26265508570679],[-0.310018095465999,46.26014246022833],[-0.30923891333924,46.25974152898572],[-0.308903424898146,46.25939348229957],[-0.308843467977878,46.259196946634255],[-0.308633596357416,46.25916429546457],[-0.308235975449012,46.25929302297034],[-0.307256369557216,46.258907820457125],[-0.304411210583255,46.25747275517106],[-0.302638377778543,46.2567527478425],[-0.301502983148047,46.256088121557234],[-0.302164860236419,46.25573093699759],[-0.303020861362457,46.255425793516046],[-0.30445676700205,46.25527864676859],[-0.305849017337755,46.25535536365062],[-0.306549168996995,46.255309780688215],[-0.307302225874418,46.255107637018504],[-0.308360842205607,46.25465145726289],[-0.308752556296112,46.25154510261419],[-0.309060495435335,46.25077186791786],[-0.309524501523264,46.25004456281929],[-0.308159459157038,46.24983551790316],[-0.306074083361732,46.24933645658043],[-0.303555564066423,46.24852638284074],[-0.305126053254818,46.24751279907152],[-0.306433194082272,46.24637706436286],[-0.310267099965442,46.24434224043037],[-0.310943550060158,46.24390706510541],[-0.313602578426093,46.2415025429675],[-0.312256109666484,46.24020156988026],[-0.309701929399635,46.23606698535063],[-0.3086619312107,46.236201794730135],[-0.307239249023683,46.23608635521723],[-0.304041348166977,46.23528614972214],[-0.3016775939357,46.235437716307125],[-0.299405370297217,46.235470314447674],[-0.294629006499726,46.235156351789165],[-0.293154452395723,46.234889926858465],[-0.289383063446912,46.23374812156558],[-0.287460584460312,46.233309821327516],[-0.284733125203386,46.23216021630516],[-0.28160694493475,46.23163671487512],[-0.280729823029532,46.2314114731476],[-0.277634511652572,46.23033900977019],[-0.275635631991386,46.22950977001528],[-0.274252232645596,46.22902598226632],[-0.272703713763367,46.228799282252474],[-0.270432582219805,46.22875827627668],[-0.270015858226792,46.22808620900118],[-0.269751918840507,46.22718893994265],[-0.268656564590218,46.22613352045049],[-0.268162327942826,46.225293338760345],[-0.268974658004113,46.22471842007945],[-0.269717274291108,46.22388954365307],[-0.270842699115716,46.222013206838675],[-0.271436274137872,46.221255297592585],[-0.272272249190887,46.22057783020437],[-0.273801253642501,46.21956946883858],[-0.274701292812822,46.21883516046246],[-0.276807612247948,46.21762536743758],[-0.278383044090791,46.21728703911183],[-0.27979029629328,46.21689405726701],[-0.28036018684486,46.216610841933516],[-0.28582058820498,46.21461277491986],[-0.287441248909825,46.21355920903993],[-0.288268863195173,46.213223435342165],[-0.289393231124121,46.21194896392407],[-0.289725542244669,46.21196999048713],[-0.289923229515455,46.21013830688647],[-0.289848145398266,46.209212177163],[-0.289994761420727,46.20804349932145],[-0.290151276442353,46.20755859473345],[-0.290482188831431,46.2070379983559],[-0.292254074177917,46.206432411872406],[-0.293331415403896,46.20591271529437],[-0.293577057276717,46.205637020145026],[-0.292711242113519,46.20516190244827],[-0.29237214627984,46.20485447957377],[-0.292176313922532,46.20481418741617],[-0.291668749344392,46.205051500543334],[-0.289716004172853,46.20487100303689],[-0.289825272208246,46.20446407360678],[-0.290545795195392,46.203276978544984],[-0.288795190229355,46.20192167417475],[-0.28779849872658,46.201405245684775],[-0.285591423040336,46.20061737678147],[-0.286488420724531,46.19927739898167],[-0.286948879253559,46.19899099957634],[-0.287228150964619,46.198973008250796],[-0.288331196625239,46.1976721169088],[-0.288477546800364,46.197018070071614],[-0.28948782308316,46.19523226501219],[-0.291024746669831,46.19281653411652],[-0.291677765450435,46.193122977452774],[-0.292793082322455,46.19341241740108],[-0.294425381871013,46.19364450068331],[-0.295799887503155,46.193927298819496],[-0.296634693775907,46.19242229880387],[-0.297342082464489,46.19231615411464],[-0.297559382124812,46.191549176811414],[-0.297035394644607,46.1914679455275],[-0.29671563957288,46.190876977246305],[-0.298908735404807,46.19119907311721],[-0.298970855838389,46.191153107400524],[-0.300758804391669,46.187915190884794],[-0.300786696041444,46.18715010229746],[-0.302077092592552,46.18702969172882],[-0.302456322928602,46.1868411193954],[-0.302865933299248,46.186230768262696],[-0.305151112766956,46.187049368356554],[-0.305486499602408,46.186499748832716],[-0.305810449438481,46.18649212660998],[-0.307442117058937,46.18673755626289],[-0.307646321646001,46.18633685345029],[-0.308602500055134,46.18525902816895],[-0.309404938154862,46.184902186245516],[-0.310688245124368,46.184515104464886],[-0.31338632037226,46.18312599566145],[-0.314053913071082,46.1830722759244],[-0.314093308509784,46.18295125676984],[-0.314696423638051,46.182603794562],[-0.315597529347007,46.181777165298506],[-0.31655959252047,46.17938502833399],[-0.317035591309766,46.1774523062247],[-0.317503893499283,46.17652923968826],[-0.317630792210704,46.17648227232165],[-0.31915426064982,46.17438735554372],[-0.323364727259921,46.17037251062643],[-0.323031264148124,46.170200207362676],[-0.323080811960257,46.16988330861026],[-0.323390945235422,46.16960655375075],[-0.323998669488704,46.168782121769645],[-0.324680737095764,46.168135766752584],[-0.326447509300472,46.16849862925093],[-0.327743066222821,46.16851385573905],[-0.328791835567529,46.16875891803277],[-0.330673014206505,46.16880471535482],[-0.331396520647426,46.16901242448041],[-0.33352608128074,46.17017750032908],[-0.334507424085803,46.17037942588221],[-0.335236585341047,46.170722138962184],[-0.336022200776786,46.17088383298452],[-0.336966436929903,46.17162670047265],[-0.33783354965301,46.172146504482086],[-0.337603564822025,46.1727372983811],[-0.338721394028001,46.17307037256962],[-0.338743608816857,46.173520365030605],[-0.338957396027771,46.17392056340042],[-0.339639861811058,46.17462423804641],[-0.339809918857439,46.17464717840439],[-0.341015138281743,46.17439092120872],[-0.341180093365014,46.17505392680561],[-0.340964537436448,46.176370744804615],[-0.341142232216481,46.17720011481598],[-0.341331605197241,46.177433387321265],[-0.342719282263831,46.178210937146865],[-0.34326707876605,46.17868331784669],[-0.343070399913127,46.178819793153636],[-0.343723455104121,46.17903941629897],[-0.345162320144632,46.17971899340342],[-0.347456112917228,46.18103311369076],[-0.349263775044152,46.18169456437433],[-0.351258275034038,46.18231262203952],[-0.350865826061392,46.18289742189755],[-0.350769409266313,46.18344284571756],[-0.351136079708225,46.18385834414535],[-0.352516663189446,46.184727023084385],[-0.351515296205145,46.18564614558301],[-0.353895872190863,46.186484406197934],[-0.353902779586381,46.186618495594445],[-0.355419641666092,46.18716766541186],[-0.356784231802226,46.18777268859199],[-0.355862299358708,46.18901397020181],[-0.355849433242322,46.18956684588185],[-0.356233715466941,46.19071366396528],[-0.356075366596105,46.191561054602026],[-0.357227788536997,46.19179379643111],[-0.357737591220731,46.19176881891077],[-0.358906059311362,46.19154320984622],[-0.363369769430085,46.19049545288575],[-0.366724158945335,46.189538974711354],[-0.368360904007217,46.18891002655935],[-0.369553721247218,46.188322159893545],[-0.370662702500364,46.18774307613474],[-0.371783175902778,46.18703475305447],[-0.373504718343885,46.18548748255251],[-0.374245808871305,46.18496254638435],[-0.375340499075847,46.18453255358404],[-0.378157333795255,46.183200521370985],[-0.37921592006894,46.1822911646037],[-0.379662020092863,46.182055271398454],[-0.37957759302821,46.182011816082074],[-0.379703990764099,46.18191522109034],[-0.382240586448239,46.18035617451843],[-0.383535907766836,46.17922701566933],[-0.386847151668658,46.1772734425699],[-0.387313475577197,46.176862059149705],[-0.387536277399685,46.176226297988656],[-0.389130011267889,46.17438694626689],[-0.39030715926486,46.17332341791488],[-0.391874158636831,46.17225003792377],[-0.392505026408055,46.17192024351139],[-0.392883220137788,46.17149073629967],[-0.392917440586932,46.17110034504944],[-0.393455061062034,46.17018657233032],[-0.393733628484937,46.169279635674506],[-0.393965421073272,46.167428613101734],[-0.394431186898311,46.16638178335449],[-0.394649253604123,46.165566783184055],[-0.394946118955754,46.16501892121888],[-0.395257116381656,46.164804123783235],[-0.396354321477615,46.16484252199118],[-0.397514624311942,46.1660038693877],[-0.397792675522491,46.16682746977498],[-0.39798956478032,46.16688557318419],[-0.398553648832803,46.16679839267654],[-0.399505016372276,46.16774785420103],[-0.399956578163559,46.168042589549174],[-0.401354805545089,46.16872899364208],[-0.404787780177105,46.17009258935093],[-0.404858112719495,46.17018061337201],[-0.40397408822182,46.170652363316314],[-0.40392495117333,46.17096839750212],[-0.405024737289755,46.17094174323621],[-0.405471042502112,46.17079586867656],[-0.40590881330432,46.170470884777316],[-0.406856268592329,46.169997216654686],[-0.407033433125094,46.16963317552429],[-0.406999329144374,46.16895910656152],[-0.406720265536982,46.16856007845525],[-0.406183677328972,46.168212937917104],[-0.405793607078835,46.168177766315985],[-0.4057429834025,46.168448780111376],[-0.405485452731405,46.16850066679253],[-0.40427499544411,46.168143976514926],[-0.404326016221609,46.167649423538016],[-0.404679827329724,46.16733056556813],[-0.405234639920024,46.16707327948368],[-0.405623555786448,46.16642167861431],[-0.40618145711861,46.166026392271284],[-0.407497359567496,46.16563810745631],[-0.408586334664345,46.1656270623444],[-0.409009366085395,46.16512855111235],[-0.40942578180206,46.164398595917916],[-0.409683691606419,46.163456178123575],[-0.411522241558691,46.162900728488765],[-0.41348578557866,46.162145001610696],[-0.415093162002354,46.16164871695943],[-0.415547729645928,46.161782864528476],[-0.415743964386129,46.16176794924383],[-0.417422221981824,46.161098246049185],[-0.423658583047275,46.160181229794404],[-0.42460573465113,46.159957081979684],[-0.424677573056093,46.15984044620888],[-0.42600745800528,46.1592234792245],[-0.427377813715576,46.15815460674513],[-0.428133436841385,46.1577307039932],[-0.430063293767886,46.15745881126953],[-0.430631790400364,46.157174842325276],[-0.432043558901324,46.15691496044906],[-0.43293861096017,46.15666797889015],[-0.43292735765174,46.155182914080044],[-0.433140414421276,46.15427693721059],[-0.434039968695822,46.15285987173688],[-0.434068744572633,46.15213883178501],[-0.433827081021933,46.15119973476233],[-0.433927962338414,46.15065678189938],[-0.434391301173689,46.14956476643364],[-0.434479212862533,46.14875270466272],[-0.434234740702966,46.1477686265469],[-0.434113907088268,46.14664650891463],[-0.433534269794815,46.14544542979434],[-0.433266622047358,46.145271453499454],[-0.432026449475047,46.14507730644747],[-0.430843797780547,46.14474530590329],[-0.429344675417659,46.14455715259722],[-0.427021024363513,46.144703931592524],[-0.426864342873725,46.14416785966748],[-0.426897534710989,46.14353682412046],[-0.426756589633571,46.143314843276016],[-0.425785431718109,46.14346132644037],[-0.425272375092132,46.14205630323081],[-0.429850572002479,46.139188828052305],[-0.430168599510051,46.139090887669795],[-0.432430055084059,46.13899008301116],[-0.4333235189733,46.13874313727003],[-0.435786461472127,46.1375121995375],[-0.435973533824659,46.1373731388266],[-0.435749520094282,46.1365083230217],[-0.436848753856054,46.13633894421753],[-0.437248594428523,46.13603660557038],[-0.449210852335284,46.133155380922766],[-0.448024058871525,46.13221888579291],[-0.449382733878351,46.131146462123745],[-0.449376837653882,46.13101143917821],[-0.448228912235341,46.13009449712393],[-0.447997125798406,46.12972747982199],[-0.448249280515378,46.12938722220365],[-0.44663371293122,46.1285574815894],[-0.446726674427615,46.128448299638606],[-0.445182113813235,46.12746856273559],[-0.444438486377659,46.12685658647521],[-0.438949934709518,46.123300482387634],[-0.438356058439079,46.123090437388925],[-0.43673956671498,46.123130388624496],[-0.43532429430986,46.12329942698388],[-0.435174747004078,46.12289835041862],[-0.433286385416141,46.12267427705066],[-0.429489354704113,46.1219003667899],[-0.417935793924103,46.12191183014854],[-0.421178864293,46.11328388055969],[-0.422454245506078,46.113306709261195],[-0.422770624542162,46.11316376828537],[-0.424522287454665,46.11195089479992],[-0.425349157275433,46.11166094229963],[-0.427536166970869,46.11138218099469],[-0.427838252417988,46.1109692555865],[-0.428714030689217,46.11036323289058],[-0.430984541468188,46.10918234282814],[-0.431794234875547,46.108577391505925],[-0.432155149182997,46.10802837395507],[-0.432970383193771,46.107512478406555],[-0.433984059524637,46.10708250700781],[-0.436171005373263,46.10554349797067],[-0.437056751843671,46.1051615377588],[-0.438543379188794,46.10512550212732],[-0.440199519308989,46.10458946876765],[-0.439630174000619,46.103568384033984],[-0.439237758705445,46.102227364162005],[-0.438225736711307,46.100137180104255],[-0.436701923251133,46.09814902500488],[-0.436553900686224,46.09779207110141],[-0.437168532867093,46.09757244906917],[-0.438893565492141,46.096691829766016],[-0.439103851600518,46.09673953493245],[-0.440285425228149,46.09618092468263],[-0.440255533050898,46.09495960786462],[-0.440371296313446,46.094636119279045],[-0.440891507487297,46.0948745186735],[-0.440835305819737,46.09499069440304],[-0.442331136746447,46.09649021467731],[-0.444283172235948,46.09807321174455],[-0.445232593796267,46.0993486287204],[-0.446249898250522,46.1001154194648],[-0.447416432686891,46.10059644631574],[-0.451551336503488,46.10280610799405],[-0.451913342983698,46.10293750651004],[-0.45329065448185,46.10320385039931],[-0.453838072890152,46.1018748179732],[-0.455770585437252,46.10227475200031],[-0.455860180554176,46.102071922432266],[-0.457005370158902,46.1023353773884],[-0.457401392165641,46.10220432975623],[-0.458318475379917,46.10226110286157],[-0.458903932917813,46.10246318365537],[-0.459620034879106,46.10237374544401],[-0.461976704006089,46.10158797620363],[-0.463081606931125,46.10186972567867],[-0.464279692552815,46.10233429856715],[-0.464756862390977,46.101969999297665],[-0.465004241432259,46.102009313994174],[-0.465105804826334,46.10211978268657],[-0.465704039397119,46.102215980059995],[-0.4667778871143,46.10225167126814],[-0.468077319593704,46.102186714813286],[-0.468998947927301,46.10237666410635],[-0.470970793058484,46.10263813379144],[-0.472556551796125,46.10353513038088],[-0.472814077483325,46.10395990019879],[-0.472879874573465,46.104999858859216],[-0.473703562392467,46.10462401122875],[-0.473750357128277,46.10470820766396],[-0.474713305862006,46.10438307109859],[-0.475344903201162,46.10430964237606],[-0.476669172622452,46.104717944575924],[-0.477314851908366,46.10507131936354],[-0.478233667550642,46.105297336858456],[-0.47882714939891,46.10535845935695],[-0.478863671405136,46.10525999213973],[-0.482379285311158,46.105954345586845],[-0.484054107345624,46.10637163349398],[-0.486832603936289,46.10672072975723],[-0.488366496015007,46.10750914401234],[-0.489217737205014,46.108097700448866],[-0.491025132011809,46.108274652909365],[-0.4912584343699,46.10825485457665],[-0.491249404830158,46.10807215438832],[-0.491457536861949,46.10802338497585],[-0.493110513073927,46.10795267268633],[-0.497091777510408,46.10710171249837],[-0.499320622819829,46.106896878765866],[-0.501729188964132,46.10648274282459],[-0.504384577472379,46.106525139445985],[-0.504448262012634,46.10662953465155],[-0.506070999013117,46.10669477252409],[-0.505473263421687,46.10800852238139],[-0.50699832042174,46.10824802817824],[-0.508432332608111,46.10831996891797],[-0.510267717099568,46.10871027987176],[-0.510928368913907,46.10896926476862],[-0.511434663562924,46.10900317166581],[-0.511588857590998,46.11068397966316],[-0.511776612448864,46.11143082059367],[-0.514043506970861,46.111352519993574],[-0.514001954969596,46.11120958596965],[-0.515375809452882,46.11167630732006],[-0.516388693079699,46.112475994203294],[-0.514806862739859,46.11313344024537],[-0.514000566741912,46.11390025138009],[-0.51362643881797,46.1140082854209],[-0.512473039677185,46.1141314308463],[-0.511746082429325,46.11445769781593],[-0.510966767795857,46.11514072345313],[-0.510329499190956,46.11589686732592],[-0.510016684667699,46.11637616279657],[-0.509537051131677,46.11753034122396],[-0.510779875841992,46.11789210738818],[-0.511182724867005,46.1181716895169],[-0.511354542181851,46.11850709423255],[-0.51129415212753,46.119366174728064],[-0.511695327907456,46.12010551076088],[-0.513091359250585,46.12146214312718],[-0.513419064490292,46.12145830716197],[-0.513811783025341,46.12155882006275],[-0.514155358410392,46.121782539888784],[-0.514786304272948,46.12195950044957],[-0.516871805780297,46.122765622358074],[-0.518118010222744,46.12337959565934],[-0.51877465558067,46.123532302330425],[-0.518253957735546,46.1246102752353],[-0.51769072543081,46.12498468252269],[-0.516362758599498,46.12560362300477],[-0.515166550480099,46.12558840071547],[-0.514072666283072,46.12579444121166],[-0.512895991104501,46.12756242066427],[-0.510994186644754,46.128170210874934],[-0.51146381180679,46.1302009104254],[-0.513167377590296,46.13016081052595],[-0.513237544144902,46.12998106675741],[-0.513790236902952,46.129987392885816],[-0.514255794210832,46.129888248753424],[-0.513931122057615,46.128320886005554],[-0.514076997430266,46.12798736555002],[-0.516352407462968,46.12679737292492],[-0.516886663299342,46.12694126428469],[-0.517403066559671,46.12692796466299],[-0.51832692071185,46.12726438769491],[-0.519166057410207,46.127876549555204],[-0.52356859966686,46.12886487791056],[-0.523732377741937,46.128972466217895],[-0.525137972259791,46.12940024168778],[-0.526157738260709,46.13003739189628],[-0.526763973810188,46.13029167554585],[-0.527140219074836,46.130316039025004],[-0.528232125030185,46.130017993968366],[-0.528890260193243,46.13003088401503],[-0.529399524591795,46.13057120485937],[-0.529679836690714,46.131119545534425],[-0.529355873716273,46.131202632434885],[-0.529332905641002,46.131288978503605],[-0.528371160928856,46.1313936958844],[-0.527316664235358,46.1316085526274],[-0.526976657475524,46.132269018618025],[-0.526169223718147,46.13231393687545],[-0.526870335865397,46.136141073349044],[-0.527019453910507,46.13650420562164],[-0.528233263942541,46.13612395587514],[-0.528379835653707,46.135903066902934],[-0.529246987253621,46.135495722704306],[-0.531137764768323,46.135198950839595],[-0.533228969957349,46.139725553483785],[-0.535771730777162,46.13992581142006]]]]}},{"type":"Feature","properties":{"fid":275,"ID":"COMMUNE_0000000009747579","NOM":"Sainte-Gemme","NOM_M":"SAINTE-GEMME","INSEE_COM":"79250","STATUT":"Commune simple","POPULATION":407,"INSEE_CAN":"17","INSEE_ARR":"1","INSEE_DEP":"79","INSEE_REG":"75","SIREN_EPCI":"247900798"},"geometry":{"type":"MultiPolygon","coordinates":[[[[-0.190628902525115,46.86380498023022],[-0.190884097991555,46.85946445419986],[-0.190719103270146,46.858960802422445],[-0.189993035202257,46.858454686414305],[-0.190456629606256,46.858274224385106],[-0.190684460896962,46.85826159834917],[-0.191911001051013,46.85760851087026],[-0.193125042658842,46.85643220868953],[-0.194381818833912,46.85575842882023],[-0.195064285230289,46.85550338469224],[-0.196589454686742,46.855060019665466],[-0.197483460754547,46.85493965677587],[-0.198196058737115,46.85495048660228],[-0.20030953285723,46.85454928712681],[-0.201280169057108,46.85443667478591],[-0.201998238249618,46.85409589212626],[-0.20236326813336,46.853760427232594],[-0.203023585317738,46.85288778223054],[-0.203951129774691,46.85242490908687],[-0.20406352245045,46.85228210499814],[-0.20246301288977,46.8507388984349],[-0.202068596752245,46.85053270813274],[-0.203143772163849,46.85032345124978],[-0.20784203895919,46.849769000793955],[-0.209922084144364,46.849362240975445],[-0.211007119898472,46.84894357296373],[-0.211087072461073,46.84869713622667],[-0.210860482119127,46.84833129684884],[-0.210772300017763,46.847951681352384],[-0.21133126292974,46.846325766346176],[-0.212399180265412,46.84508843695501],[-0.212792026084375,46.844891832420274],[-0.212844387365707,46.84440195912975],[-0.213169933386204,46.84400087487848],[-0.213162004244579,46.84333606456018],[-0.212904976275193,46.84294404541041],[-0.212947946605189,46.84260582345319],[-0.213098751026163,46.84242498965833],[-0.213490832370654,46.842370781506375],[-0.213475849532964,46.84198551748878],[-0.213576864858096,46.84174029170881],[-0.214240440824071,46.8412819982909],[-0.217862461067723,46.84088514595736],[-0.222118151911305,46.84056684807764],[-0.223460297933379,46.839838971049716],[-0.223790947743333,46.83983420879005],[-0.224741543645873,46.83958858338126],[-0.224791035570183,46.839493477761856],[-0.22464070114411,46.83917418605872],[-0.225218098886917,46.83896875705905],[-0.227616031402475,46.84073168980355],[-0.227878350378729,46.840726130134314],[-0.228132512113678,46.84053967071794],[-0.228455073059348,46.84044320643144],[-0.228805835806131,46.84092988505715],[-0.230815775404519,46.84043458722968],[-0.232453865481072,46.840398471303004],[-0.234949786611833,46.840476981626914],[-0.235339198344561,46.8403786173109],[-0.235553476193834,46.84073394571572],[-0.236024646985858,46.84099283322771],[-0.236547974625459,46.84098171185119],[-0.236937333309479,46.84088244251504],[-0.239305462156567,46.83974611428858],[-0.239724638188769,46.84018938295136],[-0.240052505148917,46.84018194895554],[-0.240626466711878,46.83985398300233],[-0.241019936774223,46.839845598785296],[-0.242216538931249,46.84017863592889],[-0.242686408152803,46.840393377712275],[-0.243107215532297,46.84068790049732],[-0.243653801383,46.84128436170508],[-0.245168398398774,46.842211264920195],[-0.248039690180642,46.84261232538921],[-0.251360785613097,46.84348271330343],[-0.254293893707305,46.84445139772884],[-0.255955231475915,46.84490902217199],[-0.256692973085295,46.84525219914281],[-0.257688962245373,46.845499745134674],[-0.258893998245517,46.84601260549783],[-0.26085589569704,46.84722852284878],[-0.262081295674742,46.84768580413599],[-0.262777574967781,46.84760117278112],[-0.263809157388083,46.8472177542353],[-0.26439348766286,46.84675780624902],[-0.265463762727694,46.84640661645224],[-0.266223047983467,46.84569026999612],[-0.266873627337905,46.84545822058783],[-0.26788279138772,46.84537908842735],[-0.26842990440126,46.84510851649496],[-0.26848093880543,46.84493134147521],[-0.268888824279092,46.844573707049165],[-0.268926768117028,46.844179725892786],[-0.269356122352549,46.84411255186206],[-0.269285987717604,46.84392980899537],[-0.269663290341037,46.84382716599094],[-0.270009146591557,46.84398675035048],[-0.270220079240266,46.84395642198187],[-0.270854951859295,46.843182300613655],[-0.271143004074532,46.84318942802682],[-0.27183120144292,46.843037382998645],[-0.271983854129879,46.84278161811391],[-0.271989115268746,46.84254266237312],[-0.272400394803277,46.84239398555841],[-0.272544112392569,46.84222949067598],[-0.272926241841494,46.84238082492612],[-0.273118316256025,46.842364544993195],[-0.273321476346858,46.84216231115615],[-0.273555243612334,46.84209708258843],[-0.27351280447588,46.841873001554525],[-0.273995833531289,46.84180338059309],[-0.274032408118884,46.841691497215876],[-0.273841235237232,46.84161403285669],[-0.273812644179522,46.84148868485952],[-0.273988881855998,46.84123224545399],[-0.274460731501741,46.84084753580147],[-0.275025871043851,46.84070257866076],[-0.275497134145466,46.84043863612893],[-0.275899953231895,46.84038931426553],[-0.276079620672368,46.84012466308547],[-0.276493713392648,46.84021830199574],[-0.276610244119597,46.84014739520916],[-0.277182992496484,46.84012837242473],[-0.277505026972173,46.84030663634783],[-0.278297408132604,46.84037957498537],[-0.278448147702859,46.84022298224167],[-0.278761588389144,46.84021584905108],[-0.278871397684533,46.84014242803593],[-0.27892906568017,46.83959828621057],[-0.279143491520155,46.83945249285654],[-0.279434320915113,46.83939733981196],[-0.279605928159919,46.83919509231134],[-0.280108029224149,46.83922402842359],[-0.280331309752873,46.8390076896935],[-0.280674362741615,46.83890418347253],[-0.280718520910622,46.838744319615316],[-0.281059876134936,46.83865618032553],[-0.281304177745222,46.83846176877335],[-0.282272384556217,46.83840259893731],[-0.282701912150787,46.83816594998978],[-0.283233397792216,46.838138161466745],[-0.283555340522644,46.83820646969642],[-0.283658624506231,46.83830715427012],[-0.283664550317397,46.83864311832478],[-0.283899261583763,46.83872382911932],[-0.285301403390283,46.83860898633996],[-0.28610152936644,46.83861496358104],[-0.28786264584931,46.83902692489035],[-0.288483886210202,46.83933087796724],[-0.28902112318472,46.8397868234783],[-0.289393249161115,46.840789088677155],[-0.289758213866049,46.841132806969824],[-0.289991360686497,46.84120904478181],[-0.290498730067337,46.841237785524015],[-0.290970694482299,46.84111614154981],[-0.29195155768882,46.841070046679576],[-0.292980619760457,46.84125506400591],[-0.293995825523552,46.841039450415046],[-0.29454318537897,46.841099469932395],[-0.294731388667059,46.84123556157443],[-0.295479283533145,46.84128893052214],[-0.295504985727973,46.84149546232919],[-0.29537861083131,46.841727979686546],[-0.2955900263102,46.842202243465316],[-0.295807702723608,46.84249879772406],[-0.29638893872232,46.84285612427527],[-0.296700317835847,46.842858013350394],[-0.297358482072737,46.84258051096308],[-0.297464395588438,46.842206193533556],[-0.297851847216488,46.842098659374024],[-0.297753758544119,46.84191132564543],[-0.298647031502746,46.84169916707152],[-0.298768611957234,46.84188402399201],[-0.298704244430768,46.84207781894036],[-0.299055103365856,46.84229665180337],[-0.299106977205651,46.84245827519989],[-0.30004532949331,46.842533186670295],[-0.300452601618224,46.842880165060436],[-0.301380179299405,46.842864357037406],[-0.302607058741423,46.84304000697886],[-0.30404229819512,46.84284198114778],[-0.304923378068196,46.84262381572973],[-0.305186818012704,46.842356708124065],[-0.30558009669268,46.84223726485746],[-0.305797446689197,46.84203276001532],[-0.305965643808717,46.842034233508166],[-0.306251672143026,46.84220173968612],[-0.307707372746112,46.84233921605688],[-0.308227890514351,46.84271174884463],[-0.307923939135316,46.84330445084839],[-0.308045532560086,46.84387590126029],[-0.308507375700521,46.84434113906577],[-0.308743404769845,46.844420861749974],[-0.308798096651754,46.84458510401965],[-0.309279264356023,46.84470012826287],[-0.309520134698807,46.84485901329109],[-0.310298722701314,46.845133994185595],[-0.311138005943343,46.84513416731981],[-0.31176474211164,46.84505213958925],[-0.311981453862925,46.84466560421063],[-0.313329929647682,46.844186992598345],[-0.313953737874501,46.843606687274715],[-0.314337918095165,46.84344602193766],[-0.314642460000725,46.84342192553119],[-0.315121700793896,46.843612679700556],[-0.31581478193264,46.843627846175345],[-0.316163196166193,46.8437196337624],[-0.317078585300939,46.84408344608005],[-0.317947715335022,46.84394933415108],[-0.318846265788705,46.844745282312346],[-0.318975562015224,46.845011904354244],[-0.319402871855555,46.84519062234068],[-0.319786174185392,46.84559410094321],[-0.320657051645126,46.84533825971569],[-0.321341031581761,46.84544016941583],[-0.3215457338667,46.845265737767726],[-0.322716258873634,46.84537701806469],[-0.323728136515377,46.84581369094751],[-0.324158225381714,46.845866146499915],[-0.32461586310991,46.846345864291884],[-0.326008968243512,46.84650925471659],[-0.326149726283873,46.846470038304986],[-0.326336251832278,46.846256471571124],[-0.327073302274229,46.84613151791649],[-0.327430186903748,46.8462536674647],[-0.327517161928971,46.846557552665466],[-0.327650533721897,46.846654626341206],[-0.327856989797478,46.84665856610337],[-0.328164180876899,46.84650638995942],[-0.328923002256853,46.846564635445155],[-0.329658462283292,46.84686236535394],[-0.329973512526652,46.84720110072923],[-0.330501613021816,46.847373256173405],[-0.33095931444089,46.84736180455428],[-0.331230951041028,46.84722957458654],[-0.331614528126523,46.84716619615843],[-0.332265722942755,46.84714012265845],[-0.33290167316469,46.84678104948436],[-0.33392086762815,46.84656676920501],[-0.334153066148552,46.84658346926049],[-0.334486738773548,46.84681891830012],[-0.334172158379948,46.847000163846346],[-0.334155223313914,46.84719440922389],[-0.334542733220745,46.84911441181347],[-0.334363724934154,46.8510706621458],[-0.331395753689447,46.85432701144815],[-0.330434996034064,46.856668158933154],[-0.329914471424834,46.857581702470476],[-0.331190445214752,46.8580782604762],[-0.331348300137692,46.858615298361165],[-0.333697514816947,46.85968543891966],[-0.333835713617077,46.85981751248988],[-0.332420940858488,46.86174106458695],[-0.329705093697457,46.86387438057305],[-0.329583639230712,46.86405722963123],[-0.329440343967229,46.866490948811816],[-0.329543780961155,46.86725395563101],[-0.330262990690041,46.86899133709279],[-0.327750881861043,46.87036350887014],[-0.325063049412299,46.87135860195343],[-0.324439676009058,46.871500073540155],[-0.32371117932228,46.87236912053437],[-0.322232800745674,46.873588740854316],[-0.321014442953265,46.87474226032008],[-0.319392116117726,46.87556677566748],[-0.318193089485138,46.875987054028535],[-0.31738162107975,46.87655565503945],[-0.31745030861681,46.87752603530296],[-0.317976730227102,46.87755952264344],[-0.317892849967232,46.8785063649127],[-0.318024096246123,46.87850348228941],[-0.318163695856121,46.87867969109489],[-0.317849503731766,46.88030724616854],[-0.31823338382316,46.88142353950408],[-0.31853298403952,46.881958305370794],[-0.316632503878816,46.88243032583765],[-0.316549816413219,46.882582302113676],[-0.316328352015524,46.882678800051366],[-0.314155152760711,46.88294776320642],[-0.313441217270928,46.88290073085831],[-0.312659867215198,46.882589790969135],[-0.310387405097511,46.882396539284],[-0.310211650668803,46.8824024953159],[-0.309719347177488,46.88262662395952],[-0.308680291059024,46.883108881614945],[-0.307852054529646,46.88323451881765],[-0.305973174200428,46.884642945558625],[-0.305336153788412,46.88531728495399],[-0.30445130454058,46.885850945065606],[-0.303774209660368,46.886450727725226],[-0.301588683229663,46.887921044401246],[-0.30121054565719,46.888078778261644],[-0.302237566148606,46.88989489070103],[-0.302650798519311,46.89029035884049],[-0.302980394039017,46.89032776240421],[-0.30388123102482,46.88994685482113],[-0.305760046819396,46.890469657152366],[-0.306213508308385,46.89139383951451],[-0.306248898931135,46.89192991373823],[-0.306715431673712,46.89328267045638],[-0.306722829476439,46.89348972444407],[-0.306457476345088,46.893987576278604],[-0.307499436081642,46.89533371437386],[-0.307944676446331,46.895563333593024],[-0.306523163343131,46.89613765514802],[-0.305942664294125,46.89664185221673],[-0.304987165907655,46.897227101855215],[-0.30382601634772,46.897738942765066],[-0.303189446359048,46.89792842786547],[-0.302509767588353,46.89827324344704],[-0.301724162098267,46.89929515628261],[-0.301651026750199,46.89964780272266],[-0.301936247957728,46.89958194933167],[-0.303503462532114,46.898786329930644],[-0.304629694993976,46.89845572665765],[-0.305938719748752,46.89795405039768],[-0.306929102283547,46.89750927282263],[-0.307090999440188,46.897297356172245],[-0.308239977386219,46.897103038644836],[-0.308485058479558,46.896940095523256],[-0.31031667459554,46.8964720105964],[-0.311095321575536,46.89615584096199],[-0.311587633280019,46.89605877404674],[-0.312031437663703,46.895706269729935],[-0.312796954076174,46.89554095955511],[-0.314359021884927,46.89541669724991],[-0.314888556697857,46.89564836949499],[-0.315226045676847,46.89564225607904],[-0.315586329865112,46.895514729429884],[-0.315464704234956,46.89526770905488],[-0.315775415192028,46.89497489429715],[-0.316992950200597,46.89480644848026],[-0.317124419401061,46.894635044085135],[-0.317102325737338,46.89442480847399],[-0.317239365060346,46.89434426090084],[-0.317404615630469,46.894359324702535],[-0.317953105135386,46.89474994277282],[-0.318311585038975,46.89474321516511],[-0.319154331719152,46.89390877401377],[-0.320431549285893,46.89338531329422],[-0.321251177508368,46.892924604359614],[-0.32171127126038,46.89279598024328],[-0.322186544762683,46.8925506657088],[-0.322616395975818,46.89250762022014],[-0.323007016710451,46.89233954220801],[-0.324629465470212,46.89208723073245],[-0.324910353826944,46.8921016474193],[-0.326691815509193,46.89242596723499],[-0.326731155380225,46.89261677925724],[-0.326935485234233,46.89269017710457],[-0.327054532908956,46.89293726140097],[-0.327623047569774,46.892818997275455],[-0.327990778727719,46.89292011199476],[-0.32992221987792,46.8927543166788],[-0.330723854009815,46.892750050350365],[-0.331391725111128,46.89285778993587],[-0.332666883581454,46.893263356375726],[-0.333771970976478,46.893234062689054],[-0.334916458928168,46.89286297385813],[-0.336024932492351,46.89265422678705],[-0.336306554584155,46.892872259686285],[-0.337720735951643,46.89231309097758],[-0.339721130287398,46.891689136089944],[-0.340207544164652,46.89226439179659],[-0.341100348655643,46.89245927089547],[-0.342542992033022,46.89242550196446],[-0.342689732660481,46.8927366527538],[-0.343082258745357,46.892727957794136],[-0.344122573172053,46.89252291351378],[-0.345009645226005,46.8931775296998],[-0.345416950994899,46.893854193259074],[-0.348839350793705,46.89362762038273],[-0.350675863805988,46.89358499551181],[-0.352781930509318,46.89367056928559],[-0.358367476717297,46.89245878019579],[-0.361065245306178,46.891615839834884],[-0.363619679141626,46.8910482791881],[-0.364974176011046,46.890929388237495],[-0.366023023277101,46.8910744552786],[-0.367404735232671,46.891435073267374],[-0.367873284132912,46.89226758199334],[-0.367837999558087,46.893073375438604],[-0.368223929584666,46.89392992846986],[-0.36850672833232,46.894185702011015],[-0.368658081437683,46.894737306332374],[-0.369051874082423,46.89472758493227],[-0.369828186361394,46.894484973251245],[-0.3709801107059,46.89508027827143],[-0.370156268949022,46.89567845614464],[-0.368206617171344,46.896755658700144],[-0.369056817815989,46.896938955771084],[-0.370830081750691,46.89788376359387],[-0.371003262409447,46.898025586624065],[-0.371135723001124,46.89835785134047],[-0.372222696122318,46.89942817200884],[-0.371795306288264,46.89965877717787],[-0.370659266306798,46.90058602032927],[-0.369888530697246,46.90091949140595],[-0.368969501495509,46.90094097981496],[-0.368083119437036,46.901592336150784],[-0.367076733646443,46.90247068834474],[-0.366708374614626,46.902974408248376],[-0.366735408622803,46.90351432875568],[-0.367755672260509,46.90420994558527],[-0.367976849361747,46.90470002929511],[-0.36808799301893,46.90559796338687],[-0.368754553206982,46.90580736502053],[-0.369422074314501,46.90617984940122],[-0.369681709131631,46.90644260730465],[-0.371224514406064,46.90857921923148],[-0.371953529794678,46.90928332860872],[-0.371929485533684,46.90950932915657],[-0.36932453758683,46.90999651830239],[-0.366157037932675,46.9109326604054],[-0.361408620206977,46.91199417273813],[-0.361343410188426,46.912553005383096],[-0.359703279844788,46.91259185477491],[-0.358026696656151,46.9145215140139],[-0.355066401345408,46.91706620186407],[-0.353919603747209,46.918275637272096],[-0.352869770544669,46.91858917315834],[-0.351376955620378,46.91916161030738],[-0.351137852190099,46.919547961429195],[-0.350587692392649,46.91960542146684],[-0.349086678950471,46.920619639969416],[-0.347357545067067,46.921944161332135],[-0.347444975184453,46.922400316255825],[-0.347859581434783,46.92331827417614],[-0.348296384150622,46.9237660757081],[-0.349242428516583,46.924450496368095],[-0.34925344187556,46.925095414401525],[-0.348717130988537,46.925504818646054],[-0.347917376389134,46.92586600472845],[-0.347675792206011,46.926085702035635],[-0.346461322396226,46.92814141124375],[-0.346463698570527,46.9282648022972],[-0.34681144064652,46.92854848064203],[-0.347050045941767,46.92889660853952],[-0.346963718966308,46.92956327791021],[-0.348851972438091,46.93178024775319],[-0.348953410326269,46.93284428257056],[-0.348850633897702,46.93307526579482],[-0.348569701010916,46.93302125118633],[-0.34839502863696,46.93311103792434],[-0.348194418679608,46.93339803281374],[-0.348200676043415,46.93371145737832],[-0.347785384439835,46.934037132424876],[-0.347550764846996,46.934603574891405],[-0.347385167035461,46.934691293849234],[-0.346934888120798,46.934707079336654],[-0.346754752007951,46.93496373789472],[-0.346399716973813,46.93500919640107],[-0.345960788798323,46.93535717868168],[-0.344528499664744,46.936342286957434],[-0.344097272901897,46.93675131699525],[-0.342941067056673,46.937159754831995],[-0.342066984642919,46.937279735276846],[-0.341583160930619,46.93726403032812],[-0.341354862449209,46.93710393622868],[-0.340765314149727,46.936974142768484],[-0.340435616825525,46.93698280112198],[-0.340131128900569,46.93714392540602],[-0.33891655230874,46.937438665120474],[-0.337613808825318,46.93815949165557],[-0.336985193947518,46.938100199932265],[-0.334829168064283,46.93898087756816],[-0.334589340628271,46.9392734864337],[-0.333533259646581,46.93921663353498],[-0.33379336058315,46.93940195604936],[-0.334093732492625,46.93983483269867],[-0.334199353799694,46.940800522526274],[-0.334645175567129,46.94139410104998],[-0.335171132807248,46.94243323466924],[-0.335357483080785,46.9450691373573],[-0.335223045363511,46.94530012048285],[-0.334642859376752,46.94570711310928],[-0.332239810929975,46.94685531267321],[-0.331436466197841,46.94921433588807],[-0.331033277149699,46.949825259001926],[-0.331222778628611,46.95003876207114],[-0.330570699988438,46.95051900060617],[-0.330381659749048,46.950825449401194],[-0.329548018076734,46.951114476676814],[-0.329350442012773,46.95179514894109],[-0.328041833727447,46.95210779759149],[-0.327421414528502,46.95231225067378],[-0.327401937989647,46.95240202711326],[-0.32801633960843,46.9530186982381],[-0.328153601718795,46.95343106706298],[-0.328206939699531,46.95412611778408],[-0.327149884885799,46.9563022806946],[-0.326853547432897,46.95666228381423],[-0.326382851073381,46.95756800870631],[-0.324998526126398,46.95770077058701],[-0.32394401837417,46.95831693333229],[-0.322805247303975,46.95869761157425],[-0.320623556226881,46.9597986074759],[-0.320889771822561,46.9603181090288],[-0.320788787597402,46.96053819491841],[-0.320130200429718,46.96065899646242],[-0.31993851467852,46.96081681144333],[-0.319509580216406,46.96092648879422],[-0.319685221720809,46.96226413856402],[-0.318605164510499,46.96493108850923],[-0.318908657754496,46.96648583732759],[-0.31998087816772,46.96750389553531],[-0.32088643884064,46.9678445787492],[-0.321404540135312,46.96965537295153],[-0.321951442625605,46.97009289123597],[-0.322758332667544,46.970433700767934],[-0.323947174382724,46.97054181130535],[-0.32571924379992,46.97050061811198],[-0.326825427127438,46.97024972355176],[-0.328748339252784,46.96925972690336],[-0.328927335011844,46.96889590118807],[-0.328848942918127,46.96862782017884],[-0.328567840839344,46.968274576158535],[-0.328909639367932,46.968010582792594],[-0.32930070018472,46.96816149656171],[-0.330080531698827,46.96825522091],[-0.330421510311537,46.96821292936447],[-0.330718637923736,46.96797184847238],[-0.330760522855526,46.96741282646339],[-0.330951701214749,46.967246897893205],[-0.331147900977598,46.96726916428543],[-0.333038324314344,46.97222041388428],[-0.334579796577263,46.972814755367565],[-0.334649800580156,46.972903746813],[-0.330858634319092,46.97600695246068],[-0.330877541936928,46.97616410708468],[-0.332097350700782,46.976601063167905],[-0.33352963222712,46.977003027374465],[-0.335498700512768,46.9780590012301],[-0.33959251810837,46.97961844523708],[-0.342486374179137,46.97974185956894],[-0.343751347203136,46.97988451312469],[-0.343864047488709,46.97998217401814],[-0.344125337339534,46.980034072484074],[-0.346175388834091,46.98026657255907],[-0.346382235319344,46.980056007799],[-0.346962969042827,46.97984450319631],[-0.348491085602314,46.97883680184776],[-0.350257667126871,46.978660225089],[-0.35048178035775,46.979195308018355],[-0.350677510087387,46.97914546374941],[-0.351163910083571,46.97836894965254],[-0.35288512619781,46.978607281807605],[-0.353338896577851,46.97800562968645],[-0.353110644418182,46.97782843151869],[-0.351504531958873,46.97728036418256],[-0.351679133363952,46.97682651239365],[-0.352109580510118,46.97623094966885],[-0.352505503129448,46.976267199560894],[-0.352691367434022,46.97603740667623],[-0.353659050548859,46.975655108399934],[-0.354249313628262,46.97564064129564],[-0.35491799828411,46.97585008028444],[-0.355149864692604,46.97585234480429],[-0.356543360590256,46.974737602532365],[-0.35709297616978,46.97514965176238],[-0.357928571726789,46.97598953182215],[-0.359514579103166,46.97659486971086],[-0.360237355591185,46.97697482451622],[-0.357141666402288,46.979534179949944],[-0.356964306570768,46.97994306304504],[-0.357411038885215,46.98037252549059],[-0.358151021328559,46.980435685946134],[-0.359017494172995,46.98064835418583],[-0.359524200490263,46.980856178816865],[-0.360789330256594,46.98159250791201],[-0.363654752846556,46.98273633959341],[-0.363660989590895,46.98328045927131],[-0.363463299125818,46.98389090495016],[-0.364156608904804,46.98449338316541],[-0.3648255409145,46.985274998855395],[-0.369095744514902,46.98708421657906],[-0.370596562541851,46.98817402440709],[-0.371226804044328,46.98892429503313],[-0.372173831208737,46.98939044512483],[-0.371737724547942,46.99004122004721],[-0.371429242286721,46.99094329125201],[-0.37060932719312,46.9918386811487],[-0.370696330035524,46.99249398696952],[-0.369651593490689,46.99362843850083],[-0.369651133621822,46.99383211442087],[-0.369899021250561,46.99434303970108],[-0.370321713656899,46.99423606677706],[-0.371595145494029,46.99433852813627],[-0.372041206248586,46.994289441252384],[-0.374479672081415,46.99360262832708],[-0.376208236377021,46.99297980127137],[-0.378325226922439,46.99273487357272],[-0.379282163186966,46.992536518629976],[-0.379690677302171,46.99251914130301],[-0.380440757203502,46.992319628680036],[-0.381678535973264,46.992505029337316],[-0.382573837352787,46.992311157306624],[-0.382855825685096,46.992334427404785],[-0.383224434602118,46.99258405264849],[-0.383935475814941,46.992896624806114],[-0.384434238096189,46.99301626393583],[-0.384961424139545,46.993253119903876],[-0.3854869630905,46.993211560621965],[-0.38704914701501,46.992835865656396],[-0.387613551449565,46.992931034205434],[-0.387883541219825,46.9930988318864],[-0.388927529363772,46.99344845447097],[-0.389404716017161,46.99347588590914],[-0.389748596977044,46.993372958877906],[-0.389856764467005,46.99356443272469],[-0.391265278336254,46.99437012728919],[-0.392170381338019,46.995485295723086],[-0.392542278747324,46.996184480953524],[-0.393114932819745,46.996724560180205],[-0.393478135037941,46.996886899949146],[-0.394905088501117,46.99708281809477],[-0.395750376317717,46.99745445145787],[-0.39624227670732,46.99786171768541],[-0.396799033686511,46.99858788973974],[-0.397307879557459,46.99907575839718],[-0.398471850393396,47.00001023174904],[-0.399560527184361,47.00073153274647],[-0.40015229318873,47.00094569259466],[-0.401841302210346,47.00126357295688],[-0.402788196963443,47.00169884803829],[-0.40408057769538,47.00268264985612],[-0.405207825003431,47.003950677546754],[-0.407285275482289,47.00564122185944],[-0.408175486002021,47.0061574334497],[-0.409402424762241,47.006602407384364],[-0.40942805760572,47.006695372255884],[-0.409020095619349,47.007223802864864],[-0.409257134135327,47.008494666682914],[-0.408461487314494,47.009643745447434],[-0.407958439304366,47.01010649069403],[-0.407591251746382,47.01065533823327],[-0.407671410700701,47.01092332316136],[-0.407551413787945,47.01115125996365],[-0.406921084761222,47.01170607410781],[-0.4053823774598,47.01344210263878],[-0.403547367782892,47.01530760460399],[-0.401237576947782,47.01610205980642],[-0.397851486785961,47.015038415633136],[-0.395928577045633,47.014234411816645],[-0.393969451926827,47.01354498988803],[-0.393501860123956,47.01327487599021],[-0.393068165627712,47.013187601561064],[-0.389704597479506,47.01205728007988],[-0.388530888357607,47.011808791756444],[-0.385058931671393,47.011342076267624],[-0.384391860111084,47.01219702473013],[-0.383360964723519,47.01309147517354],[-0.382686650297301,47.014062874146866],[-0.382468075303093,47.01461178145812],[-0.381842577162616,47.015248313325074],[-0.380694614201709,47.015684773154206],[-0.378762648386008,47.01685789955463],[-0.377853088692804,47.017167493870794],[-0.376799189020063,47.01719203315941],[-0.374415617109694,47.01765647083631],[-0.372782748338788,47.01782046038493],[-0.371969695306707,47.01773518322247],[-0.371958071035819,47.01780220842812],[-0.374201497922043,47.01893156072144],[-0.375475681517497,47.01971074245466],[-0.376190468246387,47.02024674607001],[-0.377333814090607,47.021713714902965],[-0.3791431801742,47.023188207617835],[-0.380151865090021,47.02496458666353],[-0.383464026749907,47.028460444870824],[-0.382907762301186,47.028963376543615],[-0.379614871678885,47.03040437395894],[-0.379858889398991,47.03038641442594],[-0.381724964793926,47.031035555509035],[-0.384803889445375,47.03244482734155],[-0.386202319263008,47.03288592776979],[-0.389354414238226,47.03405052547907],[-0.389765954130206,47.03422317763175],[-0.391074273166557,47.03511654643279],[-0.392289873171949,47.03558277301336],[-0.392801400617329,47.03562631381373],[-0.393207296120429,47.03547830701811],[-0.393833909766538,47.035444564745546],[-0.396536809436166,47.03581293760868],[-0.397849281909064,47.03586983240802],[-0.398009820019818,47.03582365296484],[-0.399908558396668,47.03648236340777],[-0.402468318712008,47.03489297971137],[-0.403028102223722,47.03476112779385],[-0.40465802840219,47.03468963078034],[-0.40579104581717,47.03449309311673],[-0.40622824679934,47.03358893707574],[-0.40777096099649,47.03205376727948],[-0.409455940698097,47.032979971426826],[-0.410834443798393,47.03420718857928],[-0.412408886146399,47.03538444070797],[-0.4120986660923,47.03575227728428],[-0.410644262056198,47.03691181031787],[-0.409703415685628,47.037834466526036],[-0.407106249798308,47.039832442390015],[-0.406048062069884,47.04102797635117],[-0.404380034455095,47.04187741457661],[-0.404523233543054,47.04209938366698],[-0.405276176891206,47.04266653707327],[-0.402321112554202,47.04539227194874],[-0.401950791169942,47.04589612064475],[-0.402024395955106,47.047334909144446],[-0.401596712140489,47.04797471918361],[-0.398649398197111,47.0495754665626],[-0.398721068648005,47.04970853065644],[-0.399267890426336,47.05010065753096],[-0.400660455524191,47.050293049786454],[-0.401648365951047,47.05157423464595],[-0.402886839464204,47.05262544105755],[-0.40337505761892,47.05315354988977],[-0.403715754447966,47.05337059951018],[-0.403525480869696,47.05351048124351],[-0.40125740755528,47.054239666578496],[-0.401067067817527,47.05437864473399],[-0.401211806613241,47.05464563015886],[-0.402467514840268,47.05601083864681],[-0.403640239802487,47.05706307502763],[-0.403581572478132,47.05719907700832],[-0.403066481709495,47.057436844578],[-0.403689860604806,47.05931180626907],[-0.403925688518593,47.06137661812549],[-0.403899591716924,47.062174912129905],[-0.403102583006931,47.062877874079554],[-0.402366340142371,47.063352849206076],[-0.400453676438741,47.06403638735992],[-0.399049038383708,47.064787847473845],[-0.397658309684417,47.06519554038133],[-0.397844991981452,47.066148875729],[-0.398115883675926,47.066429274793265],[-0.398820766130376,47.066752773819694],[-0.399705567786981,47.06773332105101],[-0.400115634658004,47.06898646993249],[-0.400369338415938,47.0691403074938],[-0.400800837365658,47.07029369622668],[-0.401182942945507,47.07064290646548],[-0.401197480967705,47.0707479133641],[-0.400754541639737,47.072215417388485],[-0.40026804624657,47.07493770327567],[-0.398723134435058,47.0788878560997],[-0.398063017077681,47.07971650800522],[-0.397486884761983,47.080789600184524],[-0.396735454963491,47.08307988675761],[-0.396595457554725,47.084270814150045],[-0.396579880198792,47.085803222223156],[-0.39669084369943,47.08678941914615],[-0.396586461422643,47.088231618565],[-0.396665478837566,47.08822929562694],[-0.396655927837005,47.08839178271145],[-0.396515725704646,47.08978907571277],[-0.396061041568899,47.091535342716384],[-0.396158548803073,47.09163791078118],[-0.394564418572008,47.0916766439001],[-0.392142934041305,47.09192438086119],[-0.39012117779894,47.09194046081232],[-0.388278858940243,47.09227114879151],[-0.387616981984142,47.09232119403302],[-0.387114027327242,47.09227556189739],[-0.386960935181571,47.09112028183235],[-0.387156907862797,47.090102556169555],[-0.387129050280124,47.08957530419185],[-0.386348850138391,47.08734261694522],[-0.384548926735752,47.0874007640979],[-0.383694777279825,47.08751859946952],[-0.383157620879619,47.08793623775514],[-0.382269615622921,47.08843983996507],[-0.382016474697404,47.08844274425657],[-0.381367887287373,47.088220222133124],[-0.380839545928148,47.08959910521668],[-0.380665696885916,47.089793430900485],[-0.380012208438211,47.089534998859264],[-0.379577747930347,47.089150305752085],[-0.377663987984205,47.08874037885384],[-0.376532317366952,47.088640988634495],[-0.376022293383021,47.089113669173685],[-0.375421278144375,47.08925017841057],[-0.375162261531834,47.08911716778596],[-0.374921286386695,47.08914583397992],[-0.373945095255461,47.08940142956013],[-0.373504320033091,47.08961074692505],[-0.373233354293984,47.08962406471043],[-0.372603059966544,47.089925420042135],[-0.370857837943794,47.09018450927995],[-0.370557165417912,47.09044019090245],[-0.37043788991842,47.09074825300037],[-0.370208243475929,47.0909793334014],[-0.368791519917447,47.09170280334821],[-0.367043900390963,47.091650111372104],[-0.366836324118303,47.09174897630779],[-0.366364350805608,47.092389013006326],[-0.365347362572868,47.09258444454444],[-0.363833140744119,47.09269882336902],[-0.363620553819221,47.09267527458395],[-0.363279964518742,47.092440081466606],[-0.362211221090981,47.09284244861941],[-0.361830905617128,47.09309141174392],[-0.360883341827448,47.093511867300904],[-0.359884260647445,47.093254363166345],[-0.359126875820739,47.09365665813643],[-0.358828367198381,47.09369417138708],[-0.358477340645084,47.09360885489899],[-0.358283080301584,47.09366766718652],[-0.357055486704771,47.09431700376953],[-0.356518473403789,47.09484714570936],[-0.355500710150552,47.09488301165971],[-0.354606794567235,47.09521264412414],[-0.353788911623054,47.0953859706593],[-0.353381452943577,47.09515719568776],[-0.352527828391783,47.09431057856418],[-0.351836761107183,47.09376472106814],[-0.350852098152188,47.09327152891337],[-0.350595402379104,47.09306901093519],[-0.350373493515414,47.09281051535676],[-0.350444018908264,47.092480462],[-0.350202506065563,47.09235229615406],[-0.350163757544348,47.09191997979482],[-0.349763988035275,47.09170809138992],[-0.348919700909169,47.09164695745282],[-0.347509822901087,47.09178423061451],[-0.346553576466361,47.091768675545275],[-0.346198393185166,47.091870876085636],[-0.345536758076344,47.0918188458766],[-0.345408706013337,47.091647736019766],[-0.344618605881917,47.09175801698557],[-0.344448089677556,47.091859372280396],[-0.342223490998777,47.09188048516447],[-0.340916532352913,47.09206065733821],[-0.341058151902958,47.09057782781566],[-0.341453774621975,47.09046816578561],[-0.341776318557755,47.090158765304636],[-0.342039529249744,47.08940322375331],[-0.34211847237714,47.0887187930392],[-0.341763513337882,47.08737738055702],[-0.340189684559946,47.087549947194525],[-0.337941099672626,47.08796906912869],[-0.335462330935099,47.08801632248931],[-0.320436450885726,47.091209203993834],[-0.317926090142861,47.09138854603234],[-0.316819428853014,47.09167262730827],[-0.314144181867144,47.09163855164422],[-0.312555359833377,47.09225721230368],[-0.311098711812286,47.092880172619104],[-0.30971148328382,47.09371018093733],[-0.309316859631355,47.09407381384089],[-0.308312720448221,47.095513690639734],[-0.308124133065937,47.09564434250538],[-0.30728210094497,47.0957918949582],[-0.306851615233218,47.09602318179776],[-0.306406908308609,47.09640986297913],[-0.305764144352445,47.097224823556914],[-0.303252459111975,47.09816259952071],[-0.302243660426335,47.09843202289262],[-0.301311904877292,47.09911914736161],[-0.297915353292879,47.09970271439707],[-0.296641086522655,47.099796740185155],[-0.295217975776745,47.10002475329939],[-0.292610502310216,47.100695592857285],[-0.287503718926546,47.101693401254046],[-0.287382962188454,47.10159591413687],[-0.284819603147008,47.10240859087047],[-0.282829483325395,47.10349057205437],[-0.282712128629886,47.103448850968796],[-0.282550447815963,47.10315608453177],[-0.282256374176697,47.102336337910856],[-0.282283436085411,47.10132905561949],[-0.281389343691313,47.09954055695757],[-0.280982183889592,47.09955031462953],[-0.280847880092992,47.09990194681949],[-0.280442828167127,47.10011979361221],[-0.279666961944717,47.10022921904526],[-0.277886668862308,47.10070413728414],[-0.277080904173233,47.10066931833488],[-0.275837498493704,47.10044685870538],[-0.275043808434822,47.10043691379543],[-0.269406818726747,47.101117340182626],[-0.268784805772034,47.10128361261428],[-0.268591705975796,47.101428741350816],[-0.268221072597889,47.101475265957745],[-0.267861504193067,47.1017260216238],[-0.26739023977792,47.10181053086959],[-0.26733272141264,47.10349537302768],[-0.267499631836201,47.103679881067094],[-0.266314234862481,47.103413327775826],[-0.265280659556841,47.1034524443837],[-0.265730252225144,47.10549239736553],[-0.262620246526156,47.10569826759198],[-0.263214613993588,47.10350538840097],[-0.263085857156982,47.10299180535754],[-0.261876570996592,47.103049368525],[-0.262099684932276,47.101503131056226],[-0.263050506987966,47.10157991406787],[-0.262905431019052,47.09900963027834],[-0.261938175845376,47.099183810764316],[-0.26172961443326,47.09916086270861],[-0.260564042636926,47.09976503572122],[-0.259756826136919,47.10003289945122],[-0.259662464437178,47.10015270087557],[-0.259327675996603,47.10009366118071],[-0.257663301722003,47.10017482834866],[-0.257545873457313,47.10050252541917],[-0.257418893348329,47.10054124636256],[-0.256934905160625,47.100502624203976],[-0.256211607524305,47.10008508272328],[-0.255873060230056,47.09998559068655],[-0.255681380282731,47.10000180341332],[-0.254786150201282,47.10088844558532],[-0.252152567009846,47.10235924478405],[-0.251376720107072,47.10271086555493],[-0.250564422038565,47.10250213852073],[-0.250010740928936,47.103736858257335],[-0.247415139093855,47.10507581751264],[-0.246440049790613,47.105166284246614],[-0.246140509260643,47.10542969955862],[-0.244254219860228,47.10572955250973],[-0.24266454851073,47.10571739358788],[-0.241083510324762,47.10556350339704],[-0.238994827144457,47.10504356911996],[-0.238794698397105,47.1050293537276],[-0.238240838792657,47.10518994369784],[-0.237969241333689,47.10517232275568],[-0.237649262149288,47.10494250412758],[-0.23756706563742,47.10467268503354],[-0.23566234573216,47.10420430618734],[-0.234070402672242,47.10360369973738],[-0.233634322039109,47.103241959720044],[-0.233306720335482,47.10281861442951],[-0.232262168933108,47.102102651976175],[-0.230894676787033,47.101590338383225],[-0.230237011778691,47.10120774863067],[-0.23004646967107,47.10102294983769],[-0.229605795038636,47.10003328361459],[-0.229471743902662,47.09984420216456],[-0.229312899623399,47.099791873760694],[-0.226763871660826,47.09966573797005],[-0.226231991456301,47.099774297134346],[-0.222972766369497,47.100018413259924],[-0.221620607206459,47.09973803913474],[-0.220684665984002,47.099378472027276],[-0.219509581258822,47.09872640854518],[-0.218593485333539,47.09836717347576],[-0.21808873333721,47.09837762540134],[-0.216716511295716,47.09866632119136],[-0.215688294138685,47.09863906991285],[-0.215495840261234,47.098531792656495],[-0.215319359969145,47.09789605168252],[-0.214909754112751,47.09744430396257],[-0.214225103568669,47.097247995418904],[-0.210535104290027,47.0967045087141],[-0.207451975355219,47.09524931835606],[-0.207168062641476,47.09495714717416],[-0.207059161157607,47.09372572585853],[-0.206141944533348,47.0931672944286],[-0.205301126009044,47.093582577759],[-0.203895421341493,47.094083799375966],[-0.203638162810488,47.094239605128635],[-0.202972695196165,47.09487527204022],[-0.202228291293408,47.096025819887856],[-0.201661694237558,47.0963496778143],[-0.20045463501463,47.09677596990452],[-0.199384325750952,47.0973723655881],[-0.198212871709733,47.097487686597276],[-0.197476971584493,47.09744948122969],[-0.196953101582559,47.097537860097646],[-0.195675443162192,47.09777593230469],[-0.194140957645944,47.09826707428774],[-0.19280663033572,47.09859588364303],[-0.190313330271745,47.099474776410034],[-0.188311349772191,47.100630196036015],[-0.186649395155069,47.10140046919212],[-0.186276421460763,47.10192164273557],[-0.186498188255616,47.10328421099881],[-0.186807346701333,47.103892900677565],[-0.187630660640224,47.10496135891899],[-0.187747074466104,47.10532307012061],[-0.187711614441363,47.10570518849766],[-0.187492896792972,47.10606803242624],[-0.186772800844692,47.10649966336672],[-0.186359687795316,47.106543489586386],[-0.185301079012305,47.1064059743565],[-0.1850432767665,47.106442812702205],[-0.184779795546998,47.10660685350755],[-0.184694872640817,47.10697861948387],[-0.184762065817644,47.10737863171175],[-0.185265032866223,47.10840817635485],[-0.184552802310342,47.10854944055245],[-0.184086811947977,47.10839108015773],[-0.181510283396211,47.10813855123263],[-0.180760084849432,47.10812856164079],[-0.180394002454035,47.10825396729642],[-0.179854270539145,47.10816519688727],[-0.178334690715364,47.10775286706375],[-0.177211919708667,47.10728816391436],[-0.17628956407285,47.107021577303406],[-0.175855004769289,47.10681366508136],[-0.174564115489705,47.10591385114145],[-0.171617005928775,47.10494505004327],[-0.169165469772226,47.10434552853625],[-0.167332474773863,47.104008328220154],[-0.16401480006501,47.10378113045216],[-0.162731888617868,47.103484662912436],[-0.161357251768954,47.103311428362005],[-0.160798624891009,47.10316902611197],[-0.159331232230715,47.102583831022734],[-0.158361459199605,47.10233822436135],[-0.156745717819876,47.10163000638518],[-0.152854907799485,47.10105323004231],[-0.1519729134474,47.10102142298107],[-0.149142129849361,47.1016473117796],[-0.148504351581748,47.10182056450562],[-0.148068987252854,47.1022964508541],[-0.145310867637282,47.103423033964745],[-0.141401028886232,47.104126740611214],[-0.14078907559905,47.098970609239345],[-0.140545796146915,47.098396061181525],[-0.140142596145332,47.0978168476611],[-0.142184478323483,47.0955655569544],[-0.143911656317281,47.09387060906311],[-0.145730145547446,47.091639738211256],[-0.152824892869844,47.08793236764542],[-0.157457222347214,47.08632007530935],[-0.157833279960546,47.08663687353313],[-0.158389662229808,47.08640631942407],[-0.158580749018993,47.086560578994366],[-0.160968126122868,47.085632101075795],[-0.160530984171901,47.08510614129473],[-0.162685050109394,47.08422725633762],[-0.16528963456745,47.08244035574427],[-0.168004037179413,47.08014579693363],[-0.169165834368575,47.07901916870141],[-0.170340568839982,47.07737317178946],[-0.173189424046171,47.07517480020069],[-0.1744025437553,47.07380341952764],[-0.175284776575061,47.07333135293285],[-0.178085444288633,47.070859351282266],[-0.179203293698672,47.07015730921367],[-0.178854374765444,47.070032655891985],[-0.175443440641849,47.068053166270325],[-0.174575277419139,47.06764272571866],[-0.172950325187085,47.066831381129006],[-0.171119468429898,47.06646447753326],[-0.16864802488532,47.065788041864614],[-0.166812074961259,47.06515360126298],[-0.166010002002347,47.06469893784417],[-0.164965387046224,47.065661048830776],[-0.16434104520902,47.065493441678534],[-0.163278989429234,47.06631635218506],[-0.162755727650637,47.06634329629655],[-0.160962068369432,47.067824151731934],[-0.160734658568589,47.06779163014852],[-0.160493671773224,47.06790995339623],[-0.160098653568117,47.068280276402234],[-0.157338371590364,47.070237129747355],[-0.156098224141457,47.069440264002836],[-0.155926530451,47.06948099665241],[-0.154545759066777,47.070991008290356],[-0.154017372520387,47.07036750288396],[-0.152554643322822,47.069642453511186],[-0.150905778378725,47.06988386928819],[-0.150079019079387,47.07024701009054],[-0.149590413405322,47.070326109283315],[-0.147417255454156,47.069990690509584],[-0.147277601842183,47.069880064391384],[-0.147258761040371,47.068314580433324],[-0.145428801637609,47.06802834200033],[-0.144820184918657,47.068581929869914],[-0.141023286389545,47.066834523001745],[-0.139403787738478,47.06626585113893],[-0.139201564403541,47.066574995010214],[-0.138838495603304,47.066273105319716],[-0.138536018047178,47.06574340931652],[-0.138529212584017,47.06546787868402],[-0.138177618577383,47.06490978242324],[-0.138113922431455,47.064381706628495],[-0.136808662331211,47.064067563373634],[-0.136739913098249,47.063996447010226],[-0.137174063378835,47.062664644458266],[-0.13841781062114,47.060585510393416],[-0.135381376038677,47.05904612784432],[-0.13638960554837,47.05761043699645],[-0.137203086735197,47.05670352641456],[-0.135590148054055,47.05612832305453],[-0.134548792171372,47.05606378744149],[-0.130867371279202,47.05517162038841],[-0.130145389622172,47.05497584620675],[-0.128788401063524,47.05442424791532],[-0.126686589003038,47.055556103855665],[-0.125521361419163,47.05594715753995],[-0.122763833740286,47.055889306924264],[-0.122516309353066,47.05630506629075],[-0.120283421304078,47.05863870716321],[-0.118476732539986,47.05990929577786],[-0.11771787977936,47.06028478726371],[-0.11454491725126,47.06125610366326],[-0.112360757171375,47.06149608938929],[-0.111119870992687,47.06172234092007],[-0.109837764586352,47.062285768961026],[-0.107795208459636,47.06338232606135],[-0.102100301736839,47.06517166677993],[-0.101276129444276,47.06246552578717],[-0.09880451239947,47.057497895724794],[-0.098395515897525,47.055381570916424],[-0.098291077163072,47.055261834799666],[-0.097650898221453,47.05495013793265],[-0.097029788083676,47.05430455038015],[-0.095096027181707,47.04865746994375],[-0.094335600159242,47.048660731570926],[-0.094238786800233,47.04738658539886],[-0.093481051730275,47.04681582216869],[-0.092969223908038,47.04540682870886],[-0.092933836120992,47.04288132432687],[-0.091859664934934,47.03770761826906],[-0.091631346673118,47.03673612768767],[-0.090979808898881,47.03546241490992],[-0.090287529921178,47.03485744447497],[-0.089915877271418,47.03278603932323],[-0.089846923216945,47.03241035798692],[-0.090067296408041,47.030827674302806],[-0.089348881068355,47.029672875702985],[-0.088238175486071,47.02527768847167],[-0.087694647308916,47.02312437446823],[-0.086938951506671,47.023042774501064],[-0.085531638649881,47.02324799771675],[-0.085683542162173,47.02074270315938],[-0.0861526418555,47.02025982642426],[-0.085623019272921,47.01975319814787],[-0.085327287707494,47.01905110021234],[-0.084723461510694,47.018490588681345],[-0.084636687336877,47.017709920640414],[-0.083710681288109,47.01702106050025],[-0.083549427437691,47.01615858701925],[-0.082588503432042,47.01506519211832],[-0.081940959068093,47.01470676285106],[-0.081385281825,47.01367281424059],[-0.081248814293892,47.012989880223415],[-0.080755446444935,47.012562454306654],[-0.080622788938689,47.01194609344448],[-0.079993144643355,47.01157726509626],[-0.078578276151157,47.009958947287025],[-0.077295193877007,47.009287675649944],[-0.076671017775021,47.00838978539138],[-0.077199308315585,47.00827568358616],[-0.078908477434543,47.007202921774144],[-0.078921894463383,47.00709173802433],[-0.07933451423156,47.00695908813432],[-0.082638258501996,47.00952347781954],[-0.084826635369122,47.011904962088025],[-0.087442948546274,47.01100874634686],[-0.089554795560845,47.01207129198106],[-0.092188056248184,47.012736893031196],[-0.094048400931789,47.0134078457161],[-0.092697247460318,47.00709272670558],[-0.09213753104119,47.00541559794512],[-0.091725403236769,47.00452110935342],[-0.090986994368922,47.00181528380448],[-0.089245921736129,46.997098180289335],[-0.089061363894308,46.99617416121923],[-0.08810611822365,46.99390932094485],[-0.086735375403195,46.991607838763024],[-0.085673456437936,46.99021532861123],[-0.084858644668293,46.98890630349881],[-0.086482944829914,46.98546325698128],[-0.086338133449303,46.98541757566096],[-0.083309727346556,46.9865005250606],[-0.079456782031807,46.988181166601834],[-0.077662293900449,46.98903998973209],[-0.074796337296001,46.99115544926068],[-0.072867024296694,46.99182316531683],[-0.070945834237339,46.99284293129539],[-0.070389720645387,46.993044247481464],[-0.069971047651314,46.99306890669428],[-0.068489795723115,46.99383724740928],[-0.06738440387956,46.993897282528906],[-0.065970223002635,46.99434033939363],[-0.065169286046562,46.99424269089358],[-0.062203491235715,46.99421604378209],[-0.060752802681583,46.99445727552849],[-0.059984180637644,46.994674089821096],[-0.059163913236176,46.994537267861055],[-0.056752064404973,46.99431648574095],[-0.056374973378073,46.99454091976143],[-0.055730994513725,46.99474989747488],[-0.055228953563402,46.99490735830876],[-0.05491383213647,46.99492381346551],[-0.054290818732897,46.99480515930018],[-0.05385860513194,46.99433456002954],[-0.053423265581465,46.99203858601471],[-0.050578492606335,46.99102813652012],[-0.046828888325717,46.99269590736498],[-0.04527907021516,46.99220704019175],[-0.044572754297469,46.99170760436673],[-0.044347097888391,46.99134865093611],[-0.042626005172259,46.990833635672516],[-0.040288796516501,46.990250142506824],[-0.038379652689525,46.99055723758282],[-0.037662228645659,46.98833712697389],[-0.036935647370797,46.98754535277051],[-0.035786656481736,46.987062026602814],[-0.034830362022113,46.98515723347388],[-0.034463083153181,46.98386944477379],[-0.034025466808439,46.983391710529474],[-0.033833239642153,46.98292283678205],[-0.03384066292341,46.98160176192964],[-0.033543696794577,46.980697752413995],[-0.033799095186476,46.9802053895346],[-0.033874286218077,46.97995022762025],[-0.03367852758504,46.97965263826083],[-0.033653662585559,46.97935055303518],[-0.034165742160365,46.97885774316531],[-0.034253521181053,46.97849863338059],[-0.034198000830939,46.97671338995667],[-0.034440933026864,46.97644480318965],[-0.035271583647763,46.97606974489145],[-0.03554362798108,46.97573371433927],[-0.035730481879974,46.97528729934868],[-0.03609715843643,46.97487849683118],[-0.036495428005687,46.97456346730793],[-0.03720040954546,46.974271893245394],[-0.036916283164416,46.973947804099474],[-0.037838997916529,46.97380636624633],[-0.039169198027459,46.97325683402838],[-0.039818763548881,46.97324421611867],[-0.040422698107319,46.972888610145105],[-0.040361605851935,46.972060386343514],[-0.042785992372485,46.9707701495029],[-0.043256622663416,46.9703856084804],[-0.04353812985767,46.969961907993095],[-0.043669737095629,46.969447557111536],[-0.04475642453557,46.96712577387117],[-0.045253496531579,46.96702434560537],[-0.045892280471914,46.96654164435301],[-0.046362121920955,46.9657939986313],[-0.046177693897643,46.964857306462996],[-0.045737750356117,46.96356695688522],[-0.045711808808386,46.96296666201466],[-0.046303870669524,46.9616328255486],[-0.045473355894863,46.9592030925028],[-0.044974027205385,46.958702701650274],[-0.04440387468166,46.95834654060064],[-0.04074613637486,46.95716634165413],[-0.039735171612799,46.95669294044004],[-0.039141064143855,46.95626079973166],[-0.035489293748356,46.95300343638614],[-0.034997590252681,46.952870419886075],[-0.034854175388903,46.952636327405834],[-0.033428223045582,46.95179987774712],[-0.032493998852519,46.9510027336392],[-0.03080294328662,46.94715031487253],[-0.031407176496814,46.94579551000165],[-0.031176560698863,46.94271558674489],[-0.031119191846528,46.94237290641038],[-0.03075308130098,46.94187345991005],[-0.030131434442166,46.94129783824251],[-0.029316258630297,46.94104806390437],[-0.024129473885812,46.939927380020364],[-0.023556243463913,46.93969824679102],[-0.022258782619913,46.93884478241301],[-0.021491654673633,46.9351698315241],[-0.020614703771259,46.93206989962476],[-0.019862005423277,46.93039211404113],[-0.019508014486993,46.92984726632445],[-0.018696505302563,46.92956488912434],[-0.018345111713706,46.92932541493722],[-0.016898961169311,46.9274747618729],[-0.01549190450587,46.92698360423926],[-0.013693580054944,46.92171376304474],[-0.008944856410015,46.90788835625464],[-0.009086775033521,46.9075089232803],[-0.012244863229486,46.90366279803534],[-0.013820635910514,46.90186097008143],[-0.013336913748463,46.90162584831505],[-0.013321059346314,46.90150642722397],[-0.013873390029014,46.90136853200405],[-0.014266120151364,46.90112668929087],[-0.015163691272318,46.90093289654591],[-0.015591136222655,46.90058291821986],[-0.016102283036447,46.900508261084205],[-0.016170816571051,46.900440691191136],[-0.016414389529479,46.899928836247405],[-0.016596309852338,46.898712192592974],[-0.016753822085272,46.89870806589138],[-0.020989705723694,46.89718690111003],[-0.022196748146451,46.89719306814009],[-0.022389019407097,46.89705827327954],[-0.022673542452811,46.8966219150729],[-0.023459227808247,46.896262499647094],[-0.023336644523177,46.89475108985959],[-0.023430621834376,46.894151240041346],[-0.022960346494533,46.89373289693547],[-0.023005942985754,46.893019886992015],[-0.023430918762818,46.89124000707732],[-0.023197659028312,46.890593787265736],[-0.023572181081787,46.889745993951145],[-0.023629600780624,46.889385875929186],[-0.023001484587767,46.888070648921754],[-0.026625365521782,46.88575258441345],[-0.026168356006206,46.8850771116691],[-0.027417323866773,46.88440453798967],[-0.027072627951805,46.88395137296617],[-0.027091215932634,46.883531903781304],[-0.026601897837342,46.88267797671328],[-0.026333014662136,46.88198224044693],[-0.026265660899619,46.88037836979535],[-0.026821029086663,46.880205184944735],[-0.028799075686384,46.87903767086923],[-0.031422656668864,46.87689261505255],[-0.033605391759293,46.87630979991031],[-0.034227461553724,46.875968127247575],[-0.035755981929905,46.87489703194536],[-0.034655216322308,46.87408268917995],[-0.033675138233575,46.87317054630509],[-0.030497778712816,46.871193583649394],[-0.029080584614353,46.87216436823407],[-0.028425275203781,46.87287451132557],[-0.027495922249817,46.87408833004778],[-0.027010428779474,46.87508683285997],[-0.026690582442898,46.87549980935516],[-0.023543785886025,46.873902992877504],[-0.022928938975398,46.873810118896806],[-0.021574947821631,46.873892528404646],[-0.020725552097561,46.87383463342883],[-0.019019130366788,46.87344060604321],[-0.017183919186707,46.87316346039458],[-0.016199639503544,46.87287750353072],[-0.014272215674201,46.87209995401444],[-0.013213850225459,46.87180419945692],[-0.012244878703182,46.87157998011616],[-0.011018932284902,46.8714597876206],[-0.010615014773784,46.87111895344695],[-0.009241524975756,46.870826000440424],[-0.007887870183379,46.870156784266925],[-0.007118248325644,46.8699489371302],[-0.00624787262091,46.870481658505085],[-0.005818046711844,46.87061993062768],[-0.004336314758283,46.870411740591564],[-0.004447659154711,46.86964836725629],[-0.004359994653087,46.869157794219426],[-0.004638627204347,46.86816569705248],[-0.004165008477642,46.86727793591011],[-0.004127218118473,46.866668025913754],[-0.004239118274882,46.866506523771854],[-0.003701128394077,46.86564206605748],[-0.003346438385722,46.86547652454816],[-0.002823039004381,46.864803601131825],[-0.002465191383587,46.86486519833244],[-0.002155980296102,46.864761538583856],[-0.00196984786148,46.86486370547146],[-0.001690406415038,46.86451508957829],[-0.001695145297902,46.86419780447368],[-0.000987593985571,46.86366212795513],[-0.000816980114005,46.86364134869063],[-0.000768694991548,46.863410142981486],[0.000367536917234,46.86305593105266],[0.000780606716549,46.86302164711602],[0.001202155498209,46.86262086506619],[0.001844433535506,46.86224295263373],[0.004106765992506,46.861335978941334],[0.007467174046065,46.860476448064645],[0.008425001139698,46.86011571715376],[0.009170086765936,46.859706199734845],[0.009310747382438,46.859537760455844],[0.00940040354516,46.859246357175074],[0.009770267973071,46.85880455733229],[0.009882469261274,46.85827136432825],[0.020023749282162,46.85577284431229],[0.02137030639364,46.85509951256965],[0.025401298251438,46.85285124527443],[0.033858417923364,46.854068823299045],[0.033724901709608,46.85379687871005],[0.03317511461648,46.85318803266839],[0.029184399024844,46.8490827338188],[0.026856684920306,46.846366394506184],[0.025876216602518,46.844850762317776],[0.025337016158872,46.84448271884753],[0.024679813192165,46.84380076828035],[0.02321885729735,46.84206994989147],[0.022282755672583,46.840705899647695],[0.021854082719169,46.83978566905817],[0.021573312759043,46.83990093789668],[0.019686935211754,46.83800677686381],[0.018222504154628,46.83636859968034],[0.017789918546367,46.83659435327924],[0.016663525830707,46.83489914327489],[0.015551540820461,46.83525503093915],[0.014978554563007,46.83438328378704],[0.014263702203824,46.83527566600643],[0.013675274140669,46.83758954368252],[0.012900155471688,46.83916873812192],[0.012074041910273,46.84038619235135],[0.008279384560889,46.84081105067702],[0.008172541004109,46.84127140021735],[0.006140778052807,46.84184835301086],[0.006728852608706,46.84268359450737],[0.006580517783088,46.842730191889125],[0.006824506300589,46.84311497329827],[0.005397019768169,46.84352022357367],[0.00592316157634,46.84447819821628],[0.004443945846648,46.84496318377781],[0.001120573520507,46.846284899337746],[0.001019043474123,46.84605519274578],[-0.000453619811221,46.8457329644878],[-0.001528597477966,46.845959911519145],[-0.002164517142475,46.84475755847449],[-0.004522702656896,46.84529607479632],[-0.004401877136896,46.84553259817744],[-0.007202977747928,46.846383864059035],[-0.007394880175122,46.8470726431414],[-0.008209530582455,46.84786047068132],[-0.011798084931001,46.848037783490916],[-0.011632479777306,46.84739787885798],[-0.011855524978124,46.84701630731462],[-0.012141881054323,46.84682860220594],[-0.012858725605237,46.84658907530328],[-0.014087720705132,46.84587749749933],[-0.014875580371833,46.84530992105532],[-0.015550893942005,46.84408933361901],[-0.015515040664156,46.84325681327953],[-0.016140353614379,46.84227090054882],[-0.01695360192748,46.84157108988598],[-0.018869796214073,46.842495737876696],[-0.019237015135821,46.84258160951575],[-0.022666975050681,46.84286365494154],[-0.023276188420083,46.842673742848795],[-0.023941926172592,46.84227329961499],[-0.025195821981307,46.841141956329004],[-0.026577959329507,46.840309072825285],[-0.0298235140164,46.83893963328287],[-0.030352248930011,46.837969693866285],[-0.030719426829208,46.8366706215061],[-0.030925247425287,46.8363128883079],[-0.032027993686538,46.83508993360624],[-0.032590837772639,46.834144310919015],[-0.034705503473825,46.83207288183948],[-0.035929803589872,46.832061291480805],[-0.037459567681771,46.832252466124324],[-0.038415624208469,46.83223351735173],[-0.038995950963554,46.83249120149612],[-0.039294405747635,46.83254548665908],[-0.043836322876596,46.832227128309285],[-0.045757505519367,46.83218707436808],[-0.046174849952021,46.832184129699186],[-0.046393050846013,46.83758106838626],[-0.047879472483704,46.83858510670824],[-0.049269043872797,46.83887085152267],[-0.050004220050742,46.839171232252696],[-0.050269032041478,46.839210163289465],[-0.05127523743201,46.839729512690205],[-0.052836199560266,46.84091172389913],[-0.053455249831623,46.8415737858796],[-0.053609077438919,46.842066183525134],[-0.053303458997624,46.844052112258154],[-0.056427967051236,46.84657137894109],[-0.055939451903191,46.84738629713938],[-0.055581858140545,46.84861312129591],[-0.055502054865064,46.852412282538054],[-0.057518524789713,46.85262812297675],[-0.059345649663648,46.85249124502884],[-0.06088219773452,46.85251164475275],[-0.062188789327626,46.852437226873334],[-0.065476054362557,46.85192257786594],[-0.067267510929329,46.85150449197435],[-0.068962866351811,46.85061948901544],[-0.069593656777216,46.85037108666614],[-0.070570153365843,46.85012787055988],[-0.071331207838916,46.85002285415974],[-0.074065261070928,46.84983088551913],[-0.078536422769268,46.85011589501696],[-0.080319377448446,46.84973567373921],[-0.083042422193141,46.84958163015817],[-0.083808690268653,46.84947639065341],[-0.085455880457906,46.84906548708191],[-0.086656410414043,46.84837640123495],[-0.08792630374299,46.847315100506066],[-0.089679260992372,46.84654987695907],[-0.091128930637991,46.8461550064399],[-0.09334669988209,46.845757484947285],[-0.09506708407627,46.84557334250739],[-0.097314517069517,46.84505239882725],[-0.099617105722952,46.84421094311556],[-0.100288605364503,46.84389729291813],[-0.100343975094653,46.844313899525844],[-0.100166820506641,46.844752091675154],[-0.099142520096612,46.84592315817747],[-0.098496002171569,46.84697230525546],[-0.097360550061949,46.848222037163445],[-0.096465652658175,46.848948065454415],[-0.09470677204402,46.85009200176307],[-0.092708355911235,46.85097563196394],[-0.092246471105419,46.85130522518074],[-0.092281212696946,46.85177555096833],[-0.091240240574414,46.85463829144688],[-0.091145403209966,46.85571491350203],[-0.09096633559016,46.8558224464087],[-0.090909207299763,46.85634029339605],[-0.090146413809779,46.858072812666],[-0.090083761078168,46.858425010628416],[-0.087861240954592,46.862663824277526],[-0.08457179749906,46.86460103592879],[-0.082976475876716,46.8657926447472],[-0.081707239094844,46.86694395976242],[-0.078961949010925,46.869078171509024],[-0.077561965116278,46.87035908171158],[-0.077219869201019,46.87069711617948],[-0.076322981881659,46.87197716992811],[-0.075023352165763,46.873153542544685],[-0.073333688633254,46.87424209963013],[-0.072454836451805,46.87503236334029],[-0.071829381258403,46.87521755608803],[-0.071740396993326,46.8753397713926],[-0.071494118831899,46.875839221149725],[-0.070941205692981,46.87762725022111],[-0.070200289619811,46.878974268384425],[-0.069126275931591,46.88051938363289],[-0.067995153790983,46.8816145818728],[-0.06709704988688,46.88348296776319],[-0.066147039703113,46.88399574523895],[-0.066196398239859,46.884171036321085],[-0.065860440289118,46.88466655173245],[-0.066420056030807,46.884917455431385],[-0.067122134050338,46.885386219148366],[-0.068133666261941,46.886352220725996],[-0.06888379468892,46.887667582321946],[-0.068502000382706,46.88839769891941],[-0.069616344569258,46.888904115787504],[-0.069858147374884,46.88878773983438],[-0.070190859790946,46.888837435357104],[-0.076271519397737,46.89122959237263],[-0.077869671932789,46.891735618428356],[-0.083456836086395,46.89382883861467],[-0.085902564244409,46.894466134386896],[-0.087691358079869,46.894439800402814],[-0.088892523964415,46.8942742237875],[-0.091790986699027,46.893493597393665],[-0.092451139475974,46.89342991312644],[-0.09739574785036,46.89317174358446],[-0.099384118380068,46.89325699530237],[-0.100089270235648,46.89322179058263],[-0.10393620648909,46.89248108616434],[-0.105564095426404,46.891942500038695],[-0.105795381941833,46.89244536291136],[-0.106672187802651,46.8931335479498],[-0.107328653618721,46.89415025555505],[-0.107478895193812,46.894843625514625],[-0.107545998420317,46.896675482888476],[-0.107967644129043,46.89902669491922],[-0.110969802646666,46.901992123076596],[-0.112979592393276,46.90360838309279],[-0.115292579796573,46.90480281882907],[-0.116824459427416,46.90514882488234],[-0.116484373485613,46.902189912785],[-0.116331451854557,46.899352983295046],[-0.115591265480585,46.893942271345345],[-0.11568370471573,46.89132486431038],[-0.115604096731673,46.8907413229579],[-0.114533390481216,46.88874108446915],[-0.113857205411555,46.887086088772044],[-0.113223810517053,46.88592281789791],[-0.111726940896101,46.88379892017947],[-0.111485736510106,46.8831467578413],[-0.11064162365939,46.88190537043784],[-0.110601678208513,46.8810504327726],[-0.111085555466206,46.8801407892868],[-0.112147104674187,46.87894790640642],[-0.112780128070072,46.878438802636964],[-0.114037236506855,46.877197359127706],[-0.115914030074198,46.87453254687931],[-0.11641346272748,46.872480791531416],[-0.116800554854729,46.87165032947658],[-0.117147683583696,46.87055963593418],[-0.117241521557234,46.86974792732181],[-0.116580249004155,46.867368073034044],[-0.116457298301299,46.86625947380058],[-0.122648216820058,46.86742613626279],[-0.123707924052245,46.86773527972671],[-0.130682914209085,46.86861801700345],[-0.135455502063986,46.86978563845244],[-0.137153197106452,46.870354810835536],[-0.140054491535622,46.87065233583643],[-0.140322118276938,46.870781097118716],[-0.140767916039371,46.871897091948604],[-0.141169401017347,46.87206815356153],[-0.142102497396483,46.87209404268532],[-0.142125872248405,46.87258720031192],[-0.14523749437436,46.8720696780992],[-0.145982006731904,46.87258097026148],[-0.146272539542443,46.87215402118507],[-0.146552000724951,46.8714237067583],[-0.147438982907071,46.87043077930779],[-0.149297565421581,46.869381521898276],[-0.151472637946984,46.86828571911746],[-0.152232679568236,46.867664773563604],[-0.152476238908652,46.867109335509916],[-0.153961752174752,46.86633513799193],[-0.157701629423701,46.86562703260609],[-0.159501807994573,46.86540640896239],[-0.159562718220011,46.865302011406484],[-0.164507979395615,46.86449479538102],[-0.165300515910762,46.864612666676045],[-0.166220325917437,46.86463782158037],[-0.166728090057956,46.86426701252498],[-0.167033437325523,46.86420904794432],[-0.169749275486055,46.865043476182564],[-0.170486840214841,46.865142101260524],[-0.172022688840713,46.864985332437314],[-0.174406115953082,46.86458529356183],[-0.175975589629593,46.86448701648319],[-0.177205710536225,46.86469545353221],[-0.178554589087402,46.86506910395875],[-0.179314086247004,46.865003966861195],[-0.181095033381192,46.86566481648934],[-0.182326713561686,46.865965970981456],[-0.184053926254842,46.86627052275624],[-0.18625008315544,46.86639445864986],[-0.191193987801456,46.868465175940756],[-0.190989606668595,46.86787340728977],[-0.190753240733,46.86613721313788],[-0.190441376234996,46.865393432837934],[-0.190628902525115,46.86380498023022]]]]}},{"type":"Feature","properties":{"fid":214,"ID":"COMMUNE_0000000009748615","NOM":"Saurais","NOM_M":"SAURAIS","INSEE_COM":"79306","STATUT":"Commune simple","POPULATION":182,"INSEE_CAN":"06","INSEE_ARR":"3","INSEE_DEP":"79","INSEE_REG":"75","SIREN_EPCI":"200041333"},"geometry":{"type":"MultiPolygon","coordinates":[[[[-0.16781496898936,46.52051650272432],[-0.16861831719684,46.52043476341838],[-0.170130820722711,46.52015582588195],[-0.170673146255955,46.519985784997026],[-0.171399301133337,46.51963220986509],[-0.172292057242786,46.51886667648289],[-0.17667538039458,46.52074016741356],[-0.177181926487581,46.52029262602048],[-0.177312601427132,46.51924272887134],[-0.178406346328966,46.51912671474452],[-0.179736595352607,46.52031172072071],[-0.181900272384869,46.52197367450207],[-0.183921869742155,46.523369193570545],[-0.184943873370901,46.52443656252719],[-0.186112205578471,46.52508079740786],[-0.187343203392342,46.52556827124342],[-0.187670101995683,46.525799773123424],[-0.18817064465249,46.526321118426196],[-0.188640859954525,46.527127179295455],[-0.188830441602569,46.527823010579546],[-0.190877516281184,46.52788576013911],[-0.193013228986288,46.52816859003259],[-0.194949049138223,46.52815957572721],[-0.196048084447519,46.5282424107896],[-0.20065806524536,46.52872356603509],[-0.20200086672146,46.52871030345782],[-0.205148524705125,46.52845900112057],[-0.206928810175526,46.528735314801224],[-0.207435569038026,46.529602463532264],[-0.207626004042977,46.530219842975136],[-0.207703477474338,46.53182358755193],[-0.207578439347057,46.53351411917048],[-0.20819846563786,46.53570463703401],[-0.207723746330437,46.53593694226208],[-0.206404412641761,46.54118730579125],[-0.206192571823359,46.543622841783375],[-0.205439948262369,46.54592483648328],[-0.204993129417595,46.54685476336212],[-0.204753165365193,46.547659936267],[-0.203113661610372,46.550120129255795],[-0.202526322361743,46.551216191253474],[-0.200612452439305,46.55281257889876],[-0.200385142557472,46.552790100622296],[-0.199667425439793,46.55384743690979],[-0.198736430459517,46.55458810875538],[-0.198751621514147,46.55466879023586],[-0.197992829874978,46.55460529344437],[-0.197104833240567,46.55463281703518],[-0.192902739694979,46.554238305423546],[-0.192298848743305,46.55465528131567],[-0.192038032929149,46.55461840130345],[-0.191882348301265,46.554436201474594],[-0.191694280910486,46.55443694272485],[-0.190947499194644,46.554622690461485],[-0.190689485668851,46.554811924592904],[-0.190186008438092,46.55473584806341],[-0.189342837500868,46.554881917659586],[-0.188226032302944,46.554571501701744],[-0.187549454982792,46.554662449288145],[-0.187428882555932,46.5543657173955],[-0.187171986454333,46.55423950087294],[-0.186810409651694,46.55424416678145],[-0.186498871147893,46.5544565103434],[-0.186166260574366,46.55448740258575],[-0.186085498368025,46.55408953033055],[-0.185407081039621,46.554148975471776],[-0.185073325617724,46.553780676270144],[-0.184548074564758,46.55373401920255],[-0.184320711983787,46.553911571179604],[-0.183575186209131,46.55371694013823],[-0.183175140188986,46.553778537947245],[-0.183083566137134,46.55395501243564],[-0.182848781499936,46.55400570241665],[-0.182575206273017,46.553884445828196],[-0.182204270786513,46.553840694260956],[-0.182180722307695,46.55346015314218],[-0.181912388070448,46.55349555336595],[-0.181721737118048,46.55342966339252],[-0.181549289615342,46.553585856508654],[-0.18130233681698,46.55360714304083],[-0.180909208801066,46.5532729258181],[-0.180046142996214,46.55325726913208],[-0.179967529518532,46.55314140088149],[-0.178284045662324,46.552900711515115],[-0.177083167686193,46.55320712381283],[-0.176396845204797,46.55275036449642],[-0.176174175977462,46.55298634545156],[-0.176193572226752,46.5532516521593],[-0.17605520734736,46.55349971081826],[-0.176316386303425,46.55401333577779],[-0.176243864111516,46.5541361061427],[-0.175942791969317,46.55425981460028],[-0.17586391292777,46.554407993920705],[-0.176029408142806,46.55460255805958],[-0.17654140112889,46.5549145664046],[-0.176572820122243,46.55509482919991],[-0.176403405275059,46.55532572686278],[-0.175981396298894,46.55559337547323],[-0.175586414419453,46.556033296740615],[-0.175595044493746,46.55624843670105],[-0.175364171089608,46.55634406074164],[-0.174829832566078,46.55694825494379],[-0.174802015453767,46.55707609171035],[-0.174989522805814,46.55740161720995],[-0.174815806859052,46.55744699060488],[-0.174590757994766,46.55766501020947],[-0.174549993590967,46.55792928261272],[-0.174932246959999,46.559152375421256],[-0.174877128258689,46.55923771365765],[-0.174722206962479,46.55917983196171],[-0.17452287827208,46.55925655517416],[-0.174224264267813,46.55982626819837],[-0.174289913193844,46.56003351786481],[-0.174462460319728,46.56005756792232],[-0.174696294626861,46.56050526863494],[-0.174988056713274,46.5608260990507],[-0.174959270994081,46.561026957236486],[-0.175095105102255,46.5612502822526],[-0.174523890081664,46.56124540558037],[-0.173962917259992,46.56112489244258],[-0.173527664121753,46.56143525241866],[-0.173143719819803,46.56217764914522],[-0.17222055836139,46.563061158447645],[-0.171663857393721,46.56373173944394],[-0.171145832086274,46.56410205825483],[-0.171068201348945,46.56433941408192],[-0.171170485979738,46.564794371682694],[-0.170551448545297,46.56544955164207],[-0.170471343048614,46.56582395261064],[-0.170267491868977,46.566092741013534],[-0.170285796990921,46.56647432795815],[-0.170154409862018,46.566910527392125],[-0.169914780166017,46.5670586488938],[-0.169783193918914,46.56733444589153],[-0.169304949392359,46.567536036216524],[-0.169273336026677,46.56780095304339],[-0.169065003688304,46.56792567662756],[-0.168922922365318,46.56820086190359],[-0.168389214576454,46.568482385281],[-0.168109436074865,46.56883888198219],[-0.168023343495947,46.569133242569215],[-0.167612242272873,46.569366309329126],[-0.167608805511044,46.56966649193002],[-0.16720965696195,46.57021733684194],[-0.167126288297829,46.570603539735274],[-0.167333723198884,46.57088977542566],[-0.167255432507097,46.57163269838889],[-0.167616293640597,46.57269148979503],[-0.170067723454723,46.57349863967848],[-0.171995511855134,46.57426618398482],[-0.17225912244212,46.57430483662061],[-0.172898598319528,46.574021265346545],[-0.174212895665898,46.57421731975936],[-0.174481770157514,46.57439099619753],[-0.174908760415367,46.575146944732424],[-0.176159568907752,46.57678480283174],[-0.174870119316655,46.57712787786142],[-0.173976180270267,46.57755279005976],[-0.173036642148472,46.578428640170856],[-0.172679185247201,46.57915677763212],[-0.172587992542795,46.58001360906094],[-0.172749987699683,46.58068499161545],[-0.173304917517835,46.58139324233851],[-0.173818208342392,46.582597384419785],[-0.173851003402685,46.58331650516552],[-0.173680585973058,46.584338644452586],[-0.171520324342092,46.586563112928275],[-0.171461636820717,46.58669991328662],[-0.171920723393366,46.58742254157399],[-0.17008041971025,46.5887702919272],[-0.169645862224549,46.589298690471594],[-0.167260836198259,46.591642835456135],[-0.166365386166864,46.592293911516116],[-0.16759194155469,46.59335579030157],[-0.169181155877737,46.59525651110507],[-0.169604246999483,46.595921569615705],[-0.169929346809416,46.5959143711329],[-0.170183932528163,46.59577395025812],[-0.170445076747002,46.595768521197584],[-0.170989629981363,46.59625178171438],[-0.171134591014596,46.59656317282712],[-0.170625468223284,46.59684491789647],[-0.170629406760378,46.596934924839374],[-0.171528760419396,46.59807701800825],[-0.173361623541422,46.59778472073907],[-0.17750458817046,46.59760493232957],[-0.182893968240524,46.59761293732109],[-0.185744220844013,46.59683525975077],[-0.188237149026866,46.59808157103212],[-0.190159422710862,46.59849032558371],[-0.191273977526438,46.59883595379417],[-0.19247837464924,46.5997765420077],[-0.194143754545504,46.600039195753574],[-0.195372967711881,46.60037708101636],[-0.196081300909101,46.60061684806169],[-0.197016678410962,46.60116027459998],[-0.199462911648288,46.601938146151156],[-0.200940372699662,46.60227174021279],[-0.202185438351914,46.60241085344465],[-0.203085878083676,46.601426818519094],[-0.20365742424212,46.60114137702728],[-0.2043044655561,46.60091690198564],[-0.206570182866681,46.600493902641745],[-0.208402692480723,46.59977569624493],[-0.209757739307167,46.59938625763753],[-0.210392536324365,46.59928735385256],[-0.211033199787618,46.59899993567346],[-0.21165001257124,46.59888440670252],[-0.212594517132,46.59791978094824],[-0.212585970206483,46.59722160675009],[-0.21291236834411,46.596395077585605],[-0.213224501182906,46.59596907137571],[-0.215064185771988,46.593495950037386],[-0.215010787498418,46.59345509412336],[-0.215756742521131,46.59218600623256],[-0.216755682232499,46.591570370397456],[-0.218336988802366,46.59008223005756],[-0.219352080594202,46.5894534987353],[-0.219768965159782,46.58945168685998],[-0.220417600092265,46.590096712676484],[-0.22100241094041,46.590392069030976],[-0.223107401725425,46.59108260747828],[-0.22375869947729,46.59159506656634],[-0.224104123535003,46.59175476160924],[-0.225346244407987,46.591979313944194],[-0.225794974662768,46.591963065642375],[-0.227388094263394,46.59219843242406],[-0.229486166556643,46.59298998575821],[-0.230793203558077,46.59327212754529],[-0.231481390804614,46.5935455903463],[-0.232376875376342,46.59402948179475],[-0.233257345292192,46.59399650785594],[-0.234933079514521,46.593311125831306],[-0.235897543830528,46.59328386843825],[-0.237043816150241,46.594444639734796],[-0.237462823052288,46.59535651265942],[-0.237832695133196,46.59590389017025],[-0.238287099109009,46.59613616218602],[-0.238313950328022,46.59656527108248],[-0.238890014955283,46.59697433798409],[-0.238945386704457,46.59720167420459],[-0.238840243872361,46.59758765515697],[-0.239076682865972,46.59802345132228],[-0.240347984196589,46.599063501015266],[-0.24084638014298,46.599155735117535],[-0.241599897536158,46.59892172201945],[-0.241851326551819,46.59877491819267],[-0.242822768642387,46.59864377035706],[-0.243065074519139,46.59847559348675],[-0.245253572262867,46.59836401572406],[-0.248194965769978,46.599388173487036],[-0.248524966146922,46.60020700973646],[-0.248639765304567,46.600290267309006],[-0.249094215132516,46.60034676409046],[-0.249018535469646,46.60091846745218],[-0.24878996379043,46.60120702756273],[-0.24871013802914,46.60149046557054],[-0.248586819061028,46.60152730874476],[-0.248323462012255,46.60140861319647],[-0.248209978349664,46.60145689247195],[-0.248421449511374,46.60180145799969],[-0.248432662968142,46.60201111837905],[-0.248300006519139,46.60202299264702],[-0.248167192759862,46.60187896445016],[-0.248037485451532,46.60187453324568],[-0.247915610971195,46.60208887011295],[-0.247609344278683,46.60225887126722],[-0.247643389486859,46.60247869836644],[-0.247457256834443,46.602580405483124],[-0.24751274572108,46.602633804570075],[-0.248186054366685,46.60263272972686],[-0.247636626437334,46.60308809788775],[-0.247890194101602,46.60365586786414],[-0.247726087743772,46.60397323722745],[-0.248288363793966,46.60410508356312],[-0.248249951967302,46.60427199309762],[-0.248069379894844,46.6044231089971],[-0.248124109111083,46.60455132855035],[-0.248429337723343,46.60462648087513],[-0.249191160304919,46.60439939327248],[-0.249482706421307,46.60444248803461],[-0.24924560439469,46.605157555899645],[-0.249462172425352,46.60532443976022],[-0.249484501608958,46.605588757484846],[-0.250168278111802,46.60591541011903],[-0.250213368622261,46.605991633067546],[-0.249923765126696,46.606112502335854],[-0.250063404796892,46.60623921234815],[-0.250281444297855,46.60625555341816],[-0.250725848330083,46.60596807352799],[-0.25112887551001,46.605972852844246],[-0.251377915753523,46.6058297011198],[-0.251694157491643,46.606045118942546],[-0.252149816882193,46.606077238342635],[-0.251905173914793,46.60631579368088],[-0.251970152680539,46.60650590311808],[-0.252373965607878,46.606480015178825],[-0.252620895561538,46.606651438252264],[-0.253061758753636,46.606610977537976],[-0.252998538799079,46.60697505457165],[-0.253319164816273,46.60732912796906],[-0.25379149886246,46.607158899317355],[-0.253972801710347,46.6073916634421],[-0.254365221501136,46.60759049048668],[-0.254642252836869,46.60739066194275],[-0.254905987079632,46.6073182794676],[-0.25507321561279,46.60735948699037],[-0.255508344916705,46.60772562011463],[-0.255498109493368,46.60801339313578],[-0.256232371682157,46.60964080674149],[-0.256312750071409,46.61013147623468],[-0.255797403654044,46.61052282969142],[-0.255241222698579,46.61051611110115],[-0.255560470960591,46.61086841574963],[-0.25535867959319,46.61138603206773],[-0.255440286030866,46.611635146183445],[-0.25572976245867,46.61166476710818],[-0.257041912454113,46.611257964576104],[-0.257459567740933,46.61124428274637],[-0.25782235434174,46.61149350774753],[-0.2581117597105,46.61184935841219],[-0.258279022055859,46.61175988698593],[-0.25861284724283,46.61126374141464],[-0.258936926348027,46.610976048893654],[-0.260549288698791,46.610473244714164],[-0.261149392081665,46.61020922800626],[-0.261257498343714,46.61004934054692],[-0.261337917010431,46.609449554691864],[-0.261643606540928,46.60900827218017],[-0.261675861453997,46.60867390934781],[-0.261880953895827,46.6084959381846],[-0.262803433759132,46.60806952430927],[-0.263218643993238,46.6079937075253],[-0.26352344651205,46.60801746439365],[-0.26396468477278,46.60787421415377],[-0.264083580265468,46.60776358214195],[-0.264712595738507,46.607698787987324],[-0.265930071284236,46.60857068061761],[-0.266260636670345,46.60865317492286],[-0.266230702673183,46.60802408814293],[-0.268291552678482,46.60865470786829],[-0.268937976724713,46.608596603448504],[-0.269098522792149,46.60865690694795],[-0.271654144463662,46.6087290142032],[-0.272781788912805,46.609018521755985],[-0.273149852037813,46.60887642583967],[-0.275427392813564,46.60726212846212],[-0.27770028168648,46.6067879431775],[-0.279387960326253,46.6062160195729],[-0.280119518596099,46.605792225189674],[-0.280822268512076,46.60515115837553],[-0.281991513315899,46.60433179491802],[-0.285951505746244,46.606354995214005],[-0.288228508398525,46.607789248910755],[-0.288941874928879,46.609033164063035],[-0.289344111937583,46.60902431418763],[-0.290542623898422,46.60808416061906],[-0.291637940153074,46.606692747356846],[-0.29320195500155,46.60559245348228],[-0.293873034230774,46.6047332174001],[-0.293962261703518,46.604500840394806],[-0.294983809619822,46.603362050092706],[-0.29605264119929,46.603802623854186],[-0.296132637294449,46.6048637576599],[-0.297134459005949,46.60439241633997],[-0.299574509191211,46.6037038914361],[-0.299610770766858,46.604150752423166],[-0.297430810565425,46.60496697043514],[-0.297413682441664,46.60595700092751],[-0.298063850258795,46.6058968200912],[-0.299147130585636,46.60668211744269],[-0.29966676821257,46.606625688463694],[-0.300760215107308,46.60628505574964],[-0.302186983234545,46.60607178551684],[-0.303626217621415,46.60612850374262],[-0.306981127751387,46.60663638098264],[-0.307975659391147,46.606927588242215],[-0.308512360443721,46.607431186638046],[-0.310749418256353,46.60858498319642],[-0.310969255082512,46.60893100549014],[-0.311479821740889,46.609391186823416],[-0.311599699802609,46.61026461092458],[-0.312013616068423,46.61070505462489],[-0.313129387849201,46.61111708222228],[-0.312829650860858,46.611434873641045],[-0.312837742097495,46.611524761986],[-0.313007648201267,46.61158743846766],[-0.312970286817008,46.61172550541965],[-0.312561964259547,46.61215007803785],[-0.312775945221826,46.61272157273246],[-0.313084133749566,46.612907321495356],[-0.314911343105376,46.61348980852217],[-0.315173639911055,46.61380215059966],[-0.316899756625646,46.61311229934889],[-0.317612519754661,46.61300513520368],[-0.31993283659841,46.61236651409242],[-0.321098481676791,46.612158778449384],[-0.322339270559926,46.61217505903045],[-0.323358803024584,46.61240142517157],[-0.32445437746985,46.6099137746114],[-0.326212571011436,46.60767813411184],[-0.327691350256149,46.606669949418134],[-0.328899013260601,46.606339242231364],[-0.329698654064413,46.60590142482719],[-0.329992776724861,46.60566485947002],[-0.330743819683103,46.60451917636279],[-0.333902764475563,46.60244542371823],[-0.334976136055673,46.6025069915382],[-0.335514502920628,46.60243723483756],[-0.337254095729338,46.6016358125619],[-0.338044241618924,46.600896294490795],[-0.339051921294871,46.59941952146977],[-0.339563022808627,46.598906228884985],[-0.33991196085574,46.59817956458277],[-0.339972870338804,46.59772356286416],[-0.340088745427964,46.5973110194288],[-0.340681860803356,46.597005316939985],[-0.341223168120892,46.59683540803928],[-0.341800092068081,46.59650043099782],[-0.342431454454522,46.59628552900573],[-0.343694252138963,46.596048577740135],[-0.345243630123889,46.59556080420136],[-0.345384739938906,46.59462389444912],[-0.344686172502592,46.59387284265877],[-0.344744432271978,46.59373595405992],[-0.344870764058716,46.593643039843215],[-0.34578184777987,46.59357676078951],[-0.346827125659807,46.592291674445136],[-0.347291795471644,46.59111097673318],[-0.348962312878154,46.5905763452186],[-0.34887036370786,46.59003828805746],[-0.346629922457861,46.58957478125369],[-0.346386564932097,46.58959271080604],[-0.342354614048871,46.58814054607922],[-0.342294042290825,46.58792060907002],[-0.341060617929627,46.586078428897366],[-0.340936280231782,46.58569272151787],[-0.340838247610274,46.583776837751756],[-0.340299189060777,46.582810216703244],[-0.339984216410876,46.58255534460558],[-0.339873017683831,46.582191783899454],[-0.340652204826486,46.58095957561433],[-0.340812969656451,46.58023569094228],[-0.341009509992321,46.58013712559767],[-0.341430598356652,46.580119424828446],[-0.343099752134508,46.58039693049115],[-0.343442659240393,46.58031932017705],[-0.343977345758921,46.58006577025904],[-0.344208708149616,46.579895884683815],[-0.346286477531657,46.57701965943265],[-0.347049769960399,46.576573752088564],[-0.347871654231439,46.57623066988481],[-0.347954809020978,46.57611648253248],[-0.348983148953397,46.57587910656228],[-0.350058944037755,46.57545737844877],[-0.351769075957418,46.574088775257266],[-0.352064882409091,46.57352313842422],[-0.351640558913735,46.57272354119261],[-0.351562077100894,46.571470398819976],[-0.351629608070638,46.57074201333079],[-0.351288569485419,46.57021215320146],[-0.350658442689828,46.56974122774039],[-0.350680639923985,46.568764524108516],[-0.350934502030353,46.56813342485255],[-0.350814408029436,46.56796570428521],[-0.350427613240764,46.56775352078346],[-0.351035815754523,46.5673806174966],[-0.35168362014901,46.56718409706457],[-0.352669177752342,46.56663700368279],[-0.354309066363411,46.566381652507275],[-0.355028148061583,46.566091095055974],[-0.356471416974113,46.56569907930837],[-0.35703800361427,46.565690568135714],[-0.359097760879286,46.564108797512105],[-0.359222658937101,46.56361304531708],[-0.358786346461814,46.56276786024898],[-0.35854926434052,46.56174198195146],[-0.358580508946277,46.56152836855022],[-0.358393584627344,46.56142119890034],[-0.35821232161535,46.561151636901826],[-0.35761193926762,46.55980656121631],[-0.357302485426649,46.55953445134985],[-0.356439866397976,46.55912716042866],[-0.35829292076573,46.55760823904946],[-0.358326494804193,46.557390050850934],[-0.358045548060473,46.55705041339118],[-0.358159035701551,46.55681455807966],[-0.360005618537262,46.55555265275939],[-0.358961685500511,46.55487402152308],[-0.357544957996152,46.55363673027619],[-0.358533900354212,46.5529164355033],[-0.358891344178784,46.55275993666466],[-0.359252700787585,46.552730398957955],[-0.359810444963704,46.5528771459694],[-0.36012630010773,46.552872374645446],[-0.360626148639506,46.55254675696289],[-0.361163600085375,46.55247058167574],[-0.361776827224381,46.552056007567565],[-0.362294849319009,46.55232107347566],[-0.362407453378089,46.552494410231745],[-0.363286428955341,46.553103957221616],[-0.3645582281647,46.55374881012147],[-0.365211955348715,46.55377824839311],[-0.365873660183797,46.5544860968804],[-0.366271102397869,46.55506112214669],[-0.366571424453638,46.5567908145088],[-0.367735206794702,46.55832745652805],[-0.367519238365362,46.558469002990364],[-0.366793535729313,46.558649885423264],[-0.366300714283141,46.55896270470238],[-0.365844805277969,46.5595556284731],[-0.365298612696792,46.560527030661646],[-0.366268781962059,46.56140425373704],[-0.367296993680302,46.56252219978428],[-0.367991456008264,46.56301817999554],[-0.36857018939531,46.5631219107558],[-0.368893906817202,46.56328542106637],[-0.36978935587028,46.563988170135104],[-0.371044616136162,46.564761425514405],[-0.371656653793256,46.56544457204838],[-0.372126378786763,46.56574977540479],[-0.37637957728486,46.56705284598907],[-0.380193812753469,46.568775202971736],[-0.380424971945367,46.56877288031606],[-0.38116559057894,46.568998845395065],[-0.382234760957152,46.56940165660117],[-0.383965813380837,46.57029770618279],[-0.385296908724642,46.57133895183393],[-0.388194061107923,46.57305754199776],[-0.388971039871981,46.57229188901102],[-0.390558274794792,46.571148927136356],[-0.390882501847726,46.569619779553236],[-0.391325641993631,46.56901361104656],[-0.391971696245424,46.56839241263983],[-0.392343115095922,46.567809996038115],[-0.392618437367154,46.567258366710824],[-0.392910519720238,46.56584372314778],[-0.393300271943107,46.56511565398424],[-0.394222753393782,46.56433933433423],[-0.394611158470448,46.56354821056534],[-0.395360413591203,46.56294916290763],[-0.39606453256128,46.561438459752246],[-0.398778276849249,46.557795131907824],[-0.399169127859102,46.55737974761511],[-0.400342301394364,46.55647875587065],[-0.401283301397439,46.55497809486529],[-0.402493278030349,46.553789377443216],[-0.402557292449338,46.5534549017942],[-0.40245568649194,46.55260261129866],[-0.402753623025908,46.55095252100291],[-0.403339347539343,46.55022849248259],[-0.404713089686404,46.549112383209966],[-0.406043635969775,46.54774518332088],[-0.406841512621299,46.54705176865963],[-0.408380045997608,46.54625426166463],[-0.409444062238002,46.545451951998736],[-0.411033234075255,46.54437980811905],[-0.412267341307266,46.54391668717165],[-0.41292795714207,46.54357792055094],[-0.414853056094129,46.5428030327001],[-0.420896046042024,46.540939728745826],[-0.421362548195554,46.540922168201455],[-0.422169460803179,46.54106296095436],[-0.421884197777218,46.54296690831781],[-0.420802479102619,46.54479373409745],[-0.420822640869963,46.54519780952278],[-0.421694491612784,46.54585130089185],[-0.422669118893312,46.54626917802187],[-0.423465792926545,46.54684829699781],[-0.424315418968045,46.546607454464294],[-0.425864346868737,46.5463528713906],[-0.426943179072484,46.54641248329757],[-0.427966076843863,46.54620607794838],[-0.43058257836705,46.54626822817453],[-0.432443256852646,46.546214205001505],[-0.433898204818564,46.545982160600126],[-0.43542702065204,46.545947966129376],[-0.436220455026923,46.5456663601041],[-0.437239411236913,46.545625827325004],[-0.43724349097826,46.54610429307159],[-0.438172720946028,46.546090783746344],[-0.438148310575043,46.545828338892875],[-0.438291126029133,46.54554554485674],[-0.438799429130575,46.54505167397663],[-0.439556063769757,46.54453951682763],[-0.43979039025229,46.54409263603225],[-0.440245837259599,46.54361026179284],[-0.441997203215462,46.54337820728866],[-0.442768127082206,46.543134184353896],[-0.443521739432552,46.542575222262855],[-0.444012994259905,46.54197818948602],[-0.444234667585068,46.541208112096825],[-0.444820199513391,46.54119317998003],[-0.445172283225535,46.540420073144084],[-0.445698314935832,46.540497058886636],[-0.447028797842457,46.54100495492716],[-0.449204148800878,46.54144679910204],[-0.449867869035321,46.541655710109424],[-0.452968758870341,46.54352967421938],[-0.453831898451181,46.54228955285305],[-0.45677101608434,46.54334090495137],[-0.455873228716192,46.54481643623901],[-0.460211795168573,46.547433342749045],[-0.460644091267532,46.548233243003146],[-0.461915580531263,46.54899963291586],[-0.461870316305053,46.549356118325434],[-0.462013350217818,46.549756476370696],[-0.462694446544525,46.55111936716163],[-0.462392173298164,46.551933385519945],[-0.462410675354808,46.55265567433915],[-0.461826066471896,46.55350888079648],[-0.460906158771356,46.55554122345856],[-0.460717313051362,46.555776769967565],[-0.460452088935362,46.55590016074451],[-0.460076243151158,46.55633874882599],[-0.459552465026958,46.557862474747694],[-0.458501165467906,46.55883702802972],[-0.457893191773415,46.559941478506445],[-0.457508433970122,46.560343372267546],[-0.456325343275893,46.56220696520767],[-0.456295339176462,46.56255757725308],[-0.455823614320728,46.56356596431931],[-0.453257331473176,46.56568940628594],[-0.453579397748425,46.56600775871271],[-0.454183539658274,46.56712606201659],[-0.454274623110346,46.56740812338674],[-0.454211754897543,46.56839424216363],[-0.454417088136615,46.56874676095585],[-0.454933928567761,46.56906553872322],[-0.457167817507617,46.56989576130016],[-0.457958308276789,46.57040724820858],[-0.458630408374129,46.570721318128925],[-0.45882628811419,46.570924499456595],[-0.458937889555887,46.57134383694938],[-0.458692415439906,46.57198487288336],[-0.458630339950653,46.57226254777085],[-0.458737218294715,46.57264867995339],[-0.45897886471738,46.572831550444064],[-0.459352905315473,46.572938313831926],[-0.459756276848905,46.57295135501252],[-0.460457160433811,46.57240199773406],[-0.460715759188371,46.57235812485289],[-0.461516375525096,46.57269893637285],[-0.462107964297017,46.5727738731838],[-0.463242473208884,46.57271340416393],[-0.463436768587707,46.57250112467028],[-0.463830237452561,46.572461274160254],[-0.464101717837315,46.572619797294735],[-0.465265538827805,46.57273237270149],[-0.46655043900879,46.57308371984779],[-0.467913526856573,46.57312353519621],[-0.469769288084347,46.57344943311515],[-0.470182230774187,46.57359193590181],[-0.470644346505529,46.573808655749765],[-0.470711940117647,46.573946308406605],[-0.470663485053211,46.57539978549919],[-0.470936177970627,46.57561774294845],[-0.472205341185451,46.57617140008459],[-0.472819165079111,46.57669626289106],[-0.472838216032775,46.57705620828876],[-0.47253388612043,46.577469229758066],[-0.472544266897313,46.57769334059857],[-0.472422864870772,46.57945727963221],[-0.472541505253947,46.58016931845557],[-0.472187011959883,46.5811075200993],[-0.471413638325708,46.582036795002004],[-0.469636120659089,46.584562078348476],[-0.47018164961304,46.58499889627281],[-0.470228531383478,46.585897879571675],[-0.4708738903289,46.585747621351985],[-0.471495708008785,46.585146518753206],[-0.471914498333423,46.58441637525373],[-0.472223307963513,46.58409335213274],[-0.473068840409185,46.5840280396995],[-0.473540221583239,46.584285929460265],[-0.47342744588927,46.584648973904784],[-0.472799594309399,46.585114173536894],[-0.471707852823843,46.58648393231903],[-0.470444735741326,46.58770925819709],[-0.470138882391731,46.58768968960373],[-0.46997839867369,46.58794061139752],[-0.470162352578517,46.588139630829964],[-0.46995680465367,46.58852441065299],[-0.470501289417902,46.588636789637526],[-0.471125411847828,46.58934161292538],[-0.471676753959646,46.58958176413339],[-0.472633742785449,46.58952028749492],[-0.473151282966636,46.58925131769508],[-0.473494394130848,46.58938331259283],[-0.473651204955259,46.589238851283824],[-0.474792525644359,46.589689112752794],[-0.474672002719673,46.590299351375506],[-0.474328901303312,46.59061801308959],[-0.472971809182513,46.5907610441174],[-0.472510383270126,46.59090573261549],[-0.468958614626105,46.592450105223804],[-0.468308910045789,46.59292314831054],[-0.46754909485535,46.593268833855255],[-0.468244443071274,46.59422928789243],[-0.46839709179213,46.594675314685304],[-0.468101490219984,46.59526831514015],[-0.468283334411357,46.59625423947486],[-0.467637214744145,46.597071465868055],[-0.468556536783311,46.597319414128634],[-0.470435787720732,46.598143935502605],[-0.473946965124572,46.59888647195493],[-0.475091013083705,46.59992881106374],[-0.475405362657464,46.6001211613702],[-0.476096815559208,46.60083293101751],[-0.477774037582915,46.60295234117297],[-0.47905808416539,46.60503590825392],[-0.480047806448853,46.60523656500027],[-0.482659410172161,46.60521664307184],[-0.483908159373618,46.60588798302726],[-0.482706987990854,46.6073891521886],[-0.481880132123741,46.60807856322801],[-0.481968259246643,46.60824983576281],[-0.482371748039871,46.60846469474218],[-0.48342398590923,46.60861925903624],[-0.484223643897714,46.60891399229055],[-0.484141823108062,46.6098619548604],[-0.485434008707473,46.61008671293097],[-0.485265618839823,46.61219369098041],[-0.485529048578951,46.615385318551795],[-0.485311615306889,46.61619680448645],[-0.486420842488045,46.61619729021872],[-0.488684955262581,46.61595168228376],[-0.491814778653872,46.61501086229248],[-0.493103272376521,46.614849889267084],[-0.493293060022656,46.61344706560506],[-0.493681915331215,46.61276102060465],[-0.493972349485286,46.61286392206166],[-0.494204740937472,46.61308125808519],[-0.494909451085604,46.612649654808905],[-0.495450820331813,46.61242402596333],[-0.496498946931018,46.61119057464528],[-0.496482850784585,46.61087921126127],[-0.497503382425906,46.60940053225067],[-0.49784405009374,46.60845456036184],[-0.498406257575102,46.607455851122104],[-0.498999132616779,46.605673858074184],[-0.500688149098696,46.6032057956313],[-0.501951323239964,46.60196570739415],[-0.503101138772935,46.60099676384495],[-0.503991040515075,46.60037826452715],[-0.504375480314684,46.59991133052653],[-0.504783309474405,46.59828548134312],[-0.505117945634387,46.597512718101456],[-0.506924133039213,46.59616039853481],[-0.507784655800557,46.59583839942718],[-0.50885612737497,46.5952395305807],[-0.51026747533578,46.594781651706576],[-0.510466267546421,46.59441772969702],[-0.510382511571011,46.59378846950905],[-0.51058529163492,46.59281783302299],[-0.512212790438345,46.591375359430636],[-0.512568793491276,46.591178762142384],[-0.514394281545044,46.590535964761955],[-0.516095809238557,46.59014030350148],[-0.516893424413663,46.589595732518134],[-0.515834463438349,46.588847714471065],[-0.516480787381008,46.588430373588714],[-0.516508715664317,46.58829611887175],[-0.516174967906689,46.58786562234632],[-0.51602961423148,46.58749783877818],[-0.517144234825607,46.586579388735544],[-0.517135271701407,46.5864002995832],[-0.516330713214717,46.5858860256369],[-0.516460375728312,46.58572791464075],[-0.517515896493279,46.58512944463327],[-0.518432017931677,46.584781312857906],[-0.518757939001781,46.58454505895594],[-0.51916201710918,46.58454705620964],[-0.519380138247527,46.58444300537052],[-0.519260053821047,46.58329389544933],[-0.518916643559659,46.582248996029804],[-0.521197705811038,46.58204634025565],[-0.522733780161367,46.58224963916535],[-0.523598366372618,46.58249973250887],[-0.528141834029738,46.57973055849121],[-0.529349205548045,46.578736109203376],[-0.531110933560143,46.57814726890376],[-0.531734452706907,46.57822807608711],[-0.532399653299909,46.5787294198624],[-0.532230777490336,46.579087957250756],[-0.532190422778129,46.579654342065965],[-0.531765612674687,46.5800775619964],[-0.531356322465188,46.580276769411675],[-0.531073253753287,46.58066857239963],[-0.531112094516736,46.58078364653274],[-0.530941604797757,46.58119811414373],[-0.531006908164004,46.58129795044087],[-0.531230032348811,46.58131179674027],[-0.531281610001094,46.581381410934696],[-0.531115955638319,46.58211209900132],[-0.53069064278945,46.58311218516676],[-0.530671271828509,46.583438165432135],[-0.530325365785144,46.58378863998909],[-0.53003523176511,46.58467639237098],[-0.529640169633485,46.585236589186444],[-0.529630691275098,46.58545320217008],[-0.529391335158616,46.585632738707744],[-0.529261501085292,46.58598916468872],[-0.529074075586697,46.58618332314187],[-0.528562935018419,46.58646587788311],[-0.528405477018961,46.586638380499984],[-0.528407158085236,46.58678524632625],[-0.528133730957814,46.58698385691813],[-0.527209958614013,46.588060580966456],[-0.526799374277158,46.588180491892814],[-0.526072051574333,46.58881941296601],[-0.526101846841396,46.589117737866104],[-0.526462521794796,46.58919585821484],[-0.52653690177078,46.58929451596659],[-0.526452570444027,46.58950622364341],[-0.526083166180324,46.58959602017096],[-0.526127784071854,46.590324725827756],[-0.526764104699813,46.59064131903449],[-0.527102739001232,46.59060114070845],[-0.527765631796847,46.590924120477695],[-0.527887917857593,46.59109611173225],[-0.527636465423243,46.59119038954202],[-0.52769731369297,46.59130208235699],[-0.52762098510667,46.59135490942517],[-0.527694713145683,46.59140311192199],[-0.527607233118931,46.59156624540253],[-0.527838341611624,46.59180338434783],[-0.528036350270321,46.59177204416142],[-0.528070603324041,46.59201795397912],[-0.528189086095275,46.59186918722177],[-0.528333924678081,46.591864722743495],[-0.528311062612879,46.592056510322955],[-0.528547899411355,46.59209968451182],[-0.528379789879195,46.59228964009411],[-0.528607361007302,46.59229073708495],[-0.528720311514159,46.59237919126162],[-0.528857194233511,46.59227221928773],[-0.529064155957613,46.592580404494086],[-0.52962117633207,46.592601086019336],[-0.5297497006339,46.59282876593122],[-0.530091762740347,46.5929822604703],[-0.530223847531185,46.59332520100449],[-0.530453568876258,46.59325862801216],[-0.530980866165469,46.593526284439356],[-0.531097732942476,46.5937353945899],[-0.530741438945875,46.59414838032602],[-0.530849905087221,46.594510075466836],[-0.530553142431383,46.59533673947528],[-0.531035641011668,46.59616280285948],[-0.531960763670857,46.596575917455176],[-0.532192948766614,46.596607510924756],[-0.532378644565669,46.596507140804775],[-0.532566344100861,46.5965383035346],[-0.532966400975084,46.59673867281618],[-0.53307529671986,46.59692549387008],[-0.533316287710794,46.597052354960645],[-0.53342397808879,46.597381624011874],[-0.534246838070902,46.59746798850532],[-0.534744728385843,46.59784559881067],[-0.534981555871134,46.597868030127096],[-0.535104454802631,46.5977470612707],[-0.535355344545316,46.59776455087426],[-0.535728544834665,46.59803424206054],[-0.536366613476109,46.59809385082618],[-0.53652127177074,46.59819993764729],[-0.538596151961772,46.59867752504422],[-0.539062199716663,46.598886650374894],[-0.539409074754423,46.598831760859966],[-0.53964221041703,46.598877731680126],[-0.540486491535011,46.59927254936196],[-0.540534265704449,46.59952434818297],[-0.541701237460994,46.59965319671333],[-0.542998766650674,46.60016016140042],[-0.54346115645422,46.60023237913096],[-0.543602358259318,46.600352393575],[-0.54356572395542,46.60099438063824],[-0.544350647147278,46.60144058256083],[-0.545183220420498,46.60211604726595],[-0.546175137790422,46.60304886138474],[-0.54628895973274,46.60331033019189],[-0.546601248783795,46.603526893371374],[-0.546750033388159,46.60376294250859],[-0.547336081761554,46.6040061751287],[-0.548136848623738,46.60413278710217],[-0.548522869067261,46.604376804684314],[-0.54856366961809,46.60448099717365],[-0.548849426098907,46.60457128771426],[-0.549027216305305,46.604830771409986],[-0.549447500382554,46.60503857164678],[-0.55001251886621,46.60509947063351],[-0.550861089557497,46.605457128600875],[-0.551992423056094,46.60579879794281],[-0.552932800877197,46.60624012212674],[-0.553534304752003,46.60661894803283],[-0.553717254010517,46.60663670476096],[-0.554060155088009,46.60644038424339],[-0.554237165886744,46.60646733791448],[-0.554393646408163,46.606700435326],[-0.554444666149262,46.607200900620704],[-0.554651840890891,46.60738915942043],[-0.55452500117937,46.607689639659476],[-0.555150506820589,46.607955044547595],[-0.555312021772746,46.608525087666635],[-0.555867493898429,46.60927939006275],[-0.556354529047572,46.61064692788508],[-0.556557252336285,46.610766819728575],[-0.556629198491758,46.61112692586801],[-0.556300741991511,46.61134443692454],[-0.556294715033244,46.611512274300615],[-0.55653207851612,46.61208176299541],[-0.556967948388982,46.61258649782373],[-0.556966413599173,46.61322289520398],[-0.556529900601732,46.614188273728516],[-0.556651698736826,46.61475053532659],[-0.556595605809163,46.61543279267273],[-0.556886107845159,46.6156545140993],[-0.556923513646927,46.61582641042244],[-0.556500080694488,46.616172157849014],[-0.556046298664019,46.616873975486314],[-0.555715189669474,46.61689146750306],[-0.556032824924056,46.61782801571456],[-0.558068792808023,46.621714468696595],[-0.558166093980741,46.62322119702987],[-0.559387424632238,46.62397192342296],[-0.560176282075961,46.62411144967617],[-0.560586440191848,46.624301502042755],[-0.560986385190859,46.62463518443276],[-0.56139624178919,46.62535974117583],[-0.561710966104432,46.62559061379616],[-0.563349743940202,46.626440987093595],[-0.564130139972778,46.62663032477972],[-0.565944406345657,46.62736253373823],[-0.56538725479667,46.62794412122874],[-0.564636603091459,46.62854795185006],[-0.564597171216496,46.62904401803997],[-0.56201912632772,46.62969476936433],[-0.5612399778629,46.629804623798385],[-0.560979925286244,46.63050854624099],[-0.560968049694843,46.631146165571025],[-0.560275582790755,46.63273963314546],[-0.558472955478244,46.63442527156893],[-0.557187005273619,46.635089839949536],[-0.55605079618403,46.63520353238737],[-0.555449269704204,46.63510953580428],[-0.555035115716407,46.63575963639895],[-0.554627467836507,46.63582907049277],[-0.554074357508346,46.63615539108322],[-0.553448724150841,46.63635326419761],[-0.552920614742246,46.63664184842628],[-0.552709920696054,46.63688182931961],[-0.552476505997242,46.63681425659024],[-0.552141071129917,46.6369075809626],[-0.551736296606394,46.63738161602682],[-0.550845771266518,46.63777155910463],[-0.548874206650053,46.639301828643525],[-0.549061726078109,46.63964844216717],[-0.548350096214339,46.64007338206461],[-0.547252403941349,46.640357945438836],[-0.546202624762841,46.640935751258404],[-0.545139933775828,46.641135386046216],[-0.544804487761836,46.64126924800928],[-0.544365283258143,46.64161813221295],[-0.543937690267107,46.64176385542708],[-0.542150724908466,46.64103135194912],[-0.539391587318594,46.642872415252],[-0.538449693216896,46.64408405313001],[-0.537111931245437,46.64460306375742],[-0.536757673196777,46.647203516578756],[-0.536526413939851,46.64805429763259],[-0.535924305304594,46.649039102707626],[-0.535099637351762,46.6497820037237],[-0.534902106616445,46.64990436862665],[-0.533450639936924,46.650247474080125],[-0.532560908353635,46.65027220216448],[-0.532321924017946,46.65022008182774],[-0.531652102943733,46.65048678945342],[-0.530596930547923,46.650704977722896],[-0.53003361755335,46.65108015801652],[-0.529383122862005,46.65124170275105],[-0.52909169492009,46.65165176725745],[-0.528479200435981,46.65191488710595],[-0.528043731741522,46.65198147299479],[-0.527413803144939,46.65237942067773],[-0.527305555546742,46.653091192125196],[-0.52704801210198,46.652954907564805],[-0.526942038447507,46.652673351366396],[-0.526262188917065,46.65240314639996],[-0.525973090909613,46.65208305958522],[-0.525643094913852,46.65202020580739],[-0.525079088978276,46.65175994988449],[-0.52482054668777,46.65172914597687],[-0.52449983105408,46.65180931362473],[-0.523790184547308,46.651704952832795],[-0.523431993317757,46.651792579081395],[-0.522808832673093,46.651810836570526],[-0.522397388087004,46.65133947546281],[-0.521719659831163,46.651363911096524],[-0.521557158102592,46.65125984538374],[-0.521389779070835,46.65126228506472],[-0.520424976497072,46.65065379508711],[-0.520367446863949,46.65055371339527],[-0.520647514062976,46.65020981818189],[-0.520603075185393,46.64998855757955],[-0.51981212189089,46.64925484630843],[-0.518601828565827,46.648775560988945],[-0.51817956104479,46.64831803838494],[-0.517477239193456,46.647961947506495],[-0.516653249923034,46.64762671171742],[-0.516125117976466,46.6475149319813],[-0.515733950916833,46.647497191143884],[-0.515571911012943,46.64760220905697],[-0.515263732277965,46.647592736213475],[-0.515018727807502,46.64726496227072],[-0.515072031146154,46.64713804400125],[-0.514832416890686,46.647136381203005],[-0.514213923375989,46.646942640918105],[-0.514109429595092,46.646500595097244],[-0.513868887557538,46.646484537757125],[-0.514166557698339,46.64631136909551],[-0.513906883070404,46.64555411479562],[-0.513992238917476,46.64525496377847],[-0.513188171832216,46.6441944350758],[-0.512675863966172,46.64373965505839],[-0.512603336971243,46.64350843752846],[-0.512299453099392,46.64324104921254],[-0.512147573640229,46.64330068527218],[-0.51196610417555,46.64320620168096],[-0.51167394212049,46.64318090664056],[-0.511527547655542,46.64287984723502],[-0.511041968743835,46.642433254547676],[-0.51040769746904,46.64227783435638],[-0.509293766688604,46.641746833831284],[-0.508798241094161,46.64159166188349],[-0.507322188699325,46.64141062688202],[-0.507193585567258,46.64130370199283],[-0.506673340898585,46.641292586792346],[-0.506377359064482,46.6413701453432],[-0.504674054697655,46.64147994496954],[-0.503566592931757,46.64165712473321],[-0.503282582601291,46.64185959142644],[-0.502867566349942,46.641938076362244],[-0.501881141388981,46.64188170436989],[-0.501454981707334,46.64164506572027],[-0.501035168552733,46.64152720474249],[-0.500726464391487,46.64161054504268],[-0.499953578767572,46.64151698731575],[-0.499787049498775,46.64167439582299],[-0.499574102451389,46.64167999908889],[-0.499053607843267,46.64196989449293],[-0.49778537010977,46.64239437972214],[-0.497045415019646,46.64248726918131],[-0.496201374681212,46.64244723234904],[-0.495568375380128,46.64251431569863],[-0.49509156711119,46.64264963697236],[-0.491997367008974,46.643048624749525],[-0.490926470352889,46.643388603360066],[-0.490607978720907,46.64378857205262],[-0.490319932854068,46.64399022636767],[-0.489464133121516,46.64417492253535],[-0.489250206669447,46.6443896388277],[-0.489042175082576,46.644329277241894],[-0.488743690522547,46.64438883906793],[-0.488787337948355,46.64457948792505],[-0.48849306690439,46.6447047159646],[-0.488358210683766,46.64488727995767],[-0.487221551156938,46.64512106770509],[-0.486700539041318,46.645057608658426],[-0.486242455389492,46.64522026230857],[-0.485592620533175,46.645249946706954],[-0.485075140223837,46.64513950512718],[-0.484507275365462,46.645304589402244],[-0.482534403583448,46.64621359471204],[-0.481741069310741,46.64676135947071],[-0.481933412579588,46.64723050019157],[-0.481821021970479,46.64741687937039],[-0.481591395282734,46.64716247952136],[-0.481279632246296,46.64750543286669],[-0.481321142804032,46.647867395659596],[-0.481637021120837,46.6480993468066],[-0.481374256380811,46.64830832030909],[-0.481258153405009,46.64884541721631],[-0.481005507428989,46.64900811598973],[-0.480727043961976,46.649012969659395],[-0.480661438904985,46.6493168977754],[-0.480396957185974,46.64939703504212],[-0.480190274780039,46.64958267088303],[-0.480258485201871,46.64976897079702],[-0.479589729185352,46.65036250579185],[-0.479739391552972,46.65049225471322],[-0.479414446843069,46.65060937613964],[-0.479182043504652,46.650556946747486],[-0.479065136540607,46.65085702331486],[-0.478512553691055,46.65118023982221],[-0.478477816348137,46.65127142407463],[-0.478658790763006,46.65142005246089],[-0.478588488653313,46.65163038638907],[-0.478460371945482,46.6516532026275],[-0.478266143333841,46.65148154248737],[-0.478023858805129,46.651499711822964],[-0.477774631377907,46.65163435873671],[-0.477472370230207,46.6516561496561],[-0.476459958718174,46.65221863273776],[-0.475851820651266,46.65222626441864],[-0.47545660240153,46.652350011960166],[-0.475127343818693,46.65221578979122],[-0.474901577186771,46.6522262411218],[-0.47449340944043,46.65249548656275],[-0.473880583883229,46.65275741511647],[-0.473449185676935,46.65325719098407],[-0.472580939783956,46.65347547974093],[-0.471401225186202,46.65373564359166],[-0.471133873502881,46.653668934393245],[-0.470465198307464,46.65379463745943],[-0.470146824048064,46.65362582237773],[-0.46885200158461,46.65337480687772],[-0.468502396802311,46.65320873535731],[-0.468198888421052,46.65325217021565],[-0.467804223193447,46.65313883400446],[-0.467245929251371,46.65320980440107],[-0.466534568422907,46.65303574452217],[-0.466238381189347,46.653070841090674],[-0.465619017125305,46.653395110916136],[-0.465162792424952,46.65338367066146],[-0.464895694112374,46.65352603899257],[-0.464637738335058,46.65348336568088],[-0.463864729814654,46.65373836471875],[-0.462631764866763,46.653738672447304],[-0.462461108308812,46.653689751330084],[-0.462432970695742,46.653063303947626],[-0.461912563800375,46.652948339168624],[-0.460348166784009,46.65290275477276],[-0.459729877664756,46.652422108900076],[-0.459319973814275,46.65190452583169],[-0.459121517047308,46.65178884257898],[-0.45907164057399,46.65133429627745],[-0.45856034907263,46.65111539368294],[-0.458282419371562,46.65073803026472],[-0.458286348756327,46.65053241801946],[-0.458113104641969,46.6502780752555],[-0.458193924231947,46.65004670913979],[-0.457949839900455,46.6498720147499],[-0.457965496244478,46.64960385976252],[-0.457834983718068,46.64938337739079],[-0.457841177756629,46.649275035920006],[-0.458071906208991,46.64909592727846],[-0.457918351334405,46.648677856970565],[-0.457043886597792,46.64822205303481],[-0.456668894520608,46.648149545886724],[-0.4559919681057,46.648165457597244],[-0.455296110811965,46.647760133820825],[-0.454742063317173,46.647711946693214],[-0.454403750851448,46.64786635196435],[-0.453550437895142,46.648051600696526],[-0.452146103040755,46.64883387228584],[-0.451608382624606,46.64887801026468],[-0.450775577295672,46.64852094778249],[-0.449418293315984,46.6483545180355],[-0.449183660209038,46.64814256885242],[-0.448174293774174,46.64809633782096],[-0.447596463911724,46.64790012018535],[-0.446155993508998,46.64790739902248],[-0.445865798963906,46.64799543888314],[-0.445595307265066,46.64785756498857],[-0.44528185733973,46.64784716160135],[-0.443989706554265,46.646787342805844],[-0.443557253286426,46.64665433219822],[-0.4432104828178,46.64719200239794],[-0.443576407970496,46.64794799649284],[-0.442093816992929,46.64834404059712],[-0.441315466218608,46.64845304004676],[-0.440008736273834,46.64848506560596],[-0.440097297687548,46.64893304658295],[-0.438906542102906,46.64864703126021],[-0.438637997221189,46.648518997044576],[-0.438510158561039,46.64856699583259],[-0.438746880980516,46.64937104294892],[-0.437463121171174,46.64980792449086],[-0.437604059526863,46.650029016095765],[-0.438623376147707,46.650769927897336],[-0.438695925075735,46.650902942636996],[-0.438698899545604,46.65225296787981],[-0.437479083830484,46.65268792852555],[-0.4363509434976,46.65275150452627],[-0.435642904613631,46.65300075639652],[-0.434773506366908,46.653472047487234],[-0.433403850375612,46.65393939326001],[-0.433090535829021,46.65386946738618],[-0.432572914591276,46.65392192473087],[-0.432735951126262,46.654513685066824],[-0.43358547369707,46.65579868945075],[-0.4349834038365,46.656854552157945],[-0.433392485829902,46.6576953448784],[-0.432566043895823,46.657915676247235],[-0.430891270270972,46.65817581991472],[-0.428301873357703,46.65815146088804],[-0.427762848440274,46.65819732517975],[-0.42733924465183,46.658329862513185],[-0.426238134751306,46.65896933986581],[-0.425384076533951,46.659354474653135],[-0.423588744183109,46.66081860232988],[-0.422398721451073,46.66162742997675],[-0.421780078491986,46.66194782505123],[-0.419998296698413,46.66236151019301],[-0.41937390940833,46.662341384296916],[-0.41897644659947,46.662453281347595],[-0.417620435531216,46.66256041498263],[-0.417379089568103,46.66263610705262],[-0.415829813469799,46.66270932559218],[-0.415647420952382,46.66282741898988],[-0.415451634304742,46.66329470044988],[-0.415983557686458,46.663676306877704],[-0.416151963733166,46.66402278107483],[-0.416974194258746,46.664669715304896],[-0.416976037816765,46.665011239655854],[-0.417255482693649,46.66529131383527],[-0.417144605251378,46.66588044125835],[-0.417644295843072,46.666956074259915],[-0.419085740795774,46.66793422258908],[-0.420434804711784,46.66946127752734],[-0.420497613314981,46.67020925627864],[-0.420967421609416,46.670912644665194],[-0.421025843340665,46.67115424293206],[-0.42135917713202,46.671270472357314],[-0.421869873547962,46.67120926512517],[-0.422220958349041,46.6715448711473],[-0.423241900817612,46.67220475946601],[-0.42337148030391,46.67239105727834],[-0.423450038265594,46.67297273195323],[-0.423762761847222,46.67309407662418],[-0.42391022847066,46.67339790561465],[-0.423830448381191,46.6738563290248],[-0.423991342738929,46.674040789768014],[-0.423756822650464,46.67459936858746],[-0.423500491567442,46.67464577772952],[-0.423369606640415,46.674812815185625],[-0.423372732245274,46.67521558766619],[-0.423032670463302,46.67661369019496],[-0.422795269525861,46.67691909661875],[-0.422752508159759,46.677487268925816],[-0.422267766805958,46.67762881736542],[-0.422045636202966,46.6783222111109],[-0.421931236261296,46.67837699758414],[-0.421540168656474,46.67832197503174],[-0.421353656151686,46.678375307834884],[-0.420574875511675,46.67885909021581],[-0.419988128594739,46.67891985408903],[-0.419687967410066,46.67920639607084],[-0.419800159222265,46.67940763656577],[-0.419730173234134,46.67983512014704],[-0.419795971131543,46.680152204775446],[-0.41953389857201,46.680336668574185],[-0.419565869136542,46.68071965304525],[-0.419313190090343,46.68107417469112],[-0.419155677680866,46.68125551925061],[-0.418893276309562,46.681351667417054],[-0.418582138729002,46.68208826282335],[-0.418985793911078,46.68315413685751],[-0.418807280464826,46.68343885068175],[-0.418846698789073,46.68379457507629],[-0.418713489392235,46.684278919200736],[-0.418273940416568,46.68455699403435],[-0.41781483977846,46.684586901733304],[-0.417353683958004,46.68510445093756],[-0.417137959844843,46.68504779148482],[-0.416962839525956,46.685116098193866],[-0.416472455426792,46.68479453974643],[-0.416103133297431,46.68466945259387],[-0.413898335258497,46.68494961473098],[-0.413148824230453,46.68494308633214],[-0.412997204498498,46.68473940848614],[-0.412747679222986,46.68516592032979],[-0.41239568092957,46.68542063685004],[-0.412211966816324,46.68583166991486],[-0.411977786438574,46.686064853843675],[-0.411878745666908,46.686489589374055],[-0.411258495688823,46.68699832626381],[-0.410999296234686,46.68708354467422],[-0.410577639557292,46.687376377154855],[-0.409297301336811,46.687530711255945],[-0.409166238894299,46.687529200163375],[-0.409026697271469,46.68741348145422],[-0.408119280897958,46.68777121433515],[-0.407693108221476,46.68807588608443],[-0.407157598027023,46.68820355365897],[-0.406067998312234,46.68793310023696],[-0.405406821300098,46.687456145348314],[-0.405051853484379,46.68751805752901],[-0.405094067222243,46.68766911602414],[-0.404213673324648,46.688144980200875],[-0.404096030617055,46.688357563261],[-0.403762397460421,46.6883629602025],[-0.403177603805685,46.68881201646472],[-0.402153809261988,46.6890064220816],[-0.401505794235198,46.68892740846509],[-0.400683808161301,46.68914465468906],[-0.400428010376167,46.68909636227104],[-0.399589461285557,46.68934203035223],[-0.398730235910561,46.68936209092169],[-0.397856194225572,46.69000354544718],[-0.397434676917735,46.69019538254357],[-0.395441976063695,46.69045808161497],[-0.392367395591601,46.6911817470358],[-0.390831928415913,46.69180395420252],[-0.38528178637981,46.693746973256985],[-0.382594671138905,46.69497624219394],[-0.382121287262312,46.695472366872714],[-0.381651108476703,46.69580977636962],[-0.379436810282009,46.69723050666983],[-0.377991385019577,46.69793639766539],[-0.377860278958601,46.69818719822913],[-0.3778716557438,46.69841217284966],[-0.377318832464679,46.69868530503464],[-0.379508393743992,46.70027458657588],[-0.38070688772363,46.701745240055835],[-0.380380932705756,46.70263265327364],[-0.375048997400682,46.70545371223536],[-0.374221286231282,46.70520498733381],[-0.369750207302106,46.70738221263172],[-0.369689040750909,46.70747323137208],[-0.370148268317456,46.70940460166757],[-0.370561245986984,46.709852097791426],[-0.371005399926947,46.71008418310649],[-0.372025634990937,46.711385321864014],[-0.371802579909048,46.71205518504169],[-0.371828865642431,46.712562707806924],[-0.37199991011277,46.71339672845437],[-0.372641942233428,46.71483064432538],[-0.372796986856621,46.71724138966426],[-0.373124455257814,46.718441216843374],[-0.373409522216103,46.71904297043151],[-0.373833337140303,46.719663174692755],[-0.374372370518195,46.71996545927286],[-0.375826015055867,46.72024534337114],[-0.376094822417833,46.72037442216561],[-0.375322666405267,46.72262408379951],[-0.378042091147602,46.722668431541955],[-0.378047690688198,46.722758390063156],[-0.376603980154475,46.724008532909586],[-0.376115934133348,46.72469521182882],[-0.374936617968869,46.72598351447023],[-0.374081615418221,46.7272190091991],[-0.374111376075617,46.727803032899125],[-0.374442831389905,46.7278852128495],[-0.374809831903782,46.72868643002853],[-0.37414107831453,46.72969294101467],[-0.373728422761347,46.73060269740358],[-0.374239351501449,46.73123115516806],[-0.374903822317942,46.73179921974297],[-0.374874561776639,46.73187668472378],[-0.372281527093445,46.733198402557605],[-0.372092014511494,46.73343919128462],[-0.371805068014286,46.73346204113877],[-0.371576133466633,46.73370128334204],[-0.371220095812514,46.733856839303414],[-0.370157480503025,46.734939778141936],[-0.36927666519302,46.736143540858905],[-0.368095495000017,46.73715513579443],[-0.367837565867292,46.73749795988703],[-0.367411303600913,46.73778984583172],[-0.366588156800771,46.73867826601878],[-0.366077874220656,46.73947549378629],[-0.366077428589293,46.74041908842891],[-0.366450892485069,46.74077583580224],[-0.367077845187899,46.74187947159101],[-0.366948364093307,46.74332072154384],[-0.367451210402148,46.74398729723832],[-0.368177879545416,46.74422553137704],[-0.368353236147363,46.74436818701262],[-0.369103588214524,46.745599771142246],[-0.36969237537128,46.74623497671657],[-0.369842242808306,46.74679023803799],[-0.370593514750153,46.747613531974],[-0.371906555575702,46.7485095447632],[-0.372117908151152,46.74885120993962],[-0.372438068205003,46.74881296653406],[-0.372702478345693,46.748869186219075],[-0.373805739279756,46.749490158965365],[-0.373806391581759,46.749627126102524],[-0.374029032598841,46.749854901982246],[-0.375789524645436,46.7501014568379],[-0.375918525552713,46.750151737300435],[-0.376066857464146,46.750386200644584],[-0.376488207074871,46.75056216622113],[-0.377267710733875,46.751646847023565],[-0.377346066915256,46.7523366843662],[-0.37759713051284,46.75285201046397],[-0.37800846302408,46.75328781910651],[-0.379151087163796,46.754201386275234],[-0.379706743957599,46.75489069282061],[-0.378482126191132,46.75594511890754],[-0.377857037581954,46.756835896498444],[-0.377552378306709,46.75680790820496],[-0.377167547950069,46.75688231316471],[-0.376905375927838,46.75682062940845],[-0.376588113011348,46.756990377607956],[-0.375995054471372,46.75700601342569],[-0.375253649206434,46.757229683690944],[-0.374970557802221,46.757421854556064],[-0.374545813905632,46.757508238320796],[-0.374184653149566,46.75741521093374],[-0.373344322438989,46.757482258782176],[-0.372456979460596,46.75765792675933],[-0.371926820629212,46.75765186702979],[-0.371206960784752,46.75782170557008],[-0.370750687397135,46.7576963122223],[-0.36996249676495,46.75769511405622],[-0.369239223716533,46.757957866066526],[-0.368441947474887,46.758380497895885],[-0.367482827917628,46.75854110884809],[-0.366350862503009,46.75889603516136],[-0.363903907282482,46.75989059245948],[-0.363602186535167,46.759825530867],[-0.362994025629071,46.76014795507775],[-0.361657876859378,46.760573700367615],[-0.361271269559666,46.76062016488127],[-0.360825610417118,46.760560210335996],[-0.360392418550368,46.76023583274613],[-0.359646219925198,46.76025676552271],[-0.358837742943537,46.76016145579325],[-0.358182786616634,46.76030047310883],[-0.357730532422479,46.760282155510566],[-0.357324933298373,46.76002184761623],[-0.355781715242659,46.760598672738844],[-0.354550289077337,46.76085274602472],[-0.353441467736603,46.76096894468974],[-0.350956008229437,46.76102708007665],[-0.349671783727023,46.7615521029727],[-0.346946948749763,46.76206683664083],[-0.346367435534531,46.762260362349664],[-0.345319781835404,46.7622845779023],[-0.344196731497042,46.762085677419186],[-0.343147671863317,46.762065754988775],[-0.342861847080166,46.761577510051914],[-0.342457717365486,46.761361267969484],[-0.342311749335513,46.76163137278877],[-0.341963692173762,46.761963233595694],[-0.340855351789827,46.76251367703384],[-0.3404921595866,46.76283425750575],[-0.33866964732445,46.7659080976547],[-0.337612475382292,46.76682290738935],[-0.336652025203426,46.76783943580073],[-0.335626586737454,46.768567655021414],[-0.333844090831694,46.769441306547],[-0.333367461148641,46.769582210157175],[-0.332156976630978,46.769669605143996],[-0.331509796426742,46.76993801205798],[-0.330249420510589,46.77119929480528],[-0.330375873176426,46.77140020061161],[-0.329966540349663,46.77182571938148],[-0.329129529565817,46.77319006568658],[-0.328388789297964,46.77398656340767],[-0.327878669309758,46.77428792499584],[-0.327212577510802,46.77446312855751],[-0.325525261303451,46.77569616417373],[-0.323782799099538,46.777485904365335],[-0.323629027521858,46.77754532654991],[-0.32272664031761,46.77705504779515],[-0.322241220169196,46.77690416945875],[-0.320340384876102,46.78017999426721],[-0.31992519388959,46.78072640126027],[-0.317297143191211,46.78282098890673],[-0.316201445764669,46.783803378282805],[-0.313574818793132,46.78536793084497],[-0.313652106974467,46.78296223120037],[-0.308884317264892,46.781947035085004],[-0.305720974549051,46.780219511775776],[-0.303414556886285,46.77995782709868],[-0.300192468746844,46.77971699891998],[-0.299793904436175,46.77959146843107],[-0.299532143275641,46.775592325150086],[-0.299540458439541,46.774392610207265],[-0.291571912821827,46.77532144988747],[-0.291603487164373,46.77419947667387],[-0.291872217878807,46.77220917755156],[-0.289693147865568,46.77148848285555],[-0.285978007034961,46.77115325098899],[-0.285204264281713,46.77078697651434],[-0.284636042748696,46.771215065920536],[-0.283813288343493,46.77120885258305],[-0.28354451446769,46.77095068918442],[-0.283090088839542,46.770723966175986],[-0.282332602398031,46.77060413087809],[-0.281764029738314,46.77013824827349],[-0.281092281251464,46.76985284234561],[-0.280198765041066,46.76965216876731],[-0.279429495244906,46.76966242075239],[-0.277936213342591,46.770084442858874],[-0.276527418059488,46.77023368246814],[-0.27582048773034,46.770038466344836],[-0.275529677576565,46.769718732874146],[-0.274627573342754,46.769701199767646],[-0.274036392816101,46.769402642616654],[-0.273466484543277,46.7695432487524],[-0.272791207559258,46.76956789968903],[-0.270589101006767,46.76932873468613],[-0.267429781991146,46.7691798450505],[-0.264681520605559,46.76895249920023],[-0.264493363194499,46.76883348601417],[-0.264169085040527,46.76837049002604],[-0.263824097309348,46.76823881068003],[-0.263170273689231,46.768140236873144],[-0.262354916363505,46.76816880669454],[-0.260087763530711,46.76848190392466],[-0.259725087231529,46.76860123897591],[-0.260214381722603,46.76805746484047],[-0.261284353436438,46.76755217227098],[-0.26187285393087,46.76689202595127],[-0.263033184848672,46.76625438119324],[-0.264760327989299,46.76483732164256],[-0.267213954448115,46.763290525538636],[-0.268146444086014,46.76226909893175],[-0.269238270857012,46.761433275021766],[-0.270928343474766,46.759819810336715],[-0.267418323473106,46.75764968153819],[-0.267472843125266,46.75742283699023],[-0.268715474327551,46.75604472255281],[-0.269326481955778,46.75513065937395],[-0.269049983643471,46.75415444930869],[-0.267845109734466,46.7522845655936],[-0.266165544255496,46.75080396486442],[-0.264974254377643,46.74920041537606],[-0.26403133294138,46.74891271641962],[-0.262767374143253,46.748649453795736],[-0.262309540470538,46.74825243039727],[-0.26132962421001,46.74785041123822],[-0.260003781683184,46.74690578901578],[-0.25921499705488,46.746171200171105],[-0.259301743257012,46.745476637719854],[-0.259102981545727,46.74507044496412],[-0.259094619792744,46.74480033083212],[-0.258706655823894,46.74477980291631],[-0.258404453629188,46.74448468581436],[-0.257476175091606,46.74435152185222],[-0.25634877441001,46.74457004825466],[-0.255831386378806,46.74459914139434],[-0.254961164216388,46.74414439541398],[-0.254407742674486,46.74407537522201],[-0.253594945388541,46.74381274291214],[-0.253444942827852,46.743890889938264],[-0.253185524906354,46.74443984411378],[-0.25290645653064,46.744508130116316],[-0.252039807716986,46.74503102926138],[-0.251658766383525,46.745825838596815],[-0.250698721398637,46.74588456697429],[-0.250396464581853,46.74611300975149],[-0.250158351481538,46.746471206174945],[-0.249832445979017,46.74658947322547],[-0.249590954942421,46.74678194919334],[-0.249360541231313,46.74680919757647],[-0.248185144322034,46.74655588752476],[-0.24752952560423,46.74661949304528],[-0.246785960430125,46.74659366307649],[-0.246346506438155,46.74672053811748],[-0.245109876764038,46.74682398738748],[-0.244410511770298,46.74716456769729],[-0.242617236796157,46.74736482344215],[-0.241782698045958,46.747856995470165],[-0.241467372767055,46.74819662528266],[-0.240193594150489,46.74882013851967],[-0.239838760997971,46.74935462807022],[-0.239442509511145,46.74954694236708],[-0.239007493457788,46.74948532016777],[-0.238667652685133,46.748931681169346],[-0.238268474310563,46.74856985992234],[-0.237222828201439,46.74877687621457],[-0.236470580262254,46.74873770620697],[-0.235641600586672,46.748928687220385],[-0.235349571197022,46.749044154786134],[-0.235191720498083,46.749299125148184],[-0.234842710249357,46.749404481836294],[-0.234553829949865,46.74930898727156],[-0.233562808638564,46.74928914082243],[-0.233204540565271,46.74921722493888],[-0.232706144823511,46.74938986278928],[-0.232819065428443,46.749568717324486],[-0.232695686057124,46.74969835340125],[-0.232850462648984,46.75011753983083],[-0.232845663191758,46.75102694352355],[-0.233044973599836,46.751687287285485],[-0.232985430743706,46.75205213050297],[-0.232752633336467,46.75219385882425],[-0.232377224044194,46.75212062019714],[-0.231148652251514,46.75240572168174],[-0.229920278100487,46.75300260415107],[-0.229406769270567,46.75334056291616],[-0.229077709557681,46.75367152990716],[-0.228696508429572,46.75424997739986],[-0.227660275068164,46.75463957201433],[-0.227201363759761,46.754948049463216],[-0.226373067793802,46.75524077091266],[-0.226147253017877,46.75583106330591],[-0.225949073152851,46.756004245685176],[-0.225378350151912,46.75610859099724],[-0.225009144723566,46.75598559019551],[-0.225062178500233,46.75568672010636],[-0.22498399706683,46.755474441394234],[-0.224712487437271,46.75529642899068],[-0.224278667011846,46.7551671302212],[-0.223977623947164,46.75515395530416],[-0.223587660472653,46.755387488346074],[-0.22304365254386,46.75545592720067],[-0.222446642495691,46.75668473240376],[-0.220131081673201,46.76587293064584],[-0.219081942270647,46.76585097591745],[-0.218046254729111,46.7660998802025],[-0.217406110741166,46.76642871077338],[-0.216093805685501,46.76776311693908],[-0.215521816548723,46.7681359859955],[-0.214034282985526,46.76852906863176],[-0.213247119277308,46.76850243148736],[-0.212904953216557,46.76819480055877],[-0.212621624201203,46.76775125238313],[-0.212018809457561,46.76744910713508],[-0.211291799659222,46.76733066032891],[-0.208999686686594,46.76733615046767],[-0.207484138557344,46.767145088892384],[-0.206638150826286,46.76725432006479],[-0.206124898042394,46.767490329557745],[-0.20524140189356,46.76818543801451],[-0.204725475786393,46.76837645833773],[-0.202571017616233,46.768514951338176],[-0.201342698617598,46.768857384054634],[-0.199284270797264,46.76966809061632],[-0.197465133039177,46.76997827414236],[-0.19552561940381,46.77051616025766],[-0.1933768025718,46.76939363238332],[-0.192965287929856,46.76899775966388],[-0.192667506611462,46.76823917116215],[-0.192479472676222,46.76702786481348],[-0.192720191915757,46.76657240783662],[-0.193229505987682,46.766246455429055],[-0.194202495941179,46.766044578653904],[-0.194663583075159,46.766124571224026],[-0.195202078459142,46.76642769276383],[-0.196065357724117,46.766678519846366],[-0.197186615321686,46.766833848024596],[-0.198297232732793,46.76676417712719],[-0.199575080817382,46.76610589864994],[-0.200999791585256,46.76575891082509],[-0.201511703908761,46.765477904640704],[-0.201819149414551,46.76506562307223],[-0.201796534455495,46.76457152740759],[-0.198923825880759,46.761979699919564],[-0.198834418165547,46.7614865634277],[-0.199140517102159,46.761029269054006],[-0.199957173180417,46.760291010662506],[-0.200791117640215,46.75991272031477],[-0.20499527521176,46.75878438093045],[-0.205762344904806,46.75840701802842],[-0.206129865830814,46.75785877459673],[-0.2060978875442,46.75718471046801],[-0.205137413172445,46.754865844984465],[-0.205105395814911,46.75419088041961],[-0.205224325321571,46.75391811848627],[-0.204278426287565,46.75330921183593],[-0.201663819774024,46.75201691367392],[-0.200011619718381,46.75145740389713],[-0.197993723139882,46.752121895304114],[-0.197261702882065,46.75227024321699],[-0.193453914586405,46.75250867716886],[-0.192513409478036,46.75341434232983],[-0.191930808052543,46.75382974354256],[-0.189665721187387,46.751698416482725],[-0.18972055981481,46.75147160860588],[-0.190032022782181,46.75110520386719],[-0.18982237839805,46.75083978568327],[-0.188316776779412,46.749916485218954],[-0.187554474711375,46.75048644339043],[-0.186077875949108,46.751216796210905],[-0.185650539477153,46.751329580616044],[-0.184987077985762,46.751060523954884],[-0.184200768808438,46.75032898346622],[-0.183767179077234,46.750178802852126],[-0.182951145518238,46.74963281141328],[-0.182658978006586,46.749591348108105],[-0.181872409876195,46.74965910660714],[-0.181082709765503,46.74998647311303],[-0.180717468084171,46.75021917189201],[-0.180169087926881,46.75083902270271],[-0.179531295850943,46.751275712977765],[-0.179066310673854,46.75179772827403],[-0.17881604096216,46.75193442036725],[-0.178454952460601,46.75252925150441],[-0.178090824675302,46.75287094716964],[-0.177412081696718,46.75312402573141],[-0.176820255029222,46.75324943815025],[-0.17620766337185,46.7537367754512],[-0.176181413917995,46.75398260921017],[-0.176995944167833,46.754435873136174],[-0.177397856522769,46.75496272795909],[-0.177279896627998,46.75554541940758],[-0.177122755513369,46.75581740328815],[-0.176839261999335,46.755946899343876],[-0.175939189460677,46.756048392901704],[-0.175450381567901,46.756187168246555],[-0.174503564589199,46.75667742880472],[-0.174109471668944,46.75697848645751],[-0.174017659117324,46.757246857411516],[-0.174184642581399,46.75772524718919],[-0.174932718996288,46.75899137982746],[-0.175327576042767,46.759979815006716],[-0.175458302376859,46.7615630889522],[-0.175353317681618,46.76328624676428],[-0.175056209414851,46.76448304940197],[-0.174862800885379,46.7647857684133],[-0.174547500974016,46.76502246941499],[-0.173879954735022,46.76511120698637],[-0.173489737488098,46.76494176450055],[-0.173201542912339,46.764431579218495],[-0.173211653421344,46.764268195805144],[-0.17301013336026,46.7640962414587],[-0.1720108746905,46.763782317455],[-0.171495577385801,46.76367129188061],[-0.170511646587862,46.76364168791968],[-0.169480994549647,46.76402427834257],[-0.168630979141488,46.76404232650973],[-0.16509776188597,46.76360808977065],[-0.163262546293055,46.76296749079425],[-0.162888332951711,46.76264438182781],[-0.162919936127134,46.76239930708913],[-0.162626374622586,46.762064964892986],[-0.162071039111326,46.76182884336975],[-0.161246230317912,46.76167132599173],[-0.160141640403029,46.76175309029786],[-0.158567458849813,46.761697272880475],[-0.157569532044125,46.76135885972782],[-0.154083511599814,46.759634392565665],[-0.153358042300079,46.75951554309011],[-0.152272238343663,46.759513813882776],[-0.151869627996423,46.75861022900566],[-0.150058163781023,46.756973039551724],[-0.148863880395063,46.75505667577053],[-0.147716852313557,46.75379501963648],[-0.144453529665067,46.74906795854262],[-0.143405570690616,46.74867493103563],[-0.140798762885437,46.74667190018508],[-0.139113466960021,46.74471030439486],[-0.138071941625751,46.74302125045232],[-0.137114472428289,46.74169664542454],[-0.13424839602415,46.74381775587497],[-0.132890708601853,46.74470906889054],[-0.131095447872569,46.744538172662274],[-0.129333935749815,46.74483851138727],[-0.12851947791211,46.74528603278028],[-0.12716846494855,46.745795021528345],[-0.126430723064332,46.74661890380636],[-0.125427620834551,46.747274288085904],[-0.124804441948672,46.74737955911792],[-0.123173585501244,46.747423933343434],[-0.123151633128056,46.747702972982076],[-0.123850188570116,46.74883828900564],[-0.123826943880925,46.749094836206964],[-0.12275075647692,46.74937011329221],[-0.121142060512979,46.749618405574836],[-0.114858464027688,46.75119206042092],[-0.112709433123521,46.75178108791943],[-0.111244418231045,46.75250202615636],[-0.110856249423129,46.75247740014145],[-0.107018714125093,46.75286424807545],[-0.105935205000445,46.753518022884016],[-0.105878695917757,46.7536988701194],[-0.106217587516021,46.75396183526315],[-0.106707916129629,46.75467125217195],[-0.106836175233905,46.75606358490129],[-0.107960711603111,46.75774974928852],[-0.108112218280467,46.75819709953349],[-0.107477924856973,46.758660309061874],[-0.107425261025536,46.75893116265014],[-0.107977314409681,46.75954969592125],[-0.107850191363058,46.75964234501712],[-0.107588303907163,46.759648530884895],[-0.107054210416572,46.75943500428156],[-0.106680566262227,46.7598479037048],[-0.106688203354517,46.76002701565184],[-0.10795157705795,46.76045059013277],[-0.107839877614506,46.76085820623089],[-0.107064361506835,46.76109995932347],[-0.106563576122755,46.76160550623568],[-0.103911373563838,46.76207189802931],[-0.103420050041558,46.761597682716506],[-0.102126138498524,46.76196965014524],[-0.100324612151675,46.7626833053258],[-0.10020261172103,46.7628659165175],[-0.100248613411056,46.763900032384285],[-0.100048033345245,46.765254384648244],[-0.101165150279085,46.765320643745405],[-0.102293782190793,46.765656909522605],[-0.102497908406329,46.76583251583196],[-0.102002137623708,46.76647306867979],[-0.10017589940246,46.768087576514795],[-0.098691364759907,46.76856917156804],[-0.096275632306632,46.769141632078956],[-0.095250385436445,46.76933055993096],[-0.094024288899505,46.7702286403769],[-0.092844464846466,46.77062805910713],[-0.091025492365144,46.77152584773514],[-0.090123555316369,46.77229171047605],[-0.089402697792483,46.7727373147236],[-0.088838908987986,46.773269700460645],[-0.088639793024118,46.773204769659564],[-0.087585246239659,46.77246629463322],[-0.08769438241355,46.77104324790735],[-0.08743178764721,46.77073853023011],[-0.086756666766565,46.77044399746655],[-0.085394610484285,46.77029226482607],[-0.08457149845814,46.7703468107222],[-0.083903016380668,46.7705837239855],[-0.083345145408645,46.77055184392554],[-0.082323845973708,46.769911550325126],[-0.08172976114577,46.76974997710815],[-0.080803306885333,46.76962434857535],[-0.080267546604999,46.76933505182514],[-0.078957225909181,46.767945569599014],[-0.078634259820753,46.76814705859728],[-0.077286850617894,46.769777181627056],[-0.073731184066237,46.76798912526079],[-0.072759620727455,46.76722847683966],[-0.071693568487204,46.76595673153834],[-0.06889136594279,46.764267324234666],[-0.0680939545633,46.76363894983973],[-0.066809223998975,46.76218377775316],[-0.065408121054722,46.761243512049845],[-0.063160902472846,46.7591345751429],[-0.062394260828017,46.75832873199473],[-0.061373476624187,46.756922332452035],[-0.06092964261229,46.756538590064665],[-0.060509353121526,46.756316412725134],[-0.060625002611542,46.75629801212699],[-0.059472072462455,46.754755452091125],[-0.059357782894954,46.75430976004432],[-0.060460077316853,46.75263141249222],[-0.06107942596023,46.75127049266196],[-0.061049783620318,46.74958356006861],[-0.061369954972171,46.74868295445497],[-0.059445161808119,46.747049238911956],[-0.058625548980603,46.746160084239726],[-0.058120363677505,46.74531391115095],[-0.052795657272344,46.7468027263324],[-0.046768769657741,46.7490749331238],[-0.044939760617871,46.750097511397136],[-0.044498685337667,46.750133536223906],[-0.043962409569169,46.74987472921597],[-0.042906436884147,46.75009644891191],[-0.041350027985156,46.7490383773707],[-0.039874397332023,46.74818088847043],[-0.039211778196354,46.747608228222965],[-0.039082343452481,46.74759092964646],[-0.038822975928292,46.747641045899854],[-0.035311997416624,46.74969464165909],[-0.034917942677889,46.749657301139656],[-0.034725268745508,46.74975159942076],[-0.034462163047331,46.74971169737917],[-0.032772071823465,46.74848674520351],[-0.03257567770459,46.74849103139378],[-0.032527634366002,46.748757214226465],[-0.031998600529839,46.74970559231245],[-0.03171429624626,46.75045918289368],[-0.030995658852763,46.75280110432641],[-0.029880903029123,46.75415509010966],[-0.028851484919388,46.75593481804671],[-0.026825221434861,46.758272439647875],[-0.025738716825497,46.7600896802159],[-0.025752754493253,46.760153285797045],[-0.027596077927435,46.7603849366174],[-0.030182167509772,46.761097053496115],[-0.031380659477276,46.76156731846884],[-0.032932701664736,46.76261482868021],[-0.034229129916029,46.76380333118849],[-0.034335836241522,46.76397621983411],[-0.032564308618198,46.7649610166595],[-0.03086576244378,46.76568074794309],[-0.029675363893575,46.766413181062525],[-0.028443807093546,46.766996208733104],[-0.028556170075192,46.767341055966675],[-0.029584395752305,46.76839971979527],[-0.031198787831732,46.770841357052205],[-0.031464508498117,46.77092625310555],[-0.032648339518519,46.77103647150879],[-0.035305414390906,46.771881771822706],[-0.036869784633569,46.771714275366975],[-0.036810507016831,46.77185010112144],[-0.036500153732879,46.772022299225725],[-0.033714550914383,46.77328710583817],[-0.032246958770976,46.77384937164318],[-0.030394781624612,46.77431273536847],[-0.029292208851096,46.77481307050082],[-0.027280271373605,46.77680879179643],[-0.025045478428506,46.77885629514646],[-0.024324082722098,46.77840944126901],[-0.022215785278866,46.77642312800772],[-0.017452330035189,46.772112448029034],[-0.02311784673585,46.76903143969653],[-0.020532536116678,46.76556009618375],[-0.019233764010133,46.76347675690315],[-0.01767060151879,46.76236628630964],[-0.018110137933919,46.75838917647923],[-0.016826759242918,46.75799219122385],[-0.015906655075249,46.75729010518021],[-0.01516453874139,46.7565346820248],[-0.012399589537242,46.75434108527446],[-0.010498574972216,46.75500185513054],[-0.007767500187733,46.75679533723419],[-0.00314716176253,46.76079528872638],[-0.00199302159525,46.76150035034156],[-0.001360441570276,46.76182143874365],[-0.001225484057037,46.76182316340679],[0.000845632813309,46.76052929525253],[0.00156136257707,46.75960728724679],[0.001934498225352,46.75866822256338],[0.002196812615632,46.75826329012018],[0.004089608129803,46.756752065116764],[0.005024970759301,46.755364517968715],[0.006452309834248,46.753922211507025],[0.007585898389381,46.753121890773365],[0.008985402732925,46.752396064973865],[0.009205785257723,46.75191794191664],[0.013395589839354,46.74903641543943],[0.022065984960854,46.74270290529519],[0.026030528490833,46.73962498396499],[0.026864266387266,46.73854550299638],[0.030308690238848,46.73890226549974],[0.030793319226166,46.738117378214525],[0.033249197806045,46.73874402221345],[0.036411897618613,46.734277257737595],[0.037959840247296,46.73256829082863],[0.038242561153021,46.731878180389764],[0.037317305486145,46.7290232304833],[0.036367248754153,46.72849592234779],[0.035865071240292,46.72828562656894],[0.033894656632467,46.72772743668079],[0.032865880841391,46.7275864136516],[0.032054608065367,46.72727800520851],[0.029361582009607,46.72816885059819],[0.026445839066445,46.72898538579595],[0.02555756556405,46.728169448921186],[0.024937026271019,46.72837412275454],[0.024402808904114,46.72836658193208],[0.021246151745528,46.72748276958978],[0.017203705798343,46.72583789006257],[0.01392884404808,46.72422544953942],[0.011068091983401,46.72235337928803],[0.008918637044061,46.72072503686603],[0.008695563521906,46.720897631664656],[0.006897927438742,46.71987671931068],[0.004507266723103,46.71775632565155],[0.003854102838657,46.71753203054355],[0.001441522760453,46.716737354165396],[0.000422759915913,46.71623046358555],[-0.002342754860013,46.71611038420163],[-0.001239740621429,46.71542469641544],[-0.001154359607785,46.71518364292454],[0.000913582231731,46.71353560555462],[0.003521303454534,46.71114834480511],[-0.000229233461633,46.707997538935835],[0.004069360081366,46.706083378063425],[0.00358796130312,46.70457684657702],[0.003527869742316,46.70376702479412],[0.003607858970403,46.70196158380925],[0.003310089386219,46.700996877838925],[0.002630001491447,46.70010147543874],[0.002119727380553,46.69968897072681],[0.000918095288156,46.69896554522621],[3.5296255073e-05,46.69818466699997],[-0.000240287576155,46.698336948056564],[-0.001556407816866,46.69797993710249],[-0.002141752028099,46.697931280151145],[-0.002777060301921,46.69793357412067],[-0.003818886453391,46.69808741227458],[-0.005144632029574,46.698094138288006],[-0.005557117543135,46.69783283501787],[-0.006877075984051,46.69735672028642],[-0.007918158080638,46.69709514839199],[-0.008723770187297,46.69667304547317],[-0.00989832837534,46.6963863282932],[-0.01064523458129,46.696370331741306],[-0.012606290419202,46.69659277051909],[-0.013880840354007,46.6966214638552],[-0.015302949159891,46.696548047581324],[-0.016725418875554,46.696292587530635],[-0.0176213014642,46.69565809596693],[-0.018699447544008,46.69448626599246],[-0.018986433764689,46.69430120149416],[-0.02126994272649,46.693352617753284],[-0.019780260154258,46.69176180328548],[-0.01950420822251,46.6912482498823],[-0.01934410648575,46.690653250132684],[-0.018474944288447,46.68948130292024],[-0.018171175763351,46.68922257904098],[-0.017190670252798,46.688803246513736],[-0.016034731463973,46.688077649108315],[-0.014405164514486,46.68721671422],[-0.008398376094864,46.6845351609816],[-0.00657713317273,46.683424145288186],[-0.007457207769317,46.68274238644648],[-0.008004252343142,46.68252529800992],[-0.009797607499362,46.68157356854045],[-0.011169078643758,46.680640997545574],[-0.014043176943005,46.67809835103407],[-0.016177489532764,46.6769492268508],[-0.016561686319254,46.676889561212285],[-0.017485451359105,46.67657420819153],[-0.018029794406351,46.67631028406874],[-0.018173602266604,46.67642453998337],[-0.019145924429009,46.676088071294004],[-0.020120638704489,46.6756064574926],[-0.020647547383822,46.675217729645965],[-0.022910912888278,46.67429845246979],[-0.023601611304525,46.67379546008768],[-0.024430986316575,46.67338522085811],[-0.025878127028389,46.67294966304882],[-0.028369928437081,46.672609046287654],[-0.029160111299356,46.67241246193806],[-0.029771818973617,46.671715080862164],[-0.030449417852399,46.6704861174581],[-0.031540954551205,46.66945075053581],[-0.038878986079392,46.66507183488942],[-0.040392692972795,46.664054018418774],[-0.038949364506983,46.66354532788449],[-0.038004563771052,46.6634550305724],[-0.037639083106296,46.66349625364595],[-0.036654285334328,46.663954866265385],[-0.036317703750737,46.66402145102868],[-0.035705510900128,46.66405118019234],[-0.035138055209787,46.66396798688696],[-0.03338399283491,46.66326110550157],[-0.032450487458205,46.66278660140987],[-0.032016629818423,46.66230608458339],[-0.031646732914675,46.66158779033543],[-0.035417143197763,46.65881899321926],[-0.036211022012067,46.65873939731736],[-0.035588985732484,46.65767817059635],[-0.035264554557826,46.65772731090751],[-0.034427266483757,46.65768550187422],[-0.034019781816017,46.65671590506551],[-0.033628118952547,46.65499798543149],[-0.033388051945434,46.65461236584516],[-0.033229327105645,46.65369114922863],[-0.032821229353487,46.65294413360657],[-0.031696078993383,46.65177545418962],[-0.031592667905782,46.651587158971466],[-0.031649028456522,46.65123694726417],[-0.032326638449858,46.65074054374983],[-0.032666851857044,46.65085769435295],[-0.033312773944373,46.650708141076954],[-0.033556071253269,46.65021421269112],[-0.033990418325538,46.65000177247216],[-0.034429274684908,46.65029201884375],[-0.034748688085279,46.6501772330146],[-0.035007945075594,46.650250564791676],[-0.03532519591416,46.650190801042754],[-0.035390777274536,46.64995928633196],[-0.035679984530808,46.64984259452634],[-0.036132815571051,46.649820687345326],[-0.036306894512014,46.64996205220683],[-0.036742490914304,46.650006378810936],[-0.037207025336304,46.64977240107764],[-0.038148014815637,46.64977539411741],[-0.038982782470314,46.64998484268776],[-0.040697486366405,46.64957351919956],[-0.041012396995974,46.649331780916],[-0.041176592363365,46.64903907449119],[-0.041528001262035,46.648981991151345],[-0.041946961846871,46.64861223677216],[-0.042380475224635,46.64852593862654],[-0.0429842655866,46.64825580021589],[-0.043775430643732,46.648270834260444],[-0.043997434215442,46.64821627883078],[-0.044383615731204,46.64789244022027],[-0.044821698359776,46.64784115386732],[-0.045141357163933,46.64761459585268],[-0.046332220810211,46.64717385003872],[-0.047200798758209,46.64621271816376],[-0.047423380468746,46.64609866808097],[-0.047492885587433,46.64591479847675],[-0.047970738454373,46.645826398136734],[-0.047922910428095,46.64520681510376],[-0.048098538598786,46.645025529029866],[-0.048420124101519,46.644787195436045],[-0.048619506685483,46.64477288049713],[-0.048683438352505,46.64462970757606],[-0.048941363887797,46.64463275762395],[-0.049075910567492,46.64455889229326],[-0.049151102277383,46.64463979253601],[-0.049255157966631,46.64460548543427],[-0.049705689715912,46.644240266575316],[-0.049620231833473,46.64390643164056],[-0.053175351424944,46.643118822504384],[-0.054253885206298,46.642777400086004],[-0.054820299752812,46.642449620455224],[-0.059413678798754,46.638354118317345],[-0.059780109880232,46.63770545215308],[-0.061589380988827,46.635730563688156],[-0.062525112535992,46.63504054150982],[-0.063336931203198,46.63405555831577],[-0.066258501652082,46.63155883790112],[-0.067322921686099,46.630207519803214],[-0.06760069508881,46.629566603855146],[-0.067493320513173,46.62798803476965],[-0.067888627310976,46.62625453033936],[-0.066310966682479,46.62662116861087],[-0.065721042865378,46.6228162604464],[-0.06296622796699,46.62301791201954],[-0.059621077207007,46.62270000943476],[-0.058562353636069,46.62278144815751],[-0.054278099394003,46.62353283996647],[-0.053947096347889,46.623251509871416],[-0.05148813332382,46.624204624658105],[-0.050935632560502,46.62428782460118],[-0.048709849450549,46.62403620315149],[-0.048026678514819,46.624028251067905],[-0.046934397156354,46.62381491343734],[-0.046363680091246,46.62425000452048],[-0.045905432067091,46.62475509110205],[-0.045053184355295,46.625067902132066],[-0.043591616653307,46.62529056735806],[-0.043017266037237,46.62554461645401],[-0.041731144438741,46.62542017995438],[-0.039728766100305,46.62560849449805],[-0.039348432144501,46.62580060727572],[-0.039193250629663,46.62627689852028],[-0.038420547215923,46.6273354572506],[-0.037372210694241,46.627721892520896],[-0.035656212255893,46.62849636088189],[-0.035490341479002,46.62838361376769],[-0.029821593563178,46.627094630972934],[-0.02937784329161,46.62753438447711],[-0.028533337466172,46.62789462190598],[-0.028144243831439,46.62818875074125],[-0.027639976276546,46.62906892731797],[-0.02728573321054,46.62935492308969],[-0.026115174584738,46.62935701319696],[-0.024985141181496,46.629170594825645],[-0.024890528057526,46.630056160023905],[-0.02449442804939,46.63078929048793],[-0.024291369230611,46.631794858829984],[-0.023602274159101,46.63271683765935],[-0.023003480716741,46.6332165223359],[-0.022403096526902,46.63401720854567],[-0.022132576383494,46.634774949565035],[-0.022375662342942,46.63486495385166],[-0.021126990636267,46.63704156869557],[-0.019709083400143,46.63841074887067],[-0.019318917291543,46.63868775150912],[-0.017720758954048,46.63940386245573],[-0.016555693839867,46.63974451187887],[-0.01415576251045,46.64008790208228],[-0.009748015244298,46.641738298453724],[-0.007380235659397,46.64358730234576],[-0.005179329698514,46.644884021569325],[-0.00201836222579,46.64419825128479],[0.000720630443006,46.64333375251289],[0.000930931751451,46.642984232895714],[0.000874232131323,46.641901458782755],[0.001075721444186,46.64078669537386],[0.000937982773436,46.64001086882549],[0.000542658241716,46.63939860291232],[0.000390644101536,46.63897652440716],[-0.000167378503653,46.6389420916686],[-0.00118061664884,46.63641867374366],[-0.001223691829507,46.635990434853504],[-0.001071831070437,46.63390301169357],[8.100721563e-05,46.63316097882885],[-0.001207722164718,46.63183868706072],[-0.001658447009188,46.63118891593289],[-0.002036850649165,46.63098256625865],[-0.002431762541441,46.63088571424931],[-0.002346561217024,46.6299823627643],[-0.001269656084393,46.629856494540256],[-0.001263775096793,46.62970256417547],[-0.001520756598314,46.62957148299594],[-0.002277268363571,46.629438124769926],[-0.002335101483359,46.62892209304305],[-0.003313089705779,46.628607212835604],[-0.004105850546017,46.62778086228165],[-0.005033923334138,46.627651996923724],[-0.00592739640263,46.627772730118515],[-0.005924798251592,46.62765475668776],[-0.007554729345532,46.6259323619399],[-0.007589017417883,46.62567735662981],[-0.007170734412548,46.624830507387266],[-0.006997973150166,46.62352757227198],[-0.007039076325591,46.62301738185032],[-0.007409702919218,46.62186778274913],[-0.007661046766181,46.62165934111974],[-0.008348079123247,46.621407018443406],[-0.008943675941734,46.62108590772508],[-0.010016705181422,46.62079009453662],[-0.011592888074049,46.61923664531065],[-0.010352931111502,46.61859522825365],[-0.011531089014662,46.61826239501156],[-0.012325338570986,46.617538663215065],[-0.0125348670161,46.617189838933655],[-0.012704456817863,46.616143723052836],[-0.013030867462391,46.61561521020118],[-0.013636574019817,46.615029787985016],[-0.013356032812946,46.614922731210456],[-0.012873161278349,46.614916511464315],[-0.012481223812815,46.61459251782317],[-0.012356230596339,46.614578684685604],[-0.012203915632529,46.6148034566932],[-0.011490777296138,46.61458252079484],[-0.010827352666987,46.61471620253356],[-0.009444233588257,46.61521931478695],[-0.009187298565803,46.615018816018534],[-0.008989393056235,46.614987070944196],[-0.008682496230663,46.61518345975501],[-0.008496874965986,46.61509011739518],[-0.0082466948439,46.61524807073741],[-0.007680558719779,46.61503676660684],[-0.006807973486686,46.61550301033313],[-0.00655799829078,46.61545190305225],[-0.00624412958133,46.61514386134189],[-0.005594566143669,46.615150095715556],[-0.005800894674332,46.61483741177017],[-0.005301934168094,46.614776616324846],[-0.005082982822398,46.614576914288335],[-0.004253285622703,46.61449415472132],[-0.004083497069265,46.6145688926093],[-0.003793030542514,46.61489729610886],[-0.003668025119952,46.61490688199566],[-0.003382725811583,46.61464223672153],[-0.003459249299134,46.61432304908732],[-0.00323575934843,46.6142541196755],[-0.002807920968745,46.61427344710724],[-0.002495223175375,46.61365449179197],[-0.002037685761169,46.61346734619726],[-0.00179476651137,46.6132358275595],[-0.001602269951074,46.61292279072031],[-0.002034443046169,46.61269790719987],[-0.001860119233564,46.61247720587867],[-0.001941693497059,46.612202039910656],[-0.001751440475263,46.61200067869755],[-0.001115705324421,46.61187767153078],[-0.000864744026073,46.61206896917553],[-0.000708606414043,46.612082972033676],[-0.000650192909485,46.61201962459909],[-0.000750712588934,46.61173224916345],[-0.000656102655444,46.61165272955755],[-0.000192683588694,46.611974842222935],[2.1587366378e-05,46.611574968444096],[0.000307322046688,46.61149144346653],[0.00048221869669,46.611094141962994],[0.000642419741824,46.6111055462264],[0.000771738608687,46.6113450161254],[0.001387871354437,46.61136385282362],[0.001795661207074,46.611177192328405],[0.002006938617054,46.610831301706135],[0.002165719039345,46.610749855367004],[0.003187099823793,46.610983834719065],[0.00353529700454,46.610620799368434],[0.00374347455969,46.61052081957131],[0.004069760293272,46.610626672059254],[0.004619104498986,46.61133577343554],[0.005125377388694,46.61130756378737],[0.00553186576067,46.61147678251383],[0.00616713256923,46.61136183298161],[0.006763283750539,46.611126014258794],[0.007379174453234,46.61122050299748],[0.007941278880815,46.61105677598415],[0.008258657787566,46.611063264977496],[0.008547822362124,46.610893305974535],[0.009244833248806,46.61101062828387],[0.010027912078231,46.61129869468795],[0.010153663732718,46.611247011901064],[0.010226377183542,46.611065991487955],[0.010366431177642,46.6110633400054],[0.011318959441534,46.6113612270259],[0.012385444313894,46.61206035414027],[0.013118933551385,46.6120614639864],[0.013296760689996,46.6125139359925],[0.013847957746736,46.612786917183364],[0.014057340729044,46.61297439333685],[0.014344474287677,46.61300800995657],[0.014596619132011,46.61289293756991],[0.014778312709743,46.612894069178964],[0.014983869099016,46.6131751555596],[0.015188018414688,46.6132913082061],[0.016037897914532,46.61314945808859],[0.016286517539371,46.613027081626264],[0.01638681298071,46.61277198724065],[0.01681817757704,46.61270302814387],[0.017144132411922,46.61310168267782],[0.01799872076688,46.613517705208466],[0.018116659713016,46.61384696429322],[0.018458787141793,46.61392705580627],[0.018574277177051,46.61406251988554],[0.019253916550326,46.61397298179992],[0.020269027607968,46.6141327541576],[0.02049681823894,46.61427113771204],[0.020613148238743,46.614582330448215],[0.020956493766666,46.614473220895626],[0.021122300993799,46.614549619123764],[0.02171499778012,46.6144956501345],[0.022283156026296,46.61455547619431],[0.022726300685892,46.61431920175964],[0.022597662327579,46.613826576185346],[0.022051852584402,46.61309603430916],[0.0221663305995,46.61217541241486],[0.021280626388194,46.61044124424909],[0.022231545016279,46.609933439109405],[0.022269972402671,46.60961365659484],[0.022549004129568,46.609078465913264],[0.022988916913021,46.608494293591264],[0.02417754170951,46.6071537546664],[0.025376391535931,46.60598377266807],[0.025555412310376,46.60474224082737],[0.025837679287621,46.60409899854658],[0.026024403061345,46.60391191978428],[0.023792174740122,46.60279876965147],[0.024099787051529,46.60245714812693],[0.024017431372384,46.6010232031977],[0.024520241059021,46.598952989419956],[0.024447236448981,46.59844739240706],[0.02367806070738,46.596855928769834],[0.023163537153557,46.59519809246299],[0.026802919703317,46.59457179956108],[0.029148714069665,46.594485817079665],[0.030328997129709,46.59405598930061],[0.0314823674643,46.59375971160053],[0.034801429055289,46.593251013377866],[0.036976239187369,46.59272702983754],[0.03862842778799,46.59246251272342],[0.040787591085248,46.592248921999314],[0.043084981303035,46.591126981889914],[0.040842980583446,46.59043740601175],[0.03687727496986,46.58897602070749],[0.036224417234505,46.588484257158015],[0.035203050917077,46.587080073831686],[0.03411604155492,46.586113901716494],[0.033406654453407,46.585725179984166],[0.030829842656134,46.58473477364662],[0.03069170691284,46.58535022768846],[0.02770428999548,46.58479603050632],[0.023666524042173,46.58500018699746],[0.019899324694585,46.58505986492352],[0.018076591268407,46.58362113357513],[0.01676603789675,46.582901265012474],[0.016544191340865,46.58232329768109],[0.013483971800592,46.58133881016241],[0.01354621115998,46.579895100056106],[0.011388352455794,46.57966306728002],[0.01026604812354,46.57889757350365],[0.008574177614974,46.578224412174066],[0.005507841616588,46.575885209996684],[0.00356850567898,46.57520008888311],[0.001330709391106,46.574193535637356],[0.000103168357969,46.5738009311389],[0.000151402730607,46.573660724618904],[-0.004091807012892,46.57149133518333],[-0.006353209449235,46.569427023327286],[-0.007718811381697,46.567989040545164],[-0.008192948484088,46.56737194457181],[-0.008618078152875,46.56660114676606],[-0.008373792394938,46.566152517208394],[-0.008360292687204,46.5655536452082],[-0.00900919841529,46.56403355966392],[-0.009522445762621,46.56315591287745],[-0.010140191729163,46.56237283240858],[-0.009326816008619,46.562122096565304],[-0.010676476759633,46.558321817348364],[-0.010083296392673,46.555389941631375],[-0.010085489138005,46.555098830050056],[-0.01038686172993,46.554170881633205],[-0.011292079420201,46.55306123769498],[-0.011415415431083,46.5526461900704],[-0.010453359792264,46.552798564684394],[-0.008521363511738,46.55329182548818],[-0.008153274232383,46.55346189956765],[-0.006641379851074,46.55222028682436],[-0.004835300452771,46.55045113321888],[-0.002535827318087,46.549987973801116],[0.000176810063625,46.54980052540333],[0.0028792923483,46.54974971296252],[0.004013254524215,46.5495784731117],[0.004943070889202,46.549224362825356],[0.006690352755691,46.54818338193759],[0.007734071813432,46.54768084740042],[0.007844310808258,46.54710072626253],[0.007569068788613,46.545740090051446],[0.006657960551674,46.54340315327036],[0.006714709504126,46.542204385903354],[0.006417538548638,46.54167127287735],[0.003338063660573,46.53885041299058],[0.001075078326367,46.53574360003821],[6.008009117e-06,46.53502622472007],[-0.000610181653398,46.534431556518086],[-0.002028694777077,46.53335086107284],[-0.002736875004622,46.53298084155205],[-0.003230995481777,46.532493889894724],[-0.003747698429737,46.531445860500185],[-0.003965649021495,46.53071024703632],[-0.004130063409694,46.52950116107778],[-0.004848267173976,46.52706554701677],[-0.005138089362184,46.52569276692243],[-0.005626197690765,46.52467250958541],[-0.006223574732217,46.52395304710145],[-0.007220831466076,46.52312304257864],[-0.008299794649658,46.52346591333955],[-0.009920291399109,46.5236152012259],[-0.010725106795469,46.523792254674596],[-0.014375327901992,46.525728969751476],[-0.015012803265881,46.52623119796205],[-0.015244801143051,46.52662517013099],[-0.015433885534229,46.52673912953412],[-0.017371552980277,46.52697907179845],[-0.017470321349588,46.52654663911459],[-0.018032615227991,46.526610195584354],[-0.017461639183297,46.52596565639855],[-0.017364931401344,46.525633898915856],[-0.017026722182522,46.525113875349234],[-0.017099448751594,46.525036263696094],[-0.017485621665098,46.52500805135349],[-0.018420142152593,46.524697735916995],[-0.019633461446498,46.52543704608621],[-0.02059642609214,46.52505116987322],[-0.020858480143541,46.52530376527269],[-0.021693208362416,46.525006872385944],[-0.022483542189804,46.52560414267894],[-0.02323011615734,46.52444811097506],[-0.022998563748367,46.524086581620445],[-0.022434660305372,46.523711309880134],[-0.024718036312458,46.52223168541282],[-0.024945459007419,46.5229654781237],[-0.025124649847531,46.5232067396757],[-0.02502825977102,46.5233516648224],[-0.025381462234693,46.524210987412914],[-0.025743705730024,46.524762792198395],[-0.026345769490147,46.52530734781053],[-0.027854163595885,46.52543412027945],[-0.028163821266744,46.52541510679428],[-0.028555120472819,46.525267774911825],[-0.031484511643418,46.52512346639708],[-0.031501192612595,46.523288364038414],[-0.031412574098,46.52298613830365],[-0.03070160150047,46.52175154167924],[-0.030174864442415,46.520402123176694],[-0.029834768946313,46.519802886932126],[-0.02913925990821,46.5190328448628],[-0.02972261273987,46.5189362878274],[-0.030150641766576,46.51895738438117],[-0.029913547964626,46.51863746601502],[-0.029761893004785,46.51821075430174],[-0.029168814580735,46.51794442210127],[-0.029511130413164,46.51778576754009],[-0.03059594954568,46.51750560657072],[-0.030448344021434,46.517175207130244],[-0.03071068506872,46.51710427412161],[-0.0311439938721,46.516751265537025],[-0.030797519385911,46.51643605119291],[-0.031460674531563,46.515991342070365],[-0.032078217341835,46.51529012056611],[-0.032811353859464,46.51532924620767],[-0.032825823692095,46.51568299937342],[-0.033071995276965,46.51600177003189],[-0.034105479495873,46.515667968329176],[-0.032830518269273,46.51400860848005],[-0.033086471468589,46.514010829065185],[-0.032823074399687,46.51349967750699],[-0.032080677437568,46.512848041984405],[-0.031540623731579,46.512665922304045],[-0.030722996927202,46.5122100125766],[-0.03016720139155,46.51165073832746],[-0.029794950642604,46.510378323478335],[-0.029903978297432,46.509827557854344],[-0.030085319440851,46.50940373417152],[-0.030702855365742,46.50870341907711],[-0.031037751571977,46.50780243814161],[-0.031287839449274,46.507441669134494],[-0.032218000449324,46.50663753559141],[-0.033035190945172,46.50521101848677],[-0.034006040680207,46.50420123573936],[-0.035239977039587,46.502596930463234],[-0.035549401547954,46.501287502428916],[-0.036026355426807,46.50101801589063],[-0.036612363773725,46.50111328512988],[-0.037063315369085,46.50136082446798],[-0.037436572698944,46.50110399959781],[-0.038457213081997,46.50066235682561],[-0.038585999445694,46.50046789617537],[-0.038725479586116,46.49976311879161],[-0.038657351688408,46.49938375763145],[-0.038449822458396,46.499289251135515],[-0.038005729479972,46.49864954930517],[-0.037446100208313,46.49841841922013],[-0.037542856712372,46.498070719922104],[-0.037786506314741,46.498040814812285],[-0.037956316283298,46.49750554311809],[-0.039004375974498,46.49673786095135],[-0.039359937456776,46.49625802185402],[-0.039803817423719,46.49614529069754],[-0.040026576007283,46.495694212895756],[-0.039990817248909,46.49533381569458],[-0.040216945659108,46.49508359710242],[-0.040648048879851,46.4940403466222],[-0.040849622606351,46.49386467159171],[-0.041148771739814,46.49382427073348],[-0.041387608126919,46.49349801725589],[-0.040072297621914,46.49293467295208],[-0.040332483423561,46.49261686492107],[-0.039823728890755,46.49191671345226],[-0.039339878297895,46.49175656875925],[-0.039238067792157,46.491872817520466],[-0.037840339228522,46.49123414487897],[-0.034086300216021,46.4901489136549],[-0.03131216362329,46.48971971640906],[-0.03058008219547,46.489036264893045],[-0.029908990148555,46.487924063414596],[-0.029853223621743,46.48696765685329],[-0.02967928429228,46.486326169467944],[-0.029502510123554,46.48598572947137],[-0.02908780539875,46.485636278171114],[-0.030192190511472,46.4857430635435],[-0.03105830727267,46.48569395844333],[-0.032340110049798,46.485777093148435],[-0.033999291943371,46.48563212319322],[-0.034540141356247,46.485645695132376],[-0.035108690954669,46.48650828256012],[-0.035409556024744,46.4872256899972],[-0.035730118454247,46.48757041190611],[-0.037868493868379,46.48644845801652],[-0.039802185100155,46.485564396151844],[-0.041086911759679,46.48474082824648],[-0.042221288207958,46.484239343830296],[-0.04304405048317,46.48395160306791],[-0.045101358904727,46.483602124165635],[-0.047050486840819,46.48306805899527],[-0.047070704797224,46.482962989501985],[-0.046150901964489,46.48256398850945],[-0.044241438323395,46.48200932745471],[-0.042820282312831,46.481929138316595],[-0.041183480413386,46.48207544654022],[-0.038084505312634,46.481522604113984],[-0.039919415374589,46.48111605199385],[-0.041546915787498,46.480897017983],[-0.043260102056895,46.48055402659909],[-0.042973189390893,46.47941003496326],[-0.043255219766671,46.477919275523874],[-0.042896204130014,46.47690876815523],[-0.042939744161893,46.47586591091579],[-0.043245544312654,46.47468450326191],[-0.042931319727684,46.47358809724252],[-0.043105013821638,46.47307794034476],[-0.043697883639573,46.47241333634142],[-0.042878295369831,46.472263957896445],[-0.042203963465768,46.47205303346333],[-0.043487858674051,46.470706797862675],[-0.042857617082467,46.4700937030778],[-0.041726051922788,46.469775106358355],[-0.040429591967938,46.46977357745352],[-0.040032041640864,46.46968413403599],[-0.039834719780539,46.469326233231065],[-0.039362065558324,46.46955057444033],[-0.038874360350761,46.469434690029374],[-0.037713947007121,46.46948718280693],[-0.036783039665642,46.46993726444807],[-0.036403882665716,46.47024831814767],[-0.034275981431277,46.471289785836525],[-0.033044915249447,46.47208933195107],[-0.032188309793149,46.47251667520371],[-0.031713201724828,46.47260407828845],[-0.031279802532196,46.47287870620316],[-0.031088103653853,46.47292614547326],[-0.03053392692719,46.472693942557186],[-0.030404092685853,46.47270459585194],[-0.0294283375629,46.4731711229975],[-0.02873006061883,46.47330317951909],[-0.028016629056084,46.47360864771324],[-0.027535016962196,46.47353220226251],[-0.026871049352498,46.47362458990234],[-0.026092263092192,46.473763268768906],[-0.024931636352039,46.47411931031853],[-0.024530298765768,46.47414976141196],[-0.023647487426456,46.47438849771557],[-0.022040980163858,46.47467791295234],[-0.021113941976739,46.474636651834786],[-0.020824330016445,46.47475334519682],[-0.020388381962406,46.47474775114596],[-0.020241085022575,46.474843559007795],[-0.019418123908464,46.47484458805678],[-0.019166718312215,46.47499180618085],[-0.018748304775952,46.474973126844446],[-0.018482064858482,46.475135153181704],[-0.01656421431151,46.475479573903236],[-0.016194700821059,46.47542535168398],[-0.01605768144623,46.47547132145573],[-0.015769927282841,46.47581052686558],[-0.015356964934881,46.475937670964385],[-0.01510974823311,46.47448619932298],[-0.013759181765769,46.47485254469597],[-0.013584853167314,46.47462465726465],[-0.013046516314748,46.47316734518172],[-0.0131263197107,46.47253446334674],[-0.012638310650206,46.47142094726588],[-0.012037466759009,46.47067265088854],[-0.011117652682567,46.468871253407315],[-0.009587860940658,46.46771309526236],[-0.011290173749369,46.46656346871425],[-0.012516771366745,46.46553810045954],[-0.012787652957559,46.46522457794684],[-0.012923181196375,46.46449110309464],[-0.012892452269329,46.464076501515365],[-0.013271004389141,46.46375292833132],[-0.013760510239566,46.46298307919788],[-0.014043846146677,46.462659312190596],[-0.014163233599677,46.462672381525216],[-0.01612591737984,46.46135450426253],[-0.017173375305703,46.46018242342781],[-0.017899907022818,46.45679306080574],[-0.018571630853843,46.45481808640028],[-0.01846936319388,46.454713556970326],[-0.0194257431788,46.45326541234244],[-0.019410148211773,46.45317210869309],[-0.019154153368424,46.45309327133791],[-0.019388468717874,46.45282755471402],[-0.019671356502465,46.452026191503975],[-0.020557936344814,46.45157921844591],[-0.021094501109072,46.450980199223466],[-0.022244196570703,46.4489763290545],[-0.023019337300998,46.44882514763203],[-0.023064751816461,46.44837428754682],[-0.024371796307898,46.44848205157405],[-0.025623630053668,46.44881654347344],[-0.026820217714787,46.44937686522913],[-0.028425937228642,46.45037868688036],[-0.030584119073194,46.45219485704584],[-0.031330753568162,46.4531960087397],[-0.032656503460273,46.454317847242],[-0.033511631580546,46.454877258774474],[-0.036385462717156,46.455208188698805],[-0.037264837578581,46.454469311664425],[-0.038916896527908,46.4535350488784],[-0.041539368414996,46.452445154961765],[-0.042235754373074,46.45198054685102],[-0.04303996196069,46.45101834260591],[-0.044265099316324,46.449282556918064],[-0.045523785285894,46.44826586166974],[-0.047990743397215,46.44663927917608],[-0.048628105712872,46.44631047214476],[-0.053506453573925,46.44323791626727],[-0.054970026820831,46.442486868506485],[-0.056111883650807,46.4417876676609],[-0.059629110619741,46.44042105889215],[-0.060976347303415,46.44173484528141],[-0.061783847140286,46.44237282337244],[-0.062805200924686,46.44354574088522],[-0.062878573679672,46.443505924807766],[-0.063758102239092,46.44421855430538],[-0.065187173843412,46.44624289849319],[-0.067033118995536,46.44784240804612],[-0.067729611588695,46.44794084487277],[-0.068059864741415,46.44736876025609],[-0.069100991527666,46.44661806673331],[-0.070192375214293,46.44652924958072],[-0.070997435054803,46.44714380286647],[-0.072428466494823,46.44711341409655],[-0.073605407242687,46.44722411754146],[-0.074395406063868,46.44743173808158],[-0.075462240627946,46.44799415554318],[-0.077579888958335,46.44961952761445],[-0.077211074748558,46.45019989021768],[-0.0770023862281,46.45112287581823],[-0.077446937171017,46.45246260727989],[-0.077262352134196,46.45335069995651],[-0.076281996370813,46.45497123218315],[-0.075396785071694,46.455782671752814],[-0.074901281128718,46.45638355801604],[-0.074229739649991,46.45788671529806],[-0.073276287064406,46.458830638023215],[-0.074074582261405,46.45927504110357],[-0.075493717550056,46.46041552255436],[-0.074816696432393,46.462770404921095],[-0.076229650427386,46.46333702034147],[-0.076942370824756,46.46341874893755],[-0.085032097589538,46.462552596769925],[-0.086707627205909,46.46215768112881],[-0.088304052896706,46.46144857754999],[-0.093463469476401,46.45886232882636],[-0.096971379888642,46.4572127710984],[-0.097685090936424,46.45715196058306],[-0.098581460884377,46.45681764685046],[-0.099789459717141,46.456162167959526],[-0.100131537102747,46.45651424331864],[-0.100804321305435,46.456995214589526],[-0.101792514884677,46.457244130102076],[-0.102641538304723,46.457315687007586],[-0.103544258223641,46.45711633389314],[-0.104955181592038,46.456636415556126],[-0.105785092360625,46.45625789202121],[-0.106258762715455,46.45665323107138],[-0.106590728157932,46.456781176109615],[-0.107015922665737,46.4560964464879],[-0.107469177473106,46.45604175919335],[-0.107877805282862,46.454997916064166],[-0.108479181793149,46.45390466747081],[-0.109415047405019,46.45298434037629],[-0.109709996363952,46.45230314518726],[-0.110030420297345,46.45220610520536],[-0.110622831261481,46.45232874655879],[-0.112153588432921,46.453061129671106],[-0.113077885532968,46.45335584533162],[-0.114706950464933,46.45336549073865],[-0.11820750344204,46.45320056383613],[-0.120088429237127,46.4515955845715],[-0.121355486614052,46.45090761366086],[-0.121981274697191,46.45088419707256],[-0.122056289746849,46.4498485138741],[-0.125361436180648,46.45014559338353],[-0.127026914993229,46.450428017591065],[-0.127398626453794,46.450930599376676],[-0.127325167218133,46.452355548677446],[-0.128185079530021,46.45273120981643],[-0.130455766810839,46.45421988566095],[-0.132669000001372,46.45531898976549],[-0.134024175880899,46.457300416607374],[-0.134913901393193,46.457012854831994],[-0.135106175206077,46.45659213864158],[-0.135503226603211,46.456512748644194],[-0.135920581076067,46.456582393380046],[-0.136572263958715,46.45625990108202],[-0.136697627947895,46.455923025767106],[-0.137018226701079,46.45555735672365],[-0.137678916953124,46.45548243123881],[-0.138303151558794,46.45556710935927],[-0.138441741437172,46.45550562571662],[-0.138497227679858,46.45526889584735],[-0.138805080129742,46.455135171902555],[-0.139432234121222,46.45520264134883],[-0.14028366069209,46.455134171776635],[-0.140432085448748,46.455085031529805],[-0.14072497947198,46.45462368802592],[-0.141341578222408,46.45444001091012],[-0.142664786420839,46.453711503384376],[-0.143092376290588,46.453823194930195],[-0.143737202569107,46.45376759483202],[-0.144121145595072,46.453710162929916],[-0.144661185093599,46.45348802257042],[-0.144852948962692,46.45333134458244],[-0.145031233302318,46.45289567435641],[-0.145499488198946,46.45276292047662],[-0.145572562827656,46.452673493805584],[-0.145557232538596,46.45227199351602],[-0.146153012851728,46.45181851105886],[-0.146653017203415,46.451693889015246],[-0.147594352613355,46.451038024271405],[-0.148182469761737,46.451107421996035],[-0.1483166610588,46.45106046576018],[-0.148612596426593,46.45056296852096],[-0.148597677843917,46.45039486047747],[-0.149759373929659,46.44933367955748],[-0.150203748592077,46.44912676645635],[-0.15089152758991,46.44900325220128],[-0.151049276846367,46.44866456296956],[-0.151373099613852,46.448515042425896],[-0.151647339847827,46.44850026347201],[-0.151569076174249,46.449650520674375],[-0.151983607478256,46.4506646152499],[-0.151333847518024,46.45104031631354],[-0.151094495957755,46.451410996420684],[-0.151292739627404,46.45231481038381],[-0.151383885522215,46.45366675992527],[-0.151596568184795,46.454007842185796],[-0.152150172196744,46.45438186883871],[-0.15315160881091,46.45638997414675],[-0.153617746843107,46.45700972679385],[-0.153263096678897,46.45725833154878],[-0.153109495974398,46.458458431270834],[-0.152699758364386,46.45910777501479],[-0.152389247046182,46.459420943636914],[-0.152336413357517,46.45974772580476],[-0.152856065402721,46.460232630854506],[-0.153011013701991,46.460769958564],[-0.152806357536396,46.461989489800786],[-0.152892257681993,46.46243770523529],[-0.152776302625009,46.46275541592862],[-0.153360875979424,46.46413699734903],[-0.15338688035234,46.464722042219954],[-0.152551921441535,46.46496497870557],[-0.151840534091265,46.46651119926891],[-0.15156032745295,46.467507517550615],[-0.1513205841432,46.46796291621432],[-0.152934337010783,46.46905295742575],[-0.15393073812234,46.469480540958585],[-0.154006253325408,46.46970374906775],[-0.153518981843973,46.470434536648796],[-0.15348893228484,46.47120046193162],[-0.153800154425359,46.47231923651027],[-0.15427035745263,46.472623466164734],[-0.154434462924156,46.47334077394176],[-0.154546363673762,46.47437313130407],[-0.154434295878013,46.47478085255192],[-0.154049950614728,46.47492393761031],[-0.154055155319153,46.47501391114557],[-0.154258360560142,46.47518943599643],[-0.154778039001046,46.476573705136545],[-0.15543611732801,46.4776441462486],[-0.155948833700217,46.47791565492353],[-0.15632506378332,46.47826302632063],[-0.155221868613589,46.48056896109481],[-0.15518923378939,46.48128989886925],[-0.155654500649579,46.482521567144325],[-0.156021181532776,46.48236544861194],[-0.157512324798088,46.482230525288216],[-0.160394253039001,46.48286276774795],[-0.163960089902237,46.48284698113923],[-0.164935000691304,46.482583870122546],[-0.165363120155702,46.48267744713084],[-0.166052708957781,46.4823312122217],[-0.167740069282954,46.482115919254554],[-0.167908984306608,46.48190216239902],[-0.168306024787585,46.48186501818566],[-0.16851595133613,46.481952918808176],[-0.168687041227754,46.48193375484812],[-0.168788287888486,46.482014756254635],[-0.16902970649091,46.48197111165453],[-0.169253381368314,46.4820261871893],[-0.169623839840655,46.48238449195675],[-0.169877185621891,46.482321589945784],[-0.169876410054715,46.4821287592492],[-0.169973991248412,46.48212424939291],[-0.170255277233327,46.48233993666139],[-0.170670931784774,46.48235363495727],[-0.171063863403083,46.48253738411499],[-0.171242730021632,46.48276402241266],[-0.17239113883825,46.483196247363466],[-0.172892510367138,46.48322558122126],[-0.173266615405937,46.48313048021075],[-0.174273401768937,46.48312414072517],[-0.174683097638299,46.48305778510031],[-0.175275973599786,46.48313503193573],[-0.175408365772637,46.483302576735326],[-0.175446972085378,46.483607004063785],[-0.176365499024357,46.48401133455407],[-0.176692180895612,46.48460243862316],[-0.177323624872258,46.48493814331263],[-0.177867360804032,46.48493293399293],[-0.178216005148944,46.48513951985065],[-0.178258632142232,46.48542310758081],[-0.178740519941577,46.48578909935934],[-0.178878476906482,46.486275504195206],[-0.179329471851194,46.48624583306255],[-0.179598110642036,46.48635551121214],[-0.179625046230943,46.48697387392924],[-0.179892806491685,46.48709078539724],[-0.17990955879711,46.48740032592191],[-0.180527625794272,46.4875282133058],[-0.180514834746066,46.48806927893805],[-0.181361905893426,46.48899103772325],[-0.181539282922392,46.48912397989923],[-0.181623657179123,46.48938477594119],[-0.181583207055194,46.48980945820362],[-0.18174235009465,46.48994290784573],[-0.181741910347263,46.49091890106348],[-0.181865874225621,46.49103080060125],[-0.182375380499435,46.491019315219695],[-0.182537376384224,46.49122387788825],[-0.182675916996408,46.49174180417792],[-0.182396173637483,46.49202355509093],[-0.1800860634037,46.49369107110599],[-0.179663828221247,46.49410294529492],[-0.179751532117594,46.49435373682416],[-0.179332660133417,46.494599698634495],[-0.17917440450503,46.49461581688547],[-0.177554813249003,46.496066704592735],[-0.176427063923776,46.49671085900958],[-0.176119584213219,46.497122232291076],[-0.175507658403839,46.49938587632729],[-0.175473962205197,46.500061795314174],[-0.174973640354001,46.50052358147701],[-0.171825223817371,46.50288827689516],[-0.171833091291789,46.50306829382397],[-0.172363624018598,46.50328156687266],[-0.172435326716588,46.50341475310995],[-0.172002716698029,46.5039197037625],[-0.172917708632385,46.503988929756936],[-0.173184968536801,46.5041184888866],[-0.173350344803596,46.50462756815129],[-0.173710783241223,46.50469866608992],[-0.174002052579211,46.505083491032515],[-0.174543232630071,46.50525500484714],[-0.174957093445055,46.505302085772165],[-0.175474796340834,46.505697739513714],[-0.175820342260088,46.50578186130386],[-0.175385867610825,46.50659057350477],[-0.174519288316261,46.50759963137332],[-0.174463261662836,46.50778052159024],[-0.175134712614453,46.50821606486169],[-0.175272954384889,46.508393361246156],[-0.174520954808917,46.509039665533045],[-0.174412897848633,46.509358078295726],[-0.174970717922985,46.509747213831865],[-0.175169688245194,46.51038422607446],[-0.176041467662296,46.511613544104755],[-0.176080695064008,46.5118386495931],[-0.175096688017113,46.512491402184864],[-0.174894317324964,46.512781794710314],[-0.173729941603987,46.513363845154124],[-0.172407823654971,46.51386014319988],[-0.172860352799135,46.51542193663524],[-0.171805273041034,46.51581979551506],[-0.172225934786023,46.516228971848065],[-0.172476747559567,46.51679245530742],[-0.172984860661385,46.51812020270143],[-0.172943248161774,46.518616102398255],[-0.172349976751305,46.518493785577725],[-0.172145235812923,46.518273271989685],[-0.171949682423906,46.51827779666745],[-0.170469968234983,46.51871535840343],[-0.170016255632995,46.51877029503781],[-0.16965892519748,46.518103421699614],[-0.16842556774588,46.518220518112706],[-0.167592704759841,46.519949515786706],[-0.167470388255918,46.52045035140718],[-0.16781496898936,46.52051650272432]]]]}}]}